591.0 203.0 619.0 203.0 619.0 273.0 591.0 273.0
588.9837646484375 205.80322265625 617.8324489593506 205.80322265625 617.8324489593506 274.94447326660156 588.9837646484375 274.94447326660156
585.7428588867188 204.0469970703125 613.731424331665 204.0469970703125 613.731424331665 272.2381134033203 585.7428588867188 272.2381134033203
584.3674926757812 205.6815185546875 611.9626922607422 205.6815185546875 611.9626922607422 274.66951751708984 584.3674926757812 274.66951751708984
581.65625 205.0770263671875 609.1377716064453 205.0770263671875 609.1377716064453 273.7808303833008 581.65625 273.7808303833008
580.9415283203125 205.3446807861328 608.3923225402832 205.3446807861328 608.3923225402832 273.97166442871094 580.9415283203125 273.97166442871094
576.7413330078125 203.94070434570312 604.4337673187256 203.94070434570312 604.4337673187256 273.1717834472656 576.7413330078125 273.1717834472656
574.96142578125 201.9916229248047 603.1327362060547 201.9916229248047 603.1327362060547 272.4198913574219 574.96142578125 272.4198913574219
574.7354736328125 203.59622192382812 602.9097843170166 203.59622192382812 602.9097843170166 274.03199005126953 574.7354736328125 274.03199005126953
571.0193481445312 204.07151794433594 598.6810092926025 204.07151794433594 598.6810092926025 273.2256622314453 571.0193481445312 273.2256622314453
570.3720092773438 204.9007110595703 597.6287593841553 204.9007110595703 597.6287593841553 273.0425796508789 570.3720092773438 273.0425796508789
568.2332763671875 205.5030517578125 596.1589298248291 205.5030517578125 596.1589298248291 273.1974334716797 568.2332763671875 273.1974334716797
566.4321899414062 205.64840698242188 594.3962059020996 205.64840698242188 594.3962059020996 275.0074920654297 566.4321899414062 275.0074920654297
564.7404174804688 203.11766052246094 592.2610282897949 203.11766052246094 592.2610282897949 272.04903411865234 564.7404174804688 272.04903411865234
562.5228881835938 201.61160278320312 590.1847686767578 201.61160278320312 590.1847686767578 270.76629638671875 562.5228881835938 270.76629638671875
560.6517944335938 202.94139099121094 588.3466606140137 202.94139099121094 588.3466606140137 271.9078674316406 560.6517944335938 271.9078674316406
560.3104248046875 202.2736358642578 587.7284049987793 202.2736358642578 587.7284049987793 271.8799133300781 560.3104248046875 271.8799133300781
557.00732421875 203.640380859375 584.5972709655762 203.640380859375 584.5972709655762 272.5138854980469 557.00732421875 272.5138854980469
556.78662109375 204.479736328125 584.2141571044922 204.479736328125 584.2141571044922 272.47023010253906 556.78662109375 272.47023010253906
554.9256591796875 203.8286590576172 582.8375091552734 203.8286590576172 582.8375091552734 273.28759765625 554.9256591796875 273.28759765625
551.1820068359375 203.6219940185547 579.9355373382568 203.6219940185547 579.9355373382568 270.10584259033203 551.1820068359375 270.10584259033203
550.64990234375 202.83419799804688 578.5339622497559 202.83419799804688 578.5339622497559 270.52342224121094 550.64990234375 270.52342224121094
547.9224853515625 201.57958984375 577.5318050384521 201.57958984375 577.5318050384521 270.72776794433594 547.9224853515625 270.72776794433594
548.5980224609375 201.57350158691406 577.6004829406738 201.57350158691406 577.6004829406738 274.0796432495117 548.5980224609375 274.0796432495117
545.358154296875 199.67666625976562 574.2572231292725 199.67666625976562 574.2572231292725 269.3975067138672 545.358154296875 269.3975067138672
544.0764770507812 195.11781311035156 573.6566352844238 195.11781311035156 573.6566352844238 269.0682067871094 544.0764770507812 269.0682067871094
541.5569458007812 199.5952606201172 572.1991920471191 199.5952606201172 572.1991920471191 272.6970520019531 541.5569458007812 272.6970520019531
539.2929077148438 202.23239135742188 568.8881340026855 202.23239135742188 568.8881340026855 271.4518127441406 539.2929077148438 271.4518127441406
537.9930419921875 203.12158203125 567.9209785461426 203.12158203125 567.9209785461426 271.8627243041992 537.9930419921875 271.8627243041992
536.927001953125 202.72396850585938 567.6105403900146 202.72396850585938 567.6105403900146 271.1332550048828 536.927001953125 271.1332550048828
535.5950317382812 201.34410095214844 565.5282592773438 201.34410095214844 565.5282592773438 268.96356201171875 535.5950317382812 268.96356201171875
535.7651977539062 198.48568725585938 565.9482002258301 198.48568725585938 565.9482002258301 271.25980377197266 535.7651977539062 271.25980377197266
532.9205322265625 200.68556213378906 563.3061943054199 200.68556213378906 563.3061943054199 267.4152526855469 532.9205322265625 267.4152526855469
532.6461791992188 198.21224975585938 561.6170711517334 198.21224975585938 561.6170711517334 268.0009765625 532.6461791992188 268.0009765625
531.7443237304688 198.27001953125 561.1239280700684 198.27001953125 561.1239280700684 269.5136260986328 531.7443237304688 269.5136260986328
531.2199096679688 199.6501922607422 559.2170009613037 199.6501922607422 559.2170009613037 268.54711151123047 531.2199096679688 268.54711151123047
528.2630615234375 198.9997100830078 557.1801872253418 198.9997100830078 557.1801872253418 267.57315826416016 528.2630615234375 267.57315826416016
526.6810302734375 200.445556640625 555.5316371917725 200.445556640625 555.5316371917725 267.2217559814453 526.6810302734375 267.2217559814453
526.0794677734375 201.32656860351562 553.7453708648682 201.32656860351562 553.7453708648682 266.47007751464844 526.0794677734375 266.47007751464844
523.7896728515625 198.06710815429688 552.5202369689941 198.06710815429688 552.5202369689941 265.1285400390625 523.7896728515625 265.1285400390625
522.1510620117188 200.82431030273438 552.1601009368896 200.82431030273438 552.1601009368896 266.20372772216797 522.1510620117188 266.20372772216797
519.8755493164062 198.9579315185547 549.3026027679443 198.9579315185547 549.3026027679443 265.146240234375 519.8755493164062 265.146240234375
520.1716918945312 197.2841796875 548.3144283294678 197.2841796875 548.3144283294678 265.435791015625 520.1716918945312 265.435791015625
517.7498779296875 197.1984100341797 545.9602298736572 197.1984100341797 545.9602298736572 262.07745361328125 517.7498779296875 262.07745361328125
517.1087646484375 200.19674682617188 544.7167625427246 200.19674682617188 544.7167625427246 267.87462615966797 517.1087646484375 267.87462615966797
514.9056396484375 199.41378784179688 542.3138732910156 199.41378784179688 542.3138732910156 265.8096923828125 514.9056396484375 265.8096923828125
513.6377563476562 200.0703887939453 541.373218536377 200.0703887939453 541.373218536377 265.61019134521484 513.6377563476562 265.61019134521484
511.673095703125 201.0779266357422 539.3517875671387 201.0779266357422 539.3517875671387 266.36190032958984 511.673095703125 266.36190032958984
510.921875 200.00424194335938 538.1001319885254 200.00424194335938 538.1001319885254 263.0791816711426 510.921875 263.0791816711426
509.1576232910156 196.12083435058594 536.851490020752 196.12083435058594 536.851490020752 260.5736770629883 509.1576232910156 260.5736770629883
507.281494140625 196.42723083496094 534.7010860443115 196.42723083496094 534.7010860443115 261.75376892089844 507.281494140625 261.75376892089844
506.32342529296875 197.80905151367188 532.6765174865723 197.80905151367188 532.6765174865723 260.63648223876953 506.32342529296875 260.63648223876953
504.1536560058594 196.09652709960938 531.074239730835 196.09652709960938 531.074239730835 261.2763214111328 504.1536560058594 261.2763214111328
502.5638122558594 195.2113494873047 529.4035587310791 195.2113494873047 529.4035587310791 261.4806823730469 502.5638122558594 261.4806823730469
501.6224670410156 195.6549835205078 529.2984371185303 195.6549835205078 529.2984371185303 261.87122344970703 501.6224670410156 261.87122344970703
499.813720703125 195.73104858398438 527.0696315765381 195.73104858398438 527.0696315765381 259.4495429992676 499.813720703125 259.4495429992676
497.003173828125 196.2450408935547 525.8326053619385 196.2450408935547 525.8326053619385 260.2142868041992 497.003173828125 260.2142868041992
495.86529541015625 196.95413208007812 523.8322849273682 196.95413208007812 523.8322849273682 259.2229194641113 495.86529541015625 259.2229194641113
493.87615966796875 196.34063720703125 521.292293548584 196.34063720703125 521.292293548584 257.6516647338867 493.87615966796875 257.6516647338867
492.26812744140625 196.18142700195312 519.6310386657715 196.18142700195312 519.6310386657715 260.1179733276367 492.26812744140625 260.1179733276367
491.1061096191406 197.1468963623047 518.8311157226562 197.1468963623047 518.8311157226562 258.37728118896484 491.1061096191406 258.37728118896484
490.5147399902344 194.6208038330078 516.8418064117432 194.6208038330078 516.8418064117432 258.44067764282227 490.5147399902344 258.44067764282227
488.2549743652344 194.6116180419922 515.2189083099365 194.6116180419922 515.2189083099365 260.1895065307617 488.2549743652344 260.1895065307617
486.99273681640625 195.93972778320312 514.5021877288818 195.93972778320312 514.5021877288818 260.4267044067383 486.99273681640625 260.4267044067383
484.50677490234375 194.94894409179688 513.5138759613037 194.94894409179688 513.5138759613037 260.4855422973633 484.50677490234375 260.4855422973633
483.6341857910156 195.12255859375 511.4494743347168 195.12255859375 511.4494743347168 258.9010925292969 483.6341857910156 258.9010925292969
482.2604064941406 192.9059600830078 509.5900077819824 192.9059600830078 509.5900077819824 256.72293853759766 482.2604064941406 256.72293853759766
481.27447509765625 193.44491577148438 508.944637298584 193.44491577148438 508.944637298584 257.63360595703125 481.27447509765625 257.63360595703125
480.27862548828125 191.82012939453125 506.7569274902344 191.82012939453125 506.7569274902344 253.85099029541016 480.27862548828125 253.85099029541016
478.5870666503906 193.21559143066406 503.90592765808105 193.21559143066406 503.90592765808105 256.58642196655273 478.5870666503906 256.58642196655273
477.764892578125 190.78244018554688 503.0262203216553 190.78244018554688 503.0262203216553 257.13184356689453 477.764892578125 257.13184356689453
476.3661193847656 191.6728515625 501.5193061828613 191.6728515625 501.5193061828613 256.4969024658203 476.3661193847656 256.4969024658203
475.04736328125 192.06698608398438 500.1669692993164 192.06698608398438 500.1669692993164 256.62242889404297 475.04736328125 256.62242889404297
472.6973571777344 191.75868225097656 498.5171928405762 191.75868225097656 498.5171928405762 255.17334747314453 472.6973571777344 255.17334747314453
471.37841796875 194.1447296142578 496.4213104248047 194.1447296142578 496.4213104248047 255.4480743408203 471.37841796875 255.4480743408203
469.7698669433594 193.030029296875 495.77210998535156 193.030029296875 495.77210998535156 255.64650344848633 469.7698669433594 255.64650344848633
467.2938537597656 193.72607421875 494.39483642578125 193.72607421875 494.39483642578125 255.60773849487305 467.2938537597656 255.60773849487305
465.11865234375 190.3057861328125 492.79040908813477 190.3057861328125 492.79040908813477 254.50165557861328 465.11865234375 254.50165557861328
465.20465087890625 191.98727416992188 491.30539894104004 191.98727416992188 491.30539894104004 254.77061080932617 465.20465087890625 254.77061080932617
463.87017822265625 191.76025390625 489.2108917236328 191.76025390625 489.2108917236328 254.21699905395508 463.87017822265625 254.21699905395508
462.1285705566406 191.7069091796875 488.8416748046875 191.7069091796875 488.8416748046875 254.9242935180664 462.1285705566406 254.9242935180664
461.2325134277344 191.34414672851562 487.4275722503662 191.34414672851562 487.4275722503662 255.53437042236328 461.2325134277344 255.53437042236328
460.203857421875 192.7673797607422 485.91382217407227 192.7673797607422 485.91382217407227 256.00928497314453 460.203857421875 256.00928497314453
459.3515625 192.09658813476562 485.2285346984863 192.09658813476562 485.2285346984863 255.63102340698242 459.3515625 255.63102340698242
457.6455993652344 191.5412139892578 483.31999588012695 191.5412139892578 483.31999588012695 253.81666564941406 457.6455993652344 253.81666564941406
456.63616943359375 191.60324096679688 482.6134796142578 191.60324096679688 482.6134796142578 253.52005004882812 456.63616943359375 253.52005004882812
455.85064697265625 190.03140258789062 481.6745357513428 190.03140258789062 481.6745357513428 252.91963958740234 455.85064697265625 252.91963958740234
455.15899658203125 188.43927001953125 479.6325874328613 188.43927001953125 479.6325874328613 252.40176391601562 455.15899658203125 252.40176391601562
454.62255859375 188.1080322265625 478.9309673309326 188.1080322265625 478.9309673309326 252.9796600341797 454.62255859375 252.9796600341797
453.5909118652344 187.58389282226562 478.37512588500977 187.58389282226562 478.37512588500977 253.72997283935547 453.5909118652344 253.72997283935547
451.95831298828125 189.5876007080078 476.51512718200684 189.5876007080078 476.51512718200684 253.44219207763672 451.95831298828125 253.44219207763672
449.9937438964844 188.1974639892578 476.18614768981934 188.1974639892578 476.18614768981934 252.52435302734375 449.9937438964844 252.52435302734375
449.42303466796875 189.29913330078125 474.3306770324707 189.29913330078125 474.3306770324707 252.4795150756836 449.42303466796875 252.4795150756836
448.40362548828125 189.12916564941406 473.15643882751465 189.12916564941406 473.15643882751465 252.6760597229004 448.40362548828125 252.6760597229004
445.80291748046875 191.1689453125 471.774377822876 191.1689453125 471.774377822876 251.66592407226562 445.80291748046875 251.66592407226562
444.90625 189.26344299316406 470.5987949371338 189.26344299316406 470.5987949371338 251.57797622680664 444.90625 251.57797622680664
444.90948486328125 188.87197875976562 469.6225814819336 188.87197875976562 469.6225814819336 250.04050827026367 444.90948486328125 250.04050827026367
443.9427185058594 185.35638427734375 469.5971031188965 185.35638427734375 469.5971031188965 248.56078338623047 443.9427185058594 248.56078338623047
441.8974609375 185.75588989257812 468.1168212890625 185.75588989257812 468.1168212890625 247.9892692565918 441.8974609375 247.9892692565918
441.0209045410156 186.6697235107422 467.0331172943115 186.6697235107422 467.0331172943115 249.91087341308594 441.0209045410156 249.91087341308594
440.37530517578125 187.56912231445312 465.9375171661377 187.56912231445312 465.9375171661377 249.9925765991211 440.37530517578125 249.9925765991211
439.24853515625 188.27493286132812 463.9063663482666 188.27493286132812 463.9063663482666 251.68762969970703 439.24853515625 251.68762969970703
437.6170349121094 187.62448120117188 463.2371520996094 187.62448120117188 463.2371520996094 249.51422882080078 437.6170349121094 249.51422882080078
438.16876220703125 187.98556518554688 463.712703704834 187.98556518554688 463.712703704834 249.88701629638672 438.16876220703125 249.88701629638672
436.36383056640625 184.7266387939453 461.70409965515137 184.7266387939453 461.70409965515137 248.0272979736328 436.36383056640625 248.0272979736328
435.22515869140625 185.3450927734375 459.6457099914551 185.3450927734375 459.6457099914551 247.26593017578125 435.22515869140625 247.26593017578125
434.22784423828125 182.9419403076172 459.4161128997803 182.9419403076172 459.4161128997803 246.8928680419922 434.22784423828125 246.8928680419922
434.265869140625 183.38546752929688 458.9878330230713 183.38546752929688 458.9878330230713 248.22777557373047 434.265869140625 248.22777557373047
433.17120361328125 183.84951782226562 458.37122535705566 183.84951782226562 458.37122535705566 248.5180206298828 433.17120361328125 248.5180206298828
432.07037353515625 183.99981689453125 457.45700454711914 183.99981689453125 457.45700454711914 249.68832397460938 432.07037353515625 249.68832397460938
430.798583984375 185.18568420410156 457.32404708862305 185.18568420410156 457.32404708862305 249.96456909179688 430.798583984375 249.96456909179688
429.8321228027344 183.03427124023438 454.91708183288574 183.03427124023438 454.91708183288574 247.41494750976562 429.8321228027344 247.41494750976562
428.5892028808594 184.2300262451172 453.5536193847656 184.2300262451172 453.5536193847656 247.76729583740234 428.5892028808594 247.76729583740234
428.1751403808594 183.8341827392578 452.79959869384766 183.8341827392578 452.79959869384766 246.4650421142578 428.1751403808594 246.4650421142578
426.3465270996094 182.41397094726562 451.65972900390625 182.41397094726562 451.65972900390625 244.575439453125 426.3465270996094 244.575439453125
425.46466064453125 183.3636932373047 450.96123123168945 183.3636932373047 450.96123123168945 244.8707618713379 425.46466064453125 244.8707618713379
425.197265625 183.42153930664062 450.49037742614746 183.42153930664062 450.49037742614746 243.85964965820312 425.197265625 243.85964965820312
424.058349609375 185.0509033203125 450.0151557922363 185.0509033203125 450.0151557922363 246.38541793823242 424.058349609375 246.38541793823242
423.7134704589844 184.3894805908203 448.815221786499 184.3894805908203 448.815221786499 244.1475601196289 423.7134704589844 244.1475601196289
422.2300720214844 186.5435028076172 447.88862228393555 186.5435028076172 447.88862228393555 246.3159637451172 422.2300720214844 246.3159637451172
422.26654052734375 186.3939208984375 447.6422176361084 186.3939208984375 447.6422176361084 246.78507614135742 422.26654052734375 246.78507614135742
422.08819580078125 185.22030639648438 446.88327980041504 185.22030639648438 446.88327980041504 244.84074783325195 422.08819580078125 244.84074783325195
422.00048828125 182.184814453125 446.0559902191162 182.184814453125 446.0559902191162 244.238525390625 422.00048828125 244.238525390625
420.48931884765625 183.28515625 445.4420509338379 183.28515625 445.4420509338379 244.4776382446289 420.48931884765625 244.4776382446289
421.0975646972656 183.3938446044922 444.9674587249756 183.3938446044922 444.9674587249756 243.1777687072754 421.0975646972656 243.1777687072754
420.53228759765625 184.23086547851562 443.7351932525635 184.23086547851562 443.7351932525635 244.26262664794922 420.53228759765625 244.26262664794922
419.2386779785156 181.5174102783203 443.0364170074463 181.5174102783203 443.0364170074463 244.83484649658203 419.2386779785156 244.83484649658203
418.433349609375 184.0966339111328 442.0166263580322 184.0966339111328 442.0166263580322 245.4635887145996 418.433349609375 245.4635887145996
417.96368408203125 184.3285675048828 440.9903507232666 184.3285675048828 440.9903507232666 245.87820053100586 417.96368408203125 245.87820053100586
417.2977600097656 182.83102416992188 440.74450302124023 182.83102416992188 440.74450302124023 245.16141891479492 417.2977600097656 245.16141891479492
415.7351989746094 182.6126708984375 439.46031379699707 182.6126708984375 439.46031379699707 245.34807586669922 415.7351989746094 245.34807586669922
414.8855895996094 183.2685546875 438.3274898529053 183.2685546875 438.3274898529053 245.57098388671875 414.8855895996094 245.57098388671875
414.00201416015625 182.0085906982422 437.811071395874 182.0085906982422 437.811071395874 245.4438133239746 414.00201416015625 245.4438133239746
413.68072509765625 180.96517944335938 437.6995506286621 180.96517944335938 437.6995506286621 243.95649337768555 413.68072509765625 243.95649337768555
411.3568420410156 179.2866668701172 436.533504486084 179.2866668701172 436.533504486084 241.67492294311523 411.3568420410156 241.67492294311523
410.28228759765625 180.765869140625 435.2325019836426 180.765869140625 435.2325019836426 242.99786376953125 410.28228759765625 242.99786376953125
410.0127868652344 180.96774291992188 434.575252532959 180.96774291992188 434.575252532959 244.01111602783203 410.0127868652344 244.01111602783203
408.33831787109375 181.280029296875 433.33664321899414 181.280029296875 433.33664321899414 243.83241653442383 408.33831787109375 243.83241653442383
408.8058166503906 180.79779052734375 432.947208404541 180.79779052734375 432.947208404541 245.05917358398438 408.8058166503906 245.05917358398438
406.14453125 181.22561645507812 430.31190299987793 181.22561645507812 430.31190299987793 244.5604019165039 406.14453125 244.5604019165039
405.720703125 180.9642333984375 429.81078147888184 180.9642333984375 429.81078147888184 243.85498809814453 405.720703125 243.85498809814453
404.2261657714844 182.25875854492188 429.1645565032959 182.25875854492188 429.1645565032959 243.06119918823242 404.2261657714844 243.06119918823242
402.4967346191406 181.11151123046875 427.32616233825684 181.11151123046875 427.32616233825684 242.76778411865234 402.4967346191406 242.76778411865234
402.04412841796875 179.22802734375 426.86485481262207 179.22802734375 426.86485481262207 242.5559196472168 402.04412841796875 242.5559196472168
399.96746826171875 177.73910522460938 424.62146186828613 177.73910522460938 424.62146186828613 241.3550910949707 399.96746826171875 241.3550910949707
399.6478576660156 176.70726013183594 424.71076011657715 176.70726013183594 424.71076011657715 242.4593048095703 399.6478576660156 242.4593048095703
399.0752258300781 177.72824096679688 423.5317974090576 177.72824096679688 423.5317974090576 242.6205596923828 399.0752258300781 242.6205596923828
397.01416015625 177.4768524169922 422.3156795501709 177.4768524169922 422.3156795501709 243.5325927734375 397.01416015625 243.5325927734375
396.5752868652344 178.48171997070312 421.5925464630127 178.48171997070312 421.5925464630127 244.23068237304688 396.5752868652344 244.23068237304688
395.66363525390625 180.58267211914062 420.0890293121338 180.58267211914062 420.0890293121338 243.17859649658203 395.66363525390625 243.17859649658203
394.09552001953125 181.34523010253906 418.7060089111328 181.34523010253906 418.7060089111328 244.59252548217773 394.09552001953125 244.59252548217773
392.71697998046875 183.9859161376953 417.00273513793945 183.9859161376953 417.00273513793945 244.01465606689453 392.71697998046875 244.01465606689453
390.83221435546875 179.98507690429688 416.4506645202637 179.98507690429688 416.4506645202637 244.03277587890625 390.83221435546875 244.03277587890625
389.5021667480469 180.0484161376953 415.5747833251953 180.0484161376953 415.5747833251953 243.0864486694336 389.5021667480469 243.0864486694336
388.741455078125 180.5406036376953 414.29374504089355 180.5406036376953 414.29374504089355 241.53602600097656 388.741455078125 241.53602600097656
387.61541748046875 182.69606018066406 413.1144332885742 182.69606018066406 413.1144332885742 242.92678451538086 387.61541748046875 242.92678451538086
387.14959716796875 182.09683227539062 412.03382682800293 182.09683227539062 412.03382682800293 242.68936157226562 387.14959716796875 242.68936157226562
385.8438720703125 182.08340454101562 411.3529872894287 182.08340454101562 411.3529872894287 242.85475540161133 385.8438720703125 242.85475540161133
385.46063232421875 180.45132446289062 411.0859775543213 180.45132446289062 411.0859775543213 241.97650909423828 385.46063232421875 241.97650909423828
383.96441650390625 181.25827026367188 409.13381576538086 181.25827026367188 409.13381576538086 242.7985610961914 383.96441650390625 242.7985610961914
383.022216796875 184.75387573242188 407.4139804840088 184.75387573242188 407.4139804840088 242.54096603393555 383.022216796875 242.54096603393555
382.13360595703125 181.6503448486328 406.64867973327637 181.6503448486328 406.64867973327637 240.68273162841797 382.13360595703125 240.68273162841797
381.44757080078125 182.39559936523438 406.04200553894043 182.39559936523438 406.04200553894043 240.92823028564453 381.44757080078125 240.92823028564453
381.0489807128906 181.3693389892578 404.8680019378662 181.3693389892578 404.8680019378662 240.92690658569336 381.0489807128906 240.92690658569336
380.04510498046875 179.4254608154297 404.53972244262695 179.4254608154297 404.53972244262695 241.30150604248047 380.04510498046875 241.30150604248047
379.0738220214844 178.63360595703125 403.1420097351074 178.63360595703125 403.1420097351074 242.1982536315918 379.0738220214844 242.1982536315918
378.5278625488281 179.94937133789062 402.3762378692627 179.94937133789062 402.3762378692627 241.8057975769043 378.5278625488281 241.8057975769043
376.9535217285156 180.33126831054688 401.6930618286133 180.33126831054688 401.6930618286133 241.6977310180664 376.9535217285156 241.6977310180664
376.47393798828125 179.0208282470703 401.20952224731445 179.0208282470703 401.20952224731445 240.90672302246094 376.47393798828125 240.90672302246094
374.5559997558594 179.16061401367188 399.6380023956299 179.16061401367188 399.6380023956299 242.65775680541992 374.5559997558594 242.65775680541992
373.683837890625 176.42666625976562 398.53997230529785 176.42666625976562 398.53997230529785 240.8229751586914 373.683837890625 240.8229751586914
373.44244384765625 178.0819854736328 397.2909336090088 178.0819854736328 397.2909336090088 240.51004791259766 373.44244384765625 240.51004791259766
372.3014221191406 177.55352783203125 397.2291679382324 177.55352783203125 397.2291679382324 239.68830108642578 372.3014221191406 239.68830108642578
371.3445739746094 175.3925018310547 396.60192108154297 175.3925018310547 396.60192108154297 238.6631202697754 371.3445739746094 238.6631202697754
370.6319274902344 174.82516479492188 396.3291778564453 174.82516479492188 396.3291778564453 238.3022232055664 370.6319274902344 238.3022232055664
369.3226623535156 177.0474395751953 394.6513786315918 177.0474395751953 394.6513786315918 238.19046783447266 369.3226623535156 238.19046783447266
368.8395080566406 177.7121124267578 393.4642524719238 177.7121124267578 393.4642524719238 238.19615936279297 368.8395080566406 238.19615936279297
368.31597900390625 177.14064025878906 393.12146377563477 177.14064025878906 393.12146377563477 238.4922637939453 368.31597900390625 238.4922637939453
368.81439208984375 175.6255340576172 393.23251724243164 175.6255340576172 393.23251724243164 237.05224227905273 368.81439208984375 237.05224227905273
368.1871032714844 176.68496704101562 392.9693298339844 176.68496704101562 392.9693298339844 237.34874725341797 368.1871032714844 237.34874725341797
367.8671569824219 177.3396759033203 391.5081977844238 177.3396759033203 391.5081977844238 238.02344131469727 367.8671569824219 238.02344131469727
368.1192321777344 175.6873016357422 390.9700222015381 175.6873016357422 390.9700222015381 237.22057723999023 368.1192321777344 237.22057723999023
367.7547912597656 176.18850708007812 390.5636749267578 176.18850708007812 390.5636749267578 238.28176879882812 367.7547912597656 238.28176879882812
366.73809814453125 174.8373565673828 389.7610111236572 174.8373565673828 389.7610111236572 238.40583038330078 366.73809814453125 238.40583038330078
366.60980224609375 175.4199981689453 388.8754940032959 175.4199981689453 388.8754940032959 238.7641143798828 366.60980224609375 238.7641143798828
364.9651184082031 173.6103973388672 388.9193458557129 173.6103973388672 388.9193458557129 238.3756103515625 364.9651184082031 238.3756103515625
364.8639831542969 174.70379638671875 387.8151092529297 174.70379638671875 387.8151092529297 237.95365142822266 364.8639831542969 237.95365142822266
364.13311767578125 175.09072875976562 387.009822845459 175.09072875976562 387.009822845459 236.81056594848633 364.13311767578125 236.81056594848633
363.64886474609375 175.34182739257812 386.8438320159912 175.34182739257812 386.8438320159912 236.22402954101562 363.64886474609375 236.22402954101562
363.88348388671875 174.69931030273438 386.9786491394043 174.69931030273438 386.9786491394043 234.78436279296875 363.88348388671875 234.78436279296875
363.517578125 174.32406616210938 386.2807502746582 174.32406616210938 386.2807502746582 234.35108184814453 363.517578125 234.35108184814453
363.13702392578125 175.6497039794922 385.97570419311523 175.6497039794922 385.97570419311523 234.67960357666016 363.13702392578125 234.67960357666016
362.1533203125 174.61456298828125 385.8394966125488 174.61456298828125 385.8394966125488 233.97209930419922 362.1533203125 233.97209930419922
362.86822509765625 172.5614471435547 387.12897872924805 172.5614471435547 387.12897872924805 233.9873809814453 362.86822509765625 233.9873809814453
362.42864990234375 174.547607421875 386.65078353881836 174.547607421875 386.65078353881836 234.53905487060547 362.42864990234375 234.53905487060547
362.32220458984375 174.39114379882812 385.6335029602051 174.39114379882812 385.6335029602051 233.81519317626953 362.32220458984375 233.81519317626953
362.80572509765625 174.83389282226562 385.531400680542 174.83389282226562 385.531400680542 234.42470169067383 362.80572509765625 234.42470169067383
364.17340087890625 176.48294067382812 385.784236907959 176.48294067382812 385.784236907959 236.23532104492188 364.17340087890625 236.23532104492188
363.6231384277344 174.29766845703125 385.86766052246094 174.29766845703125 385.86766052246094 234.95480346679688 363.6231384277344 234.95480346679688
363.489013671875 172.1337890625 386.1935329437256 172.1337890625 386.1935329437256 234.46078491210938 363.489013671875 234.46078491210938
363.1209411621094 170.68594360351562 386.3077697753906 170.68594360351562 386.3077697753906 234.15676879882812 363.1209411621094 234.15676879882812
363.86920166015625 172.179443359375 386.6950263977051 172.179443359375 386.6950263977051 233.30366897583008 363.86920166015625 233.30366897583008
363.2586975097656 172.73167419433594 386.02146911621094 172.73167419433594 386.02146911621094 234.1659812927246 363.2586975097656 234.1659812927246
362.78662109375 172.6942138671875 385.64743423461914 172.6942138671875 385.64743423461914 233.41129684448242 362.78662109375 233.41129684448242
363.0942687988281 174.22476196289062 386.067834854126 174.22476196289062 386.067834854126 232.96468353271484 363.0942687988281 232.96468353271484
363.03570556640625 175.1536865234375 385.3614921569824 175.1536865234375 385.3614921569824 232.7004280090332 363.03570556640625 232.7004280090332
363.30157470703125 174.61837768554688 385.4759941101074 174.61837768554688 385.4759941101074 232.3635025024414 363.30157470703125 232.3635025024414
363.8598937988281 171.8517608642578 386.44918060302734 171.8517608642578 386.44918060302734 230.8122100830078 363.8598937988281 230.8122100830078
363.39825439453125 172.10638427734375 385.5745334625244 172.10638427734375 385.5745334625244 231.12883758544922 363.39825439453125 231.12883758544922
362.7518005371094 171.10498046875 385.3168067932129 171.10498046875 385.3168067932129 230.45285034179688 362.7518005371094 230.45285034179688
364.1944885253906 170.18966674804688 386.298885345459 170.18966674804688 386.298885345459 232.484130859375 364.1944885253906 232.484130859375
364.178466796875 171.8016815185547 386.7403049468994 171.8016815185547 386.7403049468994 232.66479110717773 364.178466796875 232.66479110717773
363.0346374511719 172.6890411376953 385.5650100708008 172.6890411376953 385.5650100708008 232.49988555908203 363.0346374511719 232.49988555908203
364.56304931640625 172.8512725830078 386.02672386169434 172.8512725830078 386.02672386169434 231.9275131225586 364.56304931640625 231.9275131225586
364.62255859375 174.0240936279297 386.31743240356445 174.0240936279297 386.31743240356445 232.5805435180664 364.62255859375 232.5805435180664
365.99664306640625 170.7528076171875 387.7179775238037 170.7528076171875 387.7179775238037 230.5556755065918 365.99664306640625 230.5556755065918
366.41070556640625 169.4060516357422 388.2743949890137 169.4060516357422 388.2743949890137 230.06378936767578 366.41070556640625 230.06378936767578
366.9602355957031 171.89273071289062 388.31603050231934 171.89273071289062 388.31603050231934 230.15778350830078 366.9602355957031 230.15778350830078
367.38665771484375 170.382080078125 388.6235771179199 170.382080078125 388.6235771179199 230.8007583618164 367.38665771484375 230.8007583618164
367.3536682128906 169.9191131591797 388.78671073913574 169.9191131591797 388.78671073913574 231.11181259155273 367.3536682128906 231.11181259155273
367.05487060546875 169.77508544921875 389.05436515808105 169.77508544921875 389.05436515808105 230.1718864440918 367.05487060546875 230.1718864440918
367.19537353515625 170.2600860595703 389.41806411743164 170.2600860595703 389.41806411743164 229.70323944091797 367.19537353515625 229.70323944091797
367.642578125 170.82846069335938 389.41069412231445 170.82846069335938 389.41069412231445 228.88583374023438 367.642578125 228.88583374023438
366.5434875488281 171.27975463867188 389.5423583984375 171.27975463867188 389.5423583984375 228.36055374145508 366.5434875488281 228.36055374145508
367.40069580078125 171.85525512695312 389.68548011779785 171.85525512695312 389.68548011779785 227.62410736083984 367.40069580078125 227.62410736083984
368.2869567871094 172.30252075195312 389.7476234436035 172.30252075195312 389.7476234436035 227.6792984008789 368.2869567871094 227.6792984008789
367.80291748046875 170.65542602539062 389.3984127044678 170.65542602539062 389.3984127044678 227.85342407226562 367.80291748046875 227.85342407226562
367.2850036621094 169.38400268554688 389.5012722015381 169.38400268554688 389.5012722015381 226.03207397460938 367.2850036621094 226.03207397460938
367.9052734375 171.27247619628906 389.12887954711914 171.27247619628906 389.12887954711914 228.5081329345703 367.9052734375 228.5081329345703
367.4559020996094 171.25503540039062 389.21272468566895 171.25503540039062 389.21272468566895 226.6836166381836 367.4559020996094 226.6836166381836
367.7130126953125 170.7599334716797 389.2256336212158 170.7599334716797 389.2256336212158 226.8917999267578 367.7130126953125 226.8917999267578
367.73876953125 171.32345581054688 389.8940315246582 171.32345581054688 389.8940315246582 226.4156723022461 367.73876953125 226.4156723022461
368.8272399902344 172.48687744140625 390.2055778503418 172.48687744140625 390.2055778503418 227.45851516723633 368.8272399902344 227.45851516723633
368.9454650878906 170.67062377929688 389.9256229400635 170.67062377929688 389.9256229400635 226.94221878051758 368.9454650878906 226.94221878051758
369.2029724121094 168.13235473632812 390.9937992095947 168.13235473632812 390.9937992095947 227.06668853759766 369.2029724121094 227.06668853759766
368.4023742675781 167.17575073242188 390.4404697418213 167.17575073242188 390.4404697418213 225.49160766601562 368.4023742675781 225.49160766601562
368.59259033203125 167.72686767578125 390.6275215148926 167.72686767578125 390.6275215148926 225.4047966003418 368.59259033203125 225.4047966003418
368.5570068359375 168.10377502441406 389.7236385345459 168.10377502441406 389.7236385345459 225.7190818786621 368.5570068359375 225.7190818786621
367.808837890625 167.93882751464844 389.8916816711426 167.93882751464844 389.8916816711426 226.5539093017578 367.808837890625 226.5539093017578
367.2930908203125 168.79673767089844 389.66599464416504 168.79673767089844 389.66599464416504 227.64617538452148 367.2930908203125 227.64617538452148
367.1138916015625 169.69650268554688 388.81164932250977 169.69650268554688 388.81164932250977 227.6661376953125 367.1138916015625 227.6661376953125
367.1747131347656 168.90359497070312 389.9108009338379 168.90359497070312 389.9108009338379 227.84804153442383 367.1747131347656 227.84804153442383
366.1229553222656 168.86087036132812 388.05481147766113 168.86087036132812 388.05481147766113 226.29821014404297 366.1229553222656 226.29821014404297
365.7715148925781 169.4989013671875 388.0534248352051 169.4989013671875 388.0534248352051 225.65274810791016 365.7715148925781 225.65274810791016
365.18280029296875 170.25503540039062 387.816614151001 170.25503540039062 387.816614151001 225.02813720703125 365.18280029296875 225.02813720703125
365.1246643066406 168.24575805664062 387.7165641784668 168.24575805664062 387.7165641784668 224.92713165283203 365.1246643066406 224.92713165283203
364.4848937988281 168.5237579345703 387.49303817749023 168.5237579345703 387.49303817749023 225.66928482055664 364.4848937988281 225.66928482055664
363.6181640625 167.6292266845703 386.562463760376 167.6292266845703 386.562463760376 223.1240005493164 363.6181640625 223.1240005493164
363.6709899902344 168.2265625 386.47252464294434 168.2265625 386.47252464294434 224.6639404296875 363.6709899902344 224.6639404296875
363.5196838378906 167.58236694335938 386.54603576660156 167.58236694335938 386.54603576660156 225.25114059448242 363.5196838378906 225.25114059448242
362.8465576171875 166.52590942382812 385.85570335388184 166.52590942382812 385.85570335388184 223.4276237487793 362.8465576171875 223.4276237487793
362.7569274902344 166.9771270751953 385.04394721984863 166.9771270751953 385.04394721984863 223.97705841064453 362.7569274902344 223.97705841064453
361.2253723144531 165.0970001220703 384.5575466156006 165.0970001220703 384.5575466156006 222.78357315063477 361.2253723144531 222.78357315063477
361.389892578125 166.01876831054688 384.37975883483887 166.01876831054688 384.37975883483887 222.7666244506836 361.389892578125 222.7666244506836
362.21319580078125 166.36959838867188 383.5744209289551 166.36959838867188 383.5744209289551 223.19387817382812 362.21319580078125 223.19387817382812
361.4954528808594 166.38616943359375 381.9802436828613 166.38616943359375 381.9802436828613 223.91278839111328 361.4954528808594 223.91278839111328
360.3487548828125 165.84768676757812 382.0285453796387 165.84768676757812 382.0285453796387 223.38154220581055 360.3487548828125 223.38154220581055
359.59747314453125 166.69778442382812 380.9979591369629 166.69778442382812 380.9979591369629 223.00706100463867 359.59747314453125 223.00706100463867
358.6170959472656 166.8930206298828 380.05263900756836 166.8930206298828 380.05263900756836 223.20165634155273 358.6170959472656 223.20165634155273
358.4625244140625 166.75387573242188 379.96706771850586 166.75387573242188 379.96706771850586 223.1505241394043 358.4625244140625 223.1505241394043
356.64727783203125 166.96981811523438 378.542200088501 166.96981811523438 378.542200088501 222.83525466918945 356.64727783203125 222.83525466918945
356.10272216796875 167.1416778564453 377.53866958618164 167.1416778564453 377.53866958618164 221.95719146728516 356.10272216796875 221.95719146728516
354.90252685546875 164.4923095703125 377.0475387573242 164.4923095703125 377.0475387573242 219.65657424926758 354.90252685546875 219.65657424926758
354.0030822753906 164.56851196289062 375.9625015258789 164.56851196289062 375.9625015258789 219.85936737060547 354.0030822753906 219.85936737060547
353.208740234375 164.29983520507812 375.2324504852295 164.29983520507812 375.2324504852295 219.9063835144043 353.208740234375 219.9063835144043
352.17840576171875 165.3870086669922 374.4157829284668 165.3870086669922 374.4157829284668 221.96055603027344 352.17840576171875 221.96055603027344
351.7425842285156 166.35714721679688 373.7254390716553 166.35714721679688 373.7254390716553 223.17847442626953 351.7425842285156 223.17847442626953
351.5238342285156 164.55715942382812 373.99018478393555 164.55715942382812 373.99018478393555 221.87659454345703 351.5238342285156 221.87659454345703
350.03173828125 165.51731872558594 372.217737197876 165.51731872558594 372.217737197876 221.86703872680664 350.03173828125 221.86703872680664
349.4405212402344 163.8549346923828 371.34034729003906 163.8549346923828 371.34034729003906 220.9105987548828 349.4405212402344 220.9105987548828
348.22088623046875 162.3058319091797 371.03233528137207 162.3058319091797 371.03233528137207 219.42296600341797 348.22088623046875 219.42296600341797
346.61981201171875 162.11026000976562 369.9449272155762 162.11026000976562 369.9449272155762 218.4428939819336 346.61981201171875 218.4428939819336
346.75823974609375 163.03346252441406 369.142578125 163.03346252441406 369.142578125 219.0233612060547 346.75823974609375 219.0233612060547
346.0238342285156 162.59716796875 368.055814743042 162.59716796875 368.055814743042 218.52106475830078 346.0238342285156 218.52106475830078
345.6005859375 162.75381469726562 367.6453399658203 162.75381469726562 367.6453399658203 220.005615234375 345.6005859375 220.005615234375
343.72296142578125 161.72572326660156 366.3982677459717 161.72572326660156 366.3982677459717 219.1161880493164 343.72296142578125 219.1161880493164
342.78045654296875 161.63880920410156 364.27063369750977 161.63880920410156 364.27063369750977 218.20592498779297 342.78045654296875 218.20592498779297
341.4742126464844 161.80577087402344 363.8483772277832 161.80577087402344 363.8483772277832 219.21994400024414 341.4742126464844 219.21994400024414
339.9422302246094 159.7656707763672 363.06936836242676 159.7656707763672 363.06936836242676 217.7402801513672 339.9422302246094 217.7402801513672
338.23114013671875 159.1865692138672 361.32659912109375 159.1865692138672 361.32659912109375 217.40563583374023 338.23114013671875 217.40563583374023
338.5428771972656 159.56582641601562 362.1952877044678 159.56582641601562 362.1952877044678 218.42795944213867 338.5428771972656 218.42795944213867
337.06158447265625 159.67526245117188 360.56484603881836 159.67526245117188 360.56484603881836 216.57177734375 337.06158447265625 216.57177734375
336.0725402832031 158.90817260742188 359.7420539855957 158.90817260742188 359.7420539855957 216.95730590820312 336.0725402832031 216.95730590820312
335.9010314941406 158.82383728027344 359.68675994873047 158.82383728027344 359.68675994873047 216.32556915283203 335.9010314941406 216.32556915283203
334.68267822265625 160.96630859375 357.9459686279297 160.96630859375 357.9459686279297 217.84931182861328 334.68267822265625 217.84931182861328
334.0000915527344 164.76171875 356.4025535583496 164.76171875 356.4025535583496 220.72583770751953 334.0000915527344 220.72583770751953
333.1497497558594 163.1781463623047 355.4581661224365 163.1781463623047 355.4581661224365 218.63080596923828 333.1497497558594 218.63080596923828
331.9515380859375 163.70913696289062 354.3893394470215 163.70913696289062 354.3893394470215 219.11359405517578 331.9515380859375 219.11359405517578
331.52569580078125 163.2835693359375 353.6985893249512 163.2835693359375 353.6985893249512 217.17867279052734 331.52569580078125 217.17867279052734
330.12420654296875 163.2228546142578 352.1212787628174 163.2228546142578 352.1212787628174 217.5270118713379 330.12420654296875 217.5270118713379
329.41680908203125 162.23959350585938 351.09837341308594 162.23959350585938 351.09837341308594 214.97486114501953 329.41680908203125 214.97486114501953
329.54705810546875 162.0219268798828 351.40867042541504 162.0219268798828 351.40867042541504 216.4255828857422 329.54705810546875 216.4255828857422
327.19610595703125 162.77984619140625 349.21512603759766 162.77984619140625 349.21512603759766 217.4114990234375 327.19610595703125 217.4114990234375
326.0951232910156 161.7795867919922 348.37559700012207 161.7795867919922 348.37559700012207 215.71741485595703 326.0951232910156 215.71741485595703
325.9258728027344 160.3444366455078 348.42891120910645 160.3444366455078 348.42891120910645 215.88312149047852 325.9258728027344 215.88312149047852
323.98529052734375 160.29190063476562 346.5684471130371 160.29190063476562 346.5684471130371 216.5840950012207 323.98529052734375 216.5840950012207
323.7825927734375 160.6267547607422 345.98259353637695 160.6267547607422 345.98259353637695 216.06531524658203 323.7825927734375 216.06531524658203
320.7557067871094 160.7191925048828 342.7379913330078 160.7191925048828 342.7379913330078 215.40951919555664 320.7557067871094 215.40951919555664
320.7723083496094 159.7745361328125 342.5733833312988 159.7745361328125 342.5733833312988 215.36339569091797 320.7723083496094 215.36339569091797
318.99383544921875 160.4301300048828 340.7555274963379 160.4301300048828 340.7555274963379 215.04528427124023 318.99383544921875 215.04528427124023
318.2857666015625 158.12191772460938 340.51867294311523 158.12191772460938 340.51867294311523 213.70429229736328 318.2857666015625 213.70429229736328
317.9346008300781 160.49696350097656 339.43454360961914 160.49696350097656 339.43454360961914 216.99990463256836 317.9346008300781 216.99990463256836
316.93341064453125 160.15963745117188 338.51060485839844 160.15963745117188 338.51060485839844 215.81443405151367 316.93341064453125 215.81443405151367
315.85076904296875 159.90682983398438 337.56697845458984 159.90682983398438 337.56697845458984 214.19721221923828 315.85076904296875 214.19721221923828
314.567138671875 159.81419372558594 335.2222442626953 159.81419372558594 335.2222442626953 214.79137802124023 314.567138671875 214.79137802124023
313.3233642578125 159.43643188476562 334.17678451538086 159.43643188476562 334.17678451538086 213.45101928710938 313.3233642578125 213.45101928710938
312.18902587890625 160.1350860595703 333.1506767272949 160.1350860595703 333.1506767272949 213.00989532470703 312.18902587890625 213.00989532470703
311.13665771484375 158.3123321533203 332.0529270172119 158.3123321533203 332.0529270172119 213.14644622802734 311.13665771484375 213.14644622802734
310.4888610839844 158.92971801757812 331.1261386871338 158.92971801757812 331.1261386871338 212.49859619140625 310.4888610839844 212.49859619140625
310.3959655761719 158.01644897460938 332.3762550354004 158.01644897460938 332.3762550354004 212.9670295715332 310.3959655761719 212.9670295715332
308.43505859375 158.08319091796875 329.9033317565918 158.08319091796875 329.9033317565918 214.0814208984375 308.43505859375 214.0814208984375
306.68328857421875 156.84149169921875 328.741397857666 156.84149169921875 328.741397857666 213.77560424804688 306.68328857421875 213.77560424804688
305.69110107421875 158.22158813476562 326.9546604156494 158.22158813476562 326.9546604156494 214.72404098510742 305.69110107421875 214.72404098510742
304.81103515625 157.08416748046875 325.7327003479004 157.08416748046875 325.7327003479004 214.41922760009766 304.81103515625 214.41922760009766
302.80126953125 157.3660430908203 324.6123294830322 157.3660430908203 324.6123294830322 213.7741928100586 302.80126953125 213.7741928100586
301.64422607421875 156.93374633789062 322.93023109436035 156.93374633789062 322.93023109436035 212.9332046508789 301.64422607421875 212.9332046508789
301.2829284667969 155.90927124023438 322.3541603088379 155.90927124023438 322.3541603088379 213.0670394897461 301.2829284667969 213.0670394897461
299.46417236328125 156.56216430664062 321.4382553100586 156.56216430664062 321.4382553100586 211.76441192626953 299.46417236328125 211.76441192626953
299.8904724121094 156.97537231445312 321.38746070861816 156.97537231445312 321.38746070861816 211.85990142822266 299.8904724121094 211.85990142822266
298.66180419921875 156.60372924804688 320.52197074890137 156.60372924804688 320.52197074890137 211.47432327270508 298.66180419921875 211.47432327270508
299.31378173828125 159.1953887939453 320.6834354400635 159.1953887939453 320.6834354400635 212.61939239501953 299.31378173828125 212.61939239501953
297.8586120605469 159.15916442871094 319.08745193481445 159.15916442871094 319.08745193481445 212.23113632202148 297.8586120605469 212.23113632202148
296.4593811035156 159.5414581298828 316.92213249206543 159.5414581298828 316.92213249206543 214.36317443847656 296.4593811035156 214.36317443847656
295.3237609863281 158.5463409423828 315.82322692871094 158.5463409423828 315.82322692871094 211.84357452392578 295.3237609863281 211.84357452392578
293.4454040527344 156.67788696289062 314.43825340270996 156.67788696289062 314.43825340270996 210.52766799926758 293.4454040527344 210.52766799926758
292.4067687988281 154.65707397460938 313.0932369232178 154.65707397460938 313.0932369232178 210.6021614074707 292.4067687988281 210.6021614074707
291.6463317871094 154.96371459960938 312.4065818786621 154.96371459960938 312.4065818786621 211.00011444091797 291.6463317871094 211.00011444091797
291.72235107421875 157.2543182373047 312.9005641937256 157.2543182373047 312.9005641937256 213.09397888183594 291.72235107421875 213.09397888183594
289.9290466308594 155.6905975341797 310.76919174194336 155.6905975341797 310.76919174194336 211.54233169555664 289.9290466308594 211.54233169555664
288.5154724121094 154.87158203125 310.17747688293457 154.87158203125 310.17747688293457 212.82864379882812 288.5154724121094 212.82864379882812
289.07476806640625 156.08262634277344 311.0771675109863 156.08262634277344 311.0771675109863 211.88257598876953 289.07476806640625 211.88257598876953
286.2157287597656 155.4129180908203 307.3479595184326 155.4129180908203 307.3479595184326 211.59444427490234 286.2157287597656 211.59444427490234
285.14154052734375 157.3926239013672 306.48878288269043 157.3926239013672 306.48878288269043 211.48155212402344 285.14154052734375 211.48155212402344
284.088134765625 156.47628784179688 305.082763671875 156.47628784179688 305.082763671875 210.19483184814453 284.088134765625 210.19483184814453
282.66680908203125 155.42193603515625 303.49853134155273 155.42193603515625 303.49853134155273 209.2354507446289 282.66680908203125 209.2354507446289
282.9130859375 155.06234741210938 303.9221382141113 155.06234741210938 303.9221382141113 208.0989875793457 282.9130859375 208.0989875793457
282.13287353515625 158.09788513183594 303.5611877441406 158.09788513183594 303.5611877441406 211.66852569580078 282.13287353515625 211.66852569580078
281.87542724609375 157.74256896972656 302.5987739562988 157.74256896972656 302.5987739562988 211.3340721130371 281.87542724609375 211.3340721130371
279.6234436035156 157.23863220214844 299.6452159881592 157.23863220214844 299.6452159881592 210.56900787353516 279.6234436035156 210.56900787353516
279.798583984375 157.21231079101562 300.26489639282227 157.21231079101562 300.26489639282227 210.29068756103516 279.798583984375 210.29068756103516
277.95648193359375 155.58694458007812 298.32543754577637 155.58694458007812 298.32543754577637 209.65878295898438 277.95648193359375 209.65878295898438
276.8290710449219 153.15708923339844 296.80138778686523 153.15708923339844 296.80138778686523 207.6712188720703 276.8290710449219 207.6712188720703
276.4436950683594 153.38424682617188 296.2087059020996 153.38424682617188 296.2087059020996 208.0123176574707 276.4436950683594 208.0123176574707
273.9852294921875 152.4564971923828 294.6508541107178 152.4564971923828 294.6508541107178 207.96927642822266 273.9852294921875 207.96927642822266
274.3101806640625 153.76089477539062 294.68919563293457 153.76089477539062 294.68919563293457 209.3471908569336 274.3101806640625 209.3471908569336
273.0975646972656 154.5631103515625 293.03693771362305 154.5631103515625 293.03693771362305 209.4264907836914 273.0975646972656 209.4264907836914
272.25372314453125 155.01255798339844 293.32154655456543 155.01255798339844 293.32154655456543 209.15276718139648 272.25372314453125 209.15276718139648
270.8695373535156 152.83372497558594 291.2936134338379 152.83372497558594 291.2936134338379 209.34288024902344 270.8695373535156 209.34288024902344
269.21600341796875 152.5251922607422 289.9460964202881 152.5251922607422 289.9460964202881 208.59222793579102 269.21600341796875 208.59222793579102
268.13336181640625 154.1027069091797 288.8903503417969 154.1027069091797 288.8903503417969 208.77088928222656 268.13336181640625 208.77088928222656
266.90960693359375 153.00405883789062 287.58557891845703 153.00405883789062 287.58557891845703 206.42452239990234 266.90960693359375 206.42452239990234
265.70843505859375 152.79000854492188 286.7872257232666 152.79000854492188 286.7872257232666 208.4468765258789 265.70843505859375 208.4468765258789
265.00238037109375 152.40170288085938 286.42358207702637 152.40170288085938 286.42358207702637 208.03253936767578 265.00238037109375 208.03253936767578
264.13934326171875 152.6604461669922 285.4036865234375 152.6604461669922 285.4036865234375 209.12314224243164 264.13934326171875 209.12314224243164
263.04534912109375 153.68751525878906 283.8626899719238 153.68751525878906 283.8626899719238 208.8076934814453 263.04534912109375 208.8076934814453
262.589111328125 153.27688598632812 283.4257297515869 153.27688598632812 283.4257297515869 209.83602142333984 262.589111328125 209.83602142333984
261.52569580078125 151.7023468017578 281.7928047180176 151.7023468017578 281.7928047180176 208.77051162719727 261.52569580078125 208.77051162719727
260.6373291015625 153.3849639892578 281.0861186981201 153.3849639892578 281.0861186981201 207.2443504333496 260.6373291015625 207.2443504333496
259.9550476074219 152.0002899169922 280.3821449279785 152.0002899169922 280.3821449279785 206.67964935302734 259.9550476074219 206.67964935302734
259.06756591796875 152.3756103515625 278.92443656921387 152.3756103515625 278.92443656921387 205.3091812133789 259.06756591796875 205.3091812133789
258.998046875 150.13406372070312 278.4541816711426 150.13406372070312 278.4541816711426 204.58618927001953 258.998046875 204.58618927001953
257.6766357421875 150.0327606201172 277.5432300567627 150.0327606201172 277.5432300567627 206.34159088134766 257.6766357421875 206.34159088134766
256.08001708984375 150.7215576171875 276.7641849517822 150.7215576171875 276.7641849517822 205.4507827758789 256.08001708984375 205.4507827758789
255.93728637695312 151.59405517578125 276.4559745788574 151.59405517578125 276.4559745788574 205.49846649169922 255.93728637695312 205.49846649169922
254.4501953125 151.2213897705078 275.0137882232666 151.2213897705078 275.0137882232666 206.72592544555664 254.4501953125 206.72592544555664
253.5072479248047 152.4377899169922 273.78151512145996 152.4377899169922 273.78151512145996 205.59580993652344 253.5072479248047 205.59580993652344
251.6320343017578 151.87364196777344 272.3097171783447 151.87364196777344 272.3097171783447 205.3384666442871 251.6320343017578 205.3384666442871
250.85659790039062 151.38755798339844 271.4782371520996 151.38755798339844 271.4782371520996 205.86951065063477 250.85659790039062 205.86951065063477
249.9063720703125 150.6665496826172 271.0317268371582 150.6665496826172 271.0317268371582 205.16518783569336 249.9063720703125 205.16518783569336
249.39370727539062 150.58114624023438 270.02016830444336 150.58114624023438 270.02016830444336 205.22130584716797 249.39370727539062 205.22130584716797
248.0114288330078 149.89247131347656 269.0364646911621 149.89247131347656 269.0364646911621 203.07172012329102 248.0114288330078 203.07172012329102
247.63980102539062 152.07815551757812 268.44518661499023 152.07815551757812 268.44518661499023 204.86537551879883 247.63980102539062 204.86537551879883
246.73281860351562 152.09524536132812 266.59775161743164 152.09524536132812 266.59775161743164 206.42534637451172 246.73281860351562 206.42534637451172
245.72335815429688 151.50717163085938 265.4915714263916 151.50717163085938 265.4915714263916 204.8342056274414 245.72335815429688 204.8342056274414
245.32138061523438 151.80801391601562 265.2200584411621 151.80801391601562 265.2200584411621 204.50630569458008 245.32138061523438 204.50630569458008
244.8490753173828 150.59707641601562 264.3854217529297 150.59707641601562 264.3854217529297 202.8781623840332 244.8490753173828 202.8781623840332
243.53628540039062 150.2897186279297 263.35441970825195 150.2897186279297 263.35441970825195 202.8644027709961 243.53628540039062 202.8644027709961
242.7543487548828 149.69888305664062 262.6619167327881 149.69888305664062 262.6619167327881 200.3782958984375 242.7543487548828 200.3782958984375
242.1753692626953 150.94998168945312 262.23948860168457 150.94998168945312 262.23948860168457 202.31650924682617 242.1753692626953 202.31650924682617
241.6653594970703 151.28016662597656 262.00218963623047 151.28016662597656 262.00218963623047 202.12215042114258 241.6653594970703 202.12215042114258
241.5105743408203 151.73989868164062 261.5569267272949 151.73989868164062 261.5569267272949 203.09561157226562 241.5105743408203 203.09561157226562
239.2717742919922 150.93919372558594 259.4844055175781 150.93919372558594 259.4844055175781 202.28223037719727 239.2717742919922 202.28223037719727
238.2703857421875 149.52256774902344 257.9420566558838 149.52256774902344 257.9420566558838 201.61270904541016 238.2703857421875 201.61270904541016
237.6708984375 150.863525390625 258.1923351287842 150.863525390625 258.1923351287842 203.16421508789062 237.6708984375 203.16421508789062
236.61233520507812 151.12123107910156 256.3512668609619 151.12123107910156 256.3512668609619 202.87436294555664 236.61233520507812 202.87436294555664
236.46273803710938 151.18344116210938 256.4161491394043 151.18344116210938 256.4161491394043 202.00684356689453 236.46273803710938 202.00684356689453
235.64883422851562 150.41726684570312 255.16838455200195 150.41726684570312 255.16838455200195 200.7317123413086 235.64883422851562 200.7317123413086
234.863525390625 150.3929901123047 254.93994140625 150.3929901123047 254.93994140625 200.58394622802734 234.863525390625 200.58394622802734
234.270751953125 150.7415313720703 253.90571212768555 150.7415313720703 253.90571212768555 199.82885360717773 234.270751953125 199.82885360717773
233.0910186767578 153.62510681152344 252.60179901123047 153.62510681152344 252.60179901123047 202.40198135375977 233.0910186767578 202.40198135375977
232.79214477539062 152.90274047851562 251.92935752868652 152.90274047851562 251.92935752868652 201.74206161499023 232.79214477539062 201.74206161499023
231.8697052001953 152.09664916992188 251.34142303466797 152.09664916992188 251.34142303466797 201.32479095458984 231.8697052001953 201.32479095458984
231.0965118408203 149.90103149414062 250.21577072143555 149.90103149414062 250.21577072143555 198.52515411376953 231.0965118408203 198.52515411376953
230.3605194091797 151.92575073242188 250.00964736938477 151.92575073242188 250.00964736938477 201.17219161987305 230.3605194091797 201.17219161987305
229.3302001953125 150.2850341796875 248.99508666992188 150.2850341796875 248.99508666992188 199.44717407226562 229.3302001953125 199.44717407226562
228.0120086669922 149.22079467773438 247.46497344970703 149.22079467773438 247.46497344970703 197.8531265258789 228.0120086669922 197.8531265258789
228.86148071289062 150.4827117919922 248.7203426361084 150.4827117919922 248.7203426361084 200.1297836303711 228.86148071289062 200.1297836303711
227.16207885742188 150.3284149169922 247.13807106018066 150.3284149169922 247.13807106018066 200.268310546875 227.16207885742188 200.268310546875
226.62020874023438 151.2834930419922 246.6874885559082 151.2834930419922 246.6874885559082 201.45160675048828 226.62020874023438 201.45160675048828
226.17642211914062 148.44239807128906 246.2630500793457 148.44239807128906 246.2630500793457 199.4323501586914 226.17642211914062 199.4323501586914
224.32577514648438 149.78782653808594 244.5168514251709 149.78782653808594 244.5168514251709 200.26543426513672 224.32577514648438 200.26543426513672
223.38345336914062 149.17971801757812 242.97520065307617 149.17971801757812 242.97520065307617 199.8363037109375 223.38345336914062 199.8363037109375
222.77670288085938 148.00473022460938 242.5198802947998 148.00473022460938 242.5198802947998 199.32228469848633 222.77670288085938 199.32228469848633
221.20849609375 148.6936798095703 241.48287963867188 148.6936798095703 241.48287963867188 199.76336288452148 221.20849609375 199.76336288452148
220.0602569580078 147.91160583496094 240.80115127563477 147.91160583496094 240.80115127563477 199.76375579833984 220.0602569580078 199.76375579833984
219.94546508789062 147.4589385986328 240.52131271362305 147.4589385986328 240.52131271362305 198.89825820922852 219.94546508789062 198.89825820922852
220.02694702148438 149.1100311279297 240.21002197265625 149.1100311279297 240.21002197265625 199.56763458251953 220.02694702148438 199.56763458251953
218.7732696533203 147.95394897460938 238.71330070495605 147.95394897460938 238.71330070495605 198.8779067993164 218.7732696533203 198.8779067993164
218.47659301757812 149.04751586914062 238.01153755187988 149.04751586914062 238.01153755187988 199.31283950805664 218.47659301757812 199.31283950805664
218.109130859375 148.7565155029297 237.87945556640625 148.7565155029297 237.87945556640625 197.94979858398438 218.109130859375 197.94979858398438
216.9653778076172 148.742431640625 236.3395767211914 148.742431640625 236.3395767211914 198.76802825927734 216.9653778076172 198.76802825927734
217.40121459960938 148.37608337402344 236.82989120483398 148.37608337402344 236.82989120483398 197.81452178955078 217.40121459960938 197.81452178955078
216.5539093017578 147.36453247070312 235.64073753356934 147.36453247070312 235.64073753356934 197.1263656616211 216.5539093017578 197.1263656616211
215.7178955078125 148.03672790527344 235.71540641784668 148.03672790527344 235.71540641784668 198.03041076660156 215.7178955078125 198.03041076660156
215.78677368164062 147.18307495117188 235.86272048950195 147.18307495117188 235.86272048950195 197.37285232543945 215.78677368164062 197.37285232543945
213.7059783935547 147.67562866210938 233.6641330718994 147.67562866210938 233.6641330718994 197.74174880981445 213.7059783935547 197.74174880981445
213.3552703857422 149.09445190429688 233.37216567993164 149.09445190429688 233.37216567993164 199.13660430908203 213.3552703857422 199.13660430908203
212.94552612304688 148.99331665039062 232.4865665435791 148.99331665039062 232.4865665435791 198.58306121826172 212.94552612304688 198.58306121826172
212.21395874023438 147.91949462890625 231.83869552612305 147.91949462890625 231.83869552612305 196.98126983642578 212.21395874023438 196.98126983642578
211.8107452392578 148.4318389892578 231.22361373901367 148.4318389892578 231.22361373901367 196.96394729614258 211.8107452392578 196.96394729614258
210.835693359375 147.7740936279297 230.2121925354004 147.7740936279297 230.2121925354004 196.21527862548828 210.835693359375 196.21527862548828
211.23196411132812 147.430908203125 230.27878761291504 147.430908203125 230.27878761291504 195.04790115356445 211.23196411132812 195.04790115356445
209.89706420898438 147.52691650390625 228.83736610412598 147.52691650390625 228.83736610412598 194.8776092529297 209.89706420898438 194.8776092529297
210.2039337158203 148.13265991210938 229.04855918884277 148.13265991210938 229.04855918884277 195.2441635131836 210.2039337158203 195.2441635131836
208.53335571289062 148.60025024414062 227.21070671081543 148.60025024414062 227.21070671081543 195.2935676574707 208.53335571289062 195.2935676574707
208.6782989501953 148.0831756591797 227.45407485961914 148.0831756591797 227.45407485961914 195.0225486755371 208.6782989501953 195.0225486755371
207.2301025390625 147.44650268554688 225.96775436401367 147.44650268554688 225.96775436401367 194.29056549072266 207.2301025390625 194.29056549072266
206.52328491210938 146.44711303710938 225.5623550415039 146.44711303710938 225.5623550415039 194.04472732543945 206.52328491210938 194.04472732543945
206.04751586914062 147.01144409179688 225.08295822143555 147.01144409179688 225.08295822143555 195.0443115234375 206.04751586914062 195.0443115234375
205.4731903076172 146.20884704589844 224.9147129058838 146.20884704589844 224.9147129058838 195.44143295288086 205.4731903076172 195.44143295288086
205.0869598388672 144.81948852539062 224.86489295959473 144.81948852539062 224.86489295959473 194.94802856445312 205.0869598388672 194.94802856445312
205.0059356689453 146.71444702148438 224.40726280212402 146.71444702148438 224.40726280212402 195.21770477294922 205.0059356689453 195.21770477294922
204.0325164794922 147.5475616455078 223.30335426330566 147.5475616455078 223.30335426330566 195.72460174560547 204.0325164794922 195.72460174560547
203.5284423828125 147.16030883789062 222.89164352416992 147.16030883789062 222.89164352416992 195.5682601928711 203.5284423828125 195.5682601928711
203.49942016601562 148.171875 222.34052848815918 148.171875 222.34052848815918 195.27459716796875 203.49942016601562 195.27459716796875
202.57595825195312 147.95761108398438 221.3863525390625 147.95761108398438 221.3863525390625 194.98355102539062 202.57595825195312 194.98355102539062
202.41416931152344 147.61782836914062 221.35924911499023 147.61782836914062 221.35924911499023 194.65646362304688 202.41416931152344 194.65646362304688
202.3189239501953 147.18458557128906 221.30884742736816 147.18458557128906 221.30884742736816 194.6593475341797 202.3189239501953 194.6593475341797
200.9638671875 145.55702209472656 219.69745254516602 145.55702209472656 219.69745254516602 192.39093780517578 200.9638671875 192.39093780517578
199.96060180664062 146.55685424804688 218.74766159057617 146.55685424804688 218.74766159057617 193.5244598388672 199.96060180664062 193.5244598388672
200.30491638183594 146.39764404296875 219.0479393005371 146.39764404296875 219.0479393005371 193.25515747070312 200.30491638183594 193.25515747070312
199.0962371826172 145.83856201171875 217.91013145446777 145.83856201171875 217.91013145446777 192.87326049804688 199.0962371826172 192.87326049804688
198.60238647460938 146.69232177734375 217.53446578979492 146.69232177734375 217.53446578979492 194.0224838256836 198.60238647460938 194.0224838256836
199.07711791992188 145.9773406982422 218.14794921875 145.9773406982422 218.14794921875 193.65438079833984 199.07711791992188 193.65438079833984
198.5694580078125 146.1807098388672 217.33502769470215 146.1807098388672 217.33502769470215 193.09459686279297 198.5694580078125 193.09459686279297
197.50599670410156 146.57476806640625 216.27182388305664 146.57476806640625 216.27182388305664 193.48929595947266 197.50599670410156 193.48929595947266
197.81967163085938 145.4833526611328 216.57363319396973 145.4833526611328 216.57363319396973 192.36821746826172 197.81967163085938 192.36821746826172
197.8546905517578 145.318603515625 216.67124366760254 145.318603515625 216.67124366760254 192.35994338989258 197.8546905517578 192.35994338989258
197.28054809570312 145.75381469726562 216.02561569213867 145.75381469726562 216.02561569213867 192.6164436340332 197.28054809570312 192.6164436340332
197.44174194335938 145.56097412109375 216.1454734802246 145.56097412109375 216.1454734802246 192.32026290893555 197.44174194335938 192.32026290893555
196.51727294921875 146.2475128173828 215.44776725769043 146.2475128173828 215.44776725769043 193.5737075805664 196.51727294921875 193.5737075805664
196.03436279296875 144.26541137695312 215.06664848327637 144.26541137695312 215.06664848327637 191.84608459472656 196.03436279296875 191.84608459472656
196.33145141601562 143.99209594726562 215.24361038208008 143.99209594726562 215.24361038208008 191.27245330810547 196.33145141601562 191.27245330810547
194.93405151367188 145.21533203125 213.78945541381836 145.21533203125 213.78945541381836 192.16519927978516 194.93405151367188 192.16519927978516
194.51780700683594 144.5741424560547 213.7125759124756 144.5741424560547 213.7125759124756 192.56102752685547 194.51780700683594 192.56102752685547
194.04946899414062 144.53309631347656 213.31272506713867 144.53309631347656 213.31272506713867 192.69120025634766 194.04946899414062 192.69120025634766
193.4434356689453 141.44989013671875 213.18387603759766 141.44989013671875 213.18387603759766 190.80095291137695 193.4434356689453 190.80095291137695
193.77267456054688 143.09286499023438 213.2044277191162 143.09286499023438 213.2044277191162 191.67221069335938 193.77267456054688 191.67221069335938
194.4445037841797 144.4583282470703 213.72900390625 144.4583282470703 213.72900390625 192.66954040527344 194.4445037841797 192.66954040527344
194.26760864257812 143.80715942382812 213.64727592468262 143.80715942382812 213.64727592468262 192.25629043579102 194.26760864257812 192.25629043579102
193.5546875 143.65219116210938 213.06573867797852 143.65219116210938 213.06573867797852 192.42977905273438 193.5546875 192.42977905273438
192.70559692382812 144.1329345703125 212.0626335144043 144.1329345703125 212.0626335144043 192.5254898071289 192.70559692382812 192.5254898071289
193.04345703125 144.42300415039062 212.63457107543945 144.42300415039062 212.63457107543945 193.40074920654297 193.04345703125 193.40074920654297
193.2568817138672 142.931884765625 212.70338821411133 142.931884765625 212.70338821411133 191.54810333251953 193.2568817138672 191.54810333251953
193.3023681640625 143.63397216796875 212.5961799621582 143.63397216796875 212.5961799621582 191.86845779418945 193.3023681640625 191.86845779418945
192.27297973632812 143.4322052001953 211.7619571685791 143.4322052001953 211.7619571685791 192.15460205078125 192.27297973632812 192.15460205078125
191.88949584960938 143.84378051757812 211.45384216308594 143.84378051757812 211.45384216308594 192.75459671020508 191.88949584960938 192.75459671020508
191.189697265625 142.75222778320312 210.72304916381836 142.75222778320312 210.72304916381836 191.58556365966797 191.189697265625 191.58556365966797
190.76412963867188 142.77110290527344 210.1733055114746 142.77110290527344 210.1733055114746 191.29399871826172 190.76412963867188 191.29399871826172
190.89645385742188 142.8804473876953 210.29699325561523 142.8804473876953 210.29699325561523 191.38175201416016 190.89645385742188 191.38175201416016
190.31094360351562 143.89126586914062 209.73232650756836 143.89126586914062 209.73232650756836 192.44468307495117 190.31094360351562 192.44468307495117
189.92202758789062 142.3904571533203 209.1857395172119 142.3904571533203 209.1857395172119 190.5496940612793 189.92202758789062 190.5496940612793
189.61392211914062 142.5838165283203 208.99227333068848 142.5838165283203 208.99227333068848 190.7277603149414 189.61392211914062 190.7277603149414
189.8363037109375 141.67092895507812 209.61703872680664 141.67092895507812 209.61703872680664 191.12272262573242 189.8363037109375 191.12272262573242
189.61419677734375 142.41201782226562 209.45363426208496 142.41201782226562 209.45363426208496 192.01056671142578 189.61419677734375 192.01056671142578
189.86538696289062 141.99415588378906 209.4362678527832 141.99415588378906 209.4362678527832 190.92130661010742 189.86538696289062 190.92130661010742
188.6952362060547 141.25180053710938 208.33155250549316 141.25180053710938 208.33155250549316 190.3425407409668 188.6952362060547 190.3425407409668
188.58712768554688 141.4176025390625 208.22063636779785 141.4176025390625 208.22063636779785 190.50132369995117 188.58712768554688 190.50132369995117
189.77993774414062 140.9335174560547 209.31854820251465 140.9335174560547 209.31854820251465 189.7799949645996 189.77993774414062 189.7799949645996
188.56591796875 141.83578491210938 208.30672645568848 141.83578491210938 208.30672645568848 191.1877555847168 188.56591796875 191.1877555847168
189.27841186523438 140.83352661132812 208.90337753295898 140.83352661132812 208.90337753295898 189.89588928222656 189.27841186523438 189.89588928222656
188.900634765625 141.593994140625 208.33991050720215 141.593994140625 208.33991050720215 190.19213104248047 188.900634765625 190.19213104248047
188.4964599609375 141.14730834960938 208.30119132995605 141.14730834960938 208.30119132995605 190.6590805053711 188.4964599609375 190.6590805053711
188.55477905273438 141.84567260742188 208.24944496154785 141.84567260742188 208.24944496154785 190.70337677001953 188.55477905273438 190.70337677001953
188.36810302734375 140.84007263183594 207.59184646606445 140.84007263183594 207.59184646606445 188.89937591552734 188.36810302734375 188.89937591552734
188.23013305664062 142.48387145996094 207.3625202178955 142.48387145996094 207.3625202178955 190.31478118896484 188.23013305664062 190.31478118896484
188.266357421875 141.34622192382812 207.33047485351562 141.34622192382812 207.33047485351562 189.0064582824707 188.266357421875 189.0064582824707
188.32156372070312 141.84664916992188 207.2052459716797 141.84664916992188 207.2052459716797 189.0557975769043 188.32156372070312 189.0557975769043
187.53488159179688 142.05160522460938 206.40111541748047 142.05160522460938 206.40111541748047 189.2171401977539 187.53488159179688 189.2171401977539
187.49630737304688 140.66957092285156 206.62779235839844 140.66957092285156 206.62779235839844 188.49823379516602 187.49630737304688 188.49823379516602
187.50784301757812 140.85475158691406 206.53735733032227 140.85475158691406 206.53735733032227 188.42848587036133 187.50784301757812 188.42848587036133
187.56369018554688 141.4471435546875 206.5358657836914 141.4471435546875 206.5358657836914 188.87753295898438 187.56369018554688 188.87753295898438
187.73464965820312 140.3103485107422 206.6804313659668 140.3103485107422 206.6804313659668 187.67475128173828 187.73464965820312 187.67475128173828
187.6814727783203 140.1240234375 206.94791984558105 140.1240234375 206.94791984558105 188.29009246826172 187.6814727783203 188.29009246826172
187.96905517578125 141.4014892578125 207.19954872131348 141.4014892578125 207.19954872131348 189.4776725769043 187.96905517578125 189.4776725769043
188.7004852294922 141.38754272460938 207.67446517944336 141.38754272460938 207.67446517944336 189.02732467651367 188.7004852294922 189.02732467651367
188.48098754882812 141.3733673095703 207.40668869018555 141.3733673095703 207.40668869018555 188.68758392333984 188.48098754882812 188.68758392333984
189.53224182128906 141.0496368408203 208.30738830566406 141.0496368408203 208.30738830566406 187.98746871948242 189.53224182128906 187.98746871948242
189.35565185546875 140.75698852539062 208.028564453125 140.75698852539062 208.028564453125 187.43923568725586 189.35565185546875 187.43923568725586
188.7694091796875 140.48220825195312 207.37736892700195 140.48220825195312 207.37736892700195 187.00207138061523 188.7694091796875 187.00207138061523
189.2469024658203 141.00149536132812 207.6377067565918 141.00149536132812 207.6377067565918 186.97847747802734 189.2469024658203 186.97847747802734
188.65707397460938 141.2201690673828 207.21168899536133 141.2201690673828 207.21168899536133 187.6066780090332 188.65707397460938 187.6066780090332
188.6168975830078 141.41650390625 207.00091934204102 141.41650390625 207.00091934204102 187.37653732299805 188.6168975830078 187.37653732299805
188.66567993164062 141.00106811523438 207.23028182983398 141.00106811523438 207.23028182983398 187.4125518798828 188.66567993164062 187.4125518798828
188.39901733398438 140.9713897705078 206.9319076538086 140.9713897705078 206.9319076538086 187.30359268188477 188.39901733398438 187.30359268188477
188.78248596191406 139.99710083007812 207.36940002441406 139.99710083007812 207.36940002441406 186.46435928344727 188.78248596191406 186.46435928344727
189.0350799560547 140.0970458984375 207.5138053894043 140.0970458984375 207.5138053894043 186.29383087158203 189.0350799560547 186.29383087158203
188.99545288085938 140.6375732421875 207.18659019470215 140.6375732421875 207.18659019470215 186.11538696289062 188.99545288085938 186.11538696289062
189.32861328125 140.36843872070312 207.44114303588867 140.36843872070312 207.44114303588867 185.6497344970703 189.32861328125 185.6497344970703
188.9860076904297 139.1734619140625 207.04203414916992 139.1734619140625 207.04203414916992 184.31349563598633 188.9860076904297 184.31349563598633
189.38845825195312 139.48106384277344 207.3541488647461 139.48106384277344 207.3541488647461 184.39525985717773 189.38845825195312 184.39525985717773
189.27587890625 139.73716735839844 207.37078094482422 139.73716735839844 207.37078094482422 184.9743881225586 189.27587890625 184.9743881225586
189.4045867919922 140.29031372070312 207.64436721801758 140.29031372070312 207.64436721801758 185.88972854614258 189.4045867919922 185.88972854614258
189.41696166992188 139.63870239257812 207.58404541015625 139.63870239257812 207.58404541015625 185.05637741088867 189.41696166992188 185.05637741088867
189.7416534423828 139.77499389648438 208.38559341430664 139.77499389648438 208.38559341430664 186.3848114013672 189.7416534423828 186.3848114013672
189.51605224609375 139.3927459716797 208.02158164978027 139.3927459716797 208.02158164978027 185.6565399169922 189.51605224609375 185.6565399169922
189.53753662109375 138.90029907226562 207.89016342163086 138.90029907226562 207.89016342163086 184.78183364868164 189.53753662109375 184.78183364868164
188.87632751464844 138.69955444335938 207.21985626220703 138.69955444335938 207.21985626220703 184.55834197998047 188.87632751464844 184.55834197998047
188.8740692138672 139.40966796875 207.23589515686035 139.40966796875 207.23589515686035 185.3141975402832 188.8740692138672 185.3141975402832
188.66455078125 139.1526641845703 206.82570838928223 139.1526641845703 206.82570838928223 184.5555191040039 188.66455078125 184.5555191040039
189.27731323242188 140.06651306152344 207.00030899047852 140.06651306152344 207.00030899047852 184.37396240234375 189.27731323242188 184.37396240234375
189.85702514648438 140.57559204101562 207.29348373413086 140.57559204101562 207.29348373413086 184.16669845581055 189.85702514648438 184.16669845581055
189.7183837890625 139.6650848388672 207.01192474365234 139.6650848388672 207.01192474365234 182.89889907836914 189.7183837890625 182.89889907836914
189.52706909179688 139.93951416015625 207.01733207702637 139.93951416015625 207.01733207702637 183.6651382446289 189.52706909179688 183.6651382446289
189.22706604003906 139.2579345703125 206.76644897460938 139.2579345703125 206.76644897460938 183.10636138916016 189.22706604003906 183.10636138916016
188.80520629882812 139.611572265625 206.5035285949707 139.611572265625 206.5035285949707 183.8573455810547 188.80520629882812 183.8573455810547
188.4081268310547 139.88070678710938 206.23906898498535 139.88070678710938 206.23906898498535 184.4580307006836 188.4081268310547 184.4580307006836
188.65185546875 138.80584716796875 206.8074836730957 138.80584716796875 206.8074836730957 184.19488906860352 188.65185546875 184.19488906860352
188.19004821777344 139.17105102539062 206.3694725036621 139.17105102539062 206.3694725036621 184.6195831298828 188.19004821777344 184.6195831298828
188.1664581298828 139.1409912109375 205.96460151672363 139.1409912109375 205.96460151672363 183.6363182067871 188.1664581298828 183.6363182067871
188.676513671875 140.35940551757812 206.38676834106445 140.35940551757812 206.38676834106445 184.635009765625 188.676513671875 184.635009765625
187.49212646484375 140.54991149902344 205.13192558288574 140.54991149902344 205.13192558288574 184.64937591552734 187.49212646484375 184.64937591552734
188.0630340576172 140.00827026367188 205.7800998687744 140.00827026367188 205.7800998687744 184.30089950561523 188.0630340576172 184.30089950561523
188.30203247070312 138.45474243164062 205.9419765472412 138.45474243164062 205.9419765472412 182.55456161499023 188.30203247070312 182.55456161499023
188.78868103027344 139.3096466064453 206.27473068237305 139.3096466064453 206.27473068237305 183.02473068237305 188.78868103027344 183.02473068237305
187.8875732421875 138.9370880126953 205.41686248779297 138.9370880126953 205.41686248779297 182.76027297973633 187.8875732421875 182.76027297973633
188.0849609375 138.76283264160156 205.8573398590088 138.76283264160156 205.8573398590088 183.19374465942383 188.0849609375 183.19374465942383
187.3455352783203 137.8338623046875 205.62646675109863 137.8338623046875 205.62646675109863 183.5361557006836 187.3455352783203 183.5361557006836
187.84243774414062 138.53536987304688 206.12317276000977 138.53536987304688 206.12317276000977 184.2371711730957 187.84243774414062 184.2371711730957
187.544677734375 139.0316925048828 205.5981559753418 139.0316925048828 205.5981559753418 184.16535568237305 187.544677734375 184.16535568237305
187.74868774414062 138.72146606445312 205.66169357299805 138.72146606445312 205.66169357299805 183.50394821166992 187.74868774414062 183.50394821166992
187.99603271484375 138.326904296875 205.4749584197998 138.326904296875 205.4749584197998 182.02418899536133 187.99603271484375 182.02418899536133
187.40530395507812 140.0550994873047 204.7922592163086 140.0550994873047 204.7922592163086 183.5224609375 187.40530395507812 183.5224609375
187.73263549804688 139.095947265625 205.27133560180664 139.095947265625 205.27133560180664 182.94266891479492 187.73263549804688 182.94266891479492
187.3172607421875 137.58474731445312 204.7841281890869 137.58474731445312 204.7841281890869 181.25188827514648 187.3172607421875 181.25188827514648
187.7769775390625 137.76414489746094 205.2258586883545 137.76414489746094 205.2258586883545 181.38632202148438 187.7769775390625 181.38632202148438
187.61123657226562 139.68508911132812 205.21352195739746 139.68508911132812 205.21352195739746 183.69078063964844 187.61123657226562 183.69078063964844
188.05325317382812 139.2339324951172 205.64592170715332 139.2339324951172 205.64592170715332 183.21558380126953 188.05325317382812 183.21558380126953
187.92137145996094 137.4481964111328 205.4814338684082 137.4481964111328 205.4814338684082 181.34833526611328 187.92137145996094 181.34833526611328
188.0100555419922 137.16317749023438 205.58271408081055 137.16317749023438 205.58271408081055 181.0948028564453 188.0100555419922 181.0948028564453
188.78225708007812 137.74496459960938 206.22797393798828 137.74496459960938 206.22797393798828 181.35923385620117 188.78225708007812 181.35923385620117
188.26010131835938 138.1775665283203 205.45514488220215 138.1775665283203 205.45514488220215 181.16515350341797 188.26010131835938 181.16515350341797
188.8930206298828 138.21249389648438 206.09174156188965 138.21249389648438 206.09174156188965 181.20927810668945 188.8930206298828 181.20927810668945
188.6209716796875 137.49630737304688 205.93188858032227 137.49630737304688 205.93188858032227 180.77357482910156 188.6209716796875 180.77357482910156
189.1687469482422 137.49996948242188 206.73077011108398 137.49996948242188 206.73077011108398 181.40499877929688 189.1687469482422 181.40499877929688
187.93899536132812 137.1144561767578 205.5220546722412 137.1144561767578 205.5220546722412 181.07207489013672 187.93899536132812 181.07207489013672
188.21803283691406 136.91085815429688 205.85275650024414 136.91085815429688 205.85275650024414 180.9976348876953 188.21803283691406 180.9976348876953
188.0106658935547 137.42605590820312 205.7919750213623 137.42605590820312 205.7919750213623 181.8792953491211 188.0106658935547 181.8792953491211
188.03436279296875 137.04051208496094 205.66746711730957 137.04051208496094 205.66746711730957 181.12324142456055 188.03436279296875 181.12324142456055
187.83642578125 137.27511596679688 205.08935546875 137.27511596679688 205.08935546875 180.40740966796875 187.83642578125 180.40740966796875
188.29547119140625 137.25247192382812 205.75254821777344 137.25247192382812 205.75254821777344 180.89513397216797 188.29547119140625 180.89513397216797
188.2064666748047 137.35922241210938 205.74875450134277 137.35922241210938 205.74875450134277 181.21491241455078 188.2064666748047 181.21491241455078
187.89434814453125 136.86924743652344 205.6435146331787 136.86924743652344 205.6435146331787 181.24213409423828 187.89434814453125 181.24213409423828
188.28005981445312 136.37599182128906 205.8710231781006 136.37599182128906 205.8710231781006 180.3533706665039 188.28005981445312 180.3533706665039
187.63784790039062 136.1162567138672 205.1649875640869 136.1162567138672 205.1649875640869 179.93407440185547 187.63784790039062 179.93407440185547
187.60720825195312 135.94717407226562 205.19384384155273 135.94717407226562 205.19384384155273 179.91373443603516 187.60720825195312 179.91373443603516
188.0731658935547 137.47157287597656 205.3913230895996 137.47157287597656 205.3913230895996 180.76693725585938 188.0731658935547 180.76693725585938
188.10841369628906 135.3942108154297 205.50722694396973 135.3942108154297 205.50722694396973 178.89121627807617 188.10841369628906 178.89121627807617
187.89956665039062 135.317138671875 205.40012741088867 135.317138671875 205.40012741088867 179.06850814819336 187.89956665039062 179.06850814819336
188.86270141601562 136.2334442138672 206.58204078674316 136.2334442138672 206.58204078674316 180.53175735473633 188.86270141601562 180.53175735473633
188.52359008789062 135.81704711914062 206.23819541931152 135.81704711914062 206.23819541931152 180.10352325439453 188.52359008789062 180.10352325439453
188.46499633789062 136.0598907470703 206.46787643432617 136.0598907470703 206.46787643432617 181.06705474853516 188.46499633789062 181.06705474853516
188.64208984375 134.84066772460938 206.1544418334961 134.84066772460938 206.1544418334961 178.62151336669922 188.64208984375 178.62151336669922
187.66708374023438 136.1411895751953 204.8635711669922 136.1411895751953 204.8635711669922 179.13237380981445 187.66708374023438 179.13237380981445
188.47891235351562 135.819580078125 205.59149551391602 135.819580078125 205.59149551391602 178.60100173950195 188.47891235351562 178.60100173950195
188.71104431152344 135.70172119140625 205.77764701843262 135.70172119140625 205.77764701843262 178.3681869506836 188.71104431152344 178.3681869506836
187.60183715820312 135.50076293945312 205.01497650146484 135.50076293945312 205.01497650146484 179.03357315063477 187.60183715820312 179.03357315063477
187.47042846679688 134.64810180664062 205.02076721191406 134.64810180664062 205.02076721191406 178.52390670776367 187.47042846679688 178.52390670776367
188.2713623046875 134.7410888671875 206.00783157348633 134.7410888671875 206.00783157348633 179.08222579956055 188.2713623046875 179.08222579956055
187.5396728515625 134.8483428955078 205.42770767211914 134.8483428955078 205.42770767211914 179.56838989257812 187.5396728515625 179.56838989257812
186.89688110351562 133.82310485839844 204.57605361938477 133.82310485839844 204.57605361938477 178.02099990844727 186.89688110351562 178.02099990844727
187.39108276367188 134.4405059814453 204.8884677886963 134.4405059814453 204.8884677886963 178.18393325805664 187.39108276367188 178.18393325805664
186.39691162109375 133.22084045410156 203.74522399902344 133.22084045410156 203.74522399902344 176.5915870666504 186.39691162109375 176.5915870666504
187.02285766601562 135.2000274658203 204.31966018676758 135.2000274658203 204.31966018676758 178.44200134277344 187.02285766601562 178.44200134277344
186.41616821289062 135.00634765625 203.75482940673828 135.00634765625 203.75482940673828 178.35296630859375 186.41616821289062 178.35296630859375
186.26473999023438 134.31015014648438 203.5254421234131 134.31015014648438 203.5254421234131 177.4618682861328 186.26473999023438 177.4618682861328
185.7177734375 134.475341796875 202.9543800354004 134.475341796875 202.9543800354004 177.5668182373047 185.7177734375 177.5668182373047
186.5516357421875 134.76646423339844 203.59591102600098 134.76646423339844 203.59591102600098 177.37711334228516 186.5516357421875 177.37711334228516
186.10223388671875 134.43606567382812 203.12811470031738 134.43606567382812 203.12811470031738 177.00072479248047 186.10223388671875 177.00072479248047
186.1167755126953 133.1106414794922 203.1127872467041 133.1106414794922 203.1127872467041 175.60062408447266 186.1167755126953 175.60062408447266
185.86717224121094 134.69723510742188 202.96861267089844 134.69723510742188 202.96861267089844 177.4507942199707 185.86717224121094 177.4507942199707
185.1393585205078 134.3968048095703 202.1711769104004 134.3968048095703 202.1711769104004 176.97630310058594 185.1393585205078 176.97630310058594
184.6986083984375 134.4451446533203 201.61891174316406 134.4451446533203 201.61891174316406 176.74585723876953 184.6986083984375 176.74585723876953
186.23765563964844 135.1483154296875 202.9997272491455 135.1483154296875 202.9997272491455 177.05345153808594 186.23765563964844 177.05345153808594
185.86044311523438 135.04380798339844 202.45892906188965 135.04380798339844 202.45892906188965 176.53998184204102 185.86044311523438 176.53998184204102
186.21890258789062 133.1592559814453 203.00903129577637 133.1592559814453 203.00903129577637 175.1345329284668 186.21890258789062 175.1345329284668
185.26829528808594 133.565673828125 202.14801216125488 133.565673828125 202.14801216125488 175.76491928100586 185.26829528808594 175.76491928100586
185.14683532714844 133.9375762939453 202.06982421875 133.9375762939453 202.06982421875 176.24499893188477 185.14683532714844 176.24499893188477
185.00344848632812 132.76394653320312 201.90771102905273 132.76394653320312 201.90771102905273 175.02455520629883 185.00344848632812 175.02455520629883
184.6057891845703 133.1464080810547 201.36338806152344 133.1464080810547 201.36338806152344 175.04035568237305 184.6057891845703 175.04035568237305
184.5029296875 133.2893829345703 201.4446678161621 133.2893829345703 201.4446678161621 175.64368438720703 184.5029296875 175.64368438720703
184.44332885742188 134.20481872558594 201.17079544067383 134.20481872558594 201.17079544067383 176.02344512939453 184.44332885742188 176.02344512939453
184.21310424804688 133.94126892089844 200.95221328735352 133.94126892089844 200.95221328735352 175.78900527954102 184.21310424804688 175.78900527954102
183.91519165039062 133.77381896972656 200.78950881958008 133.77381896972656 200.78950881958008 175.95957565307617 183.91519165039062 175.95957565307617
183.16751098632812 132.84678649902344 200.13830375671387 132.84678649902344 200.13830375671387 175.27373504638672 183.16751098632812 175.27373504638672
183.15994262695312 132.96804809570312 200.19981384277344 132.96804809570312 200.19981384277344 175.56769561767578 183.15994262695312 175.56769561767578
182.8224639892578 131.66525268554688 200.15688705444336 131.66525268554688 200.15688705444336 175.00128173828125 182.8224639892578 175.00128173828125
183.0241241455078 132.3048553466797 200.42788124084473 132.3048553466797 200.42788124084473 175.8142204284668 183.0241241455078 175.8142204284668
182.09286499023438 133.75978088378906 199.45676612854004 133.75978088378906 199.45676612854004 177.16950607299805 182.09286499023438 177.16950607299805
182.1815643310547 132.32217407226562 199.3462371826172 132.32217407226562 199.3462371826172 175.23383331298828 182.1815643310547 175.23383331298828
182.28030395507812 132.30703735351562 199.3219699859619 132.30703735351562 199.3219699859619 174.91117477416992 182.28030395507812 174.91117477416992
181.94900512695312 132.73617553710938 199.13527297973633 132.73617553710938 199.13527297973633 175.70182418823242 181.94900512695312 175.70182418823242
181.2493133544922 133.7191619873047 198.39336776733398 133.7191619873047 198.39336776733398 176.57928466796875 181.2493133544922 176.57928466796875
180.43618774414062 132.73324584960938 197.44661331176758 132.73324584960938 197.44661331176758 175.25929260253906 180.43618774414062 175.25929260253906
179.84323120117188 133.16891479492188 197.03537368774414 133.16891479492188 197.03537368774414 176.14925003051758 179.84323120117188 176.14925003051758
179.1844482421875 132.14564514160156 196.33924293518066 132.14564514160156 196.33924293518066 175.03260803222656 179.1844482421875 175.03260803222656
178.58425903320312 131.7793426513672 195.8161506652832 131.7793426513672 195.8161506652832 174.85904693603516 178.58425903320312 174.85904693603516
178.99810791015625 131.85189819335938 196.17726516723633 131.85189819335938 196.17726516723633 174.7997703552246 178.99810791015625 174.7997703552246
178.23184204101562 130.94692993164062 195.3415298461914 130.94692993164062 195.3415298461914 173.72112274169922 178.23184204101562 173.72112274169922
177.46717834472656 131.03518676757812 194.63732528686523 131.03518676757812 194.63732528686523 173.96052932739258 177.46717834472656 173.96052932739258
177.82302856445312 132.11434936523438 195.04169845581055 132.11434936523438 195.04169845581055 175.16100311279297 177.82302856445312 175.16100311279297
177.58023071289062 133.0404510498047 194.4888973236084 133.0404510498047 194.4888973236084 175.3120994567871 177.58023071289062 175.3120994567871
176.62596130371094 131.5616455078125 193.8461799621582 131.5616455078125 193.8461799621582 174.61217498779297 176.62596130371094 174.61217498779297
175.8960418701172 130.62069702148438 192.93980026245117 130.62069702148438 192.93980026245117 173.23007583618164 175.8960418701172 173.23007583618164
174.94137573242188 130.5043487548828 191.83732986450195 130.5043487548828 191.83732986450195 172.74422073364258 174.94137573242188 172.74422073364258
175.5099639892578 131.04605102539062 192.60944366455078 131.04605102539062 192.60944366455078 173.79473495483398 175.5099639892578 173.79473495483398
175.01901245117188 131.00843811035156 192.05861473083496 131.00843811035156 192.05861473083496 173.60742568969727 175.01901245117188 173.60742568969727
173.67185974121094 129.85464477539062 190.86303901672363 129.85464477539062 190.86303901672363 172.83257293701172 173.67185974121094 172.83257293701172
174.25875854492188 129.42901611328125 191.62920761108398 129.42901611328125 191.62920761108398 172.85512161254883 174.25875854492188 172.85512161254883
173.55422973632812 129.0625457763672 190.64928245544434 129.0625457763672 190.64928245544434 171.80016326904297 173.55422973632812 171.80016326904297
173.6715545654297 130.11398315429688 190.44958877563477 130.11398315429688 190.44958877563477 172.05905532836914 173.6715545654297 172.05905532836914
173.76528930664062 130.74127197265625 190.51506996154785 130.74127197265625 190.51506996154785 172.61570358276367 173.76528930664062 172.61570358276367
173.6484375 130.2591094970703 190.41173362731934 130.2591094970703 190.41173362731934 172.1673355102539 173.6484375 172.1673355102539
172.99984741210938 130.8324737548828 189.77045249938965 130.8324737548828 189.77045249938965 172.75896835327148 172.99984741210938 172.75896835327148
171.7253875732422 129.9114990234375 188.7120876312256 129.9114990234375 188.7120876312256 172.37823486328125 171.7253875732422 172.37823486328125
172.6221466064453 129.46450805664062 189.59306716918945 129.46450805664062 189.59306716918945 171.89179229736328 172.6221466064453 171.89179229736328
171.87155151367188 129.2854766845703 188.9560260772705 129.2854766845703 188.9560260772705 171.99664688110352 171.87155151367188 171.99664688110352
171.22500610351562 130.8804168701172 188.1590118408203 130.8804168701172 188.1590118408203 173.21541213989258 171.22500610351562 173.21541213989258
171.0880584716797 129.958740234375 187.9318962097168 129.958740234375 187.9318962097168 172.06830978393555 171.0880584716797 172.06830978393555
170.97703552246094 129.38272094726562 188.04943084716797 129.38272094726562 188.04943084716797 172.0636863708496 170.97703552246094 172.0636863708496
170.65025329589844 130.4681854248047 187.7740364074707 130.4681854248047 187.7740364074707 173.2776222229004 170.65025329589844 173.2776222229004
170.37020874023438 130.48202514648438 187.52541732788086 130.48202514648438 187.52541732788086 173.37003326416016 170.37020874023438 173.37003326416016
169.60037231445312 130.02613830566406 186.70589637756348 130.02613830566406 186.70589637756348 172.7899398803711 169.60037231445312 172.7899398803711
169.75967407226562 130.51284790039062 186.99424171447754 130.51284790039062 186.99424171447754 173.59926223754883 169.75967407226562 173.59926223754883
168.94158935546875 129.51309204101562 186.44411277770996 129.51309204101562 186.44411277770996 173.2693977355957 168.94158935546875 173.2693977355957
168.572509765625 130.1761474609375 185.6489143371582 130.1761474609375 185.6489143371582 172.8671531677246 168.572509765625 172.8671531677246
168.82070922851562 128.42330932617188 186.14477157592773 128.42330932617188 186.14477157592773 171.73345565795898 168.82070922851562 171.73345565795898
168.15731811523438 128.85121154785156 185.53190422058105 128.85121154785156 185.53190422058105 172.2876739501953 168.15731811523438 172.2876739501953
168.21847534179688 129.39378356933594 185.37054824829102 129.39378356933594 185.37054824829102 172.2739601135254 168.21847534179688 172.2739601135254
168.07656860351562 129.72637939453125 185.26606369018555 129.72637939453125 185.26606369018555 172.70011520385742 168.07656860351562 172.70011520385742
168.07162475585938 129.04421997070312 185.37335205078125 129.04421997070312 185.37335205078125 172.29853439331055 168.07162475585938 172.29853439331055
167.7774200439453 129.48623657226562 185.02234268188477 129.48623657226562 185.02234268188477 172.59854125976562 167.7774200439453 172.59854125976562
167.5128173828125 129.90072631835938 184.9595890045166 129.90072631835938 184.9595890045166 173.51765060424805 167.5128173828125 173.51765060424805
167.05377197265625 128.16415405273438 184.40188789367676 128.16415405273438 184.40188789367676 171.53443908691406 167.05377197265625 171.53443908691406
166.9297332763672 128.79287719726562 184.2374153137207 128.79287719726562 184.2374153137207 172.06208038330078 166.9297332763672 172.06208038330078
166.6903533935547 128.16802978515625 184.22174644470215 128.16802978515625 184.22174644470215 171.99651336669922 166.6903533935547 171.99651336669922
166.87721252441406 126.12606048583984 184.1750373840332 126.12606048583984 184.1750373840332 169.37062072753906 166.87721252441406 169.37062072753906
166.4051513671875 126.41307067871094 183.5759391784668 126.41307067871094 183.5759391784668 169.34003448486328 166.4051513671875 169.34003448486328
167.26419067382812 127.6929931640625 184.49152374267578 127.6929931640625 184.49152374267578 170.76131439208984 167.26419067382812 170.76131439208984
167.3983154296875 128.66812133789062 184.38338661193848 128.66812133789062 184.38338661193848 171.13078689575195 167.3983154296875 171.13078689575195
166.65658569335938 128.80587768554688 183.83583068847656 128.80587768554688 183.83583068847656 171.75397872924805 166.65658569335938 171.75397872924805
165.9611053466797 126.34639739990234 182.87126541137695 126.34639739990234 182.87126541137695 168.6217803955078 165.9611053466797 168.6217803955078
166.76675415039062 126.41426849365234 183.3665370941162 126.41426849365234 183.3665370941162 167.91371154785156 166.76675415039062 167.91371154785156
165.70103454589844 126.16886901855469 182.3521614074707 126.16886901855469 182.3521614074707 167.79666900634766 165.70103454589844 167.79666900634766
165.62794494628906 127.05592346191406 182.49459838867188 127.05592346191406 182.49459838867188 169.22254180908203 165.62794494628906 169.22254180908203
166.2800750732422 126.61100769042969 183.0941505432129 126.61100769042969 183.0941505432129 168.64617919921875 166.2800750732422 168.64617919921875
166.01034545898438 126.29035949707031 182.97453117370605 126.29035949707031 182.97453117370605 168.70080947875977 166.01034545898438 168.70080947875977
165.9025115966797 125.7019271850586 183.19389724731445 125.7019271850586 183.19389724731445 168.9303741455078 165.9025115966797 168.9303741455078
166.18832397460938 126.7802505493164 183.93213844299316 126.7802505493164 183.93213844299316 171.1397705078125 166.18832397460938 171.1397705078125
165.23550415039062 126.23897552490234 183.23790550231934 126.23897552490234 183.23790550231934 171.24496459960938 165.23550415039062 171.24496459960938
165.12594604492188 125.70352935791016 182.7361183166504 125.70352935791016 182.7361183166504 169.72894287109375 165.12594604492188 169.72894287109375
166.60855102539062 126.98738861083984 184.1928997039795 126.98738861083984 184.1928997039795 170.94824600219727 166.60855102539062 170.94824600219727
166.3285369873047 126.7784652709961 183.8000831604004 126.7784652709961 183.8000831604004 170.45731353759766 166.3285369873047 170.45731353759766
166.27072143554688 125.6010513305664 183.5863037109375 125.6010513305664 183.5863037109375 168.88998413085938 166.27072143554688 168.88998413085938
166.72547912597656 126.21866607666016 183.990571975708 126.21866607666016 183.990571975708 169.38137435913086 166.72547912597656 169.38137435913086
166.19790649414062 124.85459899902344 183.57045936584473 124.85459899902344 183.57045936584473 168.28595733642578 166.19790649414062 168.28595733642578
166.6031494140625 125.2628402709961 183.8092155456543 125.2628402709961 183.8092155456543 168.27798461914062 166.6031494140625 168.27798461914062
166.59153747558594 124.50727844238281 183.8037452697754 124.50727844238281 183.8037452697754 167.53777694702148 166.59153747558594 167.53777694702148
167.2512969970703 125.74969482421875 184.28059768676758 125.74969482421875 184.28059768676758 168.32292938232422 167.2512969970703 168.32292938232422
165.9714813232422 124.9951171875 183.30864143371582 124.9951171875 183.30864143371582 168.3380012512207 165.9714813232422 168.3380012512207
166.53866577148438 125.70633697509766 183.7691822052002 125.70633697509766 183.7691822052002 168.78261184692383 166.53866577148438 168.78261184692383
166.55303955078125 125.25960540771484 183.91246604919434 125.25960540771484 183.91246604919434 168.6581573486328 166.55303955078125 168.6581573486328
166.8104248046875 124.77693176269531 184.20029258728027 124.77693176269531 184.20029258728027 168.25159072875977 166.8104248046875 168.25159072875977
167.0642547607422 123.78448486328125 184.6547908782959 123.78448486328125 184.6547908782959 167.7608184814453 167.0642547607422 167.7608184814453
167.64938354492188 125.4925765991211 185.13040351867676 125.4925765991211 185.13040351867676 169.19511795043945 167.64938354492188 169.19511795043945
168.01475524902344 124.883544921875 185.5511817932129 124.883544921875 185.5511817932129 168.72460174560547 168.01475524902344 168.72460174560547
167.45138549804688 123.87892150878906 184.99230575561523 123.87892150878906 184.99230575561523 167.7312126159668 167.45138549804688 167.7312126159668
167.47540283203125 122.206787109375 185.20674514770508 122.206787109375 185.20674514770508 166.5351333618164 167.47540283203125 166.5351333618164
168.13327026367188 125.0680923461914 185.69815254211426 125.0680923461914 185.69815254211426 168.98028564453125 168.13327026367188 168.98028564453125
168.16212463378906 124.27009582519531 185.76756286621094 124.27009582519531 185.76756286621094 168.2836799621582 168.16212463378906 168.2836799621582
167.9092254638672 124.08103942871094 185.79170989990234 124.08103942871094 185.79170989990234 168.83492279052734 167.9092254638672 168.83492279052734
168.41098022460938 122.68537902832031 186.0219383239746 122.68537902832031 186.0219383239746 166.7127685546875 168.41098022460938 166.7127685546875
168.09689331054688 123.6859130859375 185.79419708251953 123.6859130859375 185.79419708251953 167.9291648864746 168.09689331054688 167.9291648864746
168.23947143554688 123.26822662353516 185.6992073059082 123.26822662353516 185.6992073059082 166.91756057739258 168.23947143554688 166.91756057739258
169.23468017578125 124.7022933959961 186.82343101501465 124.7022933959961 186.82343101501465 168.67416763305664 169.23468017578125 168.67416763305664
168.90904235839844 124.06520080566406 186.5928554534912 124.06520080566406 186.5928554534912 168.27473068237305 168.90904235839844 168.27473068237305
168.57460021972656 123.82347106933594 186.50633430480957 123.82347106933594 186.50633430480957 168.65280151367188 168.57460021972656 168.65280151367188
169.15219116210938 124.4520034790039 187.0474395751953 124.4520034790039 187.0474395751953 169.19012069702148 169.15219116210938 169.19012069702148
169.1798553466797 123.00358581542969 187.3055419921875 123.00358581542969 187.3055419921875 168.31780242919922 169.1798553466797 168.31780242919922
168.91036987304688 122.57838439941406 186.99808311462402 122.57838439941406 186.99808311462402 167.79767608642578 168.91036987304688 167.79767608642578
168.54232788085938 120.64305114746094 186.74692916870117 120.64305114746094 186.74692916870117 166.15456771850586 168.54232788085938 166.15456771850586
169.19195556640625 120.0673599243164 187.44328689575195 120.0673599243164 187.44328689575195 165.69570922851562 169.19195556640625 165.69570922851562
169.6087646484375 122.18696594238281 187.6717414855957 122.18696594238281 187.6717414855957 167.34442901611328 169.6087646484375 167.34442901611328
169.53335571289062 120.36174011230469 187.58716201782227 120.36174011230469 187.58716201782227 165.49628067016602 169.53335571289062 165.49628067016602
169.41748046875 120.9233627319336 187.2719020843506 120.9233627319336 187.2719020843506 165.55944061279297 169.41748046875 165.55944061279297
169.7119903564453 122.274658203125 187.5747127532959 122.274658203125 187.5747127532959 166.93149185180664 169.7119903564453 166.93149185180664
170.50657653808594 121.51490783691406 188.2561149597168 121.51490783691406 188.2561149597168 165.88878631591797 170.50657653808594 165.88878631591797
170.98306274414062 121.97572326660156 188.43099403381348 121.97572326660156 188.43099403381348 165.5955810546875 170.98306274414062 165.5955810546875
170.96681213378906 121.37908935546875 188.13343238830566 121.37908935546875 188.13343238830566 164.2956657409668 170.96681213378906 164.2956657409668
171.295654296875 121.4201889038086 188.45464324951172 121.4201889038086 188.45464324951172 164.31768798828125 171.295654296875 164.31768798828125
171.91726684570312 122.47505187988281 188.76821899414062 122.47505187988281 188.76821899414062 164.60245513916016 171.91726684570312 164.60245513916016
172.00381469726562 122.207275390625 188.7091007232666 122.207275390625 188.7091007232666 163.97051239013672 172.00381469726562 163.97051239013672
171.8795928955078 120.63533782958984 188.78577613830566 120.63533782958984 188.78577613830566 162.90081787109375 171.8795928955078 162.90081787109375
172.2748260498047 122.14714050292969 188.87544059753418 122.14714050292969 188.87544059753418 163.64869689941406 172.2748260498047 163.64869689941406
172.49392700195312 120.8153076171875 189.00095558166504 120.8153076171875 189.00095558166504 162.08290481567383 172.49392700195312 162.08290481567383
172.7002410888672 122.72090148925781 189.25736618041992 122.72090148925781 189.25736618041992 164.11374282836914 172.7002410888672 164.11374282836914
173.38255310058594 121.1277847290039 189.97210311889648 121.1277847290039 189.97210311889648 162.6016845703125 173.38255310058594 162.6016845703125
173.42840576171875 120.45062255859375 190.11959648132324 120.45062255859375 190.11959648132324 162.17862701416016 173.42840576171875 162.17862701416016
173.86024475097656 121.1497802734375 190.28195762634277 121.1497802734375 190.28195762634277 162.20409393310547 173.86024475097656 162.20409393310547
174.20950317382812 122.10990905761719 190.47896194458008 122.10990905761719 190.47896194458008 162.7835922241211 174.20950317382812 162.7835922241211
174.64279174804688 122.1201400756836 190.81496238708496 122.1201400756836 190.81496238708496 162.55060195922852 174.64279174804688 162.55060195922852
174.65765380859375 121.0711898803711 190.77110290527344 121.0711898803711 190.77110290527344 161.35484313964844 174.65765380859375 161.35484313964844
176.01516723632812 121.8510971069336 192.02276039123535 121.8510971069336 192.02276039123535 161.87010955810547 176.01516723632812 161.87010955810547
176.0716552734375 122.2716293334961 192.48363876342773 122.2716293334961 192.48363876342773 163.30162048339844 176.0716552734375 163.30162048339844
176.05502319335938 121.22794342041016 192.46490859985352 121.22794342041016 192.46490859985352 162.25269317626953 176.05502319335938 162.25269317626953
176.5623321533203 121.5006103515625 192.86003494262695 121.5006103515625 192.86003494262695 162.24489974975586 176.5623321533203 162.24489974975586
177.09527587890625 122.51560974121094 193.1826515197754 122.51560974121094 193.1826515197754 162.73407745361328 177.09527587890625 162.73407745361328
177.79122924804688 123.0694808959961 193.63560009002686 123.0694808959961 193.63560009002686 162.68043899536133 177.79122924804688 162.68043899536133
178.18997192382812 122.32844543457031 193.95141792297363 122.32844543457031 193.95141792297363 161.7320899963379 178.18997192382812 161.7320899963379
178.69540405273438 122.1053237915039 194.4625949859619 122.1053237915039 194.4625949859619 161.52333068847656 178.69540405273438 161.52333068847656
179.1243438720703 122.05342102050781 194.96437072753906 122.05342102050781 194.96437072753906 161.65351486206055 179.1243438720703 161.65351486206055
179.40248107910156 121.34537506103516 195.2603302001953 121.34537506103516 195.2603302001953 160.9900245666504 179.40248107910156 160.9900245666504
179.47052001953125 121.4301528930664 195.036958694458 121.4301528930664 195.036958694458 160.34627151489258 179.47052001953125 160.34627151489258
179.6639404296875 121.53373718261719 195.5024185180664 121.53373718261719 195.5024185180664 161.12995529174805 179.6639404296875 161.12995529174805
179.50723266601562 121.76023864746094 195.4843235015869 121.76023864746094 195.4843235015869 161.70298767089844 179.50723266601562 161.70298767089844
179.77679443359375 121.0025405883789 195.87010192871094 121.0025405883789 195.87010192871094 161.23583221435547 179.77679443359375 161.23583221435547
179.7843017578125 120.83650207519531 195.9681510925293 120.83650207519531 195.9681510925293 161.29614639282227 179.7843017578125 161.29614639282227
180.0260009765625 120.9906234741211 195.76953315734863 120.9906234741211 195.76953315734863 160.34947204589844 180.0260009765625 160.34947204589844
180.3129119873047 120.95469665527344 195.937105178833 120.95469665527344 195.937105178833 160.01519012451172 180.3129119873047 160.01519012451172
180.89822387695312 120.62620544433594 196.5105381011963 120.62620544433594 196.5105381011963 159.6570053100586 180.89822387695312 159.6570053100586
180.88766479492188 121.0025405883789 196.2279691696167 121.0025405883789 196.2279691696167 159.3533172607422 180.88766479492188 159.3533172607422
181.20315551757812 121.49784851074219 196.5558729171753 121.49784851074219 196.5558729171753 159.8796615600586 181.20315551757812 159.8796615600586
181.82077026367188 121.1032485961914 197.24800300598145 121.1032485961914 197.24800300598145 159.67134857177734 181.82077026367188 159.67134857177734
181.85687255859375 121.6114730834961 197.21150398254395 121.6114730834961 197.21150398254395 159.99806594848633 181.85687255859375 159.99806594848633
182.27354431152344 121.05973052978516 197.52579498291016 121.05973052978516 197.52579498291016 159.19037246704102 182.27354431152344 159.19037246704102
182.59971618652344 121.19454193115234 197.7578945159912 121.19454193115234 197.7578945159912 159.0900001525879 182.59971618652344 159.0900001525879
182.17495727539062 120.76541900634766 197.54396629333496 120.76541900634766 197.54396629333496 159.1879539489746 182.17495727539062 159.1879539489746
182.44175720214844 119.82463073730469 197.9555788040161 119.82463073730469 197.9555788040161 158.60919570922852 182.44175720214844 158.60919570922852
182.98416137695312 120.5927963256836 198.60009288787842 120.5927963256836 198.60009288787842 159.63264083862305 182.98416137695312 159.63264083862305
183.13427734375 121.96751403808594 198.66419410705566 121.96751403808594 198.66419410705566 160.79232025146484 183.13427734375 160.79232025146484
182.52191162109375 120.22309875488281 198.14782428741455 120.22309875488281 198.14782428741455 159.28789520263672 182.52191162109375 159.28789520263672
183.0490264892578 119.7355728149414 198.51033306121826 119.7355728149414 198.51033306121826 158.38885116577148 183.0490264892578 158.38885116577148
183.7251434326172 120.42857360839844 199.05862617492676 120.42857360839844 199.05862617492676 158.76229095458984 183.7251434326172 158.76229095458984
183.4946746826172 120.6362533569336 198.74445629119873 120.6362533569336 198.74445629119873 158.76071548461914 183.4946746826172 158.76071548461914
183.3195343017578 120.4764404296875 198.420428276062 120.4764404296875 198.420428276062 158.2286834716797 183.3195343017578 158.2286834716797
183.2216796875 120.89775085449219 198.325927734375 120.89775085449219 198.325927734375 158.65837860107422 183.2216796875 158.65837860107422
183.8706817626953 120.05113220214844 199.08134174346924 120.05113220214844 199.08134174346924 158.07778549194336 183.8706817626953 158.07778549194336
183.31771850585938 118.58819580078125 198.65591621398926 118.58819580078125 198.65591621398926 156.9336929321289 183.31771850585938 156.9336929321289
183.14398193359375 119.34443664550781 198.72119426727295 119.34443664550781 198.72119426727295 158.28746795654297 183.14398193359375 158.28746795654297
183.91439819335938 119.96785736083984 199.46932220458984 119.96785736083984 199.46932220458984 158.85516357421875 183.91439819335938 158.85516357421875
184.22406005859375 120.14881896972656 199.94635200500488 120.14881896972656 199.94635200500488 159.4545440673828 184.22406005859375 159.4545440673828
183.77816772460938 120.0003890991211 199.58974170684814 120.0003890991211 199.58974170684814 159.52931594848633 183.77816772460938 159.52931594848633
184.0296630859375 119.50518798828125 199.77202320098877 119.50518798828125 199.77202320098877 158.86108016967773 184.0296630859375 158.86108016967773
185.16497802734375 119.85347747802734 200.55787086486816 119.85347747802734 200.55787086486816 158.33569717407227 185.16497802734375 158.33569717407227
184.76162719726562 119.44754791259766 200.306866645813 119.44754791259766 200.306866645813 158.3106346130371 184.76162719726562 158.3106346130371
184.93472290039062 118.995361328125 200.55072212219238 118.995361328125 200.55072212219238 158.03534698486328 184.93472290039062 158.03534698486328
185.2017364501953 118.7740249633789 200.977313041687 118.7740249633789 200.977313041687 158.21295547485352 185.2017364501953 158.21295547485352
185.96751403808594 118.7683334350586 201.63828086853027 118.7683334350586 201.63828086853027 157.94524383544922 185.96751403808594 157.94524383544922
