215.0 127.0 270.0 127.0 270.0 147.0 215.0 147.0
219.2678680419922 128.9248046875 269.08864974975586 128.9248046875 269.08864974975586 147.13895797729492 219.2678680419922 147.13895797729492
222.98995971679688 126.116943359375 279.82587814331055 126.116943359375 279.82587814331055 146.7845516204834 222.98995971679688 146.7845516204834
228.3768768310547 126.41944885253906 278.10926055908203 126.41944885253906 278.10926055908203 144.51574516296387 228.3768768310547 144.51574516296387
229.17947387695312 126.730224609375 277.38720321655273 126.730224609375 277.38720321655273 145.33257293701172 229.17947387695312 145.33257293701172
231.1781768798828 126.61344146728516 282.2384796142578 126.61344146728516 282.2384796142578 143.86529731750488 231.1781768798828 143.86529731750488
231.3054656982422 125.48722076416016 284.3249740600586 125.48722076416016 284.3249740600586 143.31786155700684 231.3054656982422 143.31786155700684
236.57864379882812 124.19181823730469 287.71311950683594 124.19181823730469 287.71311950683594 141.4394130706787 236.57864379882812 141.4394130706787
236.2159881591797 123.9634017944336 289.40280532836914 123.9634017944336 289.40280532836914 141.10396766662598 236.2159881591797 141.10396766662598
235.41201782226562 122.13999938964844 291.8442268371582 122.13999938964844 291.8442268371582 140.48416900634766 235.41201782226562 140.48416900634766
236.7322540283203 122.24299621582031 291.71837615966797 122.24299621582031 291.71837615966797 140.05527114868164 236.7322540283203 140.05527114868164
236.6243133544922 122.33553314208984 291.027889251709 122.33553314208984 291.027889251709 140.78923416137695 236.6243133544922 140.78923416137695
239.24008178710938 121.87443542480469 289.15336990356445 121.87443542480469 289.15336990356445 139.7659511566162 239.24008178710938 139.7659511566162
243.43667602539062 119.64421081542969 290.83312225341797 119.64421081542969 290.83312225341797 139.39087104797363 243.43667602539062 139.39087104797363
231.24832153320312 116.56431579589844 290.6199531555176 116.56431579589844 290.6199531555176 138.1540012359619 231.24832153320312 138.1540012359619
241.98388671875 119.02567291259766 290.0519218444824 119.02567291259766 290.0519218444824 138.3815574645996 241.98388671875 138.3815574645996
236.34530639648438 117.92236328125 288.5472640991211 117.92236328125 288.5472640991211 137.99428176879883 236.34530639648438 137.99428176879883
237.5784912109375 118.32618713378906 287.6512336730957 118.32618713378906 287.6512336730957 138.09979629516602 237.5784912109375 138.09979629516602
229.9308319091797 117.32014465332031 286.87013244628906 117.32014465332031 286.87013244628906 138.0253448486328 229.9308319091797 138.0253448486328
239.0255889892578 119.01827239990234 284.5466842651367 119.01827239990234 284.5466842651367 138.78944778442383 239.0255889892578 138.78944778442383
238.8059539794922 120.53697204589844 282.78418350219727 120.53697204589844 282.78418350219727 139.88055801391602 238.8059539794922 139.88055801391602
234.3114013671875 120.6749038696289 282.45565032958984 120.6749038696289 282.45565032958984 141.0172233581543 234.3114013671875 141.0172233581543
233.75021362304688 121.52294921875 281.44246673583984 121.52294921875 281.44246673583984 142.16127967834473 233.75021362304688 142.16127967834473
224.2682647705078 124.04007720947266 279.625301361084 124.04007720947266 279.625301361084 144.1699047088623 224.2682647705078 144.1699047088623
232.13058471679688 125.2734146118164 275.3845329284668 125.2734146118164 275.3845329284668 144.78900146484375 232.13058471679688 144.78900146484375
232.22628784179688 128.27267456054688 273.9778518676758 128.27267456054688 273.9778518676758 147.59262466430664 232.22628784179688 147.59262466430664
231.593994140625 130.87701416015625 272.2872200012207 130.87701416015625 272.2872200012207 149.4086570739746 231.593994140625 149.4086570739746
229.7615509033203 131.4646453857422 270.58528900146484 131.4646453857422 270.58528900146484 149.89946937561035 229.7615509033203 149.89946937561035
229.0625762939453 135.6766815185547 269.6056785583496 135.6766815185547 269.6056785583496 153.77003860473633 229.0625762939453 153.77003860473633
229.0840301513672 136.12533569335938 268.79093170166016 136.12533569335938 268.79093170166016 153.90853881835938 229.0840301513672 153.90853881835938
227.3438720703125 138.40219116210938 266.3018379211426 138.40219116210938 266.3018379211426 156.44968605041504 227.3438720703125 156.44968605041504
224.93701171875 139.91799926757812 265.4873962402344 139.91799926757812 265.4873962402344 158.18566513061523 224.93701171875 158.18566513061523
224.7935333251953 141.2244110107422 265.24496841430664 141.2244110107422 265.24496841430664 159.2279815673828 224.7935333251953 159.2279815673828
220.2835693359375 144.4866485595703 262.697566986084 144.4866485595703 262.697566986084 161.91075134277344 220.2835693359375 161.91075134277344
219.05374145507812 144.53538513183594 262.59133529663086 144.53538513183594 262.59133529663086 161.914945602417 219.05374145507812 161.914945602417
220.3995361328125 145.82083129882812 261.7769355773926 145.82083129882812 261.7769355773926 162.0671215057373 220.3995361328125 162.0671215057373
221.7742462158203 145.85067749023438 262.0638999938965 145.85067749023438 262.0638999938965 162.0733528137207 221.7742462158203 162.0733528137207
219.2716064453125 146.6389617919922 262.435489654541 146.6389617919922 262.435489654541 163.00496292114258 219.2716064453125 163.00496292114258
220.3969268798828 146.67642211914062 261.85136795043945 146.67642211914062 261.85136795043945 162.58824348449707 220.3969268798828 162.58824348449707
220.27072143554688 147.35296630859375 262.4038505554199 147.35296630859375 262.4038505554199 162.82128620147705 220.27072143554688 162.82128620147705
220.3892822265625 146.249267578125 263.0750732421875 146.249267578125 263.0750732421875 162.49465370178223 220.3892822265625 162.49465370178223
219.8818359375 146.11465454101562 263.2126998901367 146.11465454101562 263.2126998901367 161.5384464263916 219.8818359375 161.5384464263916
222.3051300048828 145.28883361816406 263.2364196777344 145.28883361816406 263.2364196777344 161.75110054016113 222.3051300048828 161.75110054016113
223.74111938476562 144.64791870117188 262.5531120300293 144.64791870117188 262.5531120300293 162.39661026000977 223.74111938476562 162.39661026000977
223.414306640625 144.32884216308594 262.2816848754883 144.32884216308594 262.2816848754883 162.2994441986084 223.414306640625 162.2994441986084
221.52401733398438 144.0203094482422 263.39738845825195 144.0203094482422 263.39738845825195 163.05535316467285 221.52401733398438 163.05535316467285
214.6818084716797 143.82814025878906 261.87751388549805 143.82814025878906 261.87751388549805 160.99020957946777 214.6818084716797 160.99020957946777
217.30624389648438 141.91897583007812 265.0832176208496 141.91897583007812 265.0832176208496 159.29241561889648 217.30624389648438 159.29241561889648
217.0602264404297 142.6725616455078 264.3379325866699 142.6725616455078 264.3379325866699 159.8644504547119 217.0602264404297 159.8644504547119
216.85946655273438 143.0557098388672 264.75728607177734 143.0557098388672 264.75728607177734 160.47309494018555 216.85946655273438 160.47309494018555
219.77432250976562 142.13272094726562 267.37945556640625 142.13272094726562 267.37945556640625 159.4436740875244 219.77432250976562 159.4436740875244
223.61734008789062 143.0535430908203 268.6677017211914 143.0535430908203 268.6677017211914 161.89445114135742 223.61734008789062 161.89445114135742
222.9301300048828 142.75930786132812 269.8774185180664 142.75930786132812 269.8774185180664 161.59526443481445 222.9301300048828 161.59526443481445
227.84762573242188 142.89259338378906 271.0316696166992 142.89259338378906 271.0316696166992 162.1096706390381 227.84762573242188 162.1096706390381
230.54849243164062 141.79086303710938 272.2179069519043 141.79086303710938 272.2179069519043 161.1824836730957 230.54849243164062 161.1824836730957
234.94668579101562 140.64276123046875 274.80487060546875 140.64276123046875 274.80487060546875 159.20067977905273 234.94668579101562 159.20067977905273
234.7669677734375 141.91036987304688 275.83325958251953 141.91036987304688 275.83325958251953 160.3658390045166 234.7669677734375 160.3658390045166
236.0992889404297 141.2047119140625 278.68970489501953 141.2047119140625 278.68970489501953 160.83545303344727 236.0992889404297 160.83545303344727
239.799072265625 140.983154296875 279.4131507873535 140.983154296875 279.4131507873535 159.33381462097168 239.799072265625 159.33381462097168
234.0283966064453 140.1240234375 279.5753707885742 140.1240234375 279.5753707885742 159.30972862243652 234.0283966064453 159.30972862243652
238.1204376220703 142.4674072265625 280.18297958374023 142.4674072265625 280.18297958374023 162.11799430847168 238.1204376220703 162.11799430847168
237.4977264404297 141.75987243652344 280.14603424072266 141.75987243652344 280.14603424072266 160.1698112487793 237.4977264404297 160.1698112487793
238.10452270507812 141.50430297851562 281.96828842163086 141.50430297851562 281.96828842163086 161.5833683013916 238.10452270507812 161.5833683013916
238.51980590820312 142.1164093017578 280.6157112121582 142.1164093017578 280.6157112121582 162.2332000732422 238.51980590820312 162.2332000732422
238.466796875 142.24954223632812 282.0175971984863 142.24954223632812 282.0175971984863 162.65061569213867 238.466796875 162.65061569213867
240.136962890625 142.1250762939453 283.29671478271484 142.1250762939453 283.29671478271484 161.59945106506348 240.136962890625 161.59945106506348
239.7499542236328 143.33950805664062 283.49312591552734 143.33950805664062 283.49312591552734 161.1737403869629 239.7499542236328 161.1737403869629
240.4107208251953 143.8621826171875 284.2837257385254 143.8621826171875 284.2837257385254 161.5010223388672 240.4107208251953 161.5010223388672
239.3536834716797 145.00564575195312 282.8163833618164 145.00564575195312 282.8163833618164 161.6932315826416 239.3536834716797 161.6932315826416
236.1193389892578 146.9440460205078 283.0812568664551 146.9440460205078 283.0812568664551 163.40691757202148 236.1193389892578 163.40691757202148
236.81494140625 146.70513916015625 283.50355529785156 146.70513916015625 283.50355529785156 163.19342422485352 236.81494140625 163.19342422485352
233.2655792236328 149.05908203125 283.4774284362793 149.05908203125 283.4774284362793 165.30623817443848 233.2655792236328 165.30623817443848
237.6053009033203 142.31527709960938 289.9098434448242 142.31527709960938 289.9098434448242 161.33510208129883 237.6053009033203 161.33510208129883
225.1160125732422 153.2032012939453 276.3133239746094 153.2032012939453 276.3133239746094 171.8203945159912 225.1160125732422 171.8203945159912
218.003173828125 159.78451538085938 268.19307708740234 159.78451538085938 268.19307708740234 178.03538131713867 218.003173828125 178.03538131713867
216.46200561523438 157.3491668701172 267.29729080200195 157.3491668701172 267.29729080200195 175.834716796875 216.46200561523438 175.834716796875
218.7686767578125 159.42005920410156 269.5802993774414 159.42005920410156 269.5802993774414 177.8970069885254 218.7686767578125 177.8970069885254
217.7092742919922 159.61373901367188 268.1559181213379 159.61373901367188 268.1559181213379 177.9579677581787 217.7092742919922 177.9579677581787
220.81655883789062 161.34219360351562 271.11714935302734 161.34219360351562 271.11714935302734 179.6333122253418 220.81655883789062 179.6333122253418
226.21932983398438 149.96185302734375 275.8500328063965 149.96185302734375 275.8500328063965 168.0093765258789 226.21932983398438 168.0093765258789
221.03720092773438 161.85276794433594 270.6108818054199 161.85276794433594 270.6108818054199 179.87955856323242 221.03720092773438 179.87955856323242
220.88217163085938 150.13661193847656 269.077823638916 150.13661193847656 269.077823638916 167.6623020172119 220.88217163085938 167.6623020172119
222.4362030029297 162.67315673828125 270.5039520263672 162.67315673828125 270.5039520263672 180.1523380279541 222.4362030029297 180.1523380279541
223.96218872070312 165.06326293945312 271.7973098754883 165.06326293945312 271.7973098754883 182.4578514099121 223.96218872070312 182.4578514099121
222.91244506835938 164.92214965820312 270.6030044555664 164.92214965820312 270.6030044555664 182.2641716003418 222.91244506835938 182.2641716003418
218.8172607421875 168.99087524414062 266.6598358154297 168.99087524414062 266.6598358154297 186.38817596435547 218.8172607421875 186.38817596435547
218.4248809814453 168.96444702148438 266.63742446899414 168.96444702148438 266.63742446899414 186.49628067016602 218.4248809814453 186.49628067016602
214.75997924804688 172.9222869873047 263.79084396362305 172.9222869873047 263.79084396362305 190.75168991088867 214.75997924804688 190.75168991088867
223.7529296875 167.53271484375 272.77478790283203 167.53271484375 272.77478790283203 185.3588409423828 223.7529296875 185.3588409423828
229.94143676757812 164.1210174560547 271.92090225219727 164.1210174560547 271.92090225219727 183.13677215576172 229.94143676757812 183.13677215576172
228.5608367919922 165.4298095703125 273.9938201904297 165.4298095703125 273.9938201904297 184.28968620300293 228.5608367919922 184.28968620300293
229.6925506591797 163.15855407714844 274.2445297241211 163.15855407714844 274.2445297241211 182.9436912536621 229.6925506591797 182.9436912536621
219.0683135986328 170.65676879882812 269.7927894592285 170.65676879882812 269.7927894592285 189.10202407836914 219.0683135986328 189.10202407836914
227.9085235595703 163.9839324951172 278.7465019226074 163.9839324951172 278.7465019226074 182.47046279907227 227.9085235595703 182.47046279907227
224.26675415039062 165.15042114257812 275.7530326843262 165.15042114257812 275.7530326843262 183.8726978302002 224.26675415039062 183.8726978302002
226.21987915039062 160.91217041015625 278.11705780029297 160.91217041015625 278.11705780029297 179.78386306762695 226.21987915039062 179.78386306762695
226.63638305664062 160.5938720703125 279.1445846557617 160.5938720703125 279.1445846557617 179.6877555847168 226.63638305664062 179.6877555847168
224.36514282226562 160.0452880859375 276.97040939331055 160.0452880859375 276.97040939331055 179.17446899414062 224.36514282226562 179.17446899414062
231.49880981445312 158.0974884033203 277.9528923034668 158.0974884033203 277.9528923034668 178.9591941833496 231.49880981445312 178.9591941833496
223.0107421875 159.3450469970703 275.55347442626953 159.3450469970703 275.55347442626953 178.45148849487305 223.0107421875 178.45148849487305
223.30117797851562 159.97105407714844 275.9919738769531 159.97105407714844 275.9919738769531 179.1313362121582 223.30117797851562 179.1313362121582
222.61984252929688 160.54754638671875 275.4734916687012 160.54754638671875 275.4734916687012 179.76704788208008 222.61984252929688 179.76704788208008
222.7669677734375 158.5141143798828 274.8120002746582 158.5141143798828 274.8120002746582 177.43957328796387 222.7669677734375 177.43957328796387
223.90975952148438 157.4998321533203 274.4000778198242 157.4998321533203 274.4000778198242 177.6567325592041 223.90975952148438 177.6567325592041
227.94851684570312 157.59521484375 275.51968002319336 157.59521484375 275.51968002319336 178.3326473236084 227.94851684570312 178.3326473236084
223.51821899414062 159.0370330810547 275.40518951416016 159.0370330810547 275.40518951416016 178.7358055114746 223.51821899414062 178.7358055114746
225.49288940429688 156.263916015625 278.61469650268555 156.263916015625 278.61469650268555 174.92094612121582 225.49288940429688 174.92094612121582
239.2860565185547 148.7964630126953 292.9719009399414 148.7964630126953 292.9719009399414 165.68144607543945 239.2860565185547 165.68144607543945
241.2470703125 147.37525939941406 295.47667694091797 147.37525939941406 295.47667694091797 165.05559730529785 241.2470703125 165.05559730529785
247.2379608154297 145.93240356445312 297.1574935913086 145.93240356445312 297.1574935913086 164.2890281677246 247.2379608154297 164.2890281677246
247.12161254882812 146.0132293701172 296.95127868652344 146.0132293701172 296.95127868652344 165.31654167175293 247.12161254882812 165.31654167175293
249.0209503173828 145.32456970214844 297.7890167236328 145.32456970214844 297.7890167236328 164.15721321105957 249.0209503173828 164.15721321105957
249.6715545654297 145.33071899414062 298.18352127075195 145.33071899414062 298.18352127075195 165.26894569396973 249.6715545654297 165.26894569396973
251.31704711914062 144.63290405273438 299.0171432495117 144.63290405273438 299.0171432495117 164.7927532196045 251.31704711914062 164.7927532196045
253.14450073242188 144.649169921875 299.1992645263672 144.649169921875 299.1992645263672 164.18610191345215 253.14450073242188 164.18610191345215
253.1403350830078 145.0546417236328 298.5272560119629 145.0546417236328 298.5272560119629 163.84871673583984 253.1403350830078 163.84871673583984
255.04931640625 144.96311950683594 298.4582290649414 144.96311950683594 298.4582290649414 164.13417053222656 255.04931640625 164.13417053222656
254.4674072265625 145.03048706054688 298.04827880859375 145.03048706054688 298.04827880859375 164.1950798034668 254.4674072265625 164.1950798034668
256.4334411621094 144.6365966796875 298.5803565979004 144.6365966796875 298.5803565979004 164.07347869873047 256.4334411621094 164.07347869873047
255.6249237060547 143.4112548828125 299.37407302856445 143.4112548828125 299.37407302856445 163.66067123413086 255.6249237060547 163.66067123413086
250.3906707763672 143.629638671875 300.7986831665039 143.629638671875 300.7986831665039 161.95981979370117 250.3906707763672 161.95981979370117
249.8954315185547 142.24366760253906 300.5414733886719 142.24366760253906 300.5414733886719 160.6604061126709 249.8954315185547 160.6604061126709
248.5450439453125 143.3837890625 299.7206497192383 143.3837890625 299.7206497192383 161.99309539794922 248.5450439453125 161.99309539794922
251.6625213623047 144.8083038330078 299.9787139892578 144.8083038330078 299.9787139892578 164.09409713745117 251.6625213623047 164.09409713745117
275.9424133300781 134.22789001464844 319.71499252319336 134.22789001464844 319.71499252319336 153.65294456481934 275.9424133300781 153.65294456481934
278.65960693359375 133.16360473632812 323.1289253234863 133.16360473632812 323.1289253234863 152.430082321167 278.65960693359375 152.430082321167
281.7040100097656 132.2050018310547 327.16027450561523 132.2050018310547 327.16027450561523 150.17583084106445 281.7040100097656 150.17583084106445
281.1866760253906 131.48927307128906 329.7443656921387 131.48927307128906 329.7443656921387 150.6872844696045 281.1866760253906 150.6872844696045
283.80303955078125 131.49771118164062 332.55212783813477 131.49771118164062 332.55212783813477 148.7072296142578 283.80303955078125 148.7072296142578
285.70654296875 130.54879760742188 334.1241226196289 130.54879760742188 334.1241226196289 149.2661895751953 285.70654296875 149.2661895751953
287.04296875 129.3849334716797 336.7989921569824 129.3849334716797 336.7989921569824 148.65645217895508 287.04296875 148.65645217895508
296.07269287109375 125.12110900878906 340.5273017883301 125.12110900878906 340.5273017883301 144.28778457641602 296.07269287109375 144.28778457641602
298.9814147949219 123.32765197753906 341.41898345947266 123.32765197753906 341.41898345947266 141.95807075500488 298.9814147949219 141.95807075500488
302.29620361328125 120.76036071777344 345.9060287475586 120.76036071777344 345.9060287475586 140.33831787109375 302.29620361328125 140.33831787109375
302.37310791015625 120.7205581665039 345.5855293273926 120.7205581665039 345.5855293273926 139.6702709197998 302.37310791015625 139.6702709197998
302.77374267578125 119.14314270019531 348.66817474365234 119.14314270019531 348.66817474365234 139.53250122070312 302.77374267578125 139.53250122070312
303.5523986816406 117.693115234375 350.80996322631836 117.693115234375 350.80996322631836 138.03646850585938 303.5523986816406 138.03646850585938
306.0691833496094 116.9365463256836 353.6062316894531 116.9365463256836 353.6062316894531 135.57391166687012 306.0691833496094 135.57391166687012
307.6604309082031 116.38067626953125 354.8125991821289 116.38067626953125 354.8125991821289 134.47849655151367 307.6604309082031 134.47849655151367
309.6138610839844 115.50245666503906 356.85953521728516 115.50245666503906 356.85953521728516 133.39891052246094 309.6138610839844 133.39891052246094
312.73974609375 113.640869140625 357.64201736450195 113.640869140625 357.64201736450195 131.59647369384766 312.73974609375 131.59647369384766
312.6919860839844 111.97978210449219 359.35494232177734 111.97978210449219 359.35494232177734 131.17991256713867 312.6919860839844 131.17991256713867
315.86370849609375 111.68656921386719 359.3070259094238 111.68656921386719 359.3070259094238 129.6952781677246 315.86370849609375 129.6952781677246
310.45257568359375 109.82923889160156 361.8218574523926 109.82923889160156 361.8218574523926 130.38647651672363 310.45257568359375 130.38647651672363
315.4090270996094 108.10811614990234 362.7760467529297 108.10811614990234 362.7760467529297 128.62377166748047 315.4090270996094 128.62377166748047
313.536376953125 105.70085144042969 364.2308464050293 105.70085144042969 364.2308464050293 126.7838306427002 313.536376953125 126.7838306427002
306.92425537109375 104.96341705322266 364.54113006591797 104.96341705322266 364.54113006591797 126.90027236938477 306.92425537109375 126.90027236938477
312.94415283203125 105.0470962524414 363.00484466552734 105.0470962524414 363.00484466552734 127.0403938293457 312.94415283203125 127.0403938293457
305.48309326171875 100.7481689453125 368.54402923583984 100.7481689453125 368.54402923583984 123.67941284179688 305.48309326171875 123.67941284179688
302.6993408203125 100.2572250366211 366.646484375 100.2572250366211 366.646484375 123.5107250213623 302.6993408203125 123.5107250213623
303.11602783203125 99.09432220458984 367.93955993652344 99.09432220458984 367.93955993652344 122.66650772094727 303.11602783203125 122.66650772094727
302.5328063964844 96.73011016845703 368.74122619628906 96.73011016845703 368.74122619628906 120.8058910369873 302.5328063964844 120.8058910369873
306.88092041015625 97.095458984375 365.6330337524414 97.095458984375 365.6330337524414 121.90256881713867 306.88092041015625 121.90256881713867
303.8807067871094 95.81851959228516 367.42137908935547 95.81851959228516 367.42137908935547 120.61661911010742 303.8807067871094 120.61661911010742
302.8795166015625 94.8931655883789 367.2013702392578 94.8931655883789 367.2013702392578 120.23296356201172 302.8795166015625 120.23296356201172
310.55352783203125 98.51457214355469 359.0953178405762 98.51457214355469 359.0953178405762 124.85577774047852 310.55352783203125 124.85577774047852
309.53094482421875 97.25130462646484 359.11310958862305 97.25130462646484 359.11310958862305 124.40222358703613 309.53094482421875 124.40222358703613
308.01934814453125 97.143798828125 358.72428131103516 97.143798828125 358.72428131103516 123.93685531616211 308.01934814453125 123.93685531616211
306.96868896484375 98.23592376708984 357.6335678100586 98.23592376708984 357.6335678100586 124.56851577758789 306.96868896484375 124.56851577758789
302.6239318847656 96.05772399902344 356.38238525390625 96.05772399902344 356.38238525390625 122.9149227142334 302.6239318847656 122.9149227142334
301.9182434082031 97.8056411743164 355.07520294189453 97.8056411743164 355.07520294189453 123.58609199523926 301.9182434082031 123.58609199523926
299.04168701171875 97.2397689819336 354.5285873413086 97.2397689819336 354.5285873413086 123.58810234069824 299.04168701171875 123.58810234069824
296.6018371582031 98.5048828125 351.8519477844238 98.5048828125 351.8519477844238 124.65072059631348 296.6018371582031 124.65072059631348
295.8764953613281 97.77698516845703 352.1054878234863 97.77698516845703 352.1054878234863 124.24645614624023 295.8764953613281 124.24645614624023
283.42352294921875 88.2862548828125 357.98014068603516 88.2862548828125 357.98014068603516 115.39774513244629 283.42352294921875 115.39774513244629
283.22442626953125 90.53446960449219 357.60221099853516 90.53446960449219 357.60221099853516 117.58092880249023 283.22442626953125 117.58092880249023
280.4405822753906 91.70445251464844 356.3056335449219 91.70445251464844 356.3056335449219 119.29173851013184 280.4405822753906 119.29173851013184
273.37261962890625 92.59761810302734 348.9522705078125 92.59761810302734 348.9522705078125 120.08111953735352 273.37261962890625 120.08111953735352
276.39520263671875 85.85358428955078 351.05517578125 85.85358428955078 351.05517578125 113.00265693664551 276.39520263671875 113.00265693664551
276.146240234375 85.10649108886719 350.0756072998047 85.10649108886719 350.0756072998047 111.98988914489746 276.146240234375 111.98988914489746
263.44158935546875 116.18953704833984 336.8216781616211 116.18953704833984 336.8216781616211 142.873197555542 263.44158935546875 142.873197555542
256.2815856933594 144.0521240234375 330.35863494873047 144.0521240234375 330.35863494873047 170.9892234802246 256.2815856933594 170.9892234802246
227.39578247070312 171.93174743652344 300.19529724121094 171.93174743652344 300.19529724121094 198.40428733825684 227.39578247070312 198.40428733825684
228.86801147460938 168.8096923828125 301.32652282714844 168.8096923828125 301.32652282714844 195.15822982788086 228.86801147460938 195.15822982788086
204.36068725585938 187.3759765625 277.34964752197266 187.3759765625 277.34964752197266 213.9174041748047 204.36068725585938 213.9174041748047
178.61265563964844 191.83013916015625 251.72695922851562 191.83013916015625 251.72695922851562 218.41714477539062 178.61265563964844 218.41714477539062
146.27572631835938 171.0774383544922 219.31438446044922 171.0774383544922 219.31438446044922 197.63693809509277 146.27572631835938 197.63693809509277
144.19363403320312 166.50526428222656 218.26941680908203 166.50526428222656 218.26941680908203 193.44189834594727 144.19363403320312 193.44189834594727
115.97306823730469 179.4644012451172 189.77587890625 179.4644012451172 189.77587890625 206.30177307128906 115.97306823730469 206.30177307128906
58.2625846862793 183.8890380859375 132.35786056518555 183.8890380859375 132.35786056518555 210.83275985717773 58.2625846862793 210.83275985717773
44.130332946777344 170.44651794433594 120.04788970947266 170.44651794433594 120.04788970947266 198.05288696289062 44.130332946777344 198.05288696289062
40.848915100097656 168.74081420898438 116.78636932373047 168.74081420898438 116.78636932373047 196.35441970825195 40.848915100097656 196.35441970825195
20.487512588500977 154.4367218017578 96.70530891418457 154.4367218017578 96.70530891418457 182.1522674560547 20.487512588500977 182.1522674560547
37.62308883666992 173.43502807617188 113.57729721069336 173.43502807617188 113.57729721069336 201.0547218322754 37.62308883666992 201.0547218322754
47.338722229003906 168.27761840820312 123.63168334960938 168.27761840820312 123.63168334960938 196.0204963684082 47.338722229003906 196.0204963684082
42.681785583496094 170.06924438476562 119.09418487548828 170.06924438476562 119.09418487548828 197.85555458068848 42.681785583496094 197.85555458068848
36.17382049560547 168.999267578125 113.57102966308594 168.999267578125 113.57102966308594 197.14369201660156 36.17382049560547 197.14369201660156
44.16488265991211 167.0581817626953 121.40321731567383 167.0581817626953 121.40321731567383 195.14483261108398 44.16488265991211 195.14483261108398
45.17329025268555 174.6611328125 122.9500846862793 174.6611328125 122.9500846862793 202.94358825683594 45.17329025268555 202.94358825683594
43.814476013183594 168.29086303710938 120.1834487915039 168.29086303710938 120.1834487915039 196.06138229370117 43.814476013183594 196.06138229370117
38.206275939941406 165.55807495117188 113.88717651367188 165.55807495117188 113.88717651367188 193.07838821411133 38.206275939941406 193.07838821411133
42.257835388183594 164.20457458496094 116.18012237548828 164.20457458496094 116.18012237548828 191.08539390563965 42.257835388183594 191.08539390563965
23.890365600585938 157.0596923828125 97.99149322509766 157.0596923828125 97.99149322509766 184.00554275512695 23.890365600585938 184.00554275512695
14.796487808227539 151.94662475585938 87.18502235412598 151.94662475585938 87.18502235412598 178.26971435546875 14.796487808227539 178.26971435546875
48.49905776977539 169.85923767089844 121.66711044311523 169.85923767089844 121.66711044311523 196.46578979492188 48.49905776977539 196.46578979492188
24.337411880493164 165.51437377929688 96.0276050567627 165.51437377929688 96.0276050567627 191.58352279663086 24.337411880493164 191.58352279663086
19.706483840942383 170.2920684814453 89.58718299865723 170.2920684814453 89.58718299865723 195.70322036743164 19.706483840942383 195.70322036743164
32.59855270385742 158.411376953125 101.86642074584961 158.411376953125 101.86642074584961 183.59968185424805 32.59855270385742 183.59968185424805
45.26643753051758 166.4897003173828 114.02370071411133 166.4897003173828 114.02370071411133 191.49233055114746 45.26643753051758 191.49233055114746
47.28682327270508 167.95571899414062 115.96590042114258 167.95571899414062 115.96590042114258 192.9299201965332 47.28682327270508 192.9299201965332
9.573797225952148 169.23228454589844 78.63554954528809 169.23228454589844 78.63554954528809 194.34564208984375 9.573797225952148 194.34564208984375
33.05207443237305 157.44717407226562 101.72497177124023 157.44717407226562 101.72497177124023 182.41913223266602 33.05207443237305 182.41913223266602
27.4811954498291 155.9590606689453 94.76746559143066 155.9590606689453 94.76746559143066 180.4267921447754 27.4811954498291 180.4267921447754
33.75037384033203 164.2947235107422 100.49021911621094 164.2947235107422 100.49021911621094 188.5637550354004 33.75037384033203 188.5637550354004
15.749834060668945 155.49887084960938 83.10405158996582 155.49887084960938 83.10405158996582 179.99130821228027 15.749834060668945 179.99130821228027
21.21449851989746 168.42984008789062 88.97904777526855 168.42984008789062 88.97904777526855 193.07149124145508 21.21449851989746 193.07149124145508
0.0 170.93316650390625 68.39910125732422 170.93316650390625 68.39910125732422 195.80556678771973 0.0 195.80556678771973
18.88030242919922 152.569091796875 87.08777618408203 152.569091796875 87.08777618408203 177.37181091308594 18.88030242919922 177.37181091308594
19.620418548583984 151.97830200195312 86.66769790649414 151.97830200195312 86.66769790649414 176.359130859375 19.620418548583984 176.359130859375
23.537424087524414 166.31333923339844 90.35467720031738 166.31333923339844 90.35467720031738 190.6105251312256 23.537424087524414 190.6105251312256
13.433496475219727 160.72189331054688 79.84662818908691 160.72189331054688 79.84662818908691 184.87212371826172 13.433496475219727 184.87212371826172
24.844493865966797 152.91500854492188 90.4096794128418 152.91500854492188 90.4096794128418 176.75689506530762 24.844493865966797 176.75689506530762
5.059391498565674 167.6345977783203 70.41721773147583 167.6345977783203 70.41721773147583 191.40108108520508 5.059391498565674 191.40108108520508
10.100332260131836 162.6774139404297 76.13109397888184 162.6774139404297 76.13109397888184 186.68860244750977 10.100332260131836 186.68860244750977
17.860149383544922 154.99368286132812 84.60342025756836 154.99368286132812 84.60342025756836 179.26396560668945 17.860149383544922 179.26396560668945
19.445552825927734 150.6375732421875 86.75923538208008 150.6375732421875 86.75923538208008 175.11527633666992 19.445552825927734 175.11527633666992
42.112998962402344 167.1742401123047 109.7337417602539 167.1742401123047 109.7337417602539 191.76359939575195 42.112998962402344 191.76359939575195
39.854591369628906 160.29837036132812 106.81615447998047 160.29837036132812 106.81615447998047 184.6480255126953 39.854591369628906 184.6480255126953
30.819774627685547 157.59658813476562 99.0993537902832 157.59658813476562 99.0993537902832 182.42551803588867 30.819774627685547 182.42551803588867
19.61043930053711 162.05014038085938 87.83493423461914 162.05014038085938 87.83493423461914 186.859037399292 19.61043930053711 186.859037399292
41.88838577270508 163.7766876220703 111.04298782348633 163.7766876220703 111.04298782348633 188.9238052368164 41.88838577270508 188.9238052368164
37.57244873046875 160.26260375976562 105.94761657714844 160.26260375976562 105.94761657714844 185.1262912750244 37.57244873046875 185.1262912750244
19.608684539794922 150.6404266357422 88.33496475219727 150.6404266357422 88.33496475219727 175.6317901611328 19.608684539794922 175.6317901611328
17.790096282958984 152.87417602539062 87.02811813354492 152.87417602539062 87.02811813354492 178.05162620544434 17.790096282958984 178.05162620544434
45.79840850830078 167.36477661132812 114.20451354980469 167.36477661132812 114.20451354980469 192.23970985412598 45.79840850830078 192.23970985412598
18.320791244506836 150.82171630859375 87.15827751159668 150.82171630859375 87.15827751159668 175.85351753234863 18.320791244506836 175.85351753234863
17.693801879882812 152.0847625732422 86.04643249511719 152.0847625732422 86.04643249511719 176.94025230407715 17.693801879882812 176.94025230407715
20.035795211791992 151.6492462158203 88.20537376403809 151.6492462158203 88.20537376403809 176.43817329406738 20.035795211791992 176.43817329406738
25.32682228088379 165.41061401367188 92.04958534240723 165.41061401367188 92.04958534240723 189.6734275817871 25.32682228088379 189.6734275817871
17.50718116760254 152.54592895507812 83.75345802307129 152.54592895507812 83.75345802307129 176.63547706604004 17.50718116760254 176.63547706604004
22.834646224975586 151.86325073242188 89.04437828063965 151.86325073242188 89.04437828063965 175.93951034545898 22.834646224975586 175.93951034545898
18.883533477783203 150.69406127929688 85.58700180053711 150.69406127929688 85.58700180053711 174.9498634338379 18.883533477783203 174.9498634338379
32.427635192871094 157.82276916503906 100.7996826171875 157.82276916503906 100.7996826171875 182.68532752990723 32.427635192871094 182.68532752990723
20.941476821899414 151.79708862304688 88.84676551818848 151.79708862304688 88.84676551818848 176.48991584777832 20.941476821899414 176.48991584777832
30.468908309936523 166.7523956298828 96.98653221130371 166.7523956298828 96.98653221130371 190.94061470031738 30.468908309936523 190.94061470031738
9.438827514648438 174.85830688476562 76.87520599365234 174.85830688476562 76.87520599365234 199.38061714172363 9.438827514648438 199.38061714172363
43.62626266479492 183.53880310058594 110.78695297241211 183.53880310058594 110.78695297241211 207.96086311340332 43.62626266479492 207.96086311340332
45.62084197998047 164.229248046875 111.2219467163086 164.229248046875 111.2219467163086 188.08418655395508 45.62084197998047 188.08418655395508
22.085338592529297 158.5231170654297 88.28649520874023 158.5231170654297 88.28649520874023 182.59625816345215 22.085338592529297 182.59625816345215
22.587013244628906 149.99594116210938 88.66036224365234 149.99594116210938 88.66036224365234 174.02260398864746 22.587013244628906 174.02260398864746
23.562332153320312 152.24441528320312 89.73263549804688 152.24441528320312 89.73263549804688 176.30633544921875 23.562332153320312 176.30633544921875
48.83564376831055 169.38015747070312 114.56744003295898 169.38015747070312 114.56744003295898 193.28261947631836 48.83564376831055 193.28261947631836
34.26007843017578 157.08877563476562 99.79347229003906 157.08877563476562 99.79347229003906 180.91908836364746 34.26007843017578 180.91908836364746
22.05057144165039 152.18057250976562 87.59851455688477 152.18057250976562 87.59851455688477 176.01617431640625 22.05057144165039 176.01617431640625
46.29369354248047 163.87820434570312 111.90641021728516 163.87820434570312 111.90641021728516 187.73736190795898 46.29369354248047 187.73736190795898
40.37657165527344 160.77793884277344 105.18927001953125 160.77793884277344 105.18927001953125 184.34618186950684 40.37657165527344 184.34618186950684
9.225183486938477 163.2264862060547 75.29583930969238 163.2264862060547 75.29583930969238 187.25216674804688 9.225183486938477 187.25216674804688
19.261478424072266 154.55465698242188 85.66036605834961 154.55465698242188 85.66036605834961 178.6996955871582 19.261478424072266 178.6996955871582
24.48471450805664 158.71426391601562 91.09911727905273 158.71426391601562 91.09911727905273 182.9376735687256 24.48471450805664 182.9376735687256
33.98561096191406 156.5262451171875 100.48834228515625 156.5262451171875 100.48834228515625 180.70904731750488 33.98561096191406 180.70904731750488
22.550338745117188 152.01698303222656 89.1500473022461 152.01698303222656 89.1500473022461 176.23505020141602 22.550338745117188 176.23505020141602
19.363168716430664 152.33795166015625 85.67463874816895 152.33795166015625 85.67463874816895 176.4512062072754 19.363168716430664 176.4512062072754
21.414791107177734 151.45654296875 88.34769821166992 151.45654296875 88.34769821166992 175.79577255249023 21.414791107177734 175.79577255249023
39.533756256103516 161.48104858398438 105.09892654418945 161.48104858398438 105.09892654418945 185.32291793823242 39.533756256103516 185.32291793823242
38.87366485595703 162.54965209960938 104.18721008300781 162.54965209960938 104.18721008300781 186.30001831054688 38.87366485595703 186.30001831054688
40.99949264526367 160.11550903320312 107.41299057006836 160.11550903320312 107.41299057006836 184.2658576965332 40.99949264526367 184.2658576965332
33.416786193847656 156.9281768798828 98.54019165039062 156.9281768798828 98.54019165039062 180.60940170288086 33.416786193847656 180.60940170288086
26.001266479492188 151.60931396484375 90.39591979980469 151.60931396484375 90.39591979980469 175.02553749084473 26.001266479492188 175.02553749084473
18.617834091186523 151.5279541015625 84.55969047546387 151.5279541015625 84.55969047546387 175.5067958831787 18.617834091186523 175.5067958831787
34.371131896972656 158.47244262695312 101.48577117919922 158.47244262695312 101.48577117919922 182.87775039672852 34.371131896972656 182.87775039672852
19.7824764251709 152.4110107421875 86.28766441345215 152.4110107421875 86.28766441345215 176.5946979522705 19.7824764251709 176.5946979522705
20.264537811279297 160.099609375 88.37612533569336 160.099609375 88.37612533569336 184.86743927001953 20.264537811279297 184.86743927001953
22.156192779541016 150.46121215820312 90.62103652954102 150.46121215820312 90.62103652954102 175.3574981689453 22.156192779541016 175.3574981689453
26.906347274780273 153.8870086669922 95.61210441589355 153.8870086669922 95.61210441589355 178.87089729309082 26.906347274780273 178.87089729309082
25.42221450805664 156.1671600341797 94.74536514282227 156.1671600341797 94.74536514282227 181.37555313110352 25.42221450805664 181.37555313110352
32.34617233276367 159.6806640625 102.07690048217773 159.6806640625 102.07690048217773 185.0372657775879 32.34617233276367 185.0372657775879
43.589088439941406 164.0277862548828 113.37918853759766 164.0277862548828 113.37918853759766 189.4059772491455 43.589088439941406 189.4059772491455
20.21276092529297 151.2319793701172 89.5916519165039 151.2319793701172 89.5916519165039 176.46063995361328 20.21276092529297 176.46063995361328
27.18010902404785 152.86648559570312 97.17386054992676 152.86648559570312 97.17386054992676 178.31872749328613 27.18010902404785 178.31872749328613
20.070743560791016 150.52352905273438 89.57025527954102 150.52352905273438 89.57025527954102 175.79604721069336 20.070743560791016 175.79604721069336
20.600879669189453 149.8562469482422 89.58966445922852 149.8562469482422 89.58966445922852 174.9430446624756 20.600879669189453 174.9430446624756
22.203683853149414 151.34750366210938 91.4543399810791 151.34750366210938 91.4543399810791 176.5295295715332 22.203683853149414 176.5295295715332
20.818042755126953 151.2388916015625 90.69842910766602 151.2388916015625 90.69842910766602 176.6499080657959 20.818042755126953 176.6499080657959
22.504959106445312 156.62350463867188 92.46015167236328 156.62350463867188 92.46015167236328 182.0617218017578 22.504959106445312 182.0617218017578
42.622283935546875 165.51364135742188 113.42135620117188 165.51364135742188 113.42135620117188 191.25872421264648 42.622283935546875 191.25872421264648
39.3222541809082 164.2509765625 109.98095321655273 164.2509765625 109.98095321655273 189.94501304626465 39.3222541809082 189.94501304626465
24.973825454711914 155.5150909423828 96.2424259185791 155.5150909423828 96.2424259185791 181.430908203125 24.973825454711914 181.430908203125
37.07265090942383 163.18128967285156 108.43343734741211 163.18128967285156 108.43343734741211 189.13063049316406 37.07265090942383 189.13063049316406
21.251827239990234 148.69277954101562 91.78714370727539 148.69277954101562 91.78714370727539 174.34194946289062 21.251827239990234 174.34194946289062
52.748512268066406 169.37864685058594 122.44412994384766 169.37864685058594 122.44412994384766 194.72247314453125 52.748512268066406 194.72247314453125
37.47162628173828 163.6527557373047 109.09327697753906 163.6527557373047 109.09327697753906 189.69695663452148 37.47162628173828 189.69695663452148
17.36429786682129 168.17898559570312 89.7228946685791 168.17898559570312 89.7228946685791 194.49116897583008 17.36429786682129 194.49116897583008
27.083377838134766 158.29164123535156 99.46357345581055 158.29164123535156 99.46357345581055 184.61167907714844 27.083377838134766 184.61167907714844
30.062026977539062 157.5673828125 103.70785522460938 157.5673828125 103.70785522460938 184.3476505279541 30.062026977539062 184.3476505279541
28.299789428710938 173.31192016601562 99.90348815917969 173.31192016601562 99.90348815917969 199.3495979309082 28.299789428710938 199.3495979309082
18.58880043029785 152.43846130371094 89.97037696838379 152.43846130371094 89.97037696838379 178.39536666870117 18.58880043029785 178.39536666870117
18.03820037841797 153.34848022460938 89.69147491455078 153.34848022460938 89.69147491455078 179.40418434143066 18.03820037841797 179.40418434143066
12.202537536621094 157.91957092285156 84.57160949707031 157.91957092285156 84.57160949707031 184.23556518554688 12.202537536621094 184.23556518554688
27.250513076782227 166.7200164794922 99.39791297912598 166.7200164794922 99.39791297912598 192.9554042816162 27.250513076782227 192.9554042816162
18.89869499206543 164.39144897460938 91.32598686218262 164.39144897460938 91.32598686218262 190.72861671447754 18.89869499206543 190.72861671447754
19.31049156188965 170.06552124023438 91.41087913513184 170.06552124023438 91.41087913513184 196.2838191986084 19.31049156188965 196.2838191986084
16.463863372802734 170.25326538085938 87.86713027954102 170.25326538085938 87.86713027954102 196.2180633544922 16.463863372802734 196.2180633544922
18.135089874267578 177.400634765625 89.48101425170898 177.400634765625 89.48101425170898 203.34457969665527 18.135089874267578 203.34457969665527
12.090800285339355 178.0790252685547 83.97863292694092 178.0790252685547 83.97863292694092 204.22002792358398 12.090800285339355 204.22002792358398
18.301855087280273 181.06373596191406 90.48175621032715 181.06373596191406 90.48175621032715 207.31094360351562 18.301855087280273 207.31094360351562
18.97810935974121 186.2194061279297 89.9993953704834 186.2194061279297 89.9993953704834 212.04530334472656 18.97810935974121 212.04530334472656
18.23736000061035 187.32786560058594 89.93189430236816 187.32786560058594 89.93189430236816 213.39858055114746 18.23736000061035 213.39858055114746
27.3958683013916 194.61959838867188 97.93592262268066 194.61959838867188 97.93592262268066 220.27049827575684 27.3958683013916 220.27049827575684
26.713314056396484 194.9403839111328 97.08628463745117 194.9403839111328 97.08628463745117 220.53052711486816 26.713314056396484 220.53052711486816
25.408527374267578 199.6167449951172 96.49089431762695 199.6167449951172 96.49089431762695 225.4648494720459 25.408527374267578 225.4648494720459
40.389373779296875 212.3662109375 111.2688217163086 212.3662109375 111.2688217163086 238.14052772521973 40.389373779296875 238.14052772521973
16.098979949951172 194.35011291503906 87.59469223022461 194.35011291503906 87.59469223022461 220.3485221862793 16.098979949951172 220.3485221862793
23.623672485351562 218.3887939453125 95.02346801757812 218.3887939453125 95.02346801757812 244.35232162475586 23.623672485351562 244.35232162475586
16.659053802490234 195.1325225830078 87.82780838012695 195.1325225830078 87.82780838012695 221.01203536987305 16.659053802490234 221.01203536987305
15.97327709197998 190.30380249023438 87.14916515350342 190.30380249023438 87.14916515350342 216.1859130859375 15.97327709197998 216.1859130859375
23.013723373413086 204.47708129882812 94.88986778259277 204.47708129882812 94.88986778259277 230.61382675170898 23.013723373413086 230.61382675170898
19.875263214111328 191.1738739013672 92.51684951782227 191.1738739013672 92.51684951782227 217.58895874023438 19.875263214111328 217.58895874023438
26.54744529724121 206.4794464111328 100.00683403015137 206.4794464111328 100.00683403015137 233.19191551208496 26.54744529724121 233.19191551208496
43.0445671081543 219.2042999267578 116.3067741394043 219.2042999267578 116.3067741394043 245.84506607055664 43.0445671081543 245.84506607055664
44.255767822265625 242.10714721679688 117.20684051513672 242.10714721679688 117.20684051513672 268.63477516174316 44.255767822265625 268.63477516174316
67.96162414550781 265.19036865234375 140.78582763671875 265.19036865234375 140.78582763671875 291.67186546325684 67.96162414550781 291.67186546325684
104.474365234375 280.69610595703125 177.1636734008789 280.69610595703125 177.1636734008789 307.1285514831543 104.474365234375 307.1285514831543
153.5251007080078 235.58084106445312 225.56564331054688 235.58084106445312 225.56564331054688 261.77737045288086 153.5251007080078 261.77737045288086
154.90371704101562 229.2294464111328 226.12921905517578 229.2294464111328 226.12921905517578 255.1295986175537 154.90371704101562 255.1295986175537
160.89134216308594 225.1778106689453 232.49945831298828 225.1778106689453 232.49945831298828 251.21709632873535 160.89134216308594 251.21709632873535
161.7880096435547 239.79226684570312 232.2171630859375 239.79226684570312 232.2171630859375 265.40284156799316 161.7880096435547 265.40284156799316
153.6567840576172 233.4158477783203 223.4250259399414 233.4158477783203 223.4250259399414 258.7860908508301 153.6567840576172 258.7860908508301
168.68112182617188 222.57455444335938 238.6460952758789 222.57455444335938 238.6460952758789 248.01633262634277 168.68112182617188 248.01633262634277
165.98233032226562 224.2186737060547 236.38905334472656 224.2186737060547 236.38905334472656 249.8210849761963 165.98233032226562 249.8210849761963
177.11328125 243.2883758544922 246.49712371826172 243.2883758544922 246.49712371826172 268.5188293457031 177.11328125 268.5188293457031
158.23605346679688 219.8897247314453 227.7950210571289 219.8897247314453 227.7950210571289 245.18385696411133 158.23605346679688 245.18385696411133
150.871826171875 239.218505859375 220.48200225830078 239.218505859375 220.48200225830078 264.53125953674316 150.871826171875 264.53125953674316
154.94204711914062 241.971435546875 224.5204086303711 241.971435546875 224.5204086303711 267.2726192474365 154.94204711914062 267.2726192474365
146.91766357421875 248.21435546875 217.05209350585938 248.21435546875 217.05209350585938 273.71774673461914 146.91766357421875 273.71774673461914
151.39376831054688 240.52951049804688 221.54042053222656 240.52951049804688 221.54042053222656 266.03734397888184 151.39376831054688 266.03734397888184
151.2245635986328 231.69784545898438 219.8748321533203 231.69784545898438 219.8748321533203 256.6615409851074 151.2245635986328 256.6615409851074
173.5662078857422 251.25357055664062 242.85824584960938 251.25357055664062 242.85824584960938 276.4506378173828 173.5662078857422 276.4506378173828
158.800537109375 236.0384521484375 227.9419708251953 236.0384521484375 227.9419708251953 261.1807518005371 158.800537109375 261.1807518005371
145.77796936035156 210.2921600341797 215.10128021240234 210.2921600341797 215.10128021240234 235.50059700012207 145.77796936035156 235.50059700012207
157.27505493164062 224.4476318359375 225.99208068847656 224.4476318359375 225.99208068847656 249.43560409545898 157.27505493164062 249.43560409545898
147.69595336914062 217.604736328125 215.71571350097656 217.604736328125 215.71571350097656 242.33916091918945 147.69595336914062 242.33916091918945
147.44091796875 215.7494354248047 215.0029754638672 215.7494354248047 215.0029754638672 240.3174228668213 147.44091796875 240.3174228668213
153.6935272216797 217.2974090576172 220.5219955444336 217.2974090576172 220.5219955444336 241.59863662719727 153.6935272216797 241.59863662719727
154.59059143066406 219.6986541748047 221.03912353515625 219.6986541748047 221.03912353515625 243.86172103881836 154.59059143066406 243.86172103881836
167.1055145263672 243.9502716064453 233.7735595703125 243.9502716064453 233.7735595703125 268.1931629180908 167.1055145263672 268.1931629180908
145.23886108398438 208.53671264648438 211.9571304321289 208.53671264648438 211.9571304321289 232.79786682128906 145.23886108398438 232.79786682128906
135.58016967773438 209.9390869140625 201.7169418334961 209.9390869140625 201.7169418334961 233.98878860473633 135.58016967773438 233.98878860473633
147.9689483642578 210.75765991210938 213.593505859375 210.75765991210938 213.593505859375 234.6210994720459 147.9689483642578 234.6210994720459
147.93765258789062 210.894775390625 212.91603088378906 210.894775390625 212.91603088378906 234.52324295043945 147.93765258789062 234.52324295043945
152.1190643310547 217.6475830078125 215.8116798400879 217.6475830078125 215.8116798400879 240.8085060119629 152.1190643310547 240.8085060119629
153.679443359375 210.7067413330078 217.06913375854492 210.7067413330078 217.06913375854492 233.75751113891602 153.679443359375 233.75751113891602
154.23536682128906 212.9383087158203 217.34842681884766 212.9383087158203 217.34842681884766 235.88848686218262 154.23536682128906 235.88848686218262
149.25074768066406 210.7032928466797 213.04373931884766 210.7032928466797 213.04373931884766 233.90072059631348 149.25074768066406 233.90072059631348
147.60874938964844 209.9433135986328 210.69554901123047 209.9433135986328 210.69554901123047 232.8839454650879 147.60874938964844 232.8839454650879
147.62765502929688 211.45394897460938 210.18111038208008 211.45394897460938 210.18111038208008 234.2006378173828 147.62765502929688 234.2006378173828
148.14315795898438 209.54159545898438 211.40900421142578 209.54159545898438 211.40900421142578 232.54733657836914 148.14315795898438 232.54733657836914
151.00735473632812 209.31051635742188 213.59525680541992 209.31051635742188 213.59525680541992 232.069730758667 151.00735473632812 232.069730758667
148.75869750976562 207.92648315429688 210.58988189697266 207.92648315429688 210.58988189697266 230.41052627563477 148.75869750976562 230.41052627563477
150.51084899902344 210.76028442382812 212.41221618652344 210.76028442382812 212.41221618652344 233.26984786987305 150.51084899902344 233.26984786987305
158.29910278320312 224.8012237548828 220.22870635986328 224.8012237548828 220.22870635986328 247.32105445861816 158.29910278320312 247.32105445861816
153.0237579345703 217.89053344726562 215.10900115966797 217.89053344726562 215.10900115966797 240.4669589996338 153.0237579345703 240.4669589996338
149.9930877685547 210.43655395507812 210.70351791381836 210.43655395507812 210.70351791381836 232.5130500793457 149.9930877685547 232.5130500793457
151.1649932861328 209.1300811767578 211.11103057861328 209.1300811767578 211.11103057861328 230.92861557006836 151.1649932861328 230.92861557006836
152.70068359375 208.42684936523438 212.63197708129883 208.42684936523438 212.63197708129883 230.22002029418945 152.70068359375 230.22002029418945
152.62612915039062 210.39028930664062 211.6727523803711 210.39028930664062 211.6727523803711 231.86176300048828 152.62612915039062 231.86176300048828
161.6494140625 218.3330078125 219.88388061523438 218.3330078125 219.88388061523438 239.50915145874023 161.6494140625 239.50915145874023
153.1013641357422 208.3083038330078 210.7889175415039 208.3083038330078 210.7889175415039 229.28557205200195 153.1013641357422 229.28557205200195
160.22337341308594 232.662841796875 218.61375427246094 232.662841796875 218.61375427246094 253.8956813812256 160.22337341308594 253.8956813812256
165.10775756835938 235.9893035888672 224.6167106628418 235.9893035888672 224.6167106628418 257.6288948059082 165.10775756835938 257.6288948059082
176.78147888183594 218.86575317382812 235.77145767211914 218.86575317382812 235.77145767211914 240.31662559509277 176.78147888183594 240.31662559509277
172.39219665527344 215.44638061523438 231.1923484802246 215.44638061523438 231.1923484802246 236.8282241821289 172.39219665527344 236.8282241821289
163.47784423828125 200.72869873046875 222.53707885742188 200.72869873046875 222.53707885742188 222.20475387573242 163.47784423828125 222.20475387573242
186.44395446777344 180.24417114257812 245.74782943725586 180.24417114257812 245.74782943725586 201.8091869354248 186.44395446777344 201.8091869354248
199.99635314941406 170.51719665527344 258.93016815185547 170.51719665527344 258.93016815185547 191.94764518737793 199.99635314941406 191.94764518737793
208.83303833007812 160.90977478027344 267.6332206726074 160.90977478027344 267.6332206726074 182.29162979125977 208.83303833007812 182.29162979125977
206.92483520507812 163.9895477294922 266.7605171203613 163.9895477294922 266.7605171203613 185.74794578552246 206.92483520507812 185.74794578552246
203.90452575683594 165.29302978515625 264.9334144592285 165.29302978515625 264.9334144592285 187.48532104492188 203.90452575683594 187.48532104492188
200.14881896972656 165.1322479248047 260.03675842285156 165.1322479248047 260.03675842285156 186.90964889526367 200.14881896972656 186.90964889526367
197.61509704589844 165.31082153320312 257.46264266967773 165.31082153320312 257.46264266967773 187.07353401184082 197.61509704589844 187.07353401184082
200.01046752929688 165.6494140625 251.16045379638672 165.6494140625 251.16045379638672 189.16229057312012 200.01046752929688 189.16229057312012
196.33349609375 165.59449768066406 248.10023880004883 165.59449768066406 248.10023880004883 188.94812202453613 196.33349609375 188.94812202453613
191.6962127685547 166.53396606445312 245.29529571533203 166.53396606445312 245.29529571533203 189.00806045532227 191.6962127685547 189.00806045532227
190.4065704345703 166.73545837402344 242.24511337280273 166.73545837402344 242.24511337280273 189.5944938659668 190.4065704345703 189.5944938659668
179.7030487060547 168.44595336914062 233.8545684814453 168.44595336914062 233.8545684814453 190.53262519836426 179.7030487060547 190.53262519836426
174.3244171142578 168.94552612304688 224.96914291381836 168.94552612304688 224.96914291381836 193.05616188049316 174.3244171142578 193.05616188049316
171.29385375976562 170.04220581054688 222.86664962768555 170.04220581054688 222.86664962768555 193.1119785308838 171.29385375976562 193.1119785308838
167.2012176513672 171.362060546875 219.75524520874023 171.362060546875 219.75524520874023 192.31254386901855 167.2012176513672 192.31254386901855
160.83395385742188 173.76370239257812 212.03362655639648 173.76370239257812 212.03362655639648 194.87075424194336 160.83395385742188 194.87075424194336
157.53614807128906 175.80569458007812 207.42721939086914 175.80569458007812 207.42721939086914 197.48248672485352 157.53614807128906 197.48248672485352
157.19680786132812 174.9945831298828 210.21454620361328 174.9945831298828 210.21454620361328 195.3770637512207 157.19680786132812 195.3770637512207
156.06948852539062 175.5441131591797 213.84391403198242 175.5441131591797 213.84391403198242 194.88400840759277 156.06948852539062 194.88400840759277
153.2139129638672 175.8075408935547 212.58433532714844 175.8075408935547 212.58433532714844 195.61635208129883 153.2139129638672 195.61635208129883
150.98756408691406 176.7330322265625 213.23873138427734 176.7330322265625 213.23873138427734 196.23162460327148 150.98756408691406 196.23162460327148
147.46774291992188 177.6075897216797 206.40620040893555 177.6075897216797 206.40620040893555 197.51287460327148 147.46774291992188 197.51287460327148
149.76364135742188 179.21780395507812 210.09732818603516 179.21780395507812 210.09732818603516 197.94221115112305 149.76364135742188 197.94221115112305
151.0175018310547 180.53384399414062 211.3899688720703 180.53384399414062 211.3899688720703 198.80523490905762 151.0175018310547 198.80523490905762
150.1632843017578 179.55728149414062 212.4069480895996 179.55728149414062 212.4069480895996 200.27954483032227 150.1632843017578 200.27954483032227
151.62306213378906 179.46115112304688 212.00513458251953 179.46115112304688 212.00513458251953 200.4495849609375 151.62306213378906 200.4495849609375
145.6730499267578 176.86474609375 213.66162109375 176.86474609375 213.66162109375 201.58782577514648 145.6730499267578 201.58782577514648
142.7428436279297 175.61148071289062 210.27783966064453 175.61148071289062 210.27783966064453 200.16962432861328 142.7428436279297 200.16962432861328
140.98275756835938 174.64891052246094 209.02024841308594 174.64891052246094 209.02024841308594 199.3897762298584 140.98275756835938 199.3897762298584
144.5638427734375 175.6470184326172 209.51729583740234 175.6470184326172 209.51729583740234 200.29885864257812 144.5638427734375 200.29885864257812
141.6703643798828 175.08518981933594 211.312744140625 175.08518981933594 211.312744140625 200.40964889526367 141.6703643798828 200.40964889526367
138.9502410888672 173.7188720703125 209.15503692626953 173.7188720703125 209.15503692626953 199.24784469604492 138.9502410888672 199.24784469604492
139.61346435546875 173.57138061523438 210.24629974365234 173.57138061523438 210.24629974365234 199.25600051879883 139.61346435546875 199.25600051879883
140.3978271484375 172.2706298828125 210.50120544433594 172.2706298828125 210.50120544433594 197.76272201538086 140.3978271484375 197.76272201538086
140.2008819580078 172.8234100341797 209.7827911376953 172.8234100341797 209.7827911376953 198.12588119506836 140.2008819580078 198.12588119506836
140.25607299804688 170.67994689941406 210.26616668701172 170.67994689941406 210.26616668701172 196.13812065124512 140.25607299804688 196.13812065124512
144.25131225585938 169.28179931640625 209.45497131347656 169.28179931640625 209.45497131347656 195.0807228088379 144.25131225585938 195.0807228088379
145.79786682128906 166.6219940185547 211.37408447265625 166.6219940185547 211.37408447265625 192.73263931274414 145.79786682128906 192.73263931274414
143.22012329101562 162.76046752929688 215.22140502929688 162.76046752929688 215.22140502929688 188.9427089691162 143.22012329101562 188.9427089691162
148.3953399658203 160.9945526123047 215.21987915039062 160.9945526123047 215.21987915039062 187.38179397583008 148.3953399658203 187.38179397583008
146.58273315429688 156.75225830078125 219.0114517211914 156.75225830078125 219.0114517211914 183.0899314880371 146.58273315429688 183.0899314880371
148.45521545410156 155.34817504882812 221.28578186035156 155.34817504882812 221.28578186035156 181.83197593688965 148.45521545410156 181.83197593688965
146.40921020507812 153.00515747070312 221.19855499267578 153.00515747070312 221.19855499267578 180.20123863220215 146.40921020507812 180.20123863220215
147.90493774414062 150.2371368408203 223.94611358642578 150.2371368408203 223.94611358642578 177.88843154907227 147.90493774414062 177.88843154907227
149.68618774414062 148.77345275878906 225.30850219726562 148.77345275878906 225.30850219726562 176.27243041992188 149.68618774414062 176.27243041992188
149.58322143554688 146.43614196777344 225.00244140625 146.43614196777344 225.00244140625 173.86126327514648 149.58322143554688 173.86126327514648
153.26304626464844 145.0725860595703 227.26324462890625 145.0725860595703 227.26324462890625 171.98169898986816 153.26304626464844 171.98169898986816
155.4938507080078 143.24522399902344 228.1109619140625 143.24522399902344 228.1109619140625 169.65139770507812 155.4938507080078 169.65139770507812
156.1370849609375 142.75265502929688 228.44606018066406 142.75265502929688 228.44606018066406 169.04677963256836 156.1370849609375 169.04677963256836
157.51661682128906 140.76390075683594 228.51126098632812 140.76390075683594 228.51126098632812 166.5800895690918 157.51661682128906 166.5800895690918
161.00106811523438 137.88809204101562 231.5971221923828 137.88809204101562 231.5971221923828 163.55934143066406 161.00106811523438 163.55934143066406
160.17300415039062 137.3429412841797 231.18181610107422 137.3429412841797 231.18181610107422 163.16428565979004 160.17300415039062 163.16428565979004
169.00186157226562 134.31227111816406 227.33377075195312 134.31227111816406 227.33377075195312 160.40624618530273 169.00186157226562 160.40624618530273
165.65663146972656 132.3253631591797 227.2088966369629 132.3253631591797 227.2088966369629 157.6490650177002 165.65663146972656 157.6490650177002
159.8013458251953 129.67288208007812 230.10513305664062 129.67288208007812 230.10513305664062 155.23785018920898 159.8013458251953 155.23785018920898
160.20370483398438 129.8012237548828 228.6957550048828 129.8012237548828 228.6957550048828 154.7073802947998 160.20370483398438 154.7073802947998
166.19090270996094 128.03622436523438 221.65256118774414 128.03622436523438 221.65256118774414 152.4780788421631 166.19090270996094 152.4780788421631
169.9175262451172 127.62003326416016 217.91665267944336 127.62003326416016 217.91665267944336 150.9399127960205 169.9175262451172 150.9399127960205
156.7434539794922 121.70710754394531 223.84148406982422 121.70710754394531 223.84148406982422 146.10634231567383 156.7434539794922 146.10634231567383
157.79953002929688 122.36189270019531 224.526611328125 122.36189270019531 224.526611328125 146.62623596191406 157.79953002929688 146.62623596191406
152.7257843017578 119.17354583740234 219.6243133544922 119.17354583740234 219.6243133544922 143.5002326965332 152.7257843017578 143.5002326965332
151.9251251220703 117.8748550415039 217.83370971679688 117.8748550415039 217.83370971679688 141.8415641784668 151.9251251220703 141.8415641784668
165.22537231445312 119.08292388916016 213.71442413330078 119.08292388916016 213.71442413330078 141.64891624450684 165.22537231445312 141.64891624450684
166.1364288330078 118.72346496582031 212.5066795349121 118.72346496582031 212.5066795349121 141.23771858215332 166.1364288330078 141.23771858215332
154.37564086914062 115.5994644165039 212.2449951171875 115.5994644165039 212.2449951171875 139.2666358947754 154.37564086914062 139.2666358947754
146.1796417236328 113.3685531616211 211.86790466308594 113.3685531616211 211.86790466308594 137.25514793395996 146.1796417236328 137.25514793395996
157.4167938232422 114.76145935058594 204.62597274780273 114.76145935058594 204.62597274780273 138.36870002746582 157.4167938232422 138.36870002746582
148.62692260742188 115.91475677490234 198.41453170776367 115.91475677490234 198.41453170776367 138.6831283569336 148.62692260742188 138.6831283569336
143.00152587890625 116.9632797241211 194.82246780395508 116.9632797241211 194.82246780395508 139.7573299407959 143.00152587890625 139.7573299407959
140.53915405273438 117.5406265258789 195.63261032104492 117.5406265258789 195.63261032104492 140.4492015838623 140.53915405273438 140.4492015838623
138.34982299804688 119.51261138916016 189.49928283691406 119.51261138916016 189.49928283691406 142.7024745941162 138.34982299804688 142.7024745941162
142.6801300048828 121.3513412475586 188.40239334106445 121.3513412475586 188.40239334106445 144.01457023620605 142.6801300048828 144.01457023620605
141.39476013183594 123.75814056396484 187.70191192626953 123.75814056396484 187.70191192626953 145.42612838745117 141.39476013183594 145.42612838745117
135.4046173095703 132.82679748535156 182.60364151000977 132.82679748535156 182.60364151000977 154.90251350402832 135.4046173095703 154.90251350402832
135.3766632080078 133.71026611328125 182.33744049072266 133.71026611328125 182.33744049072266 155.2500762939453 135.3766632080078 155.2500762939453
135.68235778808594 137.05088806152344 179.7278175354004 137.05088806152344 179.7278175354004 158.64321899414062 135.68235778808594 158.64321899414062
125.48771667480469 139.35000610351562 173.48326110839844 139.35000610351562 173.48326110839844 161.63741874694824 125.48771667480469 161.63741874694824
123.32402038574219 141.57510375976562 169.5170135498047 141.57510375976562 169.5170135498047 164.26366996765137 123.32402038574219 164.26366996765137
120.28482818603516 142.30996704101562 166.2227439880371 142.30996704101562 166.2227439880371 164.72863388061523 120.28482818603516 164.72863388061523
117.40225982666016 141.3600616455078 165.2202377319336 141.3600616455078 165.2202377319336 164.54645156860352 117.40225982666016 164.54645156860352
108.34721374511719 158.36854553222656 156.43025970458984 158.36854553222656 156.43025970458984 179.50540924072266 108.34721374511719 179.50540924072266
112.12677001953125 162.0048828125 157.12945938110352 162.0048828125 157.12945938110352 182.63064575195312 112.12677001953125 182.63064575195312
108.3344497680664 160.45803833007812 153.99141693115234 160.45803833007812 153.99141693115234 181.5567684173584 108.3344497680664 181.5567684173584
102.4512939453125 161.17564392089844 149.6863899230957 161.17564392089844 149.6863899230957 182.32749938964844 102.4512939453125 182.32749938964844
101.72651672363281 167.8790283203125 146.81407928466797 167.8790283203125 146.81407928466797 189.690673828125 101.72651672363281 189.690673828125
98.39857482910156 170.86856079101562 143.7119598388672 170.86856079101562 143.7119598388672 191.8959083557129 98.39857482910156 191.8959083557129
94.93290710449219 174.41372680664062 140.72937393188477 174.41372680664062 140.72937393188477 195.74388694763184 94.93290710449219 195.74388694763184
92.8930892944336 174.6206817626953 138.67147064208984 174.6206817626953 138.67147064208984 196.11540603637695 92.8930892944336 196.11540603637695
90.27980041503906 176.1620330810547 137.8690299987793 176.1620330810547 137.8690299987793 196.99680137634277 90.27980041503906 196.99680137634277
88.86302185058594 178.73231506347656 134.86875534057617 178.73231506347656 134.86875534057617 199.48229026794434 88.86302185058594 199.48229026794434
83.72450256347656 181.21438598632812 131.2558250427246 181.21438598632812 131.2558250427246 201.72832870483398 83.72450256347656 201.72832870483398
81.62602233886719 182.6206512451172 128.71331405639648 182.6206512451172 128.71331405639648 202.71570777893066 81.62602233886719 202.71570777893066
87.38118743896484 185.25518798828125 129.3863182067871 185.25518798828125 129.3863182067871 202.79885482788086 87.38118743896484 202.79885482788086
81.6167221069336 190.6182403564453 122.95072555541992 190.6182403564453 122.95072555541992 209.292875289917 81.6167221069336 209.292875289917
81.19371032714844 192.4667510986328 125.74695587158203 192.4667510986328 125.74695587158203 211.5928840637207 81.19371032714844 211.5928840637207
74.41084289550781 191.44967651367188 130.3168716430664 191.44967651367188 130.3168716430664 211.77911758422852 74.41084289550781 211.77911758422852
73.20970153808594 193.78369140625 125.97827911376953 193.78369140625 125.97827911376953 213.77470016479492 73.20970153808594 213.77470016479492
72.49995422363281 192.40130615234375 126.97906875610352 192.40130615234375 126.97906875610352 212.21187210083008 72.49995422363281 212.21187210083008
72.60289001464844 192.79818725585938 122.16253280639648 192.79818725585938 122.16253280639648 212.76902389526367 72.60289001464844 212.76902389526367
70.10075378417969 190.14404296875 123.04713439941406 190.14404296875 123.04713439941406 210.26060104370117 70.10075378417969 210.26060104370117
70.94884490966797 188.48435974121094 126.66770553588867 188.48435974121094 126.66770553588867 208.74574089050293 70.94884490966797 208.74574089050293
73.26087188720703 186.82199096679688 125.3843994140625 186.82199096679688 125.3843994140625 207.6568145751953 73.26087188720703 207.6568145751953
75.86211395263672 186.61019897460938 123.68502807617188 186.61019897460938 123.68502807617188 208.39647674560547 75.86211395263672 208.39647674560547
76.70430755615234 184.84451293945312 125.42963027954102 184.84451293945312 125.42963027954102 206.75466537475586 76.70430755615234 206.75466537475586
76.76203918457031 183.9986572265625 126.50825500488281 183.9986572265625 126.50825500488281 205.25464248657227 76.76203918457031 205.25464248657227
79.63138580322266 181.8247528076172 128.51503372192383 181.8247528076172 128.51503372192383 203.2552032470703 79.63138580322266 203.2552032470703
78.5561294555664 180.81265258789062 129.15852737426758 180.81265258789062 129.15852737426758 202.22761917114258 78.5561294555664 202.22761917114258
78.59233093261719 181.12777709960938 130.42942810058594 181.12777709960938 130.42942810058594 202.47668075561523 78.59233093261719 202.47668075561523
79.01766204833984 180.58328247070312 131.56517791748047 180.58328247070312 131.56517791748047 201.64093589782715 79.01766204833984 201.64093589782715
82.2199935913086 180.13307189941406 133.95062255859375 180.13307189941406 133.95062255859375 200.8007583618164 82.2199935913086 200.8007583618164
82.31907653808594 180.65170288085938 135.92995834350586 180.65170288085938 135.92995834350586 200.61172485351562 82.31907653808594 200.61172485351562
83.24519348144531 178.7838897705078 138.41981506347656 178.7838897705078 138.41981506347656 199.1501064300537 83.24519348144531 199.1501064300537
85.13494873046875 177.2438201904297 141.01439666748047 177.2438201904297 141.01439666748047 197.56358909606934 85.13494873046875 197.56358909606934
83.8165512084961 177.34603881835938 140.2384147644043 177.34603881835938 140.2384147644043 197.8630485534668 83.8165512084961 197.8630485534668
83.74192810058594 179.2608642578125 140.66012954711914 179.2608642578125 140.66012954711914 199.52123641967773 83.74192810058594 199.52123641967773
89.87852478027344 178.33871459960938 145.7666778564453 178.33871459960938 145.7666778564453 198.71437644958496 89.87852478027344 198.71437644958496
91.0566177368164 177.67495727539062 147.53071975708008 177.67495727539062 147.53071975708008 198.21096420288086 91.0566177368164 198.21096420288086
90.40106201171875 179.18862915039062 147.40607452392578 179.18862915039062 147.40607452392578 199.62607955932617 90.40106201171875 199.62607955932617
90.92070007324219 179.7344512939453 148.33026885986328 179.7344512939453 148.33026885986328 200.28955078125 90.92070007324219 200.28955078125
93.13582611083984 179.96311950683594 150.78351974487305 179.96311950683594 150.78351974487305 200.61949348449707 93.13582611083984 200.61949348449707
95.46089172363281 179.2176971435547 153.4564552307129 179.2176971435547 153.4564552307129 200.6456470489502 95.46089172363281 200.6456470489502
97.60440826416016 178.6073455810547 153.9655647277832 178.6073455810547 153.9655647277832 200.50614547729492 97.60440826416016 200.50614547729492
98.85095977783203 179.9595947265625 153.0902557373047 179.9595947265625 153.0902557373047 201.23292922973633 98.85095977783203 201.23292922973633
102.07090759277344 180.994873046875 151.73456573486328 180.994873046875 151.73456573486328 202.51158142089844 102.07090759277344 202.51158142089844
105.33393859863281 179.86764526367188 153.3601531982422 179.86764526367188 153.3601531982422 201.84322357177734 105.33393859863281 201.84322357177734
108.14986419677734 178.43588256835938 158.2764434814453 178.43588256835938 158.2764434814453 199.57522583007812 108.14986419677734 199.57522583007812
109.66825103759766 177.55880737304688 161.7061767578125 177.55880737304688 161.7061767578125 198.5646572113037 109.66825103759766 198.5646572113037
108.30964660644531 176.3805694580078 165.2452163696289 176.3805694580078 165.2452163696289 197.08438682556152 108.30964660644531 197.08438682556152
111.132080078125 175.01905822753906 168.5634880065918 175.01905822753906 168.5634880065918 195.90317916870117 111.132080078125 195.90317916870117
109.37437438964844 173.97926330566406 166.9391632080078 173.97926330566406 166.9391632080078 194.91188621520996 109.37437438964844 194.91188621520996
108.0634536743164 172.99253845214844 165.2183837890625 172.99253845214844 165.2183837890625 193.776123046875 108.0634536743164 193.776123046875
108.9074478149414 172.20814514160156 166.1442108154297 172.20814514160156 166.1442108154297 193.02148818969727 108.9074478149414 193.02148818969727
110.32646179199219 171.85374450683594 164.6771469116211 171.85374450683594 164.6771469116211 192.77288055419922 110.32646179199219 192.77288055419922
114.68702697753906 172.72164916992188 161.28777694702148 172.72164916992188 161.28777694702148 192.9316291809082 114.68702697753906 192.9316291809082
113.15602111816406 172.7005157470703 158.45745849609375 172.7005157470703 158.45745849609375 194.10959243774414 113.15602111816406 194.10959243774414
112.81608581542969 172.67379760742188 157.1779556274414 172.67379760742188 157.1779556274414 194.13967323303223 112.81608581542969 194.13967323303223
108.3507080078125 170.77566528320312 157.42203521728516 170.77566528320312 157.42203521728516 192.4273338317871 108.3507080078125 192.4273338317871
109.10627746582031 170.5839080810547 156.64104843139648 170.5839080810547 156.64104843139648 192.12055206298828 109.10627746582031 192.12055206298828
106.21916198730469 170.01748657226562 156.18659210205078 170.01748657226562 156.18659210205078 191.08415412902832 106.21916198730469 191.08415412902832
105.15584564208984 170.02777099609375 156.2915267944336 170.02777099609375 156.2915267944336 191.1073818206787 105.15584564208984 191.1073818206787
106.62481689453125 170.6456298828125 153.5771713256836 170.6456298828125 153.5771713256836 191.57277297973633 106.62481689453125 191.57277297973633
108.0843734741211 172.71975708007812 150.97756958007812 172.71975708007812 150.97756958007812 192.82638359069824 108.0843734741211 192.82638359069824
99.56026458740234 171.61459350585938 156.47372817993164 171.61459350585938 156.47372817993164 192.31036758422852 99.56026458740234 192.31036758422852
99.9960708618164 173.11068725585938 152.28919982910156 173.11068725585938 152.28919982910156 193.24181938171387 99.9960708618164 193.24181938171387
95.2425765991211 172.43374633789062 150.3527374267578 172.43374633789062 150.3527374267578 192.47377395629883 95.2425765991211 192.47377395629883
106.7518081665039 173.9453887939453 145.0306854248047 173.9453887939453 145.0306854248047 192.4588108062744 106.7518081665039 192.4588108062744
93.30625915527344 172.8283233642578 148.33969497680664 172.8283233642578 148.33969497680664 192.84045028686523 93.30625915527344 192.84045028686523
92.72676086425781 172.37704467773438 147.72061920166016 172.37704467773438 147.72061920166016 192.3747787475586 92.72676086425781 192.3747787475586
90.39848327636719 172.3077392578125 144.7768096923828 172.3077392578125 144.7768096923828 192.08164405822754 90.39848327636719 192.08164405822754
89.74903869628906 171.66346740722656 143.86511993408203 171.66346740722656 143.86511993408203 191.34200859069824 89.74903869628906 191.34200859069824
89.34526062011719 170.60726928710938 142.5145721435547 170.60726928710938 142.5145721435547 189.94153213500977 89.34526062011719 189.94153213500977
92.49221801757812 171.3826446533203 139.3747787475586 171.3826446533203 139.3747787475586 190.9708366394043 92.49221801757812 190.9708366394043
90.51728820800781 169.02821350097656 139.14208221435547 169.02821350097656 139.14208221435547 187.7536792755127 90.51728820800781 187.7536792755127
92.30941772460938 168.1698760986328 138.38397598266602 168.1698760986328 138.38397598266602 187.31717491149902 92.30941772460938 187.31717491149902
94.51625061035156 167.24966430664062 136.6639862060547 167.24966430664062 136.6639862060547 187.20032501220703 94.51625061035156 187.20032501220703
95.14122009277344 166.6552276611328 136.02129364013672 166.6552276611328 136.02129364013672 187.9232292175293 95.14122009277344 187.9232292175293
94.94476318359375 166.00930786132812 136.41806411743164 166.00930786132812 136.41806411743164 186.34930610656738 94.94476318359375 186.34930610656738
93.87654876708984 164.51730346679688 139.4673194885254 164.51730346679688 139.4673194885254 183.99232482910156 93.87654876708984 183.99232482910156
98.91190338134766 162.2310028076172 144.27412033081055 162.2310028076172 144.27412033081055 182.39228439331055 98.91190338134766 182.39228439331055
103.54520416259766 160.725830078125 155.28443145751953 160.725830078125 155.28443145751953 180.06168174743652 103.54520416259766 180.06168174743652
108.89312744140625 159.34994506835938 158.21842193603516 159.34994506835938 158.21842193603516 178.6469669342041 108.89312744140625 178.6469669342041
108.92962646484375 159.46353149414062 161.02384185791016 159.46353149414062 161.02384185791016 179.68099403381348 108.92962646484375 179.68099403381348
112.35728454589844 157.2125701904297 167.0057144165039 157.2125701904297 167.0057144165039 177.08469200134277 112.35728454589844 177.08469200134277
112.4209976196289 156.67218017578125 168.02593994140625 156.67218017578125 168.02593994140625 176.89212608337402 112.4209976196289 176.89212608337402
113.19559478759766 157.63198852539062 167.6253433227539 157.63198852539062 167.6253433227539 177.42459106445312 113.19559478759766 177.42459106445312
113.24778747558594 156.57052612304688 168.36559295654297 156.57052612304688 168.36559295654297 176.61333084106445 113.24778747558594 176.61333084106445
111.5860595703125 156.0260009765625 168.07608032226562 156.0260009765625 168.07608032226562 176.56779098510742 111.5860595703125 176.56779098510742
112.40562438964844 157.40843200683594 170.73968887329102 157.40843200683594 170.73968887329102 178.0283260345459 112.40562438964844 178.0283260345459
114.15579986572266 159.56529235839844 172.10308456420898 159.56529235839844 172.10308456420898 180.6369915008545 114.15579986572266 180.6369915008545
113.4377212524414 157.59347534179688 171.7133026123047 157.59347534179688 171.7133026123047 178.78455352783203 113.4377212524414 178.78455352783203
116.8614501953125 159.55477905273438 175.8170280456543 159.55477905273438 175.8170280456543 180.9931297302246 116.8614501953125 180.9931297302246
122.20318603515625 158.96035766601562 181.10091018676758 158.96035766601562 181.10091018676758 180.37767028808594 122.20318603515625 180.37767028808594
126.506103515625 159.4080047607422 184.52811431884766 159.4080047607422 184.52811431884766 180.5068759918213 126.506103515625 180.5068759918213
138.8546600341797 166.61715698242188 196.9616928100586 166.61715698242188 196.9616928100586 187.7469425201416 138.8546600341797 187.7469425201416
141.88357543945312 166.47935485839844 200.85988235473633 166.47935485839844 200.85988235473633 187.9252414703369 141.88357543945312 187.9252414703369
144.56614685058594 167.6905517578125 202.56830596923828 167.6905517578125 202.56830596923828 189.3963851928711 144.56614685058594 189.3963851928711
147.59153747558594 170.85604858398438 200.88225936889648 170.85604858398438 200.88225936889648 191.75250244140625 147.59153747558594 191.75250244140625
148.19935607910156 172.14151000976562 202.93190002441406 172.14151000976562 202.93190002441406 194.27548789978027 148.19935607910156 194.27548789978027
151.0336151123047 175.38380432128906 202.50720596313477 175.38380432128906 202.50720596313477 195.35187911987305 151.0336151123047 195.35187911987305
149.28811645507812 174.87054443359375 203.41814422607422 174.87054443359375 203.41814422607422 197.59576797485352 149.28811645507812 197.59576797485352
153.43356323242188 178.72695922851562 202.17432403564453 178.72695922851562 202.17432403564453 198.70021057128906 153.43356323242188 198.70021057128906
156.23736572265625 178.52163696289062 205.43887329101562 178.52163696289062 205.43887329101562 197.20808029174805 156.23736572265625 197.20808029174805
157.70352172851562 179.18389892578125 207.1782112121582 179.18389892578125 207.1782112121582 197.36123085021973 157.70352172851562 197.36123085021973
161.98956298828125 179.3455352783203 212.5836410522461 179.3455352783203 212.5836410522461 198.0926399230957 161.98956298828125 198.0926399230957
168.87985229492188 178.4326629638672 217.81807327270508 178.4326629638672 217.81807327270508 198.50903701782227 168.87985229492188 198.50903701782227
169.89129638671875 176.00299072265625 222.49881744384766 176.00299072265625 222.49881744384766 197.28798866271973 169.89129638671875 197.28798866271973
168.85592651367188 173.9208984375 228.2846794128418 173.9208984375 228.2846794128418 196.3334846496582 168.85592651367188 196.3334846496582
168.19833374023438 175.03927612304688 224.9443473815918 175.03927612304688 224.9443473815918 197.2786865234375 168.19833374023438 197.2786865234375
167.9535675048828 174.7743377685547 221.66859436035156 174.7743377685547 221.66859436035156 196.8362216949463 167.9535675048828 196.8362216949463
163.13197326660156 171.7752227783203 225.79501724243164 171.7752227783203 225.79501724243164 194.56174278259277 163.13197326660156 194.56174278259277
167.3765411376953 173.75767517089844 218.97327041625977 173.75767517089844 218.97327041625977 195.2702751159668 167.3765411376953 195.2702751159668
168.92909240722656 172.8126220703125 219.32730865478516 172.8126220703125 219.32730865478516 195.52474212646484 168.92909240722656 195.52474212646484
168.94898986816406 173.9289093017578 215.45581817626953 173.9289093017578 215.45581817626953 194.10964584350586 168.94898986816406 194.10964584350586
165.38539123535156 171.3204803466797 215.36431884765625 171.3204803466797 215.36431884765625 195.3527488708496 165.38539123535156 195.3527488708496
162.23626708984375 172.33126831054688 210.8260154724121 172.33126831054688 210.8260154724121 195.3527717590332 162.23626708984375 195.3527717590332
161.95462036132812 174.803466796875 208.03678512573242 174.803466796875 208.03678512573242 197.28591346740723 161.95462036132812 197.28591346740723
160.2154998779297 176.6829071044922 206.44478607177734 176.6829071044922 206.44478607177734 199.30048179626465 160.2154998779297 199.30048179626465
158.24293518066406 178.1591339111328 205.19589614868164 178.1591339111328 205.19589614868164 200.12465476989746 158.24293518066406 200.12465476989746
159.80746459960938 177.05990600585938 207.32946014404297 177.05990600585938 207.32946014404297 199.11121559143066 159.80746459960938 199.11121559143066
159.76165771484375 177.20114135742188 208.13193130493164 177.20114135742188 208.13193130493164 198.51708984375 159.76165771484375 198.51708984375
158.6025390625 177.17123413085938 206.56386947631836 177.17123413085938 206.56386947631836 199.0478229522705 158.6025390625 199.0478229522705
154.1834259033203 180.2614288330078 200.61301040649414 180.2614288330078 200.61301040649414 199.9640998840332 154.1834259033203 199.9640998840332
150.62416076660156 179.40391540527344 202.57240295410156 179.40391540527344 202.57240295410156 199.8886013031006 150.62416076660156 199.8886013031006
150.8254852294922 178.58551025390625 207.12428283691406 178.58551025390625 207.12428283691406 199.14870643615723 150.8254852294922 199.14870643615723
149.4294891357422 177.46841430664062 211.90900039672852 177.46841430664062 211.90900039672852 200.1881980895996 149.4294891357422 200.1881980895996
165.33544921875 178.38607788085938 215.6961669921875 178.38607788085938 215.6961669921875 197.61167526245117 165.33544921875 197.61167526245117
166.94644165039062 178.58615112304688 217.93857955932617 178.58615112304688 217.93857955932617 197.8920497894287 166.94644165039062 197.8920497894287
177.3229522705078 173.5378875732422 230.22879791259766 173.5378875732422 230.22879791259766 194.8556251525879 177.3229522705078 194.8556251525879
180.1532745361328 172.98387145996094 232.94269180297852 172.98387145996094 232.94269180297852 194.25297927856445 180.1532745361328 194.25297927856445
185.9385223388672 170.53573608398438 240.99266052246094 170.53573608398438 240.99266052246094 194.31045150756836 185.9385223388672 194.31045150756836
188.94210815429688 169.4940643310547 245.36628341674805 169.4940643310547 245.36628341674805 193.07769393920898 188.94210815429688 193.07769393920898
194.67910766601562 169.45840454101562 249.2132797241211 169.45840454101562 249.2132797241211 192.19732284545898 194.67910766601562 192.19732284545898
197.80142211914062 168.74417114257812 255.72563934326172 168.74417114257812 255.72563934326172 191.48177909851074 197.80142211914062 191.48177909851074
209.05581665039062 167.0042724609375 271.67487716674805 167.0042724609375 271.67487716674805 189.50249671936035 209.05581665039062 189.50249671936035
214.371337890625 165.5255126953125 278.27861404418945 165.5255126953125 278.27861404418945 188.8884677886963 214.371337890625 188.8884677886963
221.7860870361328 165.12979125976562 285.3119354248047 165.12979125976562 285.3119354248047 188.23006057739258 221.7860870361328 188.23006057739258
230.8113250732422 163.8514404296875 294.5123062133789 163.8514404296875 294.5123062133789 187.01539421081543 230.8113250732422 187.01539421081543
238.79721069335938 164.07760620117188 301.9008560180664 164.07760620117188 301.9008560180664 187.02434539794922 238.79721069335938 187.02434539794922
241.690673828125 164.49667358398438 305.8705596923828 164.49667358398438 305.8705596923828 187.7978458404541 241.690673828125 187.7978458404541
247.956787109375 164.1604461669922 312.3638916015625 164.1604461669922 312.3638916015625 187.5811710357666 247.956787109375 187.5811710357666
251.249267578125 165.32455444335938 314.72187423706055 165.32455444335938 314.72187423706055 188.03948593139648 251.249267578125 188.03948593139648
253.0160369873047 165.6799774169922 314.7460708618164 165.6799774169922 314.7460708618164 188.32351303100586 253.0160369873047 188.32351303100586
258.6247863769531 165.58804321289062 315.8606071472168 165.58804321289062 315.8606071472168 186.73932647705078 258.6247863769531 186.73932647705078
260.627685546875 162.60885620117188 320.7358932495117 162.60885620117188 320.7358932495117 185.32007598876953 260.627685546875 185.32007598876953
262.5556945800781 161.21060180664062 325.1513366699219 161.21060180664062 325.1513366699219 184.63763046264648 262.5556945800781 184.63763046264648
263.17999267578125 158.65110778808594 329.0465621948242 158.65110778808594 329.0465621948242 182.60255432128906 263.17999267578125 182.60255432128906
263.4328918457031 158.8311767578125 329.6540985107422 158.8311767578125 329.6540985107422 182.91158294677734 263.4328918457031 182.91158294677734
266.98931884765625 155.63389587402344 333.4923858642578 155.63389587402344 333.4923858642578 179.81679344177246 266.98931884765625 179.81679344177246
266.08551025390625 155.0101776123047 332.7635955810547 155.0101776123047 332.7635955810547 179.25671768188477 266.08551025390625 179.25671768188477
267.90008544921875 154.2556610107422 335.6792984008789 154.2556610107422 335.6792984008789 178.9026107788086 267.90008544921875 178.9026107788086
267.69976806640625 153.05313110351562 335.87662506103516 153.05313110351562 335.87662506103516 177.84467697143555 267.69976806640625 177.84467697143555
269.3346252441406 153.07012939453125 336.1495895385742 153.07012939453125 336.1495895385742 177.3664436340332 269.3346252441406 177.3664436340332
268.77398681640625 152.10304260253906 335.6070327758789 152.10304260253906 335.6070327758789 176.40593338012695 268.77398681640625 176.40593338012695
267.39208984375 150.97409057617188 334.23545837402344 150.97409057617188 334.23545837402344 175.28073501586914 267.39208984375 175.28073501586914
267.74176025390625 149.8585968017578 334.65293884277344 149.8585968017578 334.65293884277344 174.1899013519287 267.74176025390625 174.1899013519287
275.17938232421875 151.21139526367188 326.76175689697266 151.21139526367188 326.76175689697266 174.9588108062744 275.17938232421875 174.9588108062744
270.01690673828125 146.55712890625 329.89354705810547 146.55712890625 329.89354705810547 170.3838291168213 270.01690673828125 170.3838291168213
274.88970947265625 147.5295867919922 323.88200759887695 147.5295867919922 323.88200759887695 171.0891170501709 274.88970947265625 171.0891170501709
273.0751953125 146.56680297851562 323.5729446411133 146.56680297851562 323.5729446411133 169.37340927124023 273.0751953125 169.37340927124023
272.8125915527344 146.1021270751953 323.2534065246582 146.1021270751953 323.2534065246582 168.01823043823242 272.8125915527344 168.01823043823242
273.29498291015625 144.3665771484375 321.5294303894043 144.3665771484375 321.5294303894043 166.89236068725586 273.29498291015625 166.89236068725586
272.1648254394531 144.2570343017578 319.95470428466797 144.2570343017578 319.95470428466797 167.7264919281006 272.1648254394531 167.7264919281006
268.66143798828125 144.3022003173828 318.1116714477539 144.3022003173828 318.1116714477539 168.14930534362793 268.66143798828125 168.14930534362793
264.3113708496094 146.590576171875 312.7203903198242 146.590576171875 312.7203903198242 170.33615112304688 264.3113708496094 170.33615112304688
259.4443054199219 147.15933227539062 309.15974044799805 147.15933227539062 309.15974044799805 171.94817352294922 259.4443054199219 171.94817352294922
259.07794189453125 149.1342010498047 307.2475166320801 149.1342010498047 307.2475166320801 172.68317031860352 259.07794189453125 172.68317031860352
255.95504760742188 151.2242889404297 304.4931945800781 151.2242889404297 304.4931945800781 174.65253067016602 255.95504760742188 174.65253067016602
257.3863830566406 151.015869140625 304.41998291015625 151.015869140625 304.41998291015625 173.71045303344727 257.3863830566406 173.71045303344727
255.05221557617188 150.15914916992188 302.5811233520508 150.15914916992188 302.5811233520508 174.95212173461914 255.05221557617188 174.95212173461914
253.7154541015625 149.12176513671875 302.8783950805664 149.12176513671875 302.8783950805664 174.81202125549316 253.7154541015625 174.81202125549316
253.91650390625 148.86465454101562 302.4984664916992 148.86465454101562 302.4984664916992 173.82870864868164 253.91650390625 173.82870864868164
252.50732421875 150.8555908203125 299.95073318481445 150.8555908203125 299.95073318481445 176.2195930480957 252.50732421875 176.2195930480957
251.22860717773438 151.72659301757812 299.1950378417969 151.72659301757812 299.1950378417969 176.4577121734619 251.22860717773438 176.4577121734619
246.92715454101562 154.0865936279297 295.3934440612793 154.0865936279297 295.3934440612793 178.64418411254883 246.92715454101562 178.64418411254883
243.1958465576172 155.29122924804688 293.13990020751953 155.29122924804688 293.13990020751953 179.3506259918213 243.1958465576172 179.3506259918213
243.6427459716797 157.6608428955078 291.18135833740234 157.6608428955078 291.18135833740234 179.29046058654785 243.6427459716797 179.29046058654785
243.5023956298828 157.80908203125 292.40041732788086 157.80908203125 292.40041732788086 178.74468803405762 243.5023956298828 178.74468803405762
244.04995727539062 158.579833984375 293.9552688598633 158.579833984375 293.9552688598633 178.86831092834473 244.04995727539062 178.86831092834473
239.7196044921875 158.99508666992188 296.5009765625 158.99508666992188 296.5009765625 180.58574676513672 239.7196044921875 180.58574676513672
238.15390014648438 159.3637237548828 293.5506057739258 159.3637237548828 293.5506057739258 180.8639736175537 238.15390014648438 180.8639736175537
235.244873046875 158.50173950195312 296.0147018432617 158.50173950195312 296.0147018432617 180.59982681274414 235.244873046875 180.59982681274414
241.5674591064453 158.7974090576172 291.58192443847656 158.7974090576172 291.58192443847656 178.96981811523438 241.5674591064453 178.96981811523438
236.72677612304688 158.11575317382812 293.70947265625 158.11575317382812 293.70947265625 179.43690490722656 236.72677612304688 179.43690490722656
240.4588165283203 156.22579956054688 291.13656997680664 156.22579956054688 291.13656997680664 176.25726318359375 240.4588165283203 176.25726318359375
238.99545288085938 155.66537475585938 290.7453308105469 155.66537475585938 290.7453308105469 176.60663223266602 238.99545288085938 176.60663223266602
238.75692749023438 155.37559509277344 290.2147331237793 155.37559509277344 290.2147331237793 176.32848358154297 238.75692749023438 176.32848358154297
242.4685516357422 153.1134796142578 291.5547561645508 153.1134796142578 291.5547561645508 175.5854377746582 242.4685516357422 175.5854377746582
240.09033203125 152.8162384033203 290.3834686279297 152.8162384033203 290.3834686279297 175.83839797973633 240.09033203125 175.83839797973633
240.5989532470703 151.65484619140625 293.934139251709 151.65484619140625 293.934139251709 173.90510177612305 240.5989532470703 173.90510177612305
238.9941864013672 151.0504150390625 296.68994522094727 151.0504150390625 296.68994522094727 172.91209983825684 238.9941864013672 172.91209983825684
240.5690155029297 151.2238006591797 293.27283477783203 151.2238006591797 293.27283477783203 173.52527236938477 240.5690155029297 173.52527236938477
243.1907501220703 149.90963745117188 301.8721160888672 149.90963745117188 301.8721160888672 171.2482852935791 243.1907501220703 171.2482852935791
239.69863891601562 151.9508056640625 298.1500930786133 151.9508056640625 298.1500930786133 173.40420150756836 239.69863891601562 173.40420150756836
242.5007781982422 150.51905822753906 302.0288619995117 150.51905822753906 302.0288619995117 172.13273429870605 242.5007781982422 172.13273429870605
240.0248565673828 151.91116333007812 299.10228729248047 151.91116333007812 299.10228729248047 173.01823616027832 240.0248565673828 173.01823616027832
240.2421417236328 152.2512969970703 299.1092872619629 152.2512969970703 299.1092872619629 172.4368839263916 240.2421417236328 172.4368839263916
243.2035675048828 152.38711547851562 300.07286834716797 152.38711547851562 300.07286834716797 171.36417770385742 243.2035675048828 171.36417770385742
242.4736328125 152.87271118164062 300.56156158447266 152.87271118164062 300.56156158447266 171.57603454589844 242.4736328125 171.57603454589844
243.7837371826172 153.30734252929688 300.00350189208984 153.30734252929688 300.00350189208984 171.88575553894043 243.7837371826172 171.88575553894043
245.0677032470703 152.50961303710938 302.6908416748047 152.50961303710938 302.6908416748047 171.63449096679688 245.0677032470703 171.63449096679688
247.1598358154297 152.75564575195312 303.48192977905273 152.75564575195312 303.48192977905273 171.23433303833008 247.1598358154297 171.23433303833008
248.98336791992188 152.54417419433594 303.99950408935547 152.54417419433594 303.99950408935547 170.97060203552246 248.98336791992188 170.97060203552246
247.22653198242188 152.52926635742188 304.5825004577637 152.52926635742188 304.5825004577637 171.22715187072754 247.22653198242188 171.22715187072754
249.33242797851562 151.4542999267578 305.6454658508301 151.4542999267578 305.6454658508301 172.30778121948242 249.33242797851562 172.30778121948242
251.974365234375 150.9991455078125 306.9292221069336 150.9991455078125 306.9292221069336 172.2995090484619 251.974365234375 172.2995090484619
253.1831512451172 151.231201171875 308.13053131103516 151.231201171875 308.13053131103516 171.98373413085938 253.1831512451172 171.98373413085938
255.7816619873047 151.35479736328125 307.1208267211914 151.35479736328125 307.1208267211914 171.91896629333496 255.7816619873047 171.91896629333496
256.99261474609375 151.4547576904297 307.80479431152344 151.4547576904297 307.80479431152344 171.92161178588867 256.99261474609375 171.92161178588867
258.48291015625 147.7460174560547 315.0309867858887 147.7460174560547 315.0309867858887 169.5058994293213 258.48291015625 169.5058994293213
257.4171142578125 146.20413208007812 318.7280044555664 146.20413208007812 318.7280044555664 168.49896240234375 257.4171142578125 168.49896240234375
263.3829040527344 146.54319763183594 314.7237014770508 146.54319763183594 314.7237014770508 169.1626033782959 263.3829040527344 169.1626033782959
263.91229248046875 146.26058959960938 314.9817810058594 146.26058959960938 314.9817810058594 168.69709587097168 263.91229248046875 168.69709587097168
270.1048583984375 143.63291931152344 320.19847869873047 143.63291931152344 320.19847869873047 165.2923469543457 270.1048583984375 165.2923469543457
267.29345703125 140.1552276611328 328.50695037841797 140.1552276611328 328.50695037841797 162.41464042663574 267.29345703125 162.41464042663574
267.7544250488281 139.01278686523438 328.837158203125 139.01278686523438 328.837158203125 161.22465133666992 267.7544250488281 161.22465133666992
267.8818359375 137.24862670898438 328.2327461242676 137.24862670898438 328.2327461242676 159.1943759918213 267.8818359375 159.1943759918213
269.012939453125 136.50765991210938 329.28321075439453 136.50765991210938 329.28321075439453 158.4240837097168 269.012939453125 158.4240837097168
268.99871826171875 136.42337036132812 328.30638885498047 136.42337036132812 328.30638885498047 157.9897575378418 268.99871826171875 157.9897575378418
274.9316711425781 137.99295043945312 324.0389518737793 137.99295043945312 324.0389518737793 157.4245433807373 274.9316711425781 157.4245433807373
275.4836730957031 137.91336059570312 324.36595153808594 137.91336059570312 324.36595153808594 156.79616165161133 275.4836730957031 156.79616165161133
273.14178466796875 137.67848205566406 323.8516654968262 137.67848205566406 323.8516654968262 155.7825527191162 273.14178466796875 155.7825527191162
270.9367370605469 137.35794067382812 322.4543685913086 137.35794067382812 322.4543685913086 155.2137565612793 270.9367370605469 155.2137565612793
272.1895446777344 135.74472045898438 322.9687042236328 135.74472045898438 322.9687042236328 154.44195175170898 272.1895446777344 154.44195175170898
271.5008850097656 135.73995971679688 322.0511779785156 135.73995971679688 322.0511779785156 153.73845291137695 271.5008850097656 153.73845291137695
271.6480407714844 134.13180541992188 320.62874603271484 134.13180541992188 320.62874603271484 154.12966537475586 271.6480407714844 154.12966537475586
269.7688293457031 133.78265380859375 316.5414810180664 133.78265380859375 316.5414810180664 153.49598503112793 269.7688293457031 153.49598503112793
268.7380676269531 134.0865020751953 314.07689666748047 134.0865020751953 314.07689666748047 153.00770950317383 268.7380676269531 153.00770950317383
263.7721252441406 133.9034423828125 311.70714569091797 133.9034423828125 311.70714569091797 155.06854820251465 263.7721252441406 155.06854820251465
264.08331298828125 134.08383178710938 309.2187309265137 134.08383178710938 309.2187309265137 156.0191249847412 264.08331298828125 156.0191249847412
263.77667236328125 134.93893432617188 308.72782135009766 134.93893432617188 308.72782135009766 157.49459266662598 263.77667236328125 157.49459266662598
261.7464599609375 136.9330596923828 306.13507080078125 136.9330596923828 306.13507080078125 158.21381759643555 261.7464599609375 158.21381759643555
257.0082092285156 136.9844970703125 303.158390045166 136.9844970703125 303.158390045166 159.33780479431152 257.0082092285156 159.33780479431152
257.19036865234375 137.14144897460938 302.3061714172363 137.14144897460938 302.3061714172363 160.01189041137695 257.19036865234375 160.01189041137695
254.58682250976562 138.7561798095703 300.6472969055176 138.7561798095703 300.6472969055176 161.32077598571777 254.58682250976562 161.32077598571777
254.9575653076172 139.13851928710938 300.6684913635254 139.13851928710938 300.6684913635254 161.62860298156738 254.9575653076172 161.62860298156738
253.5520477294922 138.68675231933594 298.9142189025879 138.68675231933594 298.9142189025879 160.97889709472656 253.5520477294922 160.97889709472656
251.9213409423828 139.79904174804688 297.6515884399414 139.79904174804688 297.6515884399414 161.45875930786133 251.9213409423828 161.45875930786133
249.85903930664062 141.13217163085938 296.88591384887695 141.13217163085938 296.88591384887695 160.76126289367676 249.85903930664062 160.76126289367676
249.4779510498047 141.415771484375 296.4676055908203 141.415771484375 296.4676055908203 160.25828552246094 249.4779510498047 160.25828552246094
248.3089599609375 141.4017333984375 296.00775146484375 141.4017333984375 296.00775146484375 160.10691833496094 248.3089599609375 160.10691833496094
244.3257598876953 139.37327575683594 304.6139259338379 139.37327575683594 304.6139259338379 161.78908920288086 244.3257598876953 161.78908920288086
244.1945343017578 140.5458984375 300.50086212158203 140.5458984375 300.50086212158203 162.17116928100586 244.1945343017578 162.17116928100586
243.3817596435547 139.2992706298828 303.1080551147461 139.2992706298828 303.1080551147461 161.6145725250244 243.3817596435547 161.6145725250244
239.5722198486328 138.79318237304688 298.8644561767578 138.79318237304688 298.8644561767578 161.32958984375 239.5722198486328 161.32958984375
244.35250854492188 136.94393920898438 299.66272735595703 136.94393920898438 299.66272735595703 158.99094772338867 244.35250854492188 158.99094772338867
241.18115234375 131.09426879882812 303.9466667175293 131.09426879882812 303.9466667175293 153.9180507659912 241.18115234375 153.9180507659912
241.18960571289062 129.06118774414062 305.0548896789551 129.06118774414062 305.0548896789551 152.28488540649414 241.18960571289062 152.28488540649414
243.4741668701172 127.16849517822266 307.6776657104492 127.16849517822266 307.6776657104492 150.51517868041992 243.4741668701172 150.51517868041992
242.92770385742188 126.5538101196289 307.77405548095703 126.5538101196289 307.77405548095703 150.1342544555664 242.92770385742188 150.1342544555664
244.61947631835938 125.92024230957031 307.63549041748047 125.92024230957031 307.63549041748047 149.79799270629883 244.61947631835938 149.79799270629883
243.31253051757812 125.34832763671875 307.3159408569336 125.34832763671875 307.3159408569336 149.43113708496094 243.31253051757812 149.43113708496094
243.34671020507812 122.63482666015625 309.6874237060547 122.63482666015625 309.6874237060547 146.75867652893066 243.34671020507812 146.75867652893066
244.2863006591797 122.53011322021484 311.0008239746094 122.53011322021484 311.0008239746094 146.7898941040039 244.2863006591797 146.7898941040039
244.0824737548828 121.4327163696289 311.99285888671875 121.4327163696289 311.99285888671875 146.12735748291016 244.0824737548828 146.12735748291016
243.9744110107422 121.22879791259766 312.27156829833984 121.22879791259766 312.27156829833984 146.06408309936523 243.9744110107422 146.06408309936523
243.4735870361328 119.78889465332031 313.1745300292969 119.78889465332031 313.1745300292969 145.13464736938477 243.4735870361328 145.13464736938477
246.1992645263672 115.66084289550781 315.22296142578125 115.66084289550781 315.22296142578125 140.76032638549805 246.1992645263672 140.76032638549805
249.59765625 113.23707580566406 318.52886962890625 113.23707580566406 318.52886962890625 138.30292892456055 249.59765625 138.30292892456055
250.3683319091797 110.01700592041016 320.80828857421875 110.01700592041016 320.80828857421875 135.63148880004883 250.3683319091797 135.63148880004883
247.3715362548828 109.6667709350586 318.1859664916992 109.6667709350586 318.1859664916992 135.41742706298828 247.3715362548828 135.41742706298828
249.4460906982422 108.09114837646484 320.3293685913086 108.09114837646484 320.3293685913086 133.8668384552002 249.4460906982422 133.8668384552002
251.16732788085938 105.4022216796875 320.8751983642578 105.4022216796875 320.8751983642578 130.75049591064453 251.16732788085938 130.75049591064453
250.3157501220703 104.73646545410156 320.4292297363281 104.73646545410156 320.4292297363281 130.2322292327881 250.3157501220703 130.2322292327881
251.6918182373047 101.74971008300781 321.26001739501953 101.74971008300781 321.26001739501953 127.04718971252441 251.6918182373047 127.04718971252441
250.80239868164062 102.38682556152344 321.1232223510742 102.38682556152344 321.1232223510742 127.95798873901367 250.80239868164062 127.95798873901367
254.1398162841797 98.6967544555664 324.81591796875 98.6967544555664 324.81591796875 124.39710807800293 254.1398162841797 124.39710807800293
257.04754638671875 93.12998962402344 328.44742584228516 93.12998962402344 328.44742584228516 119.09353256225586 257.04754638671875 119.09353256225586
256.5263977050781 93.53880310058594 327.0581817626953 93.53880310058594 327.0581817626953 119.18667602539062 256.5263977050781 119.18667602539062
260.47955322265625 91.29470825195312 330.47926330566406 91.29470825195312 330.47926330566406 116.74910163879395 260.47955322265625 116.74910163879395
260.098876953125 88.3956527709961 329.67662048339844 88.3956527709961 329.67662048339844 113.69660186767578 260.098876953125 113.69660186767578
259.06903076171875 88.4288558959961 329.3878936767578 88.4288558959961 329.3878936767578 113.99930191040039 259.06903076171875 113.99930191040039
265.0949401855469 87.12189483642578 329.2755584716797 87.12189483642578 329.2755584716797 111.36343765258789 265.0949401855469 111.36343765258789
272.0359191894531 86.02772521972656 328.63648223876953 86.02772521972656 328.63648223876953 108.8723258972168 272.0359191894531 108.8723258972168
272.87762451171875 85.19625854492188 330.1003112792969 85.19625854492188 330.1003112792969 108.14839553833008 272.87762451171875 108.14839553833008
275.2932434082031 83.51234436035156 332.2815933227539 83.51234436035156 332.2815933227539 105.57460403442383 275.2932434082031 105.57460403442383
275.16619873046875 82.86582946777344 329.76114654541016 82.86582946777344 329.76114654541016 104.56980323791504 275.16619873046875 104.56980323791504
274.2681579589844 81.17095184326172 331.00069427490234 81.17095184326172 331.00069427490234 102.52190780639648 274.2681579589844 102.52190780639648
278.2345275878906 79.0661849975586 334.9113960266113 79.0661849975586 334.9113960266113 99.89979362487793 278.2345275878906 99.89979362487793
276.3837890625 79.89312744140625 331.5984687805176 79.89312744140625 331.5984687805176 100.15179824829102 276.3837890625 100.15179824829102
277.3669128417969 78.40660095214844 331.81599044799805 78.40660095214844 331.81599044799805 99.20347213745117 277.3669128417969 99.20347213745117
279.4071350097656 76.41669464111328 333.3683280944824 76.41669464111328 333.3683280944824 97.3833999633789 279.4071350097656 97.3833999633789
281.3294982910156 73.34175872802734 337.70125579833984 73.34175872802734 337.70125579833984 95.83919906616211 281.3294982910156 95.83919906616211
274.9177551269531 70.40531158447266 341.8374328613281 70.40531158447266 341.8374328613281 94.73969650268555 274.9177551269531 94.73969650268555
274.6064758300781 69.16536712646484 342.12281799316406 69.16536712646484 342.12281799316406 93.71671867370605 274.6064758300781 93.71671867370605
275.56280517578125 69.0244140625 342.28944396972656 69.0244140625 342.28944396972656 93.28859901428223 275.56280517578125 93.28859901428223
278.8638916015625 69.05084228515625 342.5928726196289 69.05084228515625 342.5928726196289 92.59680366516113 278.8638916015625 92.59680366516113
277.0032043457031 67.50765228271484 343.85997009277344 67.50765228271484 343.85997009277344 91.81915664672852 277.0032043457031 91.81915664672852
278.3131103515625 67.54752349853516 343.8039093017578 67.54752349853516 343.8039093017578 91.77626419067383 278.3131103515625 91.77626419067383
283.1707763671875 70.87882995605469 339.1706733703613 70.87882995605469 339.1706733703613 92.32383346557617 283.1707763671875 92.32383346557617
284.4381103515625 68.77638244628906 342.9574508666992 68.77638244628906 342.9574508666992 90.71913146972656 284.4381103515625 90.71913146972656
285.3011779785156 68.57373046875 343.3590316772461 68.57373046875 343.3590316772461 88.90222549438477 285.3011779785156 88.90222549438477
285.5096740722656 67.6382064819336 345.5434379577637 67.6382064819336 345.5434379577637 88.575439453125 285.5096740722656 88.575439453125
286.05218505859375 66.78483581542969 347.78364181518555 66.78483581542969 347.78364181518555 87.03737258911133 286.05218505859375 87.03737258911133
286.0164794921875 64.84072875976562 349.2220344543457 64.84072875976562 349.2220344543457 86.80226135253906 286.0164794921875 86.80226135253906
292.0369567871094 61.451072692871094 354.4213981628418 61.451072692871094 354.4213981628418 83.95760536193848 292.0369567871094 83.95760536193848
293.1719055175781 62.14636993408203 353.2159118652344 62.14636993408203 353.2159118652344 83.7862777709961 293.1719055175781 83.7862777709961
294.46337890625 61.538536071777344 352.98358154296875 61.538536071777344 352.98358154296875 82.70077323913574 294.46337890625 82.70077323913574
296.34637451171875 59.06732177734375 355.7517280578613 59.06732177734375 355.7517280578613 81.07181930541992 296.34637451171875 81.07181930541992
297.15350341796875 57.689422607421875 358.4114189147949 57.689422607421875 358.4114189147949 80.04520416259766 297.15350341796875 80.04520416259766
302.1600036621094 57.72905349731445 359.435546875 57.72905349731445 359.435546875 79.19219779968262 302.1600036621094 79.19219779968262
303.0673522949219 56.129432678222656 361.3959846496582 56.129432678222656 361.3959846496582 77.74568557739258 303.0673522949219 77.74568557739258
302.34075927734375 55.92390060424805 362.3339958190918 55.92390060424805 362.3339958190918 77.594482421875 302.34075927734375 77.594482421875
303.06585693359375 52.98942184448242 365.47773361206055 52.98942184448242 365.47773361206055 75.82824516296387 303.06585693359375 75.82824516296387
307.37872314453125 54.5213623046875 364.85086822509766 54.5213623046875 364.85086822509766 75.47889709472656 307.37872314453125 75.47889709472656
310.25970458984375 54.84479904174805 364.42475509643555 54.84479904174805 364.42475509643555 74.58120346069336 310.25970458984375 74.58120346069336
309.9750671386719 50.47802734375 370.03711700439453 50.47802734375 370.03711700439453 72.93940353393555 309.9750671386719 72.93940353393555
312.68701171875 51.22327423095703 370.53242111206055 51.22327423095703 370.53242111206055 72.67092704772949 312.68701171875 72.67092704772949
315.40130615234375 52.7209358215332 369.1666069030762 52.7209358215332 369.1666069030762 73.16431999206543 315.40130615234375 73.16431999206543
317.3658447265625 51.80060958862305 371.78937911987305 51.80060958862305 371.78937911987305 72.2602767944336 317.3658447265625 72.2602767944336
314.62432861328125 51.986961364746094 372.55638885498047 51.986961364746094 372.55638885498047 71.79537010192871 314.62432861328125 71.79537010192871
319.0770568847656 49.558284759521484 375.7797966003418 49.558284759521484 375.7797966003418 70.57592010498047 319.0770568847656 70.57592010498047
318.52850341796875 50.842193603515625 375.1887741088867 50.842193603515625 375.1887741088867 70.25533485412598 318.52850341796875 70.25533485412598
319.9779357910156 49.46202087402344 376.2869338989258 49.46202087402344 376.2869338989258 69.67171478271484 319.9779357910156 69.67171478271484
317.7588806152344 50.07956314086914 376.11315155029297 50.07956314086914 376.11315155029297 69.88667106628418 317.7588806152344 69.88667106628418
319.54510498046875 48.2348747253418 376.8854675292969 48.2348747253418 376.8854675292969 69.1723690032959 319.54510498046875 69.1723690032959
319.87139892578125 48.09882354736328 376.4676742553711 48.09882354736328 376.4676742553711 69.04074287414551 319.87139892578125 69.04074287414551
318.79925537109375 47.77387619018555 376.8725471496582 47.77387619018555 376.8725471496582 68.71819686889648 318.79925537109375 68.71819686889648
316.83123779296875 46.45805740356445 378.1852111816406 46.45805740356445 378.1852111816406 68.36665725708008 316.83123779296875 68.36665725708008
315.97113037109375 44.251068115234375 380.4485626220703 44.251068115234375 380.4485626220703 67.69353485107422 315.97113037109375 67.69353485107422
312.2149353027344 43.007835388183594 382.91382598876953 43.007835388183594 382.91382598876953 68.71648025512695 312.2149353027344 68.71648025512695
315.19744873046875 44.96965789794922 376.9620170593262 44.96965789794922 376.9620170593262 67.75495529174805 315.19744873046875 67.75495529174805
318.6194152832031 44.34111404418945 379.85717010498047 44.34111404418945 379.85717010498047 67.01858520507812 318.6194152832031 67.01858520507812
313.7515563964844 47.609432220458984 383.2317352294922 47.609432220458984 383.2317352294922 72.87490653991699 313.7515563964844 72.87490653991699
313.97064208984375 49.662559509277344 379.04380798339844 49.662559509277344 379.04380798339844 73.14241600036621 313.97064208984375 73.14241600036621
312.3003845214844 51.03380584716797 382.7630920410156 51.03380584716797 382.7630920410156 76.65656280517578 312.3003845214844 76.65656280517578
312.8096618652344 53.252044677734375 383.1645202636719 53.252044677734375 383.1645202636719 78.83558464050293 312.8096618652344 78.83558464050293
314.56085205078125 59.5667724609375 372.1621513366699 59.5667724609375 372.1621513366699 80.23344802856445 314.56085205078125 80.23344802856445
316.51031494140625 61.97649383544922 372.40734100341797 61.97649383544922 372.40734100341797 81.1075267791748 316.51031494140625 81.1075267791748
313.11737060546875 65.876708984375 376.1888122558594 65.876708984375 376.1888122558594 88.69969940185547 313.11737060546875 88.69969940185547
311.9823913574219 69.00971984863281 373.2735290527344 69.00971984863281 373.2735290527344 90.60311317443848 311.9823913574219 90.60311317443848
309.2967529296875 69.8404312133789 378.44189453125 69.8404312133789 378.44189453125 94.98407745361328 309.2967529296875 94.98407745361328
313.6561584472656 73.27677154541016 379.14888763427734 73.27677154541016 379.14888763427734 97.00897598266602 313.6561584472656 97.00897598266602
313.5389709472656 78.56929016113281 376.5870132446289 78.56929016113281 376.5870132446289 100.85377502441406 313.5389709472656 100.85377502441406
315.5201721191406 81.12355041503906 376.1478080749512 81.12355041503906 376.1478080749512 102.28704452514648 315.5201721191406 102.28704452514648
313.3130798339844 82.30973815917969 380.78196716308594 82.30973815917969 380.78196716308594 106.84383773803711 313.3130798339844 106.84383773803711
317.9607849121094 89.31285095214844 372.6330871582031 89.31285095214844 372.6330871582031 109.53285026550293 317.9607849121094 109.53285026550293
319.5120544433594 90.91806030273438 371.79906463623047 90.91806030273438 371.79906463623047 110.98866653442383 319.5120544433594 110.98866653442383
317.9891052246094 94.76199340820312 375.7896423339844 94.76199340820312 375.7896423339844 116.07073020935059 317.9891052246094 116.07073020935059
320.49102783203125 96.4612045288086 378.50250244140625 96.4612045288086 378.50250244140625 117.69340133666992 320.49102783203125 117.69340133666992
324.4228515625 101.82677459716797 378.8941841125488 101.82677459716797 378.8941841125488 121.23921775817871 324.4228515625 121.23921775817871
323.00848388671875 105.66838073730469 374.69603729248047 105.66838073730469 374.69603729248047 124.685546875 323.00848388671875 124.685546875
321.56317138671875 108.0296630859375 377.75081634521484 108.0296630859375 377.75081634521484 126.98190879821777 321.56317138671875 126.98190879821777
318.3118896484375 114.2039566040039 371.2234687805176 114.2039566040039 371.2234687805176 133.76786613464355 318.3118896484375 133.76786613464355
317.96490478515625 114.88004302978516 377.5963439941406 114.88004302978516 377.5963439941406 134.4090232849121 317.96490478515625 134.4090232849121
319.7242126464844 116.99935150146484 374.6697692871094 116.99935150146484 374.6697692871094 136.08242416381836 319.7242126464844 136.08242416381836
318.59979248046875 121.86701965332031 378.30903244018555 121.86701965332031 378.30903244018555 141.13758850097656 318.59979248046875 141.13758850097656
318.57696533203125 127.76847839355469 381.1699028015137 127.76847839355469 381.1699028015137 148.35791969299316 318.57696533203125 148.35791969299316
317.86358642578125 130.70443725585938 375.0003662109375 130.70443725585938 375.0003662109375 150.50886917114258 317.86358642578125 150.50886917114258
317.6731872558594 133.62306213378906 378.2952079772949 133.62306213378906 378.2952079772949 155.35475730895996 317.6731872558594 155.35475730895996
316.60321044921875 137.6795196533203 376.0177803039551 137.6795196533203 376.0177803039551 159.31890869140625 316.60321044921875 159.31890869140625
312.6646423339844 143.44049072265625 374.4444694519043 143.44049072265625 374.4444694519043 166.49569511413574 312.6646423339844 166.49569511413574
311.461669921875 152.43040466308594 370.7060966491699 152.43040466308594 370.7060966491699 175.40862464904785 311.461669921875 175.40862464904785
306.4935607910156 161.69956970214844 370.11717987060547 161.69956970214844 370.11717987060547 184.83539199829102 306.4935607910156 184.83539199829102
302.70843505859375 167.21762084960938 367.1959228515625 167.21762084960938 367.1959228515625 190.66757583618164 302.70843505859375 190.66757583618164
301.7354431152344 173.38706970214844 367.1959915161133 173.38706970214844 367.1959915161133 197.23118019104004 301.7354431152344 197.23118019104004
300.4389953613281 180.5803985595703 365.62168884277344 180.5803985595703 365.62168884277344 204.28315353393555 300.4389953613281 204.28315353393555
299.84686279296875 185.23291015625 363.36324310302734 185.23291015625 363.36324310302734 208.60080909729004 299.84686279296875 208.60080909729004
299.8361511230469 193.18394470214844 363.78563690185547 193.18394470214844 363.78563690185547 216.39253997802734 299.8361511230469 216.39253997802734
298.38409423828125 199.9148712158203 365.37056732177734 199.9148712158203 365.37056732177734 223.6262722015381 298.38409423828125 223.6262722015381
299.9992980957031 206.82882690429688 366.2832336425781 206.82882690429688 366.2832336425781 230.88199424743652 299.9992980957031 230.88199424743652
297.60516357421875 209.3909454345703 364.73033905029297 209.3909454345703 364.73033905029297 233.78772926330566 297.60516357421875 233.78772926330566
296.43560791015625 211.5003204345703 365.1544189453125 211.5003204345703 365.1544189453125 235.20194625854492 296.43560791015625 235.20194625854492
298.3846740722656 211.6078643798828 365.4411087036133 211.6078643798828 365.4411087036133 235.68887329101562 298.3846740722656 235.68887329101562
297.9170227050781 214.8169403076172 365.0817413330078 214.8169403076172 365.0817413330078 238.0326442718506 297.9170227050781 238.0326442718506
300.03387451171875 214.2561492919922 366.51883697509766 214.2561492919922 366.51883697509766 236.30692863464355 300.03387451171875 236.30692863464355
297.36151123046875 217.8612823486328 361.84986877441406 217.8612823486328 361.84986877441406 238.92615699768066 297.36151123046875 238.92615699768066
299.1498718261719 218.05972290039062 363.82019805908203 218.05972290039062 363.82019805908203 238.69095993041992 299.1498718261719 238.69095993041992
296.19268798828125 219.6669464111328 361.5784454345703 219.6669464111328 361.5784454345703 240.27384567260742 296.19268798828125 240.27384567260742
296.9796142578125 221.7804412841797 358.8568229675293 221.7804412841797 358.8568229675293 242.6569118499756 296.9796142578125 242.6569118499756
300.4261779785156 221.42138671875 363.88008880615234 221.42138671875 363.88008880615234 242.42290115356445 300.4261779785156 242.42290115356445
297.28973388671875 224.2747039794922 357.60871505737305 224.2747039794922 357.60871505737305 245.91848945617676 297.28973388671875 245.91848945617676
295.1125793457031 225.0370330810547 354.18817138671875 225.0370330810547 354.18817138671875 246.81772422790527 295.1125793457031 246.81772422790527
297.07916259765625 224.73007202148438 356.4374885559082 224.73007202148438 356.4374885559082 247.0438690185547 297.07916259765625 247.0438690185547
290.81011962890625 226.1324005126953 350.9925956726074 226.1324005126953 350.9925956726074 249.32013702392578 290.81011962890625 249.32013702392578
289.30291748046875 227.82113647460938 349.4944648742676 227.82113647460938 349.4944648742676 251.16346168518066 289.30291748046875 251.16346168518066
291.89007568359375 229.87875366210938 347.01522064208984 229.87875366210938 347.01522064208984 252.92919731140137 291.89007568359375 252.92919731140137
291.8324279785156 231.96627807617188 345.64734649658203 231.96627807617188 345.64734649658203 255.63267135620117 291.8324279785156 255.63267135620117
290.5926208496094 234.74258422851562 343.6180725097656 234.74258422851562 343.6180725097656 257.2329578399658 290.5926208496094 257.2329578399658
292.9309997558594 235.50021362304688 345.4470329284668 235.50021362304688 345.4470329284668 257.313928604126 292.9309997558594 257.313928604126
292.57354736328125 236.2239227294922 345.91515350341797 236.2239227294922 345.91515350341797 258.33654403686523 292.57354736328125 258.33654403686523
291.0209045410156 239.0194091796875 342.7469367980957 239.0194091796875 342.7469367980957 260.29113006591797 291.0209045410156 260.29113006591797
289.1132507324219 239.2972869873047 340.1598663330078 239.2972869873047 340.1598663330078 261.1564693450928 289.1132507324219 261.1564693450928
285.20758056640625 239.6243133544922 338.79029083251953 239.6243133544922 338.79029083251953 261.90528678894043 285.20758056640625 261.90528678894043
284.7784118652344 239.02981567382812 339.0384101867676 239.02981567382812 339.0384101867676 262.0028839111328 284.7784118652344 262.0028839111328
286.271240234375 239.18313598632812 340.24920654296875 239.18313598632812 340.24920654296875 261.5488929748535 286.271240234375 261.5488929748535
287.053466796875 238.06893920898438 342.6886672973633 238.06893920898438 342.6886672973633 260.51649475097656 287.053466796875 260.51649475097656
287.2350158691406 237.98880004882812 345.0655212402344 237.98880004882812 345.0655212402344 260.3369426727295 287.2350158691406 260.3369426727295
288.91680908203125 236.1444549560547 349.22282791137695 236.1444549560547 349.22282791137695 259.11117935180664 288.91680908203125 259.11117935180664
289.23614501953125 235.4137420654297 352.5426940917969 235.4137420654297 352.5426940917969 259.04766273498535 289.23614501953125 259.04766273498535
290.1944274902344 232.814208984375 356.62925720214844 232.814208984375 356.62925720214844 256.97228240966797 290.1944274902344 256.97228240966797
292.97686767578125 233.4822540283203 359.4077606201172 233.4822540283203 359.4077606201172 257.6388969421387 292.97686767578125 257.6388969421387
294.8820495605469 233.59378051757812 360.85091400146484 233.59378051757812 360.85091400146484 257.58241271972656 294.8820495605469 257.58241271972656
296.7109069824219 233.82907104492188 362.75978088378906 233.82907104492188 362.75978088378906 257.84679985046387 296.7109069824219 257.84679985046387
298.6904296875 233.1887664794922 364.1880187988281 233.1887664794922 364.1880187988281 257.0060272216797 298.6904296875 257.0060272216797
299.2890625 233.42971801757812 365.5515823364258 233.42971801757812 365.5515823364258 257.5251350402832 299.2890625 257.5251350402832
304.58026123046875 234.556884765625 370.29534912109375 234.556884765625 370.29534912109375 258.4532356262207 304.58026123046875 258.4532356262207
307.79095458984375 235.3679656982422 373.1592483520508 235.3679656982422 373.1592483520508 259.1382083892822 307.79095458984375 259.1382083892822
310.6728515625 237.08090209960938 376.3298797607422 237.08090209960938 376.3298797607422 260.9561367034912 310.6728515625 260.9561367034912
312.70306396484375 237.2211456298828 378.37718200683594 237.2211456298828 378.37718200683594 261.1025981903076 312.70306396484375 261.1025981903076
314.84356689453125 238.39608764648438 380.8431701660156 238.39608764648438 380.8431701660156 262.3958988189697 314.84356689453125 262.3958988189697
318.135009765625 239.4973602294922 383.8556671142578 239.4973602294922 383.8556671142578 263.39573669433594 318.135009765625 263.39573669433594
322.97833251953125 240.7405548095703 388.7922668457031 240.7405548095703 388.7922668457031 264.67284965515137 322.97833251953125 264.67284965515137
326.1260986328125 242.97830200195312 391.3917236328125 242.97830200195312 391.3917236328125 266.71121406555176 326.1260986328125 266.71121406555176
330.1003723144531 245.30313110351562 395.0932312011719 245.30313110351562 395.0932312011719 268.9368553161621 330.1003723144531 268.9368553161621
333.2877502441406 246.8446044921875 399.0533905029297 246.8446044921875 399.0533905029297 270.7593364715576 333.2877502441406 270.7593364715576
338.6808166503906 249.3166961669922 404.2651062011719 249.3166961669922 404.2651062011719 273.16548347473145 338.6808166503906 273.16548347473145
342.1542053222656 250.89205932617188 408.4081039428711 250.89205932617188 408.4081039428711 274.9843406677246 342.1542053222656 274.9843406677246
343.08905029296875 252.8589324951172 410.42801666259766 252.8589324951172 410.42801666259766 276.8993167877197 343.08905029296875 276.8993167877197
345.8316345214844 256.373779296875 412.59400939941406 256.373779296875 412.59400939941406 279.1969928741455 345.8316345214844 279.1969928741455
352.4365234375 256.5700988769531 416.54454040527344 256.5700988769531 416.54454040527344 279.88911628723145 352.4365234375 279.88911628723145
356.5086975097656 256.7210388183594 421.23560333251953 256.7210388183594 421.23560333251953 280.3387985229492 356.5086975097656 280.3387985229492
359.844482421875 257.984619140625 421.4913215637207 257.984619140625 421.4913215637207 282.24987983703613 359.844482421875 282.24987983703613
364.277099609375 257.4459228515625 423.94758224487305 257.4459228515625 423.94758224487305 282.09379959106445 364.277099609375 282.09379959106445
365.19732666015625 258.10528564453125 426.08382415771484 258.10528564453125 426.08382415771484 283.25215339660645 365.19732666015625 283.25215339660645
368.3426208496094 257.5221252441406 425.8246536254883 257.5221252441406 425.8246536254883 284.02341079711914 368.3426208496094 284.02341079711914
368.49798583984375 255.7240447998047 428.65898513793945 255.7240447998047 428.65898513793945 281.7755832672119 368.49798583984375 281.7755832672119
375.1274719238281 255.1169891357422 431.93914794921875 255.1169891357422 431.93914794921875 281.37158584594727 375.1274719238281 281.37158584594727
368.8486633300781 252.46240234375 439.50733947753906 252.46240234375 439.50733947753906 278.15642738342285 368.8486633300781 278.15642738342285
376.44915771484375 254.55459594726562 433.7564811706543 254.55459594726562 433.7564811706543 280.8481845855713 376.44915771484375 280.8481845855713
375.23016357421875 253.0672149658203 436.57376861572266 253.0672149658203 436.57376861572266 279.11291885375977 375.23016357421875 279.11291885375977
381.0020446777344 253.948486328125 432.0852165222168 253.948486328125 432.0852165222168 280.49656677246094 381.0020446777344 280.49656677246094
382.4129943847656 253.441650390625 431.0416030883789 253.441650390625 431.0416030883789 280.74280738830566 382.4129943847656 280.74280738830566
380.67218017578125 254.93515014648438 430.7266159057617 254.93515014648438 430.7266159057617 283.1505374908447 380.67218017578125 283.1505374908447
381.8484802246094 255.75296020507812 430.5590515136719 255.75296020507812 430.5590515136719 282.99785804748535 381.8484802246094 282.99785804748535
380.99652099609375 257.2124938964844 430.08887481689453 257.2124938964844 430.08887481689453 283.9717674255371 380.99652099609375 283.9717674255371
381.5085144042969 257.3819274902344 431.87992095947266 257.3819274902344 431.87992095947266 284.10211753845215 381.5085144042969 284.10211753845215
377.53466796875 259.1347351074219 429.9283027648926 259.1347351074219 429.9283027648926 287.12221908569336 377.53466796875 287.12221908569336
376.22906494140625 259.1253967285156 429.1187515258789 259.1253967285156 429.1187515258789 287.6813163757324 376.22906494140625 287.6813163757324
376.5758361816406 259.4185485839844 428.2596321105957 259.4185485839844 428.2596321105957 289.21423721313477 376.5758361816406 289.21423721313477
376.8179931640625 259.10748291015625 428.92540740966797 259.10748291015625 428.92540740966797 288.35297203063965 376.8179931640625 288.35297203063965
378.7742614746094 258.5365295410156 428.986629486084 258.5365295410156 428.986629486084 287.36938095092773 378.7742614746094 287.36938095092773
376.81982421875 260.7562561035156 427.8228530883789 260.7562561035156 427.8228530883789 288.14867782592773 376.81982421875 288.14867782592773
377.674072265625 263.51727294921875 427.4162368774414 263.51727294921875 427.4162368774414 290.82575607299805 377.674072265625 290.82575607299805
379.62506103515625 264.48443603515625 428.65346908569336 264.48443603515625 428.65346908569336 291.3063106536865 379.62506103515625 291.3063106536865
379.6075744628906 264.54986572265625 429.4754753112793 264.54986572265625 429.4754753112793 291.3611946105957 379.6075744628906 291.3611946105957
379.11981201171875 267.4747314453125 431.2466926574707 267.4747314453125 431.2466926574707 293.8779602050781 379.11981201171875 293.8779602050781
379.88726806640625 266.62969970703125 433.1859245300293 266.62969970703125 433.1859245300293 293.46202659606934 379.88726806640625 293.46202659606934
379.51763916015625 268.89013671875 435.8249320983887 268.89013671875 435.8249320983887 294.57778549194336 379.51763916015625 294.57778549194336
377.6534729003906 271.059326171875 439.5750732421875 271.059326171875 439.5750732421875 295.33065605163574 377.6534729003906 295.33065605163574
380.89947509765625 272.2807312011719 446.1940002441406 272.2807312011719 446.1940002441406 296.02414894104004 380.89947509765625 296.02414894104004
382.5528259277344 273.2590637207031 447.85789489746094 273.2590637207031 447.85789489746094 297.00631523132324 382.5528259277344 297.00631523132324
384.0748596191406 274.79364013671875 450.1984176635742 274.79364013671875 450.1984176635742 298.8385257720947 384.0748596191406 298.8385257720947
387.4005432128906 277.02569580078125 453.62052154541016 277.02569580078125 453.62052154541016 301.10564041137695 387.4005432128906 301.10564041137695
389.0395812988281 279.31463623046875 454.18641662597656 279.31463623046875 454.18641662597656 303.00434494018555 389.0395812988281 303.00434494018555
394.0284729003906 281.2842102050781 459.5468978881836 281.2842102050781 459.5468978881836 305.1090431213379 394.0284729003906 305.1090431213379
397.09698486328125 283.9276123046875 461.70774841308594 283.9276123046875 461.70774841308594 307.42238998413086 397.09698486328125 307.42238998413086
399.9952087402344 284.54351806640625 465.46302032470703 284.54351806640625 465.46302032470703 308.34994888305664 399.9952087402344 308.34994888305664
406.2461853027344 287.7625427246094 470.5838394165039 287.7625427246094 470.5838394165039 311.15800857543945 406.2461853027344 311.15800857543945
410.0592346191406 289.49053955078125 473.9966812133789 289.49053955078125 473.9966812133789 312.7404727935791 410.0592346191406 312.7404727935791
414.01617431640625 291.502197265625 478.1930694580078 291.502197265625 478.1930694580078 314.83920097351074 414.01617431640625 314.83920097351074
417.9627380371094 293.02056884765625 482.3643341064453 293.02056884765625 482.3643341064453 316.4392795562744 417.9627380371094 316.4392795562744
426.4430236816406 295.69964599609375 491.17193603515625 295.69964599609375 491.17193603515625 319.2373790740967 426.4430236816406 319.2373790740967
425.5804748535156 297.4579162597656 490.9645690917969 297.4579162597656 490.9645690917969 321.2338981628418 425.5804748535156 321.2338981628418
428.435546875 298.78076171875 494.0131607055664 298.78076171875 494.0131607055664 322.62711334228516 428.435546875 322.62711334228516
422.91143798828125 302.0337219238281 489.51914978027344 302.0337219238281 489.51914978027344 326.2546558380127 422.91143798828125 326.2546558380127
421.7322692871094 302.11895751953125 489.6044387817383 302.11895751953125 489.6044387817383 326.7996940612793 421.7322692871094 326.7996940612793
415.6021423339844 306.0564270019531 481.28282928466797 306.0564270019531 481.28282928466797 331.77446937561035 415.6021423339844 331.77446937561035
415.11090087890625 305.148681640625 484.37733459472656 305.148681640625 484.37733459472656 330.33642196655273 415.11090087890625 330.33642196655273
407.8224182128906 305.5077819824219 479.27455139160156 305.5077819824219 479.27455139160156 331.4903202056885 407.8224182128906 331.4903202056885
401.9004211425781 306.08892822265625 470.3342590332031 306.08892822265625 470.3342590332031 332.74999618530273 401.9004211425781 332.74999618530273
399.8247375488281 307.08807373046875 459.8132743835449 307.08807373046875 459.8132743835449 335.48427391052246 399.8247375488281 335.48427391052246
397.034912109375 307.00018310546875 458.3223075866699 307.00018310546875 458.3223075866699 335.18310546875 397.034912109375 335.18310546875
391.95416259765625 305.3543395996094 452.4854736328125 305.3543395996094 452.4854736328125 333.83115005493164 391.95416259765625 333.83115005493164
382.8316650390625 307.659423828125 444.6746826171875 307.659423828125 444.6746826171875 336.1322326660156 382.8316650390625 336.1322326660156
369.4388122558594 309.01177978515625 435.65101623535156 309.01177978515625 435.65101623535156 336.4137363433838 369.4388122558594 336.4137363433838
363.06256103515625 310.9976806640625 434.1090545654297 310.9976806640625 434.1090545654297 336.83271408081055 363.06256103515625 336.83271408081055
350.90008544921875 313.8213195800781 421.61204528808594 313.8213195800781 421.61204528808594 339.5347023010254 350.90008544921875 339.5347023010254
351.11944580078125 312.91192626953125 415.11873626708984 312.91192626953125 415.11873626708984 341.5094566345215 351.11944580078125 341.5094566345215
346.64898681640625 315.59423828125 406.5042610168457 315.59423828125 406.5042610168457 344.6266841888428 346.64898681640625 344.6266841888428
345.5968017578125 317.991943359375 406.16797637939453 317.991943359375 406.16797637939453 345.8476142883301 345.5968017578125 345.8476142883301
346.0757751464844 321.4646911621094 402.3900833129883 321.4646911621094 402.3900833129883 347.9726753234863 346.0757751464844 347.9726753234863
341.95953369140625 325.1158142089844 400.5492134094238 325.1158142089844 400.5492134094238 351.2809295654297 341.95953369140625 351.2809295654297
339.489990234375 328.99078369140625 398.91303634643555 328.99078369140625 398.91303634643555 355.9761905670166 339.489990234375 355.9761905670166
339.226318359375 330.0965881347656 398.18920135498047 330.0965881347656 398.18920135498047 356.5301208496094 339.226318359375 356.5301208496094
331.9120178222656 337.7121887207031 393.1153373718262 337.7121887207031 393.1153373718262 365.2637577056885 331.9120178222656 365.2637577056885
326.4538269042969 345.2578125 387.3270568847656 345.2578125 387.3270568847656 370.23801040649414 326.4538269042969 370.23801040649414
321.53228759765625 349.6527404785156 386.7437744140625 349.6527404785156 386.7437744140625 374.3678321838379 321.53228759765625 374.3678321838379
316.63201904296875 351.7523498535156 379.0399589538574 351.7523498535156 379.0399589538574 375.6404857635498 316.63201904296875 375.6404857635498
310.32708740234375 351.1220703125 373.06037521362305 351.1220703125 373.06037521362305 377.4411201477051 310.32708740234375 377.4411201477051
301.7298583984375 348.52044677734375 361.75810623168945 348.52044677734375 361.75810623168945 376.2229862213135 301.7298583984375 376.2229862213135
302.94183349609375 343.4265441894531 360.4995651245117 343.4265441894531 360.4995651245117 372.5012092590332 302.94183349609375 372.5012092590332
305.2019958496094 340.82586669921875 360.9643325805664 340.82586669921875 360.9643325805664 369.7333984375 305.2019958496094 369.7333984375
304.05181884765625 339.0197448730469 358.78369140625 339.0197448730469 358.78369140625 367.0324821472168 304.05181884765625 367.0324821472168
305.22662353515625 332.39013671875 360.08537673950195 332.39013671875 360.08537673950195 361.4039115905762 305.22662353515625 361.4039115905762
307.2054138183594 329.1286315917969 361.5091133117676 329.1286315917969 361.5091133117676 357.1956329345703 307.2054138183594 357.1956329345703
304.63055419921875 322.46636962890625 360.9986763000488 322.46636962890625 360.9986763000488 351.70402908325195 304.63055419921875 351.70402908325195
303.7657775878906 318.62017822265625 364.61871337890625 318.62017822265625 364.61871337890625 347.3780403137207 303.7657775878906 347.3780403137207
298.3048095703125 315.5250244140625 370.5059280395508 315.5250244140625 370.5059280395508 341.77991676330566 298.3048095703125 341.77991676330566
305.21051025390625 312.13812255859375 363.81315994262695 312.13812255859375 363.81315994262695 342.5034427642822 305.21051025390625 342.5034427642822
313.133544921875 298.34832763671875 382.93089294433594 298.34832763671875 382.93089294433594 323.72912216186523 313.133544921875 323.72912216186523
327.9165954589844 289.240234375 398.0018844604492 289.240234375 398.0018844604492 314.72573471069336 327.9165954589844 314.72573471069336
337.79644775390625 281.7948303222656 408.02262115478516 281.7948303222656 408.02262115478516 307.3315620422363 337.79644775390625 307.3315620422363
340.777587890625 283.7084655761719 410.8644256591797 283.7084655761719 410.8644256591797 309.19453048706055 340.777587890625 309.19453048706055
341.31854248046875 279.79803466796875 410.7581024169922 279.79803466796875 410.7581024169922 305.0487251281738 341.31854248046875 305.0487251281738
345.79302978515625 273.6848449707031 410.78546142578125 273.6848449707031 410.78546142578125 299.33826065063477 345.79302978515625 299.33826065063477
352.9548034667969 264.7618713378906 416.6374320983887 264.7618713378906 416.6374320983887 291.3905334472656 352.9548034667969 291.3905334472656
350.01019287109375 265.40032958984375 410.8856010437012 265.40032958984375 410.8856010437012 291.86162185668945 350.01019287109375 291.86162185668945
357.14630126953125 253.1588897705078 417.6932373046875 253.1588897705078 417.6932373046875 280.17933082580566 357.14630126953125 280.17933082580566
361.39727783203125 227.4578399658203 411.88756561279297 227.4578399658203 411.88756561279297 253.12072372436523 361.39727783203125 253.12072372436523
359.9247741699219 213.9102020263672 411.0324172973633 213.9102020263672 411.0324172973633 244.26224327087402 359.9247741699219 244.26224327087402
355.89306640625 208.5373992919922 409.1744155883789 208.5373992919922 409.1744155883789 238.42440223693848 355.89306640625 238.42440223693848
353.5452880859375 199.62429809570312 408.92215728759766 199.62429809570312 408.92215728759766 230.99278831481934 353.5452880859375 230.99278831481934
357.510498046875 193.1639862060547 412.2872543334961 193.1639862060547 412.2872543334961 221.2264060974121 357.510498046875 221.2264060974121
354.6202087402344 186.64132690429688 411.1790657043457 186.64132690429688 411.1790657043457 217.81347274780273 354.6202087402344 217.81347274780273
351.8694152832031 184.74891662597656 409.6015090942383 184.74891662597656 409.6015090942383 213.47614669799805 351.8694152832031 213.47614669799805
353.6407775878906 180.5655517578125 411.2859573364258 180.5655517578125 411.2859573364258 210.41314697265625 353.6407775878906 210.41314697265625
351.308837890625 173.3759002685547 410.34089279174805 173.3759002685547 410.34089279174805 203.94416427612305 351.308837890625 203.94416427612305
351.17645263671875 169.92495727539062 409.24011993408203 169.92495727539062 409.24011993408203 198.55672073364258 351.17645263671875 198.55672073364258
352.2567443847656 166.26895141601562 411.4989433288574 166.26895141601562 411.4989433288574 196.77232360839844 352.2567443847656 196.77232360839844
349.3204040527344 162.66519165039062 412.7883987426758 162.66519165039062 412.7883987426758 191.7185935974121 349.3204040527344 191.7185935974121
352.4234313964844 161.4625244140625 412.1140441894531 161.4625244140625 412.1140441894531 189.52770614624023 352.4234313964844 189.52770614624023
351.2262268066406 160.7843017578125 412.3211250305176 160.7843017578125 412.3211250305176 188.96597862243652 351.2262268066406 188.96597862243652
349.69873046875 162.75485229492188 410.94812774658203 162.75485229492188 410.94812774658203 190.25567626953125 349.69873046875 190.25567626953125
346.3890075683594 158.96066284179688 408.7103385925293 158.96066284179688 408.7103385925293 186.49072647094727 346.3890075683594 186.49072647094727
341.1781921386719 158.25564575195312 405.6908874511719 158.25564575195312 405.6908874511719 185.82732582092285 341.1781921386719 185.82732582092285
339.0509338378906 156.98159790039062 402.49608612060547 156.98159790039062 402.49608612060547 184.23483848571777 339.0509338378906 184.23483848571777
339.0814208984375 157.33590698242188 401.27570724487305 157.33590698242188 401.27570724487305 183.53357315063477 339.0814208984375 183.53357315063477
335.4689025878906 154.9447784423828 395.6948471069336 154.9447784423828 395.6948471069336 179.47808456420898 335.4689025878906 179.47808456420898
335.3190612792969 155.0682373046875 393.97008514404297 155.0682373046875 393.97008514404297 179.23406219482422 335.3190612792969 179.23406219482422
332.3633117675781 156.48110961914062 390.7882270812988 156.48110961914062 390.7882270812988 180.80581665039062 332.3633117675781 180.80581665039062
330.8226318359375 157.23599243164062 387.5850601196289 157.23599243164062 387.5850601196289 181.12987327575684 330.8226318359375 181.12987327575684
329.03912353515625 156.690673828125 384.3580436706543 156.690673828125 384.3580436706543 182.18663597106934 329.03912353515625 182.18663597106934
330.1495056152344 155.5358123779297 380.9295539855957 155.5358123779297 380.9295539855957 180.4477424621582 330.1495056152344 180.4477424621582
331.5051574707031 153.83578491210938 380.57359313964844 153.83578491210938 380.57359313964844 179.73591995239258 331.5051574707031 179.73591995239258
332.7410888671875 153.68246459960938 380.50898361206055 153.68246459960938 380.50898361206055 178.56975746154785 332.7410888671875 178.56975746154785
329.46856689453125 153.69711303710938 386.9238815307617 153.69711303710938 386.9238815307617 179.13071823120117 329.46856689453125 179.13071823120117
323.02099609375 151.7853240966797 395.59061431884766 151.7853240966797 395.59061431884766 178.17421531677246 323.02099609375 178.17421531677246
330.2507629394531 153.903564453125 391.3002395629883 153.903564453125 391.3002395629883 179.52296829223633 330.2507629394531 179.52296829223633
334.29241943359375 154.80992126464844 387.97553634643555 154.80992126464844 387.97553634643555 180.73073387145996 334.29241943359375 180.73073387145996
334.92193603515625 155.48291015625 389.0261764526367 155.48291015625 389.0261764526367 179.79642868041992 334.92193603515625 179.79642868041992
337.62554931640625 155.32168579101562 395.01956939697266 155.32168579101562 395.01956939697266 179.88638877868652 337.62554931640625 179.88638877868652
339.9906311035156 156.14671325683594 397.2794380187988 156.14671325683594 397.2794380187988 178.86786079406738 339.9906311035156 178.86786079406738
340.47216796875 156.2758026123047 400.6696891784668 156.2758026123047 400.6696891784668 180.15972518920898 340.47216796875 180.15972518920898
343.15728759765625 156.0738983154297 403.3899612426758 156.0738983154297 403.3899612426758 179.43768310546875 343.15728759765625 179.43768310546875
346.88226318359375 155.8675994873047 408.43244552612305 155.8675994873047 408.43244552612305 179.43896865844727 346.88226318359375 179.43896865844727
348.4063415527344 157.45437622070312 407.0530014038086 157.45437622070312 407.0530014038086 180.09297943115234 348.4063415527344 180.09297943115234
351.8739318847656 154.48233032226562 411.70012283325195 154.48233032226562 411.70012283325195 178.64263534545898 351.8739318847656 178.64263534545898
350.76727294921875 149.81198120117188 423.19881439208984 149.81198120117188 423.19881439208984 176.15065574645996 350.76727294921875 176.15065574645996
352.86944580078125 149.2612762451172 425.4076843261719 149.2612762451172 425.4076843261719 175.63875198364258 352.86944580078125 175.63875198364258
351.8302307128906 147.3110809326172 425.24476623535156 147.3110809326172 425.24476623535156 174.0072078704834 351.8302307128906 174.0072078704834
351.67242431640625 147.81082153320312 424.9080505371094 147.81082153320312 424.9080505371094 174.44189071655273 351.67242431640625 174.44189071655273
352.0113220214844 146.29161071777344 426.2022018432617 146.29161071777344 426.2022018432617 173.27004432678223 352.0113220214844 173.27004432678223
351.5006103515625 145.4002227783203 424.92262268066406 145.4002227783203 424.92262268066406 172.0990695953369 351.5006103515625 172.0990695953369
352.45111083984375 142.36221313476562 425.62904357910156 142.36221313476562 425.62904357910156 168.9723014831543 352.45111083984375 168.9723014831543
352.76043701171875 142.99160766601562 426.14402770996094 142.99160766601562 426.14402770996094 169.6764793395996 352.76043701171875 169.6764793395996
350.22772216796875 141.96815490722656 424.4564514160156 141.96815490722656 424.4564514160156 168.96034812927246 350.22772216796875 168.96034812927246
350.05255126953125 141.01193237304688 424.66687774658203 141.01193237304688 424.66687774658203 168.1443386077881 350.05255126953125 168.1443386077881
348.51348876953125 139.49789428710938 423.33409881591797 139.49789428710938 423.33409881591797 166.70531272888184 348.51348876953125 166.70531272888184
347.1331481933594 139.22817993164062 423.31433868408203 139.22817993164062 423.31433868408203 166.9303493499756 347.1331481933594 166.9303493499756
345.2928466796875 137.08840942382812 422.1691436767578 137.08840942382812 422.1691436767578 165.0433406829834 345.2928466796875 165.0433406829834
345.6640930175781 136.1117706298828 420.91393280029297 136.1117706298828 420.91393280029297 163.4752655029297 345.6640930175781 163.4752655029297
345.53948974609375 135.12454223632812 420.85582733154297 135.12454223632812 420.85582733154297 162.51221656799316 345.53948974609375 162.51221656799316
355.8580627441406 136.49691772460938 408.4365119934082 136.49691772460938 408.4365119934082 164.01979064941406 355.8580627441406 164.01979064941406
356.344970703125 133.8242950439453 408.86559295654297 133.8242950439453 408.86559295654297 163.13990783691406 356.344970703125 163.13990783691406
355.6925964355469 130.13040161132812 409.0682487487793 130.13040161132812 409.0682487487793 161.4947395324707 355.6925964355469 161.4947395324707
356.383544921875 128.8887481689453 407.6424560546875 128.8887481689453 407.6424560546875 160.07314109802246 356.383544921875 160.07314109802246
355.75128173828125 129.8223114013672 407.65906524658203 129.8223114013672 407.65906524658203 161.25791549682617 355.75128173828125 161.25791549682617
354.0895690917969 130.27627563476562 405.9388427734375 130.27627563476562 405.9388427734375 161.78836631774902 354.0895690917969 161.78836631774902
353.7435607910156 132.7145538330078 404.9866027832031 132.7145538330078 404.9866027832031 164.03337478637695 353.7435607910156 164.03337478637695
352.1913757324219 135.11886596679688 401.93701934814453 135.11886596679688 401.93701934814453 165.61428260803223 352.1913757324219 165.61428260803223
352.22296142578125 135.6173095703125 401.5614891052246 135.6173095703125 401.5614891052246 164.51282691955566 352.22296142578125 164.51282691955566
343.42022705078125 137.352783203125 407.61402893066406 137.352783203125 407.61402893066406 164.84525680541992 343.42022705078125 164.84525680541992
344.82275390625 136.8358612060547 409.82582092285156 136.8358612060547 409.82582092285156 165.31832313537598 344.82275390625 165.31832313537598
341.76708984375 138.54641723632812 410.88602447509766 138.54641723632812 410.88602447509766 166.17071914672852 341.76708984375 166.17071914672852
340.06622314453125 139.47080993652344 414.1436767578125 139.47080993652344 414.1436767578125 166.40797996520996 340.06622314453125 166.40797996520996
339.35540771484375 142.17266845703125 413.1158447265625 142.17266845703125 413.1158447265625 168.99456214904785 339.35540771484375 168.99456214904785
338.1065368652344 142.15103149414062 412.79444122314453 142.15103149414062 412.79444122314453 169.3101863861084 338.1065368652344 169.3101863861084
339.0982971191406 143.3262176513672 411.92835998535156 143.3262176513672 411.92835998535156 169.80979537963867 339.0982971191406 169.80979537963867
343.058837890625 142.17433166503906 410.00894927978516 142.17433166503906 410.00894927978516 168.8240089416504 343.058837890625 168.8240089416504
349.0048828125 142.0465087890625 407.0348014831543 142.0465087890625 407.0348014831543 169.94339561462402 349.0048828125 169.94339561462402
338.0181579589844 140.52273559570312 413.5476837158203 140.52273559570312 413.5476837158203 167.98793983459473 338.0181579589844 167.98793983459473
338.8912048339844 138.46395874023438 414.5498046875 138.46395874023438 414.5498046875 165.97609901428223 338.8912048339844 165.97609901428223
338.84002685546875 136.45486450195312 414.54864501953125 136.45486450195312 414.54864501953125 163.9851951599121 338.84002685546875 163.9851951599121
338.3860778808594 135.9390411376953 413.7821960449219 135.9390411376953 413.7821960449219 163.35573768615723 338.3860778808594 163.35573768615723
348.156005859375 136.26736450195312 419.90785217285156 136.26736450195312 419.90785217285156 164.74398231506348 348.156005859375 164.74398231506348
343.1990051269531 138.9331512451172 420.28819274902344 138.9331512451172 420.28819274902344 166.9655055999756 343.1990051269531 166.9655055999756
346.8682556152344 140.33761596679688 424.2419128417969 140.33761596679688 424.2419128417969 168.47341346740723 346.8682556152344 168.47341346740723
351.1178894042969 142.8227996826172 422.01300048828125 142.8227996826172 422.01300048828125 170.25438499450684 351.1178894042969 170.25438499450684
349.805419921875 143.5838623046875 426.4507827758789 143.5838623046875 426.4507827758789 171.4548225402832 349.805419921875 171.4548225402832
350.22509765625 145.59999084472656 427.6284484863281 145.59999084472656 427.6284484863281 173.74658584594727 350.22509765625 173.74658584594727
352.0369567871094 146.74215698242188 428.7206802368164 146.74215698242188 428.7206802368164 174.6270694732666 352.0369567871094 174.6270694732666
361.9648132324219 146.71685791015625 424.12303924560547 146.71685791015625 424.12303924560547 174.43181228637695 361.9648132324219 174.43181228637695
360.3421325683594 145.59869384765625 428.7980422973633 145.59869384765625 428.7980422973633 173.54607009887695 360.3421325683594 173.54607009887695
361.6773986816406 144.03341674804688 435.9326477050781 144.03341674804688 435.9326477050781 172.1972312927246 361.6773986816406 172.1972312927246
370.0644226074219 146.21084594726562 429.4988594055176 146.21084594726562 429.4988594055176 172.9214973449707 370.0644226074219 172.9214973449707
371.9991149902344 145.3601531982422 434.5657958984375 145.3601531982422 434.5657958984375 171.14771461486816 371.9991149902344 171.14771461486816
371.544189453125 145.57643127441406 441.14232635498047 145.57643127441406 441.14232635498047 171.7143039703369 371.544189453125 171.7143039703369
377.7452087402344 147.8096466064453 444.12403869628906 147.8096466064453 444.12403869628906 172.67742347717285 377.7452087402344 172.67742347717285
378.52435302734375 148.4261932373047 450.3544387817383 148.4261932373047 450.3544387817383 174.7317295074463 378.52435302734375 174.7317295074463
382.2105407714844 154.1216278076172 458.08909606933594 154.1216278076172 458.08909606933594 180.63516235351562 382.2105407714844 180.63516235351562
392.0578918457031 158.32943725585938 463.95416259765625 158.32943725585938 463.95416259765625 184.1812686920166 392.0578918457031 184.1812686920166
395.510009765625 159.87429809570312 464.8712921142578 159.87429809570312 464.8712921142578 184.66406631469727 395.510009765625 184.66406631469727
403.91546630859375 160.606201171875 467.49553298950195 160.606201171875 467.49553298950195 184.35832405090332 403.91546630859375 184.35832405090332
411.05950927734375 157.074462890625 471.8749885559082 157.074462890625 471.8749885559082 182.61127281188965 411.05950927734375 182.61127281188965
416.478515625 156.1135711669922 474.0988540649414 156.1135711669922 474.0988540649414 182.12388610839844 416.478515625 182.12388610839844
412.69781494140625 151.10031127929688 483.70654296875 151.10031127929688 483.70654296875 176.92159461975098 412.69781494140625 176.92159461975098
418.58172607421875 150.8460693359375 481.80660247802734 150.8460693359375 481.80660247802734 176.99357986450195 418.58172607421875 176.99357986450195
415.53497314453125 150.2686004638672 486.13441467285156 150.2686004638672 486.13441467285156 175.9410514831543 415.53497314453125 175.9410514831543
416.789794921875 150.9042205810547 487.30701446533203 150.9042205810547 487.30701446533203 176.54677200317383 416.789794921875 176.54677200317383
426.8343200683594 156.90585327148438 484.9122200012207 156.90585327148438 484.9122200012207 181.26095581054688 426.8343200683594 181.26095581054688
434.685791015625 159.83157348632812 482.97396087646484 159.83157348632812 482.97396087646484 184.56084060668945 434.685791015625 184.56084060668945
435.99658203125 159.62832641601562 486.63545989990234 159.62832641601562 486.63545989990234 184.43792343139648 435.99658203125 184.43792343139648
436.4623107910156 159.74853515625 485.3987579345703 159.74853515625 485.3987579345703 183.92537307739258 436.4623107910156 183.92537307739258
437.1512145996094 159.9554901123047 485.4805145263672 159.9554901123047 485.4805145263672 183.7242546081543 437.1512145996094 183.7242546081543
427.7294921875 157.81263732910156 493.81168365478516 157.81263732910156 493.81168365478516 182.33119010925293 427.7294921875 182.33119010925293
438.0830078125 159.4441680908203 490.9399108886719 159.4441680908203 490.9399108886719 180.17045402526855 438.0830078125 180.17045402526855
436.75518798828125 158.7076873779297 493.2576675415039 158.7076873779297 493.2576675415039 179.96159744262695 436.75518798828125 179.96159744262695
438.27911376953125 156.9968719482422 496.6012992858887 156.9968719482422 496.6012992858887 178.67371368408203 438.27911376953125 178.67371368408203
440.6004943847656 154.90768432617188 496.83399200439453 154.90768432617188 496.83399200439453 177.27378463745117 440.6004943847656 177.27378463745117
445.77301025390625 150.95840454101562 501.7768363952637 150.95840454101562 501.7768363952637 174.8724880218506 445.77301025390625 174.8724880218506
443.17315673828125 152.24081420898438 502.64665603637695 152.24081420898438 502.64665603637695 175.2016658782959 443.17315673828125 175.2016658782959
447.9642639160156 149.36752319335938 505.5161018371582 149.36752319335938 505.5161018371582 174.18226432800293 447.9642639160156 174.18226432800293
446.45703125 148.8853759765625 506.7678756713867 148.8853759765625 506.7678756713867 174.2284278869629 446.45703125 174.2284278869629
444.630615234375 147.7183074951172 505.2038383483887 147.7183074951172 505.2038383483887 173.43637657165527 444.630615234375 173.43637657165527
441.83441162109375 145.4158935546875 502.7850112915039 145.4158935546875 502.7850112915039 171.5116081237793 441.83441162109375 171.5116081237793
435.8265075683594 143.45785522460938 501.3956832885742 143.45785522460938 501.3956832885742 169.99282264709473 435.8265075683594 169.99282264709473
432.5322265625 142.8011932373047 493.2403564453125 142.8011932373047 493.2403564453125 170.62867736816406 432.5322265625 170.62867736816406
431.525634765625 141.30160522460938 494.016845703125 141.30160522460938 494.016845703125 168.60913467407227 431.525634765625 168.60913467407227
422.5824279785156 140.7411651611328 492.18971252441406 140.7411651611328 492.18971252441406 167.76206588745117 422.5824279785156 167.76206588745117
421.66729736328125 141.5301513671875 482.9885787963867 141.5301513671875 482.9885787963867 168.00433731079102 421.66729736328125 168.00433731079102
415.7250061035156 142.5259552001953 477.4358329772949 142.5259552001953 477.4358329772949 167.92244338989258 415.7250061035156 167.92244338989258
407.02166748046875 144.40200805664062 469.52142333984375 144.40200805664062 469.52142333984375 169.1488914489746 407.02166748046875 169.1488914489746
402.4501953125 144.11386108398438 463.88409423828125 144.11386108398438 463.88409423828125 168.88586044311523 402.4501953125 168.88586044311523
390.49920654296875 145.7523651123047 453.4376640319824 145.7523651123047 453.4376640319824 171.10715866088867 390.49920654296875 171.10715866088867
381.31817626953125 146.0416259765625 444.90559005737305 146.0416259765625 444.90559005737305 172.0462188720703 381.31817626953125 172.0462188720703
379.6753234863281 146.9581756591797 442.49199295043945 146.9581756591797 442.49199295043945 171.4971466064453 379.6753234863281 171.4971466064453
372.7119140625 146.0928192138672 437.84915924072266 146.0928192138672 437.84915924072266 170.0221061706543 372.7119140625 170.0221061706543
369.7628173828125 146.70745849609375 436.1101837158203 146.70745849609375 436.1101837158203 169.97068405151367 369.7628173828125 169.97068405151367
365.28948974609375 145.523681640625 434.9735336303711 145.523681640625 434.9735336303711 169.8719024658203 365.28948974609375 169.8719024658203
362.52777099609375 144.62759399414062 432.0223388671875 144.62759399414062 432.0223388671875 168.6339931488037 362.52777099609375 168.6339931488037
352.22625732421875 145.26400756835938 422.3661804199219 145.26400756835938 422.3661804199219 168.7896022796631 352.22625732421875 168.7896022796631
348.7021484375 144.72415161132812 418.52732849121094 144.72415161132812 418.52732849121094 168.27876091003418 348.7021484375 168.27876091003418
348.7201232910156 145.17965698242188 417.2045593261719 145.17965698242188 417.2045593261719 166.54999923706055 348.7201232910156 166.54999923706055
347.3261413574219 145.76759338378906 413.3384704589844 145.76759338378906 413.3384704589844 167.67416763305664 347.3261413574219 167.67416763305664
345.58099365234375 144.98892211914062 407.8636894226074 144.98892211914062 407.8636894226074 166.59875869750977 345.58099365234375 166.59875869750977
338.515380859375 145.5 399.4985466003418 145.5 399.4985466003418 168.05888175964355 338.515380859375 168.05888175964355
329.89764404296875 145.15927124023438 389.0058364868164 145.15927124023438 389.0058364868164 169.3789939880371 329.89764404296875 169.3789939880371
323.23388671875 145.54013061523438 382.7012634277344 145.54013061523438 382.7012634277344 170.24774932861328 323.23388671875 170.24774932861328
315.60443115234375 146.13949584960938 375.6788330078125 146.13949584960938 375.6788330078125 171.19034957885742 315.60443115234375 171.19034957885742
309.12139892578125 146.0996856689453 368.66849517822266 146.0996856689453 368.66849517822266 171.5045051574707 309.12139892578125 171.5045051574707
308.23553466796875 145.58531188964844 368.1971244812012 145.58531188964844 368.1971244812012 171.29466819763184 308.23553466796875 171.29466819763184
306.55059814453125 145.8934783935547 366.3858947753906 145.8934783935547 366.3858947753906 171.87137413024902 306.55059814453125 171.87137413024902
298.40704345703125 144.87643432617188 357.0158882141113 144.87643432617188 357.0158882141113 173.10300254821777 298.40704345703125 173.10300254821777
293.62725830078125 145.8096923828125 349.6570053100586 145.8096923828125 349.6570053100586 173.31261253356934 293.62725830078125 173.31261253356934
283.5423583984375 144.40927124023438 343.1580009460449 144.40927124023438 343.1580009460449 173.46485900878906 283.5423583984375 173.46485900878906
275.2557678222656 143.04981994628906 337.7857551574707 143.04981994628906 337.7857551574707 172.84969520568848 275.2557678222656 172.84969520568848
270.0855407714844 141.13389587402344 332.19316482543945 141.13389587402344 332.19316482543945 171.12617874145508 270.0855407714844 171.12617874145508
263.09564208984375 141.11801147460938 326.77473068237305 141.11801147460938 326.77473068237305 170.18076133728027 263.09564208984375 170.18076133728027
259.26129150390625 141.218505859375 325.1351318359375 141.218505859375 325.1351318359375 170.1743679046631 259.26129150390625 170.1743679046631
249.2545166015625 142.3900909423828 317.9536895751953 142.3900909423828 317.9536895751953 171.35630798339844 249.2545166015625 171.35630798339844
246.113525390625 143.66064453125 311.93331146240234 143.66064453125 311.93331146240234 173.14255142211914 246.113525390625 173.14255142211914
234.4879150390625 144.01931762695312 305.564208984375 144.01931762695312 305.564208984375 171.92909622192383 234.4879150390625 171.92909622192383
223.710205078125 139.14779663085938 294.33518981933594 139.14779663085938 294.33518981933594 166.96100425720215 223.710205078125 166.96100425720215
215.1643829345703 138.59571838378906 279.4762954711914 138.59571838378906 279.4762954711914 167.13604164123535 215.1643829345703 167.13604164123535
205.38046264648438 137.8416290283203 271.10083770751953 137.8416290283203 271.10083770751953 166.5287742614746 205.38046264648438 166.5287742614746
200.98988342285156 139.09507751464844 266.6366500854492 139.09507751464844 266.6366500854492 166.5492000579834 200.98988342285156 166.5492000579834
194.3874053955078 136.06640625 254.86211776733398 136.06640625 254.86211776733398 164.20705032348633 194.3874053955078 164.20705032348633
185.3811492919922 137.47470092773438 246.10520935058594 137.47470092773438 246.10520935058594 165.95459938049316 185.3811492919922 165.95459938049316
177.56910705566406 135.46682739257812 237.35923767089844 135.46682739257812 237.35923767089844 163.58812522888184 177.56910705566406 163.58812522888184
172.84573364257812 134.35922241210938 230.82839965820312 134.35922241210938 230.82839965820312 164.00298690795898 172.84573364257812 164.00298690795898
173.44068908691406 134.11163330078125 226.10881805419922 134.11163330078125 226.10881805419922 162.46238708496094 173.44068908691406 162.46238708496094
172.66677856445312 133.67050170898438 223.76622772216797 133.67050170898438 223.76622772216797 162.34890747070312 172.66677856445312 162.34890747070312
173.0364227294922 134.30322265625 223.1399383544922 134.30322265625 223.1399383544922 161.13628768920898 173.0364227294922 161.13628768920898
175.18814086914062 133.14218139648438 224.93300247192383 133.14218139648438 224.93300247192383 158.82293701171875 175.18814086914062 158.82293701171875
166.04075622558594 131.83590698242188 230.87549591064453 131.83590698242188 230.87549591064453 158.68367958068848 166.04075622558594 158.68367958068848
161.03550720214844 129.91488647460938 234.4978256225586 129.91488647460938 234.4978256225586 156.62837600708008 161.03550720214844 156.62837600708008
170.708251953125 132.26048278808594 226.73880767822266 132.26048278808594 226.73880767822266 158.25127029418945 170.708251953125 158.25127029418945
166.04995727539062 129.32534790039062 234.11756896972656 129.32534790039062 234.11756896972656 155.4664249420166 166.04995727539062 155.4664249420166
168.00367736816406 126.49002838134766 236.77542114257812 126.49002838134766 236.77542114257812 152.80250358581543 168.00367736816406 152.80250358581543
171.74093627929688 127.19921875 234.35587692260742 127.19921875 234.35587692260742 153.09481239318848 171.74093627929688 153.09481239318848
173.35202026367188 126.30610656738281 236.03461456298828 126.30610656738281 236.03461456298828 151.56817817687988 173.35202026367188 151.56817817687988
176.4440155029297 127.33460998535156 231.94860076904297 127.33460998535156 231.94860076904297 151.2457389831543 176.4440155029297 151.2457389831543
176.3911895751953 125.39512634277344 234.36327362060547 125.39512634277344 234.36327362060547 149.65169715881348 176.3911895751953 149.65169715881348
179.13174438476562 123.93608093261719 235.77780151367188 123.93608093261719 235.77780151367188 147.44736862182617 179.13174438476562 147.44736862182617
182.1283721923828 122.83488464355469 236.57460021972656 122.83488464355469 236.57460021972656 146.20275688171387 182.1283721923828 146.20275688171387
181.99267578125 117.3292465209961 249.6933135986328 117.3292465209961 249.6933135986328 142.36406135559082 181.99267578125 142.36406135559082
182.6995391845703 115.78216552734375 252.66123962402344 115.78216552734375 252.66123962402344 141.2227077484131 182.6995391845703 141.2227077484131
185.07308959960938 112.73704528808594 253.6280288696289 112.73704528808594 253.6280288696289 137.66604042053223 185.07308959960938 137.66604042053223
186.9917755126953 111.81685638427734 255.81385040283203 111.81685638427734 255.81385040283203 136.84299087524414 186.9917755126953 136.84299087524414
187.35910034179688 109.84873962402344 255.7986602783203 109.84873962402344 255.7986602783203 134.73577690124512 187.35910034179688 134.73577690124512
189.5250244140625 109.2148208618164 257.04439544677734 109.2148208618164 257.04439544677734 133.7672462463379 189.5250244140625 133.7672462463379
188.83554077148438 106.0915756225586 257.4173049926758 106.0915756225586 257.4173049926758 131.03032302856445 188.83554077148438 131.03032302856445
189.81002807617188 106.27323150634766 257.83182525634766 106.27323150634766 257.83182525634766 131.00835418701172 189.81002807617188 131.00835418701172
188.81724548339844 105.16874694824219 257.3858642578125 105.16874694824219 257.3858642578125 130.10271072387695 188.81724548339844 130.10271072387695
188.35336303710938 102.98503112792969 257.07237243652344 102.98503112792969 257.07237243652344 127.97368240356445 188.35336303710938 127.97368240356445
189.7559814453125 101.10191345214844 257.19239807128906 101.10191345214844 257.19239807128906 125.62416458129883 189.7559814453125 125.62416458129883
189.7871856689453 99.0146484375 257.2298278808594 99.0146484375 257.2298278808594 123.53916549682617 189.7871856689453 123.53916549682617
199.09127807617188 98.51190948486328 246.25279998779297 98.51190948486328 246.25279998779297 125.8311538696289 199.09127807617188 125.8311538696289
197.05648803710938 95.77621459960938 247.58676147460938 95.77621459960938 247.58676147460938 122.69813919067383 197.05648803710938 122.69813919067383
197.48684692382812 94.7357177734375 246.9057388305664 94.7357177734375 246.9057388305664 121.55861282348633 197.48684692382812 121.55861282348633
194.51998901367188 93.73332214355469 246.9206428527832 93.73332214355469 246.9206428527832 119.66138648986816 194.51998901367188 119.66138648986816
194.4789581298828 92.9068832397461 247.7126693725586 92.9068832397461 247.7126693725586 118.03522109985352 194.4789581298828 118.03522109985352
190.40980529785156 93.76292419433594 244.7911720275879 93.76292419433594 244.7911720275879 118.45358657836914 190.40980529785156 118.45358657836914
187.74221801757812 92.89009857177734 242.27094650268555 92.89009857177734 242.27094650268555 118.10359573364258 187.74221801757812 118.10359573364258
182.24118041992188 95.15431213378906 237.783203125 95.15431213378906 237.783203125 120.62143516540527 182.24118041992188 120.62143516540527
180.9998779296875 95.4430923461914 237.84761428833008 95.4430923461914 237.84761428833008 119.23100280761719 180.9998779296875 119.23100280761719
177.95968627929688 96.73036193847656 235.04660034179688 96.73036193847656 235.04660034179688 119.76789093017578 177.95968627929688 119.76789093017578
177.41802978515625 96.49945831298828 237.97510528564453 96.49945831298828 237.97510528564453 118.69531440734863 177.41802978515625 118.69531440734863
175.3970947265625 97.67790985107422 236.32814407348633 97.67790985107422 236.32814407348633 118.86981391906738 175.3970947265625 118.86981391906738
172.46844482421875 99.15733337402344 234.1909294128418 99.15733337402344 234.1909294128418 119.30514144897461 172.46844482421875 119.30514144897461
174.03732299804688 99.14086151123047 233.11707305908203 99.14086151123047 233.11707305908203 119.45760726928711 174.03732299804688 119.45760726928711
171.82302856445312 100.25414276123047 231.69304656982422 100.25414276123047 231.69304656982422 119.73067855834961 171.82302856445312 119.73067855834961
169.59518432617188 100.675048828125 230.36678314208984 100.675048828125 230.36678314208984 119.34579277038574 169.59518432617188 119.34579277038574
167.86231994628906 101.6579360961914 229.0591049194336 101.6579360961914 229.0591049194336 119.76020812988281 167.86231994628906 119.76020812988281
158.6585235595703 102.67747497558594 221.51996612548828 102.67747497558594 221.51996612548828 121.15860557556152 158.6585235595703 121.15860557556152
146.09255981445312 103.9145736694336 204.3790397644043 103.9145736694336 204.3790397644043 125.13203048706055 146.09255981445312 125.13203048706055
144.19920349121094 102.92942810058594 203.11412048339844 102.92942810058594 203.11412048339844 125.42380905151367 144.19920349121094 125.42380905151367
147.35720825195312 101.65486145019531 201.48099899291992 101.65486145019531 201.48099899291992 123.93624305725098 147.35720825195312 123.93624305725098
143.95956420898438 100.16423034667969 192.49219512939453 100.16423034667969 192.49219512939453 123.21742248535156 143.95956420898438 123.21742248535156
143.51510620117188 98.56617736816406 191.33928298950195 98.56617736816406 191.33928298950195 121.73283576965332 143.51510620117188 121.73283576965332
142.22203063964844 97.37821960449219 190.06724166870117 97.37821960449219 190.06724166870117 120.1089973449707 142.22203063964844 120.1089973449707
140.85931396484375 96.30165100097656 188.0091323852539 96.30165100097656 188.0091323852539 118.33728408813477 140.85931396484375 118.33728408813477
136.25160217285156 93.68743133544922 187.19778442382812 93.68743133544922 187.19778442382812 116.20831298828125 136.25160217285156 116.20831298828125
135.01625061035156 92.7296371459961 185.16981887817383 92.7296371459961 185.16981887817383 115.58649444580078 135.01625061035156 115.58649444580078
137.12490844726562 92.33796691894531 185.05861282348633 92.33796691894531 185.05861282348633 114.10892868041992 137.12490844726562 114.10892868041992
132.303466796875 90.80519104003906 184.37732696533203 90.80519104003906 184.37732696533203 113.87071228027344 132.303466796875 113.87071228027344
127.7422866821289 88.82857513427734 187.14464950561523 88.82857513427734 187.14464950561523 112.08158683776855 127.7422866821289 112.08158683776855
128.28549194335938 86.19760131835938 186.78433227539062 86.19760131835938 186.78433227539062 109.88390350341797 128.28549194335938 109.88390350341797
125.16343688964844 86.03742980957031 187.6338882446289 86.03742980957031 187.6338882446289 109.87726783752441 125.16343688964844 109.87726783752441
129.4935302734375 87.73909759521484 177.51573181152344 87.73909759521484 177.51573181152344 111.38484764099121 129.4935302734375 111.38484764099121
126.01692962646484 85.93297576904297 180.5332374572754 85.93297576904297 180.5332374572754 110.15708541870117 126.01692962646484 110.15708541870117
126.62420654296875 84.44197845458984 181.12655639648438 84.44197845458984 181.12655639648438 108.24961471557617 126.62420654296875 108.24961471557617
127.48043060302734 84.07909393310547 178.5927734375 84.07909393310547 178.5927734375 106.95991134643555 127.48043060302734 106.95991134643555
129.32958984375 83.54917907714844 177.1911277770996 83.54917907714844 177.1911277770996 105.6303825378418 129.32958984375 105.6303825378418
123.74153137207031 81.0710220336914 179.33939361572266 81.0710220336914 179.33939361572266 104.32121467590332 123.74153137207031 104.32121467590332
125.36356353759766 80.11087036132812 180.5290069580078 80.11087036132812 180.5290069580078 103.89486122131348 125.36356353759766 103.89486122131348
126.90179443359375 79.8965072631836 180.53604125976562 79.8965072631836 180.53604125976562 102.42512893676758 126.90179443359375 102.42512893676758
125.8582534790039 77.19860076904297 185.00733184814453 77.19860076904297 185.00733184814453 99.77640151977539 125.8582534790039 99.77640151977539
128.34307861328125 76.702880859375 188.26422119140625 76.702880859375 188.26422119140625 98.85562515258789 128.34307861328125 98.85562515258789
134.23007202148438 74.30555725097656 194.49892044067383 74.30555725097656 194.49892044067383 96.22142028808594 134.23007202148438 96.22142028808594
134.94723510742188 74.08695983886719 196.0650863647461 74.08695983886719 196.0650863647461 96.31155014038086 134.94723510742188 96.31155014038086
138.8964080810547 72.8516616821289 199.6903305053711 72.8516616821289 199.6903305053711 94.95845794677734 138.8964080810547 94.95845794677734
143.0064697265625 71.46484375 202.9948501586914 71.46484375 202.9948501586914 93.27871704101562 143.0064697265625 93.27871704101562
144.6989288330078 71.07157135009766 204.82696914672852 71.07157135009766 204.82696914672852 92.93622970581055 144.6989288330078 92.93622970581055
149.3166961669922 71.0494384765625 209.0657615661621 71.0494384765625 209.0657615661621 92.77628898620605 149.3166961669922 92.77628898620605
160.371826171875 69.66680908203125 219.75996017456055 69.66680908203125 219.75996017456055 91.26241111755371 160.371826171875 91.26241111755371
166.3852081298828 69.25523376464844 226.25421905517578 69.25523376464844 226.25421905517578 91.02569961547852 166.3852081298828 91.02569961547852
172.36219787597656 69.42845153808594 232.36695098876953 69.42845153808594 232.36695098876953 91.2482795715332 172.36219787597656 91.2482795715332
177.15415954589844 68.68605041503906 237.53281021118164 68.68605041503906 237.53281021118164 90.6418399810791 177.15415954589844 90.6418399810791
185.88735961914062 68.11897277832031 245.86531448364258 68.11897277832031 245.86531448364258 89.92905235290527 185.88735961914062 89.92905235290527
187.58511352539062 69.06103515625 246.23317337036133 69.06103515625 246.23317337036133 90.38751602172852 187.58511352539062 90.38751602172852
191.21136474609375 68.77314758300781 249.01126098632812 68.77314758300781 249.01126098632812 89.79120635986328 191.21136474609375 89.79120635986328
192.04286193847656 67.85550689697266 250.23120498657227 67.85550689697266 250.23120498657227 89.01481819152832 192.04286193847656 89.01481819152832
196.21987915039062 68.00262451171875 253.96783447265625 68.00262451171875 253.96783447265625 89.00179481506348 196.21987915039062 89.00179481506348
206.0013885498047 66.8292465209961 263.47143173217773 66.8292465209961 263.47143173217773 87.72735977172852 206.0013885498047 87.72735977172852
213.5769805908203 66.70687103271484 271.78450775146484 66.70687103271484 271.78450775146484 87.8731575012207 213.5769805908203 87.8731575012207
216.01742553710938 66.61145782470703 274.18428802490234 66.61145782470703 274.18428802490234 87.7629566192627 216.01742553710938 87.7629566192627
216.47848510742188 65.51718139648438 275.7078056335449 65.51718139648438 275.7078056335449 87.05502700805664 216.47848510742188 87.05502700805664
214.1938934326172 66.42848205566406 279.01564025878906 66.42848205566406 279.01564025878906 85.88888931274414 214.1938934326172 85.88888931274414
214.3842315673828 65.63288879394531 281.3495330810547 65.63288879394531 281.3495330810547 83.66250038146973 214.3842315673828 83.66250038146973
216.7006378173828 64.3734359741211 282.5460510253906 64.3734359741211 282.5460510253906 83.00990676879883 216.7006378173828 83.00990676879883
219.73171997070312 63.6716194152832 283.1111640930176 63.6716194152832 283.1111640930176 84.43055725097656 219.73171997070312 84.43055725097656
226.2320556640625 63.23681640625 291.6938781738281 63.23681640625 291.6938781738281 82.83805465698242 226.2320556640625 82.83805465698242
224.64071655273438 64.58654022216797 288.94764709472656 64.58654022216797 288.94764709472656 83.92417526245117 224.64071655273438 83.92417526245117
229.81790161132812 63.3533821105957 290.48938751220703 63.3533821105957 290.48938751220703 83.30025482177734 229.81790161132812 83.30025482177734
232.4600067138672 61.514442443847656 290.8746871948242 61.514442443847656 290.8746871948242 82.96303176879883 232.4600067138672 82.96303176879883
233.0668182373047 60.10514450073242 290.5834274291992 60.10514450073242 290.5834274291992 83.1419906616211 233.0668182373047 83.1419906616211
232.24755859375 60.9490966796875 286.6090774536133 60.9490966796875 286.6090774536133 82.98941993713379 232.24755859375 82.98941993713379
234.05471801757812 58.82747268676758 285.51420974731445 58.82747268676758 285.51420974731445 82.81097221374512 234.05471801757812 82.81097221374512
233.4488067626953 59.2582893371582 283.3011703491211 59.2582893371582 283.3011703491211 83.18288803100586 233.4488067626953 83.18288803100586
232.88845825195312 58.68571090698242 280.80713653564453 58.68571090698242 280.80713653564453 83.2072925567627 232.88845825195312 83.2072925567627
231.52804565429688 57.84319305419922 281.0837593078613 57.84319305419922 281.0837593078613 82.72710227966309 231.52804565429688 82.72710227966309
230.5677490234375 57.200340270996094 281.2632637023926 57.200340270996094 281.2632637023926 83.00573921203613 230.5677490234375 83.00573921203613
230.87460327148438 59.33905029296875 278.8000793457031 59.33905029296875 278.8000793457031 84.92915153503418 230.87460327148438 84.92915153503418
231.1299591064453 59.81467819213867 277.7538642883301 59.81467819213867 277.7538642883301 85.01665496826172 231.1299591064453 85.01665496826172
229.43832397460938 61.83165740966797 277.12168884277344 61.83165740966797 277.12168884277344 86.03550148010254 229.43832397460938 86.03550148010254
230.32772827148438 62.595420837402344 276.2877960205078 62.595420837402344 276.2877960205078 86.2668285369873 230.32772827148438 86.2668285369873
229.99758911132812 65.50749969482422 275.7978706359863 65.50749969482422 275.7978706359863 88.44409561157227 229.99758911132812 88.44409561157227
228.40267944335938 71.16868591308594 274.0557174682617 71.16868591308594 274.0557174682617 93.0400447845459 228.40267944335938 93.0400447845459
226.1012725830078 76.11231994628906 272.84402084350586 76.11231994628906 272.84402084350586 97.4953670501709 226.1012725830078 97.4953670501709
220.0539093017578 84.70262145996094 270.3170700073242 84.70262145996094 270.3170700073242 104.67691802978516 220.0539093017578 104.67691802978516
220.2825164794922 92.79524230957031 273.56959533691406 92.79524230957031 273.56959533691406 111.46667098999023 220.2825164794922 111.46667098999023
222.7207794189453 98.12117004394531 276.28415298461914 98.12117004394531 276.28415298461914 116.51851272583008 222.7207794189453 116.51851272583008
217.7738800048828 100.15608215332031 274.68676376342773 100.15608215332031 274.68676376342773 119.06024551391602 217.7738800048828 119.06024551391602
220.44552612304688 99.50773620605469 277.5875663757324 99.50773620605469 277.5875663757324 118.96085739135742 220.44552612304688 118.96085739135742
224.3289031982422 97.83098602294922 281.2638473510742 97.83098602294922 281.2638473510742 118.08890151977539 224.3289031982422 118.08890151977539
222.8207550048828 96.4356918334961 281.872745513916 96.4356918334961 281.872745513916 117.47824096679688 222.8207550048828 117.47824096679688
225.36474609375 94.84583282470703 282.8211669921875 94.84583282470703 282.8211669921875 116.81278610229492 225.36474609375 116.81278610229492
225.80484008789062 94.01244354248047 279.2443542480469 94.01244354248047 279.2443542480469 116.97206497192383 225.80484008789062 116.97206497192383
228.35086059570312 91.50153350830078 281.93651580810547 91.50153350830078 281.93651580810547 114.42091369628906 228.35086059570312 114.42091369628906
229.0653839111328 90.68226623535156 280.1744689941406 90.68226623535156 280.1744689941406 112.60222053527832 229.0653839111328 112.60222053527832
232.281982421875 87.1991195678711 282.2744369506836 87.1991195678711 282.2744369506836 110.8905258178711 232.281982421875 110.8905258178711
231.4700469970703 85.7487564086914 282.09030532836914 85.7487564086914 282.09030532836914 109.75075340270996 231.4700469970703 109.75075340270996
231.22921752929688 84.93821716308594 280.81249237060547 84.93821716308594 280.81249237060547 109.41656875610352 231.22921752929688 109.41656875610352
232.93017578125 83.38822937011719 279.963565826416 83.38822937011719 279.963565826416 108.18446922302246 232.93017578125 108.18446922302246
231.94894409179688 78.59800720214844 281.92504501342773 78.59800720214844 281.92504501342773 103.2821044921875 231.94894409179688 103.2821044921875
232.61813354492188 76.82044982910156 280.00627517700195 76.82044982910156 280.00627517700195 102.38798332214355 232.61813354492188 102.38798332214355
234.2520751953125 73.80586242675781 281.2199287414551 73.80586242675781 281.2199287414551 99.88916969299316 234.2520751953125 99.88916969299316
236.46505737304688 72.73136901855469 283.85079193115234 72.73136901855469 283.85079193115234 97.46161270141602 236.46505737304688 97.46161270141602
236.3560333251953 74.47613525390625 282.0730972290039 74.47613525390625 282.0730972290039 98.39792251586914 236.3560333251953 98.39792251586914
236.3216552734375 76.2609634399414 282.3949775695801 76.2609634399414 282.3949775695801 100.5158748626709 236.3216552734375 100.5158748626709
235.43814086914062 76.7780532836914 282.17940521240234 76.7780532836914 282.17940521240234 101.53042984008789 235.43814086914062 101.53042984008789
234.30294799804688 78.70744323730469 280.7754364013672 78.70744323730469 280.7754364013672 103.89999771118164 234.30294799804688 103.89999771118164
235.63796997070312 78.98495483398438 281.3483467102051 78.98495483398438 281.3483467102051 102.75159072875977 235.63796997070312 102.75159072875977
234.73086547851562 80.3270263671875 282.4266891479492 80.3270263671875 282.4266891479492 105.0794677734375 234.73086547851562 105.0794677734375
234.22802734375 81.23253631591797 281.53326416015625 81.23253631591797 281.53326416015625 106.47766494750977 234.22802734375 106.47766494750977
234.27249145507812 82.32938385009766 282.2770347595215 82.32938385009766 282.2770347595215 107.34405326843262 234.27249145507812 107.34405326843262
235.47714233398438 82.82416534423828 285.36440658569336 82.82416534423828 285.36440658569336 107.41417121887207 235.47714233398438 107.41417121887207
234.4046630859375 84.78825378417969 284.8188896179199 84.78825378417969 284.8188896179199 108.32844734191895 234.4046630859375 108.32844734191895
236.0703125 85.72472381591797 286.38479232788086 85.72472381591797 286.38479232788086 109.53642272949219 236.0703125 109.53642272949219
235.3886260986328 87.74600982666016 284.2065734863281 87.74600982666016 284.2065734863281 110.83706855773926 235.3886260986328 110.83706855773926
236.79214477539062 88.4993667602539 285.8260955810547 88.4993667602539 285.8260955810547 111.30010604858398 236.79214477539062 111.30010604858398
237.7118682861328 89.3138427734375 286.09220123291016 89.3138427734375 286.09220123291016 112.06389427185059 237.7118682861328 112.06389427185059
237.6916961669922 86.77262878417969 286.35573959350586 86.77262878417969 286.35573959350586 109.96084785461426 237.6916961669922 109.96084785461426
236.2863006591797 80.51192474365234 285.05359649658203 80.51192474365234 285.05359649658203 106.66644668579102 236.2863006591797 106.66644668579102
234.3796844482422 79.13941955566406 284.2532043457031 79.13941955566406 284.2532043457031 104.45195198059082 234.3796844482422 104.45195198059082
233.7257843017578 74.2671127319336 283.53059005737305 74.2671127319336 283.53059005737305 100.03202056884766 233.7257843017578 100.03202056884766
232.7362823486328 70.83672332763672 283.9037437438965 70.83672332763672 283.9037437438965 97.09819412231445 232.7362823486328 97.09819412231445
232.6522216796875 66.81246185302734 285.0013732910156 66.81246185302734 285.0013732910156 91.95259857177734 232.6522216796875 91.95259857177734
229.8368377685547 63.721160888671875 283.00450134277344 63.721160888671875 283.00450134277344 88.44363021850586 229.8368377685547 88.44363021850586
229.2930908203125 58.998863220214844 284.8215560913086 58.998863220214844 284.8215560913086 82.76625442504883 229.2930908203125 82.76625442504883
230.7866668701172 57.10968017578125 286.245792388916 57.10968017578125 286.245792388916 80.31184005737305 230.7866668701172 80.31184005737305
224.36306762695312 54.06748580932617 280.2247619628906 54.06748580932617 280.2247619628906 78.48684692382812 224.36306762695312 78.48684692382812
225.1686553955078 49.338558197021484 280.7998695373535 49.338558197021484 280.7998695373535 72.28977394104004 225.1686553955078 72.28977394104004
222.9790496826172 48.34347152709961 279.0012435913086 48.34347152709961 279.0012435913086 71.2364273071289 222.9790496826172 71.2364273071289
218.6613006591797 44.7119026184082 274.78952407836914 44.7119026184082 274.78952407836914 69.00726127624512 218.6613006591797 69.00726127624512
216.7396697998047 42.416465759277344 273.2604331970215 42.416465759277344 273.2604331970215 67.59192276000977 216.7396697998047 67.59192276000977
212.81222534179688 39.69032669067383 268.9776306152344 39.69032669067383 268.9776306152344 65.2990608215332 212.81222534179688 65.2990608215332
211.33078002929688 36.329376220703125 265.6586799621582 36.329376220703125 265.6586799621582 62.64707565307617 211.33078002929688 62.64707565307617
206.02670288085938 36.0690803527832 259.70699310302734 36.0690803527832 259.70699310302734 60.6840705871582 206.02670288085938 60.6840705871582
203.7694549560547 33.00352478027344 256.1194725036621 33.00352478027344 256.1194725036621 57.05072593688965 203.7694549560547 57.05072593688965
200.82546997070312 32.806827545166016 251.29300689697266 32.806827545166016 251.29300689697266 57.24958801269531 200.82546997070312 57.24958801269531
198.3207244873047 29.19405746459961 249.70289611816406 29.19405746459961 249.70289611816406 52.94891548156738 198.3207244873047 52.94891548156738
194.18605041503906 24.067909240722656 249.5775909423828 24.067909240722656 249.5775909423828 48.349164962768555 194.18605041503906 48.349164962768555
194.3932342529297 22.568445205688477 247.47040176391602 22.568445205688477 247.47040176391602 46.45068168640137 194.3932342529297 46.45068168640137
193.14593505859375 21.511205673217773 247.2504997253418 21.511205673217773 247.2504997253418 43.79986763000488 193.14593505859375 43.79986763000488
186.85693359375 20.086885452270508 241.15057373046875 20.086885452270508 241.15057373046875 44.31834030151367 186.85693359375 44.31834030151367
182.7877197265625 19.58301544189453 239.9181900024414 19.58301544189453 239.9181900024414 44.28181838989258 182.7877197265625 44.28181838989258
176.65579223632812 20.763397216796875 230.73458099365234 20.763397216796875 230.73458099365234 45.05453109741211 176.65579223632812 45.05453109741211
169.2193145751953 17.276355743408203 224.4611053466797 17.276355743408203 224.4611053466797 40.97243690490723 169.2193145751953 40.97243690490723
166.2960662841797 18.67401885986328 220.19731903076172 18.67401885986328 220.19731903076172 44.64421272277832 166.2960662841797 44.64421272277832
162.01614379882812 9.43684196472168 218.58065032958984 9.43684196472168 218.58065032958984 34.33597755432129 162.01614379882812 34.33597755432129
155.951171875 14.26978874206543 210.42476272583008 14.26978874206543 210.42476272583008 40.0035343170166 155.951171875 40.0035343170166
153.955078125 15.63171100616455 205.62704467773438 15.63171100616455 205.62704467773438 41.4137659072876 153.955078125 41.4137659072876
144.16506958007812 12.743165969848633 197.2965087890625 12.743165969848633 197.2965087890625 38.46077537536621 144.16506958007812 38.46077537536621
135.96726989746094 10.018465995788574 200.8597640991211 10.018465995788574 200.8597640991211 34.842711448669434 135.96726989746094 34.842711448669434
131.53134155273438 10.71355152130127 200.86929321289062 10.71355152130127 200.86929321289062 35.927247047424316 131.53134155273438 35.927247047424316
135.1829833984375 14.26667308807373 188.84211349487305 14.26667308807373 188.84211349487305 38.627766609191895 135.1829833984375 38.627766609191895
131.77322387695312 14.720815658569336 187.05497360229492 14.720815658569336 187.05497360229492 38.88733673095703 131.77322387695312 38.88733673095703
117.547607421875 16.710098266601562 176.47211837768555 16.710098266601562 176.47211837768555 41.62137222290039 117.547607421875 41.62137222290039
116.11424255371094 16.872312545776367 176.03030014038086 16.872312545776367 176.03030014038086 41.14262771606445 116.11424255371094 41.14262771606445
110.077392578125 17.735881805419922 166.75638580322266 17.735881805419922 166.75638580322266 43.63988494873047 110.077392578125 43.63988494873047
101.35542297363281 20.59910774230957 157.2826156616211 20.59910774230957 157.2826156616211 46.48283004760742 101.35542297363281 46.48283004760742
91.5583267211914 24.390705108642578 146.54592514038086 24.390705108642578 146.54592514038086 49.445560455322266 91.5583267211914 49.445560455322266
87.916015625 25.948108673095703 142.75675201416016 25.948108673095703 142.75675201416016 50.09834861755371 87.916015625 50.09834861755371
71.80765533447266 37.1905403137207 128.3485870361328 37.1905403137207 128.3485870361328 64.92704010009766 71.80765533447266 64.92704010009766
53.514259338378906 51.54912185668945 112.28760528564453 51.54912185668945 112.28760528564453 83.16863441467285 53.514259338378906 83.16863441467285
49.18256378173828 54.60239791870117 106.64247512817383 54.60239791870117 106.64247512817383 85.34405708312988 49.18256378173828 85.34405708312988
47.5439453125 42.34302520751953 104.9807357788086 42.34302520751953 104.9807357788086 68.57256889343262 47.5439453125 68.57256889343262
30.008895874023438 40.8211555480957 104.1636734008789 40.8211555480957 104.1636734008789 67.78641700744629 30.008895874023438 67.78641700744629
43.7519416809082 46.00726318359375 95.87671661376953 46.00726318359375 95.87671661376953 72.5560245513916 43.7519416809082 72.5560245513916
27.6882381439209 45.792442321777344 92.44315910339355 45.792442321777344 92.44315910339355 73.59197235107422 27.6882381439209 73.59197235107422
33.09052276611328 50.44934844970703 90.14411163330078 50.44934844970703 90.14411163330078 77.60807991027832 33.09052276611328 77.60807991027832
2.541072130203247 58.8192024230957 80.26631474494934 58.8192024230957 80.26631474494934 87.08280944824219 2.541072130203247 87.08280944824219
0.0 69.72030639648438 75.50337219238281 69.72030639648438 75.50337219238281 97.17596435546875 0.0 97.17596435546875
0.0 91.02714538574219 74.50299072265625 91.02714538574219 74.50299072265625 118.1190299987793 0.0 118.1190299987793
0.0 104.0155258178711 72.84554290771484 104.0155258178711 72.84554290771484 130.50470733642578 0.0 130.50470733642578
0.0 109.59561920166016 71.75435638427734 109.59561920166016 71.75435638427734 135.6880054473877 0.0 135.6880054473877
0.26455384492874146 120.7449951171875 71.11143189668655 120.7449951171875 71.11143189668655 146.50739097595215 0.26455384492874146 146.50739097595215
3.602978467941284 122.5365982055664 74.95763850212097 122.5365982055664 74.95763850212097 148.48363876342773 3.602978467941284 148.48363876342773
8.726716041564941 126.57804870605469 80.06765842437744 126.57804870605469 80.06765842437744 152.5201015472412 8.726716041564941 152.5201015472412
18.46630096435547 134.0547332763672 90.79196166992188 134.0547332763672 90.79196166992188 160.3548641204834 18.46630096435547 160.3548641204834
27.996103286743164 138.67245483398438 100.26357460021973 138.67245483398438 100.26357460021973 164.9514274597168 27.996103286743164 164.9514274597168
29.211742401123047 141.00064086914062 101.7914924621582 141.00064086914062 101.7914924621582 167.39316940307617 29.211742401123047 167.39316940307617
34.14923858642578 143.30130004882812 104.8296890258789 143.30130004882812 104.8296890258789 168.92056274414062 34.14923858642578 168.92056274414062
41.85118103027344 150.91270446777344 107.599365234375 150.91270446777344 107.599365234375 176.9643211364746 41.85118103027344 176.9643211364746
49.90736389160156 155.01513671875 112.56636810302734 155.01513671875 112.56636810302734 183.2414608001709 49.90736389160156 183.2414608001709
65.63581085205078 169.12936401367188 137.66478729248047 169.12936401367188 137.66478729248047 195.3216094970703 65.63581085205078 195.3216094970703
67.80921173095703 169.99081420898438 134.14412689208984 169.99081420898438 134.14412689208984 195.38103866577148 67.80921173095703 195.38103866577148
74.39024353027344 174.9050750732422 145.43629455566406 174.9050750732422 145.43629455566406 199.53823852539062 74.39024353027344 199.53823852539062
84.31124877929688 176.65707397460938 157.57286834716797 176.65707397460938 157.57286834716797 201.37666702270508 84.31124877929688 201.37666702270508
90.87025451660156 179.4325714111328 163.55404663085938 179.4325714111328 163.55404663085938 203.94883346557617 90.87025451660156 203.94883346557617
100.43620300292969 183.00222778320312 174.31653594970703 183.00222778320312 174.31653594970703 206.87617111206055 100.43620300292969 206.87617111206055
108.86137390136719 185.25250244140625 187.36785888671875 185.25250244140625 187.36785888671875 208.94395446777344 108.86137390136719 208.94395446777344
112.92138671875 184.9203338623047 188.2113037109375 184.9203338623047 188.2113037109375 209.90993309020996 112.92138671875 209.90993309020996
127.48262786865234 188.1572265625 201.9494171142578 188.1572265625 201.9494171142578 213.98167419433594 127.48262786865234 213.98167419433594
133.3652801513672 190.5838623046875 208.0051727294922 190.5838623046875 208.0051727294922 217.405029296875 133.3652801513672 217.405029296875
143.44805908203125 195.574462890625 215.46400451660156 195.574462890625 215.46400451660156 224.2518196105957 143.44805908203125 224.2518196105957
148.47421264648438 197.94674682617188 218.22402954101562 197.94674682617188 218.22402954101562 225.4010887145996 148.47421264648438 225.4010887145996
165.00039672851562 205.8124237060547 240.3460693359375 205.8124237060547 240.3460693359375 231.4791202545166 165.00039672851562 231.4791202545166
167.68087768554688 209.8351593017578 242.58816528320312 209.8351593017578 242.58816528320312 235.55298233032227 167.68087768554688 235.55298233032227
176.3954315185547 215.01852416992188 251.85324096679688 215.01852416992188 251.85324096679688 239.6994571685791 176.3954315185547 239.6994571685791
179.74560546875 217.154052734375 255.79501342773438 217.154052734375 255.79501342773438 243.50265502929688 179.74560546875 243.50265502929688
181.76878356933594 218.96435546875 257.3871078491211 218.96435546875 257.3871078491211 247.02776718139648 181.76878356933594 247.02776718139648
177.60081481933594 222.0870361328125 252.47076416015625 222.0870361328125 252.47076416015625 249.6378231048584 177.60081481933594 249.6378231048584
179.0966033935547 224.1772918701172 254.55291748046875 224.1772918701172 254.55291748046875 252.16822242736816 179.0966033935547 252.16822242736816
180.02664184570312 225.69662475585938 254.57360076904297 225.69662475585938 254.57360076904297 252.2738552093506 180.02664184570312 252.2738552093506
188.0586395263672 226.9714813232422 263.22767639160156 226.9714813232422 263.22767639160156 254.75819396972656 188.0586395263672 254.75819396972656
190.91665649414062 228.8781280517578 264.5177307128906 228.8781280517578 264.5177307128906 257.2469539642334 190.91665649414062 257.2469539642334
194.84034729003906 230.1313018798828 268.4909362792969 230.1313018798828 268.4909362792969 257.41140365600586 194.84034729003906 257.41140365600586
192.73695373535156 235.5080108642578 264.56336212158203 235.5080108642578 264.56336212158203 262.8047180175781 192.73695373535156 262.8047180175781
200.67041015625 243.41140747070312 275.34938049316406 243.41140747070312 275.34938049316406 269.19360733032227 200.67041015625 269.19360733032227
203.77626037597656 246.74252319335938 278.4359893798828 246.74252319335938 278.4359893798828 272.3967742919922 203.77626037597656 272.3967742919922
203.18618774414062 248.9479522705078 277.74867248535156 248.9479522705078 277.74867248535156 275.7969264984131 203.18618774414062 275.7969264984131
206.17041015625 250.56640625 280.25162506103516 250.56640625 280.25162506103516 277.08342933654785 206.17041015625 277.08342933654785
208.9871063232422 252.3134307861328 280.7385940551758 252.3134307861328 280.7385940551758 277.9968147277832 208.9871063232422 277.9968147277832
210.51809692382812 253.2430877685547 280.5099792480469 253.2430877685547 280.5099792480469 278.84161949157715 210.51809692382812 278.84161949157715
211.8538055419922 254.1284637451172 280.47725677490234 254.1284637451172 280.47725677490234 279.0191841125488 211.8538055419922 279.0191841125488
213.38333129882812 253.44009399414062 281.87036895751953 253.44009399414062 281.87036895751953 278.4078063964844 213.38333129882812 278.4078063964844
215.484130859375 254.2935028076172 280.6606674194336 254.2935028076172 280.6606674194336 279.7801990509033 215.484130859375 279.7801990509033
213.33645629882812 253.92138671875 280.0914306640625 253.92138671875 280.0914306640625 280.3511085510254 213.33645629882812 280.3511085510254
213.71737670898438 256.3155212402344 276.5652275085449 256.3155212402344 276.5652275085449 283.0550289154053 213.71737670898438 283.0550289154053
221.12057495117188 257.32415771484375 285.96226501464844 257.32415771484375 285.96226501464844 283.9598751068115 221.12057495117188 283.9598751068115
228.82421875 256.9539489746094 294.05797576904297 256.9539489746094 294.05797576904297 283.13486099243164 228.82421875 283.13486099243164
230.7078399658203 259.74481201171875 292.7676315307617 259.74481201171875 292.7676315307617 286.34733963012695 230.7078399658203 286.34733963012695
239.6199188232422 257.36688232421875 299.8496551513672 257.36688232421875 299.8496551513672 283.95116806030273 239.6199188232422 283.95116806030273
246.2992706298828 257.5247497558594 306.46377182006836 257.5247497558594 306.46377182006836 282.8641471862793 246.2992706298828 282.8641471862793
251.59317016601562 255.68545532226562 311.4718322753906 255.68545532226562 311.4718322753906 282.1701412200928 251.59317016601562 282.1701412200928
257.4935607910156 255.54190063476562 318.6793746948242 255.54190063476562 318.6793746948242 281.0080852508545 257.4935607910156 281.0080852508545
262.22296142578125 255.7082977294922 324.9851608276367 255.7082977294922 324.9851608276367 279.89008712768555 262.22296142578125 279.89008712768555
267.70782470703125 254.01101684570312 330.3299560546875 254.01101684570312 330.3299560546875 280.027063369751 267.70782470703125 280.027063369751
268.00482177734375 253.1719207763672 334.23670959472656 253.1719207763672 334.23670959472656 277.8626232147217 268.00482177734375 277.8626232147217
274.10980224609375 250.4671173095703 337.28278732299805 250.4671173095703 337.28278732299805 276.1591091156006 274.10980224609375 276.1591091156006
273.2948303222656 249.9432373046875 334.5260429382324 249.9432373046875 334.5260429382324 275.92018699645996 273.2948303222656 275.92018699645996
275.5614318847656 246.5206298828125 330.6801223754883 246.5206298828125 330.6801223754883 275.2584342956543 275.5614318847656 275.2584342956543
272.3006286621094 245.94601440429688 325.5524368286133 245.94601440429688 325.5524368286133 274.78840255737305 272.3006286621094 274.78840255737305
272.9416809082031 243.039306640625 327.7918510437012 243.039306640625 327.7918510437012 271.3064022064209 272.9416809082031 271.3064022064209
270.08013916015625 240.3817596435547 323.9382514953613 240.3817596435547 323.9382514953613 269.6504764556885 270.08013916015625 269.6504764556885
268.8592224121094 240.6479034423828 323.1500473022461 240.6479034423828 323.1500473022461 270.38902854919434 268.8592224121094 270.38902854919434
264.43499755859375 239.51535034179688 317.4940299987793 239.51535034179688 317.4940299987793 268.85973167419434 264.43499755859375 268.85973167419434
263.71820068359375 238.62255859375 317.38167572021484 238.62255859375 317.38167572021484 268.3243713378906 263.71820068359375 268.3243713378906
264.12066650390625 237.7222900390625 316.63166427612305 237.7222900390625 316.63166427612305 265.650390625 264.12066650390625 265.650390625
256.3147277832031 239.12301635742188 310.39105224609375 239.12301635742188 310.39105224609375 267.16314697265625 256.3147277832031 267.16314697265625
253.37808227539062 241.59512329101562 308.84156036376953 241.59512329101562 308.84156036376953 267.5111198425293 253.37808227539062 267.5111198425293
247.9950714111328 243.5363006591797 306.5503273010254 243.5363006591797 306.5503273010254 269.48205184936523 247.9950714111328 269.48205184936523
251.0789031982422 244.01998901367188 311.3452911376953 244.01998901367188 311.3452911376953 269.23475074768066 251.0789031982422 269.23475074768066
253.510009765625 243.9475555419922 315.9344787597656 243.9475555419922 315.9344787597656 268.323787689209 253.510009765625 268.323787689209
261.8515625 242.38150024414062 324.1355171203613 242.38150024414062 324.1355171203613 268.7313995361328 261.8515625 268.7313995361328
264.45892333984375 240.5841522216797 326.38751220703125 240.5841522216797 326.38751220703125 268.3979377746582 264.45892333984375 268.3979377746582
267.12060546875 239.0441131591797 329.6088638305664 239.0441131591797 329.6088638305664 265.9458827972412 267.12060546875 265.9458827972412
265.66168212890625 238.640869140625 327.61748123168945 238.640869140625 327.61748123168945 265.5009460449219 265.66168212890625 265.5009460449219
261.57012939453125 237.6959686279297 325.0216484069824 237.6959686279297 325.0216484069824 265.3266792297363 261.57012939453125 265.3266792297363
259.41302490234375 237.1154327392578 327.54505920410156 237.1154327392578 327.54505920410156 264.5268974304199 259.41302490234375 264.5268974304199
263.9624328613281 236.91250610351562 334.6110382080078 236.91250610351562 334.6110382080078 262.7695503234863 263.9624328613281 262.7695503234863
271.41156005859375 236.666015625 342.86224365234375 236.666015625 342.86224365234375 262.64797019958496 271.41156005859375 262.64797019958496
275.2462158203125 238.19100952148438 347.48565673828125 238.19100952148438 347.48565673828125 264.03476333618164 275.2462158203125 264.03476333618164
286.09576416015625 237.9246368408203 358.9419708251953 237.9246368408203 358.9419708251953 264.41405296325684 286.09576416015625 264.41405296325684
291.3102111816406 240.9816131591797 365.2496109008789 240.9816131591797 365.2496109008789 267.1117286682129 291.3102111816406 267.1117286682129
300.37457275390625 241.6269073486328 372.0621337890625 241.6269073486328 372.0621337890625 267.6949977874756 300.37457275390625 267.6949977874756
303.99212646484375 242.50161743164062 376.88526153564453 242.50161743164062 376.88526153564453 269.0080966949463 303.99212646484375 269.0080966949463
309.1053771972656 242.9231719970703 381.0398712158203 242.9231719970703 381.0398712158203 269.0810546875 309.1053771972656 269.0810546875
313.832275390625 246.1210479736328 385.4125213623047 246.1210479736328 385.4125213623047 272.3716163635254 313.832275390625 272.3716163635254
318.380859375 246.5574951171875 390.2516098022461 246.5574951171875 390.2516098022461 272.5285701751709 318.380859375 272.5285701751709
321.02001953125 247.56130981445312 392.20680236816406 247.56130981445312 392.20680236816406 273.29596519470215 321.02001953125 273.29596519470215
321.56298828125 247.3903045654297 393.3527374267578 247.3903045654297 393.3527374267578 273.40842056274414 321.56298828125 273.40842056274414
328.619384765625 245.72018432617188 399.60597229003906 245.72018432617188 399.60597229003906 271.85258865356445 328.619384765625 271.85258865356445
330.47320556640625 244.95230102539062 397.50870513916016 244.95230102539062 397.50870513916016 272.3686065673828 330.47320556640625 272.3686065673828
335.55926513671875 242.56796264648438 398.74942779541016 242.56796264648438 398.74942779541016 270.36199378967285 335.55926513671875 270.36199378967285
337.14691162109375 240.3541717529297 400.6787338256836 240.3541717529297 400.6787338256836 266.86513900756836 337.14691162109375 266.86513900756836
340.4453430175781 237.5303192138672 401.40648651123047 237.5303192138672 401.40648651123047 263.3447380065918 340.4453430175781 263.3447380065918
340.12872314453125 234.99203491210938 400.57916259765625 234.99203491210938 400.57916259765625 261.05393409729004 340.12872314453125 261.05393409729004
339.5879211425781 232.26229858398438 399.0892753601074 232.26229858398438 399.0892753601074 258.69683265686035 339.5879211425781 258.69683265686035
338.80670166015625 230.5979461669922 398.1039123535156 230.5979461669922 398.1039123535156 257.8049011230469 338.80670166015625 257.8049011230469
339.40704345703125 231.8406219482422 395.30915451049805 231.8406219482422 395.30915451049805 258.3742866516113 339.40704345703125 258.3742866516113
338.5908508300781 230.1187744140625 392.43981170654297 230.1187744140625 392.43981170654297 257.2256832122803 338.5908508300781 257.2256832122803
330.64874267578125 231.96627807617188 383.78179931640625 231.96627807617188 383.78179931640625 260.5705757141113 330.64874267578125 260.5705757141113
329.4192199707031 233.3031005859375 382.35418701171875 233.3031005859375 382.35418701171875 260.2030391693115 329.4192199707031 260.2030391693115
327.6064147949219 234.4344940185547 379.40424728393555 234.4344940185547 379.40424728393555 261.13589096069336 327.6064147949219 261.13589096069336
