165.0 268.0 185.0 268.0 185.0 284.0 165.0 284.0
165.02801513671875 267.33392333984375 184.3647518157959 267.33392333984375 184.3647518157959 283.43821907043457 165.02801513671875 283.43821907043457
165.89576721191406 266.4659729003906 185.84984016418457 266.4659729003906 185.84984016418457 282.4292325973511 165.89576721191406 282.4292325973511
164.67044067382812 266.15985107421875 185.12321090698242 266.15985107421875 185.12321090698242 281.292760848999 164.67044067382812 281.292760848999
163.8463592529297 267.17425537109375 185.6299705505371 267.17425537109375 185.6299705505371 280.553617477417 163.8463592529297 280.553617477417
165.37489318847656 267.86236572265625 186.1162223815918 267.86236572265625 186.1162223815918 281.08925437927246 165.37489318847656 281.08925437927246
164.3464813232422 266.67901611328125 185.1353874206543 266.67901611328125 185.1353874206543 281.9938488006592 164.3464813232422 281.9938488006592
165.00588989257812 265.3959655761719 185.3497772216797 265.3959655761719 185.3497772216797 281.4153289794922 165.00588989257812 281.4153289794922
164.4639434814453 265.58868408203125 185.80298614501953 265.58868408203125 185.80298614501953 279.25024604797363 164.4639434814453 279.25024604797363
164.6368408203125 266.0096435546875 185.55146026611328 266.0096435546875 185.55146026611328 279.50705432891846 164.6368408203125 279.50705432891846
163.62405395507812 265.11865234375 184.5932559967041 265.11865234375 184.5932559967041 278.2533416748047 163.62405395507812 278.2533416748047
164.24288940429688 263.0213317871094 184.09827995300293 263.0213317871094 184.09827995300293 279.7211799621582 164.24288940429688 279.7211799621582
163.60446166992188 262.6782531738281 182.9038486480713 262.6782531738281 182.9038486480713 279.602294921875 163.60446166992188 279.602294921875
164.05288696289062 261.17486572265625 183.723295211792 261.17486572265625 183.723295211792 277.79846572875977 164.05288696289062 277.79846572875977
163.48953247070312 261.34393310546875 183.8211784362793 261.34393310546875 183.8211784362793 277.6092529296875 163.48953247070312 277.6092529296875
162.0567169189453 261.8798522949219 184.30614852905273 261.8798522949219 184.30614852905273 275.56367778778076 162.0567169189453 275.56367778778076
162.39559936523438 261.54095458984375 184.1910514831543 261.54095458984375 184.1910514831543 275.82972717285156 162.39559936523438 275.82972717285156
163.10324096679688 258.9962463378906 183.63937759399414 258.9962463378906 183.63937759399414 275.4251594543457 163.10324096679688 275.4251594543457
162.38986206054688 258.36370849609375 182.07231903076172 258.36370849609375 182.07231903076172 274.591760635376 162.38986206054688 274.591760635376
162.2051239013672 258.58026123046875 181.6033535003662 258.58026123046875 181.6033535003662 274.47786140441895 162.2051239013672 274.47786140441895
161.3779296875 258.9664001464844 181.99084854125977 258.9664001464844 181.99084854125977 273.7692747116089 161.3779296875 273.7692747116089
159.9751739501953 256.52392578125 182.10779190063477 256.52392578125 182.10779190063477 272.18383598327637 159.9751739501953 272.18383598327637
160.8182373046875 258.2166748046875 182.702787399292 258.2166748046875 182.702787399292 271.9471082687378 160.8182373046875 271.9471082687378
160.9347381591797 257.4159240722656 181.6914939880371 257.4159240722656 181.6914939880371 271.1608638763428 160.9347381591797 271.1608638763428
161.48193359375 256.7183532714844 181.73834800720215 256.7183532714844 181.73834800720215 271.96363067626953 161.48193359375 271.96363067626953
160.75607299804688 256.2059631347656 181.98212432861328 256.2059631347656 181.98212432861328 272.78712272644043 160.75607299804688 272.78712272644043
161.52572631835938 255.7010040283203 181.65937423706055 255.7010040283203 181.65937423706055 272.3803291320801 161.52572631835938 272.3803291320801
161.3358154296875 254.81787109375 182.51171875 254.81787109375 182.51171875 271.56557273864746 161.3358154296875 271.56557273864746
161.38204956054688 253.57778930664062 182.45750045776367 253.57778930664062 182.45750045776367 270.4381618499756 161.38204956054688 270.4381618499756
160.97915649414062 255.20394897460938 181.40507698059082 255.20394897460938 181.40507698059082 269.54035663604736 160.97915649414062 269.54035663604736
160.4104461669922 254.2627410888672 181.91443824768066 254.2627410888672 181.91443824768066 269.1368236541748 160.4104461669922 269.1368236541748
159.4967498779297 254.46875 182.60029983520508 254.46875 182.60029983520508 268.4656238555908 159.4967498779297 268.4656238555908
159.32046508789062 254.35696411132812 182.96229553222656 254.35696411132812 182.96229553222656 267.82291889190674 159.32046508789062 267.82291889190674
159.54141235351562 253.71810913085938 181.91503715515137 253.71810913085938 181.91503715515137 268.5445861816406 159.54141235351562 268.5445861816406
159.3928680419922 253.8467559814453 181.90362930297852 253.8467559814453 181.90362930297852 268.45448303222656 159.3928680419922 268.45448303222656
159.86611938476562 253.4349822998047 180.8127498626709 253.4349822998047 180.8127498626709 268.54814434051514 159.86611938476562 268.54814434051514
159.47471618652344 252.8900909423828 180.16349411010742 252.8900909423828 180.16349411010742 268.12864112854004 159.47471618652344 268.12864112854004
159.6673583984375 252.3340606689453 180.92893028259277 252.3340606689453 180.92893028259277 268.15488624572754 159.6673583984375 268.15488624572754
159.4915008544922 252.2158660888672 181.1244773864746 252.2158660888672 181.1244773864746 267.9646396636963 159.4915008544922 267.9646396636963
159.91537475585938 251.0306854248047 181.0508098602295 251.0306854248047 181.0508098602295 267.6014766693115 159.91537475585938 267.6014766693115
160.05792236328125 251.2827606201172 180.1838436126709 251.2827606201172 180.1838436126709 267.66101455688477 160.05792236328125 267.66101455688477
159.56585693359375 251.5261993408203 180.62755393981934 251.5261993408203 180.62755393981934 266.6951427459717 159.56585693359375 266.6951427459717
160.5150604248047 250.83969116210938 180.33146858215332 250.83969116210938 180.33146858215332 267.22593688964844 160.5150604248047 267.22593688964844
160.72817993164062 251.04000854492188 179.8400478363037 251.04000854492188 179.8400478363037 266.6747531890869 160.72817993164062 266.6747531890869
160.23800659179688 250.7471160888672 180.73481941223145 250.7471160888672 180.73481941223145 267.0578670501709 160.23800659179688 267.0578670501709
159.7925262451172 251.08847045898438 179.9672966003418 251.08847045898438 179.9672966003418 267.31546211242676 159.7925262451172 267.31546211242676
159.3720703125 250.63662719726562 180.83761978149414 250.63662719726562 180.83761978149414 266.76408767700195 159.3720703125 266.76408767700195
160.01416015625 251.0071258544922 180.35655212402344 251.0071258544922 180.35655212402344 267.41193199157715 160.01416015625 267.41193199157715
159.63455200195312 251.5316619873047 180.23086547851562 251.5316619873047 180.23086547851562 267.5380439758301 159.63455200195312 267.5380439758301
159.429931640625 250.9476776123047 180.59151649475098 250.9476776123047 180.59151649475098 267.2403450012207 159.429931640625 267.2403450012207
159.861572265625 252.63076782226562 179.95085906982422 252.63076782226562 179.95085906982422 267.5974807739258 159.861572265625 267.5974807739258
159.142333984375 252.0684051513672 180.07261657714844 252.0684051513672 180.07261657714844 267.67686653137207 159.142333984375 267.67686653137207
159.2458038330078 252.7929229736328 179.3267002105713 252.7929229736328 179.3267002105713 268.1116771697998 159.2458038330078 268.1116771697998
159.74386596679688 253.3936004638672 180.0392360687256 253.3936004638672 180.0392360687256 268.181396484375 159.74386596679688 268.181396484375
160.17892456054688 254.03857421875 180.28867149353027 254.03857421875 180.28867149353027 268.96318531036377 160.17892456054688 268.96318531036377
159.53817749023438 254.59664916992188 180.5348720550537 254.59664916992188 180.5348720550537 268.6123628616333 159.53817749023438 268.6123628616333
160.1585693359375 254.5319061279297 180.93862342834473 254.5319061279297 180.93862342834473 268.4378070831299 160.1585693359375 268.4378070831299
159.20045471191406 254.70474243164062 182.19324684143066 254.70474243164062 182.19324684143066 268.73925495147705 159.20045471191406 268.73925495147705
159.35507202148438 255.00473022460938 181.98671340942383 255.00473022460938 181.98671340942383 268.9736661911011 159.35507202148438 268.9736661911011
159.45361328125 254.3282012939453 182.03158950805664 254.3282012939453 182.03158950805664 268.4396724700928 159.45361328125 268.4396724700928
159.31265258789062 253.7017822265625 182.77346801757812 253.7017822265625 182.77346801757812 268.76519775390625 159.31265258789062 268.76519775390625
161.14813232421875 253.7756805419922 183.08290100097656 253.7756805419922 183.08290100097656 270.45376205444336 161.14813232421875 270.45376205444336
161.98739624023438 253.8893585205078 183.34560203552246 253.8893585205078 183.34560203552246 270.9759330749512 161.98739624023438 270.9759330749512
161.62771606445312 253.92959594726562 183.11701011657715 253.92959594726562 183.11701011657715 271.1210422515869 161.62771606445312 271.1210422515869
161.94920349121094 253.68405151367188 181.6256160736084 253.68405151367188 181.6256160736084 270.5050392150879 161.94920349121094 270.5050392150879
161.3084716796875 254.26150512695312 181.77620315551758 254.26150512695312 181.77620315551758 270.801326751709 161.3084716796875 270.801326751709
161.01931762695312 255.0050811767578 181.07487106323242 255.0050811767578 181.07487106323242 271.153507232666 161.01931762695312 271.153507232666
162.63760375976562 254.44107055664062 181.98063278198242 254.44107055664062 181.98063278198242 272.7040367126465 162.63760375976562 272.7040367126465
162.44708251953125 255.3213653564453 180.77949333190918 255.3213653564453 180.77949333190918 272.227596282959 162.44708251953125 272.227596282959
161.4078369140625 257.6414794921875 181.0158233642578 257.6414794921875 181.0158233642578 273.3520383834839 161.4078369140625 273.3520383834839
161.99061584472656 256.8558654785156 181.70959663391113 256.8558654785156 181.70959663391113 273.0733985900879 161.99061584472656 273.0733985900879
161.5850067138672 257.73388671875 182.60232162475586 257.73388671875 182.60232162475586 273.8390064239502 161.5850067138672 273.8390064239502
162.35147094726562 257.2257995605469 183.98979568481445 257.2257995605469 183.98979568481445 274.1815242767334 162.35147094726562 274.1815242767334
161.97503662109375 258.5088195800781 181.9135799407959 258.5088195800781 181.9135799407959 274.69269371032715 161.97503662109375 274.69269371032715
161.7068328857422 259.78033447265625 182.63142585754395 259.78033447265625 182.63142585754395 275.1527614593506 161.7068328857422 275.1527614593506
161.2547149658203 259.980712890625 181.26948928833008 259.980712890625 181.26948928833008 275.9145030975342 161.2547149658203 275.9145030975342
162.8835906982422 259.4080505371094 183.5417137145996 259.4080505371094 183.5417137145996 275.85525131225586 162.8835906982422 275.85525131225586
161.25955200195312 259.8311462402344 182.4891700744629 259.8311462402344 182.4891700744629 276.0228614807129 161.25955200195312 276.0228614807129
162.11590576171875 259.54193115234375 183.1103000640869 259.54193115234375 183.1103000640869 275.91937255859375 162.11590576171875 275.91937255859375
162.24356079101562 259.8772888183594 183.34168815612793 259.8772888183594 183.34168815612793 276.36058044433594 162.24356079101562 276.36058044433594
161.59066772460938 262.1814270019531 182.6742649078369 262.1814270019531 182.6742649078369 277.1578960418701 161.59066772460938 277.1578960418701
161.47341918945312 262.5967712402344 184.4123134613037 262.5967712402344 184.4123134613037 276.4412250518799 161.47341918945312 276.4412250518799
160.19815063476562 261.2900695800781 184.1860237121582 261.2900695800781 184.1860237121582 275.95524883270264 160.19815063476562 275.95524883270264
161.06153869628906 255.51907348632812 182.4658260345459 255.51907348632812 182.4658260345459 272.6425132751465 161.06153869628906 272.6425132751465
163.76535034179688 251.7401123046875 186.78903770446777 251.7401123046875 186.78903770446777 266.6826448440552 163.76535034179688 266.6826448440552
162.8680419921875 247.75344848632812 185.16022109985352 247.75344848632812 185.16022109985352 263.40848541259766 162.8680419921875 263.40848541259766
163.92124938964844 246.5452117919922 186.0870475769043 246.5452117919922 186.0870475769043 262.4364070892334 163.92124938964844 262.4364070892334
165.3979034423828 249.30126953125 186.90839767456055 249.30126953125 186.90839767456055 263.54404163360596 165.3979034423828 263.54404163360596
167.99374389648438 248.84890747070312 189.19462203979492 248.84890747070312 189.19462203979492 263.425500869751 167.99374389648438 263.425500869751
169.31893920898438 246.2755889892578 188.0135555267334 246.2755889892578 188.0135555267334 259.8715534210205 169.31893920898438 259.8715534210205
167.9272003173828 242.96347045898438 188.51860427856445 242.96347045898438 188.51860427856445 259.69987869262695 167.9272003173828 259.69987869262695
169.0443878173828 243.7989501953125 189.57956886291504 243.7989501953125 189.57956886291504 259.3809585571289 169.0443878173828 259.3809585571289
169.6185302734375 242.2697296142578 190.51154327392578 242.2697296142578 190.51154327392578 257.9012699127197 169.6185302734375 257.9012699127197
170.2294921875 241.85067749023438 189.73441314697266 241.85067749023438 189.73441314697266 256.50010871887207 170.2294921875 256.50010871887207
172.0335235595703 240.5041046142578 191.5188694000244 240.5041046142578 191.5188694000244 255.97799968719482 172.0335235595703 255.97799968719482
171.58604431152344 240.3262176513672 190.44530868530273 240.3262176513672 190.44530868530273 255.46212196350098 171.58604431152344 255.46212196350098
170.53160095214844 237.0984344482422 191.3584327697754 237.0984344482422 191.3584327697754 253.75990676879883 170.53160095214844 253.75990676879883
170.93051147460938 236.85159301757812 190.4731159210205 236.85159301757812 190.4731159210205 253.46135711669922 170.93051147460938 253.46135711669922
171.3040313720703 236.2296600341797 191.72449111938477 236.2296600341797 191.72449111938477 252.01002502441406 171.3040313720703 252.01002502441406
173.004150390625 235.65982055664062 191.58513641357422 235.65982055664062 191.58513641357422 250.89685249328613 173.004150390625 250.89685249328613
171.90713500976562 233.8953094482422 192.43169784545898 233.8953094482422 192.43169784545898 250.31496810913086 171.90713500976562 250.31496810913086
171.04502868652344 232.05722045898438 191.25093269348145 232.05722045898438 191.25093269348145 248.22195053100586 171.04502868652344 248.22195053100586
175.4306182861328 232.4073486328125 192.5973072052002 232.4073486328125 192.5973072052002 248.4670696258545 175.4306182861328 248.4670696258545
176.38417053222656 231.1483612060547 195.48861122131348 231.1483612060547 195.48861122131348 247.01109313964844 176.38417053222656 247.01109313964844
177.74575805664062 231.21383666992188 196.38801383972168 231.21383666992188 196.38801383972168 245.3189868927002 177.74575805664062 245.3189868927002
180.529052734375 229.0314483642578 198.67440795898438 229.0314483642578 198.67440795898438 244.86975860595703 180.529052734375 244.86975860595703
180.70726013183594 229.90737915039062 199.93897819519043 229.90737915039062 199.93897819519043 244.75369262695312 180.70726013183594 244.75369262695312
181.14828491210938 226.77365112304688 200.88919258117676 226.77365112304688 200.88919258117676 242.56638526916504 181.14828491210938 242.56638526916504
183.73092651367188 228.41470336914062 201.96340370178223 228.41470336914062 201.96340370178223 242.2963743209839 183.73092651367188 242.2963743209839
182.8936767578125 226.93984985351562 202.46107864379883 226.93984985351562 202.46107864379883 241.67691230773926 182.8936767578125 241.67691230773926
182.88241577148438 226.72726440429688 201.46057319641113 226.72726440429688 201.46057319641113 240.8885726928711 182.88241577148438 240.8885726928711
185.02047729492188 224.47103881835938 203.3416233062744 224.47103881835938 203.3416233062744 239.27011680603027 185.02047729492188 239.27011680603027
185.85202026367188 224.8622283935547 203.42058563232422 224.8622283935547 203.42058563232422 239.14807319641113 185.85202026367188 239.14807319641113
186.41261291503906 224.9132537841797 204.580078125 224.9132537841797 204.580078125 239.1885347366333 186.41261291503906 239.1885347366333
185.9813232421875 221.8904571533203 205.3703842163086 221.8904571533203 205.3703842163086 237.6365556716919 185.9813232421875 237.6365556716919
187.66293334960938 222.0465545654297 205.11726760864258 222.0465545654297 205.11726760864258 236.29928016662598 187.66293334960938 236.29928016662598
187.77890014648438 221.2461395263672 206.034423828125 221.2461395263672 206.034423828125 235.44022369384766 187.77890014648438 235.44022369384766
188.44981384277344 220.33682250976562 207.21089935302734 220.33682250976562 207.21089935302734 235.4058666229248 188.44981384277344 235.4058666229248
189.36936950683594 218.6012725830078 207.74699592590332 218.6012725830078 207.74699592590332 234.02764415740967 189.36936950683594 234.02764415740967
190.99191284179688 218.53854370117188 209.39125061035156 218.53854370117188 209.39125061035156 233.49158763885498 190.99191284179688 233.49158763885498
192.41677856445312 218.59707641601562 211.71196746826172 218.59707641601562 211.71196746826172 232.97660636901855 192.41677856445312 232.97660636901855
194.24581909179688 217.2537078857422 212.79509925842285 217.2537078857422 212.79509925842285 231.16150188446045 194.24581909179688 231.16150188446045
193.98867797851562 216.41397094726562 213.16115379333496 216.41397094726562 213.16115379333496 231.0738115310669 193.98867797851562 231.0738115310669
193.4124298095703 217.60299682617188 213.14352226257324 217.60299682617188 213.14352226257324 230.02470588684082 193.4124298095703 230.02470588684082
193.58241271972656 214.89804077148438 213.75241470336914 214.89804077148438 213.75241470336914 229.0563383102417 193.58241271972656 229.0563383102417
194.71212768554688 214.4622344970703 213.7027702331543 214.4622344970703 213.7027702331543 228.29795360565186 194.71212768554688 228.29795360565186
197.43075561523438 212.0237274169922 216.89292907714844 212.0237274169922 216.89292907714844 227.42541694641113 197.43075561523438 227.42541694641113
197.86990356445312 212.7821044921875 218.10866165161133 212.7821044921875 218.10866165161133 227.42847633361816 197.86990356445312 227.42847633361816
198.15574645996094 213.11056518554688 218.3824291229248 213.11056518554688 218.3824291229248 227.71403694152832 198.15574645996094 227.71403694152832
199.21807861328125 210.1887664794922 218.6701774597168 210.1887664794922 218.6701774597168 225.70829010009766 199.21807861328125 225.70829010009766
199.8076171875 210.2092742919922 219.50972366333008 210.2092742919922 219.50972366333008 225.8002471923828 199.8076171875 225.8002471923828
200.93399047851562 211.12960815429688 220.0685691833496 211.12960815429688 220.0685691833496 225.54961109161377 200.93399047851562 225.54961109161377
200.99429321289062 209.27706909179688 221.10278511047363 209.27706909179688 221.10278511047363 224.56744384765625 200.99429321289062 224.56744384765625
201.97360229492188 209.3576202392578 220.6362247467041 209.3576202392578 220.6362247467041 223.48633289337158 201.97360229492188 223.48633289337158
202.30833435058594 208.2441864013672 221.09743881225586 208.2441864013672 221.09743881225586 222.83882331848145 202.30833435058594 222.83882331848145
205.3021697998047 207.06771850585938 223.47941970825195 207.06771850585938 223.47941970825195 221.6573486328125 205.3021697998047 221.6573486328125
206.3763427734375 207.4469757080078 226.63943481445312 207.4469757080078 226.63943481445312 222.1623077392578 206.3763427734375 222.1623077392578
206.1392822265625 206.8786163330078 227.18316268920898 206.8786163330078 227.18316268920898 221.3722095489502 206.1392822265625 221.3722095489502
207.24514770507812 206.3485870361328 227.59165000915527 206.3485870361328 227.59165000915527 220.77448558807373 207.24514770507812 220.77448558807373
207.8144989013672 204.9863739013672 227.79950332641602 204.9863739013672 227.79950332641602 220.97438526153564 207.8144989013672 220.97438526153564
208.3859405517578 204.85415649414062 228.01848983764648 204.85415649414062 228.01848983764648 219.09439849853516 208.3859405517578 219.09439849853516
208.7161407470703 205.8363037109375 228.70121383666992 205.8363037109375 228.70121383666992 219.3033390045166 208.7161407470703 219.3033390045166
209.69589233398438 202.8706817626953 229.9301586151123 202.8706817626953 229.9301586151123 217.7659502029419 209.69589233398438 217.7659502029419
210.56234741210938 202.75547790527344 229.8725643157959 202.75547790527344 229.8725643157959 217.9847240447998 210.56234741210938 217.9847240447998
212.2906951904297 202.09457397460938 231.87492179870605 202.09457397460938 231.87492179870605 217.6578426361084 212.2906951904297 217.6578426361084
214.0411376953125 202.11668395996094 234.0379638671875 202.11668395996094 234.0379638671875 216.79567909240723 214.0411376953125 216.79567909240723
213.9123992919922 202.53103637695312 235.23907089233398 202.53103637695312 235.23907089233398 216.79459381103516 213.9123992919922 216.79459381103516
215.0825958251953 201.2115020751953 234.58114624023438 201.2115020751953 234.58114624023438 215.57490825653076 215.0825958251953 215.57490825653076
216.017578125 201.09378051757812 235.61783599853516 201.09378051757812 235.61783599853516 215.23036003112793 216.017578125 215.23036003112793
215.796875 200.44989013671875 235.64392471313477 200.44989013671875 235.64392471313477 216.2897367477417 215.796875 216.2897367477417
217.7306671142578 200.7061004638672 236.97842025756836 200.7061004638672 236.97842025756836 214.79505348205566 217.7306671142578 214.79505348205566
219.3614501953125 201.40313720703125 238.3905906677246 201.40313720703125 238.3905906677246 213.97732257843018 219.3614501953125 213.97732257843018
219.28146362304688 200.33441162109375 239.8364963531494 200.33441162109375 239.8364963531494 213.90267944335938 219.28146362304688 213.90267944335938
219.7060546875 198.4114990234375 239.38794898986816 198.4114990234375 239.38794898986816 213.7655668258667 219.7060546875 213.7655668258667
220.95748901367188 198.33718872070312 239.47723388671875 198.33718872070312 239.47723388671875 212.26473426818848 220.95748901367188 212.26473426818848
221.3539276123047 198.04185485839844 239.0083122253418 198.04185485839844 239.0083122253418 212.4584608078003 221.3539276123047 212.4584608078003
223.2747802734375 197.90621948242188 243.1052589416504 197.90621948242188 243.1052589416504 211.7866973876953 223.2747802734375 211.7866973876953
224.45797729492188 197.2326202392578 244.42967987060547 197.2326202392578 244.42967987060547 210.28947734832764 224.45797729492188 210.28947734832764
224.2718505859375 198.267333984375 245.06982421875 198.267333984375 245.06982421875 211.75643348693848 224.2718505859375 211.75643348693848
225.77597045898438 197.2876434326172 244.97414588928223 197.2876434326172 244.97414588928223 211.0742130279541 225.77597045898438 211.0742130279541
227.09036254882812 196.9185333251953 246.0499496459961 196.9185333251953 246.0499496459961 210.6128387451172 227.09036254882812 210.6128387451172
227.67745971679688 197.1349334716797 246.75788497924805 197.1349334716797 246.75788497924805 210.08725452423096 227.67745971679688 210.08725452423096
229.31295776367188 195.44302368164062 246.64393997192383 195.44302368164062 246.64393997192383 209.50082397460938 229.31295776367188 209.50082397460938
229.2769012451172 196.58609008789062 248.04253387451172 196.58609008789062 248.04253387451172 209.23231410980225 229.2769012451172 209.23231410980225
228.72830200195312 196.0648651123047 249.35988807678223 196.0648651123047 249.35988807678223 208.87346363067627 228.72830200195312 208.87346363067627
231.09115600585938 194.98838806152344 251.27355003356934 194.98838806152344 251.27355003356934 208.61461639404297 231.09115600585938 208.61461639404297
230.928466796875 194.86349487304688 250.48623275756836 194.86349487304688 250.48623275756836 208.69150829315186 230.928466796875 208.69150829315186
232.0521240234375 192.95285034179688 251.08688735961914 192.95285034179688 251.08688735961914 207.56628704071045 232.0521240234375 207.56628704071045
233.5701141357422 192.3583984375 251.69981002807617 192.3583984375 251.69981002807617 207.74262046813965 233.5701141357422 207.74262046813965
233.94442749023438 192.1111297607422 253.51337814331055 192.1111297607422 253.51337814331055 207.08547687530518 233.94442749023438 207.08547687530518
236.7141571044922 192.80892944335938 257.02814865112305 192.80892944335938 257.02814865112305 207.49002075195312 236.7141571044922 207.49002075195312
237.5638427734375 192.71047973632812 257.44715881347656 192.71047973632812 257.44715881347656 207.9365634918213 237.5638427734375 207.9365634918213
237.97195434570312 192.29531860351562 257.0003833770752 192.29531860351562 257.0003833770752 206.50883674621582 237.97195434570312 206.50883674621582
238.73757934570312 192.50003051757812 258.81749534606934 192.50003051757812 258.81749534606934 207.08349609375 238.73757934570312 207.08349609375
239.95706176757812 192.50637817382812 259.20508193969727 192.50637817382812 259.20508193969727 207.13991737365723 239.95706176757812 207.13991737365723
239.90634155273438 190.22036743164062 258.93814277648926 190.22036743164062 258.93814277648926 206.41083145141602 239.90634155273438 206.41083145141602
241.0185089111328 190.01821899414062 260.0931911468506 190.01821899414062 260.0931911468506 205.77979278564453 241.0185089111328 205.77979278564453
241.1251678466797 189.81968688964844 260.3747138977051 189.81968688964844 260.3747138977051 205.21932792663574 241.1251678466797 205.21932792663574
242.53359985351562 190.90512084960938 262.2117500305176 190.90512084960938 262.2117500305176 205.23888206481934 242.53359985351562 205.23888206481934
243.9536590576172 189.27090454101562 263.2485694885254 189.27090454101562 263.2485694885254 204.70683574676514 243.9536590576172 204.70683574676514
245.04635620117188 189.19107055664062 264.082462310791 189.19107055664062 264.082462310791 204.41995811462402 245.04635620117188 204.41995811462402
246.08706665039062 188.7734375 265.41740798950195 188.7734375 265.41740798950195 204.2377119064331 246.08706665039062 204.2377119064331
247.05615234375 189.31759643554688 265.9270782470703 189.31759643554688 265.9270782470703 204.1485414505005 247.05615234375 204.1485414505005
247.52212524414062 188.5653533935547 266.29265213012695 188.5653533935547 266.29265213012695 203.84709453582764 247.52212524414062 203.84709453582764
249.85791015625 189.15408325195312 268.517879486084 189.15408325195312 268.517879486084 203.8707914352417 249.85791015625 203.8707914352417
251.4499969482422 189.39871215820312 269.28013801574707 189.39871215820312 269.28013801574707 204.0623607635498 251.4499969482422 204.0623607635498
252.86843872070312 189.1902313232422 269.99498558044434 189.1902313232422 269.99498558044434 203.23950386047363 252.86843872070312 203.23950386047363
253.22982788085938 189.36361694335938 270.90820693969727 189.36361694335938 270.90820693969727 203.49355602264404 253.22982788085938 203.49355602264404
253.1728057861328 188.61448669433594 270.456111907959 188.61448669433594 270.456111907959 202.64347553253174 253.1728057861328 202.64347553253174
254.1937713623047 187.7598419189453 270.43609619140625 187.7598419189453 270.43609619140625 202.67612743377686 254.1937713623047 202.67612743377686
253.37844848632812 187.21853637695312 271.5837001800537 187.21853637695312 271.5837001800537 201.7827377319336 253.37844848632812 201.7827377319336
258.3996887207031 188.25466918945312 276.6714038848877 188.25466918945312 276.6714038848877 202.87204265594482 258.3996887207031 202.87204265594482
256.3008117675781 189.15960693359375 274.41758918762207 189.15960693359375 274.41758918762207 203.65302848815918 256.3008117675781 203.65302848815918
253.5322265625 187.68807983398438 271.64118003845215 187.68807983398438 271.64118003845215 202.1752414703369 253.5322265625 202.1752414703369
255.6015625 188.07650756835938 273.4210205078125 188.07650756835938 273.4210205078125 202.33207416534424 255.6015625 202.33207416534424
256.5433349609375 186.98753356933594 273.58322525024414 186.98753356933594 273.58322525024414 201.41289806365967 256.5433349609375 201.41289806365967
259.1880187988281 185.01608276367188 273.6019058227539 185.01608276367188 273.6019058227539 198.74960041046143 259.1880187988281 198.74960041046143
260.8319396972656 186.72195434570312 276.679105758667 186.72195434570312 276.679105758667 201.28314685821533 260.8319396972656 201.28314685821533
262.0480041503906 189.45449829101562 279.46849632263184 189.45449829101562 279.46849632263184 203.39089393615723 262.0480041503906 203.39089393615723
261.2820739746094 186.57589721679688 278.9102363586426 186.57589721679688 278.9102363586426 200.67842864990234 261.2820739746094 200.67842864990234
262.64251708984375 186.63929748535156 279.94068717956543 186.63929748535156 279.94068717956543 200.56846046447754 262.64251708984375 200.56846046447754
263.0069885253906 186.77487182617188 280.4630546569824 186.77487182617188 280.4630546569824 200.73972511291504 263.0069885253906 200.73972511291504
262.87847900390625 184.09909057617188 280.4111518859863 184.09909057617188 280.4111518859863 198.12522888183594 262.87847900390625 198.12522888183594
262.13970947265625 184.15274047851562 279.9085636138916 184.15274047851562 279.9085636138916 198.36782360076904 262.13970947265625 198.36782360076904
262.6129150390625 184.7376708984375 280.28675270080566 184.7376708984375 280.28675270080566 198.87674140930176 262.6129150390625 198.87674140930176
262.6540222167969 182.78707885742188 280.3796730041504 182.78707885742188 280.3796730041504 196.9675998687744 262.6540222167969 196.9675998687744
262.4079895019531 184.28228759765625 280.13897132873535 184.28228759765625 280.13897132873535 198.46707344055176 262.4079895019531 198.46707344055176
261.76922607421875 183.24468994140625 279.1634635925293 183.24468994140625 279.1634635925293 197.16008186340332 261.76922607421875 197.16008186340332
262.5179443359375 183.08863830566406 279.5087375640869 183.08863830566406 279.5087375640869 196.68127632141113 262.5179443359375 196.68127632141113
261.9697265625 181.45065307617188 279.2237739562988 181.45065307617188 279.2237739562988 195.25389575958252 261.9697265625 195.25389575958252
263.5865173339844 181.71212768554688 279.40482902526855 181.71212768554688 279.40482902526855 196.10784721374512 263.5865173339844 196.10784721374512
262.8582458496094 181.44374084472656 279.9724769592285 181.44374084472656 279.9724769592285 195.13513374328613 262.8582458496094 195.13513374328613
262.375732421875 180.81982421875 279.41510581970215 180.81982421875 279.41510581970215 194.45133209228516 262.375732421875 194.45133209228516
262.5980224609375 180.3140411376953 279.4256191253662 180.3140411376953 279.4256191253662 193.77612781524658 262.5980224609375 193.77612781524658
262.624267578125 178.7222900390625 279.41060638427734 178.7222900390625 279.41060638427734 192.15137004852295 262.624267578125 192.15137004852295
262.77301025390625 179.80003356933594 279.63804817199707 179.80003356933594 279.63804817199707 193.29207134246826 262.77301025390625 193.29207134246826
262.40625 179.36605834960938 279.1723346710205 179.36605834960938 279.1723346710205 192.77893352508545 262.40625 192.77893352508545
261.5026550292969 178.73751831054688 278.56059646606445 178.73751831054688 278.56059646606445 192.38388061523438 261.5026550292969 192.38388061523438
261.6392517089844 177.10977172851562 278.8125915527344 177.10977172851562 278.8125915527344 190.8484525680542 261.6392517089844 190.8484525680542
261.6963806152344 177.2281494140625 278.97308921813965 177.2281494140625 278.97308921813965 191.0495252609253 261.6963806152344 191.0495252609253
262.0362854003906 176.3606414794922 279.4277801513672 176.3606414794922 279.4277801513672 190.27384662628174 262.0362854003906 190.27384662628174
261.66693115234375 176.10472106933594 278.90888595581055 176.10472106933594 278.90888595581055 189.89829444885254 261.66693115234375 189.89829444885254
261.62860107421875 175.1239471435547 278.83664321899414 175.1239471435547 278.83664321899414 188.89039134979248 261.62860107421875 188.89039134979248
261.2091369628906 175.1283416748047 278.6613578796387 175.1283416748047 278.6613578796387 189.09013080596924 261.2091369628906 189.09013080596924
263.79083251953125 176.21084594726562 281.126672744751 176.21084594726562 281.126672744751 190.1784267425537 263.79083251953125 190.1784267425537
262.38323974609375 175.09329223632812 280.15467834472656 175.09329223632812 280.15467834472656 189.31045818328857 262.38323974609375 189.31045818328857
261.5868835449219 173.55503845214844 279.6902961730957 173.55503845214844 279.6902961730957 188.03778266906738 261.5868835449219 188.03778266906738
261.49139404296875 173.5355682373047 279.4754981994629 173.5355682373047 279.4754981994629 187.92286682128906 261.49139404296875 187.92286682128906
261.0865478515625 172.80624389648438 279.09730529785156 172.80624389648438 279.09730529785156 187.21486377716064 261.0865478515625 187.21486377716064
260.0592346191406 172.6702423095703 278.1195259094238 172.6702423095703 278.1195259094238 187.1184892654419 260.0592346191406 187.1184892654419
260.55230712890625 173.76803588867188 278.36496925354004 173.76803588867188 278.36496925354004 188.01817893981934 260.55230712890625 188.01817893981934
260.2383728027344 173.1543426513672 278.283784866333 173.1543426513672 278.283784866333 187.59068489074707 260.2383728027344 187.59068489074707
259.53594970703125 171.55245971679688 277.80308532714844 171.55245971679688 277.80308532714844 185.6140537261963 259.53594970703125 185.6140537261963
260.55950927734375 171.1886444091797 278.2253112792969 171.1886444091797 278.2253112792969 185.32129955291748 260.55950927734375 185.32129955291748
259.30072021484375 170.73045349121094 276.90686988830566 170.73045349121094 276.90686988830566 184.81538677215576 259.30072021484375 184.81538677215576
259.8710632324219 171.02316284179688 277.4197254180908 171.02316284179688 277.4197254180908 185.18274974822998 259.8710632324219 185.18274974822998
259.28485107421875 170.7607421875 276.95867347717285 170.7607421875 276.95867347717285 184.89981365203857 259.28485107421875 184.89981365203857
257.81500244140625 170.4735565185547 275.35118103027344 170.4735565185547 275.35118103027344 184.5025119781494 257.81500244140625 184.5025119781494
257.6418762207031 171.09970092773438 274.62350845336914 171.09970092773438 274.62350845336914 185.07788372039795 257.6418762207031 185.07788372039795
257.5658264160156 170.17787170410156 275.5204620361328 170.17787170410156 275.5204620361328 183.2135066986084 257.5658264160156 183.2135066986084
256.03948974609375 168.24710083007812 274.0519542694092 168.24710083007812 274.0519542694092 182.50135231018066 256.03948974609375 182.50135231018066
255.27999877929688 169.13104248046875 273.6825351715088 169.13104248046875 273.6825351715088 183.85308361053467 255.27999877929688 183.85308361053467
255.2137451171875 168.3407745361328 273.77390480041504 168.3407745361328 273.77390480041504 183.18891429901123 255.2137451171875 183.18891429901123
256.0919494628906 168.10731506347656 274.43791580200195 168.10731506347656 274.43791580200195 182.78410053253174 256.0919494628906 182.78410053253174
255.94668579101562 167.28903198242188 274.4532279968262 167.28903198242188 274.4532279968262 182.0942783355713 255.94668579101562 182.0942783355713
256.0618591308594 167.2577667236328 274.0281505584717 167.2577667236328 274.0281505584717 181.81814575195312 256.0618591308594 181.81814575195312
256.26312255859375 166.57211303710938 274.7310371398926 166.57211303710938 274.7310371398926 181.1795778274536 256.26312255859375 181.1795778274536
253.9381866455078 166.11265563964844 273.3077983856201 166.11265563964844 273.3077983856201 181.6083583831787 253.9381866455078 181.6083583831787
254.71444702148438 166.3967742919922 273.9245491027832 166.3967742919922 273.9245491027832 182.03878593444824 254.71444702148438 182.03878593444824
255.1696014404297 166.41412353515625 273.1622619628906 166.41412353515625 273.1622619628906 181.96392345428467 255.1696014404297 181.96392345428467
254.7917938232422 164.8142852783203 273.865047454834 164.8142852783203 273.865047454834 181.07936096191406 254.7917938232422 181.07936096191406
254.4784393310547 164.70327758789062 274.2559108734131 164.70327758789062 274.2559108734131 180.52527046203613 254.4784393310547 180.52527046203613
253.7783203125 164.77511596679688 272.33466720581055 164.77511596679688 272.33466720581055 180.8594093322754 253.7783203125 180.8594093322754
253.2467041015625 165.18045043945312 272.9746894836426 165.18045043945312 272.9746894836426 180.1346836090088 253.2467041015625 180.1346836090088
252.7948455810547 165.38375854492188 272.3528995513916 165.38375854492188 272.3528995513916 180.4606761932373 252.7948455810547 180.4606761932373
252.6429901123047 165.5928192138672 271.77027320861816 165.5928192138672 271.77027320861816 180.16821765899658 252.6429901123047 180.16821765899658
252.1318359375 164.89035034179688 271.24653244018555 164.89035034179688 271.24653244018555 180.49529457092285 252.1318359375 180.49529457092285
250.9249725341797 164.0801239013672 269.3216094970703 164.0801239013672 269.3216094970703 179.88583660125732 250.9249725341797 179.88583660125732
250.5162811279297 163.57196044921875 270.4321060180664 163.57196044921875 270.4321060180664 179.79162979125977 250.5162811279297 179.79162979125977
249.64529418945312 164.1647491455078 269.0654945373535 164.1647491455078 269.0654945373535 179.20321369171143 249.64529418945312 179.20321369171143
249.8907012939453 163.24520874023438 269.0995864868164 163.24520874023438 269.0995864868164 178.27352619171143 249.8907012939453 178.27352619171143
250.40548706054688 163.85671997070312 269.0452136993408 163.85671997070312 269.0452136993408 178.8867130279541 250.40548706054688 178.8867130279541
249.89309692382812 164.16244506835938 269.06808853149414 164.16244506835938 269.06808853149414 179.72783660888672 249.89309692382812 179.72783660888672
248.937744140625 164.41455078125 268.2787742614746 164.41455078125 268.2787742614746 178.92392444610596 248.937744140625 178.92392444610596
248.7847137451172 163.63534545898438 267.7510070800781 163.63534545898438 267.7510070800781 178.55765533447266 248.7847137451172 178.55765533447266
249.3942413330078 162.619140625 268.17190170288086 162.619140625 268.17190170288086 178.83155632019043 249.3942413330078 178.83155632019043
248.09432983398438 162.00906372070312 267.93539237976074 162.00906372070312 267.93539237976074 177.88193225860596 248.09432983398438 177.88193225860596
246.5994110107422 162.88555908203125 265.7784938812256 162.88555908203125 265.7784938812256 178.58345794677734 246.5994110107422 178.58345794677734
246.8682403564453 162.56271362304688 265.5663547515869 162.56271362304688 265.5663547515869 177.8063383102417 246.8682403564453 177.8063383102417
244.99765014648438 163.0008544921875 265.2247371673584 163.0008544921875 265.2247371673584 176.8941822052002 244.99765014648438 176.8941822052002
244.69815063476562 162.68789672851562 264.37684631347656 162.68789672851562 264.37684631347656 176.85744667053223 244.69815063476562 176.85744667053223
244.1896514892578 162.8947296142578 264.4153461456299 162.8947296142578 264.4153461456299 177.17693614959717 244.1896514892578 177.17693614959717
244.6685333251953 163.36251831054688 265.1622009277344 163.36251831054688 265.1622009277344 176.7733964920044 244.6685333251953 176.7733964920044
244.3573455810547 163.48861694335938 265.0162658691406 163.48861694335938 265.0162658691406 177.96317863464355 244.3573455810547 177.96317863464355
242.86648559570312 163.93533325195312 263.6287651062012 163.93533325195312 263.6287651062012 177.85613822937012 242.86648559570312 177.85613822937012
243.3169403076172 163.1797332763672 262.15690994262695 163.1797332763672 262.15690994262695 177.2937135696411 243.3169403076172 177.2937135696411
243.4867401123047 161.2384490966797 262.77827072143555 161.2384490966797 262.77827072143555 176.68475151062012 243.4867401123047 176.68475151062012
242.95114135742188 160.06060791015625 262.7983207702637 160.06060791015625 262.7983207702637 175.9994249343872 242.95114135742188 175.9994249343872
242.5836944580078 161.07763671875 261.0276679992676 161.07763671875 261.0276679992676 176.8367338180542 242.5836944580078 176.8367338180542
243.09402465820312 160.88674926757812 260.70009994506836 160.88674926757812 260.70009994506836 176.44483375549316 243.09402465820312 176.44483375549316
242.4882354736328 161.59458923339844 261.9054698944092 161.59458923339844 261.9054698944092 176.14415740966797 242.4882354736328 176.14415740966797
242.39346313476562 161.61668395996094 261.46993827819824 161.61668395996094 261.46993827819824 175.6883955001831 242.39346313476562 175.6883955001831
242.37619018554688 160.3323974609375 260.739559173584 160.3323974609375 260.739559173584 176.0258731842041 242.37619018554688 176.0258731842041
242.10073852539062 160.70419311523438 259.6145648956299 160.70419311523438 259.6145648956299 175.8717212677002 242.10073852539062 175.8717212677002
241.1962432861328 159.79898071289062 260.91473960876465 159.79898071289062 260.91473960876465 176.21541786193848 241.1962432861328 176.21541786193848
240.2035369873047 160.42991638183594 258.99233055114746 160.42991638183594 258.99233055114746 175.9343776702881 240.2035369873047 175.9343776702881
240.661865234375 159.7703094482422 259.6980266571045 159.7703094482422 259.6980266571045 175.9588623046875 240.661865234375 175.9588623046875
240.4182891845703 159.7989959716797 258.97987174987793 159.7989959716797 258.97987174987793 175.58198738098145 240.4182891845703 175.58198738098145
239.79592895507812 158.98463439941406 257.9469871520996 158.98463439941406 257.9469871520996 176.45679092407227 239.79592895507812 176.45679092407227
238.744873046875 158.1763916015625 257.7510414123535 158.1763916015625 257.7510414123535 174.7484245300293 238.744873046875 174.7484245300293
240.380615234375 159.26577758789062 257.58254623413086 159.26577758789062 257.58254623413086 175.5218334197998 240.380615234375 175.5218334197998
239.9201202392578 159.40921020507812 257.6863651275635 159.40921020507812 257.6863651275635 175.94676399230957 239.9201202392578 175.94676399230957
239.57034301757812 160.02198791503906 255.99850845336914 160.02198791503906 255.99850845336914 175.89443016052246 239.57034301757812 175.89443016052246
239.69137573242188 160.16427612304688 256.9075870513916 160.16427612304688 256.9075870513916 175.72422218322754 239.69137573242188 175.72422218322754
238.28793334960938 160.21670532226562 256.80998611450195 160.21670532226562 256.80998611450195 175.72571277618408 238.28793334960938 175.72571277618408
236.3567657470703 160.10549926757812 255.41401290893555 160.10549926757812 255.41401290893555 175.35132789611816 236.3567657470703 175.35132789611816
236.40481567382812 159.75454711914062 255.05050468444824 159.75454711914062 255.05050468444824 174.67112922668457 236.40481567382812 174.67112922668457
237.54116821289062 159.4360809326172 255.76900672912598 159.4360809326172 255.76900672912598 174.01838207244873 237.54116821289062 174.01838207244873
239.16079711914062 160.53692626953125 257.008207321167 160.53692626953125 257.008207321167 175.5289134979248 239.16079711914062 175.5289134979248
239.5706329345703 160.46865844726562 257.029972076416 160.46865844726562 257.029972076416 175.21752643585205 239.5706329345703 175.21752643585205
239.23123168945312 159.54006958007812 256.92632484436035 159.54006958007812 256.92632484436035 173.69617176055908 239.23123168945312 173.69617176055908
239.3589324951172 158.947998046875 256.67733573913574 158.947998046875 256.67733573913574 172.80274772644043 239.3589324951172 172.80274772644043
238.11441040039062 157.7741241455078 255.84068298339844 157.7741241455078 255.84068298339844 171.95516967773438 238.11441040039062 171.95516967773438
238.5196990966797 159.5556182861328 256.0623359680176 159.5556182861328 256.0623359680176 173.5897569656372 238.5196990966797 173.5897569656372
239.01840209960938 159.4595947265625 256.5273895263672 159.4595947265625 256.5273895263672 173.46681213378906 239.01840209960938 173.46681213378906
238.55990600585938 157.9115447998047 256.00349617004395 157.9115447998047 256.00349617004395 171.8664426803589 238.55990600585938 171.8664426803589
238.9320831298828 159.64735412597656 256.1158027648926 159.64735412597656 256.1158027648926 173.39435577392578 238.9320831298828 173.39435577392578
239.3744659423828 159.03799438476562 256.4881248474121 159.03799438476562 256.4881248474121 172.72894763946533 239.3744659423828 172.72894763946533
238.7407684326172 158.87850952148438 255.73056411743164 158.87850952148438 255.73056411743164 172.4703722000122 238.7407684326172 172.4703722000122
238.0626983642578 160.70352172851562 254.72848892211914 160.70352172851562 254.72848892211914 174.03618049621582 238.0626983642578 174.03618049621582
236.5586700439453 157.82818603515625 253.54657554626465 157.82818603515625 253.54657554626465 171.41853618621826 236.5586700439453 171.41853618621826
234.11343383789062 158.2034149169922 250.9339942932129 158.2034149169922 250.9339942932129 171.65988731384277 234.11343383789062 171.65988731384277
232.76708984375 156.0637969970703 249.92717361450195 156.0637969970703 249.92717361450195 169.7918882369995 232.76708984375 169.7918882369995
233.3082733154297 156.2171630859375 249.9141330718994 156.2171630859375 249.9141330718994 170.05525016784668 233.3082733154297 170.05525016784668
232.4565887451172 156.5438995361328 249.19744491577148 156.5438995361328 249.19744491577148 169.9366054534912 232.4565887451172 169.9366054534912
230.6319122314453 154.52432250976562 247.42327880859375 154.52432250976562 247.42327880859375 167.9574375152588 230.6319122314453 167.9574375152588
229.33740234375 153.197509765625 246.38039779663086 153.197509765625 246.38039779663086 166.8319272994995 229.33740234375 166.8319272994995
229.45654296875 154.30577087402344 246.13307189941406 154.30577087402344 246.13307189941406 167.64701557159424 229.45654296875 167.64701557159424
228.6838836669922 156.44268798828125 245.33381271362305 156.44268798828125 245.33381271362305 169.76265239715576 228.6838836669922 169.76265239715576
228.78652954101562 156.0828399658203 245.1903953552246 156.0828399658203 245.1903953552246 169.20595264434814 228.78652954101562 169.20595264434814
228.236572265625 154.8046875 244.8994026184082 154.8046875 244.8994026184082 168.13497352600098 228.236572265625 168.13497352600098
228.40609741210938 155.87283325195312 244.9705467224121 155.87283325195312 244.9705467224121 169.12441444396973 228.40609741210938 169.12441444396973
229.3544158935547 155.56430053710938 245.73019790649414 155.56430053710938 245.73019790649414 168.66494941711426 229.3544158935547 168.66494941711426
230.3949432373047 155.8299560546875 246.78035926818848 155.8299560546875 246.78035926818848 168.93831157684326 230.3949432373047 168.93831157684326
230.5260467529297 156.1469268798828 246.6619987487793 156.1469268798828 246.6619987487793 169.0557098388672 230.5260467529297 169.0557098388672
229.71774291992188 156.11434936523438 245.73824310302734 156.11434936523438 245.73824310302734 168.9307689666748 229.71774291992188 168.9307689666748
230.3311767578125 156.06727600097656 246.10286235809326 156.06727600097656 246.10286235809326 168.68464374542236 230.3311767578125 168.68464374542236
227.6325225830078 154.7446746826172 242.9688777923584 154.7446746826172 242.9688777923584 167.01377868652344 227.6325225830078 167.01377868652344
226.65597534179688 148.1988525390625 242.2542543411255 148.1988525390625 242.2542543411255 160.6774959564209 226.65597534179688 160.6774959564209
222.2073974609375 142.5355224609375 237.9284152984619 142.5355224609375 237.9284152984619 155.11235809326172 222.2073974609375 155.11235809326172
225.9640655517578 148.86532592773438 241.68728637695312 148.86532592773438 241.68728637695312 161.44392585754395 225.9640655517578 161.44392585754395
225.1688232421875 149.7201385498047 241.1894073486328 149.7201385498047 241.1894073486328 162.53662872314453 225.1688232421875 162.53662872314453
223.83236694335938 153.9827117919922 240.03384017944336 153.9827117919922 240.03384017944336 166.94391345977783 223.83236694335938 166.94391345977783
221.56948852539062 153.27261352539062 237.86183166503906 153.27261352539062 237.86183166503906 166.31550788879395 221.56948852539062 166.31550788879395
217.2964630126953 151.1928253173828 233.6869773864746 151.1928253173828 233.6869773864746 164.18975639343262 217.2964630126953 164.18975639343262
215.2747802734375 149.01902770996094 231.6336269378662 149.01902770996094 231.6336269378662 162.10612964630127 215.2747802734375 162.10612964630127
213.703369140625 149.52493286132812 229.89109420776367 149.52493286132812 229.89109420776367 162.2937879562378 213.703369140625 162.2937879562378
211.5731201171875 149.24325561523438 226.9775676727295 149.24325561523438 226.9775676727295 162.71637535095215 211.5731201171875 162.71637535095215
209.34957885742188 150.40489196777344 225.63829612731934 150.40489196777344 225.63829612731934 163.43589210510254 209.34957885742188 163.43589210510254
209.4228515625 149.8624267578125 225.64437103271484 149.8624267578125 225.64437103271484 162.8396701812744 209.4228515625 162.8396701812744
210.0748748779297 149.9299774169922 226.0458755493164 149.9299774169922 226.0458755493164 162.70680618286133 210.0748748779297 162.70680618286133
210.03848266601562 149.33316040039062 225.3027114868164 149.33316040039062 225.3027114868164 162.60858917236328 210.03848266601562 162.60858917236328
209.61083984375 149.5237274169922 225.6627540588379 149.5237274169922 225.6627540588379 162.36528778076172 209.61083984375 162.36528778076172
209.5831298828125 150.3994140625 225.60882186889648 150.3994140625 225.60882186889648 163.21999835968018 209.5831298828125 163.21999835968018
209.7649688720703 150.0854949951172 225.82507133483887 150.0854949951172 225.82507133483887 162.93360710144043 209.7649688720703 162.93360710144043
209.6947784423828 150.10699462890625 225.68875408172607 150.10699462890625 225.68875408172607 162.9022045135498 209.6947784423828 162.9022045135498
207.7096405029297 149.20814514160156 223.58987998962402 149.20814514160156 223.58987998962402 162.13550090789795 207.7096405029297 162.13550090789795
206.2195587158203 144.68775939941406 221.83898162841797 144.68775939941406 221.83898162841797 157.18332481384277 206.2195587158203 157.18332481384277
205.508544921875 143.73574829101562 221.3560609817505 143.73574829101562 221.3560609817505 156.4137897491455 205.508544921875 156.4137897491455
205.4825897216797 143.75442504882812 221.21498107910156 143.75442504882812 221.21498107910156 156.34036827087402 205.4825897216797 156.34036827087402
204.03636169433594 146.2618865966797 219.8229923248291 146.2618865966797 219.8229923248291 158.89122200012207 204.03636169433594 158.89122200012207
203.476806640625 148.61280822753906 218.97676372528076 148.61280822753906 218.97676372528076 161.05682849884033 203.476806640625 161.05682849884033
200.64329528808594 145.23814392089844 216.78235816955566 145.23814392089844 216.78235816955566 158.1494264602661 200.64329528808594 158.1494264602661
199.95736694335938 141.04193115234375 216.08022117614746 141.04193115234375 216.08022117614746 153.94024658203125 199.95736694335938 153.94024658203125
196.39242553710938 141.57589721679688 212.3359889984131 141.57589721679688 212.3359889984131 154.33077812194824 196.39242553710938 154.33077812194824
197.53713989257812 133.492919921875 213.81851196289062 133.492919921875 213.81851196289062 146.518048286438 197.53713989257812 146.518048286438
196.8318328857422 132.80142211914062 213.0598907470703 132.80142211914062 213.0598907470703 145.7839002609253 196.8318328857422 145.7839002609253
195.61717224121094 134.99652099609375 211.5797929763794 134.99652099609375 211.5797929763794 147.7666473388672 195.61717224121094 147.7666473388672
195.06297302246094 143.09872436523438 210.46203899383545 143.09872436523438 210.46203899383545 156.43269157409668 195.06297302246094 156.43269157409668
194.6339569091797 145.26522827148438 210.6238079071045 145.26522827148438 210.6238079071045 158.34033489227295 194.6339569091797 158.34033489227295
194.4736785888672 143.93148803710938 210.5515956878662 143.93148803710938 210.5515956878662 156.79384899139404 194.4736785888672 156.79384899139404
192.9901885986328 144.52540588378906 209.16510581970215 144.52540588378906 209.16510581970215 157.4653673171997 192.9901885986328 157.4653673171997
194.32337951660156 145.60140991210938 210.56810188293457 145.60140991210938 210.56810188293457 158.59721565246582 194.32337951660156 158.59721565246582
194.1457977294922 144.77659606933594 210.4104995727539 144.77659606933594 210.4104995727539 157.78838634490967 194.1457977294922 157.78838634490967
194.6416473388672 145.0373077392578 210.1376142501831 145.0373077392578 210.1376142501831 158.0857391357422 194.6416473388672 158.0857391357422
193.89024353027344 143.2353973388672 209.8717164993286 143.2353973388672 209.8717164993286 156.38339233398438 193.89024353027344 156.38339233398438
193.12469482421875 144.86741638183594 209.31346130371094 144.86741638183594 209.31346130371094 157.81846141815186 193.12469482421875 157.81846141815186
193.18605041503906 142.4456787109375 209.11816883087158 142.4456787109375 209.11816883087158 155.19140434265137 193.18605041503906 155.19140434265137
192.7250518798828 144.80210876464844 208.79359436035156 144.80210876464844 208.79359436035156 157.65697288513184 192.7250518798828 157.65697288513184
191.52169799804688 141.25344848632812 207.67034912109375 141.25344848632812 207.67034912109375 154.17239952087402 191.52169799804688 154.17239952087402
191.943359375 140.92947387695312 208.2232494354248 140.92947387695312 208.2232494354248 153.95341682434082 191.943359375 153.95341682434082
191.1542510986328 140.94430541992188 207.5904712677002 140.94430541992188 207.5904712677002 154.09331226348877 191.1542510986328 154.09331226348877
190.18836975097656 139.76266479492188 206.5503273010254 139.76266479492188 206.5503273010254 152.85226249694824 190.18836975097656 152.85226249694824
189.28724670410156 139.51657104492188 206.20750999450684 139.51657104492188 206.20750999450684 152.26151275634766 189.28724670410156 152.26151275634766
189.2349090576172 140.5839385986328 205.69474411010742 140.5839385986328 205.69474411010742 153.7518367767334 189.2349090576172 153.7518367767334
188.4756317138672 141.20411682128906 204.82390785217285 141.20411682128906 204.82390785217285 154.01855182647705 188.4756317138672 154.01855182647705
188.6736297607422 139.8407440185547 204.74798774719238 139.8407440185547 204.74798774719238 152.9598331451416 188.6736297607422 152.9598331451416
188.39126586914062 140.8518524169922 203.84688091278076 140.8518524169922 203.84688091278076 153.62179374694824 188.39126586914062 153.62179374694824
187.9543914794922 140.0601043701172 204.16641998291016 140.0601043701172 204.16641998291016 153.3571138381958 187.9543914794922 153.3571138381958
187.7741241455078 139.46841430664062 204.47684860229492 139.46841430664062 204.47684860229492 152.83062267303467 187.7741241455078 152.83062267303467
187.47854614257812 139.89962768554688 203.66772079467773 139.89962768554688 203.66772079467773 153.3599500656128 187.47854614257812 153.3599500656128
188.4253387451172 140.1719207763672 204.67262077331543 140.1719207763672 204.67262077331543 153.39655017852783 188.4253387451172 153.39655017852783
188.39028930664062 140.48193359375 203.45578956604004 140.48193359375 203.45578956604004 154.011456489563 188.39028930664062 154.011456489563
188.19900512695312 140.14474487304688 203.29473400115967 140.14474487304688 203.29473400115967 153.53348064422607 188.19900512695312 153.53348064422607
187.23391723632812 139.2140655517578 203.86326599121094 139.2140655517578 203.86326599121094 152.51757335662842 187.23391723632812 152.51757335662842
187.48570251464844 139.23779296875 204.01469612121582 139.23779296875 204.01469612121582 152.46101665496826 187.48570251464844 152.46101665496826
187.02752685546875 139.85482788085938 203.3665885925293 139.85482788085938 203.3665885925293 153.2196912765503 187.02752685546875 153.2196912765503
185.92636108398438 136.9430389404297 202.72307205200195 136.9430389404297 202.72307205200195 150.38043689727783 185.92636108398438 150.38043689727783
186.20013427734375 138.13067626953125 202.6913833618164 138.13067626953125 202.6913833618164 151.600848197937 186.20013427734375 151.600848197937
185.31442260742188 137.6898651123047 201.87422370910645 137.6898651123047 201.87422370910645 150.93773460388184 185.31442260742188 150.93773460388184
186.22958374023438 138.13478088378906 202.22729778289795 138.13478088378906 202.22729778289795 152.1441593170166 186.22958374023438 152.1441593170166
184.90750122070312 136.27706909179688 202.01091766357422 136.27706909179688 202.01091766357422 149.95983123779297 184.90750122070312 149.95983123779297
183.5167999267578 138.07546997070312 200.71606636047363 138.07546997070312 200.71606636047363 151.83491230010986 183.5167999267578 151.83491230010986
183.6038818359375 137.71713256835938 199.89022064208984 137.71713256835938 199.89022064208984 151.7913646697998 183.6038818359375 151.7913646697998
179.42919921875 139.62913513183594 196.69680786132812 139.62913513183594 196.69680786132812 153.20474815368652 179.42919921875 153.20474815368652
178.99671936035156 138.2307586669922 196.331880569458 138.2307586669922 196.331880569458 152.56643676757812 178.99671936035156 152.56643676757812
177.89620971679688 137.37936401367188 194.98521041870117 137.37936401367188 194.98521041870117 150.5061159133911 177.89620971679688 150.5061159133911
177.0896759033203 136.14633178710938 195.25333786010742 136.14633178710938 195.25333786010742 150.67729377746582 177.0896759033203 150.67729377746582
177.5416717529297 136.61257934570312 195.03427505493164 136.61257934570312 195.03427505493164 151.471923828125 177.5416717529297 151.471923828125
177.22813415527344 137.88795471191406 194.47870635986328 137.88795471191406 194.47870635986328 152.41405200958252 177.22813415527344 152.41405200958252
177.33444213867188 137.31114196777344 195.22113037109375 137.31114196777344 195.22113037109375 151.6205234527588 177.33444213867188 151.6205234527588
177.28695678710938 137.13656616210938 195.25571632385254 137.13656616210938 195.25571632385254 151.51160621643066 177.28695678710938 151.51160621643066
176.59243774414062 136.83670043945312 194.5749855041504 136.83670043945312 194.5749855041504 151.2227725982666 176.59243774414062 151.2227725982666
177.39694213867188 136.36520385742188 194.36426544189453 136.36520385742188 194.36426544189453 151.1990785598755 177.39694213867188 151.1990785598755
177.57347106933594 137.0020294189453 194.8317356109619 137.0020294189453 194.8317356109619 150.92115211486816 177.57347106933594 150.92115211486816
177.23521423339844 137.40298461914062 194.82888984680176 137.40298461914062 194.82888984680176 151.47796058654785 177.23521423339844 151.47796058654785
177.6533966064453 137.49655151367188 194.6527156829834 137.49655151367188 194.6527156829834 152.06423377990723 177.6533966064453 152.06423377990723
177.48501586914062 137.70062255859375 195.18502616882324 137.70062255859375 195.18502616882324 151.86066722869873 177.48501586914062 151.86066722869873
177.10763549804688 136.7253875732422 194.94706344604492 136.7253875732422 194.94706344604492 151.23837852478027 177.10763549804688 151.23837852478027
177.04615783691406 137.1370849609375 195.0031852722168 137.1370849609375 195.0031852722168 151.5027437210083 177.04615783691406 151.5027437210083
176.8889923095703 136.62147521972656 194.25348091125488 136.62147521972656 194.25348091125488 151.22266960144043 176.8889923095703 151.22266960144043
177.24435424804688 138.04925537109375 194.29896545410156 138.04925537109375 194.29896545410156 152.03036975860596 177.24435424804688 152.03036975860596
176.69688415527344 137.95025634765625 193.76458930969238 137.95025634765625 193.76458930969238 152.25574684143066 176.69688415527344 152.25574684143066
176.77664184570312 137.8827362060547 194.3057918548584 137.8827362060547 194.3057918548584 151.9060926437378 176.77664184570312 151.9060926437378
176.296630859375 137.7785186767578 193.49548721313477 137.7785186767578 193.49548721313477 151.53764057159424 176.296630859375 151.53764057159424
177.40280151367188 137.0518798828125 194.65024948120117 137.0518798828125 194.65024948120117 151.19048309326172 177.40280151367188 151.19048309326172
177.074951171875 137.92947387695312 194.04522132873535 137.92947387695312 194.04522132873535 151.45609283447266 177.074951171875 151.45609283447266
177.95050048828125 137.49862670898438 194.05887985229492 137.49862670898438 194.05887985229492 151.40639686584473 177.95050048828125 151.40639686584473
177.95498657226562 138.56442260742188 194.38083267211914 138.56442260742188 194.38083267211914 152.05849266052246 177.95498657226562 152.05849266052246
177.82498168945312 138.12228393554688 194.62461471557617 138.12228393554688 194.62461471557617 151.56202507019043 177.82498168945312 151.56202507019043
177.94046020507812 136.96473693847656 194.7707862854004 136.96473693847656 194.7707862854004 150.7873182296753 177.94046020507812 150.7873182296753
177.6983642578125 137.22299194335938 194.93810653686523 137.22299194335938 194.93810653686523 151.0148220062256 177.6983642578125 151.0148220062256
177.65158081054688 137.30679321289062 195.10797500610352 137.30679321289062 195.10797500610352 151.27194499969482 177.65158081054688 151.27194499969482
177.6468963623047 137.32591247558594 194.4781150817871 137.32591247558594 194.4781150817871 151.17041301727295 177.6468963623047 151.17041301727295
177.47073364257812 137.29489135742188 194.80784606933594 137.29489135742188 194.80784606933594 151.16461658477783 177.47073364257812 151.16461658477783
177.89663696289062 138.1764678955078 194.86895561218262 138.1764678955078 194.86895561218262 151.96143054962158 177.89663696289062 151.96143054962158
177.69729614257812 137.0719451904297 195.09590339660645 137.0719451904297 195.09590339660645 150.99086570739746 177.69729614257812 150.99086570739746
177.29489135742188 137.22926330566406 194.44757652282715 137.22926330566406 194.44757652282715 150.9514446258545 177.29489135742188 150.9514446258545
177.73855590820312 136.98983764648438 194.74170875549316 136.98983764648438 194.74170875549316 150.59239196777344 177.73855590820312 150.59239196777344
177.2060089111328 136.82363891601562 194.11468505859375 136.82363891601562 194.11468505859375 150.35061073303223 177.2060089111328 150.35061073303223
177.3072052001953 138.4896240234375 194.21794509887695 138.4896240234375 194.21794509887695 152.01824760437012 177.3072052001953 152.01824760437012
177.6330108642578 136.89297485351562 194.75252532958984 136.89297485351562 194.75252532958984 150.58861827850342 177.6330108642578 150.58861827850342
177.8815460205078 137.078369140625 194.751953125 137.078369140625 194.751953125 151.01581573486328 177.8815460205078 151.01581573486328
177.2458038330078 137.1833038330078 194.3607292175293 137.1833038330078 194.3607292175293 151.10418701171875 177.2458038330078 151.10418701171875
177.15328979492188 136.79563903808594 194.54142379760742 136.79563903808594 194.54142379760742 150.70617866516113 177.15328979492188 150.70617866516113
177.6416473388672 137.533203125 195.0661563873291 137.533203125 195.0661563873291 151.4728422164917 177.6416473388672 151.4728422164917
177.29934692382812 137.37417602539062 194.55120468139648 137.37417602539062 194.55120468139648 151.17569255828857 177.29934692382812 151.17569255828857
178.83541870117188 137.1563720703125 194.58880615234375 137.1563720703125 194.58880615234375 151.33118438720703 178.83541870117188 151.33118438720703
177.93588256835938 137.379638671875 194.9667453765869 137.379638671875 194.9667453765869 151.0043592453003 177.93588256835938 151.0043592453003
178.2487030029297 137.7081756591797 193.7540054321289 137.7081756591797 193.7540054321289 151.89504051208496 178.2487030029297 151.89504051208496
177.87588500976562 137.6449432373047 194.55681991577148 137.6449432373047 194.55681991577148 150.9897232055664 177.87588500976562 150.9897232055664
178.54425048828125 137.1066436767578 195.34061241149902 137.1066436767578 195.34061241149902 150.5437650680542 178.54425048828125 150.5437650680542
178.27796936035156 137.59915161132812 195.14301109313965 137.59915161132812 195.14301109313965 151.09121704101562 178.27796936035156 151.09121704101562
178.9325714111328 137.5553436279297 194.14449310302734 137.5553436279297 194.14449310302734 151.5098819732666 178.9325714111328 151.5098819732666
178.4395294189453 137.49197387695312 195.23313903808594 137.49197387695312 195.23313903808594 150.92689323425293 178.4395294189453 150.92689323425293
177.83766174316406 136.74618530273438 194.48299026489258 136.74618530273438 194.48299026489258 150.47489166259766 177.83766174316406 150.47489166259766
178.467529296875 137.42739868164062 193.94623374938965 137.42739868164062 193.94623374938965 151.38220691680908 178.467529296875 151.38220691680908
178.2135467529297 137.1099395751953 194.96046829223633 137.1099395751953 194.96046829223633 150.50750923156738 178.2135467529297 150.50750923156738
178.71029663085938 136.95050048828125 194.14061546325684 136.95050048828125 194.14061546325684 150.58631896972656 178.71029663085938 150.58631896972656
177.42103576660156 137.98886108398438 193.63871955871582 137.98886108398438 193.63871955871582 150.96304035186768 177.42103576660156 150.96304035186768
176.89532470703125 136.42086791992188 193.20065116882324 136.42086791992188 193.20065116882324 149.1210479736328 176.89532470703125 149.1210479736328
176.28114318847656 135.80923461914062 192.41978454589844 135.80923461914062 192.41978454589844 148.72017669677734 176.28114318847656 148.72017669677734
174.12454223632812 137.09463500976562 191.5800018310547 137.09463500976562 191.5800018310547 148.59575843811035 174.12454223632812 148.59575843811035
174.2896728515625 136.666748046875 190.55241012573242 136.666748046875 190.55241012573242 147.55912590026855 174.2896728515625 147.55912590026855
172.1123046875 136.66012573242188 188.9092674255371 136.66012573242188 188.9092674255371 148.43620491027832 172.1123046875 148.43620491027832
171.0200958251953 135.03024291992188 187.06698608398438 135.03024291992188 187.06698608398438 147.86778259277344 171.0200958251953 147.86778259277344
169.2587890625 135.79290771484375 186.63852500915527 135.79290771484375 186.63852500915527 147.38955116271973 169.2587890625 147.38955116271973
167.02481079101562 135.240966796875 183.69761276245117 135.240966796875 183.69761276245117 147.9382905960083 167.02481079101562 147.9382905960083
166.40573120117188 133.40658569335938 183.37465286254883 133.40658569335938 183.37465286254883 146.07489013671875 166.40573120117188 146.07489013671875
164.51210021972656 132.76058959960938 181.64629745483398 132.76058959960938 181.64629745483398 145.37596702575684 164.51210021972656 145.37596702575684
162.2074432373047 132.58468627929688 179.21499061584473 132.58468627929688 179.21499061584473 146.19075298309326 162.2074432373047 146.19075298309326
160.047607421875 132.8990936279297 177.29027938842773 132.8990936279297 177.29027938842773 146.6932601928711 160.047607421875 146.6932601928711
160.91802978515625 133.21644592285156 178.10994911193848 133.21644592285156 178.10994911193848 146.97000885009766 160.91802978515625 146.97000885009766
160.7037811279297 133.74984741210938 177.7551212310791 133.74984741210938 177.7551212310791 147.39094734191895 160.7037811279297 147.39094734191895
160.462646484375 133.26223754882812 177.37126922607422 133.26223754882812 177.37126922607422 146.78916358947754 160.462646484375 146.78916358947754
159.66822814941406 134.60977172851562 177.3973045349121 134.60977172851562 177.3973045349121 147.3298749923706 159.66822814941406 147.3298749923706
159.86526489257812 133.38113403320312 176.86786460876465 133.38113403320312 176.86786460876465 146.9832410812378 159.86526489257812 146.9832410812378
160.27340698242188 134.38150024414062 177.43813705444336 134.38150024414062 177.43813705444336 147.55752086639404 160.27340698242188 147.55752086639404
159.28775024414062 134.03221130371094 176.4514865875244 134.03221130371094 176.4514865875244 147.8506565093994 159.28775024414062 147.8506565093994
159.40919494628906 134.64614868164062 176.85105323791504 134.64614868164062 176.85105323791504 147.87161445617676 159.40919494628906 147.87161445617676
158.80718994140625 133.75148010253906 176.27333450317383 133.75148010253906 176.27333450317383 147.7244234085083 158.80718994140625 147.7244234085083
158.15625 135.0664825439453 176.23425102233887 135.0664825439453 176.23425102233887 147.98787117004395 158.15625 147.98787117004395
155.60023498535156 133.9384765625 173.35740661621094 133.9384765625 173.35740661621094 148.14423942565918 155.60023498535156 148.14423942565918
155.4776611328125 134.7933349609375 173.17154693603516 134.7933349609375 173.17154693603516 147.9394702911377 155.4776611328125 147.9394702911377
151.49868774414062 134.29327392578125 168.93353652954102 134.29327392578125 168.93353652954102 147.90273475646973 151.49868774414062 147.90273475646973
151.466552734375 134.5999298095703 168.86867904663086 134.5999298095703 168.86867904663086 148.13585376739502 151.466552734375 148.13585376739502
151.38690185546875 134.0680694580078 168.79053497314453 134.0680694580078 168.79053497314453 147.99100303649902 151.38690185546875 147.99100303649902
151.14962768554688 133.86172485351562 168.99099159240723 133.86172485351562 168.99099159240723 147.47964000701904 151.14962768554688 147.47964000701904
150.73977661132812 134.37588500976562 168.62108993530273 134.37588500976562 168.62108993530273 147.83834552764893 150.73977661132812 147.83834552764893
151.94821166992188 135.42662048339844 169.76413917541504 135.42662048339844 169.76413917541504 147.4425449371338 151.94821166992188 147.4425449371338
149.54457092285156 135.36880493164062 167.22118377685547 135.36880493164062 167.22118377685547 147.88073539733887 149.54457092285156 147.88073539733887
147.5926055908203 134.31704711914062 163.11426258087158 134.31704711914062 163.11426258087158 147.68134117126465 147.5926055908203 147.68134117126465
146.4646453857422 135.49659729003906 162.97884368896484 135.49659729003906 162.97884368896484 148.62165069580078 146.4646453857422 148.62165069580078
144.2931365966797 132.70144653320312 162.06385231018066 132.70144653320312 162.06385231018066 146.91804790496826 144.2931365966797 146.91804790496826
148.21652221679688 134.00506591796875 165.5168571472168 134.00506591796875 165.5168571472168 146.6674575805664 148.21652221679688 146.6674575805664
147.81741333007812 134.41061401367188 164.5350456237793 134.41061401367188 164.5350456237793 147.83884716033936 147.81741333007812 147.83884716033936
146.48934936523438 135.57467651367188 163.64658164978027 135.57467651367188 163.64658164978027 148.3450059890747 146.48934936523438 148.3450059890747
146.45748901367188 134.43646240234375 164.41571044921875 134.43646240234375 164.41571044921875 148.56532096862793 146.45748901367188 148.56532096862793
146.29519653320312 134.5719451904297 163.4610252380371 134.5719451904297 163.4610252380371 148.0547285079956 146.29519653320312 148.0547285079956
144.83181762695312 134.87283325195312 162.89006233215332 134.87283325195312 162.89006233215332 148.36041831970215 144.83181762695312 148.36041831970215
144.8724822998047 133.8545379638672 163.24456214904785 133.8545379638672 163.24456214904785 148.660795211792 144.8724822998047 148.660795211792
146.45225524902344 133.86660766601562 166.31850814819336 133.86660766601562 166.31850814819336 148.37450408935547 146.45225524902344 148.37450408935547
144.63955688476562 135.01541137695312 163.1192855834961 135.01541137695312 163.1192855834961 148.62650108337402 144.63955688476562 148.62650108337402
146.1018524169922 134.70452880859375 165.48013877868652 134.70452880859375 165.48013877868652 147.9718475341797 146.1018524169922 147.9718475341797
146.98074340820312 134.27938842773438 165.3308506011963 134.27938842773438 165.3308506011963 148.61431694030762 146.98074340820312 148.61431694030762
147.20950317382812 134.17750549316406 166.7287940979004 134.17750549316406 166.7287940979004 148.1638641357422 147.20950317382812 148.1638641357422
147.28689575195312 133.86883544921875 166.22348976135254 133.86883544921875 166.22348976135254 148.07993125915527 147.28689575195312 148.07993125915527
146.80612182617188 134.0386505126953 166.41198921203613 134.0386505126953 166.41198921203613 148.15911102294922 146.80612182617188 148.15911102294922
143.70016479492188 135.07156372070312 164.31744575500488 135.07156372070312 164.31744575500488 148.36525440216064 143.70016479492188 148.36525440216064
141.4351806640625 135.06344604492188 161.84055137634277 135.06344604492188 161.84055137634277 149.02705097198486 141.4351806640625 149.02705097198486
142.6960906982422 135.86782836914062 162.1328182220459 135.86782836914062 162.1328182220459 149.66741371154785 142.6960906982422 149.66741371154785
141.66030883789062 134.4313507080078 162.18263626098633 134.4313507080078 162.18263626098633 149.68185997009277 141.66030883789062 149.68185997009277
141.34893798828125 134.09329223632812 161.8868751525879 134.09329223632812 161.8868751525879 149.79325675964355 141.34893798828125 149.79325675964355
140.89645385742188 134.86009216308594 162.10587120056152 134.86009216308594 162.10587120056152 148.9981050491333 140.89645385742188 148.9981050491333
141.26553344726562 134.340576171875 162.5361213684082 134.340576171875 162.5361213684082 148.647855758667 141.26553344726562 148.647855758667
141.2630615234375 134.7108917236328 160.8910675048828 134.7108917236328 160.8910675048828 150.413330078125 141.2630615234375 150.413330078125
141.61459350585938 134.8036651611328 161.19742393493652 134.8036651611328 161.19742393493652 150.46996307373047 141.61459350585938 150.46996307373047
141.28439331054688 134.34751892089844 160.69833946228027 134.34751892089844 160.69833946228027 149.87870979309082 141.28439331054688 149.87870979309082
141.39060974121094 134.60195922851562 160.83177185058594 134.60195922851562 160.83177185058594 150.15492248535156 141.39060974121094 150.15492248535156
141.54580688476562 133.96908569335938 161.4035129547119 133.96908569335938 161.4035129547119 149.30831909179688 141.54580688476562 149.30831909179688
141.68577575683594 134.1612091064453 161.82800674438477 134.1612091064453 161.82800674438477 149.1304292678833 141.68577575683594 149.1304292678833
141.45370483398438 134.8361358642578 160.8961296081543 134.8361358642578 160.8961296081543 150.39010906219482 141.45370483398438 150.39010906219482
141.83529663085938 135.0072021484375 162.39026069641113 135.0072021484375 162.39026069641113 148.97805500030518 141.83529663085938 148.97805500030518
141.30038452148438 134.4701385498047 160.4809455871582 134.4701385498047 160.4809455871582 149.81461906433105 141.30038452148438 149.81461906433105
142.22409057617188 134.16983032226562 161.52907943725586 134.16983032226562 161.52907943725586 148.89548206329346 142.22409057617188 148.89548206329346
141.6571807861328 134.10324096679688 160.57610321044922 134.10324096679688 160.57610321044922 149.2384090423584 141.6571807861328 149.2384090423584
141.66217041015625 134.6092987060547 161.03075981140137 134.6092987060547 161.03075981140137 148.95298290252686 141.66217041015625 148.95298290252686
141.69918823242188 134.4727325439453 160.7783432006836 134.4727325439453 160.7783432006836 149.73608684539795 141.69918823242188 149.73608684539795
140.70794677734375 135.35675048828125 160.38637733459473 135.35675048828125 160.38637733459473 150.58804893493652 140.70794677734375 150.58804893493652
140.73793029785156 135.34591674804688 161.03661155700684 135.34591674804688 161.03661155700684 149.2510814666748 140.73793029785156 149.2510814666748
140.8882598876953 135.42129516601562 160.7463035583496 135.42129516601562 160.7463035583496 149.03644561767578 140.8882598876953 149.03644561767578
140.97198486328125 134.72341918945312 159.652925491333 134.72341918945312 159.652925491333 149.40481853485107 140.97198486328125 149.40481853485107
141.25120544433594 134.12313842773438 159.97875595092773 134.12313842773438 159.97875595092773 148.72240734100342 141.25120544433594 148.72240734100342
141.30690002441406 134.82717895507812 159.78392219543457 134.82717895507812 159.78392219543457 149.1973819732666 141.30690002441406 149.1973819732666
141.4415283203125 135.40936279296875 159.40936660766602 135.40936279296875 159.40936660766602 149.32916069030762 141.4415283203125 149.32916069030762
141.57025146484375 135.21632385253906 159.33699226379395 135.21632385253906 159.33699226379395 149.098783493042 141.57025146484375 149.098783493042
141.0990447998047 134.7269287109375 159.8001651763916 134.7269287109375 159.8001651763916 149.09848499298096 141.0990447998047 149.09848499298096
140.8958282470703 134.54519653320312 159.18711471557617 134.54519653320312 159.18711471557617 148.53586101531982 140.8958282470703 148.53586101531982
140.3751220703125 134.37771606445312 159.17325973510742 134.37771606445312 159.17325973510742 148.29616355895996 140.3751220703125 148.29616355895996
140.31954956054688 134.25711059570312 158.7839012145996 134.25711059570312 158.7839012145996 149.02861976623535 140.31954956054688 149.02861976623535
140.8267059326172 134.79525756835938 159.07207107543945 134.79525756835938 159.07207107543945 149.2738800048828 140.8267059326172 149.2738800048828
140.47750854492188 134.97451782226562 158.93366622924805 134.97451782226562 158.93366622924805 149.26797485351562 140.47750854492188 149.26797485351562
139.62411499023438 135.15419006347656 158.70297813415527 135.15419006347656 158.70297813415527 149.2006778717041 139.62411499023438 149.2006778717041
140.1929931640625 134.6651611328125 157.8339786529541 134.6651611328125 157.8339786529541 148.84609699249268 140.1929931640625 148.84609699249268
140.40341186523438 134.8730010986328 157.79569244384766 134.8730010986328 157.79569244384766 149.20713329315186 140.40341186523438 149.20713329315186
140.51876831054688 134.63583374023438 157.66874313354492 134.63583374023438 157.66874313354492 149.17344665527344 140.51876831054688 149.17344665527344
140.2200164794922 134.8733673095703 158.32793617248535 134.8733673095703 158.32793617248535 149.59516620635986 140.2200164794922 149.59516620635986
140.0251007080078 135.82736206054688 157.22307968139648 135.82736206054688 157.22307968139648 149.07177448272705 140.0251007080078 149.07177448272705
140.38418579101562 135.04833984375 158.89106941223145 135.04833984375 158.89106941223145 149.3734006881714 140.38418579101562 149.3734006881714
139.71914672851562 134.8917999267578 158.20126724243164 134.8917999267578 158.20126724243164 149.55633354187012 139.71914672851562 149.55633354187012
140.4408721923828 134.86837768554688 159.15895462036133 134.86837768554688 159.15895462036133 149.1856689453125 140.4408721923828 149.1856689453125
140.22103881835938 135.23031616210938 158.01751518249512 135.23031616210938 158.01751518249512 149.50567817687988 140.22103881835938 149.50567817687988
139.6697540283203 135.2316131591797 158.79963302612305 135.2316131591797 158.79963302612305 149.56862831115723 139.6697540283203 149.56862831115723
141.48129272460938 135.02565002441406 159.98176193237305 135.02565002441406 159.98176193237305 150.274188041687 141.48129272460938 150.274188041687
140.20880126953125 134.4539031982422 159.74928092956543 134.4539031982422 159.74928092956543 149.39822101593018 140.20880126953125 149.39822101593018
139.64529418945312 134.68710327148438 158.99692726135254 134.68710327148438 158.99692726135254 149.50360107421875 139.64529418945312 149.50360107421875
139.62576293945312 134.13999938964844 158.91530418395996 134.13999938964844 158.91530418395996 148.9757890701294 139.62576293945312 148.9757890701294
139.8283233642578 134.89529418945312 159.45916366577148 134.89529418945312 159.45916366577148 149.4896411895752 139.8283233642578 149.4896411895752
139.43435668945312 134.9307403564453 158.4416961669922 134.9307403564453 158.4416961669922 150.13663482666016 139.43435668945312 150.13663482666016
139.4036407470703 135.63833618164062 158.395263671875 135.63833618164062 158.395263671875 150.48478889465332 139.4036407470703 150.48478889465332
140.70762634277344 135.52072143554688 159.44194412231445 135.52072143554688 159.44194412231445 149.66577434539795 140.70762634277344 149.66577434539795
140.22531127929688 134.75082397460938 158.84264945983887 134.75082397460938 158.84264945983887 149.06829071044922 140.22531127929688 149.06829071044922
140.92347717285156 135.19049072265625 158.8421630859375 135.19049072265625 158.8421630859375 149.34966468811035 140.92347717285156 149.34966468811035
140.6845703125 135.14987182617188 158.6660861968994 135.14987182617188 158.6660861968994 149.73748207092285 140.6845703125 149.73748207092285
139.90902709960938 135.73507690429688 159.27238845825195 135.73507690429688 159.27238845825195 149.76808166503906 139.90902709960938 149.76808166503906
140.1992950439453 135.5338134765625 158.70703506469727 135.5338134765625 158.70703506469727 149.59553813934326 140.1992950439453 149.59553813934326
139.92901611328125 135.2383270263672 158.94504165649414 135.2383270263672 158.94504165649414 149.6113691329956 139.92901611328125 149.6113691329956
139.76895141601562 134.94869995117188 158.8880500793457 134.94869995117188 158.8880500793457 149.92123413085938 139.76895141601562 149.92123413085938
139.2047882080078 135.65647888183594 157.85932540893555 135.65647888183594 157.85932540893555 149.45819854736328 139.2047882080078 149.45819854736328
140.1085662841797 135.06161499023438 157.64885902404785 135.06161499023438 157.64885902404785 149.3920316696167 140.1085662841797 149.3920316696167
139.5589599609375 135.15911865234375 158.1661319732666 135.15911865234375 158.1661319732666 150.21727466583252 139.5589599609375 150.21727466583252
140.1651153564453 135.2572479248047 158.1323356628418 135.2572479248047 158.1323356628418 150.3617706298828 140.1651153564453 150.3617706298828
139.14259338378906 136.46249389648438 158.00117111206055 136.46249389648438 158.00117111206055 150.7095546722412 139.14259338378906 150.7095546722412
139.44631958007812 135.62857055664062 158.46165084838867 135.62857055664062 158.46165084838867 150.4127550125122 139.44631958007812 150.4127550125122
139.42269897460938 135.98294067382812 157.76054000854492 135.98294067382812 157.76054000854492 150.2381076812744 139.42269897460938 150.2381076812744
137.6565704345703 136.36563110351562 157.39124870300293 136.36563110351562 157.39124870300293 150.85104084014893 137.6565704345703 150.85104084014893
138.65408325195312 135.90567016601562 158.12940788269043 135.90567016601562 158.12940788269043 150.91775703430176 138.65408325195312 150.91775703430176
138.94155883789062 135.95889282226562 158.15456771850586 135.95889282226562 158.15456771850586 151.3293170928955 138.94155883789062 151.3293170928955
138.04818725585938 137.45289611816406 157.75603675842285 137.45289611816406 157.75603675842285 151.25753784179688 138.04818725585938 151.25753784179688
138.63916015625 136.88430786132812 158.69862747192383 136.88430786132812 158.69862747192383 150.93434619903564 138.63916015625 150.93434619903564
138.19061279296875 136.35354614257812 158.26803398132324 136.35354614257812 158.26803398132324 150.68179893493652 138.19061279296875 150.68179893493652
139.5134735107422 136.49423217773438 158.8964385986328 136.49423217773438 158.8964385986328 150.88103675842285 139.5134735107422 150.88103675842285
138.2510223388672 136.5696563720703 158.40493392944336 136.5696563720703 158.40493392944336 150.23217010498047 138.2510223388672 150.23217010498047
138.6656494140625 137.22122192382812 158.66830825805664 137.22122192382812 158.66830825805664 150.48896503448486 138.6656494140625 150.48896503448486
138.6765594482422 136.50509643554688 158.834566116333 136.50509643554688 158.834566116333 150.7748317718506 138.6765594482422 150.7748317718506
139.53836059570312 137.29815673828125 159.5103359222412 137.29815673828125 159.5103359222412 150.94669342041016 139.53836059570312 150.94669342041016
139.41781616210938 137.3516082763672 160.29273986816406 137.3516082763672 160.29273986816406 151.1534299850464 139.41781616210938 151.1534299850464
139.88575744628906 136.37582397460938 159.99685287475586 136.37582397460938 159.99685287475586 150.89422607421875 139.88575744628906 150.89422607421875
140.2782440185547 136.53598022460938 161.6885051727295 136.53598022460938 161.6885051727295 149.80792045593262 140.2782440185547 149.80792045593262
140.57955932617188 136.01968383789062 160.91830253601074 136.01968383789062 160.91830253601074 149.71371173858643 140.57955932617188 149.71371173858643
141.90057373046875 135.32456970214844 160.7742919921875 135.32456970214844 160.7742919921875 149.02457904815674 141.90057373046875 149.02457904815674
141.6584014892578 136.1387481689453 161.1395778656006 136.1387481689453 161.1395778656006 149.4415464401245 141.6584014892578 149.4415464401245
142.75103759765625 136.63784790039062 161.35145568847656 136.63784790039062 161.35145568847656 149.9809446334839 142.75103759765625 149.9809446334839
143.49179077148438 135.90109252929688 161.22140502929688 135.90109252929688 161.22140502929688 149.37427043914795 143.49179077148438 149.37427043914795
143.30648803710938 136.44224548339844 160.72941207885742 136.44224548339844 160.72941207885742 150.24053192138672 143.30648803710938 150.24053192138672
142.87001037597656 136.14401245117188 162.17744255065918 136.14401245117188 162.17744255065918 150.14296436309814 142.87001037597656 150.14296436309814
143.7572784423828 136.3377227783203 161.7487277984619 136.3377227783203 161.7487277984619 149.56648063659668 143.7572784423828 149.56648063659668
143.1482696533203 135.0856475830078 161.9464454650879 135.0856475830078 161.9464454650879 149.61777687072754 143.1482696533203 149.61777687072754
143.54148864746094 135.75540161132812 161.63883781433105 135.75540161132812 161.63883781433105 149.12013244628906 143.54148864746094 149.12013244628906
142.89828491210938 135.15719604492188 161.60629081726074 135.15719604492188 161.60629081726074 149.6544132232666 142.89828491210938 149.6544132232666
143.96188354492188 136.82913208007812 162.05139541625977 136.82913208007812 162.05139541625977 149.71576976776123 143.96188354492188 149.71576976776123
143.71702575683594 136.232666015625 162.812255859375 136.232666015625 162.812255859375 149.9831027984619 143.71702575683594 149.9831027984619
143.04806518554688 136.0369415283203 162.18472290039062 136.0369415283203 162.18472290039062 150.0793914794922 143.04806518554688 150.0793914794922
143.71836853027344 135.78585815429688 162.7238883972168 135.78585815429688 162.7238883972168 149.602520942688 143.71836853027344 149.602520942688
143.5634002685547 135.79302978515625 162.44409561157227 135.79302978515625 162.44409561157227 149.53754138946533 143.5634002685547 149.53754138946533
143.5911102294922 135.63308715820312 162.90197944641113 135.63308715820312 162.90197944641113 150.1301498413086 143.5911102294922 150.1301498413086
144.2316131591797 136.2064666748047 163.77069664001465 136.2064666748047 163.77069664001465 149.86765575408936 144.2316131591797 149.86765575408936
143.9980926513672 135.85629272460938 162.90535163879395 135.85629272460938 162.90535163879395 149.98127555847168 143.9980926513672 149.98127555847168
143.55865478515625 135.9044952392578 163.52174758911133 135.9044952392578 163.52174758911133 149.7967071533203 143.55865478515625 149.7967071533203
143.69558715820312 136.58216857910156 162.1769676208496 136.58216857910156 162.1769676208496 150.4067964553833 143.69558715820312 150.4067964553833
143.51663208007812 135.74806213378906 162.48688888549805 135.74806213378906 162.48688888549805 149.8382387161255 143.51663208007812 149.8382387161255
144.30404663085938 136.03897094726562 162.0849609375 136.03897094726562 162.0849609375 149.97644519805908 144.30404663085938 149.97644519805908
143.57118225097656 136.1724090576172 162.21906661987305 136.1724090576172 162.21906661987305 150.4964199066162 143.57118225097656 150.4964199066162
144.4207305908203 136.71670532226562 162.83887672424316 136.71670532226562 162.83887672424316 150.677020072937 144.4207305908203 150.677020072937
145.06626892089844 136.83740234375 162.84727478027344 136.83740234375 162.84727478027344 149.72913074493408 145.06626892089844 149.72913074493408
144.415771484375 136.86166381835938 163.169527053833 136.86166381835938 163.169527053833 149.43041706085205 144.415771484375 149.43041706085205
142.96151733398438 136.03564453125 161.93001174926758 136.03564453125 161.93001174926758 149.03875923156738 142.96151733398438 149.03875923156738
144.84825134277344 136.06842041015625 163.04522705078125 136.06842041015625 163.04522705078125 149.8592529296875 144.84825134277344 149.8592529296875
144.3173065185547 136.81597900390625 162.7941551208496 136.81597900390625 162.7941551208496 149.9897060394287 144.3173065185547 149.9897060394287
143.99758911132812 136.0552520751953 162.81057357788086 136.0552520751953 162.81057357788086 150.37100791931152 143.99758911132812 150.37100791931152
144.47723388671875 136.41033935546875 163.4962921142578 136.41033935546875 163.4962921142578 150.30122661590576 144.47723388671875 150.30122661590576
144.1048126220703 137.70347595214844 162.2437629699707 137.70347595214844 162.2437629699707 149.70412635803223 144.1048126220703 149.70412635803223
143.75225830078125 136.24691772460938 161.59942245483398 136.24691772460938 161.59942245483398 149.30225086212158 143.75225830078125 149.30225086212158
144.07293701171875 136.7216339111328 161.9864616394043 136.7216339111328 161.9864616394043 149.44499111175537 144.07293701171875 149.44499111175537
143.5689239501953 135.634033203125 162.07475471496582 135.634033203125 162.07475471496582 149.9479398727417 143.5689239501953 149.9479398727417
144.80575561523438 137.02816772460938 162.31721115112305 137.02816772460938 162.31721115112305 150.29854106903076 144.80575561523438 150.29854106903076
144.05435180664062 137.61831665039062 162.7014865875244 137.61831665039062 162.7014865875244 150.5100498199463 144.05435180664062 150.5100498199463
144.55551147460938 137.57310485839844 163.34185218811035 137.57310485839844 163.34185218811035 150.35558891296387 144.55551147460938 150.35558891296387
144.3770294189453 135.9874267578125 162.12818145751953 135.9874267578125 162.12818145751953 148.42224311828613 144.3770294189453 148.42224311828613
143.9928741455078 135.6689910888672 162.2250633239746 135.6689910888672 162.2250633239746 149.14394569396973 143.9928741455078 149.14394569396973
144.0701904296875 136.40574645996094 163.28268241882324 136.40574645996094 163.28268241882324 149.43808269500732 144.0701904296875 149.43808269500732
144.26470947265625 136.60826110839844 162.2372646331787 136.60826110839844 162.2372646331787 150.59048652648926 144.26470947265625 150.59048652648926
144.29898071289062 137.1556854248047 162.4276065826416 137.1556854248047 162.4276065826416 150.84154987335205 144.29898071289062 150.84154987335205
144.77915954589844 137.4797821044922 163.29440879821777 137.4797821044922 163.29440879821777 150.34571838378906 144.77915954589844 150.34571838378906
144.4624786376953 135.84494018554688 163.83966064453125 135.84494018554688 163.83966064453125 149.38763427734375 144.4624786376953 149.38763427734375
144.6414031982422 136.13449096679688 162.85142135620117 136.13449096679688 162.85142135620117 149.2190761566162 144.6414031982422 149.2190761566162
145.02340698242188 136.5232391357422 162.67800903320312 136.5232391357422 162.67800903320312 148.79137420654297 145.02340698242188 148.79137420654297
145.61558532714844 136.81805419921875 163.0695571899414 136.81805419921875 163.0695571899414 149.78288078308105 145.61558532714844 149.78288078308105
144.77713012695312 136.96713256835938 162.8893928527832 136.96713256835938 162.8893928527832 150.36053276062012 144.77713012695312 150.36053276062012
145.37115478515625 137.2731170654297 162.8277473449707 137.2731170654297 162.8277473449707 149.75212287902832 145.37115478515625 149.75212287902832
143.97079467773438 136.06039428710938 162.77417945861816 136.06039428710938 162.77417945861816 149.04358863830566 143.97079467773438 149.04358863830566
143.6387176513672 135.7908477783203 162.86767959594727 135.7908477783203 162.86767959594727 149.62548065185547 143.6387176513672 149.62548065185547
143.66043090820312 136.26712036132812 162.31686401367188 136.26712036132812 162.31686401367188 149.21381950378418 143.66043090820312 149.21381950378418
144.3720703125 136.67027282714844 163.42142868041992 136.67027282714844 163.42142868041992 149.5716094970703 144.3720703125 149.5716094970703
144.69903564453125 136.44003295898438 163.11850357055664 136.44003295898438 163.11850357055664 149.59173107147217 144.69903564453125 149.59173107147217
144.5435791015625 135.90902709960938 162.6695098876953 135.90902709960938 162.6695098876953 149.8192844390869 144.5435791015625 149.8192844390869
144.1085205078125 136.6508026123047 162.95559120178223 136.6508026123047 162.95559120178223 149.104154586792 144.1085205078125 149.104154586792
145.16514587402344 136.28872680664062 162.6348056793213 136.28872680664062 162.6348056793213 149.12060737609863 145.16514587402344 149.12060737609863
143.4732666015625 135.4406280517578 162.9777374267578 135.4406280517578 162.9777374267578 149.3084077835083 143.4732666015625 149.3084077835083
144.67897033691406 136.58859252929688 162.96088981628418 136.58859252929688 162.96088981628418 149.6399745941162 144.67897033691406 149.6399745941162
144.2124481201172 136.21389770507812 162.36960983276367 136.21389770507812 162.36960983276367 149.27606010437012 144.2124481201172 149.27606010437012
144.8722381591797 136.3650665283203 162.90474128723145 136.3650665283203 162.90474128723145 149.68933296203613 144.8722381591797 149.68933296203613
144.969482421875 136.3390350341797 162.15200233459473 136.3390350341797 162.15200233459473 148.801287651062 144.969482421875 148.801287651062
144.8247833251953 135.9058837890625 162.7938632965088 135.9058837890625 162.7938632965088 148.86906719207764 144.8247833251953 148.86906719207764
144.71363830566406 136.0178680419922 162.36289978027344 136.0178680419922 162.36289978027344 148.92689514160156 144.71363830566406 148.92689514160156
144.36746215820312 136.33865356445312 162.0504493713379 136.33865356445312 162.0504493713379 148.98736000061035 144.36746215820312 148.98736000061035
144.78012084960938 136.91514587402344 162.24397468566895 136.91514587402344 162.24397468566895 149.99887657165527 144.78012084960938 149.99887657165527
144.82264709472656 136.9113311767578 162.62715530395508 136.9113311767578 162.62715530395508 150.27393341064453 144.82264709472656 150.27393341064453
145.36370849609375 136.13845825195312 162.13530158996582 136.13845825195312 162.13530158996582 148.49699115753174 145.36370849609375 148.49699115753174
144.6898193359375 136.1159210205078 161.94523239135742 136.1159210205078 161.94523239135742 148.78626823425293 144.6898193359375 148.78626823425293
145.8053436279297 135.9951171875 162.29744338989258 135.9951171875 162.29744338989258 148.4983730316162 145.8053436279297 148.4983730316162
146.01356506347656 135.3420867919922 162.62900733947754 135.3420867919922 162.62900733947754 149.0232391357422 146.01356506347656 149.0232391357422
145.66554260253906 136.4441375732422 162.41571807861328 136.4441375732422 162.41571807861328 149.63414001464844 145.66554260253906 149.63414001464844
145.95521545410156 135.68283081054688 162.73831939697266 135.68283081054688 162.73831939697266 149.42471313476562 145.95521545410156 149.42471313476562
146.07559204101562 135.74693298339844 162.7537841796875 135.74693298339844 162.7537841796875 149.19778442382812 146.07559204101562 149.19778442382812
146.0847930908203 135.67776489257812 162.35254287719727 135.67776489257812 162.35254287719727 148.27705764770508 146.0847930908203 148.27705764770508
146.2550506591797 136.10848999023438 163.0391788482666 136.10848999023438 163.0391788482666 148.4452714920044 146.2550506591797 148.4452714920044
146.982421875 135.63088989257812 163.2131290435791 135.63088989257812 163.2131290435791 148.48254871368408 146.982421875 148.48254871368408
147.21246337890625 136.24807739257812 163.82553100585938 136.24807739257812 163.82553100585938 149.58813190460205 147.21246337890625 149.58813190460205
146.88450622558594 136.5033416748047 163.84864616394043 136.5033416748047 163.84864616394043 149.88794708251953 146.88450622558594 149.88794708251953
146.99368286132812 136.5276641845703 163.1230525970459 136.5276641845703 163.1230525970459 149.31463432312012 146.99368286132812 149.31463432312012
146.53054809570312 135.93905639648438 163.21324729919434 135.93905639648438 163.21324729919434 149.02796459197998 146.53054809570312 149.02796459197998
145.66824340820312 136.79400634765625 162.6609764099121 136.79400634765625 162.6609764099121 148.9668254852295 145.66824340820312 148.9668254852295
145.90481567382812 135.74777221679688 163.33366012573242 135.74777221679688 163.33366012573242 148.60928630828857 145.90481567382812 148.60928630828857
146.53131103515625 136.6431884765625 163.41312789916992 136.6431884765625 163.41312789916992 149.8538761138916 146.53131103515625 149.8538761138916
146.35617065429688 136.71438598632812 163.45927619934082 136.71438598632812 163.45927619934082 149.5638074874878 146.35617065429688 149.5638074874878
145.30197143554688 136.0939178466797 163.06791305541992 136.0939178466797 163.06791305541992 149.91015815734863 145.30197143554688 149.91015815734863
145.83633422851562 135.85934448242188 162.79237747192383 135.85934448242188 162.79237747192383 148.76833057403564 145.83633422851562 148.76833057403564
145.68292236328125 135.24574279785156 163.39120292663574 135.24574279785156 163.39120292663574 148.68464946746826 145.68292236328125 148.68464946746826
145.61219787597656 136.4839630126953 162.8718605041504 136.4839630126953 162.8718605041504 149.25240230560303 145.61219787597656 149.25240230560303
146.94894409179688 136.30807495117188 163.93239974975586 136.30807495117188 163.93239974975586 149.65173816680908 146.94894409179688 149.65173816680908
146.8009796142578 135.8590087890625 163.40187454223633 135.8590087890625 163.40187454223633 149.45285606384277 146.8009796142578 149.45285606384277
144.97183227539062 136.5569305419922 163.08103942871094 136.5569305419922 163.08103942871094 149.62172985076904 144.97183227539062 149.62172985076904
146.3013153076172 136.13938903808594 162.84411239624023 136.13938903808594 162.84411239624023 148.48107624053955 146.3013153076172 148.48107624053955
145.7588653564453 135.59873962402344 162.82991981506348 135.59873962402344 162.82991981506348 147.9970760345459 145.7588653564453 147.9970760345459
145.28207397460938 136.76187133789062 162.2520694732666 136.76187133789062 162.2520694732666 149.36938667297363 145.28207397460938 149.36938667297363
145.2232666015625 135.8803253173828 162.62370681762695 135.8803253173828 162.62370681762695 149.66376304626465 145.2232666015625 149.66376304626465
145.50808715820312 135.99964904785156 163.0401668548584 135.99964904785156 163.0401668548584 149.34094524383545 145.50808715820312 149.34094524383545
145.82553100585938 135.72105407714844 162.28993606567383 135.72105407714844 162.28993606567383 148.96933937072754 145.82553100585938 148.96933937072754
145.76499938964844 135.48902893066406 162.41061782836914 135.48902893066406 162.41061782836914 148.78997325897217 145.76499938964844 148.78997325897217
145.4248504638672 136.2177734375 162.31282997131348 136.2177734375 162.31282997131348 148.7508420944214 145.4248504638672 148.7508420944214
146.34872436523438 135.4697723388672 164.18549156188965 135.4697723388672 164.18549156188965 148.58139991760254 146.34872436523438 148.58139991760254
146.8628387451172 135.80799865722656 163.20797538757324 135.80799865722656 163.20797538757324 149.40938091278076 146.8628387451172 149.40938091278076
145.37481689453125 135.45376586914062 162.71063804626465 135.45376586914062 162.71063804626465 149.24144172668457 145.37481689453125 149.24144172668457
145.96127319335938 136.1165008544922 163.150634765625 136.1165008544922 163.150634765625 149.48081016540527 145.96127319335938 149.48081016540527
146.04322814941406 135.20260620117188 162.68359565734863 135.20260620117188 162.68359565734863 148.61021900177002 146.04322814941406 148.61021900177002
146.0005340576172 135.06784057617188 163.2199878692627 135.06784057617188 163.2199878692627 148.68104362487793 146.0005340576172 148.68104362487793
145.22103881835938 136.30667114257812 162.74406814575195 136.30667114257812 162.74406814575195 148.87184238433838 145.22103881835938 148.87184238433838
145.8394012451172 136.93081665039062 163.19333457946777 136.93081665039062 163.19333457946777 150.28383445739746 145.8394012451172 150.28383445739746
145.0475616455078 135.767822265625 162.25782775878906 135.767822265625 162.25782775878906 149.9535093307495 145.0475616455078 149.9535093307495
145.0277557373047 135.26206970214844 162.90472984313965 135.26206970214844 162.90472984313965 148.25386333465576 145.0277557373047 148.25386333465576
144.84417724609375 135.09469604492188 162.15474319458008 135.09469604492188 162.15474319458008 149.33641529083252 144.84417724609375 149.33641529083252
146.23147583007812 136.5474090576172 162.7991943359375 136.5474090576172 162.7991943359375 148.23671913146973 146.23147583007812 148.23671913146973
147.08615112304688 135.91250610351562 163.45046043395996 135.91250610351562 163.45046043395996 149.58175086975098 147.08615112304688 149.58175086975098
146.88243103027344 136.70545959472656 163.27018356323242 136.70545959472656 163.27018356323242 150.14227294921875 146.88243103027344 150.14227294921875
146.02133178710938 136.53341674804688 163.27153396606445 136.53341674804688 163.27153396606445 149.4124240875244 146.02133178710938 149.4124240875244
146.23910522460938 135.891845703125 163.1864833831787 135.891845703125 163.1864833831787 148.78600883483887 146.23910522460938 148.78600883483887
146.04953002929688 135.50021362304688 162.92547225952148 135.50021362304688 162.92547225952148 148.55027198791504 146.04953002929688 148.55027198791504
145.99343872070312 135.41473388671875 162.3518295288086 135.41473388671875 162.3518295288086 148.7853832244873 145.99343872070312 148.7853832244873
147.40390014648438 135.3220977783203 163.5908260345459 135.3220977783203 163.5908260345459 148.9020185470581 147.40390014648438 148.9020185470581
146.8691864013672 136.1337890625 164.0976104736328 136.1337890625 164.0976104736328 149.9468536376953 146.8691864013672 149.9468536376953
145.97589111328125 137.1438446044922 162.91181564331055 137.1438446044922 162.91181564331055 149.7883472442627 145.97589111328125 149.7883472442627
146.68753051757812 135.72264099121094 163.16492080688477 135.72264099121094 163.16492080688477 148.88268566131592 146.68753051757812 148.88268566131592
146.4356689453125 135.8083953857422 163.04050254821777 135.8083953857422 163.04050254821777 148.72789001464844 146.4356689453125 148.72789001464844
145.60794067382812 135.6952667236328 162.67633438110352 135.6952667236328 162.67633438110352 149.06482410430908 145.60794067382812 149.06482410430908
145.1529998779297 136.50332641601562 162.61981773376465 136.50332641601562 162.61981773376465 149.4170970916748 145.1529998779297 149.4170970916748
146.87924194335938 136.58433532714844 163.19140815734863 136.58433532714844 163.19140815734863 149.97142791748047 146.87924194335938 149.97142791748047
146.26132202148438 135.5928497314453 163.7783718109131 135.5928497314453 163.7783718109131 149.8903980255127 146.26132202148438 149.8903980255127
145.86166381835938 135.5823516845703 163.30759620666504 135.5823516845703 163.30759620666504 149.31480884552002 145.86166381835938 149.31480884552002
145.69110107421875 135.90187072753906 163.16147994995117 135.90187072753906 163.16147994995117 149.3047456741333 145.69110107421875 149.3047456741333
145.8754425048828 134.8225860595703 163.31715393066406 134.8225860595703 163.31715393066406 149.30150032043457 145.8754425048828 149.30150032043457
146.17514038085938 135.3682403564453 163.62080001831055 135.3682403564453 163.62080001831055 149.39813804626465 146.17514038085938 149.39813804626465
145.9169464111328 135.8100128173828 163.39074325561523 135.8100128173828 163.39074325561523 150.000093460083 145.9169464111328 150.000093460083
145.34921264648438 135.4356231689453 162.941556930542 135.4356231689453 162.941556930542 149.26959991455078 145.34921264648438 149.26959991455078
145.68191528320312 136.08200073242188 163.2788486480713 136.08200073242188 163.2788486480713 149.23202800750732 145.68191528320312 149.23202800750732
145.46975708007812 136.00820922851562 162.6470241546631 136.00820922851562 162.6470241546631 148.75588130950928 145.46975708007812 148.75588130950928
146.18875122070312 134.76431274414062 163.0130958557129 134.76431274414062 163.0130958557129 148.45557117462158 146.18875122070312 148.45557117462158
146.49205017089844 135.85491943359375 163.99595260620117 135.85491943359375 163.99595260620117 149.61347770690918 146.49205017089844 149.61347770690918
146.88211059570312 135.26583862304688 164.30187606811523 135.26583862304688 164.30187606811523 149.90603351593018 146.88211059570312 149.90603351593018
146.60818481445312 135.24868774414062 163.64941024780273 135.24868774414062 163.64941024780273 149.65787029266357 146.60818481445312 149.65787029266357
145.95114135742188 135.11459350585938 163.4972801208496 135.11459350585938 163.4972801208496 148.90967082977295 145.95114135742188 148.90967082977295
145.3633575439453 136.2665252685547 162.90083694458008 136.2665252685547 162.90083694458008 148.9132785797119 145.3633575439453 148.9132785797119
146.56698608398438 135.06381225585938 162.98262405395508 135.06381225585938 162.98262405395508 148.68280220031738 146.56698608398438 148.68280220031738
146.11526489257812 135.62918090820312 163.38682174682617 135.62918090820312 163.38682174682617 149.42483043670654 146.11526489257812 149.42483043670654
145.8107147216797 135.24652099609375 163.0033721923828 135.24652099609375 163.0033721923828 149.60168170928955 145.8107147216797 149.60168170928955
147.097412109375 136.0304718017578 163.52064895629883 136.0304718017578 163.52064895629883 149.48330879211426 147.097412109375 149.48330879211426
146.0330047607422 136.12892150878906 163.3853645324707 136.12892150878906 163.3853645324707 149.0055866241455 146.0330047607422 149.0055866241455
145.98049926757812 134.63259887695312 162.83319664001465 134.63259887695312 162.83319664001465 148.01776123046875 145.98049926757812 148.01776123046875
145.61578369140625 135.3878936767578 163.3830795288086 135.3878936767578 163.3830795288086 148.98681926727295 145.61578369140625 148.98681926727295
144.3794708251953 136.5325927734375 162.21466064453125 136.5325927734375 162.21466064453125 149.450421333313 144.3794708251953 149.450421333313
145.9893341064453 135.78155517578125 162.9532070159912 135.78155517578125 162.9532070159912 149.08439445495605 145.9893341064453 149.08439445495605
146.5721893310547 136.6074676513672 163.44493865966797 136.6074676513672 163.44493865966797 150.15520668029785 146.5721893310547 150.15520668029785
146.3336639404297 134.77491760253906 163.42656326293945 134.77491760253906 163.42656326293945 149.28367137908936 146.3336639404297 149.28367137908936
146.16366577148438 134.8918914794922 163.22711944580078 134.8918914794922 163.22711944580078 148.48192596435547 146.16366577148438 148.48192596435547
146.10739135742188 135.14700317382812 162.79909896850586 135.14700317382812 162.79909896850586 149.5036334991455 146.10739135742188 149.5036334991455
145.97157287597656 135.51715087890625 163.04036712646484 135.51715087890625 163.04036712646484 148.47252082824707 145.97157287597656 148.47252082824707
146.8367919921875 136.36883544921875 163.1960792541504 136.36883544921875 163.1960792541504 149.99822998046875 146.8367919921875 149.99822998046875
147.08450317382812 136.17303466796875 164.11806678771973 136.17303466796875 164.11806678771973 149.6273365020752 147.08450317382812 149.6273365020752
146.66546630859375 135.09597778320312 163.73358345031738 135.09597778320312 163.73358345031738 148.70034790039062 146.66546630859375 148.70034790039062
146.7279815673828 135.5111541748047 163.177001953125 135.5111541748047 163.177001953125 149.38414001464844 146.7279815673828 149.38414001464844
146.43545532226562 135.3786163330078 162.8137092590332 135.3786163330078 162.8137092590332 148.2761459350586 146.43545532226562 148.2761459350586
147.06558227539062 135.36166381835938 163.17721557617188 135.36166381835938 163.17721557617188 149.12604236602783 147.06558227539062 149.12604236602783
146.25503540039062 136.0050811767578 163.47914123535156 136.0050811767578 163.47914123535156 149.21226024627686 146.25503540039062 149.21226024627686
146.3394775390625 135.7090606689453 163.50900650024414 135.7090606689453 163.50900650024414 149.27048301696777 146.3394775390625 149.27048301696777
147.89239501953125 136.30130004882812 163.54283332824707 136.30130004882812 163.54283332824707 149.38932991027832 147.89239501953125 149.38932991027832
145.7143096923828 135.71298217773438 162.7631130218506 135.71298217773438 162.7631130218506 148.3074722290039 145.7143096923828 148.3074722290039
146.99057006835938 135.53939819335938 163.05480575561523 135.53939819335938 163.05480575561523 148.82789039611816 146.99057006835938 148.82789039611816
146.27804565429688 136.2122344970703 163.37009048461914 136.2122344970703 163.37009048461914 148.8946123123169 146.27804565429688 148.8946123123169
146.5563507080078 134.9337158203125 162.92891883850098 134.9337158203125 162.92891883850098 148.61542987823486 146.5563507080078 148.61542987823486
146.77023315429688 136.0623016357422 163.8603744506836 136.0623016357422 163.8603744506836 150.01202392578125 146.77023315429688 150.01202392578125
147.37582397460938 135.8031463623047 163.09432411193848 135.8031463623047 163.09432411193848 149.34920978546143 147.37582397460938 149.34920978546143
146.9459991455078 135.0420684814453 163.23595809936523 135.0420684814453 163.23595809936523 148.98705577850342 146.9459991455078 148.98705577850342
146.4928436279297 135.0888671875 163.39995193481445 135.0888671875 163.39995193481445 148.98043823242188 146.4928436279297 148.98043823242188
145.61898803710938 135.5081024169922 162.64792823791504 135.5081024169922 162.64792823791504 148.710955619812 145.61898803710938 148.710955619812
147.27523803710938 136.46585083007812 163.45600509643555 136.46585083007812 163.45600509643555 149.2523546218872 147.27523803710938 149.2523546218872
147.09986877441406 136.28659057617188 163.7603416442871 136.28659057617188 163.7603416442871 149.5062313079834 147.09986877441406 149.5062313079834
147.35435485839844 135.68736267089844 163.49859809875488 135.68736267089844 163.49859809875488 149.33334922790527 147.35435485839844 149.33334922790527
146.45945739746094 135.71820068359375 163.13139724731445 135.71820068359375 163.13139724731445 148.8760347366333 146.45945739746094 148.8760347366333
146.05068969726562 135.64610290527344 163.47475051879883 135.64610290527344 163.47475051879883 149.01358318328857 146.05068969726562 149.01358318328857
146.3162841796875 135.52005004882812 163.30865287780762 135.52005004882812 163.30865287780762 148.81439781188965 146.3162841796875 148.81439781188965
146.7830810546875 135.77188110351562 163.1256923675537 135.77188110351562 163.1256923675537 149.203857421875 146.7830810546875 149.203857421875
146.97084045410156 136.29000854492188 163.31516075134277 136.29000854492188 163.31516075134277 149.8696517944336 146.97084045410156 149.8696517944336
146.97518920898438 136.15087890625 163.15621948242188 136.15087890625 163.15621948242188 149.33898735046387 146.97518920898438 149.33898735046387
146.4508819580078 135.95680236816406 163.03828811645508 135.95680236816406 163.03828811645508 148.56041145324707 146.4508819580078 148.56041145324707
146.5741424560547 135.91262817382812 163.3248291015625 135.91262817382812 163.3248291015625 148.86656761169434 146.5741424560547 148.86656761169434
147.02294921875 135.68765258789062 163.5164966583252 135.68765258789062 163.5164966583252 148.7727918624878 147.02294921875 148.7727918624878
147.16888427734375 135.85812377929688 163.8162384033203 135.85812377929688 163.8162384033203 148.73512077331543 147.16888427734375 148.73512077331543
146.95864868164062 136.4313201904297 163.9518642425537 136.4313201904297 163.9518642425537 149.62525939941406 146.95864868164062 149.62525939941406
147.66188049316406 136.1895294189453 163.6190996170044 136.1895294189453 163.6190996170044 149.13714408874512 147.66188049316406 149.13714408874512
147.51773071289062 135.76596069335938 163.6356906890869 135.76596069335938 163.6356906890869 148.87988758087158 147.51773071289062 148.87988758087158
146.27735900878906 135.56961059570312 163.20190238952637 135.56961059570312 163.20190238952637 149.00101280212402 146.27735900878906 149.00101280212402
147.07302856445312 136.38015747070312 162.30715370178223 136.38015747070312 162.30715370178223 147.93676948547363 147.07302856445312 147.93676948547363
146.98208618164062 136.0547637939453 163.44029235839844 136.0547637939453 163.44029235839844 149.93242835998535 146.98208618164062 149.93242835998535
146.82315063476562 135.76943969726562 163.41473007202148 135.76943969726562 163.41473007202148 149.8358669281006 146.82315063476562 149.8358669281006
147.64456176757812 136.04986572265625 163.1298370361328 136.04986572265625 163.1298370361328 149.3891191482544 147.64456176757812 149.3891191482544
146.91964721679688 135.8242645263672 162.9129867553711 135.8242645263672 162.9129867553711 148.8807773590088 146.91964721679688 148.8807773590088
146.64999389648438 134.83213806152344 163.29812049865723 134.83213806152344 163.29812049865723 148.285493850708 146.64999389648438 148.285493850708
146.78956604003906 135.13668823242188 163.9535789489746 135.13668823242188 163.9535789489746 149.231915473938 146.78956604003906 149.231915473938
146.14163208007812 135.9676971435547 162.60175704956055 135.9676971435547 162.60175704956055 149.20802879333496 146.14163208007812 149.20802879333496
146.161376953125 136.2813262939453 163.0265235900879 136.2813262939453 163.0265235900879 149.82416248321533 146.161376953125 149.82416248321533
146.2381134033203 135.982421875 162.94088172912598 135.982421875 162.94088172912598 149.440336227417 146.2381134033203 149.440336227417
146.59683227539062 135.20108032226562 163.04163360595703 135.20108032226562 163.04163360595703 149.47161674499512 146.59683227539062 149.47161674499512
146.47901916503906 135.40811157226562 163.033296585083 135.40811157226562 163.033296585083 148.93256664276123 146.47901916503906 148.93256664276123
145.77993774414062 134.85736083984375 163.02984046936035 134.85736083984375 163.02984046936035 149.4173355102539 145.77993774414062 149.4173355102539
146.9084930419922 135.12709045410156 163.56132316589355 135.12709045410156 163.56132316589355 149.1095733642578 146.9084930419922 149.1095733642578
145.03756713867188 136.61981201171875 162.52926635742188 136.61981201171875 162.52926635742188 149.7047576904297 145.03756713867188 149.7047576904297
145.8479766845703 136.1372833251953 163.55920028686523 136.1372833251953 163.55920028686523 149.93411540985107 145.8479766845703 149.93411540985107
146.215576171875 135.53524780273438 163.39626502990723 135.53524780273438 163.39626502990723 149.38740348815918 146.215576171875 149.38740348815918
146.33712768554688 134.56761169433594 163.42508125305176 134.56761169433594 163.42508125305176 149.49574756622314 146.33712768554688 149.49574756622314
146.27386474609375 135.56446838378906 163.41720390319824 135.56446838378906 163.41720390319824 149.28800773620605 146.27386474609375 149.28800773620605
146.31057739257812 135.0004119873047 162.3339023590088 135.0004119873047 162.3339023590088 149.67923736572266 146.31057739257812 149.67923736572266
145.35537719726562 135.98995971679688 162.95291900634766 135.98995971679688 162.95291900634766 149.2938232421875 145.35537719726562 149.2938232421875
145.8622589111328 135.7486572265625 162.87516975402832 135.7486572265625 162.87516975402832 149.73514080047607 145.8622589111328 149.73514080047607
145.45301818847656 135.21749877929688 162.96515083312988 135.21749877929688 162.96515083312988 149.9964084625244 145.45301818847656 149.9964084625244
145.4130096435547 135.28330993652344 162.64077186584473 135.28330993652344 162.64077186584473 149.8479461669922 145.4130096435547 149.8479461669922
144.81149291992188 135.5814208984375 162.5166015625 135.5814208984375 162.5166015625 149.6308822631836 144.81149291992188 149.6308822631836
145.10293579101562 136.13131713867188 162.95852851867676 136.13131713867188 162.95852851867676 149.1764907836914 145.10293579101562 149.1764907836914
145.28025817871094 134.63150024414062 162.9265594482422 134.63150024414062 162.9265594482422 149.4079189300537 145.28025817871094 149.4079189300537
145.80441284179688 135.65614318847656 163.46850395202637 135.65614318847656 163.46850395202637 149.94482421875 145.80441284179688 149.94482421875
146.14328002929688 135.5738067626953 163.64159774780273 135.5738067626953 163.64159774780273 150.07310962677002 146.14328002929688 150.07310962677002
145.6905517578125 135.09010314941406 162.8885612487793 135.09010314941406 162.8885612487793 149.50448417663574 145.6905517578125 149.50448417663574
144.4468231201172 135.79464721679688 162.7622776031494 135.79464721679688 162.7622776031494 149.36775970458984 144.4468231201172 149.36775970458984
145.1857147216797 135.388671875 162.5882968902588 135.388671875 162.5882968902588 149.13094329833984 145.1857147216797 149.13094329833984
145.31106567382812 135.63995361328125 163.59806060791016 135.63995361328125 163.59806060791016 149.85001850128174 145.31106567382812 149.85001850128174
145.1051025390625 135.3864288330078 162.72028732299805 135.3864288330078 162.72028732299805 149.6489839553833 145.1051025390625 149.6489839553833
146.4903106689453 136.07801818847656 163.9404125213623 136.07801818847656 163.9404125213623 150.18218231201172 146.4903106689453 150.18218231201172
146.06033325195312 135.19140625 163.00635719299316 135.19140625 163.00635719299316 149.4899139404297 146.06033325195312 149.4899139404297
145.9674072265625 134.645263671875 162.4408073425293 134.645263671875 162.4408073425293 149.7994260787964 145.9674072265625 149.7994260787964
144.29217529296875 135.97732543945312 162.32825088500977 135.97732543945312 162.32825088500977 149.05148601531982 144.29217529296875 149.05148601531982
146.4254608154297 135.32412719726562 163.26924514770508 135.32412719726562 163.26924514770508 149.7322063446045 146.4254608154297 149.7322063446045
146.07212829589844 135.62069702148438 163.4310646057129 135.62069702148438 163.4310646057129 149.90006828308105 146.07212829589844 149.90006828308105
146.79959106445312 135.75634765625 163.62479972839355 135.75634765625 163.62479972839355 149.5113649368286 146.79959106445312 149.5113649368286
146.11056518554688 135.81149291992188 163.2920150756836 135.81149291992188 163.2920150756836 149.45325469970703 146.11056518554688 149.45325469970703
145.4425048828125 135.01235961914062 162.74808502197266 135.01235961914062 162.74808502197266 149.1666965484619 145.4425048828125 149.1666965484619
145.92788696289062 134.885009765625 163.83012580871582 134.885009765625 163.83012580871582 149.28729820251465 145.92788696289062 149.28729820251465
146.39682006835938 135.66143798828125 163.36134147644043 135.66143798828125 163.36134147644043 149.6867389678955 146.39682006835938 149.6867389678955
145.2742156982422 135.12672424316406 163.1190071105957 135.12672424316406 163.1190071105957 150.4261875152588 145.2742156982422 150.4261875152588
145.10606384277344 135.49227905273438 162.54293632507324 135.49227905273438 162.54293632507324 149.88300609588623 145.10606384277344 149.88300609588623
145.43649291992188 135.74073791503906 162.53080940246582 135.74073791503906 162.53080940246582 149.21063804626465 145.43649291992188 149.21063804626465
145.7872314453125 135.24514770507812 162.70549201965332 135.24514770507812 162.70549201965332 149.3125581741333 145.7872314453125 149.3125581741333
144.77764892578125 135.76202392578125 162.07275009155273 135.76202392578125 162.07275009155273 149.74292278289795 144.77764892578125 149.74292278289795
145.39450073242188 135.3363494873047 163.28963088989258 135.3363494873047 163.28963088989258 149.67001628875732 145.39450073242188 149.67001628875732
146.27053833007812 135.9112548828125 163.14127159118652 135.9112548828125 163.14127159118652 149.60335063934326 146.27053833007812 149.60335063934326
145.88108825683594 136.2760772705078 163.5657844543457 136.2760772705078 163.5657844543457 149.73542022705078 145.88108825683594 149.73542022705078
145.37350463867188 136.35740661621094 163.03002166748047 136.35740661621094 163.03002166748047 149.28228950500488 145.37350463867188 149.28228950500488
145.6846923828125 135.19009399414062 163.24046516418457 135.19009399414062 163.24046516418457 149.50432300567627 145.6846923828125 149.50432300567627
144.66175842285156 133.95970153808594 163.38874435424805 133.95970153808594 163.38874435424805 149.71810340881348 144.66175842285156 149.71810340881348
145.28541564941406 135.500244140625 162.9171848297119 135.500244140625 162.9171848297119 149.6328248977661 145.28541564941406 149.6328248977661
145.19265747070312 135.10751342773438 162.6442165374756 135.10751342773438 162.6442165374756 149.8173065185547 145.19265747070312 149.8173065185547
145.6779327392578 134.73825073242188 163.63314628601074 134.73825073242188 163.63314628601074 150.29562664031982 145.6779327392578 150.29562664031982
144.98580932617188 134.97056579589844 163.72784614562988 134.97056579589844 163.72784614562988 150.01638984680176 144.98580932617188 150.01638984680176
146.22628784179688 134.67202758789062 164.0202980041504 134.67202758789062 164.0202980041504 149.8387966156006 146.22628784179688 149.8387966156006
146.1163787841797 134.37649536132812 164.1045742034912 134.37649536132812 164.1045742034912 149.13522815704346 146.1163787841797 149.13522815704346
146.00433349609375 134.59286499023438 164.03255462646484 134.59286499023438 164.03255462646484 149.11672687530518 146.00433349609375 149.11672687530518
144.6879119873047 134.65951538085938 164.48372268676758 134.65951538085938 164.48372268676758 149.76242637634277 144.6879119873047 149.76242637634277
144.02687072753906 135.05703735351562 164.24182510375977 135.05703735351562 164.24182510375977 150.166654586792 144.02687072753906 150.166654586792
142.86038208007812 135.1881103515625 163.9414577484131 135.1881103515625 163.9414577484131 150.73890113830566 142.86038208007812 150.73890113830566
142.3740234375 134.68411254882812 163.211030960083 134.68411254882812 163.211030960083 150.3680477142334 142.3740234375 150.3680477142334
141.93788146972656 134.07225036621094 163.5356101989746 134.07225036621094 163.5356101989746 149.86279582977295 141.93788146972656 149.86279582977295
143.1295623779297 134.0171356201172 163.91761779785156 134.0171356201172 163.91761779785156 149.33013725280762 143.1295623779297 149.33013725280762
142.17416381835938 134.19525146484375 163.5711555480957 134.19525146484375 163.5711555480957 150.01347064971924 142.17416381835938 150.01347064971924
143.03797912597656 134.42066955566406 164.2928695678711 134.42066955566406 164.2928695678711 151.1262969970703 143.03797912597656 151.1262969970703
141.6947479248047 135.5347442626953 164.40448188781738 135.5347442626953 164.40448188781738 151.05593299865723 141.6947479248047 151.05593299865723
141.51583862304688 133.2205047607422 162.51627731323242 133.2205047607422 162.51627731323242 149.016827583313 141.51583862304688 149.016827583313
138.94305419921875 132.6834716796875 158.47026443481445 132.6834716796875 158.47026443481445 149.10584449768066 138.94305419921875 149.10584449768066
138.3739776611328 133.6377410888672 158.9497241973877 133.6377410888672 158.9497241973877 149.03700733184814 138.3739776611328 149.03700733184814
138.89846801757812 134.2272491455078 159.30928421020508 134.2272491455078 159.30928421020508 149.73854064941406 138.89846801757812 149.73854064941406
136.17337036132812 134.30712890625 156.51480293273926 134.30712890625 156.51480293273926 148.86511516571045 136.17337036132812 148.86511516571045
136.70809936523438 134.52450561523438 156.56309509277344 134.52450561523438 156.56309509277344 148.93469524383545 136.70809936523438 148.93469524383545
134.7519073486328 133.3438720703125 155.61286544799805 133.3438720703125 155.61286544799805 148.9124698638916 134.7519073486328 148.9124698638916
136.41058349609375 134.5239715576172 156.24414253234863 134.5239715576172 156.24414253234863 148.66378498077393 136.41058349609375 148.66378498077393
135.8133087158203 134.18252563476562 156.30273246765137 134.18252563476562 156.30273246765137 149.37810802459717 135.8133087158203 149.37810802459717
134.5115203857422 133.61912536621094 156.99694442749023 133.61912536621094 156.99694442749023 149.008563041687 134.5115203857422 149.008563041687
135.40206909179688 133.59352111816406 156.96781539916992 133.59352111816406 156.96781539916992 149.26730346679688 135.40206909179688 149.26730346679688
134.7923583984375 133.96763610839844 156.46058082580566 133.96763610839844 156.46058082580566 148.96601581573486 134.7923583984375 148.96601581573486
134.04685974121094 134.2810516357422 155.1807746887207 134.2810516357422 155.1807746887207 149.33334064483643 134.04685974121094 149.33334064483643
135.06631469726562 133.95156860351562 156.27650833129883 133.95156860351562 156.27650833129883 149.1700382232666 135.06631469726562 149.1700382232666
135.5963134765625 134.2194061279297 156.1704864501953 134.2194061279297 156.1704864501953 148.80637168884277 135.5963134765625 148.80637168884277
136.29981994628906 133.8767547607422 155.64550590515137 133.8767547607422 155.64550590515137 149.10730457305908 136.29981994628906 149.10730457305908
136.3094482421875 135.4124298095703 155.96961402893066 135.4124298095703 155.96961402893066 149.27087593078613 136.3094482421875 149.27087593078613
136.4844512939453 134.58009338378906 156.59222030639648 134.58009338378906 156.59222030639648 149.06562519073486 136.4844512939453 149.06562519073486
136.41598510742188 133.643798828125 155.9008846282959 133.643798828125 155.9008846282959 148.9355115890503 136.41598510742188 148.9355115890503
137.25454711914062 134.09609985351562 157.2522258758545 134.09609985351562 157.2522258758545 149.33969402313232 137.25454711914062 149.33969402313232
136.98594665527344 134.49391174316406 156.58867073059082 134.49391174316406 156.58867073059082 149.1556577682495 136.98594665527344 149.1556577682495
136.56468200683594 133.72471618652344 156.4511775970459 133.72471618652344 156.4511775970459 148.9585723876953 136.56468200683594 148.9585723876953
135.93807983398438 134.0844268798828 155.70062828063965 134.0844268798828 155.70062828063965 149.08770561218262 135.93807983398438 149.08770561218262
136.81106567382812 134.18118286132812 155.96293258666992 134.18118286132812 155.96293258666992 148.42119789123535 136.81106567382812 148.42119789123535
135.68817138671875 134.0942840576172 155.1252613067627 134.0942840576172 155.1252613067627 148.8179578781128 135.68817138671875 148.8179578781128
136.601806640625 134.55841064453125 155.91448593139648 134.55841064453125 155.91448593139648 149.47446727752686 136.601806640625 149.47446727752686
135.61099243164062 133.74391174316406 155.0335636138916 133.74391174316406 155.0335636138916 147.79118537902832 135.61099243164062 147.79118537902832
135.3440704345703 134.01602172851562 154.99618911743164 134.01602172851562 154.99618911743164 148.8465118408203 135.3440704345703 148.8465118408203
135.2090301513672 133.5287628173828 155.03391647338867 133.5287628173828 155.03391647338867 148.77764320373535 135.2090301513672 148.77764320373535
135.47531127929688 133.92459106445312 154.3234519958496 133.92459106445312 154.3234519958496 148.8693389892578 135.47531127929688 148.8693389892578
135.77365112304688 135.28904724121094 155.18453979492188 135.28904724121094 155.18453979492188 149.54689502716064 135.77365112304688 149.54689502716064
135.77342224121094 135.2842559814453 154.18311309814453 135.2842559814453 154.18311309814453 148.81674003601074 135.77342224121094 148.81674003601074
133.9613037109375 134.76113891601562 153.1765537261963 134.76113891601562 153.1765537261963 148.26947212219238 133.9613037109375 148.26947212219238
133.7462158203125 136.1415252685547 153.9640712738037 136.1415252685547 153.9640712738037 149.44821453094482 133.7462158203125 149.44821453094482
134.702392578125 135.6830596923828 154.82194137573242 135.6830596923828 154.82194137573242 149.7099437713623 134.702392578125 149.7099437713623
135.39016723632812 135.65573120117188 155.17381286621094 135.65573120117188 155.17381286621094 150.92989921569824 135.39016723632812 150.92989921569824
135.60394287109375 135.85458374023438 153.99574661254883 135.85458374023438 153.99574661254883 151.3206148147583 135.60394287109375 151.3206148147583
134.50692749023438 136.84393310546875 154.84788513183594 136.84393310546875 154.84788513183594 151.30911540985107 134.50692749023438 151.30911540985107
135.33847045898438 139.0048065185547 154.11457443237305 139.0048065185547 154.11457443237305 152.5306272506714 135.33847045898438 152.5306272506714
136.65936279296875 139.28306579589844 155.8011302947998 139.28306579589844 155.8011302947998 153.0811357498169 136.65936279296875 153.0811357498169
135.4441375732422 138.25013732910156 155.08013153076172 138.25013732910156 155.08013153076172 152.6918430328369 135.4441375732422 152.6918430328369
136.09066772460938 140.33221435546875 155.57406044006348 140.33221435546875 155.57406044006348 154.31074810028076 136.09066772460938 154.31074810028076
135.47879028320312 140.47860717773438 155.18274307250977 140.47860717773438 155.18274307250977 153.94049549102783 135.47879028320312 153.94049549102783
136.4800567626953 141.1927947998047 155.6541519165039 141.1927947998047 155.6541519165039 155.0374879837036 136.4800567626953 155.0374879837036
137.89144897460938 142.6956787109375 155.7107105255127 142.6956787109375 155.7107105255127 155.8546781539917 137.89144897460938 155.8546781539917
137.04873657226562 141.77090454101562 154.8873996734619 141.77090454101562 154.8873996734619 155.38480186462402 137.04873657226562 155.38480186462402
137.0216522216797 143.0137481689453 155.34975814819336 143.0137481689453 155.34975814819336 157.67623615264893 137.0216522216797 157.67623615264893
137.0806121826172 143.29331970214844 155.2955207824707 143.29331970214844 155.2955207824707 157.86524963378906 137.0806121826172 157.86524963378906
137.56973266601562 144.8863983154297 156.27518844604492 144.8863983154297 156.27518844604492 157.921368598938 137.56973266601562 157.921368598938
137.72193908691406 145.76022338867188 155.51082229614258 145.76022338867188 155.51082229614258 159.39890098571777 137.72193908691406 159.39890098571777
136.49131774902344 146.51792907714844 155.06998825073242 146.51792907714844 155.06998825073242 159.38958740234375 136.49131774902344 159.38958740234375
137.0736541748047 145.52813720703125 154.95748329162598 145.52813720703125 154.95748329162598 159.7142972946167 137.0736541748047 159.7142972946167
136.95498657226562 146.73126220703125 154.42995643615723 146.73126220703125 154.42995643615723 160.39766216278076 136.95498657226562 160.39766216278076
137.15208435058594 146.5063018798828 155.51087760925293 146.5063018798828 155.51087760925293 160.7716770172119 137.15208435058594 160.7716770172119
136.82693481445312 147.7293701171875 155.4498233795166 147.7293701171875 155.4498233795166 162.62768268585205 136.82693481445312 162.62768268585205
136.24496459960938 148.8892364501953 154.60721397399902 148.8892364501953 154.60721397399902 163.5790376663208 136.24496459960938 163.5790376663208
135.8744354248047 149.07626342773438 154.09843254089355 149.07626342773438 154.09843254089355 163.65546226501465 135.8744354248047 163.65546226501465
136.61776733398438 149.02688598632812 154.9702262878418 149.02688598632812 154.9702262878418 163.7088565826416 136.61776733398438 163.7088565826416
135.83645629882812 150.02816772460938 154.0566062927246 150.02816772460938 154.0566062927246 164.55569171905518 135.83645629882812 164.55569171905518
135.32020568847656 150.88018798828125 153.44797134399414 150.88018798828125 153.44797134399414 165.39334297180176 135.32020568847656 165.39334297180176
135.2563018798828 152.13040161132812 152.5237636566162 152.13040161132812 152.5237636566162 166.24417686462402 135.2563018798828 166.24417686462402
134.828369140625 153.16384887695312 153.15396308898926 153.16384887695312 153.15396308898926 166.21471977233887 134.828369140625 166.21471977233887
134.71612548828125 154.360107421875 153.41111946105957 154.360107421875 153.41111946105957 167.5364580154419 134.71612548828125 167.5364580154419
134.67465209960938 153.3712921142578 152.08107376098633 153.3712921142578 152.08107376098633 168.71312713623047 134.67465209960938 168.71312713623047
133.69705200195312 154.21414184570312 152.12131690979004 154.21414184570312 152.12131690979004 168.95355701446533 133.69705200195312 168.95355701446533
133.47024536132812 155.11048889160156 151.9285068511963 155.11048889160156 151.9285068511963 168.83652019500732 133.47024536132812 168.83652019500732
133.1682891845703 156.4008026123047 151.59245491027832 156.4008026123047 151.59245491027832 169.66981029510498 133.1682891845703 169.66981029510498
133.09201049804688 157.15383911132812 151.8967800140381 157.15383911132812 151.8967800140381 170.3698091506958 133.09201049804688 170.3698091506958
132.81764221191406 157.11892700195312 150.90019607543945 157.11892700195312 150.90019607543945 171.5622434616089 132.81764221191406 171.5622434616089
132.7764129638672 157.6790313720703 150.3989486694336 157.6790313720703 150.3989486694336 171.77706146240234 132.7764129638672 171.77706146240234
132.0370635986328 157.98880004882812 149.83319091796875 157.98880004882812 149.83319091796875 172.09350109100342 132.0370635986328 172.09350109100342
132.79635620117188 159.2398223876953 151.16484451293945 159.2398223876953 151.16484451293945 172.37510108947754 132.79635620117188 172.37510108947754
132.45849609375 159.4639892578125 150.39244842529297 159.4639892578125 150.39244842529297 173.8111515045166 132.45849609375 173.8111515045166
135.11941528320312 160.07041931152344 153.4924545288086 160.07041931152344 153.4924545288086 174.13874053955078 135.11941528320312 174.13874053955078
136.1773223876953 160.66603088378906 154.6192512512207 160.66603088378906 154.6192512512207 174.6992311477661 136.1773223876953 174.6992311477661
138.01947021484375 162.07528686523438 156.52191925048828 162.07528686523438 156.52191925048828 175.0130844116211 138.01947021484375 175.0130844116211
140.55035400390625 160.1845245361328 158.63736152648926 160.1845245361328 158.63736152648926 174.65413188934326 140.55035400390625 174.65413188934326
141.42698669433594 161.3882293701172 159.68881607055664 161.3882293701172 159.68881607055664 175.53205680847168 141.42698669433594 175.53205680847168
143.8635711669922 163.89869689941406 161.65237998962402 163.89869689941406 161.65237998962402 176.3391399383545 143.8635711669922 176.3391399383545
144.23297119140625 164.8235626220703 164.63435745239258 164.8235626220703 164.63435745239258 177.60712337493896 144.23297119140625 177.60712337493896
147.47647094726562 165.07223510742188 165.73426246643066 165.07223510742188 165.73426246643066 177.9184446334839 147.47647094726562 177.9184446334839
148.1930389404297 165.68411254882812 168.07648277282715 165.68411254882812 168.07648277282715 178.6597843170166 148.1930389404297 178.6597843170166
148.90464782714844 165.13043212890625 168.2922191619873 165.13043212890625 168.2922191619873 179.53570365905762 148.90464782714844 179.53570365905762
151.19851684570312 165.80230712890625 170.05946731567383 165.80230712890625 170.05946731567383 178.75231742858887 151.19851684570312 178.75231742858887
152.8644256591797 167.14242553710938 172.00839614868164 167.14242553710938 172.00839614868164 180.0387372970581 152.8644256591797 180.0387372970581
155.18844604492188 166.2667694091797 173.10613822937012 166.2667694091797 173.10613822937012 179.92249298095703 155.18844604492188 179.92249298095703
156.2985076904297 168.48736572265625 174.12057876586914 168.48736572265625 174.12057876586914 180.69126319885254 156.2985076904297 180.69126319885254
157.34169006347656 168.7923126220703 176.31074142456055 168.7923126220703 176.31074142456055 182.37053108215332 157.34169006347656 182.37053108215332
159.02349853515625 167.0640411376953 177.3287410736084 167.0640411376953 177.3287410736084 181.86986351013184 159.02349853515625 181.86986351013184
162.08511352539062 170.4349365234375 180.45210647583008 170.4349365234375 180.45210647583008 183.27357482910156 162.08511352539062 183.27357482910156
163.05673217773438 169.54617309570312 180.81472396850586 169.54617309570312 180.81472396850586 182.83177185058594 163.05673217773438 182.83177185058594
163.64596557617188 169.88345336914062 180.66043281555176 169.88345336914062 180.66043281555176 183.00033569335938 163.64596557617188 183.00033569335938
165.0272216796875 171.3800048828125 183.75038146972656 171.3800048828125 183.75038146972656 184.61366081237793 165.0272216796875 184.61366081237793
165.26002502441406 171.11080932617188 185.39039039611816 171.11080932617188 185.39039039611816 186.25722312927246 165.26002502441406 186.25722312927246
167.8865203857422 171.46432495117188 186.16768074035645 171.46432495117188 186.16768074035645 185.14641857147217 167.8865203857422 185.14641857147217
168.14715576171875 172.2890625 188.73892784118652 172.2890625 188.73892784118652 186.8735637664795 168.14715576171875 186.8735637664795
169.21627807617188 172.57139587402344 188.75226974487305 172.57139587402344 188.75226974487305 186.94984436035156 169.21627807617188 186.94984436035156
170.23501586914062 173.30963134765625 189.43825912475586 173.30963134765625 189.43825912475586 187.44464111328125 170.23501586914062 187.44464111328125
171.7841796875 174.80918884277344 191.68063163757324 174.80918884277344 191.68063163757324 189.2309055328369 171.7841796875 189.2309055328369
170.92250061035156 175.25521850585938 191.68825721740723 175.25521850585938 191.68825721740723 189.9415512084961 170.92250061035156 189.9415512084961
173.79202270507812 174.49720764160156 192.86654663085938 174.49720764160156 192.86654663085938 189.36545848846436 173.79202270507812 189.36545848846436
174.57225036621094 175.6687774658203 194.39602279663086 175.6687774658203 194.39602279663086 190.42910194396973 174.57225036621094 190.42910194396973
175.77810668945312 176.05422973632812 194.10011291503906 176.05422973632812 194.10011291503906 189.61015605926514 175.77810668945312 189.61015605926514
175.60382080078125 176.25704956054688 194.18617820739746 176.25704956054688 194.18617820739746 190.93998432159424 175.60382080078125 190.93998432159424
176.20010375976562 177.92202758789062 194.75350761413574 177.92202758789062 194.75350761413574 192.2026309967041 176.20010375976562 192.2026309967041
177.65577697753906 177.15316772460938 197.1390838623047 177.15316772460938 197.1390838623047 192.74105072021484 177.65577697753906 192.74105072021484
179.1404571533203 178.28160095214844 196.52131271362305 178.28160095214844 196.52131271362305 192.97318077087402 179.1404571533203 192.97318077087402
178.49122619628906 178.2581329345703 197.6752872467041 178.2581329345703 197.6752872467041 194.02495574951172 178.49122619628906 194.02495574951172
180.1719970703125 179.54827880859375 199.20769882202148 179.54827880859375 199.20769882202148 193.42342376708984 180.1719970703125 193.42342376708984
181.51904296875 178.83938598632812 199.5914192199707 178.83938598632812 199.5914192199707 194.06907844543457 181.51904296875 194.06907844543457
180.6606903076172 181.61788940429688 199.96482467651367 181.61788940429688 199.96482467651367 195.59485816955566 180.6606903076172 195.59485816955566
181.78994750976562 182.64083862304688 202.7728614807129 182.64083862304688 202.7728614807129 196.86282062530518 181.78994750976562 196.86282062530518
183.03427124023438 182.09933471679688 201.66254234313965 182.09933471679688 201.66254234313965 197.34314918518066 183.03427124023438 197.34314918518066
183.16419982910156 181.88275146484375 202.95331954956055 181.88275146484375 202.95331954956055 197.53243255615234 183.16419982910156 197.53243255615234
183.68466186523438 183.6488800048828 204.7449607849121 183.6488800048828 204.7449607849121 198.23000526428223 183.68466186523438 198.23000526428223
185.153564453125 182.21969604492188 204.26186180114746 182.21969604492188 204.26186180114746 198.99711418151855 185.153564453125 198.99711418151855
184.0026092529297 183.42050170898438 203.5303020477295 183.42050170898438 203.5303020477295 199.21795177459717 184.0026092529297 199.21795177459717
184.7895965576172 185.6915740966797 204.8435878753662 185.6915740966797 204.8435878753662 200.18596839904785 184.7895965576172 200.18596839904785
186.5723114013672 185.4979248046875 205.24911880493164 185.4979248046875 205.24911880493164 200.8138256072998 186.5723114013672 200.8138256072998
186.19847106933594 185.1951446533203 204.35424041748047 185.1951446533203 204.35424041748047 201.1744441986084 186.19847106933594 201.1744441986084
186.71267700195312 189.34292602539062 208.13951683044434 189.34292602539062 208.13951683044434 203.00367736816406 186.71267700195312 203.00367736816406
187.3590850830078 187.41946411132812 206.9543571472168 187.41946411132812 206.9543571472168 202.67187309265137 187.3590850830078 202.67187309265137
187.6671600341797 187.6101837158203 207.64715957641602 187.6101837158203 207.64715957641602 203.98334884643555 187.6671600341797 203.98334884643555
187.88340759277344 190.0564422607422 207.03793144226074 190.0564422607422 207.03793144226074 205.7278184890747 187.88340759277344 205.7278184890747
188.27630615234375 189.34521484375 206.9377555847168 189.34521484375 206.9377555847168 205.17373180389404 188.27630615234375 205.17373180389404
188.31771850585938 190.71633911132812 206.8257293701172 190.71633911132812 206.8257293701172 205.78621864318848 188.31771850585938 205.78621864318848
188.5686798095703 192.94273376464844 209.52705764770508 192.94273376464844 209.52705764770508 206.3359832763672 188.5686798095703 206.3359832763672
188.4017333984375 192.38185119628906 209.45509719848633 192.38185119628906 209.45509719848633 206.75806427001953 188.4017333984375 206.75806427001953
188.87734985351562 191.90335083007812 208.79026985168457 191.90335083007812 208.79026985168457 208.981840133667 188.87734985351562 208.981840133667
188.06753540039062 194.14324951171875 208.60744667053223 194.14324951171875 208.60744667053223 209.990571975708 188.06753540039062 209.990571975708
188.72506713867188 196.14187622070312 209.49179458618164 196.14187622070312 209.49179458618164 210.23216247558594 188.72506713867188 210.23216247558594
188.69308471679688 194.5839080810547 207.5113010406494 194.5839080810547 207.5113010406494 209.60921955108643 188.69308471679688 209.60921955108643
188.3582305908203 195.49029541015625 208.2950325012207 195.49029541015625 208.2950325012207 210.54564952850342 188.3582305908203 210.54564952850342
188.51199340820312 197.1080322265625 210.17902755737305 197.1080322265625 210.17902755737305 211.58390998840332 188.51199340820312 211.58390998840332
188.4883270263672 196.75448608398438 209.5537567138672 196.75448608398438 209.5537567138672 213.03977584838867 188.4883270263672 213.03977584838867
188.64120483398438 196.5261993408203 208.61144828796387 196.5261993408203 208.61144828796387 213.95225143432617 188.64120483398438 213.95225143432617
187.58041381835938 197.7217254638672 209.46363639831543 197.7217254638672 209.46363639831543 214.5204792022705 187.58041381835938 214.5204792022705
187.73590087890625 199.48045349121094 206.9390048980713 199.48045349121094 206.9390048980713 214.7772569656372 187.73590087890625 214.7772569656372
187.3616180419922 199.29129028320312 206.96329307556152 199.29129028320312 206.96329307556152 216.48763465881348 187.3616180419922 216.48763465881348
188.22628784179688 201.07199096679688 209.13050270080566 201.07199096679688 209.13050270080566 216.6640682220459 188.22628784179688 216.6640682220459
188.01971435546875 203.16705322265625 208.5028076171875 203.16705322265625 208.5028076171875 216.76422119140625 188.01971435546875 216.76422119140625
187.1490478515625 201.5878143310547 207.64687156677246 201.5878143310547 207.64687156677246 218.43070602416992 187.1490478515625 218.43070602416992
186.4678497314453 204.2621307373047 208.10940170288086 204.2621307373047 208.10940170288086 219.56332397460938 186.4678497314453 219.56332397460938
185.36756896972656 202.6741485595703 205.26357078552246 202.6741485595703 205.26357078552246 219.58721733093262 185.36756896972656 219.58721733093262
184.92276000976562 203.3899688720703 205.28580856323242 203.3899688720703 205.28580856323242 220.55399703979492 184.92276000976562 220.55399703979492
185.45022583007812 207.6547393798828 206.33262825012207 207.6547393798828 206.33262825012207 221.88443756103516 185.45022583007812 221.88443756103516
185.0319366455078 207.3319091796875 205.6424102783203 207.3319091796875 205.6424102783203 222.6779375076294 185.0319366455078 222.6779375076294
184.9306182861328 205.95217895507812 205.2629795074463 205.95217895507812 205.2629795074463 223.3106861114502 184.9306182861328 223.3106861114502
182.79867553710938 208.3982696533203 204.8700885772705 208.3982696533203 204.8700885772705 224.87355995178223 182.79867553710938 224.87355995178223
182.9049072265625 209.518798828125 203.9813690185547 209.518798828125 203.9813690185547 225.34490776062012 182.9049072265625 225.34490776062012
183.49111938476562 208.93173217773438 201.98970413208008 208.93173217773438 201.98970413208008 225.00592613220215 183.49111938476562 225.00592613220215
181.3638916015625 209.922607421875 201.92350959777832 209.922607421875 201.92350959777832 226.80962753295898 181.3638916015625 226.80962753295898
180.9635009765625 211.84512329101562 203.2681941986084 211.84512329101562 203.2681941986084 226.97793292999268 180.9635009765625 226.97793292999268
180.53146362304688 212.43374633789062 201.45018577575684 212.43374633789062 201.45018577575684 229.13270568847656 180.53146362304688 229.13270568847656
180.2490234375 211.748046875 200.77386474609375 211.748046875 200.77386474609375 229.33205795288086 180.2490234375 229.33205795288086
179.41563415527344 213.0064697265625 199.59407234191895 213.0064697265625 199.59407234191895 229.77881240844727 179.41563415527344 229.77881240844727
178.52700805664062 212.5094757080078 198.21129608154297 212.5094757080078 198.21129608154297 229.7453098297119 178.52700805664062 229.7453098297119
178.53457641601562 214.67843627929688 197.11593627929688 214.67843627929688 197.11593627929688 229.69523429870605 178.53457641601562 229.69523429870605
176.71426391601562 215.7787628173828 197.4083080291748 215.7787628173828 197.4083080291748 231.27466773986816 176.71426391601562 231.27466773986816
175.26962280273438 218.5950164794922 196.26150512695312 218.5950164794922 196.26150512695312 232.58023357391357 175.26962280273438 232.58023357391357
175.1359100341797 218.519287109375 194.7045440673828 218.519287109375 194.7045440673828 234.4909210205078 175.1359100341797 234.4909210205078
172.60836791992188 218.04806518554688 194.30414390563965 218.04806518554688 194.30414390563965 235.54837608337402 172.60836791992188 235.54837608337402
173.77842712402344 220.4158172607422 194.03596687316895 220.4158172607422 194.03596687316895 235.19927215576172 173.77842712402344 235.19927215576172
173.89053344726562 220.6182861328125 191.50058364868164 220.6182861328125 191.50058364868164 234.86779594421387 173.89053344726562 234.86779594421387
170.83401489257812 220.8517608642578 190.3118782043457 220.8517608642578 190.3118782043457 235.89096355438232 170.83401489257812 235.89096355438232
169.53887939453125 224.8685302734375 190.30424690246582 224.8685302734375 190.30424690246582 238.36518669128418 169.53887939453125 238.36518669128418
168.4476776123047 223.9615020751953 189.96087074279785 223.9615020751953 189.96087074279785 239.05413627624512 168.4476776123047 239.05413627624512
169.5611572265625 224.57431030273438 189.4588508605957 224.57431030273438 189.4588508605957 239.32222270965576 169.5611572265625 239.32222270965576
166.79794311523438 224.32229614257812 188.49842071533203 224.32229614257812 188.49842071533203 239.97500801086426 166.79794311523438 239.97500801086426
166.24917602539062 224.279052734375 186.4858627319336 224.279052734375 186.4858627319336 240.79508781433105 166.24917602539062 240.79508781433105
165.05491638183594 225.1561279296875 185.12578010559082 225.1561279296875 185.12578010559082 241.69751739501953 165.05491638183594 241.69751739501953
163.0963897705078 227.0183563232422 183.5141143798828 227.0183563232422 183.5141143798828 242.94233512878418 163.0963897705078 242.94233512878418
162.28970336914062 229.3352508544922 184.6168327331543 229.3352508544922 184.6168327331543 244.3135528564453 162.28970336914062 244.3135528564453
160.0936279296875 227.8003692626953 181.7035846710205 227.8003692626953 181.7035846710205 245.09426879882812 160.0936279296875 245.09426879882812
158.72463989257812 227.84213256835938 180.2041130065918 227.84213256835938 180.2041130065918 245.0280361175537 158.72463989257812 245.0280361175537
158.90591430664062 229.56283569335938 179.36858558654785 229.56283569335938 179.36858558654785 245.10534477233887 158.90591430664062 245.10534477233887
158.20730590820312 231.2490997314453 178.17918968200684 231.2490997314453 178.17918968200684 245.79825115203857 158.20730590820312 245.79825115203857
156.67431640625 232.52389526367188 176.20940589904785 232.52389526367188 176.20940589904785 247.98520851135254 156.67431640625 247.98520851135254
155.50796508789062 234.5985107421875 177.58024215698242 234.5985107421875 177.58024215698242 248.9066514968872 155.50796508789062 248.9066514968872
153.7219696044922 232.4466094970703 175.49225997924805 232.4466094970703 175.49225997924805 249.4496669769287 153.7219696044922 249.4496669769287
154.40704345703125 233.01040649414062 173.4978542327881 233.01040649414062 173.4978542327881 249.25666427612305 154.40704345703125 249.25666427612305
154.62448120117188 234.84091186523438 176.72776412963867 234.84091186523438 176.72776412963867 250.69078063964844 154.62448120117188 250.69078063964844
155.52670288085938 235.40234375 176.74293899536133 235.40234375 176.74293899536133 251.2734317779541 155.52670288085938 251.2734317779541
156.34228515625 237.2023468017578 178.2806453704834 237.2023468017578 178.2806453704834 252.2511157989502 156.34228515625 252.2511157989502
155.90467834472656 236.94815063476562 178.16013717651367 236.94815063476562 178.16013717651367 253.23040199279785 155.90467834472656 253.23040199279785
155.64804077148438 238.51980590820312 179.17876625061035 238.51980590820312 179.17876625061035 253.29011726379395 155.64804077148438 253.29011726379395
156.2516632080078 238.38302612304688 179.61749839782715 238.38302612304688 179.61749839782715 255.29928970336914 156.2516632080078 255.29928970336914
157.36993408203125 239.177001953125 179.6434497833252 239.177001953125 179.6434497833252 255.12038612365723 157.36993408203125 255.12038612365723
157.33035278320312 239.5411834716797 179.16836738586426 239.5411834716797 179.16836738586426 255.34189414978027 157.33035278320312 255.34189414978027
158.6982879638672 241.65341186523438 181.20873260498047 241.65341186523438 181.20873260498047 257.9109916687012 158.6982879638672 257.9109916687012
158.60592651367188 242.71163940429688 180.5504150390625 242.71163940429688 180.5504150390625 257.76179790496826 158.60592651367188 257.76179790496826
160.59963989257812 244.2635498046875 180.8138542175293 244.2635498046875 180.8138542175293 259.41550731658936 160.59963989257812 259.41550731658936
159.53814697265625 245.1679229736328 182.56163597106934 245.1679229736328 182.56163597106934 259.6111316680908 159.53814697265625 259.6111316680908
159.97023010253906 245.46658325195312 183.09067916870117 245.46658325195312 183.09067916870117 260.0614347457886 159.97023010253906 260.0614347457886
160.6595458984375 245.40243530273438 183.2729034423828 245.40243530273438 183.2729034423828 262.01232528686523 160.6595458984375 262.01232528686523
161.99464416503906 247.2532958984375 183.02690505981445 247.2532958984375 183.02690505981445 262.215238571167 161.99464416503906 262.215238571167
162.93405151367188 248.14407348632812 184.83789443969727 248.14407348632812 184.83789443969727 262.895902633667 162.93405151367188 262.895902633667
163.62307739257812 248.90966796875 184.6490249633789 248.90966796875 184.6490249633789 263.5740966796875 163.62307739257812 263.5740966796875
164.90509033203125 250.5271759033203 185.72582054138184 250.5271759033203 185.72582054138184 264.7456693649292 164.90509033203125 264.7456693649292
162.5142822265625 250.05880737304688 185.67205619812012 250.05880737304688 185.67205619812012 265.36789417266846 162.5142822265625 265.36789417266846
163.74038696289062 252.12362670898438 186.26820182800293 252.12362670898438 186.26820182800293 266.8358278274536 163.74038696289062 266.8358278274536
163.57748413085938 250.6425323486328 188.33235549926758 250.6425323486328 188.33235549926758 267.3217372894287 163.57748413085938 267.3217372894287
164.6799774169922 252.37857055664062 187.42876434326172 252.37857055664062 187.42876434326172 269.3537120819092 164.6799774169922 269.3537120819092
166.23208618164062 254.12417602539062 187.49016189575195 254.12417602539062 187.49016189575195 268.85586071014404 166.23208618164062 268.85586071014404
166.2691192626953 255.57791137695312 188.86116790771484 255.57791137695312 188.86116790771484 270.5806608200073 166.2691192626953 270.5806608200073
166.84425354003906 255.6995391845703 188.38436889648438 255.6995391845703 188.38436889648438 271.75843620300293 166.84425354003906 271.75843620300293
166.66592407226562 256.8227844238281 188.89827919006348 256.8227844238281 188.89827919006348 271.6884717941284 166.66592407226562 271.6884717941284
165.3571319580078 259.58856201171875 189.67931938171387 259.58856201171875 189.67931938171387 275.64240646362305 165.3571319580078 275.64240646362305
166.09912109375 260.95977783203125 190.2883186340332 260.95977783203125 190.2883186340332 276.07525062561035 166.09912109375 276.07525062561035
166.36358642578125 260.1907043457031 190.4261817932129 260.1907043457031 190.4261817932129 277.80180168151855 166.36358642578125 277.80180168151855
166.22698974609375 261.0742492675781 190.11452674865723 261.0742492675781 190.11452674865723 277.55828857421875 166.22698974609375 277.55828857421875
166.4796142578125 262.03643798828125 189.93345260620117 262.03643798828125 189.93345260620117 278.013934135437 166.4796142578125 278.013934135437
167.4508056640625 263.41339111328125 189.67873573303223 263.41339111328125 189.67873573303223 280.0316276550293 167.4508056640625 280.0316276550293
166.51808166503906 264.35028076171875 190.24497413635254 264.35028076171875 190.24497413635254 280.4123363494873 166.51808166503906 280.4123363494873
167.2342529296875 264.968994140625 190.7164192199707 264.968994140625 190.7164192199707 282.0258312225342 167.2342529296875 282.0258312225342
167.66207885742188 266.2815856933594 190.75928497314453 266.2815856933594 190.75928497314453 281.0447645187378 167.66207885742188 281.0447645187378
166.4410400390625 265.47100830078125 190.08265686035156 265.47100830078125 190.08265686035156 280.5094118118286 166.4410400390625 280.5094118118286
167.08718872070312 267.010009765625 190.0206813812256 267.010009765625 190.0206813812256 282.7118511199951 167.08718872070312 282.7118511199951
167.38734436035156 266.7037048339844 189.90235900878906 266.7037048339844 189.90235900878906 282.81578636169434 167.38734436035156 282.81578636169434
166.48744201660156 269.09576416015625 191.1897373199463 269.09576416015625 191.1897373199463 284.2745304107666 166.48744201660156 284.2745304107666
166.8283233642578 269.6048889160156 189.59262466430664 269.6048889160156 189.59262466430664 284.83966636657715 166.8283233642578 284.83966636657715
167.1817626953125 269.29345703125 189.29985427856445 269.29345703125 189.29985427856445 284.88636589050293 167.1817626953125 284.88636589050293
166.20462036132812 269.97454833984375 189.83716201782227 269.97454833984375 189.83716201782227 285.13576221466064 166.20462036132812 285.13576221466064
165.20465087890625 271.7385559082031 188.59031867980957 271.7385559082031 188.59031867980957 287.7520065307617 165.20465087890625 287.7520065307617
163.65866088867188 270.530029296875 189.5957908630371 270.530029296875 189.5957908630371 285.8390197753906 163.65866088867188 285.8390197753906
164.2609100341797 270.4801025390625 187.78333282470703 270.4801025390625 187.78333282470703 288.4008159637451 164.2609100341797 288.4008159637451
164.2719268798828 273.4349365234375 188.42504119873047 273.4349365234375 188.42504119873047 289.1229019165039 164.2719268798828 289.1229019165039
163.89479064941406 272.1245422363281 189.12123107910156 272.1245422363281 189.12123107910156 289.36509132385254 163.89479064941406 289.36509132385254
165.3571319580078 275.1064758300781 190.01980209350586 275.1064758300781 190.01980209350586 290.6961364746094 165.3571319580078 290.6961364746094
164.74986267089844 274.38555908203125 190.29957962036133 274.38555908203125 190.29957962036133 290.7957057952881 164.74986267089844 290.7957057952881
164.630859375 275.4537658691406 191.15441513061523 275.4537658691406 191.15441513061523 290.77130126953125 164.630859375 290.77130126953125
164.53933715820312 274.5703125 189.42482376098633 274.5703125 189.42482376098633 292.0826110839844 164.53933715820312 292.0826110839844
164.53408813476562 276.86968994140625 190.2482395172119 276.86968994140625 190.2482395172119 293.2241096496582 164.53408813476562 293.2241096496582
165.45791625976562 277.12310791015625 189.8885841369629 277.12310791015625 189.8885841369629 293.6388053894043 165.45791625976562 293.6388053894043
165.4816131591797 279.04876708984375 190.5023899078369 279.04876708984375 190.5023899078369 295.4541873931885 165.4816131591797 295.4541873931885
165.47402954101562 279.77783203125 189.76046752929688 279.77783203125 189.76046752929688 295.797119140625 165.47402954101562 295.797119140625
165.07855224609375 278.21295166015625 189.37343406677246 278.21295166015625 189.37343406677246 296.7303657531738 165.07855224609375 296.7303657531738
165.38551330566406 279.9606018066406 190.1678009033203 279.9606018066406 190.1678009033203 296.779296875 165.38551330566406 296.779296875
165.82955932617188 281.255615234375 190.50928115844727 281.255615234375 190.50928115844727 297.15081214904785 165.82955932617188 297.15081214904785
165.65823364257812 282.06036376953125 189.91040420532227 282.06036376953125 189.91040420532227 298.05585956573486 165.65823364257812 298.05585956573486
164.63340759277344 282.2886657714844 190.4461784362793 282.2886657714844 190.4461784362793 298.1998996734619 164.63340759277344 298.1998996734619
164.7236328125 283.76617431640625 190.71798133850098 283.76617431640625 190.71798133850098 299.7165050506592 164.7236328125 299.7165050506592
164.18301391601562 283.58074951171875 190.2831268310547 283.58074951171875 190.2831268310547 300.59685134887695 164.18301391601562 300.59685134887695
164.3935546875 283.6539611816406 188.98068237304688 283.6539611816406 188.98068237304688 300.0085563659668 164.3935546875 300.0085563659668
164.0037078857422 284.3602600097656 189.66554260253906 284.3602600097656 189.66554260253906 301.52072525024414 164.0037078857422 301.52072525024414
163.80911254882812 286.23150634765625 188.31694412231445 286.23150634765625 188.31694412231445 302.7115821838379 163.80911254882812 302.7115821838379
163.96670532226562 286.9072265625 187.9847011566162 286.9072265625 187.9847011566162 303.6634635925293 163.96670532226562 303.6634635925293
163.99755859375 285.45330810546875 187.7379493713379 285.45330810546875 187.7379493713379 302.9341697692871 163.99755859375 302.9341697692871
163.08766174316406 288.04058837890625 188.58993530273438 288.04058837890625 188.58993530273438 304.8443717956543 163.08766174316406 304.8443717956543
163.1304473876953 288.37701416015625 188.96889877319336 288.37701416015625 188.96889877319336 304.8747329711914 163.1304473876953 304.8747329711914
163.49380493164062 287.95123291015625 189.0191993713379 287.95123291015625 189.0191993713379 304.9942626953125 163.49380493164062 304.9942626953125
163.1392059326172 290.4751892089844 187.69557189941406 290.4751892089844 187.69557189941406 306.4048738479614 163.1392059326172 306.4048738479614
161.91000366210938 289.674560546875 187.13666915893555 289.674560546875 187.13666915893555 306.64049911499023 161.91000366210938 306.64049911499023
163.5633087158203 291.36529541015625 187.35213470458984 291.36529541015625 187.35213470458984 308.1804885864258 163.5633087158203 308.1804885864258
164.48947143554688 292.37982177734375 189.29343795776367 292.37982177734375 189.29343795776367 308.64619064331055 164.48947143554688 308.64619064331055
166.36041259765625 291.4664306640625 188.9964427947998 291.4664306640625 188.9964427947998 307.98343086242676 166.36041259765625 307.98343086242676
166.6102752685547 293.07672119140625 189.3001251220703 293.07672119140625 189.3001251220703 309.7503032684326 166.6102752685547 309.7503032684326
167.78848266601562 292.64056396484375 191.17001724243164 292.64056396484375 191.17001724243164 308.22029304504395 167.78848266601562 308.22029304504395
168.04632568359375 292.54791259765625 190.67442321777344 292.54791259765625 190.67442321777344 309.79336166381836 168.04632568359375 309.79336166381836
168.75241088867188 294.84423828125 192.37314224243164 294.84423828125 192.37314224243164 312.75500679016113 168.75241088867188 312.75500679016113
169.30538940429688 292.7919921875 193.14928245544434 292.7919921875 193.14928245544434 309.7593517303467 169.30538940429688 309.7593517303467
169.75271606445312 292.45367431640625 195.16435623168945 292.45367431640625 195.16435623168945 312.78297996520996 169.75271606445312 312.78297996520996
169.1633758544922 295.2853088378906 192.31442832946777 295.2853088378906 192.31442832946777 311.6535816192627 169.1633758544922 311.6535816192627
169.83258056640625 292.2439270019531 195.6405735015869 292.2439270019531 195.6405735015869 312.89031410217285 169.83258056640625 312.89031410217285
170.21287536621094 291.1427917480469 195.89180374145508 291.1427917480469 195.89180374145508 311.6859245300293 170.21287536621094 311.6859245300293
168.61328125 292.6575622558594 194.19504165649414 292.6575622558594 194.19504165649414 313.1229610443115 168.61328125 313.1229610443115
169.77320861816406 292.15423583984375 194.95625686645508 292.15423583984375 194.95625686645508 312.30066871643066 169.77320861816406 312.30066871643066
169.95791625976562 292.86981201171875 195.1691780090332 292.86981201171875 195.1691780090332 313.03881454467773 169.95791625976562 313.03881454467773
169.09852600097656 300.3824768066406 194.308256149292 300.3824768066406 194.308256149292 320.55025482177734 169.09852600097656 320.55025482177734
183.01693725585938 334.56695556640625 207.84828567504883 334.56695556640625 207.84828567504883 354.4320297241211 183.01693725585938 354.4320297241211
184.04788208007812 332.0157775878906 208.73983573913574 332.0157775878906 208.73983573913574 351.76933670043945 184.04788208007812 351.76933670043945
194.7354278564453 335.07574462890625 219.90069389343262 335.07574462890625 219.90069389343262 355.2079563140869 194.7354278564453 355.2079563140869
195.08554077148438 334.9790954589844 220.74569702148438 334.9790954589844 220.74569702148438 355.5072212219238 195.08554077148438 355.5072212219238
190.87374877929688 334.3704833984375 216.46593856811523 334.3704833984375 216.46593856811523 354.84423637390137 190.87374877929688 354.84423637390137
194.17156982421875 335.1518249511719 219.94913864135742 335.1518249511719 219.94913864135742 355.77388191223145 194.17156982421875 355.77388191223145
195.44610595703125 334.80865478515625 221.41979598999023 334.80865478515625 221.41979598999023 355.587610244751 195.44610595703125 355.587610244751
193.0669403076172 334.3946228027344 219.5764923095703 334.3946228027344 219.5764923095703 355.60226821899414 193.0669403076172 355.60226821899414
198.5399169921875 334.0358581542969 225.6092586517334 334.0358581542969 225.6092586517334 355.6913356781006 198.5399169921875 355.6913356781006
196.42800903320312 333.75579833984375 223.8005886077881 333.75579833984375 223.8005886077881 355.65386962890625 196.42800903320312 355.65386962890625
190.7017059326172 332.34417724609375 218.03647804260254 332.34417724609375 218.03647804260254 354.2120018005371 190.7017059326172 354.2120018005371
190.575439453125 332.6446533203125 218.45458984375 332.6446533203125 218.45458984375 354.9479789733887 190.575439453125 354.9479789733887
190.9922637939453 333.4727478027344 219.4527072906494 333.4727478027344 219.4527072906494 356.2411079406738 190.9922637939453 356.2411079406738
192.30429077148438 334.8044738769531 220.8335723876953 334.8044738769531 220.8335723876953 357.62790298461914 192.30429077148438 357.62790298461914
195.2479248046875 332.93426513671875 224.30950546264648 332.93426513671875 224.30950546264648 356.18353271484375 195.2479248046875 356.18353271484375
189.98744201660156 333.22723388671875 219.1671848297119 333.22723388671875 219.1671848297119 356.57102966308594 189.98744201660156 356.57102966308594
189.79019165039062 332.85186767578125 219.59694290161133 332.85186767578125 219.59694290161133 356.69726943969727 189.79019165039062 356.69726943969727
190.16567993164062 333.18865966796875 220.04156112670898 333.18865966796875 220.04156112670898 357.08936500549316 190.16567993164062 357.08936500549316
191.51614379882812 333.75311279296875 222.27396774291992 333.75311279296875 222.27396774291992 358.35937118530273 191.51614379882812 358.35937118530273
191.6062774658203 332.519287109375 222.4895534515381 332.519287109375 222.4895534515381 357.2259063720703 191.6062774658203 357.2259063720703
190.33804321289062 332.9201965332031 221.69049072265625 332.9201965332031 221.69049072265625 358.0021553039551 190.33804321289062 358.0021553039551
182.57656860351562 320.16485595703125 213.71795082092285 320.16485595703125 213.71795082092285 345.0779628753662 182.57656860351562 345.0779628753662
184.11087036132812 322.590087890625 215.36455154418945 322.590087890625 215.36455154418945 347.5930347442627 184.11087036132812 347.5930347442627
180.51275634765625 319.12139892578125 210.78627586364746 319.12139892578125 210.78627586364746 337.2060832977295 180.51275634765625 337.2060832977295
181.80284118652344 318.83514404296875 211.81450843811035 318.83514404296875 211.81450843811035 336.92523765563965 181.80284118652344 336.92523765563965
180.55447387695312 320.21942138671875 211.46248817443848 320.21942138671875 211.46248817443848 338.7790641784668 180.55447387695312 338.7790641784668
180.88525390625 320.2793273925781 210.29896545410156 320.2793273925781 210.29896545410156 337.8058853149414 180.88525390625 337.8058853149414
182.11688232421875 320.59967041015625 209.91240310668945 320.59967041015625 209.91240310668945 338.50879287719727 182.11688232421875 338.50879287719727
181.4593963623047 321.1105651855469 210.52761840820312 321.1105651855469 210.52761840820312 338.7927551269531 181.4593963623047 338.7927551269531
181.90573120117188 322.45947265625 211.85264205932617 322.45947265625 211.85264205932617 340.4651279449463 181.90573120117188 340.4651279449463
181.97120666503906 322.38983154296875 210.5210723876953 322.38983154296875 210.5210723876953 340.14333724975586 181.97120666503906 340.14333724975586
181.62925720214844 323.78875732421875 212.61002731323242 323.78875732421875 212.61002731323242 340.9208068847656 181.62925720214844 340.9208068847656
181.68251037597656 323.9664611816406 211.7208137512207 323.9664611816406 211.7208137512207 342.65365982055664 181.68251037597656 342.65365982055664
180.47988891601562 323.28045654296875 212.9474868774414 323.28045654296875 212.9474868774414 342.2622871398926 180.47988891601562 342.2622871398926
181.64024353027344 324.9322204589844 213.19286727905273 324.9322204589844 213.19286727905273 342.8156147003174 181.64024353027344 342.8156147003174
182.9636688232422 327.54168701171875 213.91354751586914 327.54168701171875 213.91354751586914 344.27423095703125 182.9636688232422 344.27423095703125
183.04544067382812 326.8408203125 212.8485164642334 326.8408203125 212.8485164642334 344.56266593933105 183.04544067382812 344.56266593933105
183.80172729492188 326.44061279296875 212.89532852172852 326.44061279296875 212.89532852172852 344.2529582977295 183.80172729492188 344.2529582977295
184.2369384765625 328.58026123046875 214.795654296875 328.58026123046875 214.795654296875 346.66171073913574 184.2369384765625 346.66171073913574
182.18258666992188 325.9663391113281 213.09976196289062 325.9663391113281 213.09976196289062 344.31603240966797 182.18258666992188 344.31603240966797
185.3542938232422 328.53204345703125 213.5556240081787 328.53204345703125 213.5556240081787 347.2181816101074 185.3542938232422 347.2181816101074
186.0182342529297 329.9591979980469 213.90472030639648 329.9591979980469 213.90472030639648 347.39356994628906 186.0182342529297 347.39356994628906
185.55435180664062 329.24884033203125 213.73744583129883 329.24884033203125 213.73744583129883 347.21812629699707 185.55435180664062 347.21812629699707
186.83558654785156 329.4823913574219 214.8253116607666 329.4823913574219 214.8253116607666 347.7437801361084 186.83558654785156 347.7437801361084
187.2316131591797 330.8338317871094 215.54982948303223 330.8338317871094 215.54982948303223 348.6786460876465 187.2316131591797 348.6786460876465
186.43185424804688 331.0547790527344 216.55813026428223 331.0547790527344 216.55813026428223 350.0136070251465 186.43185424804688 350.0136070251465
186.3909149169922 329.71575927734375 216.77886581420898 329.71575927734375 216.77886581420898 349.5433654785156 186.3909149169922 349.5433654785156
187.59690856933594 331.08441162109375 215.10567665100098 331.08441162109375 215.10567665100098 350.00441551208496 187.59690856933594 350.00441551208496
187.64833068847656 333.50189208984375 215.7927360534668 333.50189208984375 215.7927360534668 350.0439758300781 187.64833068847656 350.0439758300781
186.6405487060547 330.9250183105469 216.4028434753418 330.9250183105469 216.4028434753418 350.44072341918945 186.6405487060547 350.44072341918945
187.98355102539062 332.46484375 216.36036109924316 332.46484375 216.36036109924316 350.6958351135254 187.98355102539062 350.6958351135254
188.7751922607422 333.1368103027344 216.67917823791504 333.1368103027344 216.67917823791504 351.2350540161133 188.7751922607422 351.2350540161133
187.52130126953125 332.18994140625 216.19717407226562 332.18994140625 216.19717407226562 351.5317573547363 187.52130126953125 351.5317573547363
188.086181640625 333.1069641113281 216.02999877929688 333.1069641113281 216.02999877929688 351.4211368560791 188.086181640625 351.4211368560791
188.99581909179688 334.81146240234375 215.66080284118652 334.81146240234375 215.66080284118652 352.0759735107422 188.99581909179688 352.0759735107422
188.4475555419922 333.6543884277344 216.6500358581543 333.6543884277344 216.6500358581543 351.21796226501465 188.4475555419922 351.21796226501465
