761.0 271.0 785.0 271.0 785.0 341.0 761.0 341.0
761.9137573242188 270.62139892578125 785.6045265197754 270.62139892578125 785.6045265197754 341.8445510864258 761.9137573242188 341.8445510864258
761.353271484375 270.2666015625 784.6343879699707 270.2666015625 784.6343879699707 340.20059967041016 761.353271484375 340.20059967041016
761.5803833007812 272.95318603515625 784.7750434875488 272.95318603515625 784.7750434875488 342.8662796020508 761.5803833007812 342.8662796020508
763.3841552734375 274.325927734375 787.1227531433105 274.325927734375 787.1227531433105 343.4387435913086 763.3841552734375 343.4387435913086
761.7169799804688 271.3144226074219 786.2130336761475 271.3144226074219 786.2130336761475 342.76124572753906 761.7169799804688 342.76124572753906
756.2923583984375 275.424072265625 780.5883750915527 275.424072265625 780.5883750915527 343.65924072265625 756.2923583984375 343.65924072265625
762.96142578125 276.00213623046875 787.6626224517822 276.00213623046875 787.6626224517822 347.0254364013672 762.96142578125 347.0254364013672
780.6759643554688 277.1924743652344 804.310489654541 277.1924743652344 804.310489654541 346.5188446044922 780.6759643554688 346.5188446044922
767.2476806640625 279.28570556640625 791.5702018737793 279.28570556640625 791.5702018737793 347.6824645996094 767.2476806640625 347.6824645996094
766.8433837890625 277.552001953125 790.4224166870117 277.552001953125 790.4224166870117 346.9667205810547 766.8433837890625 346.9667205810547
766.6605224609375 279.59185791015625 789.4641056060791 279.59185791015625 789.4641056060791 346.77073669433594 766.6605224609375 346.77073669433594
773.980224609375 279.32489013671875 796.3449878692627 279.32489013671875 796.3449878692627 348.62135314941406 773.980224609375 348.62135314941406
766.3511962890625 278.66046142578125 790.6896305084229 278.66046142578125 790.6896305084229 347.83174896240234 766.3511962890625 347.83174896240234
766.3704833984375 279.9010925292969 789.8977394104004 279.9010925292969 789.8977394104004 349.4027557373047 766.3704833984375 349.4027557373047
765.6114501953125 279.598876953125 788.9376678466797 279.598876953125 788.9376678466797 351.75328826904297 765.6114501953125 351.75328826904297
764.6624755859375 280.1620178222656 787.7898483276367 280.1620178222656 787.7898483276367 353.1276626586914 764.6624755859375 353.1276626586914
762.75341796875 278.5023498535156 785.5805206298828 278.5023498535156 785.5805206298828 352.3656463623047 762.75341796875 352.3656463623047
761.4434814453125 277.7933044433594 784.4812908172607 277.7933044433594 784.4812908172607 352.60618591308594 761.4434814453125 352.60618591308594
758.4339599609375 275.1628723144531 783.668212890625 275.1628723144531 783.668212890625 348.7424621582031 758.4339599609375 348.7424621582031
755.647705078125 279.21478271484375 780.5376987457275 279.21478271484375 780.5376987457275 352.75106048583984 755.647705078125 352.75106048583984
755.123046875 283.2769470214844 778.4160480499268 283.2769470214844 778.4160480499268 355.60913848876953 755.123046875 355.60913848876953
754.5908203125 284.3172302246094 779.7422351837158 284.3172302246094 779.7422351837158 356.33460998535156 754.5908203125 356.33460998535156
753.3868408203125 285.2529296875 778.5873680114746 285.2529296875 778.5873680114746 358.1634521484375 753.3868408203125 358.1634521484375
751.7423706054688 285.2627868652344 777.1536521911621 285.2627868652344 777.1536521911621 360.5827331542969 751.7423706054688 360.5827331542969
752.4967041015625 286.0128479003906 776.933536529541 286.0128479003906 776.933536529541 360.99183654785156 752.4967041015625 360.99183654785156
752.7233276367188 287.10601806640625 776.9915981292725 287.10601806640625 776.9915981292725 360.86952209472656 752.7233276367188 360.86952209472656
752.8179931640625 288.1587219238281 776.3856258392334 288.1587219238281 776.3856258392334 361.9652862548828 752.8179931640625 361.9652862548828
754.1781005859375 287.37847900390625 776.7537631988525 287.37847900390625 776.7537631988525 362.23348236083984 754.1781005859375 362.23348236083984
752.5670776367188 285.26837158203125 776.6150970458984 285.26837158203125 776.6150970458984 359.4712142944336 752.5670776367188 359.4712142944336
749.9028930664062 286.02490234375 775.2345485687256 286.02490234375 775.2345485687256 359.9088592529297 749.9028930664062 359.9088592529297
751.43603515625 284.2445983886719 777.272912979126 284.2445983886719 777.272912979126 359.6021194458008 751.43603515625 359.6021194458008
752.9172973632812 291.0914001464844 776.0727634429932 291.0914001464844 776.0727634429932 361.78369903564453 752.9172973632812 361.78369903564453
752.2003173828125 291.4066162109375 775.9609642028809 291.4066162109375 775.9609642028809 361.8800964355469 752.2003173828125 361.8800964355469
751.3714599609375 293.497802734375 775.2615337371826 293.497802734375 775.2615337371826 364.45003509521484 751.3714599609375 364.45003509521484
750.17626953125 295.8551330566406 774.4866638183594 295.8551330566406 774.4866638183594 363.4316864013672 750.17626953125 363.4316864013672
748.0096435546875 297.48443603515625 774.6619625091553 297.48443603515625 774.6619625091553 365.1089630126953 748.0096435546875 365.1089630126953
745.6173706054688 297.79339599609375 772.8811550140381 297.79339599609375 772.8811550140381 366.6728744506836 745.6173706054688 366.6728744506836
742.4835205078125 299.3421630859375 769.0191955566406 299.3421630859375 769.0191955566406 367.29764556884766 742.4835205078125 367.29764556884766
744.2850952148438 293.2515563964844 770.416015625 293.2515563964844 770.416015625 369.46669006347656 744.2850952148438 369.46669006347656
729.8643798828125 292.0465087890625 754.1970252990723 292.0465087890625 754.1970252990723 362.7633361816406 729.8643798828125 362.7633361816406
725.7266845703125 289.7909851074219 749.8652534484863 289.7909851074219 749.8652534484863 360.18502044677734 725.7266845703125 360.18502044677734
720.3865966796875 284.35772705078125 745.2278995513916 284.35772705078125 745.2278995513916 356.60182189941406 720.3865966796875 356.60182189941406
720.1771240234375 279.9077453613281 744.5910606384277 279.9077453613281 744.5910606384277 349.4476776123047 720.1771240234375 349.4476776123047
719.498291015625 280.01654052734375 743.0328159332275 280.01654052734375 743.0328159332275 349.2191925048828 719.498291015625 349.2191925048828
716.5997314453125 282.0814514160156 740.9451656341553 282.0814514160156 740.9451656341553 349.34519958496094 716.5997314453125 349.34519958496094
711.2425537109375 286.0238037109375 736.3914279937744 286.0238037109375 736.3914279937744 355.82427978515625 711.2425537109375 355.82427978515625
710.0438232421875 288.50128173828125 734.9982299804688 288.50128173828125 734.9982299804688 359.11778259277344 710.0438232421875 359.11778259277344
705.8055419921875 293.7686462402344 730.2522640228271 293.7686462402344 730.2522640228271 365.0773391723633 705.8055419921875 365.0773391723633
702.9338989257812 305.3854064941406 726.8038673400879 305.3854064941406 726.8038673400879 373.1924133300781 702.9338989257812 373.1924133300781
701.8353271484375 309.6719665527344 726.0092849731445 309.6719665527344 726.0092849731445 382.4873504638672 701.8353271484375 382.4873504638672
704.04736328125 314.388427734375 728.0695095062256 314.388427734375 728.0695095062256 385.4295196533203 704.04736328125 385.4295196533203
706.5753173828125 315.0790100097656 732.0557975769043 315.0790100097656 732.0557975769043 386.27649688720703 706.5753173828125 386.27649688720703
713.51123046875 311.93133544921875 738.4555721282959 311.93133544921875 738.4555721282959 385.8937683105469 713.51123046875 385.8937683105469
719.6390380859375 305.67822265625 745.6654167175293 305.67822265625 745.6654167175293 379.38238525390625 719.6390380859375 379.38238525390625
724.0647583007812 296.7193908691406 750.4870147705078 296.7193908691406 750.4870147705078 370.7317581176758 724.0647583007812 370.7317581176758
725.5559692382812 284.62469482421875 752.3963623046875 284.62469482421875 752.3963623046875 360.15836334228516 725.5559692382812 360.15836334228516
729.0331420898438 283.87652587890625 756.6474857330322 283.87652587890625 756.6474857330322 353.7669906616211 729.0331420898438 353.7669906616211
733.7863159179688 282.9267272949219 761.4407234191895 282.9267272949219 761.4407234191895 352.3799285888672 733.7863159179688 352.3799285888672
735.0501708984375 287.4462890625 763.7191562652588 287.4462890625 763.7191562652588 356.53221130371094 735.0501708984375 356.53221130371094
756.4319458007812 291.2337341308594 781.4642333984375 291.2337341308594 781.4642333984375 363.2437210083008 756.4319458007812 363.2437210083008
738.7452392578125 304.0972595214844 765.7202816009521 304.0972595214844 765.7202816009521 372.0197067260742 738.7452392578125 372.0197067260742
741.360595703125 309.06903076171875 768.4697227478027 309.06903076171875 768.4697227478027 381.6852264404297 741.360595703125 381.6852264404297
743.4125366210938 315.08380126953125 771.2660312652588 315.08380126953125 771.2660312652588 386.43294525146484 743.4125366210938 386.43294525146484
744.4340209960938 315.0986022949219 770.0913276672363 315.0986022949219 770.0913276672363 388.3792037963867 744.4340209960938 388.3792037963867
743.9075927734375 313.8675842285156 768.899772644043 313.8675842285156 768.899772644043 387.074462890625 743.9075927734375 387.074462890625
743.647216796875 310.4346923828125 769.104513168335 310.4346923828125 769.104513168335 385.888671875 743.647216796875 385.888671875
743.3333740234375 310.4941711425781 768.2895317077637 310.4941711425781 768.2895317077637 382.89937591552734 743.3333740234375 382.89937591552734
743.0343627929688 307.5874938964844 766.6024703979492 307.5874938964844 766.6024703979492 382.8691864013672 743.0343627929688 382.8691864013672
741.9713134765625 304.65704345703125 766.3927783966064 304.65704345703125 766.3927783966064 379.2251205444336 741.9713134765625 379.2251205444336
742.5040893554688 300.0908508300781 767.5948486328125 300.0908508300781 767.5948486328125 378.28868103027344 742.5040893554688 378.28868103027344
741.9642333984375 299.85113525390625 767.0710201263428 299.85113525390625 767.0710201263428 376.9821243286133 741.9642333984375 376.9821243286133
740.5811157226562 298.3399353027344 767.0328826904297 298.3399353027344 767.0328826904297 377.5750045776367 740.5811157226562 377.5750045776367
739.2491455078125 297.8910827636719 765.0633811950684 297.8910827636719 765.0633811950684 376.72367095947266 739.2491455078125 376.72367095947266
736.5316772460938 295.40203857421875 762.5704555511475 295.40203857421875 762.5704555511475 372.86822509765625 736.5316772460938 372.86822509765625
737.0819702148438 291.536376953125 762.2772674560547 291.536376953125 762.2772674560547 371.38172912597656 737.0819702148438 371.38172912597656
737.3018798828125 286.9961242675781 764.9998111724854 286.9961242675781 764.9998111724854 367.2961654663086 737.3018798828125 367.2961654663086
742.123779296875 289.58935546875 769.8177127838135 289.58935546875 769.8177127838135 367.02203369140625 742.123779296875 367.02203369140625
742.5748291015625 290.00982666015625 772.123104095459 290.00982666015625 772.123104095459 362.99829864501953 742.5748291015625 362.99829864501953
744.9547729492188 292.7834167480469 774.1357021331787 292.7834167480469 774.1357021331787 364.2548294067383 744.9547729492188 364.2548294067383
747.5883178710938 296.1187744140625 776.7451286315918 296.1187744140625 776.7451286315918 368.8419952392578 747.5883178710938 368.8419952392578
750.3218994140625 299.26849365234375 778.6620273590088 299.26849365234375 778.6620273590088 372.65394592285156 750.3218994140625 372.65394592285156
749.4942626953125 298.3821716308594 777.406925201416 298.3821716308594 777.406925201416 374.3899230957031 749.4942626953125 374.3899230957031
749.8560791015625 299.86700439453125 777.3643741607666 299.86700439453125 777.3643741607666 375.6806411743164 749.8560791015625 375.6806411743164
751.8120727539062 303.48114013671875 778.3614864349365 303.48114013671875 778.3614864349365 379.11157989501953 751.8120727539062 379.11157989501953
753.4956665039062 302.4765930175781 779.6094360351562 302.4765930175781 779.6094360351562 379.62989807128906 753.4956665039062 379.62989807128906
755.7547607421875 302.56744384765625 782.9070072174072 302.56744384765625 782.9070072174072 381.74700927734375 755.7547607421875 381.74700927734375
759.1452026367188 304.9561462402344 787.1505699157715 304.9561462402344 787.1505699157715 382.27191162109375 759.1452026367188 382.27191162109375
760.7285766601562 308.40435791015625 788.7930183410645 308.40435791015625 788.7930183410645 383.69002532958984 760.7285766601562 383.69002532958984
761.5394287109375 308.93597412109375 789.6371917724609 308.93597412109375 789.6371917724609 386.64713287353516 761.5394287109375 386.64713287353516
757.7471923828125 311.9878845214844 787.5139255523682 311.9878845214844 787.5139255523682 387.6943893432617 757.7471923828125 387.6943893432617
754.6986083984375 309.8221740722656 785.0919284820557 309.8221740722656 785.0919284820557 392.5409240722656 754.6986083984375 392.5409240722656
754.6802978515625 309.8115234375 783.6353569030762 309.8115234375 783.6353569030762 390.2534866333008 754.6802978515625 390.2534866333008
754.4722900390625 308.93829345703125 782.4854164123535 308.93829345703125 782.4854164123535 390.556640625 754.4722900390625 390.556640625
753.78564453125 307.5691833496094 781.8833465576172 307.5691833496094 781.8833465576172 390.3459930419922 753.78564453125 390.3459930419922
752.1825561523438 308.20904541015625 780.5782165527344 308.20904541015625 780.5782165527344 390.7342987060547 752.1825561523438 390.7342987060547
751.9404296875 305.74176025390625 780.4899482727051 305.74176025390625 780.4899482727051 389.97042083740234 751.9404296875 389.97042083740234
750.603759765625 306.79119873046875 779.1494235992432 306.79119873046875 779.1494235992432 391.3440170288086 750.603759765625 391.3440170288086
748.5740966796875 309.0185546875 776.0846672058105 309.0185546875 776.0846672058105 392.79651641845703 748.5740966796875 392.79651641845703
749.6845703125 307.7862854003906 776.8591194152832 307.7862854003906 776.8591194152832 392.1974563598633 749.6845703125 392.1974563598633
744.2726440429688 310.34417724609375 772.2138614654541 310.34417724609375 772.2138614654541 393.91590118408203 744.2726440429688 393.91590118408203
742.3477783203125 309.73333740234375 771.3427886962891 309.73333740234375 771.3427886962891 392.8110885620117 742.3477783203125 392.8110885620117
740.6018676757812 310.3621520996094 768.9822807312012 310.3621520996094 768.9822807312012 390.6319122314453 740.6018676757812 390.6319122314453
741.094970703125 308.41790771484375 767.4691314697266 308.41790771484375 767.4691314697266 387.3075866699219 741.094970703125 387.3075866699219
742.0582275390625 306.85430908203125 768.1033267974854 306.85430908203125 768.1033267974854 384.0754852294922 742.0582275390625 384.0754852294922
742.6368408203125 302.08734130859375 770.9014129638672 302.08734130859375 770.9014129638672 380.79683685302734 742.6368408203125 380.79683685302734
742.7107543945312 300.13677978515625 772.0264091491699 300.13677978515625 772.0264091491699 379.7705993652344 742.7107543945312 379.7705993652344
743.3497314453125 301.3382873535156 770.9370765686035 301.3382873535156 770.9370765686035 381.3698425292969 743.3497314453125 381.3698425292969
742.7645263671875 300.52880859375 770.6147041320801 300.52880859375 770.6147041320801 380.5096206665039 742.7645263671875 380.5096206665039
742.705322265625 302.93646240234375 770.8541011810303 302.93646240234375 770.8541011810303 379.47474670410156 742.705322265625 379.47474670410156
746.1336669921875 303.2198486328125 773.8189430236816 303.2198486328125 773.8189430236816 384.013427734375 746.1336669921875 384.013427734375
745.5635986328125 304.842529296875 774.3747596740723 304.842529296875 774.3747596740723 382.7835235595703 745.5635986328125 382.7835235595703
747.768798828125 306.5191955566406 777.0736045837402 306.5191955566406 777.0736045837402 385.9937057495117 747.768798828125 385.9937057495117
748.5930786132812 307.849609375 778.6146945953369 307.849609375 778.6146945953369 389.8117446899414 748.5930786132812 389.8117446899414
747.8077392578125 312.4560852050781 776.9425621032715 312.4560852050781 776.9425621032715 389.09947204589844 747.8077392578125 389.09947204589844
750.5038452148438 312.14447021484375 779.1600399017334 312.14447021484375 779.1600399017334 391.20054626464844 750.5038452148438 391.20054626464844
750.5980224609375 310.4384460449219 778.989953994751 310.4384460449219 778.989953994751 393.14231872558594 750.5980224609375 393.14231872558594
750.0018920898438 310.394287109375 778.2830200195312 310.394287109375 778.2830200195312 393.87535095214844 750.0018920898438 393.87535095214844
750.564697265625 310.99951171875 779.20751953125 310.99951171875 779.20751953125 393.7180709838867 750.564697265625 393.7180709838867
749.3812255859375 308.00506591796875 778.7966270446777 308.00506591796875 778.7966270446777 392.76424407958984 749.3812255859375 392.76424407958984
748.3765258789062 305.592041015625 778.1136169433594 305.592041015625 778.1136169433594 392.10315704345703 748.3765258789062 392.10315704345703
750.4895629882812 305.87652587890625 779.7765922546387 305.87652587890625 779.7765922546387 392.3133087158203 750.4895629882812 392.3133087158203
751.9521484375 307.5513916015625 781.2906703948975 307.5513916015625 781.2906703948975 392.13645935058594 751.9521484375 392.13645935058594
751.6763305664062 309.1352233886719 781.3220634460449 309.1352233886719 781.3220634460449 392.1419143676758 751.6763305664062 392.1419143676758
750.9749755859375 309.2939453125 781.6519508361816 309.2939453125 781.6519508361816 393.99314880371094 750.9749755859375 393.99314880371094
753.1395263671875 310.5860900878906 782.4927062988281 310.5860900878906 782.4927062988281 395.56202697753906 753.1395263671875 395.56202697753906
754.15283203125 310.534912109375 783.2104454040527 310.534912109375 783.2104454040527 394.82967376708984 754.15283203125 394.82967376708984
754.1439208984375 309.5082092285156 783.4786128997803 309.5082092285156 783.4786128997803 393.29457092285156 754.1439208984375 393.29457092285156
755.7083740234375 311.82122802734375 782.2432155609131 311.82122802734375 782.2432155609131 394.29486083984375 755.7083740234375 394.29486083984375
756.3609008789062 310.35302734375 781.7180442810059 310.35302734375 781.7180442810059 393.2370376586914 756.3609008789062 393.2370376586914
756.7156982421875 310.92901611328125 784.8860282897949 310.92901611328125 784.8860282897949 394.04612731933594 756.7156982421875 394.04612731933594
757.8826904296875 311.57867431640625 786.9678688049316 311.57867431640625 786.9678688049316 392.6004867553711 757.8826904296875 392.6004867553711
759.4652099609375 311.0567321777344 789.52366065979 311.0567321777344 789.52366065979 393.8983154296875 759.4652099609375 393.8983154296875
759.9996948242188 308.6129455566406 789.6167392730713 308.6129455566406 789.6167392730713 391.56651306152344 759.9996948242188 391.56651306152344
760.1292724609375 310.6181640625 789.9624366760254 310.6181640625 789.9624366760254 391.74354553222656 760.1292724609375 391.74354553222656
762.9285888671875 310.11505126953125 791.043888092041 310.11505126953125 791.043888092041 388.89969635009766 762.9285888671875 388.89969635009766
763.8033447265625 311.60882568359375 792.78173828125 311.60882568359375 792.78173828125 387.99964141845703 763.8033447265625 387.99964141845703
766.28759765625 310.15557861328125 795.0393772125244 310.15557861328125 795.0393772125244 386.70021057128906 766.28759765625 386.70021057128906
767.2347412109375 311.8122253417969 795.8585624694824 311.8122253417969 795.8585624694824 386.1886291503906 767.2347412109375 386.1886291503906
768.333740234375 313.1301574707031 797.174596786499 313.1301574707031 797.174596786499 388.1672668457031 768.333740234375 388.1672668457031
770.9383544921875 313.6360778808594 798.8681831359863 313.6360778808594 798.8681831359863 389.0705108642578 770.9383544921875 389.0705108642578
772.475830078125 314.5469970703125 800.7639656066895 314.5469970703125 800.7639656066895 390.8116912841797 772.475830078125 390.8116912841797
773.5481567382812 314.4176025390625 802.3451728820801 314.4176025390625 802.3451728820801 391.5436706542969 773.5481567382812 391.5436706542969
775.6520385742188 313.1993713378906 805.7245979309082 313.1993713378906 805.7245979309082 395.61695861816406 775.6520385742188 395.61695861816406
776.3958740234375 314.758544921875 808.130802154541 314.758544921875 808.130802154541 395.3292922973633 776.3958740234375 395.3292922973633
778.3961181640625 315.16851806640625 808.9048519134521 315.16851806640625 808.9048519134521 398.8545379638672 778.3961181640625 398.8545379638672
780.531494140625 316.0196838378906 809.4192771911621 316.0196838378906 809.4192771911621 400.9388732910156 780.531494140625 400.9388732910156
780.9149169921875 316.94830322265625 810.6265411376953 316.94830322265625 810.6265411376953 401.9060287475586 780.9149169921875 401.9060287475586
782.202880859375 318.85595703125 812.0666809082031 318.85595703125 812.0666809082031 403.9936828613281 782.202880859375 403.9936828613281
783.9259033203125 321.0191955566406 813.42795753479 321.0191955566406 813.42795753479 405.06724548339844 783.9259033203125 405.06724548339844
784.7264404296875 321.5316162109375 813.3975925445557 321.5316162109375 813.3975925445557 405.87381744384766 784.7264404296875 405.87381744384766
784.9006958007812 322.5494384765625 812.356912612915 322.5494384765625 812.356912612915 406.2983856201172 784.9006958007812 406.2983856201172
786.4688720703125 322.3714904785156 813.8677787780762 322.3714904785156 813.8677787780762 409.8687286376953 786.4688720703125 409.8687286376953
785.2654418945312 326.5008239746094 813.7712516784668 326.5008239746094 813.7712516784668 408.9178695678711 785.2654418945312 408.9178695678711
784.9096069335938 326.3089294433594 813.178897857666 326.3089294433594 813.178897857666 408.1477508544922 784.9096069335938 408.1477508544922
785.2760009765625 326.3611755371094 812.3160552978516 326.3611755371094 812.3160552978516 409.1003189086914 785.2760009765625 409.1003189086914
784.7296752929688 324.4097595214844 812.6849460601807 324.4097595214844 812.6849460601807 406.3174743652344 784.7296752929688 406.3174743652344
783.763671875 326.6734924316406 812.6440849304199 326.6734924316406 812.6440849304199 404.7592239379883 783.763671875 404.7592239379883
782.6199951171875 323.92364501953125 812.3512840270996 323.92364501953125 812.3512840270996 402.99161529541016 782.6199951171875 402.99161529541016
782.6507568359375 320.237548828125 813.2623863220215 320.237548828125 813.2623863220215 400.93238830566406 782.6507568359375 400.93238830566406
783.7911987304688 318.624267578125 813.2662715911865 318.624267578125 813.2662715911865 397.29715728759766 783.7911987304688 397.29715728759766
782.4742431640625 319.351806640625 812.4080142974854 319.351806640625 812.4080142974854 396.68601989746094 782.4742431640625 396.68601989746094
782.2359619140625 319.5593566894531 812.1851749420166 319.5593566894531 812.1851749420166 398.7360305786133 782.2359619140625 398.7360305786133
782.4130249023438 318.69195556640625 812.4979763031006 318.69195556640625 812.4979763031006 398.2405319213867 782.4130249023438 398.2405319213867
782.1488037109375 319.19232177734375 811.8131923675537 319.19232177734375 811.8131923675537 397.55883026123047 782.1488037109375 397.55883026123047
780.7176513671875 319.3115234375 810.7692565917969 319.3115234375 810.7692565917969 396.1743621826172 780.7176513671875 396.1743621826172
780.4425048828125 318.22479248046875 810.9472904205322 318.22479248046875 810.9472904205322 398.4019012451172 780.4425048828125 398.4019012451172
781.9176025390625 318.41864013671875 809.4630222320557 318.41864013671875 809.4630222320557 397.49427032470703 781.9176025390625 397.49427032470703
784.0548095703125 317.3409729003906 809.7997169494629 317.3409729003906 809.7997169494629 396.2261734008789 784.0548095703125 396.2261734008789
782.3881225585938 318.5621032714844 808.4325065612793 318.5621032714844 808.4325065612793 395.84168243408203 782.3881225585938 395.84168243408203
781.2169799804688 317.6902160644531 808.5604801177979 317.6902160644531 808.5604801177979 397.344970703125 781.2169799804688 397.344970703125
782.2835693359375 315.86065673828125 808.1696662902832 315.86065673828125 808.1696662902832 396.3212127685547 782.2835693359375 396.3212127685547
781.1146850585938 315.37158203125 807.6885795593262 315.37158203125 807.6885795593262 397.862548828125 781.1146850585938 397.862548828125
780.3777465820312 314.51312255859375 806.425724029541 314.51312255859375 806.425724029541 397.27123260498047 780.3777465820312 397.27123260498047
780.1151123046875 313.8824768066406 806.1115379333496 313.8824768066406 806.1115379333496 397.8850555419922 780.1151123046875 397.8850555419922
779.4403076171875 312.6675109863281 807.1695041656494 312.6675109863281 807.1695041656494 399.2151336669922 779.4403076171875 399.2151336669922
779.7232666015625 312.06231689453125 808.1745300292969 312.06231689453125 808.1745300292969 398.4077606201172 779.7232666015625 398.4077606201172
781.3887329101562 311.9713439941406 809.7650566101074 311.9713439941406 809.7650566101074 397.6954803466797 781.3887329101562 397.6954803466797
782.4237060546875 312.3456115722656 811.2538452148438 312.3456115722656 811.2538452148438 397.46671295166016 782.4237060546875 397.46671295166016
783.741943359375 312.71429443359375 811.8375511169434 312.71429443359375 811.8375511169434 397.29805755615234 783.741943359375 397.29805755615234
787.0228271484375 311.66192626953125 814.4872779846191 311.66192626953125 814.4872779846191 397.09388732910156 787.0228271484375 397.09388732910156
787.5321044921875 310.13299560546875 814.7121276855469 310.13299560546875 814.7121276855469 397.7430648803711 787.5321044921875 397.7430648803711
787.4724731445312 312.5092468261719 813.9895668029785 312.5092468261719 813.9895668029785 397.8717498779297 787.4724731445312 397.8717498779297
787.0037231445312 314.39739990234375 813.9456634521484 314.39739990234375 813.9456634521484 397.86600494384766 787.0037231445312 397.86600494384766
787.4747924804688 313.19244384765625 814.517786026001 313.19244384765625 814.517786026001 396.8011703491211 787.4747924804688 396.8011703491211
786.70556640625 314.4320373535156 815.5156669616699 314.4320373535156 815.5156669616699 399.54456329345703 786.70556640625 399.54456329345703
786.8758544921875 313.2906799316406 815.3079109191895 313.2906799316406 815.3079109191895 396.8428497314453 786.8758544921875 396.8428497314453
787.5255126953125 314.0117492675781 815.829797744751 314.0117492675781 815.829797744751 396.91735076904297 787.5255126953125 396.91735076904297
789.1497802734375 314.64569091796875 816.4729347229004 314.64569091796875 816.4729347229004 396.2159423828125 789.1497802734375 396.2159423828125
788.5108032226562 316.28424072265625 816.9052543640137 316.28424072265625 816.9052543640137 397.9175262451172 788.5108032226562 397.9175262451172
790.6553955078125 317.1141662597656 820.2945976257324 317.1141662597656 820.2945976257324 400.5175247192383 790.6553955078125 400.5175247192383
792.1258544921875 316.78680419921875 822.142261505127 316.78680419921875 822.142261505127 399.1862106323242 792.1258544921875 399.1862106323242
791.7977294921875 315.23748779296875 821.1926879882812 315.23748779296875 821.1926879882812 396.168212890625 791.7977294921875 396.168212890625
791.9688110351562 315.9795227050781 821.9047031402588 315.9795227050781 821.9047031402588 398.1674346923828 791.9688110351562 398.1674346923828
791.7215576171875 315.12042236328125 821.8776340484619 315.12042236328125 821.8776340484619 398.9648208618164 791.7215576171875 398.9648208618164
793.271728515625 312.11431884765625 822.7544555664062 312.11431884765625 822.7544555664062 396.7451629638672 793.271728515625 396.7451629638672
793.9271240234375 309.17510986328125 823.0385704040527 309.17510986328125 823.0385704040527 392.38582611083984 793.9271240234375 392.38582611083984
794.6888427734375 307.04217529296875 824.3903503417969 307.04217529296875 824.3903503417969 390.87742614746094 794.6888427734375 390.87742614746094
796.5469970703125 305.9893798828125 827.0312995910645 305.9893798828125 827.0312995910645 390.7627716064453 796.5469970703125 390.7627716064453
799.0579833984375 302.54974365234375 830.1464176177979 302.54974365234375 830.1464176177979 391.59700775146484 799.0579833984375 391.59700775146484
800.4426879882812 302.6103820800781 830.5889225006104 302.6103820800781 830.5889225006104 392.0327453613281 800.4426879882812 392.0327453613281
802.27490234375 302.52178955078125 829.3164978027344 302.52178955078125 829.3164978027344 392.8892059326172 802.27490234375 392.8892059326172
801.0509033203125 297.36932373046875 829.8458976745605 297.36932373046875 829.8458976745605 388.4686508178711 801.0509033203125 388.4686508178711
799.8634643554688 298.13079833984375 828.9597473144531 298.13079833984375 828.9597473144531 390.2057571411133 799.8634643554688 390.2057571411133
798.9921264648438 298.4901428222656 828.7688484191895 298.4901428222656 828.7688484191895 391.5050735473633 798.9921264648438 391.5050735473633
796.3795166015625 301.1127014160156 825.9725036621094 301.1127014160156 825.9725036621094 392.6735382080078 796.3795166015625 392.6735382080078
796.0718994140625 303.28106689453125 824.7852363586426 303.28106689453125 824.7852363586426 394.94187927246094 796.0718994140625 394.94187927246094
794.3470458984375 303.5663146972656 824.9851379394531 303.5663146972656 824.9851379394531 396.0256805419922 794.3470458984375 396.0256805419922
791.1515502929688 305.4884338378906 822.6110534667969 305.4884338378906 822.6110534667969 396.92350006103516 791.1515502929688 396.92350006103516
790.9097900390625 306.374755859375 820.6886558532715 306.374755859375 820.6886558532715 394.7339782714844 790.9097900390625 394.7339782714844
786.4500732421875 305.30157470703125 818.329870223999 305.30157470703125 818.329870223999 393.4697723388672 786.4500732421875 393.4697723388672
783.5535278320312 305.89434814453125 817.4512710571289 305.89434814453125 817.4512710571289 392.2743835449219 783.5535278320312 392.2743835449219
783.5960693359375 303.82244873046875 815.6775398254395 303.82244873046875 815.6775398254395 389.01953887939453 783.5960693359375 389.01953887939453
782.2128295898438 303.2196350097656 814.9889221191406 303.2196350097656 814.9889221191406 386.9658432006836 782.2128295898438 386.9658432006836
783.7677612304688 299.9878845214844 815.6675872802734 299.9878845214844 815.6675872802734 388.13350677490234 783.7677612304688 388.13350677490234
782.2205810546875 302.0872802734375 814.911563873291 302.0872802734375 814.911563873291 385.08563232421875 782.2205810546875 385.08563232421875
780.4827880859375 301.49005126953125 813.4070816040039 301.49005126953125 813.4070816040039 385.78480529785156 780.4827880859375 385.78480529785156
779.969970703125 301.7765197753906 812.3599014282227 301.7765197753906 812.3599014282227 386.6644821166992 779.969970703125 386.6644821166992
777.7505493164062 304.8919677734375 809.6447505950928 304.8919677734375 809.6447505950928 386.9717483520508 777.7505493164062 386.9717483520508
775.9434814453125 305.3147888183594 808.0898590087891 305.3147888183594 808.0898590087891 386.0289764404297 775.9434814453125 386.0289764404297
778.114013671875 304.65087890625 807.4498481750488 304.65087890625 807.4498481750488 385.90394592285156 778.114013671875 385.90394592285156
779.5773315429688 304.091064453125 808.6677284240723 304.091064453125 808.6677284240723 387.70218658447266 779.5773315429688 387.70218658447266
779.2728271484375 302.29803466796875 807.3795776367188 302.29803466796875 807.3795776367188 388.4369659423828 779.2728271484375 388.4369659423828
780.24365234375 300.33514404296875 808.839864730835 300.33514404296875 808.839864730835 386.56050872802734 780.24365234375 386.56050872802734
778.0712280273438 300.03570556640625 808.3611640930176 300.03570556640625 808.3611640930176 389.205322265625 778.0712280273438 389.205322265625
773.9607543945312 299.3470153808594 806.4816017150879 299.3470153808594 806.4816017150879 388.3159866333008 773.9607543945312 388.3159866333008
771.6922607421875 299.95001220703125 803.3260345458984 299.95001220703125 803.3260345458984 387.90404510498047 771.6922607421875 387.90404510498047
769.9261474609375 302.16070556640625 801.654541015625 302.16070556640625 801.654541015625 389.1283874511719 769.9261474609375 389.1283874511719
767.29443359375 301.6641540527344 798.4275512695312 301.6641540527344 798.4275512695312 390.22120666503906 767.29443359375 390.22120666503906
766.1200561523438 303.91461181640625 796.7945003509521 303.91461181640625 796.7945003509521 393.18345642089844 766.1200561523438 393.18345642089844
763.7518310546875 303.6888122558594 794.8714084625244 303.6888122558594 794.8714084625244 393.7899398803711 763.7518310546875 393.7899398803711
762.2435913085938 305.40740966796875 792.8679103851318 305.40740966796875 792.8679103851318 393.5788803100586 762.2435913085938 393.5788803100586
761.2379150390625 309.1208801269531 791.2209892272949 309.1208801269531 791.2209892272949 395.6926956176758 761.2379150390625 395.6926956176758
756.1375732421875 306.5926208496094 786.6787757873535 306.5926208496094 786.6787757873535 392.9222946166992 756.1375732421875 392.9222946166992
752.3643798828125 306.7015075683594 785.7028961181641 306.7015075683594 785.7028961181641 391.4681396484375 752.3643798828125 391.4681396484375
751.7357788085938 304.9646301269531 785.5988693237305 304.9646301269531 785.5988693237305 393.5476379394531 751.7357788085938 393.5476379394531
750.4310302734375 304.9190368652344 782.3385219573975 304.9190368652344 782.3385219573975 390.8642120361328 750.4310302734375 390.8642120361328
749.3004150390625 304.70477294921875 781.7074165344238 304.70477294921875 781.7074165344238 390.7760314941406 749.3004150390625 390.7760314941406
773.934814453125 302.1457214355469 804.8819160461426 302.1457214355469 804.8819160461426 388.07933044433594 773.934814453125 388.07933044433594
774.053955078125 302.09991455078125 804.5669460296631 302.09991455078125 804.5669460296631 390.52679443359375 774.053955078125 390.52679443359375
782.6504516601562 300.81817626953125 812.9513645172119 300.81817626953125 812.9513645172119 388.36048126220703 782.6504516601562 388.36048126220703
789.0399780273438 304.1475830078125 819.3173217773438 304.1475830078125 819.3173217773438 391.15650939941406 789.0399780273438 391.15650939941406
780.3064575195312 302.59979248046875 810.6188869476318 302.59979248046875 810.6188869476318 389.37461853027344 780.3064575195312 389.37461853027344
788.5445556640625 299.5963134765625 818.351634979248 299.5963134765625 818.351634979248 387.2329406738281 788.5445556640625 387.2329406738281
775.0552978515625 292.90936279296875 807.8074569702148 292.90936279296875 807.8074569702148 388.4363250732422 775.0552978515625 388.4363250732422
766.62451171875 304.0560607910156 796.2754783630371 304.0560607910156 796.2754783630371 386.1600036621094 766.62451171875 386.1600036621094
749.4727783203125 301.9940490722656 777.9614868164062 301.9940490722656 777.9614868164062 384.33738708496094 749.4727783203125 384.33738708496094
739.0296020507812 300.05950927734375 768.3224430084229 300.05950927734375 768.3224430084229 384.9576950073242 739.0296020507812 384.9576950073242
738.33056640625 299.882080078125 768.6695461273193 299.882080078125 768.6695461273193 386.99546813964844 738.33056640625 386.99546813964844
772.8582763671875 298.151611328125 802.3901462554932 298.151611328125 802.3901462554932 384.34329986572266 772.8582763671875 384.34329986572266
785.5736083984375 297.4657287597656 815.0346031188965 297.4657287597656 815.0346031188965 383.8754119873047 785.5736083984375 383.8754119873047
785.1181640625 297.2796325683594 814.6640281677246 297.2796325683594 814.6640281677246 384.12593841552734 785.1181640625 384.12593841552734
785.427490234375 296.1679382324219 814.1994972229004 296.1679382324219 814.1994972229004 380.4627151489258 785.427490234375 380.4627151489258
786.9112548828125 294.1734619140625 816.7087516784668 294.1734619140625 816.7087516784668 379.62935638427734 786.9112548828125 379.62935638427734
786.3790893554688 293.90130615234375 816.1990242004395 293.90130615234375 816.1990242004395 379.8278350830078 786.3790893554688 379.8278350830078
786.393310546875 293.7589111328125 816.755443572998 293.7589111328125 816.755443572998 379.3461151123047 786.393310546875 379.3461151123047
783.3709106445312 292.8457946777344 814.2956352233887 292.8457946777344 814.2956352233887 380.16294860839844 783.3709106445312 380.16294860839844
781.0341186523438 294.86492919921875 810.6984252929688 294.86492919921875 810.6984252929688 380.0714111328125 781.0341186523438 380.0714111328125
780.2382202148438 287.3507995605469 812.4237747192383 287.3507995605469 812.4237747192383 381.2251739501953 780.2382202148438 381.2251739501953
750.0685424804688 292.65020751953125 781.1659450531006 292.65020751953125 781.1659450531006 377.22388458251953 750.0685424804688 377.22388458251953
730.6708984375 285.751708984375 763.2452201843262 285.751708984375 763.2452201843262 380.75999450683594 730.6708984375 380.75999450683594
751.4183349609375 285.0684509277344 783.8995513916016 285.0684509277344 783.8995513916016 379.80517578125 751.4183349609375 379.80517578125
785.6358032226562 278.04937744140625 817.8942642211914 278.04937744140625 817.8942642211914 372.13639068603516 785.6358032226562 372.13639068603516
784.8406982421875 293.87628173828125 816.3776302337646 293.87628173828125 816.3776302337646 379.70130920410156 784.8406982421875 379.70130920410156
801.1685180664062 290.8955993652344 830.713451385498 290.8955993652344 830.713451385498 380.2877883911133 801.1685180664062 380.2877883911133
799.2186889648438 297.7153015136719 828.5744819641113 297.7153015136719 828.5744819641113 383.7914733886719 799.2186889648438 383.7914733886719
802.5106201171875 299.14141845703125 830.9925289154053 299.14141845703125 830.9925289154053 386.3707275390625 802.5106201171875 386.3707275390625
801.3065185546875 299.35772705078125 830.6225776672363 299.35772705078125 830.6225776672363 384.84117126464844 801.3065185546875 384.84117126464844
800.8912963867188 299.6541442871094 829.9877223968506 299.6541442871094 829.9877223968506 384.1962127685547 800.8912963867188 384.1962127685547
800.5164184570312 298.6346740722656 830.0548038482666 298.6346740722656 830.0548038482666 382.9608688354492 800.5164184570312 382.9608688354492
802.3805541992188 295.7367248535156 832.3290348052979 295.7367248535156 832.3290348052979 379.42557525634766 802.3805541992188 379.42557525634766
805.4708862304688 295.1026306152344 835.6242580413818 295.1026306152344 835.6242580413818 377.8213348388672 805.4708862304688 377.8213348388672
808.7191162109375 290.47802734375 839.4782810211182 290.47802734375 839.4782810211182 375.3889846801758 808.7191162109375 375.3889846801758
805.8721923828125 291.28607177734375 837.6969966888428 291.28607177734375 837.6969966888428 378.0769577026367 805.8721923828125 378.0769577026367
810.269287109375 287.6102600097656 841.9155673980713 287.6102600097656 841.9155673980713 377.82582092285156 810.269287109375 377.82582092285156
815.1533203125 286.36798095703125 843.808349609375 286.36798095703125 843.808349609375 373.41224670410156 815.1533203125 373.41224670410156
814.2623291015625 286.4253845214844 843.7330226898193 286.4253845214844 843.7330226898193 373.6678009033203 814.2623291015625 373.6678009033203
812.8790283203125 287.17919921875 842.6436462402344 287.17919921875 842.6436462402344 373.26544189453125 812.8790283203125 373.26544189453125
811.7542724609375 286.53485107421875 842.7868556976318 286.53485107421875 842.7868556976318 373.3631362915039 811.7542724609375 373.3631362915039
811.783935546875 283.19354248046875 843.7864646911621 283.19354248046875 843.7864646911621 372.1519775390625 811.783935546875 372.1519775390625
810.0679931640625 282.2716979980469 841.9817543029785 282.2716979980469 841.9817543029785 372.69691467285156 810.0679931640625 372.69691467285156
811.5203247070312 282.2565002441406 843.5553932189941 282.2565002441406 843.5553932189941 370.9693069458008 811.5203247070312 370.9693069458008
812.7623901367188 281.46112060546875 844.0647277832031 281.46112060546875 844.0647277832031 370.82958984375 812.7623901367188 370.82958984375
812.4963989257812 281.86541748046875 843.3364562988281 281.86541748046875 843.3364562988281 371.1143569946289 812.4963989257812 371.1143569946289
812.5513916015625 286.81048583984375 842.6350650787354 286.81048583984375 842.6350650787354 373.5137481689453 812.5513916015625 373.5137481689453
812.6014404296875 290.5317077636719 842.4286651611328 290.5317077636719 842.4286651611328 374.8441390991211 812.6014404296875 374.8441390991211
811.2733764648438 287.65167236328125 843.0900382995605 287.65167236328125 843.0900382995605 375.4600067138672 811.2733764648438 375.4600067138672
809.9124755859375 291.02850341796875 840.6380062103271 291.02850341796875 840.6380062103271 377.5689926147461 809.9124755859375 377.5689926147461
807.93603515625 285.61907958984375 839.3934574127197 285.61907958984375 839.3934574127197 372.29515838623047 807.93603515625 372.29515838623047
806.6859130859375 286.05999755859375 836.7090854644775 286.05999755859375 836.7090854644775 369.93035888671875 806.6859130859375 369.93035888671875
804.01953125 285.8516540527344 834.5198726654053 285.8516540527344 834.5198726654053 368.4156951904297 804.01953125 368.4156951904297
806.257080078125 284.8188781738281 835.7429161071777 284.8188781738281 835.7429161071777 368.8373718261719 806.257080078125 368.8373718261719
805.5875244140625 284.0566101074219 834.8263645172119 284.0566101074219 834.8263645172119 368.77659606933594 805.5875244140625 368.77659606933594
804.2293090820312 272.0680847167969 838.1351928710938 272.0680847167969 838.1351928710938 370.96006774902344 804.2293090820312 370.96006774902344
806.2734375 273.4313049316406 840.6693000793457 273.4313049316406 840.6693000793457 373.7523880004883 806.2734375 373.7523880004883
804.19677734375 284.01025390625 835.2936096191406 284.01025390625 835.2936096191406 373.11378479003906 804.19677734375 373.11378479003906
804.4229736328125 283.39215087890625 837.7283325195312 283.39215087890625 837.7283325195312 373.54400634765625 804.4229736328125 373.54400634765625
807.23974609375 269.0843200683594 843.4130020141602 269.0843200683594 843.4130020141602 374.58948516845703 807.23974609375 374.58948516845703
806.3524169921875 279.30926513671875 839.6465530395508 279.30926513671875 839.6465530395508 367.80548095703125 806.3524169921875 367.80548095703125
806.4527587890625 280.1781921386719 840.478401184082 280.1781921386719 840.478401184082 366.89317321777344 806.4527587890625 366.89317321777344
810.0567626953125 278.2979431152344 841.9105892181396 278.2979431152344 841.9105892181396 365.9207000732422 810.0567626953125 365.9207000732422
812.9715576171875 275.2175598144531 845.0365600585938 275.2175598144531 845.0365600585938 364.26780700683594 812.9715576171875 364.26780700683594
816.461181640625 272.8641052246094 850.1299209594727 272.8641052246094 850.1299209594727 363.9075393676758 816.461181640625 363.9075393676758
819.82861328125 272.7124938964844 854.0262680053711 272.7124938964844 854.0262680053711 365.77391052246094 819.82861328125 365.77391052246094
827.0447387695312 264.78924560546875 864.4206504821777 264.78924560546875 864.4206504821777 373.80216217041016 827.0447387695312 373.80216217041016
822.84423828125 269.94500732421875 859.7126197814941 269.94500732421875 859.7126197814941 364.7766876220703 822.84423828125 364.7766876220703
831.3956298828125 271.15716552734375 865.5294570922852 271.15716552734375 865.5294570922852 366.8029022216797 831.3956298828125 366.8029022216797
830.2658081054688 267.2083740234375 866.0918121337891 267.2083740234375 866.0918121337891 367.12684631347656 830.2658081054688 367.12684631347656
832.1524658203125 271.2093811035156 867.3009414672852 271.2093811035156 867.3009414672852 371.1659622192383 832.1524658203125 371.1659622192383
833.1573486328125 273.01934814453125 868.7967948913574 273.01934814453125 868.7967948913574 372.5807342529297 833.1573486328125 372.5807342529297
831.8486328125 274.8917541503906 870.1358375549316 274.8917541503906 870.1358375549316 372.04940032958984 831.8486328125 372.04940032958984
832.0274658203125 277.06121826171875 870.8836364746094 277.06121826171875 870.8836364746094 374.4902038574219 832.0274658203125 374.4902038574219
833.1749267578125 274.11932373046875 870.6986961364746 274.11932373046875 870.6986961364746 374.19114685058594 833.1749267578125 374.19114685058594
832.7713623046875 274.49114990234375 869.8300018310547 274.49114990234375 869.8300018310547 373.25565338134766 832.7713623046875 373.25565338134766
832.83984375 274.75042724609375 870.0436172485352 274.75042724609375 870.0436172485352 373.8125686645508 832.83984375 373.8125686645508
831.5753784179688 274.8800354003906 869.1752471923828 274.8800354003906 869.1752471923828 374.2833557128906 831.5753784179688 374.2833557128906
829.5398559570312 267.20159912109375 864.9274063110352 267.20159912109375 864.9274063110352 365.0440216064453 829.5398559570312 365.0440216064453
831.1873168945312 267.22845458984375 867.3845596313477 267.22845458984375 867.3845596313477 364.25682067871094 831.1873168945312 364.25682067871094
830.3843994140625 264.8607177734375 866.8474540710449 264.8607177734375 866.8474540710449 361.65748596191406 830.3843994140625 361.65748596191406
829.71484375 262.4610900878906 866.8047103881836 262.4610900878906 866.8047103881836 360.45702362060547 829.71484375 360.45702362060547
830.37109375 263.6814270019531 866.7424354553223 263.6814270019531 866.7424354553223 363.052001953125 830.37109375 363.052001953125
828.7101440429688 263.31390380859375 864.9839668273926 263.31390380859375 864.9839668273926 365.1122283935547 828.7101440429688 365.1122283935547
826.9640502929688 266.10638427734375 862.3261528015137 266.10638427734375 862.3261528015137 366.1471252441406 826.9640502929688 366.1471252441406
827.4031982421875 253.87344360351562 868.1954345703125 253.87344360351562 868.1954345703125 372.85057067871094 827.4031982421875 372.85057067871094
824.4434814453125 268.439208984375 861.6557579040527 268.439208984375 861.6557579040527 365.9390182495117 824.4434814453125 365.9390182495117
825.6940307617188 266.6778869628906 861.8808708190918 266.6778869628906 861.8808708190918 367.29808044433594 825.6940307617188 367.29808044433594
825.9338989257812 264.11077880859375 860.3703842163086 264.11077880859375 860.3703842163086 365.6807098388672 825.9338989257812 365.6807098388672
824.7962646484375 251.65225219726562 865.0199203491211 251.65225219726562 865.0199203491211 368.9710388183594 824.7962646484375 368.9710388183594
818.2445068359375 242.2254638671875 858.6083450317383 242.2254638671875 858.6083450317383 359.953125 818.2445068359375 359.953125
818.9371337890625 258.45843505859375 850.0253295898438 258.45843505859375 850.0253295898438 362.45509338378906 818.9371337890625 362.45509338378906
816.4324951171875 255.51095581054688 847.4348087310791 255.51095581054688 847.4348087310791 361.8497619628906 816.4324951171875 361.8497619628906
814.9395751953125 258.1048278808594 846.3712921142578 258.1048278808594 846.3712921142578 364.9795608520508 814.9395751953125 364.9795608520508
807.4470825195312 245.2445526123047 850.4379196166992 245.2445526123047 850.4379196166992 370.63427734375 807.4470825195312 370.63427734375
812.8726196289062 256.8175354003906 845.1910247802734 256.8175354003906 845.1910247802734 370.0153274536133 812.8726196289062 370.0153274536133
815.7742309570312 264.2787170410156 847.3621311187744 264.2787170410156 847.3621311187744 378.17930603027344 815.7742309570312 378.17930603027344
814.417236328125 267.563720703125 845.8257751464844 267.563720703125 845.8257751464844 382.41902923583984 814.417236328125 382.41902923583984
809.6793823242188 271.93194580078125 842.4539833068848 271.93194580078125 842.4539833068848 388.44944763183594 809.6793823242188 388.44944763183594
805.7685546875 273.94793701171875 839.3931007385254 273.94793701171875 839.3931007385254 384.59124755859375 805.7685546875 384.59124755859375
801.7691650390625 276.0284423828125 838.1813621520996 276.0284423828125 838.1813621520996 383.85304260253906 801.7691650390625 383.85304260253906
798.4173583984375 272.8569030761719 836.0057907104492 272.8569030761719 836.0057907104492 382.66307830810547 798.4173583984375 382.66307830810547
797.1036987304688 271.7489318847656 832.4119338989258 271.7489318847656 832.4119338989258 379.26427459716797 797.1036987304688 379.26427459716797
792.2448120117188 264.55712890625 825.4095878601074 264.55712890625 825.4095878601074 367.58921813964844 792.2448120117188 367.58921813964844
790.1553344726562 261.5857849121094 824.8915596008301 261.5857849121094 824.8915596008301 366.08435821533203 790.1553344726562 366.08435821533203
788.6976318359375 260.33062744140625 824.7634353637695 260.33062744140625 824.7634353637695 367.2970962524414 788.6976318359375 367.2970962524414
786.1447143554688 258.17498779296875 823.0362205505371 258.17498779296875 823.0362205505371 367.60301208496094 786.1447143554688 367.60301208496094
785.0681762695312 257.9725646972656 822.4204597473145 257.9725646972656 822.4204597473145 365.63169860839844 785.0681762695312 365.63169860839844
782.0504150390625 259.7952880859375 819.7657928466797 259.7952880859375 819.7657928466797 365.45314025878906 782.0504150390625 365.45314025878906
781.6193237304688 260.234619140625 819.7451095581055 260.234619140625 819.7451095581055 366.9935073852539 781.6193237304688 366.9935073852539
779.4977416992188 259.83892822265625 818.0940322875977 259.83892822265625 818.0940322875977 366.30419921875 779.4977416992188 366.30419921875
781.5833129882812 259.26312255859375 819.3124847412109 259.26312255859375 819.3124847412109 365.1155242919922 781.5833129882812 365.1155242919922
781.3886108398438 256.7672119140625 820.3489456176758 256.7672119140625 820.3489456176758 364.4166488647461 781.3886108398438 364.4166488647461
780.9464111328125 252.2215118408203 819.4885902404785 252.2215118408203 819.4885902404785 360.94435119628906 780.9464111328125 360.94435119628906
779.61669921875 250.5203094482422 817.5377998352051 250.5203094482422 817.5377998352051 355.33003997802734 779.61669921875 355.33003997802734
779.7825317382812 248.68197631835938 817.4196166992188 248.68197631835938 817.4196166992188 351.6167449951172 779.7825317382812 351.6167449951172
782.216796875 248.04849243164062 817.1051635742188 248.04849243164062 817.1051635742188 347.9022216796875 782.216796875 347.9022216796875
781.7400512695312 248.5988311767578 819.9455375671387 248.5988311767578 819.9455375671387 349.88453674316406 781.7400512695312 349.88453674316406
785.753662109375 245.6928253173828 827.9225044250488 245.6928253173828 827.9225044250488 352.0496597290039 785.753662109375 352.0496597290039
789.99365234375 247.64248657226562 831.1173477172852 247.64248657226562 831.1173477172852 352.4841995239258 789.99365234375 352.4841995239258
792.8575439453125 245.35476684570312 834.8327178955078 245.35476684570312 834.8327178955078 352.1331024169922 792.8575439453125 352.1331024169922
795.5687255859375 246.1162567138672 837.2893257141113 246.1162567138672 837.2893257141113 354.4554901123047 795.5687255859375 354.4554901123047
797.2359619140625 250.09146118164062 835.7747917175293 250.09146118164062 835.7747917175293 359.1831817626953 797.2359619140625 359.1831817626953
796.3221435546875 251.2274627685547 835.0265998840332 251.2274627685547 835.0265998840332 362.5452117919922 796.3221435546875 362.5452117919922
795.9407348632812 251.7866668701172 835.0193710327148 251.7866668701172 835.0193710327148 364.8566589355469 795.9407348632812 364.8566589355469
794.354248046875 255.47018432617188 834.4701881408691 255.47018432617188 834.4701881408691 369.57054138183594 794.354248046875 369.57054138183594
792.20068359375 263.7980651855469 832.8036804199219 263.7980651855469 832.8036804199219 376.09960174560547 792.20068359375 376.09960174560547
789.6864624023438 262.10284423828125 830.0102996826172 262.10284423828125 830.0102996826172 373.950927734375 789.6864624023438 373.950927734375
796.79443359375 249.0990447998047 834.7987785339355 249.0990447998047 834.7987785339355 362.8780822753906 796.79443359375 362.8780822753906
800.7325439453125 242.63595581054688 836.2140579223633 242.63595581054688 836.2140579223633 359.51819610595703 800.7325439453125 359.51819610595703
805.6284790039062 227.9869842529297 843.2033157348633 227.9869842529297 843.2033157348633 344.0619583129883 805.6284790039062 344.0619583129883
811.5891723632812 208.89468383789062 848.2623291015625 208.89468383789062 848.2623291015625 324.50868225097656 811.5891723632812 324.50868225097656
815.646240234375 202.6687774658203 853.9517440795898 202.6687774658203 853.9517440795898 315.34989166259766 815.646240234375 315.34989166259766
825.0632934570312 188.560302734375 864.2154426574707 188.560302734375 864.2154426574707 301.9347915649414 825.0632934570312 301.9347915649414
830.25341796875 184.54397583007812 869.7363471984863 184.54397583007812 869.7363471984863 294.75538635253906 830.25341796875 294.75538635253906
834.1004028320312 182.6277618408203 872.4814910888672 182.6277618408203 872.4814910888672 292.3832778930664 834.1004028320312 292.3832778930664
841.5517578125 178.9030303955078 880.5604019165039 178.9030303955078 880.5604019165039 289.65773010253906 841.5517578125 289.65773010253906
847.8846435546875 179.76211547851562 888.137767791748 179.76211547851562 888.137767791748 289.97130584716797 847.8846435546875 289.97130584716797
853.9373779296875 184.220458984375 893.3417472839355 184.220458984375 893.3417472839355 293.6066436767578 853.9373779296875 293.6066436767578
857.5030517578125 192.22093200683594 899.2441482543945 192.22093200683594 899.2441482543945 300.70276641845703 857.5030517578125 300.70276641845703
857.1072387695312 203.41641235351562 900.7799491882324 203.41641235351562 900.7799491882324 314.4021301269531 857.1072387695312 314.4021301269531
858.2634887695312 211.39901733398438 899.7634735107422 211.39901733398438 899.7634735107422 321.9110641479492 858.2634887695312 321.9110641479492
859.9415893554688 217.6951141357422 899.7418327331543 217.6951141357422 899.7418327331543 326.84930419921875 859.9415893554688 326.84930419921875
869.92919921875 224.25283813476562 910.2952728271484 224.25283813476562 910.2952728271484 334.43213653564453 869.92919921875 334.43213653564453
876.9462890625 226.9744110107422 918.8327903747559 226.9744110107422 918.8327903747559 337.5002136230469 876.9462890625 337.5002136230469
883.4359130859375 230.1748809814453 926.4348220825195 230.1748809814453 926.4348220825195 339.5244445800781 883.4359130859375 339.5244445800781
888.32275390625 234.9832763671875 933.9699554443359 234.9832763671875 933.9699554443359 344.3651885986328 888.32275390625 344.3651885986328
893.1721801757812 232.2745819091797 937.9769821166992 232.2745819091797 937.9769821166992 343.3291244506836 893.1721801757812 343.3291244506836
903.353515625 229.34194946289062 947.7842903137207 229.34194946289062 947.7842903137207 341.8270797729492 903.353515625 341.8270797729492
908.5343627929688 226.4652557373047 953.3737945556641 226.4652557373047 953.3737945556641 340.0203094482422 908.5343627929688 340.0203094482422
914.18994140625 224.834228515625 957.6007652282715 224.834228515625 957.6007652282715 340.6418685913086 914.18994140625 340.6418685913086
915.3123168945312 219.22860717773438 960.6642227172852 219.22860717773438 960.6642227172852 333.7939910888672 915.3123168945312 333.7939910888672
915.5953979492188 215.69863891601562 958.9999809265137 215.69863891601562 958.9999809265137 342.2951202392578 915.5953979492188 342.2951202392578
793.9061889648438 216.5693817138672 837.5753707885742 216.5693817138672 837.5753707885742 343.9376220703125 793.9061889648438 343.9376220703125
764.9664306640625 205.1599578857422 804.8420486450195 205.1599578857422 804.8420486450195 326.3760070800781 764.9664306640625 326.3760070800781
788.486572265625 230.8715057373047 829.3268280029297 230.8715057373047 829.3268280029297 349.572998046875 788.486572265625 349.572998046875
807.0479125976562 238.8186798095703 847.5389175415039 238.8186798095703 847.5389175415039 356.1794967651367 807.0479125976562 356.1794967651367
806.9071655273438 242.22317504882812 848.2773666381836 242.22317504882812 848.2773666381836 364.33422088623047 806.9071655273438 364.33422088623047
811.3674926757812 255.0196533203125 853.4347229003906 255.0196533203125 853.4347229003906 377.71553802490234 811.3674926757812 377.71553802490234
805.04052734375 248.520751953125 847.1094665527344 248.520751953125 847.1094665527344 371.22161865234375 805.04052734375 371.22161865234375
809.5523681640625 258.11309814453125 852.2018775939941 258.11309814453125 852.2018775939941 382.5073013305664 809.5523681640625 382.5073013305664
816.763671875 263.5301208496094 860.0715866088867 263.5301208496094 860.0715866088867 389.8446807861328 816.763671875 389.8446807861328
823.0609130859375 257.00360107421875 866.6076583862305 257.00360107421875 866.6076583862305 384.01475524902344 823.0609130859375 384.01475524902344
833.7877807617188 258.9167785644531 877.2492828369141 258.9167785644531 877.2492828369141 385.00291442871094 833.7877807617188 385.00291442871094
842.7052612304688 259.5148010253906 886.1514587402344 259.5148010253906 886.1514587402344 386.23267364501953 842.7052612304688 386.23267364501953
848.1619873046875 264.0896911621094 891.9382781982422 264.0896911621094 891.9382781982422 391.7703323364258 848.1619873046875 391.7703323364258
853.4763793945312 260.8840637207031 897.4307479858398 260.8840637207031 897.4307479858398 389.08409118652344 853.4763793945312 389.08409118652344
858.2647705078125 254.371337890625 902.961742401123 254.371337890625 902.961742401123 384.73728942871094 858.2647705078125 384.73728942871094
862.7019653320312 250.5581512451172 908.1105613708496 250.5581512451172 908.1105613708496 383.5491180419922 862.7019653320312 383.5491180419922
869.2496337890625 252.2294464111328 915.8358955383301 252.2294464111328 915.8358955383301 388.10581970214844 869.2496337890625 388.10581970214844
875.5250244140625 250.1253204345703 923.4117622375488 250.1253204345703 923.4117622375488 389.79473876953125 875.5250244140625 389.79473876953125
880.3059692382812 244.81845092773438 929.0309066772461 244.81845092773438 929.0309066772461 385.74058532714844 880.3059692382812 385.74058532714844
882.9108276367188 249.4377899169922 930.7654647827148 249.4377899169922 930.7654647827148 388.6000518798828 882.9108276367188 388.6000518798828
886.7614135742188 252.9628143310547 933.8169479370117 252.9628143310547 933.8169479370117 390.2079315185547 886.7614135742188 390.2079315185547
887.0665283203125 255.60385131835938 933.9494171142578 255.60385131835938 933.9494171142578 391.16526794433594 887.0665283203125 391.16526794433594
892.2243041992188 257.22943115234375 939.0459938049316 257.22943115234375 939.0459938049316 393.7674865722656 892.2243041992188 393.7674865722656
900.7557373046875 262.3646545410156 946.4317817687988 262.3646545410156 946.4317817687988 399.1462860107422 900.7557373046875 399.1462860107422
906.5818481445312 265.4073791503906 953.382495880127 265.4073791503906 953.382495880127 400.85450744628906 906.5818481445312 400.85450744628906
913.88818359375 261.8741149902344 958.388801574707 261.8741149902344 958.388801574707 394.97584533691406 913.88818359375 394.97584533691406
912.1790161132812 257.9384460449219 955.942310333252 257.9384460449219 955.942310333252 392.64068603515625 912.1790161132812 392.64068603515625
897.29833984375 221.5983428955078 943.8928642272949 221.5983428955078 943.8928642272949 357.4988555908203 897.29833984375 357.4988555908203
853.3338012695312 225.4630889892578 899.6545486450195 225.4630889892578 899.6545486450195 360.56507873535156 853.3338012695312 360.56507873535156
912.5988159179688 213.6644287109375 958.9999885559082 213.6644287109375 958.9999885559082 349.00099182128906 912.5988159179688 349.00099182128906
912.3612060546875 209.3312225341797 958.9999923706055 209.3312225341797 958.9999923706055 345.36083984375 912.3612060546875 345.36083984375
851.4486083984375 262.40625 897.7364273071289 262.40625 897.7364273071289 397.41221618652344 851.4486083984375 397.41221618652344
817.4633178710938 266.5442810058594 863.9093208312988 266.5442810058594 863.9093208312988 402.01161193847656 817.4633178710938 402.01161193847656
806.5213623046875 275.42047119140625 853.3045845031738 275.42047119140625 853.3045845031738 411.8713684082031 806.5213623046875 411.8713684082031
791.8637084960938 273.648193359375 838.3958969116211 273.648193359375 838.3958969116211 409.3669128417969 791.8637084960938 409.3669128417969
778.2164306640625 276.93463134765625 825.873950958252 276.93463134765625 825.873950958252 415.93556213378906 778.2164306640625 415.93556213378906
788.4743041992188 276.74957275390625 836.3116836547852 276.74957275390625 836.3116836547852 416.2751007080078 788.4743041992188 416.2751007080078
772.279296875 285.83892822265625 820.7258987426758 285.83892822265625 820.7258987426758 427.141357421875 772.279296875 427.141357421875
772.1356201171875 289.2720947265625 819.6962051391602 289.2720947265625 819.6962051391602 427.9903106689453 772.1356201171875 427.9903106689453
785.498291015625 276.4527282714844 832.8246040344238 276.4527282714844 832.8246040344238 414.48765563964844 785.498291015625 414.48765563964844
770.0194091796875 275.21014404296875 816.9730834960938 275.21014404296875 816.9730834960938 412.15821838378906 770.0194091796875 412.15821838378906
804.5328979492188 262.8713684082031 852.0912551879883 262.8713684082031 852.0912551879883 401.5830993652344 804.5328979492188 401.5830993652344
888.5081176757812 273.8438720703125 936.1233787536621 273.8438720703125 936.1233787536621 412.72157287597656 888.5081176757812 412.72157287597656
894.7457885742188 280.78106689453125 941.4115791320801 280.78106689453125 941.4115791320801 416.8894805908203 894.7457885742188 416.8894805908203
882.4968872070312 267.6309509277344 928.4605941772461 267.6309509277344 928.4605941772461 401.691650390625 882.4968872070312 401.691650390625
873.3243408203125 260.93511962890625 918.5052871704102 260.93511962890625 918.5052871704102 392.71275329589844 873.3243408203125 392.71275329589844
826.7394409179688 259.6625061035156 870.869312286377 259.6625061035156 870.869312286377 388.37451171875 826.7394409179688 388.37451171875
825.0081176757812 244.9068145751953 869.3953247070312 244.9068145751953 869.3953247070312 374.369384765625 825.0081176757812 374.369384765625
859.6769409179688 248.84426879882812 904.8307113647461 248.84426879882812 904.8307113647461 380.54266357421875 859.6769409179688 380.54266357421875
871.2673950195312 251.9375 915.9965972900391 251.9375 915.9965972900391 382.3975830078125 871.2673950195312 382.3975830078125
877.7216796875 223.59817504882812 922.5553092956543 223.59817504882812 922.5553092956543 354.36285400390625 877.7216796875 354.36285400390625
898.5938720703125 228.7379913330078 943.0727615356445 228.7379913330078 943.0727615356445 358.46800231933594 898.5938720703125 358.46800231933594
896.9415893554688 227.9291534423828 941.345573425293 227.9291534423828 941.345573425293 357.44068908691406 896.9415893554688 357.44068908691406
895.3741455078125 223.5470733642578 939.4124603271484 223.5470733642578 939.4124603271484 351.9920654296875 895.3741455078125 351.9920654296875
885.6075439453125 223.1273193359375 930.4696960449219 223.1273193359375 930.4696960449219 353.97515869140625 885.6075439453125 353.97515869140625
844.5818481445312 217.25381469726562 890.2754592895508 217.25381469726562 890.2754592895508 350.5267333984375 844.5818481445312 350.5267333984375
850.326171875 218.71963500976562 896.1126098632812 218.71963500976562 896.1126098632812 352.2633056640625 850.326171875 352.2633056640625
855.3348388671875 224.4314422607422 901.124641418457 224.4314422607422 901.124641418457 357.9849395751953 855.3348388671875 357.9849395751953
844.8507690429688 221.69189453125 890.5145683288574 221.69189453125 890.5145683288574 354.8778991699219 844.8507690429688 354.8778991699219
847.2278442382812 223.0948486328125 892.2580375671387 223.0948486328125 892.2580375671387 354.4328308105469 847.2278442382812 354.4328308105469
879.1746826171875 223.3102569580078 923.4132919311523 223.3102569580078 923.4132919311523 352.3394470214844 879.1746826171875 352.3394470214844
879.1419677734375 226.3614044189453 922.9816017150879 226.3614044189453 922.9816017150879 354.2269058227539 879.1419677734375 354.2269058227539
875.294921875 229.850830078125 918.8905639648438 229.850830078125 918.8905639648438 357.0046844482422 875.294921875 357.0046844482422
831.61572265625 214.9421844482422 875.1895980834961 214.9421844482422 875.1895980834961 342.03255462646484 831.61572265625 342.03255462646484
878.3232421875 216.7082977294922 921.707405090332 216.7082977294922 921.707405090332 343.24532318115234 878.3232421875 343.24532318115234
889.40234375 221.7044677734375 932.1791305541992 221.7044677734375 932.1791305541992 346.469970703125 889.40234375 346.469970703125
880.3245849609375 217.57632446289062 922.9346199035645 217.57632446289062 922.9346199035645 341.85547637939453 880.3245849609375 341.85547637939453
870.71337890625 218.54074096679688 913.3345642089844 218.54074096679688 913.3345642089844 342.85242462158203 870.71337890625 342.85242462158203
896.962890625 211.79879760742188 939.3340682983398 211.79879760742188 939.3340682983398 335.3813018798828 896.962890625 335.3813018798828
884.7493286132812 217.2245330810547 926.6423187255859 217.2245330810547 926.6423187255859 339.4123229980469 884.7493286132812 339.4123229980469
904.1585083007812 212.51925659179688 945.9664840698242 212.51925659179688 945.9664840698242 334.45909118652344 904.1585083007812 334.45909118652344
846.2938232421875 216.27163696289062 888.2974739074707 216.27163696289062 888.2974739074707 338.7821807861328 846.2938232421875 338.7821807861328
825.1974487304688 218.1756134033203 867.3098640441895 218.1756134033203 867.3098640441895 341.0033874511719 825.1974487304688 341.0033874511719
805.6087646484375 222.5323486328125 847.3611450195312 222.5323486328125 847.3611450195312 344.31002044677734 805.6087646484375 344.31002044677734
803.0374755859375 227.3004913330078 845.2638320922852 227.3004913330078 845.2638320922852 350.46058654785156 803.0374755859375 350.46058654785156
840.9953002929688 238.7840576171875 883.0705871582031 238.7840576171875 883.0705871582031 361.50352478027344 840.9953002929688 361.50352478027344
840.74169921875 233.5118865966797 883.3241271972656 233.5118865966797 883.3241271972656 357.71051025390625 840.74169921875 357.71051025390625
795.3023071289062 226.7412567138672 837.6843872070312 226.7412567138672 837.6843872070312 350.3555374145508 795.3023071289062 350.3555374145508
863.9888916015625 232.3020782470703 906.9151878356934 232.3020782470703 906.9151878356934 357.503662109375 863.9888916015625 357.503662109375
914.9490966796875 234.6525421142578 958.197826385498 234.6525421142578 958.197826385498 360.7945556640625 914.9490966796875 360.7945556640625
915.6317138671875 233.7048797607422 958.6634292602539 233.7048797607422 958.6634292602539 359.21392822265625 915.6317138671875 359.21392822265625
871.2099609375 184.29095458984375 913.1916389465332 184.29095458984375 913.1916389465332 306.73738861083984 871.2099609375 306.73738861083984
865.8283081054688 175.38449096679688 907.677562713623 175.38449096679688 907.677562713623 297.44469451904297 865.8283081054688 297.44469451904297
911.9671630859375 231.6376190185547 954.1469955444336 231.6376190185547 954.1469955444336 354.6620101928711 911.9671630859375 354.6620101928711
900.3206787109375 222.094482421875 942.1320190429688 222.094482421875 942.1320190429688 344.04410552978516 900.3206787109375 344.04410552978516
881.8349609375 254.1865692138672 922.7750930786133 254.1865692138672 922.7750930786133 373.5951843261719 881.8349609375 373.5951843261719
916.0531005859375 221.52529907226562 958.1043395996094 221.52529907226562 958.1043395996094 344.1746368408203 916.0531005859375 344.1746368408203
834.2076416015625 257.923828125 876.0161323547363 257.923828125 876.0161323547363 379.86515045166016 834.2076416015625 379.86515045166016
754.2369384765625 232.1887664794922 796.3947219848633 232.1887664794922 796.3947219848633 355.14886474609375 754.2369384765625 355.14886474609375
752.2584228515625 235.1013946533203 794.158992767334 235.1013946533203 794.158992767334 357.311279296875 752.2584228515625 357.311279296875
764.4283447265625 236.0275421142578 806.2817192077637 236.0275421142578 806.2817192077637 358.09976959228516 764.4283447265625 358.09976959228516
776.1282348632812 231.7965545654297 817.887580871582 231.7965545654297 817.887580871582 353.5945281982422 776.1282348632812 353.5945281982422
808.7171630859375 228.7149658203125 849.7204284667969 228.7149658203125 849.7204284667969 348.3077163696289 808.7171630859375 348.3077163696289
766.0501098632812 235.2353057861328 807.0372085571289 235.2353057861328 807.0372085571289 354.7809143066406 766.0501098632812 354.7809143066406
768.0762329101562 229.4528350830078 808.2712097167969 229.4528350830078 808.2712097167969 346.6880874633789 768.0762329101562 346.6880874633789
782.6219482421875 232.697021484375 822.1555976867676 232.697021484375 822.1555976867676 348.0033950805664 782.6219482421875 348.0033950805664
796.08837890625 241.17361450195312 835.2843704223633 241.17361450195312 835.2843704223633 355.4951477050781 796.08837890625 355.4951477050781
813.0943603515625 224.4932098388672 852.5984687805176 224.4932098388672 852.5984687805176 339.7134246826172 813.0943603515625 339.7134246826172
840.0974731445312 239.43310546875 879.0401840209961 239.43310546875 879.0401840209961 353.01590728759766 840.0974731445312 353.01590728759766
886.9436645507812 269.47625732421875 925.7971496582031 269.47625732421875 925.7971496582031 382.79881286621094 886.9436645507812 382.79881286621094
886.8499145507812 271.758544921875 924.6024360656738 271.758544921875 924.6024360656738 381.86995697021484 886.8499145507812 381.86995697021484
872.6802978515625 259.2402648925781 910.1125679016113 259.2402648925781 910.1125679016113 368.41761016845703 872.6802978515625 368.41761016845703
859.1517333984375 226.00210571289062 897.1401863098145 226.00210571289062 897.1401863098145 336.80164337158203 859.1517333984375 336.80164337158203
848.5078125 223.1745147705078 886.7733497619629 223.1745147705078 886.7733497619629 334.78221893310547 848.5078125 334.78221893310547
863.8062744140625 250.27017211914062 902.2987480163574 250.27017211914062 902.2987480163574 362.53977966308594 863.8062744140625 362.53977966308594
836.6017456054688 241.8547821044922 874.7984313964844 241.8547821044922 874.7984313964844 353.26168060302734 836.6017456054688 353.26168060302734
841.6912841796875 227.2342071533203 880.2569885253906 227.2342071533203 880.2569885253906 339.71739959716797 841.6912841796875 339.71739959716797
841.0850830078125 229.5066375732422 879.3191146850586 229.5066375732422 879.3191146850586 341.0224609375 841.0850830078125 341.0224609375
843.0169067382812 233.3876953125 881.4016304016113 233.3876953125 881.4016304016113 345.3430404663086 843.0169067382812 345.3430404663086
920.58203125 214.27487182617188 959.0000076293945 214.27487182617188 959.0000076293945 326.3272018432617 920.58203125 326.3272018432617
855.970703125 222.66543579101562 894.2706985473633 222.66543579101562 894.2706985473633 334.37366485595703 855.970703125 334.37366485595703
860.0037231445312 273.4196472167969 897.7290229797363 273.4196472167969 897.7290229797363 383.4516906738281 860.0037231445312 383.4516906738281
852.6708984375 271.432861328125 888.8809280395508 271.432861328125 888.8809280395508 377.0453643798828 852.6708984375 377.0453643798828
849.9078369140625 262.27264404296875 885.6969413757324 262.27264404296875 885.6969413757324 366.65745544433594 849.9078369140625 366.65745544433594
870.8966674804688 225.45736694335938 906.960319519043 225.45736694335938 906.960319519043 330.64295959472656 870.8966674804688 330.64295959472656
871.9962768554688 222.9705352783203 907.8538551330566 222.9705352783203 907.8538551330566 327.5550842285156 871.9962768554688 327.5550842285156
854.01708984375 221.66470336914062 889.3845100402832 221.66470336914062 889.3845100402832 324.8196258544922 854.01708984375 324.8196258544922
831.8307495117188 254.3664093017578 867.4408645629883 254.3664093017578 867.4408645629883 358.2292022705078 831.8307495117188 358.2292022705078
840.4563598632812 232.47171020507812 876.4188270568848 232.47171020507812 876.4188270568848 337.36219787597656 840.4563598632812 337.36219787597656
835.8846435546875 234.17263793945312 871.1507873535156 234.17263793945312 871.1507873535156 337.0321807861328 835.8846435546875 337.0321807861328
843.0966796875 242.7099151611328 877.455638885498 242.7099151611328 877.455638885498 342.9235153198242 843.0966796875 342.9235153198242
840.0325927734375 253.4503631591797 874.0305290222168 253.4503631591797 874.0305290222168 352.61097717285156 840.0325927734375 352.61097717285156
860.2545166015625 273.08099365234375 894.0864906311035 273.08099365234375 894.0864906311035 371.75755310058594 860.2545166015625 371.75755310058594
848.6009521484375 254.12393188476562 882.2224807739258 254.12393188476562 882.2224807739258 352.1867141723633 848.6009521484375 352.1867141723633
879.0782470703125 292.74322509765625 912.8133926391602 292.74322509765625 912.8133926391602 391.13739013671875 879.0782470703125 391.13739013671875
879.8695068359375 294.1694030761719 913.5054512023926 294.1694030761719 913.5054512023926 392.27423095703125 879.8695068359375 392.27423095703125
875.9560546875 285.37274169921875 908.8226852416992 285.37274169921875 908.8226852416992 381.23372650146484 875.9560546875 381.23372650146484
876.3621826171875 260.8714599609375 909.038948059082 260.8714599609375 909.038948059082 356.17867279052734 876.3621826171875 356.17867279052734
855.7958984375 295.84722900390625 888.1931648254395 295.84722900390625 888.1931648254395 390.3392333984375 855.7958984375 390.3392333984375
854.7967529296875 293.92230224609375 886.7454166412354 293.92230224609375 886.7454166412354 387.1058807373047 854.7967529296875 387.1058807373047
869.1178588867188 284.30767822265625 900.321231842041 284.30767822265625 900.321231842041 375.31748962402344 869.1178588867188 375.31748962402344
864.8963012695312 269.8663330078125 896.1529846191406 269.8663330078125 896.1529846191406 361.03163146972656 864.8963012695312 361.03163146972656
864.373046875 271.0218505859375 895.5424747467041 271.0218505859375 895.5424747467041 361.93265533447266 864.373046875 361.93265533447266
850.3076171875 270.3232727050781 880.8651847839355 270.3232727050781 880.8651847839355 359.4494934082031 850.3076171875 359.4494934082031
848.1561279296875 304.02398681640625 878.8332099914551 304.02398681640625 878.8332099914551 393.49879455566406 848.1561279296875 393.49879455566406
874.4769287109375 302.0089111328125 905.5089302062988 302.0089111328125 905.5089302062988 392.51890563964844 874.4769287109375 392.51890563964844
881.4854736328125 303.16009521484375 912.0534515380859 303.16009521484375 912.0534515380859 392.3166961669922 881.4854736328125 392.3166961669922
881.9562377929688 296.1596374511719 912.4717903137207 296.1596374511719 912.4717903137207 385.163330078125 881.9562377929688 385.163330078125
884.3421630859375 302.57122802734375 915.2394714355469 302.57122802734375 915.2394714355469 392.6883773803711 884.3421630859375 392.6883773803711
888.3961181640625 310.6597595214844 919.2932529449463 310.6597595214844 919.2932529449463 400.7764129638672 888.3961181640625 400.7764129638672
885.5244140625 316.1409912109375 916.4888191223145 316.1409912109375 916.4888191223145 406.45384979248047 885.5244140625 406.45384979248047
881.1007690429688 307.1806335449219 911.2696933746338 307.1806335449219 911.2696933746338 395.17333221435547 881.1007690429688 395.17333221435547
888.3232421875 310.64556884765625 918.597583770752 310.64556884765625 918.597583770752 398.9457244873047 888.3232421875 398.9457244873047
889.2190551757812 284.29071044921875 919.4127349853516 284.29071044921875 919.4127349853516 372.35560607910156 889.2190551757812 372.35560607910156
917.1256103515625 303.4842834472656 946.9945278167725 303.4842834472656 946.9945278167725 390.6019515991211 917.1256103515625 390.6019515991211
900.6422119140625 295.5234375 929.791524887085 295.5234375 929.791524887085 380.54225158691406 900.6422119140625 380.54225158691406
921.7769775390625 304.9828186035156 950.3182258605957 304.9828186035156 950.3182258605957 388.2281036376953 921.7769775390625 388.2281036376953
925.1921997070312 308.1116638183594 952.8946418762207 308.1116638183594 952.8946418762207 388.9104309082031 925.1921997070312 388.9104309082031
905.4814453125 315.125732421875 932.5825443267822 315.125732421875 932.5825443267822 394.1705780029297 905.4814453125 394.1705780029297
889.0384521484375 304.9774169921875 916.2491855621338 304.9774169921875 916.2491855621338 384.34203338623047 889.0384521484375 384.34203338623047
859.482421875 282.94561767578125 886.2368507385254 282.94561767578125 886.2368507385254 360.9793472290039 859.482421875 360.9793472290039
919.01513671875 275.7471618652344 945.8340034484863 275.7471618652344 945.8340034484863 353.9688262939453 919.01513671875 353.9688262939453
932.7291259765625 272.19561767578125 959.0000305175781 272.19561767578125 959.0000305175781 348.81905364990234 932.7291259765625 348.81905364990234
881.59375 266.47894287109375 908.1335754394531 266.47894287109375 908.1335754394531 343.88673400878906 881.59375 343.88673400878906
917.2310791015625 252.3872528076172 943.8295497894287 252.3872528076172 943.8295497894287 329.9660949707031 917.2310791015625 329.9660949707031
926.0076904296875 257.0858154296875 952.5502223968506 257.0858154296875 952.5502223968506 334.50150299072266 926.0076904296875 334.50150299072266
867.0465087890625 327.59600830078125 893.6630764007568 327.59600830078125 893.6630764007568 405.2276382446289 867.0465087890625 405.2276382446289
861.0029296875 324.6654052734375 887.7864799499512 324.6654052734375 887.7864799499512 402.78406524658203 861.0029296875 402.78406524658203
852.4342651367188 331.73199462890625 878.8431663513184 331.73199462890625 878.8431663513184 408.7579345703125 852.4342651367188 408.7579345703125
856.13134765625 329.4884338378906 882.630090713501 329.4884338378906 882.630090713501 406.77640533447266 856.13134765625 406.77640533447266
853.2879028320312 322.4560241699219 879.5162143707275 322.4560241699219 879.5162143707275 398.9552307128906 853.2879028320312 398.9552307128906
852.5139770507812 322.90704345703125 878.4286956787109 322.90704345703125 878.4286956787109 398.4916000366211 852.5139770507812 398.4916000366211
875.0426635742188 319.25042724609375 901.1135196685791 319.25042724609375 901.1135196685791 395.2903823852539 875.0426635742188 395.2903823852539
862.4871826171875 296.81085205078125 888.1479301452637 296.81085205078125 888.1479301452637 371.6546630859375 862.4871826171875 371.6546630859375
834.2858276367188 294.1490173339844 860.1108055114746 294.1490173339844 860.1108055114746 369.47183990478516 834.2858276367188 369.47183990478516
758.69091796875 327.7369689941406 784.511682510376 327.7369689941406 784.511682510376 403.04750061035156 758.69091796875 403.04750061035156
725.9288940429688 307.2867736816406 752.0588188171387 307.2867736816406 752.0588188171387 383.4990234375 725.9288940429688 383.4990234375
670.3364868164062 290.386474609375 696.6470737457275 290.386474609375 696.6470737457275 367.1256561279297 670.3364868164062 367.1256561279297
673.85498046875 283.6528625488281 700.3440093994141 283.6528625488281 700.3440093994141 360.9124984741211 673.85498046875 360.9124984741211
676.6755981445312 277.0218200683594 703.0552310943604 277.0218200683594 703.0552310943604 353.9623794555664 676.6755981445312 353.9623794555664
680.3165283203125 272.29766845703125 706.6653099060059 272.29766845703125 706.6653099060059 349.1482391357422 680.3165283203125 349.1482391357422
685.8400268554688 263.595458984375 712.1459140777588 263.595458984375 712.1459140777588 340.32091522216797 685.8400268554688 340.32091522216797
688.0057983398438 260.1178894042969 714.3229312896729 260.1178894042969 714.3229312896729 336.8761444091797 688.0057983398438 336.8761444091797
691.1470947265625 278.7695617675781 717.4244480133057 278.7695617675781 717.4244480133057 355.4117889404297 691.1470947265625 355.4117889404297
689.1475830078125 302.3592834472656 715.846118927002 302.3592834472656 715.846118927002 380.22996520996094 689.1475830078125 380.22996520996094
693.6680908203125 272.2419128417969 720.3228340148926 272.2419128417969 720.3228340148926 349.98486328125 693.6680908203125 349.98486328125
685.1300048828125 305.03619384765625 711.2230682373047 305.03619384765625 711.2230682373047 381.1409149169922 685.1300048828125 381.1409149169922
681.5490112304688 303.58441162109375 707.5981845855713 303.58441162109375 707.5981845855713 379.5611267089844 681.5490112304688 379.5611267089844
678.6693725585938 303.4410705566406 705.0989437103271 303.4410705566406 705.0989437103271 380.5272903442383 678.6693725585938 380.5272903442383
676.7327270507812 294.6830749511719 702.6222171783447 294.6830749511719 702.6222171783447 370.19405364990234 676.7327270507812 370.19405364990234
676.6661376953125 326.89593505859375 702.3103828430176 326.89593505859375 702.3103828430176 401.69161224365234 676.6661376953125 401.69161224365234
670.4925537109375 325.89312744140625 695.902458190918 325.89312744140625 695.902458190918 400.00531005859375 670.4925537109375 400.00531005859375
665.0380249023438 329.95855712890625 690.7350215911865 329.95855712890625 690.7350215911865 404.90809631347656 665.0380249023438 404.90809631347656
667.59765625 326.62493896484375 693.0143566131592 326.62493896484375 693.0143566131592 400.75694274902344 667.59765625 400.75694274902344
663.2196044921875 327.2770080566406 689.0118865966797 327.2770080566406 689.0118865966797 402.50445556640625 663.2196044921875 402.50445556640625
666.3192138671875 322.01983642578125 692.3915767669678 322.01983642578125 692.3915767669678 398.0641860961914 666.3192138671875 398.0641860961914
663.25244140625 322.61859130859375 688.8685111999512 322.61859130859375 688.8685111999512 397.3320770263672 663.25244140625 397.3320770263672
660.7112426757812 321.88922119140625 686.6569576263428 321.88922119140625 686.6569576263428 397.56417083740234 660.7112426757812 397.56417083740234
657.66064453125 326.52020263671875 683.6064701080322 326.52020263671875 683.6064701080322 402.1954803466797 657.66064453125 402.1954803466797
657.1803588867188 322.4262390136719 683.2115821838379 322.4262390136719 683.2115821838379 398.35059356689453 657.1803588867188 398.35059356689453
659.4595947265625 312.34002685546875 685.6267127990723 312.34002685546875 685.6267127990723 388.6607360839844 659.4595947265625 388.6607360839844
660.7636108398438 315.4048156738281 687.1348476409912 315.4048156738281 687.1348476409912 392.3208694458008 660.7636108398438 392.3208694458008
660.8738403320312 314.791259765625 687.2349605560303 314.791259765625 687.2349605560303 391.6778106689453 660.8738403320312 391.6778106689453
660.8665771484375 309.69927978515625 687.5228824615479 309.69927978515625 687.5228824615479 387.44678497314453 660.8665771484375 387.44678497314453
658.6157836914062 318.37957763671875 685.3681888580322 318.37957763671875 685.3681888580322 396.4073791503906 658.6157836914062 396.4073791503906
653.8529052734375 320.6947326660156 680.8878974914551 320.6947326660156 680.8878974914551 399.54673767089844 653.8529052734375 399.54673767089844
649.8741455078125 321.148193359375 676.7812614440918 321.148193359375 676.7812614440918 399.62721252441406 649.8741455078125 399.62721252441406
658.3527221679688 299.7557678222656 685.0295104980469 299.7557678222656 685.0295104980469 377.56300354003906 658.3527221679688 377.56300354003906
660.8203125 306.6417541503906 687.8134918212891 306.6417541503906 687.8134918212891 385.3717956542969 660.8203125 385.3717956542969
658.34375 315.16253662109375 685.6721439361572 315.16253662109375 685.6721439361572 394.8702850341797 658.34375 394.8702850341797
658.206298828125 318.0845031738281 685.619140625 318.0845031738281 685.619140625 398.03855895996094 658.206298828125 398.03855895996094
664.0970458984375 315.10882568359375 691.4326286315918 315.10882568359375 691.4326286315918 394.8375473022461 664.0970458984375 394.8375473022461
661.847900390625 320.89617919921875 689.0009346008301 320.89617919921875 689.0009346008301 400.09246826171875 661.847900390625 400.09246826171875
662.5711669921875 297.00494384765625 689.1366539001465 297.00494384765625 689.1366539001465 374.487548828125 662.5711669921875 374.487548828125
664.9089965820312 265.1422424316406 691.736307144165 265.1422424316406 691.736307144165 343.3884963989258 664.9089965820312 343.3884963989258
684.2838134765625 233.4665069580078 710.9510688781738 233.4665069580078 710.9510688781738 311.24593353271484 684.2838134765625 311.24593353271484
691.668701171875 253.7927703857422 717.8109130859375 253.7927703857422 717.8109130859375 330.0408172607422 691.668701171875 330.0408172607422
681.6530151367188 239.7581024169922 708.0950202941895 239.7581024169922 708.0950202941895 316.8805389404297 681.6530151367188 316.8805389404297
684.1304931640625 239.689208984375 710.85719871521 239.689208984375 710.85719871521 315.3733673095703 684.1304931640625 315.3733673095703
686.6878662109375 240.52352905273438 712.9671897888184 240.52352905273438 712.9671897888184 317.1714859008789 686.6878662109375 317.1714859008789
690.7119140625 236.5948486328125 718.1704769134521 236.5948486328125 718.1704769134521 312.77601623535156 690.7119140625 312.77601623535156
692.3072509765625 235.56362915039062 718.6231422424316 235.56362915039062 718.6231422424316 312.3182373046875 692.3072509765625 312.3182373046875
698.0497436523438 244.0654296875 727.0169792175293 244.0654296875 727.0169792175293 308.9309310913086 698.0497436523438 308.9309310913086
706.3991088867188 241.29946899414062 734.4304714202881 241.29946899414062 734.4304714202881 307.6553039550781 706.3991088867188 307.6553039550781
712.6368408203125 244.8507843017578 740.0539646148682 244.8507843017578 740.0539646148682 309.0309829711914 712.6368408203125 309.0309829711914
713.7240600585938 244.10336303710938 742.2747001647949 244.10336303710938 742.2747001647949 309.63206481933594 713.7240600585938 309.63206481933594
714.072265625 241.55581665039062 742.6638679504395 241.55581665039062 742.6638679504395 309.8705596923828 714.072265625 309.8705596923828
711.6494140625 235.5645294189453 738.8859748840332 235.5645294189453 738.8859748840332 309.5433807373047 711.6494140625 309.5433807373047
705.9068603515625 231.04196166992188 732.7653503417969 231.04196166992188 732.7653503417969 309.37914276123047 705.9068603515625 309.37914276123047
700.8858032226562 226.30282592773438 728.3903961181641 226.30282592773438 728.3903961181641 306.5244674682617 700.8858032226562 306.5244674682617
700.3462524414062 229.0681610107422 727.763635635376 229.0681610107422 727.763635635376 309.0354537963867 700.3462524414062 309.0354537963867
695.8033447265625 226.92886352539062 723.6280612945557 226.92886352539062 723.6280612945557 308.0842056274414 695.8033447265625 308.0842056274414
691.990966796875 228.30490112304688 720.5101718902588 228.30490112304688 720.5101718902588 311.48583221435547 691.990966796875 311.48583221435547
690.4747924804688 231.6559600830078 719.2985534667969 231.6559600830078 719.2985534667969 315.72518157958984 690.4747924804688 315.72518157958984
682.8154296875 229.82919311523438 713.3671169281006 229.82919311523438 713.3671169281006 310.49195861816406 682.8154296875 310.49195861816406
679.1259155273438 239.2213897705078 709.4566287994385 239.2213897705078 709.4566287994385 313.74505615234375 679.1259155273438 313.74505615234375
674.5321044921875 239.19076538085938 705.4490261077881 239.19076538085938 705.4490261077881 313.4476547241211 674.5321044921875 313.4476547241211
669.1500854492188 241.89208984375 700.0292015075684 241.89208984375 700.0292015075684 313.64674377441406 669.1500854492188 313.64674377441406
665.6522827148438 246.4090118408203 695.9509925842285 246.4090118408203 695.9509925842285 317.4178924560547 665.6522827148438 317.4178924560547
659.5980224609375 249.17318725585938 689.560977935791 249.17318725585938 689.560977935791 321.50208282470703 659.5980224609375 321.50208282470703
655.7749633789062 251.4557647705078 686.4002647399902 251.4557647705078 686.4002647399902 324.08355712890625 655.7749633789062 324.08355712890625
647.4739379882812 250.1852264404297 678.5122413635254 250.1852264404297 678.5122413635254 322.5338897705078 647.4739379882812 322.5338897705078
639.3455810546875 239.7841796875 667.6698608398438 239.7841796875 667.6698608398438 322.39656829833984 639.3455810546875 322.39656829833984
638.7242431640625 248.17843627929688 669.3676815032959 248.17843627929688 669.3676815032959 322.61157989501953 638.7242431640625 322.61157989501953
639.779052734375 247.9201202392578 670.6135749816895 247.9201202392578 670.6135749816895 319.5038604736328 639.779052734375 319.5038604736328
645.8220825195312 246.8731689453125 674.3557777404785 246.8731689453125 674.3557777404785 317.41795349121094 645.8220825195312 317.41795349121094
652.3800048828125 244.56491088867188 681.4938316345215 244.56491088867188 681.4938316345215 314.3987731933594 652.3800048828125 314.3987731933594
673.2354736328125 226.5556640625 700.550271987915 226.5556640625 700.550271987915 306.22373962402344 673.2354736328125 306.22373962402344
685.5679931640625 236.6525115966797 713.1681823730469 236.6525115966797 713.1681823730469 308.70790100097656 685.5679931640625 308.70790100097656
693.2791137695312 233.16464233398438 721.4060554504395 233.16464233398438 721.4060554504395 303.4317092895508 693.2791137695312 303.4317092895508
704.604248046875 232.94827270507812 732.6864051818848 232.94827270507812 732.6864051818848 300.4568557739258 704.604248046875 300.4568557739258
717.192138671875 234.13369750976562 744.7723503112793 234.13369750976562 744.7723503112793 301.76280212402344 717.192138671875 301.76280212402344
731.988037109375 231.6487274169922 759.8368587493896 231.6487274169922 759.8368587493896 303.01160430908203 731.988037109375 303.01160430908203
734.7186279296875 234.2720184326172 761.8693237304688 234.2720184326172 761.8693237304688 302.37181854248047 734.7186279296875 302.37181854248047
734.592041015625 222.39743041992188 761.7346534729004 222.39743041992188 761.7346534729004 301.5633087158203 734.592041015625 301.5633087158203
734.383544921875 219.73403930664062 761.7170505523682 219.73403930664062 761.7170505523682 299.4566879272461 734.383544921875 299.4566879272461
733.009033203125 221.25082397460938 760.3588409423828 221.25082397460938 760.3588409423828 301.02101135253906 733.009033203125 301.02101135253906
727.9412231445312 220.164794921875 755.0265007019043 220.164794921875 755.0265007019043 299.16343688964844 727.9412231445312 299.16343688964844
727.81494140625 219.80978393554688 754.4096183776855 219.80978393554688 754.4096183776855 297.3775177001953 727.81494140625 297.3775177001953
727.3400268554688 221.73715209960938 753.7563819885254 221.73715209960938 753.7563819885254 298.78477478027344 727.3400268554688 298.78477478027344
727.5755004882812 222.2892608642578 753.8230323791504 222.2892608642578 753.8230323791504 298.844482421875 727.5755004882812 298.844482421875
731.6016235351562 223.63565063476562 757.7766227722168 223.63565063476562 757.7766227722168 299.9793243408203 731.6016235351562 299.9793243408203
740.5730590820312 220.0617218017578 766.6043357849121 220.0617218017578 766.6043357849121 295.9862060546875 740.5730590820312 295.9862060546875
745.7136840820312 218.5507049560547 772.1530818939209 218.5507049560547 772.1530818939209 295.6655502319336 745.7136840820312 295.6655502319336
747.3837890625 220.7140350341797 773.4884300231934 220.7140350341797 773.4884300231934 296.8525085449219 747.3837890625 296.8525085449219
748.0624389648438 220.21987915039062 774.4341793060303 220.21987915039062 774.4341793060303 297.13739013671875 748.0624389648438 297.13739013671875
746.3819580078125 225.0914764404297 775.5465087890625 225.0914764404297 775.5465087890625 294.26593017578125 746.3819580078125 294.26593017578125
745.1822509765625 221.02444458007812 771.1348609924316 221.02444458007812 771.1348609924316 296.71949768066406 745.1822509765625 296.71949768066406
742.8784790039062 220.9581756591797 769.2483310699463 220.9581756591797 769.2483310699463 297.87017822265625 742.8784790039062 297.87017822265625
743.4390258789062 220.5620880126953 769.3825950622559 220.5620880126953 769.3825950622559 296.2307662963867 743.4390258789062 296.2307662963867
743.573974609375 220.4307403564453 769.6053161621094 220.4307403564453 769.6053161621094 296.3554229736328 743.573974609375 296.3554229736328
743.8657836914062 219.12136840820312 770.0259761810303 219.12136840820312 770.0259761810303 295.421875 743.8657836914062 295.421875
744.024169921875 220.2161865234375 770.249755859375 220.2161865234375 770.249755859375 296.7074203491211 744.024169921875 296.7074203491211
743.1478271484375 226.4981689453125 772.0550727844238 226.4981689453125 772.0550727844238 294.46372985839844 743.1478271484375 294.46372985839844
742.6162109375 227.3485870361328 771.1408023834229 227.3485870361328 771.1408023834229 296.0024871826172 742.6162109375 296.0024871826172
743.263427734375 227.8020477294922 771.4333915710449 227.8020477294922 771.4333915710449 297.35986328125 743.263427734375 297.35986328125
741.9031982421875 228.2250518798828 770.0069580078125 228.2250518798828 770.0069580078125 296.6489791870117 741.9031982421875 296.6489791870117
742.6484985351562 231.6686248779297 770.8652496337891 231.6686248779297 770.8652496337891 298.39676666259766 742.6484985351562 298.39676666259766
742.1007080078125 233.27719116210938 772.3313045501709 233.27719116210938 772.3313045501709 298.5203399658203 742.1007080078125 298.5203399658203
743.5438232421875 230.04794311523438 771.8263759613037 230.04794311523438 771.8263759613037 300.8033218383789 743.5438232421875 300.8033218383789
743.1702270507812 232.2772979736328 772.159215927124 232.2772979736328 772.159215927124 301.51153564453125 743.1702270507812 301.51153564453125
741.840087890625 231.35733032226562 770.0805969238281 231.35733032226562 770.0805969238281 301.6218719482422 741.840087890625 301.6218719482422
741.6288452148438 230.82568359375 769.818920135498 230.82568359375 769.818920135498 300.3046875 741.6288452148438 300.3046875
740.9848022460938 229.5227813720703 769.9584197998047 229.5227813720703 769.9584197998047 299.7313537597656 740.9848022460938 299.7313537597656
742.5618286132812 230.8415985107422 770.4584770202637 230.8415985107422 770.4584770202637 299.57459259033203 742.5618286132812 299.57459259033203
744.3983154296875 228.90988159179688 772.7230415344238 228.90988159179688 772.7230415344238 295.83851623535156 744.3983154296875 295.83851623535156
751.5007934570312 228.4380340576172 777.7782135009766 228.4380340576172 777.7782135009766 297.0650329589844 751.5007934570312 297.0650329589844
758.9939575195312 229.9623565673828 786.1782569885254 229.9623565673828 786.1782569885254 299.8815002441406 758.9939575195312 299.8815002441406
762.500244140625 229.09194946289062 789.3165073394775 229.09194946289062 789.3165073394775 297.38782501220703 762.500244140625 297.38782501220703
763.8617553710938 226.11343383789062 791.2276000976562 226.11343383789062 791.2276000976562 295.56749725341797 763.8617553710938 295.56749725341797
765.3256225585938 230.33438110351562 792.2246360778809 230.33438110351562 792.2246360778809 299.1633834838867 765.3256225585938 299.1633834838867
764.6441650390625 226.65328979492188 791.6569061279297 226.65328979492188 791.6569061279297 295.6119918823242 764.6441650390625 295.6119918823242
757.7086181640625 230.22177124023438 785.3413696289062 230.22177124023438 785.3413696289062 299.0090789794922 757.7086181640625 299.0090789794922
754.5548706054688 231.0274200439453 781.499532699585 231.0274200439453 781.499532699585 299.8448257446289 754.5548706054688 299.8448257446289
752.9605712890625 229.1920623779297 779.8955192565918 229.1920623779297 779.8955192565918 294.24810791015625 752.9605712890625 294.24810791015625
751.7391357421875 229.38809204101562 778.2365112304688 229.38809204101562 778.2365112304688 294.5967330932617 751.7391357421875 294.5967330932617
752.8820190429688 230.0581512451172 778.0551414489746 230.0581512451172 778.0551414489746 296.8521423339844 752.8820190429688 296.8521423339844
756.8416137695312 228.1820526123047 782.2578449249268 228.1820526123047 782.2578449249268 293.2507553100586 756.8416137695312 293.2507553100586
760.125 228.4342803955078 785.8358554840088 228.4342803955078 785.8358554840088 292.0011558532715 760.125 292.0011558532715
761.2339477539062 227.373779296875 786.6162567138672 227.373779296875 786.6162567138672 291.9642105102539 761.2339477539062 291.9642105102539
760.7371826171875 226.89730834960938 785.8885803222656 226.89730834960938 785.8885803222656 292.4927749633789 760.7371826171875 292.4927749633789
759.2567138671875 228.0762176513672 785.1887016296387 228.0762176513672 785.1887016296387 292.5592041015625 759.2567138671875 292.5592041015625
751.5087280273438 227.67453002929688 778.6805152893066 227.67453002929688 778.6805152893066 294.0752716064453 751.5087280273438 294.0752716064453
748.7796630859375 223.20703125 775.3731288909912 223.20703125 775.3731288909912 293.0815887451172 748.7796630859375 293.0815887451172
749.17724609375 225.6265869140625 775.6133880615234 225.6265869140625 775.6133880615234 292.51548767089844 749.17724609375 292.51548767089844
750.2652587890625 231.5821533203125 779.1486473083496 231.5821533203125 779.1486473083496 295.4297180175781 750.2652587890625 295.4297180175781
753.6041259765625 231.64566040039062 781.7669410705566 231.64566040039062 781.7669410705566 295.9396514892578 753.6041259765625 295.9396514892578
756.2861328125 233.71914672851562 783.1734466552734 233.71914672851562 783.1734466552734 298.3165740966797 756.2861328125 298.3165740966797
758.4932861328125 231.9509735107422 787.2213554382324 231.9509735107422 787.2213554382324 298.8439025878906 758.4932861328125 298.8439025878906
757.3486938476562 219.356689453125 783.1969718933105 219.356689453125 783.1969718933105 294.7474822998047 757.3486938476562 294.7474822998047
754.5609130859375 229.95919799804688 783.392749786377 229.95919799804688 783.392749786377 296.9796142578125 754.5609130859375 296.9796142578125
751.6978759765625 230.26528930664062 781.1752376556396 230.26528930664062 781.1752376556396 293.9281806945801 751.6978759765625 293.9281806945801
749.0013427734375 226.14193725585938 778.7783164978027 226.14193725585938 778.7783164978027 292.86644744873047 749.0013427734375 292.86644744873047
749.4646606445312 225.31640625 776.445369720459 225.31640625 776.445369720459 293.1958923339844 749.4646606445312 293.1958923339844
746.8489379882812 226.6050567626953 774.1155662536621 226.6050567626953 774.1155662536621 293.3713836669922 746.8489379882812 293.3713836669922
745.6608276367188 228.0951690673828 772.2076816558838 228.0951690673828 772.2076816558838 296.1746520996094 745.6608276367188 296.1746520996094
746.548828125 226.53781127929688 774.1374912261963 226.53781127929688 774.1374912261963 291.9096145629883 746.548828125 291.9096145629883
746.8565673828125 228.1680145263672 773.400463104248 228.1680145263672 773.400463104248 294.5084686279297 746.8565673828125 294.5084686279297
746.5145263671875 229.17813110351562 772.1028804779053 229.17813110351562 772.1028804779053 296.48439025878906 746.5145263671875 296.48439025878906
746.7252197265625 227.1912841796875 774.2316780090332 227.1912841796875 774.2316780090332 296.9754638671875 746.7252197265625 296.9754638671875
747.4998168945312 224.27835083007812 776.3979949951172 224.27835083007812 776.3979949951172 293.99952697753906 747.4998168945312 293.99952697753906
748.9910278320312 226.38681030273438 777.4540824890137 226.38681030273438 777.4540824890137 296.05155181884766 748.9910278320312 296.05155181884766
748.5061645507812 225.04531860351562 776.8847770690918 225.04531860351562 776.8847770690918 295.91625213623047 748.5061645507812 295.91625213623047
747.82666015625 221.23672485351562 776.0206356048584 221.23672485351562 776.0206356048584 294.8312454223633 747.82666015625 294.8312454223633
747.6907348632812 224.00692749023438 777.0722351074219 224.00692749023438 777.0722351074219 293.66807556152344 747.6907348632812 293.66807556152344
748.769775390625 223.49258422851562 777.0538635253906 223.49258422851562 777.0538635253906 292.09107971191406 748.769775390625 292.09107971191406
749.39990234375 221.8448028564453 778.2262382507324 221.8448028564453 778.2262382507324 288.9751892089844 749.39990234375 288.9751892089844
750.3829345703125 224.08462524414062 778.5839080810547 224.08462524414062 778.5839080810547 292.5037078857422 750.3829345703125 292.5037078857422
748.988525390625 221.5621337890625 777.4262294769287 221.5621337890625 777.4262294769287 293.99839782714844 748.988525390625 293.99839782714844
746.0130615234375 222.94790649414062 774.4093627929688 222.94790649414062 774.4093627929688 293.2940216064453 746.0130615234375 293.2940216064453
741.59423828125 219.35574340820312 768.823299407959 219.35574340820312 768.823299407959 288.6715621948242 741.59423828125 288.6715621948242
739.8486328125 221.93887329101562 767.6498622894287 221.93887329101562 767.6498622894287 289.6990203857422 739.8486328125 289.6990203857422
738.4432373046875 226.9833526611328 766.8680820465088 226.9833526611328 766.8680820465088 291.8114318847656 738.4432373046875 291.8114318847656
737.7061767578125 224.954345703125 765.9583015441895 224.954345703125 765.9583015441895 291.0931854248047 737.7061767578125 291.0931854248047
738.6524658203125 213.1239776611328 765.934103012085 213.1239776611328 765.934103012085 292.6953659057617 738.6524658203125 292.6953659057617
743.6017456054688 226.0626983642578 772.4552669525146 226.0626983642578 772.4552669525146 293.51954650878906 743.6017456054688 293.51954650878906
748.8111572265625 225.40408325195312 777.6333255767822 225.40408325195312 777.6333255767822 292.13671875 748.8111572265625 292.13671875
747.4468994140625 221.85513305664062 776.2804374694824 221.85513305664062 776.2804374694824 290.5904541015625 747.4468994140625 290.5904541015625
745.6414184570312 222.2254180908203 773.5352268218994 222.2254180908203 773.5352268218994 290.37545013427734 745.6414184570312 290.37545013427734
739.8641357421875 221.345703125 767.8304386138916 221.345703125 767.8304386138916 291.71497344970703 739.8641357421875 291.71497344970703
736.5595092773438 220.8414306640625 762.7411308288574 220.8414306640625 762.7411308288574 289.8567886352539 736.5595092773438 289.8567886352539
729.6673583984375 222.97763061523438 757.0354194641113 222.97763061523438 757.0354194641113 291.19625091552734 729.6673583984375 291.19625091552734
724.3328247070312 227.83187866210938 751.5664482116699 227.83187866210938 751.5664482116699 295.4957275390625 724.3328247070312 295.4957275390625
722.8341064453125 225.19680786132812 750.7683563232422 225.19680786132812 750.7683563232422 292.6759262084961 722.8341064453125 292.6759262084961
722.3165283203125 227.9253387451172 749.8975944519043 227.9253387451172 749.8975944519043 294.24974060058594 722.3165283203125 294.24974060058594
722.9625244140625 229.3594512939453 751.0997314453125 229.3594512939453 751.0997314453125 295.7454833984375 722.9625244140625 295.7454833984375
724.5612182617188 228.81723022460938 753.2029056549072 228.81723022460938 753.2029056549072 296.10375213623047 724.5612182617188 296.10375213623047
722.7135620117188 227.1435546875 751.4451198577881 227.1435546875 751.4451198577881 298.17724609375 722.7135620117188 298.17724609375
719.9654541015625 228.04989624023438 747.0444526672363 228.04989624023438 747.0444526672363 296.3183898925781 719.9654541015625 296.3183898925781
718.2666015625 229.1781463623047 744.2156944274902 229.1781463623047 744.2156944274902 295.8797912597656 718.2666015625 295.8797912597656
713.9950561523438 228.06143188476562 741.9049339294434 228.06143188476562 741.9049339294434 294.7149200439453 713.9950561523438 294.7149200439453
714.3069458007812 227.58956909179688 741.4561462402344 227.58956909179688 741.4561462402344 298.0648498535156 714.3069458007812 298.0648498535156
713.2879028320312 224.5045623779297 740.9729461669922 224.5045623779297 740.9729461669922 296.8971252441406 713.2879028320312 296.8971252441406
714.2097778320312 224.6593017578125 742.5978546142578 224.6593017578125 742.5978546142578 295.6652297973633 714.2097778320312 295.6652297973633
714.0042724609375 228.08004760742188 742.6376857757568 228.08004760742188 742.6376857757568 296.91793060302734 714.0042724609375 296.91793060302734
708.416748046875 206.70816040039062 735.3629665374756 206.70816040039062 735.3629665374756 285.3012161254883 708.416748046875 285.3012161254883
696.9937744140625 200.17794799804688 724.3809471130371 200.17794799804688 724.3809471130371 280.05712127685547 696.9937744140625 280.05712127685547
706.0310668945312 207.6980743408203 733.5428409576416 207.6980743408203 733.5428409576416 287.940673828125 706.0310668945312 287.940673828125
691.0555419921875 194.8802032470703 718.5752506256104 194.8802032470703 718.5752506256104 275.14593505859375 691.0555419921875 275.14593505859375
691.0372924804688 197.49703979492188 718.9311180114746 197.49703979492188 718.9311180114746 278.8539505004883 691.0372924804688 278.8539505004883
714.6961059570312 204.39804077148438 742.7597160339355 204.39804077148438 742.7597160339355 286.2501678466797 714.6961059570312 286.2501678466797
719.5590209960938 208.8349151611328 747.8651828765869 208.8349151611328 747.8651828765869 291.3944778442383 719.5590209960938 291.3944778442383
683.8265380859375 202.49148559570312 712.201473236084 202.49148559570312 712.201473236084 285.2516326904297 683.8265380859375 285.2516326904297
712.0435791015625 201.2660675048828 740.6970462799072 201.2660675048828 740.6970462799072 284.8385925292969 712.0435791015625 284.8385925292969
673.5946655273438 203.14694213867188 702.1785163879395 203.14694213867188 702.1785163879395 286.51641845703125 673.5946655273438 286.51641845703125
717.5216674804688 204.7487335205078 745.9106330871582 204.7487335205078 745.9106330871582 287.5498046875 717.5216674804688 287.5498046875
727.2567138671875 195.85498046875 755.2916145324707 195.85498046875 755.2916145324707 277.6233596801758 727.2567138671875 277.6233596801758
724.7919921875 203.28402709960938 753.0766658782959 203.28402709960938 753.0766658782959 285.7809066772461 724.7919921875 285.7809066772461
723.3110961914062 205.92105102539062 751.3867225646973 205.92105102539062 751.3867225646973 286.05533599853516 723.3110961914062 286.05533599853516
720.9927978515625 208.2441864013672 749.6639442443848 208.2441864013672 749.6639442443848 291.46160888671875 720.9927978515625 291.46160888671875
718.458984375 206.5913543701172 747.5005588531494 206.5913543701172 747.5005588531494 291.29586029052734 718.458984375 291.29586029052734
716.2432861328125 202.35345458984375 745.5800838470459 202.35345458984375 745.5800838470459 287.9542999267578 716.2432861328125 287.9542999267578
719.9813232421875 211.3588409423828 747.7962532043457 211.3588409423828 747.7962532043457 297.1641616821289 719.9813232421875 297.1641616821289
715.0247802734375 206.4659881591797 744.0730037689209 206.4659881591797 744.0730037689209 291.18988037109375 715.0247802734375 291.18988037109375
713.5245971679688 214.2595977783203 740.8411293029785 214.2595977783203 740.8411293029785 297.485107421875 713.5245971679688 297.485107421875
708.4285888671875 217.17556762695312 735.4222602844238 217.17556762695312 735.4222602844238 300.6456069946289 708.4285888671875 300.6456069946289
702.158447265625 210.5891876220703 731.0489253997803 210.5891876220703 731.0489253997803 297.49363708496094 702.158447265625 297.49363708496094
701.6813354492188 206.6496124267578 730.0485897064209 206.6496124267578 730.0485897064209 293.0130081176758 701.6813354492188 293.0130081176758
698.3806762695312 213.6880340576172 726.0764579772949 213.6880340576172 726.0764579772949 300.0487518310547 698.3806762695312 300.0487518310547
693.8535766601562 212.15713500976562 722.5145778656006 212.15713500976562 722.5145778656006 297.74424743652344 693.8535766601562 297.74424743652344
687.7578125 208.29776000976562 716.5409297943115 208.29776000976562 716.5409297943115 292.56593322753906 687.7578125 292.56593322753906
684.3594970703125 206.52587890625 713.2523155212402 206.52587890625 713.2523155212402 290.7965087890625 684.3594970703125 290.7965087890625
678.4781494140625 204.1563262939453 707.6111946105957 204.1563262939453 707.6111946105957 289.1276168823242 678.4781494140625 289.1276168823242
676.3349609375 230.05709838867188 704.0738983154297 230.05709838867188 704.0738983154297 300.43235778808594 676.3349609375 300.43235778808594
667.5208740234375 231.7508544921875 696.2994441986084 231.7508544921875 696.2994441986084 301.8103561401367 667.5208740234375 301.8103561401367
663.0375366210938 235.76455688476562 692.2119693756104 235.76455688476562 692.2119693756104 302.7635803222656 663.0375366210938 302.7635803222656
681.0147094726562 229.77456665039062 709.4595737457275 229.77456665039062 709.4595737457275 300.2737503051758 681.0147094726562 300.2737503051758
681.740234375 231.5561065673828 710.5764312744141 231.5561065673828 710.5764312744141 302.9979476928711 681.740234375 302.9979476928711
680.4268798828125 226.83291625976562 709.6865539550781 226.83291625976562 709.6865539550781 312.1735534667969 680.4268798828125 312.1735534667969
670.9913940429688 242.21365356445312 699.4232482910156 242.21365356445312 699.4232482910156 316.14134216308594 670.9913940429688 316.14134216308594
672.5494995117188 229.9156036376953 702.2588138580322 229.9156036376953 702.2588138580322 316.5676803588867 672.5494995117188 316.5676803588867
641.2350463867188 235.29837036132812 670.4048881530762 235.29837036132812 670.4048881530762 320.37699127197266 641.2350463867188 320.37699127197266
622.9588012695312 248.95596313476562 652.8854217529297 248.95596313476562 652.8854217529297 320.2080841064453 622.9588012695312 320.2080841064453
617.5261840820312 251.0497589111328 647.300106048584 251.0497589111328 647.300106048584 320.4146423339844 617.5261840820312 320.4146423339844
616.3473510742188 250.0904541015625 645.869836807251 250.0904541015625 645.869836807251 321.96961975097656 616.3473510742188 321.96961975097656
613.1373291015625 248.52841186523438 642.7350101470947 248.52841186523438 642.7350101470947 323.5661392211914 613.1373291015625 323.5661392211914
608.6838989257812 249.59768676757812 637.6985969543457 249.59768676757812 637.6985969543457 322.2321548461914 608.6838989257812 322.2321548461914
606.0096435546875 247.30630493164062 635.9534606933594 247.30630493164062 635.9534606933594 320.48805236816406 606.0096435546875 320.48805236816406
604.58447265625 248.7537384033203 633.9577541351318 248.7537384033203 633.9577541351318 322.0012741088867 604.58447265625 322.0012741088867
602.7992553710938 250.2463836669922 631.3369255065918 250.2463836669922 631.3369255065918 322.38465118408203 602.7992553710938 322.38465118408203
599.5301513671875 229.53646850585938 628.6905059814453 229.53646850585938 628.6905059814453 314.58739471435547 599.5301513671875 314.58739471435547
567.1990356445312 249.00466918945312 596.7874813079834 249.00466918945312 596.7874813079834 325.4708480834961 567.1990356445312 325.4708480834961
600.6215209960938 246.22964477539062 628.6508369445801 246.22964477539062 628.6508369445801 321.79443359375 600.6215209960938 321.79443359375
605.535888671875 245.63247680664062 632.8833103179932 245.63247680664062 632.8833103179932 321.40765380859375 605.535888671875 321.40765380859375
609.2218627929688 243.02523803710938 637.4512596130371 243.02523803710938 637.4512596130371 316.7047882080078 609.2218627929688 316.7047882080078
612.9003295898438 245.0954132080078 640.945348739624 245.0954132080078 640.945348739624 319.5957260131836 612.9003295898438 319.5957260131836
616.1006469726562 243.48666381835938 644.730152130127 243.48666381835938 644.730152130127 318.7362747192383 616.1006469726562 318.7362747192383
618.2637939453125 241.1840362548828 647.7593994140625 241.1840362548828 647.7593994140625 317.0673522949219 618.2637939453125 317.0673522949219
622.5533447265625 226.0185089111328 652.7370262145996 226.0185089111328 652.7370262145996 314.0541534423828 622.5533447265625 314.0541534423828
631.0891723632812 231.85281372070312 660.6987266540527 231.85281372070312 660.6987266540527 307.94898986816406 631.0891723632812 307.94898986816406
639.3614501953125 240.5126953125 668.6057624816895 240.5126953125 668.6057624816895 314.1571044921875 639.3614501953125 314.1571044921875
644.7564697265625 237.7774200439453 673.1917934417725 237.7774200439453 673.1917934417725 314.0658874511719 644.7564697265625 314.0658874511719
652.4015502929688 239.97006225585938 679.8906211853027 239.97006225585938 679.8906211853027 314.3206100463867 652.4015502929688 314.3206100463867
659.8464965820312 228.44754028320312 689.4461269378662 228.44754028320312 689.4461269378662 314.7796936035156 659.8464965820312 314.7796936035156
664.8712158203125 240.34127807617188 693.1131401062012 240.34127807617188 693.1131401062012 314.87052154541016 664.8712158203125 314.87052154541016
668.034912109375 244.02755737304688 697.6523399353027 244.02755737304688 697.6523399353027 316.55674743652344 668.034912109375 316.55674743652344
672.3264770507812 242.029296875 702.9964408874512 242.029296875 702.9964408874512 315.0286102294922 672.3264770507812 315.0286102294922
675.9733276367188 239.60092163085938 706.8545475006104 239.60092163085938 706.8545475006104 313.7826690673828 675.9733276367188 313.7826690673828
681.1419677734375 235.61654663085938 710.746753692627 235.61654663085938 710.746753692627 311.0585403442383 681.1419677734375 311.0585403442383
683.8858032226562 235.2869873046875 714.4826240539551 235.2869873046875 714.4826240539551 310.7338333129883 683.8858032226562 310.7338333129883
686.4254150390625 238.25009155273438 717.3138828277588 238.25009155273438 717.3138828277588 311.1224822998047 686.4254150390625 311.1224822998047
689.1742553710938 238.64358520507812 719.9956169128418 238.64358520507812 719.9956169128418 310.31258392333984 689.1742553710938 310.31258392333984
690.1644897460938 235.0204315185547 718.8286228179932 235.0204315185547 718.8286228179932 308.11702728271484 690.1644897460938 308.11702728271484
689.2654418945312 222.47879028320312 717.1982536315918 222.47879028320312 717.1982536315918 301.2915344238281 689.2654418945312 301.2915344238281
691.3450317382812 221.70266723632812 720.6163444519043 221.70266723632812 720.6163444519043 301.67198181152344 691.3450317382812 301.67198181152344
693.2232666015625 220.2845458984375 722.6158542633057 220.2845458984375 722.6158542633057 299.89886474609375 693.2232666015625 299.89886474609375
694.0198974609375 220.98562622070312 722.7376651763916 220.98562622070312 722.7376651763916 300.83551025390625 694.0198974609375 300.83551025390625
693.6279907226562 210.613525390625 724.1398887634277 210.613525390625 724.1398887634277 299.60646057128906 693.6279907226562 299.60646057128906
691.6817016601562 211.07553100585938 722.0226497650146 211.07553100585938 722.0226497650146 299.5698699951172 691.6817016601562 299.5698699951172
686.6998291015625 228.63027954101562 716.2622222900391 228.63027954101562 716.2622222900391 310.0129699707031 686.6998291015625 310.0129699707031
695.4895629882812 233.8394317626953 724.4907341003418 233.8394317626953 724.4907341003418 308.4698791503906 695.4895629882812 308.4698791503906
695.1029052734375 227.18099975585938 724.5360317230225 227.18099975585938 724.5360317230225 303.7178497314453 695.1029052734375 303.7178497314453
696.4786376953125 232.7421417236328 725.321475982666 232.7421417236328 725.321475982666 307.4075012207031 696.4786376953125 307.4075012207031
692.2366943359375 231.8250274658203 721.66188621521 231.8250274658203 721.66188621521 305.30364990234375 692.2366943359375 305.30364990234375
691.435546875 227.0040740966797 721.426456451416 227.0040740966797 721.426456451416 303.2460174560547 691.435546875 303.2460174560547
691.1824951171875 228.37326049804688 719.9918308258057 228.37326049804688 719.9918308258057 303.39461517333984 691.1824951171875 303.39461517333984
691.1304931640625 225.99545288085938 720.0285949707031 225.99545288085938 720.0285949707031 301.61779022216797 691.1304931640625 301.61779022216797
690.0388793945312 208.46426391601562 719.4125709533691 208.46426391601562 719.4125709533691 294.13743591308594 690.0388793945312 294.13743591308594
707.4107666015625 217.91650390625 736.7421779632568 217.91650390625 736.7421779632568 294.0661163330078 707.4107666015625 294.0661163330078
687.2872314453125 221.26193237304688 715.6401309967041 221.26193237304688 715.6401309967041 295.6877746582031 687.2872314453125 295.6877746582031
683.568115234375 213.5612030029297 712.2903480529785 213.5612030029297 712.2903480529785 297.3342819213867 683.568115234375 297.3342819213867
683.7442626953125 226.0558319091797 712.5052299499512 226.0558319091797 712.5052299499512 300.58045196533203 683.7442626953125 300.58045196533203
684.0133056640625 225.44677734375 711.046688079834 225.44677734375 711.046688079834 298.2184295654297 684.0133056640625 298.2184295654297
683.361083984375 226.2670135498047 709.756555557251 226.2670135498047 709.756555557251 299.0189971923828 683.361083984375 299.0189971923828
686.4852294921875 225.955078125 713.1425266265869 225.955078125 713.1425266265869 297.5810089111328 686.4852294921875 297.5810089111328
679.3345947265625 216.15625 707.9163932800293 216.15625 707.9163932800293 299.5197296142578 679.3345947265625 299.5197296142578
678.5406494140625 230.96853637695312 704.253396987915 230.96853637695312 704.253396987915 304.9531478881836 678.5406494140625 304.9531478881836
677.6041259765625 230.8773193359375 703.0179252624512 230.8773193359375 703.0179252624512 305.2019500732422 677.6041259765625 305.2019500732422
677.5730590820312 228.4542236328125 703.2630615234375 228.4542236328125 703.2630615234375 304.54502868652344 677.5730590820312 304.54502868652344
676.7705688476562 226.13796997070312 702.634693145752 226.13796997070312 702.634693145752 302.1065216064453 676.7705688476562 302.1065216064453
676.6297607421875 225.7970733642578 704.1050720214844 225.7970733642578 704.1050720214844 299.9513244628906 676.6297607421875 299.9513244628906
674.48046875 223.26290893554688 702.9029808044434 223.26290893554688 702.9029808044434 298.3525848388672 674.48046875 298.3525848388672
671.5360107421875 228.71701049804688 699.4921417236328 228.71701049804688 699.4921417236328 304.6983642578125 671.5360107421875 304.6983642578125
670.001708984375 235.31777954101562 700.0597877502441 235.31777954101562 700.0597877502441 307.25499725341797 670.001708984375 307.25499725341797
671.7991943359375 235.85214233398438 700.8235263824463 235.85214233398438 700.8235263824463 309.12242889404297 671.7991943359375 309.12242889404297
672.1697998046875 231.4246826171875 702.2835292816162 231.4246826171875 702.2835292816162 305.45967864990234 672.1697998046875 305.45967864990234
674.1902465820312 234.8648223876953 704.1483726501465 234.8648223876953 704.1483726501465 309.0361328125 674.1902465820312 309.0361328125
676.7308349609375 233.76065063476562 708.0009059906006 233.76065063476562 708.0009059906006 305.7633361816406 676.7308349609375 305.7633361816406
684.7193603515625 220.98538208007812 713.6382999420166 220.98538208007812 713.6382999420166 305.3321762084961 684.7193603515625 305.3321762084961
684.8313598632812 226.0444793701172 714.3213157653809 226.0444793701172 714.3213157653809 301.10633087158203 684.8313598632812 301.10633087158203
689.6998291015625 227.2929229736328 719.2418975830078 227.2929229736328 719.2418975830078 303.24246978759766 689.6998291015625 303.24246978759766
693.84765625 229.6828155517578 722.113094329834 229.6828155517578 722.113094329834 303.44962310791016 693.84765625 303.44962310791016
694.8300170898438 221.4642791748047 724.8430595397949 221.4642791748047 724.8430595397949 302.2780990600586 694.8300170898438 302.2780990600586
696.9878540039062 220.39303588867188 726.5042991638184 220.39303588867188 726.5042991638184 299.94480895996094 696.9878540039062 299.94480895996094
695.9525756835938 223.6151580810547 725.7130184173584 223.6151580810547 725.7130184173584 300.92303466796875 695.9525756835938 300.92303466796875
692.594970703125 222.16421508789062 723.1024284362793 222.16421508789062 723.1024284362793 297.6557388305664 692.594970703125 297.6557388305664
691.410400390625 224.2377166748047 721.6507015228271 224.2377166748047 721.6507015228271 298.948974609375 691.410400390625 298.948974609375
688.7958984375 223.754150390625 718.4552459716797 223.754150390625 718.4552459716797 297.1563949584961 688.7958984375 297.1563949584961
683.3126220703125 222.1553192138672 714.0264549255371 222.1553192138672 714.0264549255371 296.6199951171875 683.3126220703125 296.6199951171875
682.3458251953125 223.16592407226562 713.6200866699219 223.16592407226562 713.6200866699219 296.2319641113281 682.3458251953125 296.2319641113281
681.271484375 225.10861206054688 712.158374786377 225.10861206054688 712.158374786377 296.15230560302734 681.271484375 296.15230560302734
679.63916015625 222.276611328125 709.8987312316895 222.276611328125 709.8987312316895 293.93296813964844 679.63916015625 293.93296813964844
677.1669311523438 221.51022338867188 707.8547821044922 221.51022338867188 707.8547821044922 294.9724807739258 677.1669311523438 294.9724807739258
673.9843139648438 219.4956512451172 703.8345603942871 219.4956512451172 703.8345603942871 293.63938903808594 673.9843139648438 293.63938903808594
673.2137451171875 221.763916015625 703.4704780578613 221.763916015625 703.4704780578613 295.785888671875 673.2137451171875 295.785888671875
670.5657958984375 225.32107543945312 700.5725364685059 225.32107543945312 700.5725364685059 299.02003479003906 670.5657958984375 299.02003479003906
668.085205078125 224.23538208007812 697.27366065979 224.23538208007812 697.27366065979 297.5226516723633 668.085205078125 297.5226516723633
665.1572265625 226.51370239257812 694.0074424743652 226.51370239257812 694.0074424743652 300.23094177246094 665.1572265625 300.23094177246094
660.98046875 226.278564453125 689.5956687927246 226.278564453125 689.5956687927246 302.57837677001953 660.98046875 302.57837677001953
657.5631713867188 228.1742706298828 686.1612091064453 228.1742706298828 686.1612091064453 301.0554504394531 657.5631713867188 301.0554504394531
654.9993286132812 227.49984741210938 684.4584503173828 227.49984741210938 684.4584503173828 298.7320022583008 654.9993286132812 298.7320022583008
653.515869140625 229.92465209960938 682.2949924468994 229.92465209960938 682.2949924468994 299.99424743652344 653.515869140625 299.99424743652344
652.260986328125 231.72445678710938 680.3643131256104 231.72445678710938 680.3643131256104 303.55116271972656 652.260986328125 303.55116271972656
652.3253784179688 214.3189239501953 680.4468288421631 214.3189239501953 680.4468288421631 296.3397750854492 652.3253784179688 296.3397750854492
643.8883056640625 231.0220947265625 673.7124423980713 231.0220947265625 673.7124423980713 300.6042022705078 643.8883056640625 300.6042022705078
642.2894897460938 234.3844757080078 672.031421661377 234.3844757080078 672.031421661377 302.9521789550781 642.2894897460938 302.9521789550781
640.4077758789062 235.04995727539062 669.4363765716553 235.04995727539062 669.4363765716553 305.39171600341797 640.4077758789062 305.39171600341797
640.4651489257812 232.0513153076172 669.3675632476807 232.0513153076172 669.3675632476807 301.10296630859375 640.4651489257812 301.10296630859375
640.4515380859375 232.09243774414062 668.1601448059082 232.09243774414062 668.1601448059082 300.2776794433594 640.4515380859375 300.2776794433594
642.01708984375 231.0529022216797 669.232400894165 231.0529022216797 669.232400894165 297.2093200683594 642.01708984375 297.2093200683594
641.8798828125 231.31948852539062 669.2091255187988 231.31948852539062 669.2091255187988 297.43519592285156 641.8798828125 297.43519592285156
640.3102416992188 231.6710968017578 668.5370330810547 231.6710968017578 668.5370330810547 297.31510162353516 640.3102416992188 297.31510162353516
639.8988037109375 231.158447265625 668.5231075286865 231.158447265625 668.5231075286865 295.60115814208984 639.8988037109375 295.60115814208984
639.2403564453125 230.60214233398438 668.4824829101562 230.60214233398438 668.4824829101562 294.4943046569824 639.2403564453125 294.4943046569824
638.481689453125 233.2622528076172 667.4368553161621 233.2622528076172 667.4368553161621 297.0354690551758 638.481689453125 297.0354690551758
638.1627807617188 233.02603149414062 666.3509521484375 233.02603149414062 666.3509521484375 297.09387969970703 638.1627807617188 297.09387969970703
638.4693603515625 233.7140655517578 667.4472408294678 233.7140655517578 667.4472408294678 297.90704345703125 638.4693603515625 297.90704345703125
638.3119506835938 233.6145477294922 666.0578651428223 233.6145477294922 666.0578651428223 298.42073822021484 638.3119506835938 298.42073822021484
635.86083984375 234.35653686523438 663.4869689941406 234.35653686523438 663.4869689941406 297.38238525390625 635.86083984375 297.38238525390625
632.9300537109375 231.15725708007812 659.8591861724854 231.15725708007812 659.8591861724854 294.36388397216797 632.9300537109375 294.36388397216797
633.6295776367188 234.47494506835938 661.0447425842285 234.47494506835938 661.0447425842285 296.9557685852051 633.6295776367188 296.9557685852051
631.9183349609375 233.92031860351562 658.0957298278809 233.92031860351562 658.0957298278809 295.5054130554199 631.9183349609375 295.5054130554199
630.31689453125 234.1591033935547 657.2565212249756 234.1591033935547 657.2565212249756 294.77245712280273 630.31689453125 294.77245712280273
628.5794067382812 232.56607055664062 654.6149444580078 232.56607055664062 654.6149444580078 293.5078544616699 628.5794067382812 293.5078544616699
627.133056640625 232.2446746826172 653.0189571380615 232.2446746826172 653.0189571380615 293.49230194091797 627.133056640625 293.49230194091797
624.8528442382812 231.5880889892578 651.4702491760254 231.5880889892578 651.4702491760254 293.93323516845703 624.8528442382812 293.93323516845703
623.252197265625 230.243408203125 649.5350074768066 230.243408203125 649.5350074768066 296.4262008666992 623.252197265625 296.4262008666992
622.7355346679688 231.6032257080078 648.8515682220459 231.6032257080078 648.8515682220459 295.34131622314453 622.7355346679688 295.34131622314453
621.3327026367188 232.3530731201172 647.55517578125 232.3530731201172 647.55517578125 296.56275939941406 621.3327026367188 296.56275939941406
620.2553100585938 232.242919921875 646.6081047058105 232.242919921875 646.6081047058105 297.7236022949219 620.2553100585938 297.7236022949219
616.5745849609375 232.890380859375 641.9924697875977 232.890380859375 641.9924697875977 299.88995361328125 616.5745849609375 299.88995361328125
617.6815795898438 234.3603515625 644.31520652771 234.3603515625 644.31520652771 300.69991302490234 617.6815795898438 300.69991302490234
615.7501831054688 231.38327026367188 642.2046661376953 231.38327026367188 642.2046661376953 297.1844787597656 615.7501831054688 297.1844787597656
614.6154174804688 231.49658203125 641.203592300415 231.49658203125 641.203592300415 297.20121002197266 614.6154174804688 297.20121002197266
613.2737426757812 234.6495361328125 640.3434047698975 234.6495361328125 640.3434047698975 301.49686431884766 613.2737426757812 301.49686431884766
613.2442626953125 232.3301239013672 640.2248649597168 232.3301239013672 640.2248649597168 298.87097930908203 613.2442626953125 298.87097930908203
612.286865234375 231.1089324951172 639.7771034240723 231.1089324951172 639.7771034240723 298.5206604003906 612.286865234375 298.5206604003906
612.8502197265625 225.96725463867188 639.7579708099365 225.96725463867188 639.7579708099365 296.35467529296875 612.8502197265625 296.35467529296875
610.4764404296875 226.353271484375 638.1492519378662 226.353271484375 638.1492519378662 296.8386001586914 610.4764404296875 296.8386001586914
607.18115234375 228.9961395263672 636.9934844970703 228.9961395263672 636.9934844970703 295.8309555053711 607.18115234375 295.8309555053711
605.9830932617188 222.91891479492188 635.4323692321777 222.91891479492188 635.4323692321777 295.56126403808594 605.9830932617188 295.56126403808594
601.6676025390625 224.33212280273438 631.5034236907959 224.33212280273438 631.5034236907959 296.5819396972656 601.6676025390625 296.5819396972656
603.749755859375 223.4120635986328 633.0253105163574 223.4120635986328 633.0253105163574 294.1025085449219 603.749755859375 294.1025085449219
599.674560546875 221.63662719726562 628.1360874176025 221.63662719726562 628.1360874176025 294.8601379394531 599.674560546875 294.8601379394531
598.751953125 222.52328491210938 627.1744537353516 222.52328491210938 627.1744537353516 294.7431182861328 598.751953125 294.7431182861328
596.5735473632812 219.08642578125 622.9257144927979 219.08642578125 622.9257144927979 295.9468460083008 596.5735473632812 295.9468460083008
593.2017822265625 221.2741241455078 620.3833198547363 221.2741241455078 620.3833198547363 296.1759948730469 593.2017822265625 296.1759948730469
591.0201416015625 223.0006561279297 617.6258201599121 223.0006561279297 617.6258201599121 296.91990661621094 591.0201416015625 296.91990661621094
593.205078125 229.69210815429688 620.8066711425781 229.69210815429688 620.8066711425781 297.74869537353516 593.205078125 297.74869537353516
593.4464721679688 222.85086059570312 619.8100852966309 222.85086059570312 619.8100852966309 296.8258514404297 593.4464721679688 296.8258514404297
591.287109375 228.52432250976562 619.1068019866943 228.52432250976562 619.1068019866943 297.17430114746094 591.287109375 297.17430114746094
591.45751953125 226.2178955078125 617.6831245422363 226.2178955078125 617.6831245422363 296.7957992553711 591.45751953125 296.7957992553711
590.8231811523438 232.16561889648438 618.3751983642578 232.16561889648438 618.3751983642578 298.84647369384766 590.8231811523438 298.84647369384766
587.4823608398438 230.5657196044922 613.8490905761719 230.5657196044922 613.8490905761719 297.4826889038086 587.4823608398438 297.4826889038086
584.679931640625 231.9372100830078 611.3104000091553 231.9372100830078 611.3104000091553 299.9065933227539 584.679931640625 299.9065933227539
583.2677001953125 232.8602294921875 610.7605037689209 232.8602294921875 610.7605037689209 300.3539047241211 583.2677001953125 300.3539047241211
577.5689697265625 235.8034210205078 604.6112365722656 235.8034210205078 604.6112365722656 300.8108901977539 577.5689697265625 300.8108901977539
574.6113891601562 237.4181365966797 603.0630912780762 237.4181365966797 603.0630912780762 302.6322326660156 574.6113891601562 302.6322326660156
571.9593505859375 238.7737274169922 600.0113773345947 238.7737274169922 600.0113773345947 304.67696380615234 571.9593505859375 304.67696380615234
569.0001220703125 240.1300811767578 596.3578681945801 240.1300811767578 596.3578681945801 308.1589813232422 569.0001220703125 308.1589813232422
566.9574584960938 240.03689575195312 595.1051750183105 240.03689575195312 595.1051750183105 305.536376953125 566.9574584960938 305.536376953125
566.6519775390625 238.08984375 595.0322532653809 238.08984375 595.0322532653809 303.6119384765625 566.6519775390625 303.6119384765625
563.4593505859375 239.6219482421875 591.3452301025391 239.6219482421875 591.3452301025391 306.24207305908203 563.4593505859375 306.24207305908203
562.6521606445312 239.01840209960938 590.4212093353271 239.01840209960938 590.4212093353271 304.11026763916016 562.6521606445312 304.11026763916016
561.0096435546875 234.03555297851562 589.4048767089844 234.03555297851562 589.4048767089844 300.41184997558594 561.0096435546875 300.41184997558594
560.7127075195312 234.84725952148438 588.5385284423828 234.84725952148438 588.5385284423828 299.1937561035156 560.7127075195312 299.1937561035156
560.9298706054688 236.9544677734375 588.7691917419434 236.9544677734375 588.7691917419434 299.544677734375 560.9298706054688 299.544677734375
562.2615966796875 234.41891479492188 591.4220180511475 234.41891479492188 591.4220180511475 298.0134963989258 562.2615966796875 298.0134963989258
564.8094482421875 233.32687377929688 593.8184928894043 233.32687377929688 593.8184928894043 296.74041748046875 564.8094482421875 296.74041748046875
567.76708984375 235.3175811767578 597.0409183502197 235.3175811767578 597.0409183502197 298.66527557373047 567.76708984375 298.66527557373047
571.6036376953125 229.40322875976562 599.5491237640381 229.40322875976562 599.5491237640381 297.78118896484375 571.6036376953125 297.78118896484375
573.8753662109375 228.6951904296875 601.4731349945068 228.6951904296875 601.4731349945068 297.13228607177734 573.8753662109375 297.13228607177734
575.9984741210938 231.09890747070312 603.955774307251 231.09890747070312 603.955774307251 294.7291374206543 575.9984741210938 294.7291374206543
576.6636962890625 231.57925415039062 604.7282409667969 231.57925415039062 604.7282409667969 292.0979118347168 576.6636962890625 292.0979118347168
578.1649169921875 227.0618438720703 605.8708591461182 227.0618438720703 605.8708591461182 288.57730865478516 578.1649169921875 288.57730865478516
578.4178466796875 229.0838623046875 606.6197109222412 229.0838623046875 606.6197109222412 288.0746765136719 578.4178466796875 288.0746765136719
581.4230346679688 225.64608764648438 607.6083583831787 225.64608764648438 607.6083583831787 283.16436767578125 581.4230346679688 283.16436767578125
582.630126953125 224.8331756591797 609.5185489654541 224.8331756591797 609.5185489654541 282.76365661621094 582.630126953125 282.76365661621094
581.97314453125 224.4613800048828 608.9469032287598 224.4613800048828 608.9469032287598 281.93249893188477 581.97314453125 281.93249893188477
584.3148803710938 219.94223022460938 610.7951965332031 219.94223022460938 610.7951965332031 279.93480682373047 584.3148803710938 279.93480682373047
585.2427978515625 220.01309204101562 610.2739543914795 220.01309204101562 610.2739543914795 280.5528373718262 585.2427978515625 280.5528373718262
584.1038208007812 219.47470092773438 609.2180709838867 219.47470092773438 609.2180709838867 279.409912109375 584.1038208007812 279.409912109375
583.7599487304688 220.69522094726562 609.4070701599121 220.69522094726562 609.4070701599121 277.7917289733887 583.7599487304688 277.7917289733887
582.4464721679688 222.4409942626953 606.7196311950684 222.4409942626953 606.7196311950684 281.38365936279297 582.4464721679688 281.38365936279297
582.7825927734375 224.04470825195312 607.1816082000732 224.04470825195312 607.1816082000732 282.9497299194336 582.7825927734375 282.9497299194336
582.517333984375 224.7738037109375 606.6682605743408 224.7738037109375 606.6682605743408 283.6310043334961 582.517333984375 283.6310043334961
580.7742309570312 224.21212768554688 605.6736888885498 224.21212768554688 605.6736888885498 283.3485336303711 580.7742309570312 283.3485336303711
578.135498046875 224.1768341064453 604.1771945953369 224.1768341064453 604.1771945953369 281.48360443115234 578.135498046875 281.48360443115234
576.3147583007812 224.53140258789062 602.6579990386963 224.53140258789062 602.6579990386963 281.6287612915039 576.3147583007812 281.6287612915039
569.7818603515625 224.80136108398438 595.95046043396 224.80136108398438 595.95046043396 284.9187240600586 569.7818603515625 284.9187240600586
567.1969604492188 224.428466796875 592.1915283203125 224.428466796875 592.1915283203125 285.4217643737793 567.1969604492188 285.4217643737793
567.1292114257812 220.74276733398438 593.6896057128906 220.74276733398438 593.6896057128906 281.6168746948242 567.1292114257812 281.6168746948242
563.9776611328125 222.88192749023438 591.6805782318115 222.88192749023438 591.6805782318115 281.7964172363281 563.9776611328125 281.7964172363281
561.4765625 220.13876342773438 588.9508628845215 220.13876342773438 588.9508628845215 279.29174041748047 561.4765625 279.29174041748047
558.6206665039062 222.47988891601562 586.2121334075928 222.47988891601562 586.2121334075928 280.5923271179199 558.6206665039062 280.5923271179199
557.8131713867188 222.49435424804688 585.3086185455322 222.49435424804688 585.3086185455322 281.20012283325195 557.8131713867188 281.20012283325195
556.48876953125 222.636962890625 583.1411838531494 222.636962890625 583.1411838531494 282.2432174682617 556.48876953125 282.2432174682617
556.05224609375 222.8279571533203 582.6251773834229 222.8279571533203 582.6251773834229 282.24755096435547 556.05224609375 282.24755096435547
556.3668823242188 220.72927856445312 583.1257877349854 220.72927856445312 583.1257877349854 282.0376167297363 556.3668823242188 282.0376167297363
556.3578491210938 211.10836791992188 580.1210670471191 211.10836791992188 580.1210670471191 280.4176330566406 556.3578491210938 280.4176330566406
553.9112548828125 214.0052947998047 577.5759696960449 214.0052947998047 577.5759696960449 283.0272521972656 553.9112548828125 283.0272521972656
552.20361328125 215.48965454101562 575.4454689025879 215.48965454101562 575.4454689025879 283.2782745361328 552.20361328125 283.2782745361328
551.6661376953125 215.8759307861328 574.2716999053955 215.8759307861328 574.2716999053955 281.8086929321289 551.6661376953125 281.8086929321289
550.79248046875 217.1978302001953 573.387279510498 217.1978302001953 573.387279510498 283.09920501708984 550.79248046875 283.09920501708984
549.3944091796875 224.04098510742188 574.5630798339844 224.04098510742188 574.5630798339844 282.23795318603516 549.3944091796875 282.23795318603516
549.72314453125 215.75881958007812 572.1503582000732 215.75881958007812 572.1503582000732 281.17140197753906 549.72314453125 281.17140197753906
546.7008666992188 223.72470092773438 571.7194080352783 223.72470092773438 571.7194080352783 281.3307113647461 546.7008666992188 281.3307113647461
544.6358642578125 226.004638671875 570.028938293457 226.004638671875 570.028938293457 283.2039680480957 544.6358642578125 283.2039680480957
543.6181030273438 227.20166015625 567.9930076599121 227.20166015625 567.9930076599121 285.7557258605957 543.6181030273438 285.7557258605957
543.7594604492188 226.8426971435547 568.1556968688965 226.8426971435547 568.1556968688965 283.96178817749023 543.7594604492188 283.96178817749023
544.5174560546875 226.4338836669922 569.4941864013672 226.4338836669922 569.4941864013672 283.59952545166016 544.5174560546875 283.59952545166016
545.71533203125 225.7371368408203 570.8177814483643 225.7371368408203 570.8177814483643 282.89131927490234 545.71533203125 282.89131927490234
548.26708984375 225.3286590576172 573.243143081665 225.3286590576172 573.243143081665 282.482234954834 548.26708984375 282.482234954834
548.7164916992188 226.46444702148438 572.9711360931396 226.46444702148438 572.9711360931396 285.1627082824707 548.7164916992188 285.1627082824707
549.6978759765625 226.089599609375 573.6455669403076 226.089599609375 573.6455669403076 282.8689155578613 549.6978759765625 282.8689155578613
547.140869140625 226.0426788330078 572.1023368835449 226.0426788330078 572.1023368835449 284.5208168029785 547.140869140625 284.5208168029785
547.0739135742188 222.19479370117188 571.6022930145264 222.19479370117188 571.6022930145264 281.0010986328125 547.0739135742188 281.0010986328125
545.9301147460938 221.2236328125 570.9979038238525 221.2236328125 570.9979038238525 279.1953926086426 545.9301147460938 279.1953926086426
547.3606567382812 220.0603485107422 571.8159198760986 220.0603485107422 571.8159198760986 277.37707901000977 547.3606567382812 277.37707901000977
545.8948974609375 220.48898315429688 570.7445106506348 220.48898315429688 570.7445106506348 277.3781852722168 545.8948974609375 277.3781852722168
544.1866455078125 221.0009765625 569.8276786804199 221.0009765625 569.8276786804199 277.57233810424805 544.1866455078125 277.57233810424805
542.73828125 220.0226593017578 567.7147998809814 220.0226593017578 567.7147998809814 279.17881774902344 542.73828125 279.17881774902344
542.8601684570312 213.5033721923828 566.0220470428467 213.5033721923828 566.0220470428467 277.9720764160156 542.8601684570312 277.9720764160156
541.8526611328125 212.5705108642578 564.4316177368164 212.5705108642578 564.4316177368164 278.42565155029297 541.8526611328125 278.42565155029297
540.6329345703125 213.63607788085938 564.0839080810547 213.63607788085938 564.0839080810547 278.2693557739258 540.6329345703125 278.2693557739258
541.0767211914062 210.8278350830078 563.924711227417 210.8278350830078 563.924711227417 277.4676513671875 541.0767211914062 277.4676513671875
543.332763671875 209.6599578857422 566.4616985321045 209.6599578857422 566.4616985321045 277.1191940307617 543.332763671875 277.1191940307617
544.7041625976562 209.66439819335938 568.1955814361572 209.66439819335938 568.1955814361572 278.1808776855469 544.7041625976562 278.1808776855469
545.4088134765625 210.0426483154297 569.4402561187744 210.0426483154297 569.4402561187744 280.1342010498047 545.4088134765625 280.1342010498047
546.0994873046875 209.00125122070312 570.3345165252686 209.00125122070312 570.3345165252686 279.6865997314453 546.0994873046875 279.6865997314453
547.1814575195312 209.9461212158203 571.227123260498 209.9461212158203 571.227123260498 280.07916259765625 547.1814575195312 280.07916259765625
545.6322021484375 210.1087646484375 569.5097408294678 210.1087646484375 569.5097408294678 279.7514419555664 545.6322021484375 279.7514419555664
545.390625 210.579345703125 568.8977851867676 210.579345703125 568.8977851867676 279.1417541503906 545.390625 279.1417541503906
544.8234252929688 209.67227172851562 568.7726593017578 209.67227172851562 568.7726593017578 279.52405548095703 544.8234252929688 279.52405548095703
542.0248413085938 208.31973266601562 565.8634147644043 208.31973266601562 565.8634147644043 277.8487548828125 542.0248413085938 277.8487548828125
541.1370239257812 209.3686065673828 564.5629138946533 209.3686065673828 564.5629138946533 277.6939697265625 541.1370239257812 277.6939697265625
541.5568237304688 208.23464965820312 565.4572696685791 208.23464965820312 565.4572696685791 277.9441375732422 541.5568237304688 277.9441375732422
542.0532836914062 213.8860626220703 566.6890106201172 213.8860626220703 566.6890106201172 281.8688278198242 542.0532836914062 281.8688278198242
543.9265747070312 213.91024780273438 567.6225070953369 213.91024780273438 567.6225070953369 283.0232391357422 543.9265747070312 283.0232391357422
543.3377685546875 215.8944854736328 567.9409503936768 215.8944854736328 567.9409503936768 282.3334197998047 543.3377685546875 282.3334197998047
542.4775390625 216.88375854492188 568.3452453613281 216.88375854492188 568.3452453613281 281.1057662963867 542.4775390625 281.1057662963867
540.4470825195312 212.7461395263672 563.7474231719971 212.7461395263672 563.7474231719971 280.705322265625 540.4470825195312 280.705322265625
540.4207763671875 213.81625366210938 563.3355197906494 213.81625366210938 563.3355197906494 280.6507797241211 540.4207763671875 280.6507797241211
538.21240234375 212.4595489501953 561.3049697875977 212.4595489501953 561.3049697875977 279.81273651123047 538.21240234375 279.81273651123047
534.7808837890625 214.3279266357422 557.8127822875977 214.3279266357422 557.8127822875977 281.50415802001953 534.7808837890625 281.50415802001953
533.98876953125 212.9595489501953 556.774585723877 212.9595489501953 556.774585723877 279.4180374145508 533.98876953125 279.4180374145508
530.9110107421875 213.5264892578125 553.5106353759766 213.5264892578125 553.5106353759766 279.4419174194336 530.9110107421875 279.4419174194336
529.314208984375 212.02627563476562 552.0054264068604 212.02627563476562 552.0054264068604 278.20884704589844 529.314208984375 278.20884704589844
526.3895874023438 211.73471069335938 549.184289932251 211.73471069335938 549.184289932251 278.21910858154297 526.3895874023438 278.21910858154297
522.4948120117188 214.8517608642578 546.5844135284424 214.8517608642578 546.5844135284424 279.63948822021484 522.4948120117188 279.63948822021484
520.3131713867188 214.7529296875 544.4391021728516 214.7529296875 544.4391021728516 279.62615966796875 520.3131713867188 279.62615966796875
517.1976318359375 213.2025604248047 540.5171756744385 213.2025604248047 540.5171756744385 281.2177429199219 517.1976318359375 281.2177429199219
516.9758911132812 217.7526397705078 540.7718391418457 217.7526397705078 540.7718391418457 284.4922637939453 516.9758911132812 284.4922637939453
516.3177490234375 220.20034790039062 539.5201072692871 220.20034790039062 539.5201072692871 284.9650650024414 516.3177490234375 284.9650650024414
515.9196166992188 220.14840698242188 538.7032794952393 220.14840698242188 538.7032794952393 283.96562576293945 515.9196166992188 283.96562576293945
514.2694091796875 225.7778778076172 538.6986827850342 225.7778778076172 538.6986827850342 285.4403953552246 514.2694091796875 285.4403953552246
512.2289428710938 224.24429321289062 536.0214958190918 224.24429321289062 536.0214958190918 286.0368881225586 512.2289428710938 286.0368881225586
513.4701538085938 219.0010223388672 535.8599281311035 219.0010223388672 535.8599281311035 284.30435943603516 513.4701538085938 284.30435943603516
510.6259765625 221.2542724609375 533.7253704071045 221.2542724609375 533.7253704071045 284.97880935668945 510.6259765625 284.97880935668945
507.79425048828125 221.20962524414062 531.9020690917969 221.20962524414062 531.9020690917969 283.8890571594238 507.79425048828125 283.8890571594238
507.3524475097656 222.4316864013672 531.2942867279053 222.4316864013672 531.2942867279053 283.76734924316406 507.3524475097656 283.76734924316406
507.77392578125 218.3436737060547 529.7503833770752 218.3436737060547 529.7503833770752 282.44152069091797 507.77392578125 282.44152069091797
506.78826904296875 221.8916473388672 529.9326477050781 221.8916473388672 529.9326477050781 283.33042907714844 506.78826904296875 283.33042907714844
505.4991149902344 227.03958129882812 530.167781829834 227.03958129882812 530.167781829834 283.98260498046875 505.4991149902344 283.98260498046875
505.35235595703125 227.2694549560547 530.3983898162842 227.2694549560547 530.3983898162842 284.57321548461914 505.35235595703125 284.57321548461914
504.2840270996094 226.9602813720703 528.6367492675781 226.9602813720703 528.6367492675781 283.8600082397461 504.2840270996094 283.8600082397461
503.88861083984375 227.73941040039062 527.9911003112793 227.73941040039062 527.9911003112793 285.6639175415039 503.88861083984375 285.6639175415039
501.7842712402344 227.4446258544922 526.4587306976318 227.4446258544922 526.4587306976318 284.34423446655273 501.7842712402344 284.34423446655273
501.00885009765625 227.43142700195312 525.5553226470947 227.43142700195312 525.5553226470947 284.5170783996582 501.00885009765625 284.5170783996582
501.6170959472656 228.91714477539062 525.5902233123779 228.91714477539062 525.5902233123779 285.04936599731445 501.6170959472656 285.04936599731445
500.98895263671875 225.8794403076172 525.4120559692383 225.8794403076172 525.4120559692383 284.9185104370117 500.98895263671875 284.9185104370117
503.74822998046875 227.3845977783203 528.992603302002 227.3845977783203 528.992603302002 283.5035934448242 503.74822998046875 283.5035934448242
508.00732421875 224.11605834960938 532.5738315582275 224.11605834960938 532.5738315582275 283.3902816772461 508.00732421875 283.3902816772461
511.35546875 229.17172241210938 536.1901969909668 229.17172241210938 536.1901969909668 284.6950378417969 511.35546875 284.6950378417969
513.46923828125 228.4552001953125 538.4362983703613 228.4552001953125 538.4362983703613 282.68639373779297 513.46923828125 282.68639373779297
513.8778076171875 227.3863983154297 538.0355682373047 227.3863983154297 538.0355682373047 283.10292053222656 513.8778076171875 283.10292053222656
513.9334716796875 226.89273071289062 538.07346534729 226.89273071289062 538.07346534729 282.1804084777832 513.9334716796875 282.1804084777832
514.5274047851562 227.8580780029297 538.9235343933105 227.8580780029297 538.9235343933105 282.2143898010254 514.5274047851562 282.2143898010254
514.8331298828125 226.3694305419922 538.7675533294678 226.3694305419922 538.7675533294678 280.0007781982422 514.8331298828125 280.0007781982422
515.8631591796875 225.8653564453125 540.3978805541992 225.8653564453125 540.3978805541992 280.3141860961914 515.8631591796875 280.3141860961914
516.9664916992188 223.9855194091797 541.4483432769775 223.9855194091797 541.4483432769775 277.80832290649414 516.9664916992188 277.80832290649414
517.2741088867188 222.0749969482422 541.7605018615723 222.0749969482422 541.7605018615723 277.7484359741211 517.2741088867188 277.7484359741211
518.3077392578125 216.2871856689453 539.705867767334 216.2871856689453 539.705867767334 278.6982192993164 518.3077392578125 278.6982192993164
519.3216552734375 217.3317413330078 540.98073387146 217.3317413330078 540.98073387146 276.7948989868164 519.3216552734375 276.7948989868164
519.2290649414062 221.38900756835938 542.2688884735107 221.38900756835938 542.2688884735107 277.2797317504883 519.2290649414062 277.2797317504883
519.8759765625 223.2987060546875 543.1558895111084 223.2987060546875 543.1558895111084 278.4295654296875 519.8759765625 278.4295654296875
519.4723510742188 224.9582977294922 543.4088554382324 224.9582977294922 543.4088554382324 277.6733741760254 519.4723510742188 277.6733741760254
519.3985595703125 224.54739379882812 543.2315883636475 224.54739379882812 543.2315883636475 276.62218475341797 519.3985595703125 276.62218475341797
519.9364013671875 224.3490753173828 542.6190986633301 224.3490753173828 542.6190986633301 277.1054344177246 519.9364013671875 277.1054344177246
518.748779296875 224.855712890625 541.4191474914551 224.855712890625 541.4191474914551 278.44605255126953 518.748779296875 278.44605255126953
518.0692138671875 226.79183959960938 541.1123466491699 226.79183959960938 541.1123466491699 279.0273857116699 518.0692138671875 279.0273857116699
517.4146118164062 225.86862182617188 540.4738388061523 225.86862182617188 540.4738388061523 278.37755584716797 517.4146118164062 278.37755584716797
517.6399536132812 226.70510864257812 540.0921287536621 226.70510864257812 540.0921287536621 278.436279296875 517.6399536132812 278.436279296875
517.5074462890625 227.0630340576172 540.2935733795166 227.0630340576172 540.2935733795166 280.02283096313477 517.5074462890625 280.02283096313477
517.6929931640625 226.55123901367188 540.9643535614014 226.55123901367188 540.9643535614014 278.9547538757324 517.6929931640625 278.9547538757324
518.1856689453125 224.79248046875 541.1920680999756 224.79248046875 541.1920680999756 279.8221435546875 518.1856689453125 279.8221435546875
515.9586791992188 219.67529296875 537.2210674285889 219.67529296875 537.2210674285889 281.6904411315918 515.9586791992188 281.6904411315918
513.824951171875 219.15945434570312 535.0638484954834 219.15945434570312 535.0638484954834 281.10608673095703 513.824951171875 281.10608673095703
512.2033081054688 220.57376098632812 533.1469783782959 220.57376098632812 533.1469783782959 281.65930938720703 512.2033081054688 281.65930938720703
511.35626220703125 218.47738647460938 532.3825397491455 218.47738647460938 532.3825397491455 279.8038749694824 511.35626220703125 279.8038749694824
510.240478515625 219.9924774169922 531.1287803649902 219.9924774169922 531.1287803649902 280.9165382385254 510.240478515625 280.9165382385254
509.42584228515625 219.59567260742188 530.0694980621338 219.59567260742188 530.0694980621338 279.8061828613281 509.42584228515625 279.8061828613281
508.125732421875 221.12210083007812 528.8407573699951 221.12210083007812 528.8407573699951 281.540771484375 508.125732421875 281.540771484375
506.2725524902344 221.46218872070312 526.7080898284912 221.46218872070312 526.7080898284912 281.0656929016113 506.2725524902344 281.0656929016113
505.95831298828125 224.0580596923828 526.5973148345947 224.0580596923828 526.5973148345947 282.10266876220703 505.95831298828125 282.10266876220703
505.59649658203125 222.96035766601562 525.8766136169434 222.96035766601562 525.8766136169434 282.11055755615234 505.59649658203125 282.11055755615234
505.2669372558594 223.3594207763672 525.5147743225098 223.3594207763672 525.5147743225098 282.4154624938965 505.2669372558594 282.4154624938965
504.86773681640625 224.96420288085938 524.7470436096191 224.96420288085938 524.7470436096191 282.94536209106445 504.86773681640625 282.94536209106445
504.5953063964844 224.87612915039062 524.8016777038574 224.87612915039062 524.8016777038574 283.8112258911133 504.5953063964844 283.8112258911133
503.7882385253906 225.62710571289062 524.2002277374268 225.62710571289062 524.2002277374268 283.3918151855469 503.7882385253906 283.3918151855469
505.8423767089844 224.5602569580078 526.0397129058838 224.5602569580078 526.0397129058838 281.7204055786133 505.8423767089844 281.7204055786133
506.2626037597656 228.01058959960938 526.8476963043213 228.01058959960938 526.8476963043213 283.109130859375 506.2626037597656 283.109130859375
506.72845458984375 228.60800170898438 527.9740657806396 228.60800170898438 527.9740657806396 284.12117767333984 506.72845458984375 284.12117767333984
506.5792541503906 227.56494140625 527.877124786377 227.56494140625 527.877124786377 284.2205009460449 506.5792541503906 284.2205009460449
504.947265625 219.3332061767578 525.2919273376465 219.3332061767578 525.2919273376465 278.67164611816406 504.947265625 278.67164611816406
502.7622985839844 224.2683868408203 524.0501098632812 224.2683868408203 524.0501098632812 281.9694480895996 502.7622985839844 281.9694480895996
502.1741638183594 225.75180053710938 524.2520637512207 225.75180053710938 524.2520637512207 281.24321365356445 502.1741638183594 281.24321365356445
502.4624938964844 222.1021270751953 523.2429809570312 222.1021270751953 523.2429809570312 280.58974838256836 502.4624938964844 280.58974838256836
501.50994873046875 225.4723663330078 522.3514671325684 225.4723663330078 522.3514671325684 281.05591201782227 501.50994873046875 281.05591201782227
499.1085510253906 222.32437133789062 519.3179588317871 222.32437133789062 519.3179588317871 281.268310546875 499.1085510253906 281.268310546875
498.887939453125 221.36367797851562 519.3105850219727 221.36367797851562 519.3105850219727 280.92955780029297 498.887939453125 280.92955780029297
498.31927490234375 220.38720703125 518.9406127929688 220.38720703125 518.9406127929688 280.5326042175293 498.31927490234375 280.5326042175293
500.99591064453125 220.0662841796875 521.412899017334 220.0662841796875 521.412899017334 279.6156692504883 500.99591064453125 279.6156692504883
505.34295654296875 217.7057647705078 526.0151786804199 217.7057647705078 526.0151786804199 277.9995765686035 505.34295654296875 277.9995765686035
508.3678283691406 216.3307342529297 528.6608428955078 216.3307342529297 528.6608428955078 275.51852798461914 508.3678283691406 275.51852798461914
509.35858154296875 216.7562713623047 529.5589179992676 216.7562713623047 529.5589179992676 275.6737518310547 509.35858154296875 275.6737518310547
508.49871826171875 216.0237579345703 528.8114223480225 216.0237579345703 528.8114223480225 275.2689781188965 508.49871826171875 275.2689781188965
508.84228515625 215.53543090820312 529.1583061218262 215.53543090820312 529.1583061218262 274.7903251647949 508.84228515625 274.7903251647949
509.71270751953125 215.64437866210938 530.3550128936768 215.64437866210938 530.3550128936768 275.8509330749512 509.71270751953125 275.8509330749512
510.2613830566406 216.98825073242188 530.4496726989746 216.98825073242188 530.4496726989746 275.8705940246582 510.2613830566406 275.8705940246582
511.25726318359375 217.44796752929688 531.1901226043701 217.44796752929688 531.1901226043701 275.5853080749512 511.25726318359375 275.5853080749512
510.9942932128906 217.4717254638672 530.9278621673584 217.4717254638672 530.9278621673584 275.6111373901367 510.9942932128906 275.6111373901367
511.7057189941406 218.13833618164062 531.4365653991699 218.13833618164062 531.4365653991699 275.68647384643555 511.7057189941406 275.68647384643555
512.0562744140625 218.8340606689453 531.666187286377 218.8340606689453 531.666187286377 276.0294761657715 512.0562744140625 276.0294761657715
512.3294677734375 219.6605682373047 531.7887725830078 219.6605682373047 531.7887725830078 276.41670989990234 512.3294677734375 276.41670989990234
511.5030212402344 218.9300537109375 530.9173774719238 218.9300537109375 530.9173774719238 275.5550956726074 511.5030212402344 275.5550956726074
510.31390380859375 218.6111297607422 529.402006149292 218.6111297607422 529.402006149292 274.2845993041992 510.31390380859375 274.2845993041992
509.9261779785156 218.67416381835938 528.753023147583 218.67416381835938 528.753023147583 273.58563232421875 509.9261779785156 273.58563232421875
509.79876708984375 218.92379760742188 528.6682014465332 218.92379760742188 528.6682014465332 273.9594841003418 509.79876708984375 273.9594841003418
509.11248779296875 221.02554321289062 528.6445770263672 221.02554321289062 528.6445770263672 274.7520637512207 509.11248779296875 274.7520637512207
507.13165283203125 223.17819213867188 526.8287200927734 223.17819213867188 526.8287200927734 277.6757392883301 507.13165283203125 277.6757392883301
506.4378356933594 223.2876434326172 525.7091903686523 223.2876434326172 525.7091903686523 278.42628479003906 506.4378356933594 278.42628479003906
505.2523498535156 224.45565795898438 524.1946563720703 224.45565795898438 524.1946563720703 278.6897392272949 505.2523498535156 278.6897392272949
502.5703125 224.6899871826172 522.4784297943115 224.6899871826172 522.4784297943115 277.67100524902344 502.5703125 277.67100524902344
499.63800048828125 224.34225463867188 520.0906925201416 224.34225463867188 520.0906925201416 278.7748107910156 499.63800048828125 278.7748107910156
497.09857177734375 225.66305541992188 517.47096824646 225.66305541992188 517.47096824646 278.6968688964844 497.09857177734375 278.6968688964844
495.6741638183594 228.0298614501953 516.0647220611572 228.0298614501953 516.0647220611572 279.7357864379883 495.6741638183594 279.7357864379883
493.78363037109375 227.7396240234375 514.7331409454346 227.7396240234375 514.7331409454346 279.40617752075195 493.78363037109375 279.40617752075195
493.21087646484375 225.8228759765625 513.3608798980713 225.8228759765625 513.3608798980713 279.7466049194336 493.21087646484375 279.7466049194336
491.22967529296875 227.33847045898438 511.9533443450928 227.33847045898438 511.9533443450928 279.8040771484375 491.22967529296875 279.8040771484375
488.46636962890625 222.42529296875 508.47373962402344 222.42529296875 508.47373962402344 278.7192192077637 488.46636962890625 278.7192192077637
486.44232177734375 221.66445922851562 505.80932807922363 221.66445922851562 505.80932807922363 278.1513862609863 486.44232177734375 278.1513862609863
485.2735900878906 223.0781707763672 504.66448974609375 223.0781707763672 504.66448974609375 277.69395446777344 485.2735900878906 277.69395446777344
484.5115661621094 224.124755859375 503.8167018890381 224.124755859375 503.8167018890381 276.51497650146484 484.5115661621094 276.51497650146484
491.0018615722656 222.5709228515625 509.6207523345947 222.5709228515625 509.6207523345947 274.5370864868164 491.0018615722656 274.5370864868164
483.442626953125 221.7708282470703 501.6440773010254 221.7708282470703 501.6440773010254 274.8582229614258 483.442626953125 274.8582229614258
491.21368408203125 225.1890106201172 509.4863796234131 225.1890106201172 509.4863796234131 278.4842071533203 491.21368408203125 278.4842071533203
483.5189514160156 223.96829223632812 501.8755702972412 223.96829223632812 501.8755702972412 277.50826263427734 483.5189514160156 277.50826263427734
482.9290466308594 224.7956085205078 501.4623146057129 224.7956085205078 501.4623146057129 278.8508071899414 482.9290466308594 278.8508071899414
483.70745849609375 223.453857421875 502.38464736938477 223.453857421875 502.38464736938477 277.9288215637207 483.70745849609375 277.9288215637207
485.78692626953125 222.91259765625 504.485538482666 222.91259765625 504.485538482666 277.4500427246094 485.78692626953125 277.4500427246094
489.26513671875 222.00772094726562 507.7158718109131 222.00772094726562 507.7158718109131 275.8221969604492 489.26513671875 275.8221969604492
491.62066650390625 219.8019561767578 510.16997146606445 219.8019561767578 510.16997146606445 273.90392684936523 491.62066650390625 273.90392684936523
491.87261962890625 219.3186492919922 510.1421012878418 219.3186492919922 510.1421012878418 272.60447692871094 491.87261962890625 272.60447692871094
492.9847717285156 219.5637664794922 510.6619529724121 219.5637664794922 510.6619529724121 271.12206268310547 492.9847717285156 271.12206268310547
494.9397888183594 219.93972778320312 512.5574359893799 219.93972778320312 512.5574359893799 271.3243827819824 494.9397888183594 271.3243827819824
495.6985778808594 219.2088623046875 513.2748908996582 219.2088623046875 513.2748908996582 270.47296142578125 495.6985778808594 270.47296142578125
497.76904296875 220.0371551513672 514.9713382720947 220.0371551513672 514.9713382720947 270.2103691101074 497.76904296875 270.2103691101074
499.27203369140625 220.43460083007812 516.2541103363037 220.43460083007812 516.2541103363037 269.96551513671875 499.27203369140625 269.96551513671875
500.6294860839844 220.5702667236328 517.6514549255371 220.5702667236328 517.6514549255371 270.21753692626953 500.6294860839844 270.21753692626953
501.3072814941406 220.14810180664062 518.2569999694824 220.14810180664062 518.2569999694824 269.58464431762695 501.3072814941406 269.58464431762695
501.72796630859375 220.65869140625 518.5075492858887 220.65869140625 518.5075492858887 269.59900665283203 501.72796630859375 269.59900665283203
502.68157958984375 220.4344024658203 519.2022094726562 220.4344024658203 519.2022094726562 268.619441986084 502.68157958984375 268.619441986084
502.5818786621094 220.26449584960938 518.9110507965088 220.26449584960938 518.9110507965088 267.89112091064453 502.5818786621094 267.89112091064453
502.189453125 221.79055786132812 519.7658042907715 221.79055786132812 519.7658042907715 267.58117294311523 502.189453125 267.58117294311523
500.72027587890625 218.51589965820312 517.4152565002441 218.51589965820312 517.4152565002441 267.20946502685547 500.72027587890625 267.20946502685547
500.04473876953125 217.18936157226562 516.9347896575928 217.18936157226562 516.9347896575928 266.4518814086914 500.04473876953125 266.4518814086914
500.76873779296875 217.5571746826172 517.8573875427246 217.5571746826172 517.8573875427246 267.3989448547363 500.76873779296875 267.3989448547363
500.557861328125 217.7121124267578 517.5240459442139 217.7121124267578 517.5240459442139 267.19669342041016 500.557861328125 267.19669342041016
499.4961853027344 216.75399780273438 516.6373348236084 216.75399780273438 516.6373348236084 266.74889373779297 499.4961853027344 266.74889373779297
498.76446533203125 215.86453247070312 515.9705543518066 215.86453247070312 515.9705543518066 266.0488395690918 498.76446533203125 266.0488395690918
499.1148986816406 214.9491424560547 516.3241386413574 214.9491424560547 516.3241386413574 265.142635345459 499.1148986816406 265.142635345459
499.04949951171875 219.1905975341797 515.7868995666504 219.1905975341797 515.7868995666504 268.00789642333984 499.04949951171875 268.00789642333984
498.66778564453125 218.34732055664062 515.3715286254883 218.34732055664062 515.3715286254883 267.0664596557617 498.66778564453125 267.0664596557617
498.4112243652344 219.31204223632812 515.1256675720215 219.31204223632812 515.1256675720215 268.0623893737793 498.4112243652344 268.0623893737793
499.1166076660156 219.34780883789062 515.8730735778809 219.34780883789062 515.8730735778809 268.2207221984863 499.1166076660156 268.2207221984863
500.5331115722656 218.86880493164062 517.4000587463379 218.86880493164062 517.4000587463379 268.06395721435547 500.5331115722656 268.06395721435547
499.1014099121094 220.4293670654297 515.8838367462158 220.4293670654297 515.8838367462158 269.3779983520508 499.1014099121094 269.3779983520508
499.66302490234375 219.24490356445312 516.844612121582 219.24490356445312 516.844612121582 269.3577537536621 499.66302490234375 269.3577537536621
499.296875 218.8785400390625 516.3778266906738 218.8785400390625 516.3778266906738 268.69786834716797 499.296875 268.69786834716797
498.549072265625 220.2337188720703 515.6262168884277 220.2337188720703 515.6262168884277 270.0419464111328 498.549072265625 270.0419464111328
498.59368896484375 218.92153930664062 515.7452583312988 218.92153930664062 515.7452583312988 268.9468307495117 498.59368896484375 268.9468307495117
498.2063903808594 219.4259490966797 515.3032264709473 219.4259490966797 515.3032264709473 269.2916030883789 498.2063903808594 269.2916030883789
498.1177673339844 219.27706909179688 514.9560127258301 219.27706909179688 514.9560127258301 268.3885040283203 498.1177673339844 268.3885040283203
498.66796875 219.98605346679688 515.2755374908447 219.98605346679688 515.2755374908447 268.42467498779297 498.66796875 268.42467498779297
497.7456970214844 218.0621795654297 514.2128925323486 218.0621795654297 514.2128925323486 266.0913772583008 497.7456970214844 266.0913772583008
496.5928649902344 218.30270385742188 513.2831573486328 218.30270385742188 513.2831573486328 266.9825973510742 496.5928649902344 266.9825973510742
495.83990478515625 218.495849609375 512.5290184020996 218.495849609375 512.5290184020996 267.172306060791 495.83990478515625 267.172306060791
495.3009338378906 217.30728149414062 512.1316413879395 217.30728149414062 512.1316413879395 266.39671325683594 495.3009338378906 266.39671325683594
494.2705078125 217.78945922851562 511.36211585998535 217.78945922851562 511.36211585998535 267.6398468017578 494.2705078125 267.6398468017578
494.62054443359375 217.6091766357422 511.345272064209 217.6091766357422 511.345272064209 266.38949966430664 494.62054443359375 266.38949966430664
493.38458251953125 217.3023681640625 510.3897361755371 217.3023681640625 510.3897361755371 266.90059661865234 493.38458251953125 266.90059661865234
493.12445068359375 218.7081756591797 510.07226943969727 218.7081756591797 510.07226943969727 268.1391830444336 493.12445068359375 268.1391830444336
492.46173095703125 217.8577423095703 509.1413230895996 217.8577423095703 509.1413230895996 266.50642013549805 492.46173095703125 266.50642013549805
491.8041076660156 217.9379119873047 508.572078704834 217.9379119873047 508.572078704834 266.84436416625977 491.8041076660156 266.84436416625977
490.3614807128906 217.28524780273438 507.2520294189453 217.28524780273438 507.2520294189453 266.5492172241211 490.3614807128906 266.5492172241211
489.08319091796875 217.2550048828125 505.9904041290283 217.2550048828125 505.9904041290283 266.56757736206055 489.08319091796875 266.56757736206055
488.29071044921875 217.0751190185547 505.2166576385498 217.0751190185547 505.2166576385498 266.4423370361328 488.29071044921875 266.4423370361328
486.95281982421875 217.8963165283203 504.01515197753906 217.8963165283203 504.01515197753906 267.6613235473633 486.95281982421875 267.6613235473633
485.9254455566406 218.39523315429688 502.9659595489502 218.39523315429688 502.9659595489502 268.0966033935547 485.9254455566406 268.0966033935547
485.5277404785156 217.146240234375 502.4760799407959 217.146240234375 502.4760799407959 266.57877349853516 485.5277404785156 266.57877349853516
483.79547119140625 218.15420532226562 500.7882709503174 218.15420532226562 500.7882709503174 267.71641540527344 483.79547119140625 267.71641540527344
483.75537109375 217.86044311523438 500.94782638549805 217.86044311523438 500.94782638549805 268.0049819946289 483.75537109375 268.0049819946289
483.43896484375 219.48056030273438 500.2082710266113 219.48056030273438 500.2082710266113 268.39091873168945 483.43896484375 268.39091873168945
484.3672790527344 219.6662139892578 501.2591190338135 219.6662139892578 501.2591190338135 268.93396377563477 484.3672790527344 268.93396377563477
486.5052795410156 219.0485382080078 503.30466651916504 219.0485382080078 503.30466651916504 268.04663467407227 486.5052795410156 268.04663467407227
487.0362243652344 219.0078887939453 503.80634689331055 219.0078887939453 503.80634689331055 267.9206314086914 487.0362243652344 267.9206314086914
486.8738708496094 218.6082000732422 503.6709976196289 218.6082000732422 503.6709976196289 267.5997085571289 486.8738708496094 267.5997085571289
486.41912841796875 218.9876708984375 503.26520919799805 218.9876708984375 503.26520919799805 268.1219596862793 486.41912841796875 268.1219596862793
485.49908447265625 218.5023651123047 502.4514675140381 218.5023651123047 502.4514675140381 267.94670486450195 485.49908447265625 267.94670486450195
484.6497497558594 217.9643096923828 501.7509059906006 217.9643096923828 501.7509059906006 267.84256744384766 484.6497497558594 267.84256744384766
483.283203125 218.1784210205078 500.2642402648926 218.1784210205078 500.2642402648926 267.7063331604004 483.283203125 267.7063331604004
482.30206298828125 219.09591674804688 499.3455181121826 219.09591674804688 499.3455181121826 268.8058776855469 482.30206298828125 268.8058776855469
480.7137145996094 219.386962890625 497.6294345855713 219.386962890625 497.6294345855713 268.72436141967773 480.7137145996094 268.72436141967773
479.2328186035156 220.60159301757812 496.1378402709961 220.60159301757812 496.1378402709961 269.9077835083008 479.2328186035156 269.9077835083008
477.4380798339844 220.4446258544922 494.3710536956787 220.4446258544922 494.3710536956787 269.8323402404785 477.4380798339844 269.8323402404785
476.4097595214844 219.4612274169922 493.61303329467773 219.4612274169922 493.61303329467773 269.6373100280762 476.4097595214844 269.6373100280762
476.21746826171875 220.6115264892578 493.2145805358887 220.6115264892578 493.2145805358887 270.1863021850586 476.21746826171875 270.1863021850586
474.29791259765625 219.7598419189453 491.0999183654785 219.7598419189453 491.0999183654785 268.7655563354492 474.29791259765625 268.7655563354492
473.4820861816406 220.1842803955078 490.2599697113037 220.1842803955078 490.2599697113037 269.11963653564453 473.4820861816406 269.11963653564453
473.56805419921875 220.4202117919922 490.0773220062256 220.4202117919922 490.0773220062256 268.5721092224121 473.56805419921875 268.5721092224121
473.10076904296875 219.81985473632812 489.5059280395508 219.81985473632812 489.5059280395508 267.66809844970703 473.10076904296875 267.66809844970703
471.47113037109375 219.6438446044922 488.1501350402832 219.6438446044922 488.1501350402832 268.2908058166504 471.47113037109375 268.2908058166504
470.77215576171875 219.11215209960938 487.4009704589844 219.11215209960938 487.4009704589844 267.6127281188965 470.77215576171875 267.6127281188965
469.7952575683594 219.24429321289062 486.5984535217285 219.24429321289062 486.5984535217285 268.25347900390625 469.7952575683594 268.25347900390625
470.1058654785156 218.78128051757812 486.725866317749 218.78128051757812 486.725866317749 267.25615310668945 470.1058654785156 267.25615310668945
469.93304443359375 218.19534301757812 486.65088081359863 218.19534301757812 486.65088081359863 266.95556640625 469.93304443359375 266.95556640625
469.125732421875 217.55526733398438 486.08176040649414 217.55526733398438 486.08176040649414 267.0102081298828 469.125732421875 267.0102081298828
468.53076171875 219.34176635742188 485.24450302124023 219.34176635742188 485.24450302124023 268.09003829956055 468.53076171875 268.09003829956055
468.678466796875 220.257080078125 485.19275665283203 220.257080078125 485.19275665283203 268.42362213134766 468.678466796875 268.42362213134766
468.2347106933594 220.3953094482422 484.5506248474121 220.3953094482422 484.5506248474121 267.9832649230957 468.2347106933594 267.9832649230957
468.6835021972656 220.39627075195312 484.7337131500244 220.39627075195312 484.7337131500244 267.2092628479004 468.6835021972656 267.2092628479004
468.24932861328125 220.87918090820312 484.31342697143555 220.87918090820312 484.31342697143555 267.73267364501953 468.24932861328125 267.73267364501953
467.65997314453125 220.3264617919922 483.9146671295166 220.3264617919922 483.9146671295166 267.73585510253906 467.65997314453125 267.73585510253906
466.91192626953125 220.5704803466797 482.9113826751709 220.5704803466797 482.9113826751709 267.23543548583984 466.91192626953125 267.23543548583984
466.8977966308594 221.0052947998047 482.85442543029785 221.0052947998047 482.85442543029785 267.5453338623047 466.8977966308594 267.5453338623047
466.6138610839844 221.1944122314453 482.5118761062622 221.1944122314453 482.5118761062622 267.56349182128906 466.6138610839844 267.56349182128906
466.39385986328125 222.8094024658203 482.28039264678955 222.8094024658203 482.28039264678955 269.1449890136719 466.39385986328125 269.1449890136719
466.00653076171875 221.177734375 482.04694747924805 221.177734375 482.04694747924805 267.9621467590332 466.00653076171875 267.9621467590332
466.7618713378906 222.2814483642578 482.7699089050293 222.2814483642578 482.7699089050293 268.9714241027832 466.7618713378906 268.9714241027832
466.44488525390625 221.59609985351562 482.39990234375 221.59609985351562 482.39990234375 268.13143157958984 466.44488525390625 268.13143157958984
466.34033203125 222.9746551513672 482.2693204879761 222.9746551513672 482.2693204879761 269.43407440185547 466.34033203125 269.43407440185547
466.53643798828125 222.3583984375 482.42069721221924 222.3583984375 482.42069721221924 268.6873550415039 466.53643798828125 268.6873550415039
465.9805603027344 222.83523559570312 481.8799924850464 222.83523559570312 481.8799924850464 269.2084503173828 465.9805603027344 269.2084503173828
466.33941650390625 223.2161865234375 482.1335783004761 223.2161865234375 482.1335783004761 269.28236389160156 466.33941650390625 269.28236389160156
466.74267578125 223.7352294921875 482.2622404098511 223.7352294921875 482.2622404098511 269.0005073547363 466.74267578125 269.0005073547363
466.37384033203125 223.3424530029297 482.0363998413086 223.3424530029297 482.0363998413086 269.02479553222656 466.37384033203125 269.02479553222656
466.63433837890625 224.0300750732422 481.9018783569336 224.0300750732422 481.9018783569336 268.5602798461914 466.63433837890625 268.5602798461914
465.697265625 223.0931396484375 481.1224765777588 223.0931396484375 481.1224765777588 268.08321380615234 465.697265625 268.08321380615234
464.20941162109375 223.16183471679688 479.5065231323242 223.16183471679688 479.5065231323242 267.7782859802246 464.20941162109375 267.7782859802246
463.37158203125 224.02151489257812 478.69449043273926 224.02151489257812 478.69449043273926 268.71320724487305 463.37158203125 268.71320724487305
461.75067138671875 223.77670288085938 477.13124656677246 223.77670288085938 477.13124656677246 268.63659286499023 461.75067138671875 268.63659286499023
460.5001525878906 223.95260620117188 476.19071769714355 223.95260620117188 476.19071769714355 269.7166290283203 460.5001525878906 269.7166290283203
458.9998474121094 224.5480499267578 474.6766185760498 224.5480499267578 474.6766185760498 270.2718391418457 458.9998474121094 270.2718391418457
457.440185546875 223.6797332763672 473.2460298538208 223.6797332763672 473.2460298538208 269.7799758911133 457.440185546875 269.7799758911133
455.85333251953125 224.37521362304688 471.7611207962036 224.37521362304688 471.7611207962036 270.77278900146484 455.85333251953125 270.77278900146484
455.486328125 225.1408233642578 471.2284116744995 225.1408233642578 471.2284116744995 271.05509185791016 455.486328125 271.05509185791016
454.8712463378906 224.8699188232422 470.3997497558594 224.8699188232422 470.3997497558594 270.16124725341797 454.8712463378906 270.16124725341797
454.35235595703125 225.29275512695312 469.8152713775635 225.29275512695312 469.8152713775635 270.3927879333496 454.35235595703125 270.3927879333496
454.2757263183594 224.98095703125 469.8821973800659 224.98095703125 469.8821973800659 270.49969482421875 454.2757263183594 270.49969482421875
456.0499572753906 224.99227905273438 471.42204761505127 224.99227905273438 471.42204761505127 269.8274116516113 456.0499572753906 269.8274116516113
457.3492126464844 224.63436889648438 472.5054121017456 224.63436889648438 472.5054121017456 268.8398246765137 457.3492126464844 268.8398246765137
457.41650390625 225.61581420898438 472.38766956329346 225.61581420898438 472.38766956329346 269.28158950805664 457.41650390625 269.28158950805664
457.5440368652344 225.7764434814453 472.50341796875 225.7764434814453 472.50341796875 269.40784454345703 457.5440368652344 269.40784454345703
458.5621643066406 224.7605743408203 473.7975206375122 224.7605743408203 473.7975206375122 269.19690322875977 458.5621643066406 269.19690322875977
456.7220764160156 224.2333526611328 471.98838329315186 224.2333526611328 471.98838329315186 268.7599563598633 456.7220764160156 268.7599563598633
455.90277099609375 223.45767211914062 471.2569637298584 223.45767211914062 471.2569637298584 268.2406120300293 455.90277099609375 268.2406120300293
454.421142578125 224.01016235351562 469.7921504974365 224.01016235351562 469.7921504974365 268.8421440124512 454.421142578125 268.8421440124512
453.12640380859375 224.1383514404297 468.6872844696045 224.1383514404297 468.6872844696045 269.5241279602051 453.12640380859375 269.5241279602051
451.74560546875 224.4039764404297 467.35462379455566 224.4039764404297 467.35462379455566 269.93014907836914 451.74560546875 269.93014907836914
449.45770263671875 224.90701293945312 465.1111431121826 224.90701293945312 465.1111431121826 270.56275177001953 449.45770263671875 270.56275177001953
449.33837890625 224.23080444335938 464.7548933029175 224.23080444335938 464.7548933029175 269.1955146789551 449.33837890625 269.1955146789551
447.98162841796875 223.5257110595703 463.37238788604736 223.5257110595703 463.37238788604736 268.41529846191406 447.98162841796875 268.41529846191406
447.3404235839844 224.68801879882812 462.72660064697266 224.68801879882812 462.72660064697266 269.5642433166504 447.3404235839844 269.5642433166504
446.243896484375 224.354736328125 461.7604875564575 224.354736328125 461.7604875564575 269.61133193969727 446.243896484375 269.61133193969727
445.3421325683594 224.38540649414062 460.93832874298096 224.38540649414062 460.93832874298096 269.87418365478516 445.3421325683594 269.87418365478516
443.7764587402344 223.5803680419922 459.4506244659424 223.5803680419922 459.4506244659424 269.29654693603516 443.7764587402344 269.29654693603516
442.78277587890625 223.3897247314453 458.23668479919434 223.3897247314453 458.23668479919434 268.4634895324707 442.78277587890625 268.4634895324707
442.0874938964844 223.8535919189453 457.4184341430664 223.8535919189453 457.4184341430664 268.5687026977539 442.0874938964844 268.5687026977539
441.6617126464844 223.1635284423828 457.0714111328125 223.1635284423828 457.0714111328125 268.10834884643555 441.6617126464844 268.10834884643555
441.02911376953125 223.20751953125 456.36820793151855 223.20751953125 456.36820793151855 267.94640731811523 441.02911376953125 267.94640731811523
440.80145263671875 223.18173217773438 455.9525499343872 223.18173217773438 455.9525499343872 267.3722953796387 440.80145263671875 267.3722953796387
439.1338806152344 223.5557861328125 454.4616575241089 223.5557861328125 454.4616575241089 268.2616653442383 439.1338806152344 268.2616653442383
439.03924560546875 224.00186157226562 453.9418659210205 224.00186157226562 453.9418659210205 267.46770095825195 439.03924560546875 267.46770095825195
437.39044189453125 224.6391143798828 452.35160636901855 224.6391143798828 452.35160636901855 268.27570724487305 437.39044189453125 268.27570724487305
435.72930908203125 224.2550506591797 450.9211378097534 224.2550506591797 450.9211378097534 268.56441497802734 435.72930908203125 268.56441497802734
433.89947509765625 223.6971435546875 449.22877502441406 223.6971435546875 449.22877502441406 268.40746688842773 433.89947509765625 268.40746688842773
432.509765625 224.26144409179688 447.97247886657715 224.26144409179688 447.97247886657715 269.3608932495117 432.509765625 269.3608932495117
431.41607666015625 223.7559051513672 446.89879322052 223.7559051513672 446.89879322052 268.9136962890625 431.41607666015625 268.9136962890625
430.426025390625 222.28274536132812 446.1683626174927 222.28274536132812 446.1683626174927 268.19776153564453 430.426025390625 268.19776153564453
430.97900390625 218.5857696533203 446.91647815704346 218.5857696533203 446.91647815704346 265.0699348449707 430.97900390625 265.0699348449707
428.5872497558594 218.2178955078125 444.79011154174805 218.2178955078125 444.79011154174805 265.4761085510254 428.5872497558594 265.4761085510254
427.8622131347656 217.05252075195312 443.9720344543457 217.05252075195312 443.9720344543457 264.0393714904785 427.8622131347656 264.0393714904785
426.74505615234375 215.52346801757812 442.63816261291504 215.52346801757812 442.63816261291504 261.87823486328125 426.74505615234375 261.87823486328125
425.91534423828125 215.5331573486328 441.5219144821167 215.5331573486328 441.5219144821167 261.0521926879883 425.91534423828125 261.0521926879883
425.4104919433594 216.34701538085938 440.92900371551514 216.34701538085938 440.92900371551514 261.60921478271484 425.4104919433594 261.60921478271484
424.8368225097656 215.4220733642578 440.1623134613037 215.4220733642578 440.1623134613037 260.1212921142578 424.8368225097656 260.1212921142578
424.00640869140625 215.86331176757812 439.48097229003906 215.86331176757812 439.48097229003906 260.99732208251953 424.00640869140625 260.99732208251953
422.70855712890625 216.856689453125 438.20476818084717 216.856689453125 438.20476818084717 262.05384063720703 422.70855712890625 262.05384063720703
422.18096923828125 217.7688446044922 437.51341819763184 217.7688446044922 437.51341819763184 262.4883575439453 422.18096923828125 262.4883575439453
421.19781494140625 217.36532592773438 436.86585998535156 217.36532592773438 436.86585998535156 263.0636558532715 421.19781494140625 263.0636558532715
421.22686767578125 217.8576202392578 436.5744676589966 217.8576202392578 436.5744676589966 262.6213188171387 421.22686767578125 262.6213188171387
420.4913024902344 217.06600952148438 436.11005210876465 217.06600952148438 436.11005210876465 262.6205596923828 420.4913024902344 262.6205596923828
420.68975830078125 215.8151397705078 436.2647647857666 215.8151397705078 436.2647647857666 261.24210357666016 420.68975830078125 261.24210357666016
420.73504638671875 215.5149688720703 436.43381786346436 215.5149688720703 436.43381786346436 261.3029136657715 420.73504638671875 261.3029136657715
420.260498046875 215.19320678710938 435.9459104537964 215.19320678710938 435.9459104537964 260.9421806335449 420.260498046875 260.9421806335449
420.759033203125 215.03897094726562 436.61065101623535 215.03897094726562 436.61065101623535 261.27271270751953 420.759033203125 261.27271270751953
419.791748046875 214.552978515625 435.66582775115967 214.552978515625 435.66582775115967 260.852237701416 419.791748046875 260.852237701416
420.795654296875 214.941650390625 436.47292137145996 214.941650390625 436.47292137145996 260.66687393188477 420.795654296875 260.66687393188477
419.84051513671875 213.89755249023438 435.7174015045166 213.89755249023438 435.7174015045166 260.20499420166016 419.84051513671875 260.20499420166016
419.40802001953125 214.0990447998047 435.1362886428833 214.0990447998047 435.1362886428833 259.97301864624023 419.40802001953125 259.97301864624023
418.1637268066406 215.44287109375 434.04815196990967 215.44287109375 434.04815196990967 261.77230072021484 418.1637268066406 261.77230072021484
416.4602966308594 214.94717407226562 432.4921226501465 214.94717407226562 432.4921226501465 261.7065238952637 416.4602966308594 261.7065238952637
416.0264587402344 214.84567260742188 432.12116622924805 214.84567260742188 432.12116622924805 261.7884292602539 416.0264587402344 261.7884292602539
414.86572265625 215.1851348876953 430.842493057251 215.1851348876953 430.842493057251 261.78390884399414 414.86572265625 261.78390884399414
414.06158447265625 214.6272430419922 429.9971523284912 214.6272430419922 429.9971523284912 261.10584259033203 414.06158447265625 261.10584259033203
412.997314453125 214.583984375 428.9136629104614 214.583984375 428.9136629104614 261.0065231323242 412.997314453125 261.0065231323242
413.100830078125 216.5295867919922 428.8959093093872 216.5295867919922 428.8959093093872 262.59842681884766 413.100830078125 262.59842681884766
412.6951599121094 216.7186737060547 428.43714904785156 216.7186737060547 428.43714904785156 262.6326675415039 412.6951599121094 262.6326675415039
412.6629943847656 217.3658905029297 428.362398147583 217.3658905029297 428.362398147583 263.1556739807129 412.6629943847656 263.1556739807129
413.132568359375 217.11502075195312 428.9134187698364 217.11502075195312 428.9134187698364 263.1423568725586 413.132568359375 263.1423568725586
413.45733642578125 218.20266723632812 428.8643846511841 218.20266723632812 428.8643846511841 263.1397476196289 413.45733642578125 263.1397476196289
414.031494140625 218.00045776367188 429.2307758331299 218.00045776367188 429.2307758331299 262.33155059814453 414.031494140625 262.33155059814453
414.3511657714844 218.9031219482422 429.27244758605957 218.9031219482422 429.27244758605957 262.4233818054199 414.3511657714844 262.4233818054199
414.195068359375 217.16030883789062 429.08264350891113 217.16030883789062 429.08264350891113 260.5822563171387 414.195068359375 260.5822563171387
414.71392822265625 215.96591186523438 429.6340913772583 215.96591186523438 429.6340913772583 259.48290252685547 414.71392822265625 259.48290252685547
414.20556640625 213.9192657470703 429.1422290802002 213.9192657470703 429.1422290802002 257.48438262939453 414.20556640625 257.48438262939453
414.89471435546875 213.06307983398438 430.0474214553833 213.06307983398438 430.0474214553833 257.2583236694336 414.89471435546875 257.2583236694336
414.89501953125 213.3525390625 429.9590435028076 213.3525390625 429.9590435028076 257.2891273498535 414.89501953125 257.2891273498535
414.2071838378906 213.19302368164062 429.26825523376465 213.19302368164062 429.26825523376465 257.1210021972656 414.2071838378906 257.1210021972656
411.9490661621094 215.01171875 427.0267972946167 215.01171875 427.0267972946167 258.98828887939453 411.9490661621094 258.98828887939453
411.12982177734375 215.51876831054688 426.230731010437 215.51876831054688 426.230731010437 259.5629425048828 411.12982177734375 259.5629425048828
417.13824462890625 213.58853149414062 432.2942171096802 213.58853149414062 432.2942171096802 257.7933044433594 417.13824462890625 257.7933044433594
412.05792236328125 214.42117309570312 427.098406791687 214.42117309570312 427.098406791687 258.2891044616699 412.05792236328125 258.2891044616699
424.80120849609375 213.47109985351562 439.3695545196533 213.47109985351562 439.3695545196533 255.96196746826172 424.80120849609375 255.96196746826172
443.1300354003906 210.3001708984375 457.62828254699707 210.3001708984375 457.62828254699707 252.58658599853516 443.1300354003906 252.58658599853516
443.22625732421875 210.3920440673828 457.83339500427246 210.3920440673828 457.83339500427246 252.99605560302734 443.22625732421875 252.99605560302734
429.53546142578125 212.12911987304688 444.16034984588623 212.12911987304688 444.16034984588623 254.78490447998047 429.53546142578125 254.78490447998047
418.9364318847656 214.5197296142578 433.7524929046631 214.5197296142578 433.7524929046631 257.7331008911133 418.9364318847656 257.7331008911133
422.2118225097656 211.89169311523438 436.81335639953613 211.89169311523438 436.81335639953613 254.47936248779297 422.2118225097656 254.47936248779297
410.2935485839844 214.4559783935547 425.0476245880127 214.4559783935547 425.0476245880127 257.48856353759766 410.2935485839844 257.48856353759766
408.89495849609375 214.4488067626953 423.8013734817505 214.4488067626953 423.8013734817505 257.9257125854492 408.89495849609375 257.9257125854492
411.11224365234375 215.75650024414062 426.0210294723511 215.75650024414062 426.0210294723511 259.24031829833984 411.11224365234375 259.24031829833984
412.987060546875 214.6196746826172 428.01555919647217 214.6196746826172 428.01555919647217 258.4526557922363 412.987060546875 258.4526557922363
412.95721435546875 214.3557586669922 428.2913637161255 214.3557586669922 428.2913637161255 259.0802192687988 412.95721435546875 259.0802192687988
412.9417419433594 213.566162109375 428.2637996673584 213.566162109375 428.2637996673584 258.25535583496094 412.9417419433594 258.25535583496094
414.2171936035156 212.3369598388672 429.50508308410645 212.3369598388672 429.50508308410645 256.9264945983887 414.2171936035156 256.9264945983887
415.06561279296875 211.70779418945312 430.1145877838135 211.70779418945312 430.1145877838135 255.6004981994629 415.06561279296875 255.6004981994629
417.3041076660156 219.0840606689453 432.2136402130127 219.0840606689453 432.2136402130127 262.57005310058594 417.3041076660156 262.57005310058594
415.913330078125 221.91934204101562 430.4074754714966 221.91934204101562 430.4074754714966 264.1937942504883 415.913330078125 264.1937942504883
416.6640625 209.4448699951172 430.95971870422363 209.4448699951172 430.95971870422363 251.14039611816406 416.6640625 251.14039611816406
418.0423889160156 212.816650390625 432.3289260864258 212.816650390625 432.3289260864258 254.4855842590332 418.0423889160156 254.4855842590332
423.65838623046875 221.6787872314453 437.7873945236206 221.6787872314453 437.7873945236206 262.88826751708984 423.65838623046875 262.88826751708984
419.169921875 211.51712036132812 433.59410858154297 211.51712036132812 433.59410858154297 253.5875358581543 419.169921875 253.5875358581543
419.3951110839844 211.4182891845703 433.6754331588745 211.4182891845703 433.6754331588745 253.06909942626953 419.3951110839844 253.06909942626953
433.8525390625 211.57894897460938 448.2907304763794 211.57894897460938 448.2907304763794 253.6902084350586 433.8525390625 253.6902084350586
431.27484130859375 223.3689422607422 445.64480113983154 223.3689422607422 445.64480113983154 265.281192779541 431.27484130859375 265.281192779541
429.9801330566406 238.3414764404297 444.27247047424316 238.3414764404297 444.27247047424316 280.02732849121094 429.9801330566406 280.02732849121094
421.0194396972656 238.7012176513672 435.27037620544434 238.7012176513672 435.27037620544434 280.26631927490234 421.0194396972656 280.26631927490234
421.4263610839844 239.7164764404297 435.58143043518066 239.7164764404297 435.58143043518066 281.00196075439453 421.4263610839844 281.00196075439453
422.05731201171875 244.4815216064453 436.1202144622803 244.4815216064453 436.1202144622803 285.4981918334961 422.05731201171875 285.4981918334961
422.9061584472656 245.74844360351562 437.0044221878052 245.74844360351562 437.0044221878052 286.86824798583984 422.9061584472656 286.86824798583984
422.5556640625 246.076416015625 436.5190553665161 246.076416015625 436.5190553665161 286.80284118652344 422.5556640625 286.80284118652344
425.9078674316406 246.35220336914062 439.7000150680542 246.35220336914062 439.7000150680542 286.57917404174805 425.9078674316406 286.57917404174805
428.11187744140625 250.64663696289062 442.0733947753906 250.64663696289062 442.0733947753906 291.36760330200195 428.11187744140625 291.36760330200195
430.98486328125 253.5283966064453 444.9993619918823 253.5283966064453 444.9993619918823 294.40389251708984 430.98486328125 294.40389251708984
431.20526123046875 251.71981811523438 445.120210647583 251.71981811523438 445.120210647583 292.3049621582031 431.20526123046875 292.3049621582031
431.8131408691406 249.66024780273438 445.68577575683594 249.66024780273438 445.68577575683594 290.12197494506836 431.8131408691406 290.12197494506836
434.0033264160156 243.4131317138672 448.0449810028076 243.4131317138672 448.0449810028076 284.3678321838379 434.0033264160156 284.3678321838379
437.29913330078125 240.00149536132812 451.47704124450684 240.00149536132812 451.47704124450684 281.35359954833984 437.29913330078125 281.35359954833984
435.97552490234375 226.6837921142578 450.01165199279785 226.6837921142578 450.01165199279785 267.6223678588867 435.97552490234375 267.6223678588867
440.81884765625 220.1461181640625 454.8452606201172 220.1461181640625 454.8452606201172 261.0563659667969 440.81884765625 261.0563659667969
445.062744140625 207.9872283935547 459.1620788574219 207.9872283935547 459.1620788574219 249.11016464233398 445.062744140625 249.11016464233398
455.3915100097656 213.5759735107422 469.5874710083008 213.5759735107422 469.5874710083008 254.9807357788086 455.3915100097656 254.9807357788086
463.81500244140625 228.73245239257812 477.88960456848145 228.73245239257812 477.88960456848145 269.7832489013672 463.81500244140625 269.7832489013672
474.0237731933594 226.080322265625 487.6822261810303 226.080322265625 487.6822261810303 265.91735458374023 474.0237731933594 265.91735458374023
485.98590087890625 248.1613311767578 499.7170581817627 248.1613311767578 499.7170581817627 288.2104148864746 485.98590087890625 288.2104148864746
483.2591247558594 247.87344360351562 497.19153594970703 247.87344360351562 497.19153594970703 288.50951766967773 483.2591247558594 288.50951766967773
482.42657470703125 244.0009307861328 496.26006031036377 244.0009307861328 496.26006031036377 284.34847259521484 482.42657470703125 284.34847259521484
470.83404541015625 230.13174438476562 484.48744678497314 230.13174438476562 484.48744678497314 269.954044342041 470.83404541015625 269.954044342041
456.9253845214844 206.43399047851562 470.4660358428955 206.43399047851562 470.4660358428955 245.92742919921875 456.9253845214844 245.92742919921875
440.3916931152344 207.06600952148438 453.96386432647705 207.06600952148438 453.96386432647705 246.65138244628906 440.3916931152344 246.65138244628906
439.60260009765625 208.68295288085938 453.0504093170166 208.68295288085938 453.0504093170166 247.90560150146484 439.60260009765625 247.90560150146484
444.1546325683594 205.7810821533203 457.55298614501953 205.7810821533203 457.55298614501953 244.8594856262207 444.1546325683594 244.8594856262207
453.83050537109375 201.92271423339844 467.34914684295654 201.92271423339844 467.34914684295654 241.35195541381836 453.83050537109375 241.35195541381836
452.0865173339844 208.969482421875 465.5252227783203 208.969482421875 465.5252227783203 248.16558074951172 452.0865173339844 248.16558074951172
452.0206604003906 215.14779663085938 465.50880241394043 215.14779663085938 465.50880241394043 254.48808670043945 452.0206604003906 254.48808670043945
448.53094482421875 213.1322021484375 462.0920057296753 213.1322021484375 462.0920057296753 252.68517303466797 448.53094482421875 252.68517303466797
452.53729248046875 208.1882781982422 466.11847400665283 208.1882781982422 466.11847400665283 247.79993057250977 452.53729248046875 247.79993057250977
453.7152404785156 210.1847686767578 467.006236076355 210.1847686767578 467.006236076355 248.95004653930664 453.7152404785156 248.95004653930664
465.58123779296875 199.09835815429688 479.03186798095703 199.09835815429688 479.03186798095703 238.32923126220703 465.58123779296875 238.32923126220703
442.13385009765625 207.22158813476562 455.43915367126465 207.22158813476562 455.43915367126465 246.02859497070312 442.13385009765625 246.02859497070312
439.02459716796875 202.13726806640625 452.5689754486084 202.13726806640625 452.5689754486084 241.64157485961914 439.02459716796875 241.64157485961914
422.9786071777344 204.39974975585938 436.7518253326416 204.39974975585938 436.7518253326416 244.57150268554688 422.9786071777344 244.57150268554688
427.7181701660156 197.3943328857422 441.4942293167114 197.3943328857422 441.4942293167114 237.5743751525879 427.7181701660156 237.5743751525879
440.45770263671875 210.5592498779297 454.31359672546387 210.5592498779297 454.31359672546387 250.9721450805664 440.45770263671875 250.9721450805664
447.28924560546875 203.2128448486328 461.20844078063965 203.2128448486328 461.20844078063965 243.81036758422852 447.28924560546875 243.81036758422852
443.9596252441406 203.42416381835938 458.0841808319092 203.42416381835938 458.0841808319092 244.62064743041992 443.9596252441406 244.62064743041992
446.0872497558594 204.71572875976562 460.2157850265503 204.71572875976562 460.2157850265503 245.92382049560547 446.0872497558594 245.92382049560547
451.10858154296875 199.14141845703125 465.26783561706543 199.14141845703125 465.26783561706543 240.43910598754883 451.10858154296875 240.43910598754883
445.3843688964844 200.11105346679688 459.56213665008545 200.11105346679688 459.56213665008545 241.46273803710938 445.3843688964844 241.46273803710938
447.85137939453125 197.3172149658203 461.8670377731323 197.3172149658203 461.8670377731323 238.19608306884766 447.85137939453125 238.19608306884766
440.88470458984375 199.919677734375 455.1051149368286 199.919677734375 455.1051149368286 241.3957405090332 440.88470458984375 241.3957405090332
422.75390625 204.65225219726562 436.92776679992676 204.65225219726562 436.92776679992676 245.99254608154297 422.75390625 245.99254608154297
433.0162048339844 196.87374877929688 447.49294090270996 196.87374877929688 447.49294090270996 239.09742736816406 433.0162048339844 239.09742736816406
434.9248962402344 205.30612182617188 449.43780517578125 205.30612182617188 449.43780517578125 247.63530349731445 434.9248962402344 247.63530349731445
430.1637268066406 202.48031616210938 444.8885908126831 202.48031616210938 444.8885908126831 245.42769622802734 430.1637268066406 245.42769622802734
432.2076721191406 206.06784057617188 446.7957248687744 206.06784057617188 446.7957248687744 248.6161880493164 432.2076721191406 248.6161880493164
438.75469970703125 218.5224151611328 453.5579471588135 218.5224151611328 453.5579471588135 261.6984100341797 438.75469970703125 261.6984100341797
441.69354248046875 204.85610961914062 456.50368309020996 204.85610961914062 456.50368309020996 248.05220794677734 441.69354248046875 248.05220794677734
446.07879638671875 195.61831665039062 460.9070110321045 195.61831665039062 460.9070110321045 238.86713409423828 446.07879638671875 238.86713409423828
449.76788330078125 195.7200469970703 464.474139213562 195.7200469970703 464.474139213562 238.61315155029297 449.76788330078125 238.61315155029297
443.2889709472656 198.9545440673828 457.9328212738037 198.9545440673828 457.9328212738037 241.66563415527344 443.2889709472656 241.66563415527344
449.525146484375 196.93460083007812 464.0657730102539 196.93460083007812 464.0657730102539 239.34461975097656 449.525146484375 239.34461975097656
443.087890625 200.05697631835938 457.5943965911865 200.05697631835938 457.5943965911865 242.36747360229492 443.087890625 242.36747360229492
446.7984313964844 205.15524291992188 461.3617811203003 205.15524291992188 461.3617811203003 247.63153839111328 446.7984313964844 247.63153839111328
459.8456115722656 193.00112915039062 474.5784397125244 193.00112915039062 474.5784397125244 235.97173309326172 459.8456115722656 235.97173309326172
466.05322265625 192.36434936523438 480.8362579345703 192.36434936523438 480.8362579345703 235.48139190673828 466.05322265625 235.48139190673828
466.4549255371094 193.91590881347656 481.2700729370117 193.91590881347656 481.2700729370117 237.1266098022461 466.4549255371094 237.1266098022461
467.87762451171875 197.80624389648438 482.44505500793457 197.80624389648438 482.44505500793457 240.29444122314453 467.87762451171875 240.29444122314453
463.02801513671875 193.42630004882812 477.5746431350708 193.42630004882812 477.5746431350708 235.85382461547852 463.02801513671875 235.85382461547852
460.04339599609375 198.49386596679688 474.5466585159302 198.49386596679688 474.5466585159302 240.79490661621094 460.04339599609375 240.79490661621094
469.8858947753906 198.14300537109375 484.3255081176758 198.14300537109375 484.3255081176758 240.25840377807617 469.8858947753906 240.25840377807617
466.94952392578125 189.01766967773438 481.25627613067627 189.01766967773438 481.25627613067627 230.74555587768555 466.94952392578125 230.74555587768555
446.0923767089844 195.5245361328125 460.4777479171753 195.5245361328125 460.4777479171753 237.48172760009766 446.0923767089844 237.48172760009766
459.2884826660156 190.43460083007812 473.66937255859375 190.43460083007812 473.66937255859375 232.37872314453125 459.2884826660156 232.37872314453125
481.60333251953125 184.10775756835938 495.9525890350342 184.10775756835938 495.9525890350342 225.9596176147461 481.60333251953125 225.9596176147461
476.75048828125 181.68997192382812 491.13912200927734 181.68997192382812 491.13912200927734 223.65668106079102 476.75048828125 223.65668106079102
457.4788513183594 189.6721954345703 471.8235836029053 189.6721954345703 471.8235836029053 231.51086044311523 457.4788513183594 231.51086044311523
454.7787170410156 189.3609161376953 469.06169605255127 189.3609161376953 469.06169605255127 231.01946258544922 454.7787170410156 231.01946258544922
458.1055603027344 191.70156860351562 472.28543853759766 191.70156860351562 472.28543853759766 233.05941009521484 458.1055603027344 233.05941009521484
464.6825256347656 189.7191619873047 479.1517915725708 189.7191619873047 479.1517915725708 231.92104721069336 464.6825256347656 231.92104721069336
477.2176818847656 184.3245849609375 491.49484062194824 184.3245849609375 491.49484062194824 225.96615982055664 477.2176818847656 225.96615982055664
478.9934997558594 181.48193359375 493.28155040740967 181.48193359375 493.28155040740967 223.15528106689453 478.9934997558594 223.15528106689453
487.97454833984375 179.92430114746094 502.3809003829956 179.92430114746094 502.3809003829956 221.94269180297852 487.97454833984375 221.94269180297852
483.51080322265625 183.0367889404297 498.1133756637573 183.0367889404297 498.1133756637573 225.6274871826172 483.51080322265625 225.6274871826172
495.9921875 183.07962036132812 510.57208251953125 183.07962036132812 510.57208251953125 225.60417556762695 495.9921875 225.60417556762695
521.5521240234375 177.2169952392578 536.1597766876221 177.2169952392578 536.1597766876221 219.82250595092773 521.5521240234375 219.82250595092773
526.2626342773438 172.0513458251953 540.5318117141724 172.0513458251953 540.5318117141724 213.66963958740234 526.2626342773438 213.66963958740234
545.6519165039062 169.79629516601562 559.9365673065186 169.79629516601562 559.9365673065186 211.45972061157227 545.6519165039062 211.45972061157227
550.1763916015625 154.43197631835938 564.3333435058594 154.43197631835938 564.3333435058594 195.72294998168945 550.1763916015625 195.72294998168945
545.1650390625 174.38778686523438 559.5378341674805 174.38778686523438 559.5378341674805 216.30829620361328 545.1650390625 216.30829620361328
534.8214111328125 153.52059936523438 549.0075273513794 153.52059936523438 549.0075273513794 194.89663314819336 534.8214111328125 194.89663314819336
533.9552612304688 153.63027954101562 548.1517887115479 153.63027954101562 548.1517887115479 195.03667449951172 533.9552612304688 195.03667449951172
540.6865234375 130.82542419433594 554.789553642273 130.82542419433594 554.789553642273 171.95912170410156 540.6865234375 171.95912170410156
542.5394287109375 150.42422485351562 556.6160354614258 150.42422485351562 556.6160354614258 191.48085403442383 542.5394287109375 191.48085403442383
553.2413940429688 146.68612670898438 567.340482711792 146.68612670898438 567.340482711792 187.8083267211914 553.2413940429688 187.8083267211914
534.4686889648438 154.7371368408203 548.5583667755127 154.7371368408203 548.5583667755127 195.8318862915039 534.4686889648438 195.8318862915039
529.8252563476562 146.4646759033203 544.0545501708984 146.4646759033203 544.0545501708984 187.96663665771484 529.8252563476562 187.96663665771484
512.4888916015625 158.98910522460938 526.6251239776611 158.98910522460938 526.6251239776611 200.21963500976562 512.4888916015625 200.21963500976562
480.3572692871094 153.36219787597656 494.5897855758667 153.36219787597656 494.5897855758667 194.8735580444336 480.3572692871094 194.8735580444336
475.5179748535156 158.014404296875 489.87951946258545 158.014404296875 489.87951946258545 199.902099609375 475.5179748535156 199.902099609375
496.470947265625 157.78158569335938 510.769323348999 157.78158569335938 510.769323348999 199.48503875732422 496.470947265625 199.48503875732422
477.90606689453125 156.3397979736328 492.2880449295044 156.3397979736328 492.2880449295044 198.2870864868164 477.90606689453125 198.2870864868164
469.27276611328125 150.2681427001953 483.741735458374 150.2681427001953 483.741735458374 192.46915435791016 469.27276611328125 192.46915435791016
478.7190856933594 166.48062133789062 493.3409900665283 166.48062133789062 493.3409900665283 209.12769317626953 478.7190856933594 209.12769317626953
492.09613037109375 149.77383422851562 506.826189994812 149.77383422851562 506.826189994812 192.73635482788086 492.09613037109375 192.73635482788086
512.43017578125 148.24966430664062 527.2735719680786 148.24966430664062 527.2735719680786 191.54275131225586 512.43017578125 191.54275131225586
530.1912231445312 148.1099090576172 545.282470703125 148.1099090576172 545.282470703125 192.1258888244629 530.1912231445312 192.1258888244629
551.5697021484375 164.0316162109375 566.9392423629761 164.0316162109375 566.9392423629761 208.8592758178711 551.5697021484375 208.8592758178711
549.8796997070312 168.5736846923828 565.1684083938599 168.5736846923828 565.1684083938599 213.16558074951172 549.8796997070312 213.16558074951172
539.3350830078125 154.60450744628906 554.6038684844971 154.60450744628906 554.6038684844971 199.1382942199707 539.3350830078125 199.1382942199707
543.4810791015625 165.11624145507812 558.8771562576294 165.11624145507812 558.8771562576294 210.02129364013672 543.4810791015625 210.02129364013672
540.3289184570312 170.90098571777344 555.6923885345459 170.90098571777344 555.6923885345459 215.71093368530273 540.3289184570312 215.71093368530273
535.9151611328125 183.82986450195312 551.6805219650269 183.82986450195312 551.6805219650269 229.8119888305664 535.9151611328125 229.8119888305664
527.0410766601562 184.34323120117188 542.9826202392578 184.34323120117188 542.9826202392578 230.83921813964844 527.0410766601562 230.83921813964844
534.0738525390625 199.63092041015625 549.9431686401367 199.63092041015625 549.9431686401367 245.91624069213867 534.0738525390625 245.91624069213867
541.0413818359375 210.8478240966797 556.6975889205933 210.8478240966797 556.6975889205933 256.5115776062012 541.0413818359375 256.5115776062012
565.1324462890625 200.05392456054688 580.8247966766357 200.05392456054688 580.8247966766357 245.8230972290039 565.1324462890625 245.8230972290039
568.37548828125 190.0920867919922 584.170051574707 190.0920867919922 584.170051574707 236.1593780517578 568.37548828125 236.1593780517578
573.9241943359375 193.0728302001953 589.8784732818604 193.0728302001953 589.8784732818604 239.60595703125 573.9241943359375 239.60595703125
578.7954711914062 194.509765625 594.7122068405151 194.509765625 594.7122068405151 240.9333953857422 578.7954711914062 240.9333953857422
584.8243408203125 196.384521484375 600.431718826294 196.384521484375 600.431718826294 241.9058609008789 584.8243408203125 241.9058609008789
584.6790771484375 196.2296600341797 600.4186191558838 196.2296600341797 600.4186191558838 242.136474609375 584.6790771484375 242.136474609375
584.2364501953125 197.991943359375 599.8722133636475 197.991943359375 599.8722133636475 243.5960693359375 584.2364501953125 243.5960693359375
587.5480346679688 199.90542602539062 603.135046005249 199.90542602539062 603.135046005249 245.36736297607422 587.5480346679688 245.36736297607422
589.0280151367188 202.05807495117188 604.5522842407227 202.05807495117188 604.5522842407227 247.3370132446289 589.0280151367188 247.3370132446289
585.6802368164062 209.625732421875 600.9649782180786 209.625732421875 600.9649782180786 254.20605087280273 585.6802368164062 254.20605087280273
591.00048828125 206.290771484375 606.2718839645386 206.290771484375 606.2718839645386 250.83216857910156 591.00048828125 250.83216857910156
590.93115234375 205.11911010742188 606.3151626586914 205.11911010742188 606.3151626586914 249.98896408081055 590.93115234375 249.98896408081055
590.1533203125 207.9082794189453 605.524621963501 207.9082794189453 605.524621963501 252.7410659790039 590.1533203125 252.7410659790039
600.9373168945312 203.7891845703125 616.6871166229248 203.7891845703125 616.6871166229248 249.72592163085938 600.9373168945312 249.72592163085938
619.25146484375 232.5963134765625 634.7452421188354 232.5963134765625 634.7452421188354 277.786319732666 619.25146484375 277.786319732666
633.6214599609375 232.2427520751953 648.9067935943604 232.2427520751953 648.9067935943604 276.82480239868164 633.6214599609375 276.82480239868164
626.3030395507812 227.99307250976562 641.8924045562744 227.99307250976562 641.8924045562744 273.4618797302246 626.3030395507812 273.4618797302246
637.6883544921875 231.36129760742188 653.193359375 231.36129760742188 653.193359375 276.58405685424805 637.6883544921875 276.58405685424805
648.9849853515625 259.29730224609375 664.4602613449097 259.29730224609375 664.4602613449097 304.43335342407227 648.9849853515625 304.43335342407227
673.517578125 239.43099975585938 688.9863433837891 239.43099975585938 688.9863433837891 284.5480651855469 673.517578125 284.5480651855469
685.70166015625 235.90817260742188 701.2148942947388 235.90817260742188 701.2148942947388 281.15493392944336 685.70166015625 281.15493392944336
697.63671875 236.60281372070312 712.994387626648 236.60281372070312 712.994387626648 281.3958435058594 697.63671875 281.3958435058594
708.4888916015625 234.10415649414062 723.9429807662964 234.10415649414062 723.9429807662964 279.1784133911133 708.4888916015625 279.1784133911133
702.0451049804688 232.5064697265625 717.7741527557373 232.5064697265625 717.7741527557373 278.38268661499023 702.0451049804688 278.38268661499023
702.92431640625 235.74069213867188 718.5843706130981 235.74069213867188 718.5843706130981 281.4156799316406 702.92431640625 281.4156799316406
702.0155029296875 235.26535034179688 717.8469791412354 235.26535034179688 717.8469791412354 281.44031524658203 702.0155029296875 281.44031524658203
700.2857666015625 234.57669067382812 716.2466306686401 234.57669067382812 716.2466306686401 281.12903594970703 700.2857666015625 281.12903594970703
747.2570190429688 204.74110412597656 763.0451154708862 204.74110412597656 763.0451154708862 250.78954315185547 747.2570190429688 250.78954315185547
745.9874267578125 204.90185546875 761.8287906646729 204.90185546875 761.8287906646729 251.10565948486328 745.9874267578125 251.10565948486328
743.3741455078125 205.0581512451172 759.257890701294 205.0581512451172 759.257890701294 251.38556671142578 743.3741455078125 251.38556671142578
741.0579223632812 202.47348022460938 756.8003187179565 202.47348022460938 756.8003187179565 248.38863372802734 741.0579223632812 248.38863372802734
739.3135986328125 201.9541015625 754.9005403518677 201.9541015625 754.9005403518677 247.4158477783203 739.3135986328125 247.4158477783203
738.5340576171875 202.90719604492188 754.1308698654175 202.90719604492188 754.1308698654175 248.39773559570312 738.5340576171875 248.39773559570312
738.9486083984375 200.8591766357422 754.7315263748169 200.8591766357422 754.7315263748169 246.89252471923828 738.9486083984375 246.89252471923828
737.9241943359375 202.15069580078125 753.8225498199463 202.15069580078125 753.8225498199463 248.52073669433594 737.9241943359375 248.52073669433594
738.0888671875 202.5482635498047 753.7162046432495 202.5482635498047 753.7162046432495 248.12784576416016 738.0888671875 248.12784576416016
739.8311767578125 199.90054321289062 755.5636854171753 199.90054321289062 755.5636854171753 245.78688049316406 739.8311767578125 245.78688049316406
740.681640625 198.9339599609375 756.6225490570068 198.9339599609375 756.6225490570068 245.42812728881836 740.681640625 245.42812728881836
740.9525146484375 198.25987243652344 757.3178730010986 198.25987243652344 757.3178730010986 245.99201202392578 740.9525146484375 245.99201202392578
740.4901123046875 198.52536010742188 756.810131072998 198.52536010742188 756.810131072998 246.12525939941406 740.4901123046875 246.12525939941406
741.0681762695312 192.85995483398438 757.6589698791504 192.85995483398438 757.6589698791504 241.24961471557617 741.0681762695312 241.24961471557617
742.5810546875 192.01010131835938 759.3480319976807 192.01010131835938 759.3480319976807 240.9136199951172 742.5810546875 240.9136199951172
744.1297607421875 193.7369842529297 760.926139831543 193.7369842529297 760.926139831543 242.72626113891602 744.1297607421875 242.72626113891602
742.8909301757812 194.36727905273438 760.0629043579102 194.36727905273438 760.0629043579102 244.45203399658203 742.8909301757812 244.45203399658203
743.7652587890625 189.60157775878906 760.8422412872314 189.60157775878906 760.8422412872314 239.4092674255371 743.7652587890625 239.4092674255371
744.3286743164062 187.94363403320312 761.9166107177734 187.94363403320312 761.9166107177734 239.24160766601562 744.3286743164062 239.24160766601562
744.2694091796875 187.7337188720703 761.9000587463379 187.7337188720703 761.9000587463379 239.15626525878906 744.2694091796875 239.15626525878906
743.010986328125 188.7146759033203 760.88037109375 188.7146759033203 760.88037109375 240.8335304260254 743.010986328125 240.8335304260254
743.0218505859375 185.19796752929688 760.7784061431885 185.19796752929688 760.7784061431885 236.98773956298828 743.0218505859375 236.98773956298828
743.5222778320312 186.80294799804688 761.2273063659668 186.80294799804688 761.2273063659668 238.44243240356445 743.5222778320312 238.44243240356445
743.8274536132812 186.18521118164062 761.5619869232178 186.18521118164062 761.5619869232178 237.9107551574707 743.8274536132812 237.9107551574707
743.1416625976562 185.82424926757812 761.050127029419 185.82424926757812 761.050127029419 238.05708694458008 743.1416625976562 238.05708694458008
743.6295166015625 183.06117248535156 761.5577449798584 183.06117248535156 761.5577449798584 235.35165786743164 743.6295166015625 235.35165786743164
744.24853515625 184.07452392578125 762.1717796325684 184.07452392578125 762.1717796325684 236.35047149658203 744.24853515625 236.35047149658203
744.3326416015625 183.6884307861328 762.2784290313721 183.6884307861328 762.2784290313721 236.03012466430664 744.3326416015625 236.03012466430664
743.8946533203125 184.26541137695312 761.9488277435303 184.26541137695312 761.9488277435303 236.92323684692383 743.8946533203125 236.92323684692383
744.6436157226562 182.9572296142578 762.768009185791 182.9572296142578 762.768009185791 235.81986236572266 744.6436157226562 235.81986236572266
744.4955444335938 182.24769592285156 762.5468330383301 182.24769592285156 762.5468330383301 234.89710998535156 744.4955444335938 234.89710998535156
743.5008544921875 182.42410278320312 761.7406635284424 182.42410278320312 761.7406635284424 235.62337112426758 743.5008544921875 235.62337112426758
742.83203125 184.01515197753906 760.8894538879395 184.01515197753906 760.8894538879395 236.6824607849121 742.83203125 236.6824607849121
742.4219970703125 183.3119659423828 760.4355792999268 183.3119659423828 760.4355792999268 235.8514060974121 742.4219970703125 235.8514060974121
742.6848754882812 182.83187866210938 760.3329315185547 182.83187866210938 760.3329315185547 234.30520629882812 742.6848754882812 234.30520629882812
741.8299560546875 186.31210327148438 759.6590366363525 186.31210327148438 759.6590366363525 238.31341552734375 741.8299560546875 238.31341552734375
740.20263671875 185.10922241210938 757.9654197692871 185.10922241210938 757.9654197692871 236.91716384887695 740.20263671875 236.91716384887695
739.70068359375 187.71697998046875 757.5041046142578 187.71697998046875 757.5041046142578 239.64345169067383 739.70068359375 239.64345169067383
739.1282348632812 185.75869750976562 756.831485748291 185.75869750976562 756.831485748291 237.39301300048828 739.1282348632812 237.39301300048828
739.0067138671875 183.35093688964844 757.0639228820801 183.35093688964844 757.0639228820801 236.01761627197266 739.0067138671875 236.01761627197266
737.4320068359375 186.1328887939453 755.5175876617432 186.1328887939453 755.5175876617432 238.88231658935547 737.4320068359375 238.88231658935547
738.3515014648438 186.259033203125 756.38796043396 186.259033203125 756.38796043396 238.86519622802734 738.3515014648438 238.86519622802734
739.516845703125 186.3749237060547 757.375659942627 186.3749237060547 757.375659942627 238.46295547485352 739.516845703125 238.46295547485352
739.8214111328125 187.7664337158203 757.6012115478516 187.7664337158203 757.6012115478516 239.62400817871094 739.8214111328125 239.62400817871094
739.5040283203125 189.4152374267578 757.2757434844971 189.4152374267578 757.2757434844971 241.2492332458496 739.5040283203125 241.2492332458496
739.46630859375 187.70486450195312 757.2117557525635 187.70486450195312 757.2117557525635 239.46224212646484 739.46630859375 239.46224212646484
738.92236328125 188.6826171875 756.2361106872559 188.6826171875 756.2361106872559 239.18088150024414 738.92236328125 239.18088150024414
739.06005859375 188.07986450195312 756.3488578796387 188.07986450195312 756.3488578796387 238.50536346435547 739.06005859375 238.50536346435547
738.4525756835938 189.3916473388672 755.5977592468262 189.3916473388672 755.5977592468262 239.39827728271484 738.4525756835938 239.39827728271484
737.8810424804688 187.0912628173828 755.2056827545166 187.0912628173828 755.2056827545166 237.62129974365234 737.8810424804688 237.62129974365234
737.3853759765625 186.74588012695312 754.8334274291992 186.74588012695312 754.8334274291992 237.6358642578125 737.3853759765625 237.6358642578125
738.37744140625 185.69500732421875 756.087833404541 185.69500732421875 756.087833404541 237.35014724731445 738.37744140625 237.35014724731445
737.5989990234375 185.51431274414062 755.4449214935303 185.51431274414062 755.4449214935303 237.56475830078125 737.5989990234375 237.56475830078125
737.4177856445312 186.07225036621094 755.2730312347412 186.07225036621094 755.2730312347412 238.14988708496094 737.4177856445312 238.14988708496094
736.9915771484375 180.87106323242188 755.306848526001 180.87106323242188 755.306848526001 234.29043579101562 736.9915771484375 234.29043579101562
736.6135864257812 180.3113555908203 755.3437461853027 180.3113555908203 755.3437461853027 234.94081115722656 736.6135864257812 234.94081115722656
735.8280029296875 182.16787719726562 754.8261241912842 182.16787719726562 754.8261241912842 237.5788803100586 735.8280029296875 237.5788803100586
737.32275390625 182.74441528320312 755.8942070007324 182.74441528320312 755.8942070007324 236.91096878051758 737.32275390625 236.91096878051758
737.1270751953125 181.65626525878906 755.6024799346924 181.65626525878906 755.6024799346924 235.5426788330078 737.1270751953125 235.5426788330078
737.5438842773438 181.80178833007812 756.1642150878906 181.80178833007812 756.1642150878906 236.11090087890625 737.5438842773438 236.11090087890625
737.9361572265625 181.50013732910156 756.3253269195557 181.50013732910156 756.3253269195557 235.1350326538086 737.9361572265625 235.1350326538086
737.4725952148438 182.6066131591797 755.8828353881836 182.6066131591797 755.8828353881836 236.30296325683594 737.4725952148438 236.30296325683594
737.5228271484375 181.4979705810547 756.1255989074707 181.4979705810547 756.1255989074707 235.75586700439453 737.5228271484375 235.75586700439453
737.601806640625 181.24002075195312 756.0845489501953 181.24002075195312 756.0845489501953 235.14783477783203 737.601806640625 235.14783477783203
736.7089233398438 179.70083618164062 755.2363872528076 179.70083618164062 755.2363872528076 233.73909378051758 736.7089233398438 233.73909378051758
737.9041748046875 182.48477172851562 756.380090713501 182.48477172851562 756.380090713501 236.3726806640625 737.9041748046875 236.3726806640625
736.6265258789062 178.66905212402344 755.2649269104004 178.66905212402344 755.2649269104004 233.03087615966797 736.6265258789062 233.03087615966797
738.2061767578125 179.47445678710938 756.3715972900391 179.47445678710938 756.3715972900391 232.45675659179688 738.2061767578125 232.45675659179688
737.7345581054688 180.59153747558594 755.8241424560547 180.59153747558594 755.8241424560547 233.35265350341797 737.7345581054688 233.35265350341797
737.5256958007812 179.278564453125 755.786153793335 179.278564453125 755.786153793335 232.53806686401367 737.5256958007812 232.53806686401367
738.0242919921875 181.08724975585938 756.3244667053223 181.08724975585938 756.3244667053223 234.46259307861328 738.0242919921875 234.46259307861328
736.7526245117188 175.57131958007812 754.8549995422363 175.57131958007812 754.8549995422363 228.36974334716797 736.7526245117188 228.36974334716797
734.0548706054688 174.189208984375 752.342752456665 174.189208984375 752.342752456665 227.52869415283203 734.0548706054688 227.52869415283203
731.8434448242188 174.8313751220703 749.7969093322754 174.8313751220703 749.7969093322754 227.19547271728516 731.8434448242188 227.19547271728516
730.9619140625 175.55355834960938 748.8425312042236 175.55355834960938 748.8425312042236 227.70518112182617 730.9619140625 227.70518112182617
730.9583740234375 179.55294799804688 748.710901260376 179.55294799804688 748.710901260376 231.33097457885742 730.9583740234375 231.33097457885742
728.0934448242188 182.10877990722656 746.3125896453857 182.10877990722656 746.3125896453857 235.24777603149414 728.0934448242188 235.24777603149414
727.6502075195312 182.419189453125 745.9154930114746 182.419189453125 745.9154930114746 235.69276809692383 727.6502075195312 235.69276809692383
726.0175170898438 183.13430786132812 744.5023880004883 183.13430786132812 744.5023880004883 237.04834747314453 726.0175170898438 237.04834747314453
726.0157470703125 187.2330780029297 744.48508644104 187.2330780029297 744.48508644104 241.10181427001953 726.0157470703125 241.10181427001953
724.3037719726562 187.1352996826172 743.2640590667725 187.1352996826172 743.2640590667725 242.43596649169922 724.3037719726562 242.43596649169922
722.8829345703125 189.20663452148438 741.7718162536621 189.20663452148438 741.7718162536621 244.29904174804688 722.8829345703125 244.29904174804688
721.6017456054688 188.94094848632812 740.5690021514893 188.94094848632812 740.5690021514893 244.26194381713867 721.6017456054688 244.26194381713867
720.7664184570312 188.3709259033203 739.4775676727295 188.3709259033203 739.4775676727295 242.94495010375977 720.7664184570312 242.94495010375977
719.1635131835938 189.2832794189453 737.724687576294 189.2832794189453 737.724687576294 243.4198760986328 719.1635131835938 243.4198760986328
718.615234375 186.75747680664062 737.2997245788574 186.75747680664062 737.2997245788574 241.25374603271484 718.615234375 241.25374603271484
719.3541259765625 182.3116912841797 738.2968578338623 182.3116912841797 738.2968578338623 237.56116485595703 719.3541259765625 237.56116485595703
722.72314453125 183.01687622070312 741.6825428009033 183.01687622070312 741.6825428009033 238.3149642944336 722.72314453125 238.3149642944336
723.997314453125 182.53076171875 742.8736743927002 182.53076171875 742.8736743927002 237.5866584777832 723.997314453125 237.5866584777832
724.2648315429688 181.36778259277344 742.9630088806152 181.36778259277344 742.9630088806152 235.90398406982422 724.2648315429688 235.90398406982422
723.7416381835938 180.2518310546875 742.4927864074707 180.2518310546875 742.4927864074707 234.94252395629883 723.7416381835938 234.94252395629883
722.727294921875 179.09024047851562 741.545295715332 179.09024047851562 741.545295715332 233.97592163085938 722.727294921875 233.97592163085938
718.8817138671875 180.92947387695312 737.5936183929443 180.92947387695312 737.5936183929443 235.50570678710938 718.8817138671875 235.50570678710938
715.5753173828125 177.98800659179688 734.3093700408936 177.98800659179688 734.3093700408936 232.62883758544922 715.5753173828125 232.62883758544922
715.1792602539062 178.27159118652344 734.0520286560059 178.27159118652344 734.0520286560059 233.31701278686523 715.1792602539062 233.31701278686523
714.8319702148438 177.21969604492188 733.6459197998047 177.21969604492188 733.6459197998047 232.09355926513672 714.8319702148438 232.09355926513672
712.3244018554688 176.69931030273438 731.2720241546631 176.69931030273438 731.2720241546631 231.96305465698242 712.3244018554688 231.96305465698242
711.2120971679688 176.48162841796875 730.3237972259521 176.48162841796875 730.3237972259521 232.22393035888672 711.2120971679688 232.22393035888672
710.45263671875 176.34970092773438 729.1753101348877 176.34970092773438 729.1753101348877 230.95734405517578 710.45263671875 230.95734405517578
709.1447143554688 175.72471618652344 727.93190574646 175.72471618652344 727.93190574646 230.52053451538086 709.1447143554688 230.52053451538086
707.1576538085938 173.96041870117188 726.4657554626465 173.96041870117188 726.4657554626465 230.27556228637695 707.1576538085938 230.27556228637695
705.4940795898438 173.0989227294922 724.8677101135254 173.0989227294922 724.8677101135254 229.60518646240234 705.4940795898438 229.60518646240234
705.1697998046875 174.8675994873047 724.682689666748 174.8675994873047 724.682689666748 231.78003692626953 705.1697998046875 231.78003692626953
704.7574462890625 174.556884765625 724.2372245788574 174.556884765625 724.2372245788574 231.37274932861328 704.7574462890625 231.37274932861328
702.4122924804688 173.93463134765625 722.214864730835 173.93463134765625 722.214864730835 231.69197845458984 702.4122924804688 231.69197845458984
701.395263671875 174.25003051757812 721.0923385620117 174.25003051757812 721.0923385620117 231.69967651367188 701.395263671875 231.69967651367188
701.7208862304688 176.92774963378906 721.7585105895996 176.92774963378906 721.7585105895996 235.37065887451172 701.7208862304688 235.37065887451172
699.596923828125 175.5218048095703 719.5012264251709 175.5218048095703 719.5012264251709 233.57585906982422 699.596923828125 233.57585906982422
696.6370239257812 175.28173828125 716.6887283325195 175.28173828125 716.6887283325195 233.76571655273438 696.6370239257812 233.76571655273438
694.3253784179688 178.33273315429688 714.3240966796875 178.33273315429688 714.3240966796875 236.66217041015625 694.3253784179688 236.66217041015625
693.18994140625 174.7928924560547 713.2054328918457 174.7928924560547 713.2054328918457 233.17125701904297 693.18994140625 233.17125701904297
692.1072998046875 174.4155731201172 712.2320957183838 174.4155731201172 712.2320957183838 233.11273956298828 692.1072998046875 233.11273956298828
690.8595581054688 175.53338623046875 710.7652492523193 175.53338623046875 710.7652492523193 233.59149932861328 690.8595581054688 233.59149932861328
688.5034790039062 174.99472045898438 708.4581699371338 174.99472045898438 708.4581699371338 233.19575119018555 688.5034790039062 233.19575119018555
688.3027954101562 173.9370880126953 707.8465595245361 173.9370880126953 707.8465595245361 230.93958282470703 688.3027954101562 230.93958282470703
687.0940551757812 173.15594482421875 707.0340900421143 173.15594482421875 707.0340900421143 231.3142204284668 687.0940551757812 231.3142204284668
684.5057373046875 175.79470825195312 703.9675006866455 175.79470825195312 703.9675006866455 232.55802536010742 684.5057373046875 232.55802536010742
692.0985107421875 177.16294860839844 711.3489398956299 177.16294860839844 711.3489398956299 233.30987167358398 692.0985107421875 233.30987167358398
730.0472412109375 174.32090759277344 749.5817604064941 174.32090759277344 749.5817604064941 231.2964210510254 730.0472412109375 231.2964210510254
729.2301025390625 177.62501525878906 748.583797454834 177.62501525878906 748.583797454834 234.07312774658203 729.2301025390625 234.07312774658203
726.5565185546875 179.58876037597656 746.3486309051514 179.58876037597656 746.3486309051514 237.3155860900879 726.5565185546875 237.3155860900879
725.8585205078125 179.9019317626953 745.6386394500732 179.9019317626953 745.6386394500732 237.59377670288086 725.8585205078125 237.59377670288086
726.0385131835938 180.46112060546875 745.6898078918457 180.46112060546875 745.6898078918457 237.7772216796875 726.0385131835938 237.7772216796875
724.884765625 183.19931030273438 744.7152729034424 183.19931030273438 744.7152729034424 241.0381088256836 724.884765625 241.0381088256836
723.7557983398438 182.2135772705078 743.6653480529785 182.2135772705078 743.6653480529785 240.28290557861328 723.7557983398438 240.28290557861328
723.38427734375 181.3306427001953 743.0442333221436 181.3306427001953 743.0442333221436 238.67199325561523 723.38427734375 238.67199325561523
722.925537109375 178.7086181640625 742.8747062683105 178.7086181640625 742.8747062683105 236.89350509643555 722.925537109375 236.89350509643555
723.03662109375 177.85418701171875 743.0581169128418 177.85418701171875 743.0581169128418 236.2500228881836 723.03662109375 236.2500228881836
723.8185424804688 179.03883361816406 743.7692756652832 179.03883361816406 743.7692756652832 237.22827529907227 723.8185424804688 237.22827529907227
724.4728393554688 179.36593627929688 744.3689079284668 179.36593627929688 744.3689079284668 237.39594268798828 724.4728393554688 237.39594268798828
727.6688232421875 181.35018920898438 747.3885688781738 181.35018920898438 747.3885688781738 238.86591720581055 727.6688232421875 238.86591720581055
728.3592529296875 179.6898193359375 748.2355690002441 179.6898193359375 748.2355690002441 237.6622085571289 728.3592529296875 237.6622085571289
728.9457397460938 179.10726928710938 748.5947284698486 179.10726928710938 748.5947284698486 236.41661834716797 728.9457397460938 236.41661834716797
729.4027099609375 177.02499389648438 749.4886875152588 177.02499389648438 749.4886875152588 235.60889434814453 729.4027099609375 235.60889434814453
729.79931640625 176.14134216308594 749.7694702148438 176.14134216308594 749.7694702148438 234.38742446899414 729.79931640625 234.38742446899414
730.0609130859375 175.52316284179688 749.7928199768066 175.52316284179688 749.7928199768066 233.07435989379883 730.0609130859375 233.07435989379883
729.7449951171875 176.33905029296875 749.1637878417969 176.33905029296875 749.1637878417969 232.97700119018555 729.7449951171875 232.97700119018555
730.8327026367188 176.8095245361328 750.5233688354492 176.8095245361328 750.5233688354492 234.24044036865234 730.8327026367188 234.24044036865234
731.0003662109375 176.02731323242188 750.798023223877 176.02731323242188 750.798023223877 233.7702865600586 731.0003662109375 233.7702865600586
731.546875 175.7064208984375 751.4931926727295 175.7064208984375 751.4931926727295 233.88298416137695 731.546875 233.88298416137695
732.7264404296875 173.75332641601562 752.9655265808105 173.75332641601562 752.9655265808105 232.7837905883789 732.7264404296875 232.7837905883789
734.9205322265625 172.8393096923828 755.3279323577881 172.8393096923828 755.3279323577881 232.36069107055664 734.9205322265625 232.36069107055664
735.0104370117188 174.841064453125 755.4120979309082 174.841064453125 755.4120979309082 234.34571075439453 735.0104370117188 234.34571075439453
734.3174438476562 175.71176147460938 754.3827228546143 175.71176147460938 754.3827228546143 234.23529815673828 734.3174438476562 234.23529815673828
733.9681396484375 175.42160034179688 754.0313529968262 175.42160034179688 754.0313529968262 233.9391098022461 733.9681396484375 233.9391098022461
736.4100952148438 175.89816284179688 756.1390438079834 175.89816284179688 756.1390438079834 233.44073486328125 736.4100952148438 233.44073486328125
736.0327758789062 175.5093231201172 755.5055160522461 175.5093231201172 755.5055160522461 232.30462265014648 736.0327758789062 232.30462265014648
737.614013671875 177.36317443847656 757.1171760559082 177.36317443847656 757.1171760559082 234.24720001220703 737.614013671875 234.24720001220703
739.9423828125 175.44662475585938 759.6245994567871 175.44662475585938 759.6245994567871 232.85288619995117 739.9423828125 232.85288619995117
740.7684326171875 175.98683166503906 760.5891761779785 175.98683166503906 760.5891761779785 233.79712677001953 740.7684326171875 233.79712677001953
740.1455688476562 177.63397216796875 760.3065700531006 177.63397216796875 760.3065700531006 236.43668746948242 740.1455688476562 236.43668746948242
740.42822265625 175.41079711914062 760.6738185882568 175.41079711914062 760.6738185882568 234.46024703979492 740.42822265625 234.46024703979492
741.2623901367188 175.10324096679688 761.3897514343262 175.10324096679688 761.3897514343262 233.8078384399414 741.2623901367188 233.8078384399414
741.2750854492188 175.9521942138672 761.4711799621582 175.9521942138672 761.4711799621582 234.8572654724121 741.2750854492188 234.8572654724121
740.7044067382812 176.3245086669922 760.5789680480957 176.3245086669922 760.5789680480957 234.29177474975586 740.7044067382812 234.29177474975586
741.0858154296875 175.61529541015625 760.899585723877 175.61529541015625 760.899585723877 233.40525436401367 741.0858154296875 233.40525436401367
741.1150512695312 176.99008178710938 760.9042472839355 176.99008178710938 760.9042472839355 234.7083625793457 741.1150512695312 234.7083625793457
741.4489135742188 177.60791015625 760.9140758514404 177.60791015625 760.9140758514404 234.38109588623047 741.4489135742188 234.38109588623047
740.0552978515625 178.46070861816406 759.684986114502 178.46070861816406 759.684986114502 235.71376037597656 740.0552978515625 235.71376037597656
740.1058959960938 178.0365753173828 759.6119899749756 178.0365753173828 759.6119899749756 234.92914581298828 740.1058959960938 234.92914581298828
740.7824096679688 179.665771484375 760.2684440612793 179.665771484375 760.2684440612793 236.49983978271484 740.7824096679688 236.49983978271484
740.78515625 179.3477020263672 760.4682064056396 179.3477020263672 760.4682064056396 236.75640106201172 740.78515625 236.75640106201172
740.4332885742188 177.99359130859375 760.1381874084473 177.99359130859375 760.1381874084473 235.46602249145508 740.4332885742188 235.46602249145508
741.3372192382812 180.41595458984375 760.785945892334 180.41595458984375 760.785945892334 237.1412239074707 741.3372192382812 237.1412239074707
741.5319213867188 179.92547607421875 761.0568733215332 179.92547607421875 761.0568733215332 236.8730583190918 741.5319213867188 236.8730583190918
740.5828857421875 179.4271697998047 759.9942474365234 179.4271697998047 759.9942474365234 236.04344940185547 740.5828857421875 236.04344940185547
741.012939453125 179.81317138671875 760.5956993103027 179.81317138671875 760.5956993103027 236.92936325073242 741.012939453125 236.92936325073242
741.7857666015625 178.7985382080078 761.3964138031006 178.7985382080078 761.3964138031006 235.99606704711914 741.7857666015625 235.99606704711914
741.1153564453125 176.85824584960938 760.8875770568848 176.85824584960938 760.8875770568848 234.52701950073242 741.1153564453125 234.52701950073242
740.7777709960938 177.60723876953125 760.5027294158936 177.60723876953125 760.5027294158936 235.13816452026367 740.7777709960938 235.13816452026367
742.0042724609375 178.1527557373047 761.3917026519775 178.1527557373047 761.3917026519775 234.69922256469727 742.0042724609375 234.69922256469727
743.4312133789062 177.8760223388672 762.8332672119141 177.8760223388672 762.8332672119141 234.46514129638672 743.4312133789062 234.46514129638672
743.1268310546875 177.68319702148438 762.6165542602539 177.68319702148438 762.6165542602539 234.52801513671875 743.1268310546875 234.52801513671875
743.0628662109375 176.98934936523438 762.7129745483398 176.98934936523438 762.7129745483398 234.30195236206055 743.0628662109375 234.30195236206055
742.9117431640625 175.87362670898438 762.6115818023682 175.87362670898438 762.6115818023682 233.33126831054688 742.9117431640625 233.33126831054688
742.5809326171875 175.20053100585938 762.2520713806152 175.20053100585938 762.2520713806152 232.57447052001953 742.5809326171875 232.57447052001953
742.2164306640625 175.55746459960938 762.148250579834 175.55746459960938 762.148250579834 233.69171905517578 742.2164306640625 233.69171905517578
742.4466552734375 176.11080932617188 762.3768367767334 176.11080932617188 762.3768367767334 234.24028396606445 742.4466552734375 234.24028396606445
741.990234375 174.12689208984375 762.0579929351807 174.12689208984375 762.0579929351807 232.65763473510742 741.990234375 232.65763473510742
741.7921142578125 176.33804321289062 761.6836051940918 176.33804321289062 761.6836051940918 234.35466766357422 741.7921142578125 234.35466766357422
741.6988525390625 178.41073608398438 761.5842094421387 178.41073608398438 761.5842094421387 236.40947341918945 741.6988525390625 236.40947341918945
740.9141845703125 178.69808959960938 760.6829280853271 178.69808959960938 760.6829280853271 236.35670852661133 740.9141845703125 236.35670852661133
740.9193725585938 178.201171875 760.8593883514404 178.201171875 760.8593883514404 236.35933303833008 740.9193725585938 236.35933303833008
740.5817260742188 177.99996948242188 760.6195030212402 177.99996948242188 760.6195030212402 236.44326782226562 740.5817260742188 236.44326782226562
741.23193359375 179.78955078125 761.3784523010254 179.78955078125 761.3784523010254 238.55001068115234 741.23193359375 238.55001068115234
743.41357421875 179.8978729248047 763.6971855163574 179.8978729248047 763.6971855163574 239.05818939208984 743.41357421875 239.05818939208984
743.58984375 179.78453063964844 763.6075859069824 179.78453063964844 763.6075859069824 238.16939544677734 743.58984375 238.16939544677734
744.2364501953125 178.84152221679688 764.145320892334 178.84152221679688 764.145320892334 236.90884399414062 744.2364501953125 236.90884399414062
746.261962890625 177.21182250976562 766.2336978912354 177.21182250976562 766.2336978912354 235.46249389648438 746.261962890625 235.46249389648438
746.7850952148438 174.4169464111328 767.092004776001 174.4169464111328 767.092004776001 233.64520645141602 746.7850952148438 233.64520645141602
747.3776245117188 173.42648315429688 767.739330291748 173.42648315429688 767.739330291748 232.8145637512207 747.3776245117188 232.8145637512207
748.1261596679688 172.4364471435547 768.392255783081 172.4364471435547 768.392255783081 231.5456771850586 748.1261596679688 231.5456771850586
750.9248046875 171.82843017578125 771.3994197845459 171.82843017578125 771.3994197845459 231.54583740234375 750.9248046875 231.54583740234375
750.4100952148438 172.71678161621094 770.4137172698975 172.71678161621094 770.4137172698975 231.06046295166016 750.4100952148438 231.06046295166016
749.8932495117188 171.8246612548828 769.9822635650635 171.8246612548828 769.9822635650635 230.4174041748047 749.8932495117188 230.4174041748047
749.8929443359375 173.96974182128906 769.9268531799316 173.96974182128906 769.9268531799316 232.4017562866211 749.8929443359375 232.4017562866211
748.8555908203125 173.30014038085938 769.1149253845215 173.30014038085938 769.1149253845215 232.38964080810547 748.8555908203125 232.38964080810547
749.2830810546875 173.96640014648438 769.5277671813965 173.96640014648438 769.5277671813965 233.01317596435547 749.2830810546875 233.01317596435547
747.6211547851562 173.873046875 767.7528553009033 173.873046875 767.7528553009033 232.59028244018555 747.6211547851562 232.59028244018555
747.1437377929688 172.37307739257812 767.2028141021729 172.37307739257812 767.2028141021729 230.87849044799805 747.1437377929688 230.87849044799805
746.1905517578125 173.98568725585938 766.3828811645508 173.98568725585938 766.3828811645508 232.87975311279297 746.1905517578125 232.87975311279297
744.982666015625 175.91188049316406 765.140193939209 175.91188049316406 765.140193939209 234.7044448852539 744.982666015625 234.7044448852539
744.2640380859375 174.15394592285156 764.5032138824463 174.15394592285156 764.5032138824463 233.1846466064453 744.2640380859375 233.1846466064453
743.4761962890625 172.4190673828125 763.9490451812744 172.4190673828125 763.9490451812744 232.13130950927734 743.4761962890625 232.13130950927734
744.8214111328125 172.637939453125 765.4193458557129 172.637939453125 765.4193458557129 232.71501922607422 744.8214111328125 232.71501922607422
744.2601928710938 171.95297241210938 764.7246227264404 171.95297241210938 764.7246227264404 231.64066314697266 744.2601928710938 231.64066314697266
745.1372680664062 173.83901977539062 765.5015125274658 173.83901977539062 765.5015125274658 233.2345085144043 745.1372680664062 233.2345085144043
746.3762817382812 171.35086059570312 766.8839931488037 171.35086059570312 766.8839931488037 231.164794921875 746.3762817382812 231.164794921875
745.3397216796875 173.1353302001953 765.6599426269531 173.1353302001953 765.6599426269531 232.4024200439453 745.3397216796875 232.4024200439453
745.852783203125 174.08389282226562 766.0865726470947 174.08389282226562 766.0865726470947 233.09889602661133 745.852783203125 233.09889602661133
745.75341796875 175.31332397460938 765.7134304046631 175.31332397460938 765.7134304046631 233.52981567382812 745.75341796875 233.52981567382812
745.2168579101562 174.7257537841797 765.0132942199707 174.7257537841797 765.0132942199707 232.46515274047852 745.2168579101562 232.46515274047852
744.9176635742188 175.74075317382812 764.9837875366211 175.74075317382812 764.9837875366211 234.2667350769043 744.9176635742188 234.2667350769043
745.6004638671875 174.91903686523438 765.8024234771729 174.91903686523438 765.8024234771729 233.8411979675293 745.6004638671875 233.8411979675293
743.4290161132812 174.4154815673828 763.6103038787842 174.4154815673828 763.6103038787842 233.27735137939453 743.4290161132812 233.27735137939453
744.212158203125 175.15347290039062 764.5318756103516 175.15347290039062 764.5318756103516 234.41909790039062 744.212158203125 234.41909790039062
743.5713500976562 174.83958435058594 763.911699295044 174.83958435058594 763.911699295044 234.16539001464844 743.5713500976562 234.16539001464844
742.92724609375 174.35926818847656 763.4406681060791 174.35926818847656 763.4406681060791 234.1898651123047 742.92724609375 234.1898651123047
743.0869140625 174.2359619140625 763.3239631652832 174.2359619140625 763.3239631652832 233.2604751586914 743.0869140625 233.2604751586914
741.9515380859375 173.17745971679688 762.410701751709 173.17745971679688 762.410701751709 232.84981155395508 741.9515380859375 232.84981155395508
741.162353515625 173.40377807617188 761.730411529541 173.40377807617188 761.730411529541 233.39372634887695 741.162353515625 233.39372634887695
740.6810302734375 174.95033264160156 760.980052947998 174.95033264160156 760.980052947998 234.1555938720703 740.6810302734375 234.1555938720703
740.67626953125 174.2530059814453 761.1243228912354 174.2530059814453 761.1243228912354 233.89294052124023 740.67626953125 233.89294052124023
740.7493286132812 175.130126953125 760.8675403594971 175.130126953125 760.8675403594971 233.80802536010742 740.7493286132812 233.80802536010742
741.244384765625 176.7927703857422 761.283748626709 176.7927703857422 761.283748626709 235.2406997680664 741.244384765625 235.2406997680664
741.845703125 175.58485412597656 761.858118057251 175.58485412597656 761.858118057251 233.95418548583984 741.845703125 233.95418548583984
740.5603637695312 174.6055908203125 760.7015132904053 174.6055908203125 760.7015132904053 233.35040283203125 740.5603637695312 233.35040283203125
741.3543090820312 174.52867126464844 761.2315273284912 174.52867126464844 761.2315273284912 232.5036849975586 741.3543090820312 232.5036849975586
742.40185546875 175.9488983154297 761.9401817321777 175.9488983154297 761.9401817321777 232.93548202514648 742.40185546875 232.93548202514648
742.7401123046875 175.0502471923828 762.5845432281494 175.0502471923828 762.5845432281494 232.92963027954102 742.7401123046875 232.92963027954102
743.7625732421875 176.7897491455078 763.4335651397705 176.7897491455078 763.4335651397705 234.16327285766602 743.7625732421875 234.16327285766602
744.1990356445312 174.66786193847656 763.8663845062256 174.66786193847656 763.8663845062256 232.03076553344727 744.1990356445312 232.03076553344727
744.8614501953125 175.2593994140625 764.5107517242432 175.2593994140625 764.5107517242432 232.56966400146484 744.8614501953125 232.56966400146484
745.7657470703125 172.27908325195312 765.4722328186035 172.27908325195312 765.4722328186035 229.75613403320312 745.7657470703125 229.75613403320312
746.2244262695312 173.5431365966797 765.9549255371094 173.5431365966797 765.9549255371094 231.09022521972656 746.2244262695312 231.09022521972656
746.8858642578125 173.96487426757812 766.6340847015381 173.96487426757812 766.6340847015381 231.56365203857422 746.8858642578125 231.56365203857422
745.4927978515625 175.3745574951172 764.9317665100098 175.3745574951172 764.9317665100098 232.07135391235352 745.4927978515625 232.07135391235352
744.858642578125 175.89169311523438 764.4272880554199 175.89169311523438 764.4272880554199 232.96671676635742 744.858642578125 232.96671676635742
744.6903076171875 174.36331176757812 764.3278160095215 174.36331176757812 764.3278160095215 231.6391830444336 744.6903076171875 231.6391830444336
745.499267578125 174.81289672851562 765.0294647216797 174.81289672851562 765.0294647216797 231.77577590942383 745.499267578125 231.77577590942383
745.0985717773438 175.84417724609375 764.1941299438477 175.84417724609375 764.1941299438477 231.53936004638672 745.0985717773438 231.53936004638672
745.185546875 175.5648193359375 764.3375148773193 175.5648193359375 764.3375148773193 231.4245376586914 745.185546875 231.4245376586914
745.4973754882812 175.5755615234375 764.3344764709473 175.5755615234375 764.3344764709473 230.51692581176758 745.4973754882812 230.51692581176758
747.19775390625 176.00070190429688 766.0151462554932 176.00070190429688 766.0151462554932 230.88459014892578 747.19775390625 230.88459014892578
745.8684692382812 175.08975219726562 764.7353496551514 175.08975219726562 764.7353496551514 230.11798095703125 745.8684692382812 230.11798095703125
747.9598388671875 172.4217071533203 767.0519046783447 172.4217071533203 767.0519046783447 228.10672760009766 747.9598388671875 228.10672760009766
747.76953125 171.27137756347656 767.2197532653809 171.27137756347656 767.2197532653809 228.0010223388672 747.76953125 228.0010223388672
748.0977172851562 172.5816192626953 767.8883438110352 172.5816192626953 767.8883438110352 230.3041114807129 748.0977172851562 230.3041114807129
748.7266845703125 171.6456756591797 768.4950637817383 171.6456756591797 768.4950637817383 229.30327987670898 748.7266845703125 229.30327987670898
747.6846923828125 172.1621856689453 767.8503684997559 172.1621856689453 767.8503684997559 230.97857284545898 747.6846923828125 230.97857284545898
744.1810302734375 169.82691955566406 765.0176086425781 169.82691955566406 765.0176086425781 230.60010147094727 744.1810302734375 230.60010147094727
741.8497314453125 170.52572631835938 762.6591243743896 170.52572631835938 762.6591243743896 231.21961212158203 741.8497314453125 231.21961212158203
740.5928955078125 171.69528198242188 761.5499839782715 171.69528198242188 761.5499839782715 232.8199462890625 740.5928955078125 232.8199462890625
740.0927734375 172.2329864501953 761.3839015960693 172.2329864501953 761.3839015960693 234.3319320678711 740.0927734375 234.3319320678711
738.0853271484375 172.91273498535156 759.3823204040527 172.91273498535156 759.3823204040527 235.0287857055664 738.0853271484375 235.0287857055664
739.5858154296875 172.94520568847656 760.6496334075928 172.94520568847656 760.6496334075928 234.38116836547852 739.5858154296875 234.38116836547852
739.6846313476562 174.627197265625 760.7481956481934 174.627197265625 760.7481956481934 236.06241989135742 739.6846313476562 236.06241989135742
739.1062622070312 173.76351928710938 759.8839282989502 173.76351928710938 759.8839282989502 234.36487579345703 739.1062622070312 234.36487579345703
737.6729125976562 172.50201416015625 758.5209770202637 172.50201416015625 758.5209770202637 233.30869674682617 737.6729125976562 233.30869674682617
738.916748046875 170.19509887695312 759.7002143859863 170.19509887695312 759.7002143859863 230.8133659362793 738.916748046875 230.8133659362793
741.2994384765625 173.1316375732422 762.2664947509766 173.1316375732422 762.2664947509766 234.28537368774414 741.2994384765625 234.28537368774414
739.6365966796875 173.24545288085938 761.0027198791504 173.24545288085938 761.0027198791504 235.56312942504883 739.6365966796875 235.56312942504883
739.06396484375 172.564453125 760.391056060791 172.564453125 760.391056060791 234.7682876586914 739.06396484375 234.7682876586914
741.0128784179688 173.6707305908203 762.2254066467285 173.6707305908203 762.2254066467285 235.5404281616211 741.0128784179688 235.5404281616211
741.5428466796875 174.59536743164062 762.8141708374023 174.59536743164062 762.8141708374023 236.63654708862305 741.5428466796875 236.63654708862305
738.5123291015625 173.8787841796875 759.6764278411865 173.8787841796875 759.6764278411865 235.60721969604492 738.5123291015625 235.60721969604492
737.9031372070312 171.6720428466797 759.1991176605225 171.6720428466797 759.1991176605225 233.7851333618164 737.9031372070312 233.7851333618164
739.2575073242188 174.2963104248047 760.3240356445312 174.2963104248047 760.3240356445312 235.74016571044922 739.2575073242188 235.74016571044922
738.6651000976562 173.66493225097656 759.7070865631104 173.66493225097656 759.7070865631104 235.03720474243164 738.6651000976562 235.03720474243164
736.2672119140625 175.6557159423828 757.5635833740234 175.6557159423828 757.5635833740234 237.7699432373047 736.2672119140625 237.7699432373047
734.830810546875 171.3063507080078 756.2386264801025 171.3063507080078 756.2386264801025 233.74562072753906 734.830810546875 233.74562072753906
740.1436767578125 173.17552185058594 761.4019832611084 173.17552185058594 761.4019832611084 235.1787338256836 740.1436767578125 235.1787338256836
739.9049072265625 173.47256469726562 761.0908031463623 173.47256469726562 761.0908031463623 235.26457977294922 739.9049072265625 235.26457977294922
738.5982666015625 174.43637084960938 759.4838924407959 174.43637084960938 759.4838924407959 235.35260009765625 738.5982666015625 235.35260009765625
738.4185791015625 174.812744140625 759.1311454772949 174.812744140625 759.1311454772949 235.2242202758789 738.4185791015625 235.2242202758789
738.692626953125 174.7763671875 759.1511325836182 174.7763671875 759.1511325836182 234.44683074951172 738.692626953125 234.44683074951172
738.9586181640625 175.21351623535156 759.2584342956543 175.21351623535156 759.2584342956543 234.42113876342773 738.9586181640625 234.42113876342773
736.5060424804688 176.62496948242188 757.0161018371582 176.62496948242188 757.0161018371582 236.44579315185547 736.5060424804688 236.44579315185547
735.9738159179688 176.6112518310547 756.273286819458 176.6112518310547 756.273286819458 235.81785583496094 735.9738159179688 235.81785583496094
738.5267333984375 175.45144653320312 759.232738494873 175.45144653320312 759.232738494873 235.8437728881836 738.5267333984375 235.8437728881836
737.6121826171875 177.3018035888672 758.2613506317139 177.3018035888672 758.2613506317139 237.5283546447754 737.6121826171875 237.5283546447754
735.6029052734375 176.04824829101562 756.6411228179932 176.04824829101562 756.6411228179932 237.4095230102539 735.6029052734375 237.4095230102539
736.4302978515625 175.1276397705078 757.2481575012207 175.1276397705078 757.2481575012207 235.84620666503906 736.4302978515625 235.84620666503906
739.0897827148438 174.7103271484375 759.6895084381104 174.7103271484375 759.6895084381104 234.79267501831055 739.0897827148438 234.79267501831055
738.4056396484375 175.6552734375 759.1069927215576 175.6552734375 759.1069927215576 236.0340347290039 738.4056396484375 236.0340347290039
737.5408935546875 175.49240112304688 758.0149898529053 175.49240112304688 758.0149898529053 235.20833206176758 737.5408935546875 235.20833206176758
737.4908447265625 173.73098754882812 757.8678646087646 173.73098754882812 757.8678646087646 233.16378021240234 737.4908447265625 233.16378021240234
738.4710083007812 172.21180725097656 758.332275390625 172.21180725097656 758.332275390625 230.14032745361328 738.4710083007812 230.14032745361328
739.0455322265625 173.70741271972656 758.3768920898438 173.70741271972656 758.3768920898438 230.09038543701172 739.0455322265625 230.09038543701172
739.8125 173.07955932617188 759.2102699279785 173.07955932617188 759.2102699279785 229.6562271118164 739.8125 229.6562271118164
742.5722045898438 170.68418884277344 761.663782119751 170.68418884277344 761.663782119751 226.36779403686523 742.5722045898438 226.36779403686523
743.490234375 167.64418029785156 762.386308670044 167.64418029785156 762.386308670044 222.75757217407227 743.490234375 222.75757217407227
742.0389404296875 165.36383056640625 761.0797271728516 165.36383056640625 761.0797271728516 220.8992919921875 742.0389404296875 220.8992919921875
741.2285766601562 165.9103240966797 760.102725982666 165.9103240966797 760.102725982666 220.95975494384766 741.2285766601562 220.95975494384766
740.9046020507812 165.55096435546875 759.7094745635986 165.55096435546875 759.7094745635986 220.3983383178711 740.9046020507812 220.3983383178711
742.6866455078125 167.25672912597656 761.4490585327148 167.25672912597656 761.4490585327148 221.98026275634766 742.6866455078125 221.98026275634766
741.966552734375 169.81564331054688 760.598575592041 169.81564331054688 760.598575592041 224.15887451171875 741.966552734375 224.15887451171875
741.5095825195312 169.95278930664062 760.1953086853027 169.95278930664062 760.1953086853027 224.4526481628418 741.5095825195312 224.4526481628418
741.2041015625 167.392333984375 759.7013454437256 167.392333984375 759.7013454437256 221.34245681762695 741.2041015625 221.34245681762695
740.20947265625 169.83828735351562 758.7887344360352 169.83828735351562 758.7887344360352 224.02762985229492 740.20947265625 224.02762985229492
738.66552734375 173.58334350585938 757.5270748138428 173.58334350585938 757.5270748138428 228.59601974487305 738.66552734375 228.59601974487305
737.5712280273438 174.43496704101562 756.2924537658691 174.43496704101562 756.2924537658691 229.03837966918945 737.5712280273438 229.03837966918945
737.5802001953125 173.45884704589844 756.1086807250977 173.45884704589844 756.1086807250977 227.50009536743164 737.5802001953125 227.50009536743164
737.0980224609375 170.8793487548828 755.3890571594238 170.8793487548828 755.3890571594238 224.22804260253906 737.0980224609375 224.22804260253906
736.6295776367188 174.5319061279297 754.9214305877686 174.5319061279297 754.9214305877686 227.88298797607422 736.6295776367188 227.88298797607422
734.304931640625 172.5614471435547 752.4190788269043 172.5614471435547 752.4190788269043 225.39422225952148 734.304931640625 225.39422225952148
732.7769775390625 174.55252075195312 751.040470123291 174.55252075195312 751.040470123291 227.82088088989258 732.7769775390625 227.82088088989258
733.504638671875 171.95506286621094 751.8453769683838 171.95506286621094 751.8453769683838 225.44872283935547 733.504638671875 225.44872283935547
730.6439208984375 174.23513793945312 749.0182228088379 174.23513793945312 749.0182228088379 227.82669067382812 730.6439208984375 227.82669067382812
728.7817993164062 174.06539916992188 747.4303531646729 174.06539916992188 747.4303531646729 228.45684814453125 728.7817993164062 228.45684814453125
728.8566284179688 172.85653686523438 747.4457130432129 172.85653686523438 747.4457130432129 227.07453536987305 728.8566284179688 227.07453536987305
728.2632446289062 174.4521026611328 747.2636318206787 174.4521026611328 747.2636318206787 229.86973571777344 728.2632446289062 229.86973571777344
724.5880737304688 176.2716064453125 743.5889549255371 176.2716064453125 743.5889549255371 231.6906852722168 724.5880737304688 231.6906852722168
721.3151245117188 179.44374084472656 740.6023330688477 179.44374084472656 740.6023330688477 235.69794082641602 721.3151245117188 235.69794082641602
718.5711669921875 177.16197204589844 737.7917060852051 177.16197204589844 737.7917060852051 233.2217254638672 718.5711669921875 233.2217254638672
718.3338623046875 181.20626831054688 737.8856296539307 181.20626831054688 737.8856296539307 238.23209762573242 718.3338623046875 238.23209762573242
715.14697265625 180.02073669433594 734.8386402130127 180.02073669433594 734.8386402130127 237.4546127319336 715.14697265625 237.4546127319336
713.9185180664062 182.3006134033203 733.6806888580322 182.3006134033203 733.6806888580322 239.94012069702148 713.9185180664062 239.94012069702148
711.6387939453125 180.97889709472656 731.2225532531738 180.97889709472656 731.2225532531738 238.09803009033203 711.6387939453125 238.09803009033203
709.0997314453125 178.901123046875 728.5877647399902 178.901123046875 728.5877647399902 235.7410659790039 709.0997314453125 235.7410659790039
708.4795532226562 176.99537658691406 727.8925876617432 176.99537658691406 727.8925876617432 233.61658096313477 708.4795532226562 233.61658096313477
707.2366943359375 175.51174926757812 726.4873275756836 175.51174926757812 726.4873275756836 231.6592788696289 707.2366943359375 231.6592788696289
704.72314453125 173.5162353515625 723.7353992462158 173.5162353515625 723.7353992462158 228.9684944152832 704.72314453125 228.9684944152832
704.4862060546875 171.70046997070312 723.3850250244141 171.70046997070312 723.3850250244141 226.82186889648438 704.4862060546875 226.82186889648438
703.7513427734375 168.16867065429688 722.7876014709473 168.16867065429688 722.7876014709473 223.6909294128418 703.7513427734375 223.6909294128418
704.2828369140625 170.6064453125 722.9696712493896 170.6064453125 722.9696712493896 225.10955810546875 704.2828369140625 225.10955810546875
704.997314453125 167.00697326660156 723.4581394195557 167.00697326660156 723.4581394195557 220.85089492797852 704.997314453125 220.85089492797852
702.3147583007812 167.5081024169922 721.0663776397705 167.5081024169922 721.0663776397705 222.20016860961914 702.3147583007812 222.20016860961914
701.7127685546875 167.95822143554688 720.317792892456 167.95822143554688 720.317792892456 222.22272491455078 701.7127685546875 222.22272491455078
701.2077026367188 168.64923095703125 719.7337818145752 168.64923095703125 719.7337818145752 222.68347930908203 701.2077026367188 222.68347930908203
700.6131591796875 172.37490844726562 718.9779624938965 172.37490844726562 718.9779624938965 225.93877410888672 700.6131591796875 225.93877410888672
700.333251953125 174.43618774414062 718.7175254821777 174.43618774414062 718.7175254821777 228.05684280395508 700.333251953125 228.05684280395508
699.0779418945312 180.2213134765625 718.0664901733398 180.2213134765625 718.0664901733398 235.60443115234375 699.0779418945312 235.60443115234375
701.432373046875 181.0633087158203 720.4950065612793 181.0633087158203 720.4950065612793 236.66250228881836 701.432373046875 236.66250228881836
702.6563720703125 180.48300170898438 722.327730178833 180.48300170898438 722.327730178833 237.85763549804688 702.6563720703125 237.85763549804688
702.3728637695312 180.42031860351562 722.1382637023926 180.42031860351562 722.1382637023926 238.06923294067383 702.3728637695312 238.06923294067383
702.14404296875 182.64833068847656 721.6771450042725 182.64833068847656 721.6771450042725 239.61971282958984 702.14404296875 239.61971282958984
699.5840454101562 182.71670532226562 719.4140205383301 182.71670532226562 719.4140205383301 240.553955078125 699.5840454101562 240.553955078125
698.4160766601562 185.96047973632812 718.5636367797852 185.96047973632812 718.5636367797852 244.72401809692383 698.4160766601562 244.72401809692383
698.6359252929688 188.7928466796875 719.2050819396973 188.7928466796875 719.2050819396973 248.7860336303711 698.6359252929688 248.7860336303711
697.4569091796875 189.2364959716797 718.1794567108154 189.2364959716797 718.1794567108154 249.67707061767578 697.4569091796875 249.67707061767578
694.9915771484375 183.9947052001953 716.1625823974609 183.9947052001953 716.1625823974609 245.74327850341797 694.9915771484375 245.74327850341797
692.6160888671875 181.29232788085938 713.3973503112793 181.29232788085938 713.3973503112793 241.9041519165039 692.6160888671875 241.9041519165039
692.7178955078125 181.1039276123047 713.4010276794434 181.1039276123047 713.4010276794434 241.4295425415039 692.7178955078125 241.4295425415039
692.4542236328125 177.81546020507812 713.0859565734863 177.81546020507812 713.0859565734863 237.99115753173828 692.4542236328125 237.99115753173828
694.9146728515625 178.62069702148438 715.4643058776855 178.62069702148438 715.4643058776855 238.55693817138672 694.9146728515625 238.55693817138672
698.4971313476562 182.35342407226562 719.2631492614746 182.35342407226562 719.2631492614746 242.92078399658203 698.4971313476562 242.92078399658203
702.1695556640625 185.2362518310547 722.8181304931641 185.2362518310547 722.8181304931641 245.46107482910156 702.1695556640625 245.46107482910156
703.8395385742188 185.81710815429688 724.3045558929443 185.81710815429688 724.3045558929443 245.50656127929688 703.8395385742188 245.50656127929688
701.4006958007812 181.1396942138672 721.4073619842529 181.1396942138672 721.4073619842529 239.49229431152344 701.4006958007812 239.49229431152344
701.1165161132812 177.51829528808594 721.0821228027344 177.51829528808594 721.0821228027344 235.75113677978516 701.1165161132812 235.75113677978516
700.7448120117188 177.03805541992188 720.422082901001 177.03805541992188 720.422082901001 234.4299201965332 700.7448120117188 234.4299201965332
700.5137939453125 180.53651428222656 720.240779876709 180.53651428222656 720.240779876709 238.07337951660156 700.5137939453125 238.07337951660156
698.87353515625 184.38546752929688 718.4931964874268 184.38546752929688 718.4931964874268 241.60930252075195 698.87353515625 241.60930252075195
699.62939453125 188.9942169189453 719.3988456726074 188.9942169189453 719.3988456726074 246.65493392944336 699.62939453125 246.65493392944336
700.1314697265625 192.8972930908203 720.0686721801758 192.8972930908203 720.0686721801758 251.0472869873047 700.1314697265625 251.0472869873047
696.6590576171875 190.5204315185547 716.9062614440918 190.5204315185547 716.9062614440918 249.57458877563477 696.6590576171875 249.57458877563477
696.3668212890625 191.19570922851562 716.3798866271973 191.19570922851562 716.3798866271973 249.56696319580078 696.3668212890625 249.56696319580078
696.7981567382812 189.5051727294922 717.0850028991699 189.5051727294922 717.0850028991699 248.6749496459961 696.7981567382812 248.6749496459961
697.7989501953125 191.70236206054688 718.1219291687012 191.70236206054688 718.1219291687012 250.97753143310547 697.7989501953125 250.97753143310547
697.7335815429688 190.64837646484375 718.1276817321777 190.64837646484375 718.1276817321777 250.1309814453125 697.7335815429688 250.1309814453125
696.6363525390625 191.4333953857422 717.3832969665527 191.4333953857422 717.3832969665527 251.94512557983398 696.6363525390625 251.94512557983398
697.344482421875 191.6856231689453 717.9536666870117 191.6856231689453 717.9536666870117 251.79555892944336 697.344482421875 251.79555892944336
697.1515502929688 191.9058837890625 717.500940322876 191.9058837890625 717.500940322876 251.2580795288086 697.1515502929688 251.2580795288086
695.14501953125 190.6885223388672 715.193826675415 190.6885223388672 715.193826675415 249.16402435302734 695.14501953125 249.16402435302734
695.23193359375 192.45162963867188 715.2683067321777 192.45162963867188 715.2683067321777 250.890869140625 695.23193359375 250.890869140625
695.28759765625 190.69557189941406 715.250072479248 190.69557189941406 715.250072479248 248.91927337646484 695.28759765625 248.91927337646484
695.6507568359375 190.19100952148438 715.6329307556152 190.19100952148438 715.6329307556152 248.47216796875 695.6507568359375 248.47216796875
694.30517578125 191.29710388183594 714.0182952880859 191.29710388183594 714.0182952880859 248.79352188110352 694.30517578125 248.79352188110352
694.0270385742188 186.0863494873047 713.8454246520996 186.0863494873047 713.8454246520996 243.8897933959961 694.0270385742188 243.8897933959961
692.7434692382812 184.60458374023438 712.5389385223389 184.60458374023438 712.5389385223389 242.34119415283203 692.7434692382812 242.34119415283203
693.1506958007812 182.2485809326172 712.6107959747314 182.2485809326172 712.6107959747314 239.0070343017578 693.1506958007812 239.0070343017578
693.4503173828125 182.38961791992188 712.963945388794 182.38961791992188 712.963945388794 239.30419158935547 693.4503173828125 239.30419158935547
693.6043701171875 183.06222534179688 712.563497543335 183.06222534179688 712.563497543335 238.3595085144043 693.6043701171875 238.3595085144043
694.3121337890625 182.4160614013672 713.4050807952881 182.4160614013672 713.4050807952881 238.10365295410156 694.3121337890625 238.10365295410156
693.9150390625 180.91221618652344 713.2092380523682 180.91221618652344 713.2092380523682 237.1867904663086 693.9150390625 237.1867904663086
694.665283203125 181.15257263183594 713.7401580810547 181.15257263183594 713.7401580810547 236.78744888305664 694.665283203125 236.78744888305664
695.29248046875 181.3834228515625 714.3778228759766 181.3834228515625 714.3778228759766 237.048828125 695.29248046875 237.048828125
694.3824462890625 181.88107299804688 713.1018409729004 181.88107299804688 713.1018409729004 236.47913360595703 694.3824462890625 236.47913360595703
695.4364013671875 183.1139678955078 714.0785636901855 183.1139678955078 714.0785636901855 237.4867706298828 695.4364013671875 237.4867706298828
692.3638305664062 185.91746520996094 711.1427879333496 185.91746520996094 711.1427879333496 240.6892547607422 692.3638305664062 240.6892547607422
689.5323486328125 184.6751251220703 708.3928241729736 184.6751251220703 708.3928241729736 239.68467712402344 689.5323486328125 239.68467712402344
689.5897216796875 183.87416076660156 708.5218849182129 183.87416076660156 708.5218849182129 239.09280014038086 689.5897216796875 239.09280014038086
692.3062744140625 182.73904418945312 711.0347576141357 182.73904418945312 711.0347576141357 237.36361694335938 692.3062744140625 237.36361694335938
692.3822021484375 178.7491455078125 710.985279083252 178.7491455078125 710.985279083252 233.00795364379883 692.3822021484375 233.00795364379883
692.6954956054688 180.64242553710938 711.2396087646484 180.64242553710938 711.2396087646484 234.72925567626953 692.6954956054688 234.72925567626953
695.9423828125 178.04794311523438 714.869104385376 178.04794311523438 714.869104385376 233.25071334838867 695.9423828125 233.25071334838867
695.8461303710938 179.8067169189453 715.0702991485596 179.8067169189453 715.0702991485596 235.87703704833984 695.8461303710938 235.87703704833984
694.416015625 179.8424530029297 713.8577213287354 179.8424530029297 713.8577213287354 236.54725646972656 694.416015625 236.54725646972656
694.1173706054688 178.983642578125 713.4922122955322 178.983642578125 713.4922122955322 235.49342727661133 694.1173706054688 235.49342727661133
694.3755493164062 178.18328857421875 713.6937427520752 178.18328857421875 713.6937427520752 234.52785110473633 694.3755493164062 234.52785110473633
694.220703125 180.09359741210938 713.8496074676514 180.09359741210938 713.8496074676514 237.34440231323242 694.220703125 237.34440231323242
693.1170043945312 181.02044677734375 712.7881317138672 181.02044677734375 712.7881317138672 238.39440155029297 693.1170043945312 238.39440155029297
690.9986572265625 180.65554809570312 710.8249416351318 180.65554809570312 710.8249416351318 238.4820442199707 690.9986572265625 238.4820442199707
692.0745849609375 181.9451141357422 711.6867046356201 181.9451141357422 711.6867046356201 239.14696884155273 692.0745849609375 239.14696884155273
690.8958740234375 182.8208770751953 710.5756607055664 182.8208770751953 710.5756607055664 240.22009658813477 690.8958740234375 240.22009658813477
689.6326293945312 183.19601440429688 709.0409965515137 183.19601440429688 709.0409965515137 239.80359649658203 689.6326293945312 239.80359649658203
688.9415283203125 182.21084594726562 708.0804328918457 182.21084594726562 708.0804328918457 238.0324935913086 688.9415283203125 238.0324935913086
688.9801635742188 181.88461303710938 708.0333194732666 181.88461303710938 708.0333194732666 237.4561653137207 688.9801635742188 237.4561653137207
689.0213623046875 180.54904174804688 707.8733863830566 180.54904174804688 707.8733863830566 235.53395462036133 689.0213623046875 235.53395462036133
689.2821655273438 179.04251098632812 707.9337310791016 179.04251098632812 707.9337310791016 233.44275665283203 689.2821655273438 233.44275665283203
690.1442260742188 178.40550231933594 708.5964164733887 178.40550231933594 708.5964164733887 232.22423553466797 690.1442260742188 232.22423553466797
688.2719116210938 180.20364379882812 706.7334308624268 180.20364379882812 706.7334308624268 234.0495834350586 688.2719116210938 234.0495834350586
689.8746337890625 176.33035278320312 708.2079429626465 176.33035278320312 708.2079429626465 229.80234909057617 689.8746337890625 229.80234909057617
690.7904052734375 176.39599609375 708.8704853057861 176.39599609375 708.8704853057861 229.1294059753418 690.7904052734375 229.1294059753418
691.9331665039062 175.18283081054688 710.1281776428223 175.18283081054688 710.1281776428223 228.25144577026367 691.9331665039062 228.25144577026367
687.4342041015625 181.71536254882812 705.7324600219727 181.71536254882812 705.7324600219727 235.0851058959961 687.4342041015625 235.0851058959961
689.0258178710938 180.22146606445312 707.4194183349609 180.22146606445312 707.4194183349609 233.86929321289062 689.0258178710938 233.86929321289062
690.4205932617188 182.66294860839844 709.1198654174805 182.66294860839844 709.1198654174805 237.20230865478516 690.4205932617188 237.20230865478516
689.4259643554688 184.795654296875 707.7697296142578 184.795654296875 707.7697296142578 238.29812622070312 689.4259643554688 238.29812622070312
689.1549682617188 185.48623657226562 707.4393920898438 185.48623657226562 707.4393920898438 238.81563186645508 689.1549682617188 238.81563186645508
689.9000854492188 184.26040649414062 708.0333671569824 184.26040649414062 708.0333671569824 237.14897537231445 689.9000854492188 237.14897537231445
690.9415893554688 184.5204620361328 708.7531623840332 184.5204620361328 708.7531623840332 236.47071838378906 690.9415893554688 236.47071838378906
688.7780151367188 185.0469970703125 706.5573024749756 185.0469970703125 706.5573024749756 236.9030876159668 688.7780151367188 236.9030876159668
687.958740234375 186.16502380371094 705.8123645782471 186.16502380371094 705.8123645782471 238.23792266845703 687.958740234375 238.23792266845703
688.34228515625 185.1996307373047 706.4538917541504 185.1996307373047 706.4538917541504 238.02498626708984 688.34228515625 238.02498626708984
688.8218383789062 184.1720428466797 706.7135772705078 184.1720428466797 706.7135772705078 236.35611724853516 688.8218383789062 236.35611724853516
687.77783203125 185.7230224609375 705.5629539489746 185.7230224609375 705.5629539489746 237.59613037109375 687.77783203125 237.59613037109375
687.4110107421875 183.98306274414062 705.3746376037598 183.98306274414062 705.3746376037598 236.3768196105957 687.4110107421875 236.3768196105957
688.1979370117188 183.76617431640625 706.5810737609863 183.76617431640625 706.5810737609863 237.38349533081055 688.1979370117188 237.38349533081055
688.6703491210938 185.09500122070312 706.8330898284912 185.09500122070312 706.8330898284912 238.06950759887695 688.6703491210938 238.06950759887695
687.47607421875 185.7369384765625 705.6121444702148 185.7369384765625 705.6121444702148 238.6336555480957 687.47607421875 238.6336555480957
687.1754760742188 184.64088439941406 705.0463066101074 184.64088439941406 705.0463066101074 236.7639923095703 687.1754760742188 236.7639923095703
687.6758422851562 184.4176788330078 705.6098575592041 184.4176788330078 705.6098575592041 236.7250747680664 687.6758422851562 236.7250747680664
686.3450927734375 183.7806854248047 704.1669616699219 183.7806854248047 704.1669616699219 235.76099014282227 686.3450927734375 235.76099014282227
684.30078125 184.09201049804688 702.3600120544434 184.09201049804688 702.3600120544434 236.76461029052734 684.30078125 236.76461029052734
683.5239868164062 181.9400177001953 701.6732540130615 181.9400177001953 701.6732540130615 234.8752212524414 683.5239868164062 234.8752212524414
683.5686645507812 182.82501220703125 701.7742099761963 182.82501220703125 701.7742099761963 235.92435455322266 683.5686645507812 235.92435455322266
683.3690185546875 183.0272674560547 701.8097038269043 183.0272674560547 701.8097038269043 236.81243515014648 683.3690185546875 236.81243515014648
682.1945190429688 182.72128295898438 700.5231323242188 182.72128295898438 700.5231323242188 236.17957305908203 682.1945190429688 236.17957305908203
681.9124755859375 184.4978485107422 700.2951812744141 184.4978485107422 700.2951812744141 238.1139144897461 681.9124755859375 238.1139144897461
683.5648193359375 186.078369140625 701.7623691558838 186.078369140625 701.7623691558838 239.15439987182617 683.5648193359375 239.15439987182617
683.81103515625 185.62957763671875 702.0506076812744 185.62957763671875 702.0506076812744 238.82816696166992 683.81103515625 238.82816696166992
683.6959228515625 185.4050750732422 701.5783996582031 185.4050750732422 701.5783996582031 237.56213760375977 683.6959228515625 237.56213760375977
683.5494384765625 186.28488159179688 701.959150314331 186.28488159179688 701.959150314331 239.9797134399414 683.5494384765625 239.9797134399414
683.485595703125 184.9417724609375 701.750804901123 184.9417724609375 701.750804901123 238.21514892578125 683.485595703125 238.21514892578125
683.4425048828125 185.28057861328125 701.701000213623 185.28057861328125 701.701000213623 238.53437423706055 683.4425048828125 238.53437423706055
683.8245849609375 185.3056182861328 702.1888656616211 185.3056182861328 702.1888656616211 238.8679542541504 683.8245849609375 238.8679542541504
683.419921875 184.1516876220703 701.4205741882324 184.1516876220703 701.4205741882324 236.65345001220703 683.419921875 236.65345001220703
682.6617431640625 183.3993682861328 700.4575653076172 183.3993682861328 700.4575653076172 235.30371475219727 682.6617431640625 235.30371475219727
684.2109985351562 182.97418212890625 701.6656703948975 182.97418212890625 701.6656703948975 233.8835105895996 684.2109985351562 233.8835105895996
682.760009765625 183.1909637451172 700.2940120697021 183.1909637451172 700.2940120697021 234.33167266845703 682.760009765625 234.33167266845703
681.9962158203125 183.75164794921875 699.4085006713867 183.75164794921875 699.4085006713867 234.53734588623047 681.9962158203125 234.53734588623047
681.4640502929688 181.10476684570312 698.6994438171387 181.10476684570312 698.6994438171387 231.3745346069336 681.4640502929688 231.3745346069336
682.7940673828125 181.6299591064453 699.9439086914062 181.6299591064453 699.9439086914062 231.65020370483398 682.7940673828125 231.65020370483398
682.3714599609375 182.69174194335938 699.6188163757324 182.69174194335938 699.6188163757324 232.99640655517578 682.3714599609375 232.99640655517578
682.436767578125 180.95297241210938 699.7570610046387 180.95297241210938 699.7570610046387 231.47036743164062 682.436767578125 231.47036743164062
682.5697021484375 180.9249725341797 699.8129463195801 180.9249725341797 699.8129463195801 231.21764373779297 682.5697021484375 231.21764373779297
682.6199951171875 181.62277221679688 699.628101348877 181.62277221679688 699.628101348877 231.2296257019043 682.6199951171875 231.2296257019043
682.132568359375 179.64125061035156 699.1699676513672 179.64125061035156 699.1699676513672 229.3335418701172 682.132568359375 229.3335418701172
682.51904296875 180.87124633789062 699.5970001220703 180.87124633789062 699.5970001220703 230.68183135986328 682.51904296875 230.68183135986328
682.5205688476562 181.81549072265625 699.4424648284912 181.81549072265625 699.4424648284912 231.17089462280273 682.5205688476562 231.17089462280273
682.6087646484375 182.7473907470703 699.4403667449951 182.7473907470703 699.4403667449951 231.83943939208984 682.6087646484375 231.83943939208984
682.1590576171875 183.6609344482422 699.3088493347168 183.6609344482422 699.3088493347168 233.68103408813477 682.1590576171875 233.68103408813477
681.9329833984375 183.28988647460938 699.003059387207 183.28988647460938 699.003059387207 233.07747650146484 681.9329833984375 233.07747650146484
682.547119140625 184.9063720703125 699.5106296539307 184.9063720703125 699.5106296539307 234.38314819335938 682.547119140625 234.38314819335938
681.27490234375 186.65969848632812 698.6371459960938 186.65969848632812 698.6371459960938 237.29944610595703 681.27490234375 237.29944610595703
680.7532958984375 187.4080810546875 698.2731914520264 187.4080810546875 698.2731914520264 238.5076446533203 680.7532958984375 238.5076446533203
681.6276245117188 186.48526000976562 699.1253757476807 186.48526000976562 699.1253757476807 237.52023315429688 681.6276245117188 237.52023315429688
681.9481811523438 185.51914978027344 699.5420875549316 185.51914978027344 699.5420875549316 236.83456802368164 681.9481811523438 236.83456802368164
680.9068603515625 184.9458770751953 698.4848117828369 184.9458770751953 698.4848117828369 236.21475982666016 680.9068603515625 236.21475982666016
680.4142456054688 186.31036376953125 698.0266952514648 186.31036376953125 698.0266952514648 237.67986297607422 680.4142456054688 237.67986297607422
680.3513793945312 184.69570922851562 698.0847969055176 184.69570922851562 698.0847969055176 236.41802978515625 680.3513793945312 236.41802978515625
679.5093994140625 184.14361572265625 697.5964756011963 184.14361572265625 697.5964756011963 236.89743041992188 679.5093994140625 236.89743041992188
679.3389892578125 183.82232666015625 697.552417755127 183.82232666015625 697.552417755127 236.94467163085938 679.3389892578125 236.94467163085938
678.0739135742188 184.43356323242188 696.4054145812988 184.43356323242188 696.4054145812988 237.9002799987793 678.0739135742188 237.9002799987793
677.7564697265625 182.42105102539062 696.4836006164551 182.42105102539062 696.4836006164551 237.04167938232422 677.7564697265625 237.04167938232422
675.4125366210938 182.64581298828125 694.3381767272949 182.64581298828125 694.3381767272949 237.84542846679688 675.4125366210938 237.84542846679688
672.8382568359375 182.28921508789062 692.0881366729736 182.28921508789062 692.0881366729736 238.43452835083008 672.8382568359375 238.43452835083008
672.3140258789062 181.0902557373047 691.7600517272949 181.0902557373047 691.7600517272949 237.80765533447266 672.3140258789062 237.80765533447266
669.699951171875 181.89598083496094 688.7179412841797 181.89598083496094 688.7179412841797 237.3649444580078 669.699951171875 237.3649444580078
666.6019287109375 183.67733764648438 685.475414276123 183.67733764648438 685.475414276123 238.72483444213867 666.6019287109375 238.72483444213867
664.393310546875 183.3162384033203 683.1939735412598 183.3162384033203 683.1939735412598 238.1513328552246 664.393310546875 238.1513328552246
663.4000244140625 184.2952880859375 682.3742580413818 184.2952880859375 682.3742580413818 239.63663482666016 663.4000244140625 239.63663482666016
659.7844848632812 186.62588500976562 678.9066181182861 186.62588500976562 678.9066181182861 242.39859771728516 659.7844848632812 242.39859771728516
656.84228515625 188.79232788085938 676.0092887878418 188.79232788085938 676.0092887878418 244.69591522216797 656.84228515625 244.69591522216797
655.369873046875 189.78500366210938 674.5196361541748 189.78500366210938 674.5196361541748 245.6383056640625 655.369873046875 245.6383056640625
654.8414306640625 191.21133422851562 674.2875213623047 191.21133422851562 674.2875213623047 247.92891693115234 654.8414306640625 247.92891693115234
651.9761962890625 192.57125854492188 671.3282127380371 192.57125854492188 671.3282127380371 249.01445770263672 651.9761962890625 249.01445770263672
650.2164306640625 194.1102294921875 669.8139533996582 194.1102294921875 669.8139533996582 251.26948165893555 650.2164306640625 251.26948165893555
647.1241455078125 195.3827667236328 666.4015865325928 195.3827667236328 666.4015865325928 251.60845184326172 647.1241455078125 251.60845184326172
644.4718627929688 194.3246612548828 664.1562995910645 194.3246612548828 664.1562995910645 251.73741149902344 644.4718627929688 251.73741149902344
642.24560546875 192.85845947265625 662.2256526947021 192.85845947265625 662.2256526947021 251.13340377807617 642.24560546875 251.13340377807617
636.89453125 191.65023803710938 657.0599555969238 191.65023803710938 657.0599555969238 250.46586227416992 636.89453125 250.46586227416992
632.5034790039062 191.41175842285156 652.6386260986328 191.41175842285156 652.6386260986328 250.13907623291016 632.5034790039062 250.13907623291016
629.6082763671875 191.6299591064453 649.7057342529297 191.6299591064453 649.7057342529297 250.24735260009766 629.6082763671875 250.24735260009766
626.5874633789062 190.9776611328125 646.865306854248 190.9776611328125 646.865306854248 250.12117385864258 626.5874633789062 250.12117385864258
622.6111450195312 187.88186645507812 643.0952091217041 187.88186645507812 643.0952091217041 247.62685012817383 622.6111450195312 247.62685012817383
618.302001953125 185.59695434570312 638.2161140441895 185.59695434570312 638.2161140441895 243.6795768737793 618.302001953125 243.6795768737793
616.8063354492188 184.66575622558594 636.5134162902832 184.66575622558594 636.5134162902832 242.14453506469727 616.8063354492188 242.14453506469727
615.0426025390625 183.36012268066406 634.8368034362793 183.36012268066406 634.8368034362793 241.0929946899414 615.0426025390625 241.0929946899414
611.2587280273438 184.17169189453125 630.7864265441895 184.17169189453125 630.7864265441895 241.12726593017578 611.2587280273438 241.12726593017578
607.5430297851562 186.71771240234375 626.9913692474365 186.71771240234375 626.9913692474365 243.44182205200195 607.5430297851562 243.44182205200195
604.9227294921875 185.2471923828125 624.353687286377 185.2471923828125 624.353687286377 241.92060470581055 604.9227294921875 241.92060470581055
603.8244018554688 185.1605224609375 623.7203369140625 185.1605224609375 623.7203369140625 243.19011306762695 603.8244018554688 243.19011306762695
601.5927734375 187.51316833496094 621.4334259033203 187.51316833496094 621.4334259033203 245.3815155029297 601.5927734375 245.3815155029297
600.5631713867188 186.2683563232422 620.6432151794434 186.2683563232422 620.6432151794434 244.8349266052246 600.5631713867188 244.8349266052246
603.3084106445312 186.72073364257812 623.4297637939453 186.72073364257812 623.4297637939453 245.40778732299805 603.3084106445312 245.40778732299805
609.5882568359375 188.8205108642578 630.0428924560547 188.8205108642578 630.0428924560547 248.4796371459961 609.5882568359375 248.4796371459961
616.4742431640625 186.83407592773438 636.6289710998535 186.83407592773438 636.6289710998535 245.61847686767578 616.4742431640625 245.61847686767578
621.1925659179688 186.21652221679688 641.2856369018555 186.21652221679688 641.2856369018555 244.82108688354492 621.1925659179688 244.82108688354492
626.24951171875 183.15786743164062 646.3634300231934 183.15786743164062 646.3634300231934 241.8232307434082 626.24951171875 241.8232307434082
629.9487915039062 181.1896514892578 650.3359508514404 181.1896514892578 650.3359508514404 240.65196228027344 629.9487915039062 240.65196228027344
630.2119750976562 176.96163940429688 651.0164260864258 176.96163940429688 651.0164260864258 237.64104461669922 630.2119750976562 237.64104461669922
631.0513305664062 172.94479370117188 652.1486778259277 172.94479370117188 652.1486778259277 234.47847366333008 631.0513305664062 234.47847366333008
632.030029296875 170.34951782226562 653.3000030517578 170.34951782226562 653.3000030517578 232.38668823242188 632.030029296875 232.38668823242188
632.2056884765625 169.78762817382812 653.3975639343262 169.78762817382812 653.3975639343262 231.59701538085938 632.2056884765625 231.59701538085938
632.2222290039062 169.07321166992188 653.3472099304199 169.07321166992188 653.3472099304199 230.68749237060547 632.2222290039062 230.68749237060547
633.799072265625 169.01968383789062 655.0069408416748 169.01968383789062 655.0069408416748 230.8757209777832 633.799072265625 230.8757209777832
635.2899780273438 168.8756866455078 656.7633514404297 168.8756866455078 656.7633514404297 231.50611114501953 635.2899780273438 231.50611114501953
635.3327026367188 170.01559448242188 656.9310703277588 170.01559448242188 656.9310703277588 233.01058959960938 635.3327026367188 233.01058959960938
634.3995971679688 168.64529418945312 656.0345497131348 168.64529418945312 656.0345497131348 231.74699020385742 634.3995971679688 231.74699020385742
636.1197509765625 168.18763732910156 657.9181308746338 168.18763732910156 657.9181308746338 231.76599502563477 636.1197509765625 231.76599502563477
636.5153198242188 167.8556365966797 658.2717475891113 167.8556365966797 658.2717475891113 231.31163024902344 636.5153198242188 231.31163024902344
636.8448486328125 165.750732421875 658.410364151001 165.750732421875 658.410364151001 228.64989471435547 636.8448486328125 228.64989471435547
636.74658203125 166.5135498046875 658.2680854797363 166.5135498046875 658.2680854797363 229.28434371948242 636.74658203125 229.28434371948242
637.3328247070312 164.41574096679688 658.6971740722656 164.41574096679688 658.6971740722656 226.72816848754883 637.3328247070312 226.72816848754883
634.1605224609375 163.4271240234375 655.687479019165 163.4271240234375 655.687479019165 226.21381759643555 634.1605224609375 226.21381759643555
631.3374633789062 164.82012939453125 653.1688957214355 164.82012939453125 653.1688957214355 228.49488067626953 631.3374633789062 228.49488067626953
630.1370849609375 165.1145782470703 651.6020774841309 165.1145782470703 651.6020774841309 227.7205581665039 630.1370849609375 227.7205581665039
629.3778686523438 165.49185180664062 651.162036895752 165.49185180664062 651.162036895752 229.02875900268555 629.3778686523438 229.02875900268555
628.833984375 164.05801391601562 650.4516677856445 164.05801391601562 650.4516677856445 227.10934448242188 628.833984375 227.10934448242188
629.2697143554688 166.24978637695312 651.0812110900879 166.24978637695312 651.0812110900879 229.86640167236328 629.2697143554688 229.86640167236328
628.5636596679688 164.67660522460938 650.5091304779053 164.67660522460938 650.5091304779053 228.68397521972656 628.5636596679688 228.68397521972656
625.0897216796875 166.02418518066406 646.9806175231934 166.02418518066406 646.9806175231934 229.87237167358398 625.0897216796875 229.87237167358398
621.80322265625 169.44483947753906 643.4311618804932 169.44483947753906 643.4311618804932 232.52606964111328 621.80322265625 232.52606964111328
619.7345581054688 170.77662658691406 641.7882595062256 170.77662658691406 641.7882595062256 235.0996551513672 619.7345581054688 235.0996551513672
617.6988525390625 169.36019897460938 639.8616523742676 169.36019897460938 639.8616523742676 234.00143432617188 617.6988525390625 234.00143432617188
613.1920166015625 169.8627166748047 635.8324928283691 169.8627166748047 635.8324928283691 235.8971710205078 613.1920166015625 235.8971710205078
609.8919677734375 167.56497192382812 632.1810569763184 167.56497192382812 632.1810569763184 232.57455444335938 609.8919677734375 232.57455444335938
605.9371337890625 166.41305541992188 628.2085590362549 166.41305541992188 628.2085590362549 231.37110900878906 605.9371337890625 231.37110900878906
601.908203125 168.28546142578125 624.2521629333496 168.28546142578125 624.2521629333496 233.455078125 601.908203125 233.455078125
597.0438232421875 168.17788696289062 619.300952911377 168.17788696289062 619.300952911377 233.09425354003906 597.0438232421875 233.09425354003906
591.4313354492188 169.1963348388672 613.4977169036865 169.1963348388672 613.4977169036865 233.55635833740234 591.4313354492188 233.55635833740234
586.5693969726562 169.3902130126953 608.1960144042969 169.3902130126953 608.1960144042969 232.46759796142578 586.5693969726562 232.46759796142578
581.7723388671875 172.7088623046875 603.5059413909912 172.7088623046875 603.5059413909912 236.0982894897461 581.7723388671875 236.0982894897461
577.8704223632812 172.95326232910156 599.5678367614746 172.95326232910156 599.5678367614746 236.2371368408203 577.8704223632812 236.2371368408203
574.8173828125 180.1353302001953 596.6726417541504 180.1353302001953 596.6726417541504 243.87958145141602 574.8173828125 243.87958145141602
570.4642333984375 175.0420684814453 592.7148284912109 175.0420684814453 592.7148284912109 239.9393768310547 570.4642333984375 239.9393768310547
565.7794799804688 174.48593139648438 588.2985439300537 174.48593139648438 588.2985439300537 240.16626739501953 565.7794799804688 240.16626739501953
561.5090942382812 175.84768676757812 584.5821380615234 175.84768676757812 584.5821380615234 243.14379119873047 561.5090942382812 243.14379119873047
559.154296875 176.37271118164062 582.4114780426025 176.37271118164062 582.4114780426025 244.20587921142578 559.154296875 244.20587921142578
553.3499755859375 175.87948608398438 576.6983833312988 175.87948608398438 576.6983833312988 243.97872924804688 553.3499755859375 243.97872924804688
547.1974487304688 176.96585083007812 570.47119140625 176.96585083007812 570.47119140625 244.84732055664062 547.1974487304688 244.84732055664062
539.1502075195312 178.6664581298828 562.4487857818604 178.6664581298828 562.4487857818604 246.620361328125 539.1502075195312 246.620361328125
534.0275268554688 179.86322021484375 557.2313117980957 179.86322021484375 557.2313117980957 247.5406494140625 534.0275268554688 247.5406494140625
530.3204345703125 177.05435180664062 553.3350486755371 177.05435180664062 553.3350486755371 244.1800308227539 530.3204345703125 244.1800308227539
528.0177612304688 178.0679931640625 551.2678070068359 178.0679931640625 551.2678070068359 245.8803482055664 528.0177612304688 245.8803482055664
524.5172729492188 179.3787841796875 547.328031539917 179.3787841796875 547.328031539917 245.90989685058594 524.5172729492188 245.90989685058594
518.1533203125 176.62576293945312 540.705249786377 176.62576293945312 540.705249786377 242.40196228027344 518.1533203125 242.40196228027344
513.3165893554688 176.5108184814453 535.9009037017822 176.5108184814453 535.9009037017822 242.3814697265625 513.3165893554688 242.3814697265625
509.1632385253906 176.37852478027344 531.3409385681152 176.37852478027344 531.3409385681152 241.06322479248047 509.1632385253906 241.06322479248047
505.74530029296875 175.12496948242188 527.6708106994629 175.12496948242188 527.6708106994629 239.0741195678711 505.74530029296875 239.0741195678711
503.9789123535156 176.65771484375 525.7362632751465 176.65771484375 525.7362632751465 240.11640548706055 503.9789123535156 240.11640548706055
502.92034912109375 175.58773803710938 524.8853168487549 175.58773803710938 524.8853168487549 239.65196990966797 502.92034912109375 239.65196990966797
501.07550048828125 176.8406524658203 522.8352088928223 176.8406524658203 522.8352088928223 240.30620574951172 501.07550048828125 240.30620574951172
499.259765625 176.35499572753906 521.1396923065186 176.35499572753906 521.1396923065186 240.17118072509766 499.259765625 240.17118072509766
496.8177795410156 177.60513305664062 518.5509395599365 177.60513305664062 518.5509395599365 240.99325561523438 496.8177795410156 240.99325561523438
493.3692932128906 177.0982666015625 514.9236087799072 177.0982666015625 514.9236087799072 239.96475982666016 493.3692932128906 239.96475982666016
490.507080078125 177.62295532226562 512.1591949462891 177.62295532226562 512.1591949462891 240.77468872070312 490.507080078125 240.77468872070312
488.59234619140625 179.47528076171875 510.02989768981934 179.47528076171875 510.02989768981934 242.00120162963867 488.59234619140625 242.00120162963867
487.40118408203125 178.77359008789062 509.14059829711914 178.77359008789062 509.14059829711914 242.17993927001953 487.40118408203125 242.17993927001953
486.0755310058594 177.79290771484375 507.7099380493164 177.79290771484375 507.7099380493164 240.89299392700195 486.0755310058594 240.89299392700195
483.88824462890625 177.96713256835938 505.53458976745605 177.96713256835938 505.53458976745605 241.10204315185547 483.88824462890625 241.10204315185547
481.6973571777344 178.0669708251953 503.07015800476074 178.0669708251953 503.07015800476074 240.40404510498047 481.6973571777344 240.40404510498047
479.805419921875 180.13119506835938 501.1827564239502 180.13119506835938 501.1827564239502 242.48149490356445 479.805419921875 242.48149490356445
475.9111328125 179.3987579345703 497.4772529602051 179.3987579345703 497.4772529602051 242.29967498779297 475.9111328125 242.29967498779297
471.179931640625 180.45559692382812 492.6918144226074 180.45559692382812 492.6918144226074 243.19832229614258 471.179931640625 243.19832229614258
464.90142822265625 181.47894287109375 486.2822971343994 181.47894287109375 486.2822971343994 243.83954620361328 464.90142822265625 243.83954620361328
458.9830017089844 182.16207885742188 480.3420925140381 182.16207885742188 480.3420925140381 244.45915985107422 458.9830017089844 244.45915985107422
452.80853271484375 180.27334594726562 474.3845806121826 180.27334594726562 474.3845806121826 243.20321655273438 452.80853271484375 243.20321655273438
451.03887939453125 181.01119995117188 472.22987937927246 181.01119995117188 472.22987937927246 242.8180160522461 451.03887939453125 242.8180160522461
448.53973388671875 180.1884307861328 469.8574981689453 180.1884307861328 469.8574981689453 242.3649673461914 448.53973388671875 242.3649673461914
445.3035583496094 178.80831909179688 466.460844039917 178.80831909179688 466.460844039917 240.51679611206055 445.3035583496094 240.51679611206055
442.49652099609375 178.4388885498047 463.8924045562744 178.4388885498047 463.8924045562744 240.84326934814453 442.49652099609375 240.84326934814453
440.66876220703125 179.2527618408203 461.63184547424316 179.2527618408203 461.63184547424316 240.39481353759766 440.66876220703125 240.39481353759766
438.91815185546875 180.51898193359375 459.9241580963135 180.51898193359375 459.9241580963135 241.78622436523438 438.91815185546875 241.78622436523438
436.904296875 179.9035186767578 458.5354976654053 179.9035186767578 458.5354976654053 242.9942398071289 436.904296875 242.9942398071289
435.2494201660156 178.582763671875 456.9014701843262 178.582763671875 456.9014701843262 241.73429107666016 435.2494201660156 241.73429107666016
432.5831604003906 182.0655517578125 454.2685852050781 182.0655517578125 454.2685852050781 245.31442260742188 432.5831604003906 245.31442260742188
430.30816650390625 182.77650451660156 452.0000534057617 182.77650451660156 452.0000534057617 246.0442237854004 430.30816650390625 246.0442237854004
426.2288513183594 182.244140625 447.7868995666504 182.244140625 447.7868995666504 245.12150192260742 426.2288513183594 245.12150192260742
420.670166015625 182.2700653076172 442.2160129547119 182.2700653076172 442.2160129547119 245.1118392944336 420.670166015625 245.1118392944336
415.73345947265625 185.41635131835938 437.2470302581787 185.41635131835938 437.2470302581787 248.16399383544922 415.73345947265625 248.16399383544922
410.10943603515625 185.23597717285156 431.09261894226074 185.23597717285156 431.09261894226074 246.43666076660156 410.10943603515625 246.43666076660156
406.21124267578125 184.2036590576172 427.0996208190918 184.2036590576172 427.0996208190918 245.12783432006836 406.21124267578125 245.12783432006836
404.39471435546875 186.3567657470703 425.2194652557373 186.3567657470703 425.2194652557373 247.09536361694336 404.39471435546875 247.09536361694336
402.87969970703125 186.5879669189453 423.8022918701172 186.5879669189453 423.8022918701172 247.61193466186523 402.87969970703125 247.61193466186523
402.4385986328125 186.4455108642578 423.2998695373535 186.4455108642578 423.2998695373535 247.29062271118164 402.4385986328125 247.29062271118164
400.93951416015625 186.82666015625 421.89004707336426 186.82666015625 421.89004707336426 247.9321174621582 400.93951416015625 247.9321174621582
400.68560791015625 187.3906707763672 421.641658782959 187.3906707763672 421.641658782959 248.51221466064453 400.68560791015625 248.51221466064453
398.03533935546875 186.5272979736328 418.6408882141113 186.5272979736328 418.6408882141113 246.6265525817871 398.03533935546875 246.6265525817871
396.5209045410156 186.88072204589844 417.04886054992676 186.88072204589844 417.04886054992676 246.75366592407227 396.5209045410156 246.75366592407227
396.60662841796875 187.06521606445312 417.0049743652344 187.06521606445312 417.0049743652344 246.56013107299805 396.60662841796875 246.56013107299805
397.3815612792969 188.4445343017578 417.6965522766113 188.4445343017578 417.6965522766113 247.69632720947266 397.3815612792969 247.69632720947266
396.94049072265625 187.41098022460938 416.99962425231934 187.41098022460938 416.99962425231934 245.9165267944336 396.94049072265625 245.9165267944336
396.31494140625 187.89051818847656 416.7825107574463 187.89051818847656 416.7825107574463 247.5873260498047 396.31494140625 247.5873260498047
396.1064453125 186.8028564453125 416.4248905181885 186.8028564453125 416.4248905181885 246.0647201538086 396.1064453125 246.0647201538086
396.01885986328125 187.26974487304688 416.2809009552002 187.26974487304688 416.2809009552002 246.36710357666016 396.01885986328125 246.36710357666016
395.97222900390625 188.08975219726562 416.65887451171875 188.08975219726562 416.65887451171875 248.42552947998047 395.97222900390625 248.42552947998047
396.35894775390625 188.23568725585938 417.02538108825684 188.23568725585938 417.02538108825684 248.51251983642578 396.35894775390625 248.51251983642578
396.2054443359375 187.88946533203125 416.8665580749512 187.88946533203125 416.8665580749512 248.1507797241211 396.2054443359375 248.1507797241211
397.56854248046875 189.91180419921875 418.0309753417969 189.91180419921875 418.0309753417969 249.59363555908203 397.56854248046875 249.59363555908203
397.8057556152344 191.61968994140625 418.221134185791 191.61968994140625 418.221134185791 251.16427612304688 397.8057556152344 251.16427612304688
396.8878479003906 191.07969665527344 417.3545398712158 191.07969665527344 417.3545398712158 250.7739486694336 396.8878479003906 250.7739486694336
395.38995361328125 192.177001953125 415.6665554046631 192.177001953125 415.6665554046631 251.31682205200195 395.38995361328125 251.31682205200195
391.2840576171875 190.0819549560547 411.70610427856445 190.0819549560547 411.70610427856445 249.64598083496094 391.2840576171875 249.64598083496094
389.9385070800781 191.42762756347656 410.0603675842285 191.42762756347656 410.0603675842285 250.11611557006836 389.9385070800781 250.11611557006836
388.04254150390625 192.1280517578125 408.24491119384766 192.1280517578125 408.24491119384766 251.05135345458984 388.04254150390625 251.05135345458984
386.5410461425781 191.84173583984375 406.46873474121094 191.84173583984375 406.46873474121094 249.9638900756836 386.5410461425781 249.9638900756836
386.0077209472656 191.65908813476562 405.76867485046387 191.65908813476562 405.76867485046387 249.2949333190918 386.0077209472656 249.2949333190918
386.7040710449219 190.1394500732422 406.7587776184082 190.1394500732422 406.7587776184082 248.63206481933594 386.7040710449219 248.63206481933594
384.8077392578125 191.1988067626953 404.8314609527588 191.1988067626953 404.8314609527588 249.6010513305664 384.8077392578125 249.6010513305664
382.275634765625 190.68846130371094 402.2669448852539 190.68846130371094 402.2669448852539 248.9961700439453 382.275634765625 248.9961700439453
380.5604553222656 190.32858276367188 400.4275722503662 190.32858276367188 400.4275722503662 248.27406692504883 380.5604553222656 248.27406692504883
380.15374755859375 190.44415283203125 399.8463554382324 190.44415283203125 399.8463554382324 247.88065338134766 380.15374755859375 247.88065338134766
378.9533996582031 190.0584259033203 398.79601097106934 190.0584259033203 398.79601097106934 247.93243789672852 378.9533996582031 247.93243789672852
377.20965576171875 190.42898559570312 397.1744041442871 190.42898559570312 397.1744041442871 248.65923309326172 377.20965576171875 248.65923309326172
376.7823181152344 190.54776000976562 396.41904067993164 190.54776000976562 396.41904067993164 247.82126998901367 376.7823181152344 247.82126998901367
376.4648742675781 195.01023864746094 395.9708023071289 195.01023864746094 395.9708023071289 251.9022674560547 376.4648742675781 251.9022674560547
376.52886962890625 193.35464477539062 396.0606746673584 193.35464477539062 396.0606746673584 250.3221549987793 376.52886962890625 250.3221549987793
376.3846130371094 192.7107696533203 395.6682472229004 192.7107696533203 395.6682472229004 248.95445251464844 376.3846130371094 248.95445251464844
376.32415771484375 194.30596923828125 395.4615058898926 194.30596923828125 395.4615058898926 250.12297821044922 376.32415771484375 250.12297821044922
375.67303466796875 194.58837890625 395.10366439819336 194.58837890625 395.10366439819336 251.26079177856445 375.67303466796875 251.26079177856445
375.0863342285156 193.93243408203125 394.9071235656738 193.93243408203125 394.9071235656738 251.7428092956543 375.0863342285156 251.7428092956543
374.30419921875 194.9655303955078 394.4735527038574 194.9655303955078 394.4735527038574 253.79254913330078 374.30419921875 253.79254913330078
373.72015380859375 193.48129272460938 393.8692150115967 193.48129272460938 393.8692150115967 252.24912643432617 373.72015380859375 252.24912643432617
371.9510498046875 193.19754028320312 391.94555854797363 193.19754028320312 391.94555854797363 251.51459884643555 371.9510498046875 251.51459884643555
369.0684509277344 191.2337646484375 389.36116790771484 191.2337646484375 389.36116790771484 250.42059326171875 369.0684509277344 250.42059326171875
366.60540771484375 190.23953247070312 386.9768371582031 190.23953247070312 386.9768371582031 249.65593719482422 366.60540771484375 249.65593719482422
365.5462646484375 186.2299041748047 385.58242416381836 186.2299041748047 385.58242416381836 244.66844940185547 365.5462646484375 244.66844940185547
365.16796875 186.23037719726562 385.8345184326172 186.23037719726562 385.8345184326172 246.50754928588867 365.16796875 246.50754928588867
365.06170654296875 185.7747344970703 385.8052062988281 185.7747344970703 385.8052062988281 246.2763442993164 365.06170654296875 246.2763442993164
363.67010498046875 185.09510803222656 384.64464950561523 185.09510803222656 384.64464950561523 246.2705955505371 363.67010498046875 246.2705955505371
361.40106201171875 184.79783630371094 382.2875747680664 184.79783630371094 382.2875747680664 245.71656036376953 361.40106201171875 245.71656036376953
359.8628845214844 185.82334899902344 380.70266342163086 185.82334899902344 380.70266342163086 246.60577011108398 359.8628845214844 246.60577011108398
356.40399169921875 185.5666046142578 377.35778427124023 185.5666046142578 377.35778427124023 246.68155670166016 356.40399169921875 246.68155670166016
356.0863037109375 185.38345336914062 377.14172172546387 185.38345336914062 377.14172172546387 246.7948112487793 356.0863037109375 246.7948112487793
354.3487854003906 186.06082153320312 375.39476013183594 186.06082153320312 375.39476013183594 247.44463348388672 354.3487854003906 247.44463348388672
353.5689392089844 187.04660034179688 374.56957244873047 187.04660034179688 374.56957244873047 248.29816436767578 353.5689392089844 248.29816436767578
348.51898193359375 187.63108825683594 369.39431953430176 187.63108825683594 369.39431953430176 248.51720809936523 348.51898193359375 248.51720809936523
344.4485778808594 188.1649932861328 365.20583724975586 188.1649932861328 365.20583724975586 248.70671844482422 344.4485778808594 248.70671844482422
337.75439453125 189.2652130126953 358.43334579467773 189.2652130126953 358.43334579467773 249.5785369873047 337.75439453125 249.5785369873047
328.98809814453125 189.48831176757812 349.634090423584 189.48831176757812 349.634090423584 249.70549774169922 328.98809814453125 249.70549774169922
320.3147888183594 190.55517578125 340.92761993408203 190.55517578125 340.92761993408203 250.67564010620117 320.3147888183594 250.67564010620117
318.0322570800781 190.8887176513672 338.4620418548584 190.8887176513672 338.4620418548584 250.47530364990234 318.0322570800781 250.47530364990234
317.39752197265625 189.41151428222656 337.78762435913086 189.41151428222656 337.78762435913086 248.8823585510254 317.39752197265625 248.8823585510254
319.2037353515625 191.49986267089844 339.2484016418457 191.49986267089844 339.2484016418457 249.96319198608398 319.2037353515625 249.96319198608398
319.49298095703125 192.2395477294922 339.17975425720215 192.2395477294922 339.17975425720215 249.6590347290039 319.49298095703125 249.6590347290039
319.66839599609375 193.20535278320312 339.3955268859863 193.20535278320312 339.3955268859863 250.74254608154297 319.66839599609375 250.74254608154297
319.1241455078125 192.02198791503906 339.264856338501 192.02198791503906 339.264856338501 250.76544952392578 319.1241455078125 250.76544952392578
319.0238037109375 193.250732421875 339.11951065063477 193.250732421875 339.11951065063477 251.86293411254883 319.0238037109375 251.86293411254883
318.48577880859375 192.74923706054688 338.83002853393555 192.74923706054688 338.83002853393555 252.08635330200195 318.48577880859375 252.08635330200195
317.4275207519531 192.10275268554688 337.8192710876465 192.10275268554688 337.8192710876465 251.57841110229492 317.4275207519531 251.57841110229492
317.63287353515625 192.11648559570312 337.5812873840332 192.11648559570312 337.5812873840332 250.29909133911133 317.63287353515625 250.29909133911133
316.22247314453125 192.15090942382812 336.3829936981201 192.15090942382812 336.3829936981201 250.9521598815918 316.22247314453125 250.9521598815918
314.6683654785156 191.13735961914062 335.019100189209 191.13735961914062 335.019100189209 250.49340057373047 314.6683654785156 250.49340057373047
314.52239990234375 189.2860565185547 334.8410396575928 189.2860565185547 334.8410396575928 248.54848861694336 314.52239990234375 248.54848861694336
314.3834533691406 190.25863647460938 334.6180839538574 190.25863647460938 334.6180839538574 249.27604293823242 314.3834533691406 249.27604293823242
314.13348388671875 190.33700561523438 334.59731674194336 190.33700561523438 334.59731674194336 250.02291107177734 314.13348388671875 250.02291107177734
313.8879089355469 191.05343627929688 334.14047622680664 191.05343627929688 334.14047622680664 250.12314987182617 313.8879089355469 250.12314987182617
310.77545166015625 191.12936401367188 330.90180587768555 191.12936401367188 330.90180587768555 249.8309555053711 310.77545166015625 249.8309555053711
307.0102233886719 191.6435546875 327.1512336730957 191.6435546875 327.1512336730957 250.38789749145508 307.0102233886719 250.38789749145508
299.9028625488281 190.58462524414062 320.39767837524414 190.58462524414062 320.39767837524414 250.36089324951172 299.9028625488281 250.36089324951172
296.21539306640625 191.96383666992188 316.6223392486572 191.96383666992188 316.6223392486572 251.48381805419922 296.21539306640625 251.48381805419922
292.64984130859375 192.232177734375 313.0894432067871 192.232177734375 313.0894432067871 251.8474006652832 292.64984130859375 251.8474006652832
288.37481689453125 192.90274047851562 308.60736656188965 192.90274047851562 308.60736656188965 251.91407012939453 288.37481689453125 251.91407012939453
284.88751220703125 192.55245971679688 305.41254806518555 192.55245971679688 305.41254806518555 252.41686248779297 284.88751220703125 252.41686248779297
283.6668395996094 191.3341827392578 304.4270763397217 191.3341827392578 304.4270763397217 251.88458633422852 283.6668395996094 251.88458633422852
282.87738037109375 193.49508666992188 303.2118721008301 193.49508666992188 303.2118721008301 252.80374145507812 282.87738037109375 252.80374145507812
281.31085205078125 196.489990234375 301.48760986328125 196.489990234375 301.48760986328125 255.33858489990234 281.31085205078125 255.33858489990234
278.989501953125 193.4160614013672 299.45274925231934 193.4160614013672 299.45274925231934 253.1002540588379 278.989501953125 253.1002540588379
276.2933654785156 194.38186645507812 296.54558181762695 194.38186645507812 296.54558181762695 253.45055389404297 276.2933654785156 253.45055389404297
274.20220947265625 195.3440704345703 294.26601219177246 195.3440704345703 294.26601219177246 253.86322402954102 274.20220947265625 253.86322402954102
268.15863037109375 196.67787170410156 287.89505767822266 196.67787170410156 287.89505767822266 254.24218368530273 268.15863037109375 254.24218368530273
262.66778564453125 197.2135009765625 282.3164882659912 197.2135009765625 282.3164882659912 254.5219497680664 262.66778564453125 254.5219497680664
257.9767761230469 196.31069946289062 277.76710319519043 196.31069946289062 277.76710319519043 254.03221893310547 257.9767761230469 254.03221893310547
255.1660614013672 197.2103271484375 275.10448837280273 197.2103271484375 275.10448837280273 255.36380004882812 255.1660614013672 255.36380004882812
253.5319061279297 196.83407592773438 273.1642875671387 196.83407592773438 273.1642875671387 254.09491729736328 253.5319061279297 254.09491729736328
251.77468872070312 197.6295166015625 271.26713943481445 197.6295166015625 271.26713943481445 254.48222732543945 251.77468872070312 254.48222732543945
250.6463623046875 198.967529296875 269.7599754333496 198.967529296875 269.7599754333496 254.71530151367188 250.6463623046875 254.71530151367188
248.42843627929688 199.66925048828125 267.56237983703613 199.66925048828125 267.56237983703613 255.476318359375 248.42843627929688 255.476318359375
247.2698516845703 199.196044921875 266.5376682281494 199.196044921875 266.5376682281494 255.39357376098633 247.2698516845703 255.39357376098633
245.3066864013672 199.5521697998047 264.83763122558594 199.5521697998047 264.83763122558594 256.5171546936035 245.3066864013672 256.5171546936035
242.436279296875 197.92025756835938 262.41260719299316 197.92025756835938 262.41260719299316 256.18426513671875 242.436279296875 256.18426513671875
239.02316284179688 198.07574462890625 259.12912940979004 198.07574462890625 259.12912940979004 256.7178649902344 239.02316284179688 256.7178649902344
235.070068359375 198.0028839111328 255.50429153442383 198.0028839111328 255.50429153442383 257.60241317749023 235.070068359375 257.60241317749023
229.4425506591797 198.5528564453125 249.84848976135254 198.5528564453125 249.84848976135254 258.06988525390625 229.4425506591797 258.06988525390625
224.6987762451172 198.08953857421875 245.13440895080566 198.08953857421875 245.13440895080566 257.69317626953125 224.6987762451172 257.69317626953125
222.00698852539062 198.36911010742188 242.48633766174316 198.36911010742188 242.48633766174316 258.1002502441406 222.00698852539062 258.1002502441406
219.24560546875 198.8577117919922 239.65412521362305 198.8577117919922 239.65412521362305 258.3822708129883 219.24560546875 258.3822708129883
216.310546875 200.68069458007812 236.75134658813477 200.68069458007812 236.75134658813477 260.29940032958984 216.310546875 260.29940032958984
212.4397735595703 198.66542053222656 233.0552158355713 198.66542053222656 233.0552158355713 258.79349517822266 212.4397735595703 258.79349517822266
209.31533813476562 200.15969848632812 230.4247531890869 200.15969848632812 230.4247531890869 261.72852325439453 209.31533813476562 261.72852325439453
204.34713745117188 197.95126342773438 225.5915241241455 197.95126342773438 225.5915241241455 259.9137496948242 204.34713745117188 259.9137496948242
200.73855590820312 196.7879638671875 221.91959762573242 196.7879638671875 221.91959762573242 258.5656929016113 200.73855590820312 258.5656929016113
196.28713989257812 199.27606201171875 217.46441268920898 199.27606201171875 217.46441268920898 261.0428047180176 196.28713989257812 261.0428047180176
191.87799072265625 197.0515899658203 213.1383285522461 197.0515899658203 213.1383285522461 259.060604095459 191.87799072265625 259.060604095459
189.38803100585938 198.19290161132812 210.4659767150879 198.19290161132812 210.4659767150879 259.6699409484863 189.38803100585938 259.6699409484863
186.61044311523438 198.2598876953125 207.51845169067383 198.2598876953125 207.51845169067383 259.24127197265625 186.61044311523438 259.24127197265625
181.9043426513672 197.59628295898438 202.59339714050293 197.59628295898438 202.59339714050293 257.93904876708984 181.9043426513672 257.93904876708984
175.92019653320312 199.66128540039062 196.66687965393066 199.66128540039062 196.66687965393066 260.17212677001953 175.92019653320312 260.17212677001953
167.70484924316406 198.9176483154297 188.51565551757812 198.9176483154297 188.51565551757812 259.6155128479004 167.70484924316406 259.6155128479004
160.42750549316406 198.65841674804688 181.31365776062012 198.65841674804688 181.31365776062012 259.57604217529297 160.42750549316406 259.57604217529297
151.7218475341797 196.8119354248047 172.91216278076172 196.8119354248047 172.91216278076172 258.61669540405273 151.7218475341797 258.61669540405273
142.94361877441406 196.93182373046875 163.94783401489258 196.93182373046875 163.94783401489258 258.1937942504883 142.94361877441406 258.1937942504883
134.4648895263672 196.99838256835938 155.70297813415527 196.99838256835938 155.70297813415527 258.9424743652344 134.4648895263672 258.9424743652344
127.2745590209961 194.58447265625 148.29883003234863 194.58447265625 148.29883003234863 255.9049301147461 127.2745590209961 255.9049301147461
121.9256591796875 198.07211303710938 143.17339324951172 198.07211303710938 143.17339324951172 260.0443305969238 121.9256591796875 260.0443305969238
114.06807708740234 198.35763549804688 135.0810604095459 198.35763549804688 135.0810604095459 259.6451644897461 114.06807708740234 259.6451644897461
107.26225280761719 195.92713928222656 128.14795875549316 195.92713928222656 128.14795875549316 256.8434410095215 107.26225280761719 256.8434410095215
101.86336517333984 198.2123565673828 122.87290573120117 198.2123565673828 122.87290573120117 259.48984146118164 101.86336517333984 259.48984146118164
97.2072525024414 197.52914428710938 118.24334335327148 197.52914428710938 118.24334335327148 258.8840637207031 97.2072525024414 258.8840637207031
92.88380432128906 195.94114685058594 113.78583717346191 195.94114685058594 113.78583717346191 256.90506744384766 92.88380432128906 256.90506744384766
89.20906829833984 197.3998565673828 109.97272300720215 197.3998565673828 109.97272300720215 257.9601821899414 89.20906829833984 257.9601821899414
85.29864501953125 195.79122924804688 106.45161437988281 195.79122924804688 106.45161437988281 257.48705291748047 85.29864501953125 257.48705291748047
80.717041015625 196.34445190429688 101.87186050415039 196.34445190429688 101.87186050415039 258.0456733703613 80.717041015625 258.0456733703613
75.53955841064453 194.83656311035156 96.83384895324707 194.83656311035156 96.83384895324707 256.94457244873047 75.53955841064453 256.94457244873047
70.36653137207031 195.85098266601562 91.57732009887695 195.85098266601562 91.57732009887695 257.71544647216797 70.36653137207031 257.71544647216797
64.14923095703125 197.74815368652344 85.2611198425293 197.74815368652344 85.2611198425293 259.3241653442383 64.14923095703125 259.3241653442383
57.74220657348633 192.32125854492188 79.19587707519531 192.32125854492188 79.19587707519531 254.89413452148438 57.74220657348633 254.89413452148438
51.8152961730957 197.36338806152344 73.59469985961914 197.36338806152344 73.59469985961914 260.88631439208984 51.8152961730957 260.88631439208984
46.797698974609375 195.8841094970703 68.66186332702637 195.8841094970703 68.66186332702637 259.6542625427246 46.797698974609375 259.6542625427246
42.814857482910156 193.35317993164062 64.93746566772461 193.35317993164062 64.93746566772461 257.8771209716797 42.814857482910156 257.8771209716797
37.21694564819336 194.82235717773438 59.679473876953125 194.82235717773438 59.679473876953125 260.3377227783203 37.21694564819336 260.3377227783203
31.52850914001465 191.54806518554688 53.57016563415527 191.54806518554688 53.57016563415527 255.8358917236328 31.52850914001465 255.8358917236328
27.04905128479004 190.4634552001953 48.91103935241699 190.4634552001953 48.91103935241699 254.22724151611328 27.04905128479004 254.22724151611328
20.44524383544922 191.58026123046875 42.439252853393555 191.58026123046875 42.439252853393555 255.72911071777344 20.44524383544922 255.72911071777344
14.196451187133789 192.8626251220703 36.37437438964844 192.8626251220703 36.37437438964844 257.54788970947266 14.196451187133789 257.54788970947266
7.030594825744629 190.164306640625 29.208849906921387 190.164306640625 29.208849906921387 254.8505401611328 7.030594825744629 254.8505401611328
1.2774156332015991 190.7274627685547 23.154448866844177 190.7274627685547 23.154448866844177 254.53514099121094 1.2774156332015991 254.53514099121094
0.0 195.7211151123047 21.075260162353516 195.7211151123047 21.075260162353516 257.19030380249023 0.0 257.19030380249023
0.7104591131210327 191.0901336669922 21.602524161338806 191.0901336669922 21.602524161338806 252.0250015258789 0.7104591131210327 252.0250015258789
0.0 190.2429656982422 20.791156768798828 190.2429656982422 20.791156768798828 250.88351821899414 0.0 250.88351821899414
2.5373754501342773 188.9154815673828 23.386469841003418 188.9154815673828 23.386469841003418 249.72501373291016 2.5373754501342773 249.72501373291016
2.493407726287842 188.12835693359375 23.38277006149292 188.12835693359375 23.38277006149292 249.05533981323242 2.493407726287842 249.05533981323242
10.605053901672363 197.71981811523438 31.69473361968994 197.71981811523438 31.69473361968994 259.2310562133789 10.605053901672363 259.2310562133789
7.939416408538818 199.38890075683594 29.006200313568115 199.38890075683594 29.006200313568115 260.8333511352539 7.939416408538818 260.8333511352539
9.204145431518555 193.56375122070312 30.078168869018555 193.56375122070312 30.078168869018555 254.44598388671875 9.204145431518555 254.44598388671875
33.72827911376953 253.27102661132812 54.95180130004883 253.27102661132812 54.95180130004883 315.1726264953613 33.72827911376953 315.1726264953613
20.693984985351562 256.46148681640625 42.06343460083008 256.46148681640625 42.06343460083008 318.7887077331543 20.693984985351562 318.7887077331543
53.96955490112305 260.33135986328125 75.07348251342773 260.33135986328125 75.07348251342773 321.88414764404297 53.96955490112305 321.88414764404297
113.23885345458984 222.9806365966797 134.6772232055664 222.9806365966797 134.6772232055664 285.5088768005371 113.23885345458984 285.5088768005371
142.98619079589844 251.7346649169922 164.57902908325195 251.7346649169922 164.57902908325195 314.713436126709 142.98619079589844 314.713436126709
140.6311798095703 253.0859375 162.0340404510498 253.0859375 162.0340404510498 315.5106086730957 140.6311798095703 315.5106086730957
170.75015258789062 249.55270385742188 192.1791820526123 249.55270385742188 192.1791820526123 312.05370330810547 170.75015258789062 312.05370330810547
191.2614288330078 246.00997924804688 213.1276454925537 246.00997924804688 213.1276454925537 309.7861022949219 191.2614288330078 309.7861022949219
179.30572509765625 251.017333984375 201.43471908569336 251.017333984375 201.43471908569336 315.5598907470703 179.30572509765625 315.5598907470703
179.30044555664062 249.47634887695312 201.30743408203125 249.47634887695312 201.30743408203125 313.6630630493164 179.30044555664062 313.6630630493164
164.60659790039062 251.18350219726562 186.78121376037598 251.18350219726562 186.78121376037598 315.85912322998047 164.60659790039062 315.85912322998047
171.72064208984375 246.22189331054688 194.09968185424805 246.22189331054688 194.09968185424805 311.4937438964844 171.72064208984375 311.4937438964844
185.76687622070312 244.774169921875 208.1221580505371 244.774169921875 208.1221580505371 309.9767303466797 185.76687622070312 309.9767303466797
198.57716369628906 242.9573211669922 221.1035327911377 242.9573211669922 221.1035327911377 308.6588821411133 198.57716369628906 308.6588821411133
227.074951171875 234.2680206298828 249.60863876342773 234.2680206298828 249.60863876342773 299.9909210205078 227.074951171875 299.9909210205078
257.8788757324219 226.2247772216797 280.5170783996582 226.2247772216797 280.5170783996582 292.2525100708008 257.8788757324219 292.2525100708008
281.7817687988281 176.15542602539062 304.09080696105957 176.15542602539062 304.09080696105957 241.2230987548828 281.7817687988281 241.2230987548828
269.03173828125 169.21719360351562 291.1710433959961 169.21719360351562 291.1710433959961 233.78981018066406 269.03173828125 233.78981018066406
260.4090576171875 169.29698181152344 282.36145782470703 169.29698181152344 282.36145782470703 233.324462890625 260.4090576171875 233.324462890625
258.2071838378906 170.96212768554688 279.5801753997803 170.96212768554688 279.5801753997803 233.29967498779297 258.2071838378906 233.29967498779297
254.81088256835938 171.46749877929688 276.095401763916 171.46749877929688 276.095401763916 233.54700469970703 254.81088256835938 233.54700469970703
252.06472778320312 171.89761352539062 273.12926292419434 171.89761352539062 273.12926292419434 233.33550262451172 252.06472778320312 233.33550262451172
252.04248046875 171.42469787597656 272.816614151001 171.42469787597656 272.816614151001 232.01558685302734 252.04248046875 232.01558685302734
249.9406280517578 171.6849822998047 270.56914138793945 171.6849822998047 270.56914138793945 231.8511505126953 249.9406280517578 231.8511505126953
247.4528350830078 170.23207092285156 268.2881278991699 170.23207092285156 268.2881278991699 231.00134658813477 247.4528350830078 231.00134658813477
245.8397979736328 170.6601104736328 266.65161514282227 170.6601104736328 266.65161514282227 231.36092376708984 245.8397979736328 231.36092376708984
244.65365600585938 172.22689819335938 265.4792995452881 172.22689819335938 265.4792995452881 232.96803665161133 244.65365600585938 232.96803665161133
242.45193481445312 172.41452026367188 262.8988265991211 172.41452026367188 262.8988265991211 232.05097579956055 242.45193481445312 232.05097579956055
239.854248046875 171.70310974121094 260.7511100769043 171.70310974121094 260.7511100769043 232.65197372436523 239.854248046875 232.65197372436523
237.041015625 171.7452392578125 258.16558837890625 171.7452392578125 258.16558837890625 233.3582534790039 237.041015625 233.3582534790039
234.24349975585938 171.88160705566406 255.47955703735352 171.88160705566406 255.47955703735352 233.8197784423828 234.24349975585938 233.8197784423828
230.492919921875 172.7955780029297 251.43665504455566 172.7955780029297 251.43665504455566 233.8811492919922 230.492919921875 233.8811492919922
226.7012939453125 173.85067749023438 247.75299453735352 173.85067749023438 247.75299453735352 235.25114059448242 226.7012939453125 235.25114059448242
222.5817108154297 172.18116760253906 243.78886795043945 172.18116760253906 243.78886795043945 234.03504180908203 222.5817108154297 234.03504180908203
218.67416381835938 173.24777221679688 239.5552101135254 173.24777221679688 239.5552101135254 234.15049362182617 218.67416381835938 234.15049362182617
212.77099609375 175.8941192626953 233.3043556213379 175.8941192626953 233.3043556213379 235.7827606201172 212.77099609375 235.7827606201172
207.6086883544922 175.48870849609375 227.75941848754883 175.48870849609375 227.75941848754883 234.2613525390625 207.6086883544922 234.2613525390625
202.67176818847656 176.29673767089844 222.70974349975586 176.29673767089844 222.70974349975586 234.74051666259766 202.67176818847656 234.74051666259766
197.87351989746094 176.27793884277344 217.82821464538574 176.27793884277344 217.82821464538574 234.47881698608398 197.87351989746094 234.47881698608398
193.19247436523438 177.5552215576172 212.75408554077148 177.5552215576172 212.75408554077148 234.60960388183594 193.19247436523438 234.60960388183594
188.53231811523438 177.0218048095703 207.98726272583008 177.0218048095703 207.98726272583008 233.76507949829102 188.53231811523438 233.76507949829102
186.2532958984375 175.95675659179688 205.69133377075195 175.95675659179688 205.69133377075195 232.65071487426758 186.2532958984375 232.65071487426758
182.55923461914062 175.96473693847656 202.06448364257812 175.96473693847656 202.06448364257812 232.85472869873047 182.55923461914062 232.85472869873047
179.6394805908203 175.93002319335938 199.20273971557617 175.93002319335938 199.20273971557617 232.98920822143555 179.6394805908203 232.98920822143555
177.12124633789062 176.78005981445312 196.49822616577148 176.78005981445312 196.49822616577148 233.29593658447266 177.12124633789062 233.29593658447266
175.17254638671875 177.54566955566406 194.31242561340332 177.54566955566406 194.31242561340332 233.37000274658203 175.17254638671875 233.37000274658203
172.11895751953125 177.34927368164062 190.96332359313965 177.34927368164062 190.96332359313965 232.31169891357422 172.11895751953125 232.31169891357422
167.7362518310547 175.818359375 186.61490440368652 175.818359375 186.61490440368652 230.88077926635742 167.7362518310547 230.88077926635742
161.83302307128906 177.83782958984375 180.64206314086914 177.83782958984375 180.64206314086914 232.69721221923828 161.83302307128906 232.69721221923828
156.7117462158203 180.15005493164062 175.0881748199463 180.15005493164062 175.0881748199463 233.74766159057617 156.7117462158203 233.74766159057617
148.4941864013672 180.3013153076172 166.82959365844727 180.3013153076172 166.82959365844727 233.77927017211914 148.4941864013672 233.77927017211914
142.82618713378906 182.1405792236328 161.0828685760498 182.1405792236328 161.0828685760498 235.38891220092773 142.82618713378906 235.38891220092773
138.64208984375 182.26296997070312 156.94789695739746 182.26296997070312 156.94789695739746 235.65459060668945 138.64208984375 235.65459060668945
136.23941040039062 180.11065673828125 154.50897216796875 180.11065673828125 154.50897216796875 233.39656448364258 136.23941040039062 233.39656448364258
132.986572265625 179.53359985351562 151.03709030151367 179.53359985351562 151.03709030151367 232.18063354492188 132.986572265625 232.18063354492188
131.42588806152344 181.1151123046875 149.49534225463867 181.1151123046875 149.49534225463867 233.81737518310547 131.42588806152344 233.81737518310547
129.8441619873047 179.0426025390625 148.10673904418945 179.0426025390625 148.10673904418945 232.30813598632812 129.8441619873047 232.30813598632812
128.1625518798828 182.52999877929688 146.21425247192383 182.52999877929688 146.21425247192383 235.18048095703125 128.1625518798828 235.18048095703125
126.37480163574219 180.8037109375 144.69063186645508 180.8037109375 144.69063186645508 234.22456741333008 126.37480163574219 234.22456741333008
121.94551849365234 182.5716552734375 140.08747482299805 182.5716552734375 140.08747482299805 235.48538208007812 121.94551849365234 235.48538208007812
118.73686218261719 179.8179931640625 137.1577091217041 179.8179931640625 137.1577091217041 233.5451431274414 118.73686218261719 233.5451431274414
113.91777038574219 179.86630249023438 132.2366428375244 179.86630249023438 132.2366428375244 233.29602813720703 113.91777038574219 233.29602813720703
108.334716796875 178.9886932373047 126.82230758666992 178.9886932373047 126.82230758666992 232.91050720214844 108.334716796875 232.91050720214844
102.5548095703125 178.65676879882812 120.92471694946289 178.65676879882812 120.92471694946289 232.2353401184082 102.5548095703125 232.2353401184082
97.746826171875 180.0438690185547 116.00263404846191 180.0438690185547 116.00263404846191 233.28965759277344 97.746826171875 233.28965759277344
92.29795837402344 180.0361785888672 110.6490306854248 180.0361785888672 110.6490306854248 233.55982208251953 92.29795837402344 233.55982208251953
87.37294006347656 181.45437622070312 105.69646644592285 181.45437622070312 105.69646644592285 234.89767456054688 87.37294006347656 234.89767456054688
84.19624328613281 180.94699096679688 102.48091697692871 180.94699096679688 102.48091697692871 234.27696990966797 84.19624328613281 234.27696990966797
80.89969635009766 180.21078491210938 99.00149917602539 180.21078491210938 99.00149917602539 233.00739669799805 80.89969635009766 233.00739669799805
75.41519927978516 180.51318359375 93.2496223449707 180.51318359375 93.2496223449707 232.52993774414062 75.41519927978516 232.52993774414062
69.0458984375 181.36068725585938 87.02054214477539 181.36068725585938 87.02054214477539 233.78641891479492 69.0458984375 233.78641891479492
61.658668518066406 181.13681030273438 79.40690231323242 181.13681030273438 79.40690231323242 232.90217971801758 61.658668518066406 232.90217971801758
53.743896484375 182.45437622070312 70.99128723144531 182.45437622070312 70.99128723144531 232.75896453857422 53.743896484375 232.75896453857422
45.30670166015625 182.39996337890625 62.45781135559082 182.39996337890625 62.45781135559082 232.42373275756836 45.30670166015625 232.42373275756836
38.88800048828125 183.69308471679688 56.026954650878906 183.69308471679688 56.026954650878906 233.68140411376953 38.88800048828125 233.68140411376953
32.363929748535156 183.8748321533203 49.45512580871582 183.8748321533203 49.45512580871582 233.72386169433594 32.363929748535156 233.72386169433594
24.853403091430664 180.53392028808594 41.89131164550781 180.53392028808594 41.89131164550781 230.22753524780273 24.853403091430664 230.22753524780273
16.681501388549805 183.06256103515625 33.97721290588379 183.06256103515625 33.97721290588379 233.50809478759766 16.681501388549805 233.50809478759766
8.72818374633789 182.52536010742188 26.085538864135742 182.52536010742188 26.085538864135742 233.15068435668945 8.72818374633789 233.15068435668945
1.5691306591033936 181.02947998046875 18.978440046310425 181.02947998046875 18.978440046310425 231.80633163452148 1.5691306591033936 231.80633163452148
0.0 182.11923217773438 16.806232452392578 182.11923217773438 16.806232452392578 231.13711547851562 0.0 231.13711547851562
7.024442195892334 183.66427612304688 24.101996898651123 183.66427612304688 24.101996898651123 233.47351455688477 7.024442195892334 233.47351455688477
9.662948608398438 181.7774658203125 26.434024810791016 181.7774658203125 26.434024810791016 230.69281768798828 9.662948608398438 230.69281768798828
37.68500518798828 178.33108520507812 54.27173614501953 178.33108520507812 54.27173614501953 226.7087631225586 37.68500518798828 226.7087631225586
81.16189575195312 188.95968627929688 97.83254623413086 188.95968627929688 97.83254623413086 237.58212661743164 81.16189575195312 237.58212661743164
72.20768737792969 192.7583770751953 89.05113410949707 192.7583770751953 89.05113410949707 241.88480758666992 72.20768737792969 241.88480758666992
64.7894287109375 192.55569458007812 81.63033676147461 192.55569458007812 81.63033676147461 241.6747283935547 64.7894287109375 241.6747283935547
58.50736618041992 192.14157104492188 75.34254264831543 192.14157104492188 75.34254264831543 241.24388885498047 58.50736618041992 241.24388885498047
54.71146774291992 190.2786865234375 71.4476375579834 190.2786865234375 71.4476375579834 239.09223556518555 54.71146774291992 239.09223556518555
52.842559814453125 190.4187469482422 69.45091438293457 190.4187469482422 69.45091438293457 238.85950088500977 52.842559814453125 238.85950088500977
53.140907287597656 192.09950256347656 69.51233291625977 192.09950256347656 69.51233291625977 239.8492202758789 53.140907287597656 239.8492202758789
51.487060546875 193.1889190673828 68.05094528198242 193.1889190673828 68.05094528198242 241.49997329711914 51.487060546875 241.49997329711914
50.27898025512695 192.63783264160156 66.73097610473633 192.63783264160156 66.73097610473633 240.6225471496582 50.27898025512695 240.6225471496582
49.32704544067383 192.52865600585938 65.57145309448242 192.52865600585938 65.57145309448242 239.90790939331055 49.32704544067383 239.90790939331055
48.86183166503906 191.1627960205078 65.14110946655273 191.1627960205078 65.14110946655273 238.6437530517578 48.86183166503906 238.6437530517578
45.752071380615234 191.83184814453125 62.032066345214844 191.83184814453125 62.032066345214844 239.31489944458008 45.752071380615234 239.31489944458008
38.954322814941406 192.4508819580078 55.17236137390137 192.4508819580078 55.17236137390137 239.75322723388672 38.954322814941406 239.75322723388672
29.431655883789062 192.53955078125 45.510183334350586 192.53955078125 45.510183334350586 239.43499374389648 29.431655883789062 239.43499374389648
16.10333251953125 191.2124481201172 32.262678146362305 191.2124481201172 32.262678146362305 238.34361267089844 16.10333251953125 238.34361267089844
5.015507698059082 190.47628784179688 21.311116218566895 190.47628784179688 21.311116218566895 238.00488662719727 5.015507698059082 238.00488662719727
22.950769424438477 183.34637451171875 39.08607292175293 183.34637451171875 39.08607292175293 230.40742111206055 22.950769424438477 230.40742111206055
18.03432846069336 177.7675018310547 34.38011932373047 177.7675018310547 34.38011932373047 225.44246292114258 18.03432846069336 225.44246292114258
4.831902980804443 178.665283203125 21.16804838180542 178.665283203125 21.16804838180542 226.3121109008789 4.831902980804443 226.3121109008789
13.629899978637695 178.2381591796875 29.738922119140625 178.2381591796875 29.738922119140625 225.2225456237793 13.629899978637695 225.2225456237793
60.9478759765625 158.76766967773438 77.06105995178223 158.76766967773438 77.06105995178223 205.76419830322266 60.9478759765625 205.76419830322266
62.06707000732422 163.36233520507812 78.31045150756836 163.36233520507812 78.31045150756836 210.73860549926758 62.06707000732422 210.73860549926758
61.396148681640625 165.328125 77.47176170349121 165.328125 77.47176170349121 212.2150764465332 61.396148681640625 212.2150764465332
56.670127868652344 165.34402465820312 72.67545890808105 165.34402465820312 72.67545890808105 212.0259895324707 56.670127868652344 212.0259895324707
50.65680694580078 165.7810821533203 66.69375991821289 165.7810821533203 66.69375991821289 212.55528259277344 50.65680694580078 212.55528259277344
45.91539001464844 162.6180419921875 63.04613494873047 162.6180419921875 63.04613494873047 206.33759307861328 45.91539001464844 206.33759307861328
37.94658660888672 166.43588256835938 54.607452392578125 166.43588256835938 54.607452392578125 215.02981567382812 37.94658660888672 215.02981567382812
28.712841033935547 163.9266357421875 45.882219314575195 163.9266357421875 45.882219314575195 210.47200393676758 28.712841033935547 210.47200393676758
19.80088233947754 163.82980346679688 37.153926849365234 163.82980346679688 37.153926849365234 209.0615463256836 19.80088233947754 209.0615463256836
9.688615798950195 164.11895751953125 26.832002639770508 164.11895751953125 26.832002639770508 210.80463027954102 9.688615798950195 210.80463027954102
0.6240355372428894 162.13966369628906 17.984907805919647 162.13966369628906 17.984907805919647 207.18288040161133 0.6240355372428894 207.18288040161133
3.3301868438720703 167.91036987304688 20.240943908691406 167.91036987304688 20.240943908691406 217.23315048217773 3.3301868438720703 217.23315048217773
26.24338150024414 178.6268768310547 43.03990173339844 178.6268768310547 43.03990173339844 227.61646270751953 26.24338150024414 227.61646270751953
33.87855911254883 172.54367065429688 50.56149864196777 172.54367065429688 50.56149864196777 221.20197677612305 33.87855911254883 221.20197677612305
34.711360931396484 165.81137084960938 51.386409759521484 165.81137084960938 51.386409759521484 214.44666290283203 34.711360931396484 214.44666290283203
26.652111053466797 171.40255737304688 43.106163024902344 171.40255737304688 43.106163024902344 219.39328002929688 26.652111053466797 219.39328002929688
20.274497985839844 172.12155151367188 36.75114822387695 172.12155151367188 36.75114822387695 220.17819213867188 20.274497985839844 220.17819213867188
13.758871078491211 168.4607391357422 30.303264617919922 168.4607391357422 30.303264617919922 216.71495819091797 13.758871078491211 216.71495819091797
0.19227199256420135 170.39144897460938 16.603212162852287 170.39144897460938 16.603212162852287 218.25643157958984 0.19227199256420135 218.25643157958984
13.266586303710938 186.86192321777344 29.605937957763672 186.86192321777344 29.605937957763672 234.5181007385254 13.266586303710938 234.5181007385254
61.27849197387695 186.6285858154297 77.37985038757324 186.6285858154297 77.37985038757324 233.5906219482422 61.27849197387695 233.5906219482422
83.03763580322266 191.81480407714844 99.23020935058594 191.81480407714844 99.23020935058594 239.04288482666016 83.03763580322266 239.04288482666016
76.6724624633789 192.38674926757812 92.67144012451172 192.38674926757812 92.67144012451172 239.05017852783203 76.6724624633789 239.05017852783203
71.41407775878906 190.45547485351562 87.56682395935059 190.45547485351562 87.56682395935059 237.5673942565918 71.41407775878906 237.5673942565918
71.25385284423828 190.4691162109375 87.33183670043945 190.4691162109375 87.33183670043945 237.36297988891602 71.25385284423828 237.36297988891602
71.87850189208984 191.38897705078125 88.02404403686523 191.38897705078125 88.02404403686523 238.4798812866211 71.87850189208984 238.4798812866211
70.4883804321289 191.43771362304688 86.89472579956055 191.43771362304688 86.89472579956055 239.2892951965332 70.4883804321289 239.2892951965332
70.82313537597656 192.27149963378906 87.0126838684082 192.27149963378906 87.0126838684082 239.49076080322266 70.82313537597656 239.49076080322266
74.39848327636719 192.20431518554688 90.64966201782227 192.20431518554688 90.64966201782227 239.60333633422852 74.39848327636719 239.60333633422852
73.71903991699219 190.12860107421875 90.0300464630127 190.12860107421875 90.0300464630127 237.70211791992188 73.71903991699219 237.70211791992188
74.06314086914062 190.05136108398438 90.43995094299316 190.05136108398438 90.43995094299316 237.81680297851562 74.06314086914062 237.81680297851562
73.57708740234375 190.2431182861328 90.0793342590332 190.2431182861328 90.0793342590332 238.3744125366211 73.57708740234375 238.3744125366211
73.99063873291016 191.6088409423828 90.4152717590332 191.6088409423828 90.4152717590332 239.51376342773438 73.99063873291016 239.51376342773438
74.13726806640625 192.2106475830078 90.42654037475586 192.2106475830078 90.42654037475586 239.72077178955078 74.13726806640625 239.72077178955078
73.44761657714844 192.0491485595703 90.03219604492188 192.0491485595703 90.03219604492188 240.4205780029297 73.44761657714844 240.4205780029297
72.82205963134766 193.19580078125 89.4165096282959 193.19580078125 89.4165096282959 241.59601593017578 72.82205963134766 241.59601593017578
70.95156860351562 192.92002868652344 87.48920822143555 192.92002868652344 87.48920822143555 241.15454864501953 70.95156860351562 241.15454864501953
69.23699188232422 192.47708129882812 85.65466117858887 192.47708129882812 85.65466117858887 240.36169052124023 69.23699188232422 240.36169052124023
67.27430725097656 192.29461669921875 83.6754093170166 192.29461669921875 83.6754093170166 240.13090133666992 67.27430725097656 240.13090133666992
66.53289031982422 193.23788452148438 82.93243980407715 193.23788452148438 82.93243980407715 241.06964111328125 66.53289031982422 241.06964111328125
62.74460983276367 192.60830688476562 79.18926239013672 192.60830688476562 79.18926239013672 240.57161331176758 62.74460983276367 240.57161331176758
57.41990280151367 192.01011657714844 73.6461124420166 192.01011657714844 73.6461124420166 239.33630752563477 57.41990280151367 239.33630752563477
49.79833221435547 192.6293182373047 65.87426376342773 192.6293182373047 65.87426376342773 239.51719665527344 49.79833221435547 239.51719665527344
37.92530059814453 192.22817993164062 53.84690856933594 192.22817993164062 53.84690856933594 238.66594696044922 37.92530059814453 238.66594696044922
20.63490867614746 193.43136596679688 36.536919593811035 193.43136596679688 36.536919593811035 239.81197357177734 20.63490867614746 239.81197357177734
2.517489194869995 192.08145141601562 18.42625403404236 192.08145141601562 18.42625403404236 238.48175811767578 2.517489194869995 238.48175811767578
12.247865676879883 206.4598388671875 28.101158142089844 206.4598388671875 28.101158142089844 252.6983528137207 12.247865676879883 252.6983528137207
0.0 216.73220825195312 15.687108993530273 216.73220825195312 15.687108993530273 262.48602294921875 0.0 262.48602294921875
1.3079344034194946 185.66598510742188 17.09567415714264 185.66598510742188 17.09567415714264 231.71330642700195 1.3079344034194946 231.71330642700195
6.542413234710693 152.9474639892578 22.51018190383911 152.9474639892578 22.51018190383911 199.5198631286621 6.542413234710693 199.5198631286621
0.2301836907863617 157.27273559570312 15.843867391347885 157.27273559570312 15.843867391347885 202.81239318847656 0.2301836907863617 202.81239318847656
13.058003425598145 165.7752227783203 28.312687873840332 165.7752227783203 28.312687873840332 210.26780319213867 13.058003425598145 210.26780319213867
27.051921844482422 134.23703002929688 42.55986213684082 134.23703002929688 42.55986213684082 179.4682731628418 27.051921844482422 179.4682731628418
25.352991104125977 135.38619995117188 40.72160339355469 135.38619995117188 40.72160339355469 180.2110710144043 25.352991104125977 180.2110710144043
16.58916473388672 138.49212646484375 32.16334056854248 138.49212646484375 32.16334056854248 183.91655731201172 16.58916473388672 183.91655731201172
22.539894104003906 126.71424865722656 38.13563537597656 126.71424865722656 38.13563537597656 172.20157623291016 22.539894104003906 172.20157623291016
36.63078308105469 116.39604187011719 52.17920207977295 116.39604187011719 52.17920207977295 161.74535369873047 36.63078308105469 161.74535369873047
55.00909423828125 118.7239761352539 70.56284523010254 118.7239761352539 70.56284523010254 164.08883666992188 55.00909423828125 164.08883666992188
57.77439498901367 116.49897766113281 73.31116676330566 116.49897766113281 73.31116676330566 161.81431198120117 57.77439498901367 161.81431198120117
60.79316329956055 120.2411880493164 76.25868892669678 120.2411880493164 76.25868892669678 165.3487205505371 60.79316329956055 165.3487205505371
90.06868743896484 139.73960876464844 105.5787296295166 139.73960876464844 105.5787296295166 184.97698211669922 90.06868743896484 184.97698211669922
84.71397399902344 134.36122131347656 100.06839942932129 134.36122131347656 100.06839942932129 179.14471054077148 84.71397399902344 179.14471054077148
80.61085510253906 140.85714721679688 95.91290855407715 140.85714721679688 95.91290855407715 185.4878921508789 80.61085510253906 185.4878921508789
86.13216400146484 150.13841247558594 101.33179473876953 150.13841247558594 101.33179473876953 194.4704246520996 86.13216400146484 194.4704246520996
92.90319061279297 155.56576538085938 108.04377746582031 155.56576538085938 108.04377746582031 199.72556686401367 92.90319061279297 199.72556686401367
116.08319091796875 185.3186492919922 131.51824474334717 185.3186492919922 131.51824474334717 230.33730697631836 116.08319091796875 230.33730697631836
135.36111450195312 182.61276245117188 150.82013702392578 182.61276245117188 150.82013702392578 227.7013282775879 135.36111450195312 227.7013282775879
145.5852508544922 181.41653442382812 160.6826047897339 181.41653442382812 160.6826047897339 225.45023727416992 145.5852508544922 225.45023727416992
139.07545471191406 179.9462890625 154.49870014190674 179.9462890625 154.49870014190674 224.93050384521484 139.07545471191406 224.93050384521484
130.82003784179688 180.9764862060547 146.42112255096436 180.9764862060547 146.42112255096436 226.4793930053711 130.82003784179688 226.4793930053711
124.04057312011719 180.53567504882812 139.71507263183594 180.53567504882812 139.71507263183594 226.2527084350586 124.04057312011719 226.2527084350586
118.03839111328125 180.76136779785156 133.89301300048828 180.76136779785156 133.89301300048828 227.0037498474121 118.03839111328125 227.0037498474121
112.79212951660156 180.7147674560547 128.985013961792 180.7147674560547 128.985013961792 227.94374465942383 112.79212951660156 227.94374465942383
111.41282653808594 178.86697387695312 127.41150188446045 178.86697387695312 127.41150188446045 225.52951049804688 111.41282653808594 225.52951049804688
111.19356536865234 180.56130981445312 127.12104988098145 180.56130981445312 127.12104988098145 227.01620483398438 111.19356536865234 227.01620483398438
110.44447326660156 178.53684997558594 126.8211784362793 178.53684997558594 126.8211784362793 226.30197525024414 110.44447326660156 226.30197525024414
109.88493347167969 178.6118621826172 126.38344192504883 178.6118621826172 126.38344192504883 226.73224258422852 109.88493347167969 226.73224258422852
109.19075012207031 180.36158752441406 125.8581657409668 180.36158752441406 125.8581657409668 228.97461318969727 109.19075012207031 228.97461318969727
107.0443115234375 178.85157775878906 124.12189102172852 178.85157775878906 124.12189102172852 228.6609115600586 107.0443115234375 228.6609115600586
100.06501007080078 180.80372619628906 117.06114196777344 180.80372619628906 117.06114196777344 230.3755111694336 100.06501007080078 230.3755111694336
89.06006622314453 179.98858642578125 106.00704956054688 179.98858642578125 106.00704956054688 229.4170150756836 89.06006622314453 229.4170150756836
73.65568542480469 178.7681427001953 90.51093101501465 178.7681427001953 90.51093101501465 227.92900466918945 73.65568542480469 227.92900466918945
56.78229522705078 179.10580444335938 73.99876594543457 179.10580444335938 73.99876594543457 229.3202362060547 56.78229522705078 229.3202362060547
37.16276550292969 177.73861694335938 54.52675247192383 177.73861694335938 54.52675247192383 228.38330459594727 37.16276550292969 228.38330459594727
20.585458755493164 178.0537109375 37.86154747009277 178.0537109375 37.86154747009277 228.44203567504883 20.585458755493164 228.44203567504883
8.602931022644043 176.69741821289062 25.70718479156494 176.69741821289062 25.70718479156494 226.5845603942871 8.602931022644043 226.5845603942871
0.0 173.85475158691406 17.098169326782227 173.85475158691406 17.098169326782227 223.72415161132812 0.0 223.72415161132812
0.0 182.7168731689453 17.0515193939209 182.7168731689453 17.0515193939209 232.4502182006836 0.0 232.4502182006836
3.0532994270324707 156.6081085205078 19.993359088897705 156.6081085205078 19.993359088897705 206.01636505126953 3.0532994270324707 206.01636505126953
15.074358940124512 144.412353515625 31.701130867004395 144.412353515625 31.701130867004395 192.9068603515625 15.074358940124512 192.9068603515625
48.543190002441406 161.4299774169922 65.00823402404785 161.4299774169922 65.00823402404785 209.45277786254883 48.543190002441406 209.45277786254883
62.684486389160156 153.08375549316406 79.27311325073242 153.08375549316406 79.27311325073242 201.46700286865234 62.684486389160156 201.46700286865234
59.985931396484375 155.3253936767578 76.6395378112793 155.3253936767578 76.6395378112793 203.8981590270996 59.985931396484375 203.8981590270996
75.12864685058594 149.92276000976562 91.83369827270508 149.92276000976562 91.83369827270508 198.64557266235352 75.12864685058594 198.64557266235352
122.68656158447266 168.4033966064453 139.5573902130127 168.4033966064453 139.5573902130127 217.60972595214844 122.68656158447266 217.60972595214844
142.5703887939453 176.65872192382812 159.65253257751465 176.65872192382812 159.65253257751465 226.48137664794922 142.5703887939453 226.48137664794922
161.5769500732422 169.01869201660156 178.7173309326172 169.01869201660156 178.7173309326172 219.01120376586914 161.5769500732422 219.01120376586914
146.59523010253906 166.16372680664062 163.74560737609863 166.16372680664062 163.74560737609863 216.18539428710938 146.59523010253906 216.18539428710938
146.4186248779297 173.8689422607422 163.77675437927246 173.8689422607422 163.77675437927246 224.49655151367188 146.4186248779297 224.49655151367188
142.87794494628906 183.83509826660156 160.26523399353027 183.83509826660156 160.26523399353027 234.5477638244629 142.87794494628906 234.5477638244629
135.8621826171875 179.21487426757812 153.24150466918945 179.21487426757812 153.24150466918945 229.90430450439453 135.8621826171875 229.90430450439453
124.71484375 171.89959716796875 142.30830001831055 171.89959716796875 142.30830001831055 223.21358108520508 124.71484375 223.21358108520508
104.5501480102539 164.70413208007812 122.40016555786133 164.70413208007812 122.40016555786133 216.76641845703125 104.5501480102539 216.76641845703125
86.19767761230469 162.26406860351562 104.35699272155762 162.26406860351562 104.35699272155762 215.22846603393555 86.19767761230469 215.22846603393555
63.65434646606445 169.0788116455078 82.07064628601074 169.0788116455078 82.07064628601074 222.79273986816406 63.65434646606445 222.79273986816406
54.8033447265625 170.37901306152344 73.23724746704102 170.37901306152344 73.23724746704102 224.14428329467773 54.8033447265625 224.14428329467773
56.551292419433594 188.27267456054688 74.69839859008789 188.27267456054688 74.69839859008789 241.20145797729492 56.551292419433594 241.20145797729492
46.63746643066406 169.9368133544922 64.82010841369629 169.9368133544922 64.82010841369629 222.96924209594727 46.63746643066406 222.96924209594727
0.0 167.64816284179688 18.073482513427734 167.64816284179688 18.073482513427734 220.3622055053711 0.0 220.3622055053711
14.242111206054688 165.81451416015625 32.07404136657715 165.81451416015625 32.07404136657715 217.82403564453125 14.242111206054688 217.82403564453125
0.0 212.79415893554688 18.094879150390625 212.79415893554688 18.094879150390625 265.57060623168945 0.0 265.57060623168945
11.289262771606445 244.6514434814453 29.343982696533203 244.6514434814453 29.343982696533203 297.31076431274414 11.289262771606445 297.31076431274414
19.29513168334961 235.5883026123047 37.372047424316406 235.5883026123047 37.372047424316406 288.3123550415039 19.29513168334961 288.3123550415039
24.752193450927734 270.17706298828125 43.08563995361328 270.17706298828125 43.08563995361328 323.64933013916016 24.752193450927734 323.64933013916016
50.93490982055664 274.7141418457031 69.37813568115234 274.7141418457031 69.37813568115234 328.50659942626953 50.93490982055664 328.50659942626953
84.3700180053711 259.1231384277344 102.7490406036377 259.1231384277344 102.7490406036377 312.7283401489258 84.3700180053711 312.7283401489258
81.00932312011719 223.9147186279297 99.09570693969727 223.9147186279297 99.09570693969727 276.66639709472656 81.00932312011719 276.66639709472656
76.32618713378906 222.5673828125 94.18295288085938 222.5673828125 94.18295288085938 274.6493453979492 76.32618713378906 274.6493453979492
70.38648986816406 221.3949432373047 88.35716247558594 221.3949432373047 88.35716247558594 273.8091354370117 70.38648986816406 273.8091354370117
67.00518798828125 221.65673828125 85.06091690063477 221.65673828125 85.06091690063477 274.31900787353516 67.00518798828125 274.31900787353516
67.4462890625 222.6020965576172 85.31768417358398 222.6020965576172 85.31768417358398 274.7267303466797 67.4462890625 274.7267303466797
65.91557312011719 222.3169708251953 83.80165672302246 222.3169708251953 83.80165672302246 274.4844512939453 65.91557312011719 274.4844512939453
64.14167022705078 223.16213989257812 81.6967945098877 223.16213989257812 81.6967945098877 274.3643264770508 64.14167022705078 274.3643264770508
62.40629959106445 224.26327514648438 80.1274356842041 224.26327514648438 80.1274356842041 275.94965744018555 62.40629959106445 275.94965744018555
59.97819137573242 225.32144165039062 77.45887756347656 225.32144165039062 77.45887756347656 276.30651473999023 59.97819137573242 276.30651473999023
58.26271438598633 227.0759735107422 75.84152030944824 227.0759735107422 75.84152030944824 278.347225189209 58.26271438598633 278.347225189209
56.49785614013672 229.2198486328125 74.16864967346191 229.2198486328125 74.16864967346191 280.75939178466797 56.49785614013672 280.75939178466797
52.649085998535156 230.69320678710938 70.56338119506836 230.69320678710938 70.56338119506836 282.94295501708984 52.649085998535156 282.94295501708984
50.814048767089844 235.027099609375 68.48871040344238 235.027099609375 68.48871040344238 286.57791900634766 50.814048767089844 286.57791900634766
48.996334075927734 236.74868774414062 66.7430648803711 236.74868774414062 66.7430648803711 288.50971603393555 48.996334075927734 288.50971603393555
46.4653205871582 237.472900390625 64.18354797363281 237.472900390625 64.18354797363281 289.1507987976074 46.4653205871582 289.1507987976074
43.46052932739258 237.6297149658203 61.22367858886719 237.6297149658203 61.22367858886719 289.4386329650879 43.46052932739258 289.4386329650879
40.718467712402344 238.5980224609375 58.564640045166016 238.5980224609375 58.564640045166016 290.64908599853516 40.718467712402344 290.64908599853516
39.86376953125 237.05233764648438 57.681278228759766 237.05233764648438 57.681278228759766 289.0197982788086 39.86376953125 289.0197982788086
39.10114288330078 238.4622344970703 57.126773834228516 238.4622344970703 57.126773834228516 291.0367202758789 39.10114288330078 291.0367202758789
35.21747589111328 232.65115356445312 53.48663139343262 232.65115356445312 53.48663139343262 285.9359130859375 35.21747589111328 285.9359130859375
34.24616622924805 228.09182739257812 52.8571834564209 228.09182739257812 52.8571834564209 282.3736801147461 34.24616622924805 282.3736801147461
35.512550354003906 222.4902801513672 54.16965866088867 222.4902801513672 54.16965866088867 276.9065628051758 35.512550354003906 276.9065628051758
37.0900764465332 213.1096649169922 56.02081871032715 213.1096649169922 56.02081871032715 268.3240394592285 37.0900764465332 268.3240394592285
31.795658111572266 212.884765625 50.78269577026367 212.884765625 50.78269577026367 268.2633361816406 31.795658111572266 268.2633361816406
20.75041389465332 207.13839721679688 39.509565353393555 207.13839721679688 39.509565353393555 261.85230255126953 20.75041389465332 261.85230255126953
9.379334449768066 206.1389923095703 28.15518093109131 206.1389923095703 28.15518093109131 260.90159606933594 9.379334449768066 260.90159606933594
0.032561302185058594 205.47671508789062 18.39262294769287 205.47671508789062 18.39262294769287 259.0266227722168 0.032561302185058594 259.0266227722168
21.457149505615234 218.1083221435547 39.952545166015625 218.1083221435547 39.952545166015625 272.0529556274414 21.457149505615234 272.0529556274414
68.59905242919922 193.14028930664062 86.83524703979492 193.14028930664062 86.83524703979492 246.32891845703125 68.59905242919922 246.32891845703125
88.60597229003906 188.58782958984375 106.69913291931152 188.58782958984375 106.69913291931152 241.35928344726562 88.60597229003906 241.35928344726562
82.75086975097656 187.59194946289062 100.39163970947266 187.59194946289062 100.39163970947266 240.98189163208008 82.75086975097656 240.98189163208008
66.83992004394531 186.62545776367188 84.47964668273926 186.62545776367188 84.47964668273926 238.07440948486328 66.83992004394531 238.07440948486328
78.16586303710938 191.66592407226562 95.96403884887695 191.66592407226562 95.96403884887695 243.57096099853516 78.16586303710938 243.57096099853516
63.03221893310547 187.17672729492188 81.06373977661133 187.17672729492188 81.06373977661133 239.7582893371582 63.03221893310547 239.7582893371582
45.78053283691406 188.44705200195312 63.70536994934082 188.44705200195312 63.70536994934082 241.50679779052734 45.78053283691406 241.50679779052734
31.077198028564453 192.16256713867188 48.92255973815918 192.16256713867188 48.92255973815918 246.35792922973633 31.077198028564453 246.35792922973633
20.847599029541016 198.15780639648438 38.21968650817871 198.15780639648438 38.21968650817871 251.94005584716797 20.847599029541016 251.94005584716797
16.781068801879883 203.83670043945312 35.075754165649414 203.83670043945312 35.075754165649414 257.4481391906738 16.781068801879883 257.4481391906738
11.765950202941895 207.392822265625 29.983454704284668 207.392822265625 29.983454704284668 262.27030181884766 11.765950202941895 262.27030181884766
6.756829738616943 209.7657470703125 24.886815547943115 209.7657470703125 24.886815547943115 264.2126693725586 6.756829738616943 264.2126693725586
0.5560897588729858 213.7066650390625 19.351532340049744 213.7066650390625 19.351532340049744 268.4685173034668 0.5560897588729858 268.4685173034668
0.0 231.0557861328125 18.920146942138672 231.0557861328125 18.920146942138672 286.2392768859863 0.0 286.2392768859863
0.0 265.9081115722656 19.371673583984375 265.9081115722656 19.371673583984375 322.4085502624512 0.0 322.4085502624512
0.0 260.24432373046875 19.649532318115234 260.24432373046875 19.649532318115234 317.55518341064453 0.0 317.55518341064453
52.97821044921875 234.68661499023438 72.85647583007812 234.68661499023438 72.85647583007812 292.6646041870117 52.97821044921875 292.6646041870117
93.13290405273438 246.88674926757812 112.91378784179688 246.88674926757812 112.91378784179688 304.5806999206543 93.13290405273438 304.5806999206543
124.34957122802734 266.46832275390625 144.2369556427002 266.46832275390625 144.2369556427002 324.47289276123047 124.34957122802734 324.47289276123047
127.73930358886719 260.94744873046875 147.99594497680664 260.94744873046875 147.99594497680664 317.9541435241699 127.73930358886719 317.9541435241699
104.86274719238281 273.8309631347656 124.8028392791748 273.8309631347656 124.8028392791748 331.9892578125 104.86274719238281 331.9892578125
91.84024810791016 276.91094970703125 112.16946601867676 276.91094970703125 112.16946601867676 334.81890869140625 91.84024810791016 334.81890869140625
78.95051574707031 280.82293701171875 99.2020492553711 280.82293701171875 99.2020492553711 339.88959884643555 78.95051574707031 339.88959884643555
69.48475646972656 283.64544677734375 89.2843074798584 283.64544677734375 89.2843074798584 341.39383697509766 69.48475646972656 341.39383697509766
58.3177375793457 281.0254211425781 78.02552604675293 281.0254211425781 78.02552604675293 338.5061721801758 58.3177375793457 338.5061721801758
49.685638427734375 280.28472900390625 69.4735164642334 280.28472900390625 69.4735164642334 337.9990768432617 49.685638427734375 337.9990768432617
39.93116760253906 283.0288391113281 59.94060134887695 283.0288391113281 59.94060134887695 341.3893852233887 39.93116760253906 341.3893852233887
33.88230514526367 285.97802734375 54.348100662231445 285.97802734375 54.348100662231445 345.6696243286133 33.88230514526367 345.6696243286133
28.430377960205078 289.3641662597656 48.73735237121582 289.3641662597656 48.73735237121582 348.5925407409668 28.430377960205078 348.5925407409668
22.374128341674805 289.44305419921875 42.929988861083984 289.44305419921875 42.929988861083984 347.8440055847168 22.374128341674805 347.8440055847168
17.341289520263672 291.6271667480469 37.54034996032715 291.6271667480469 37.54034996032715 350.5407905578613 17.341289520263672 350.5407905578613
11.52429485321045 292.2253723144531 31.85450839996338 292.2253723144531 31.85450839996338 351.5215263366699 11.52429485321045 351.5215263366699
4.42793083190918 291.41827392578125 24.6323299407959 291.41827392578125 24.6323299407959 350.34747314453125 4.42793083190918 350.34747314453125
0.0 292.4588317871094 19.574541091918945 292.4588317871094 19.574541091918945 349.55095291137695 0.0 349.55095291137695
43.914100646972656 260.76434326171875 63.62712478637695 260.76434326171875 63.62712478637695 318.26036834716797 43.914100646972656 318.26036834716797
46.13258743286133 219.0491943359375 65.9776668548584 219.0491943359375 65.9776668548584 276.9303779602051 46.13258743286133 276.9303779602051
44.82032012939453 221.1774444580078 64.66042709350586 221.1774444580078 64.66042709350586 279.0441207885742 44.82032012939453 279.0441207885742
45.81916046142578 204.3419647216797 65.7427749633789 204.3419647216797 65.7427749633789 262.452205657959 45.81916046142578 262.452205657959
30.27850341796875 201.34521484375 50.24115562438965 201.34521484375 50.24115562438965 259.5693168640137 30.27850341796875 259.5693168640137
15.582120895385742 196.82241821289062 35.58064842224121 196.82241821289062 35.58064842224121 255.15115356445312 15.582120895385742 255.15115356445312
1.0818198919296265 193.117431640625 21.169893622398376 193.117431640625 21.169893622398376 251.70733642578125 1.0818198919296265 251.70733642578125
49.27204132080078 212.3438720703125 69.45269393920898 212.3438720703125 69.45269393920898 271.20379638671875 49.27204132080078 271.20379638671875
35.76626968383789 217.0648651123047 56.05576133728027 217.0648651123047 56.05576133728027 276.2422332763672 35.76626968383789 276.2422332763672
26.322378158569336 203.72190856933594 46.57521629333496 203.72190856933594 46.57521629333496 262.79237365722656 26.322378158569336 262.79237365722656
19.87840461730957 197.75428771972656 39.98581504821777 197.75428771972656 39.98581504821777 256.40059661865234 19.87840461730957 256.40059661865234
11.546455383300781 193.92835998535156 31.859333038330078 193.92835998535156 31.859333038330078 253.17394256591797 11.546455383300781 253.17394256591797
11.618194580078125 202.57745361328125 31.830196380615234 202.57745361328125 31.830196380615234 261.52881622314453 11.618194580078125 261.52881622314453
14.97797679901123 212.0667724609375 34.89222240447998 212.0667724609375 34.89222240447998 270.1496810913086 14.97797679901123 270.1496810913086
35.74478530883789 223.77688598632812 55.82719421386719 223.77688598632812 55.82719421386719 282.35026931762695 35.74478530883789 282.35026931762695
39.243690490722656 227.3074951171875 59.399301528930664 227.3074951171875 59.399301528930664 286.0943832397461 39.243690490722656 286.0943832397461
40.46620559692383 233.7300262451172 60.961313247680664 233.7300262451172 60.961313247680664 293.50710678100586 40.46620559692383 293.50710678100586
38.45762252807617 235.99398803710938 59.104421615600586 235.99398803710938 59.104421615600586 296.21349334716797 38.45762252807617 296.21349334716797
29.91012954711914 237.3008575439453 51.09173774719238 237.3008575439453 51.09173774719238 299.08021545410156 29.91012954711914 299.08021545410156
17.38943862915039 238.34024047851562 38.63020706176758 238.34024047851562 38.63020706176758 300.29215240478516 17.38943862915039 300.29215240478516
10.255309104919434 241.6122283935547 31.466927528381348 241.6122283935547 31.466927528381348 303.47911834716797 10.255309104919434 303.47911834716797
6.7718825340271 243.9482421875 28.117839336395264 243.9482421875 28.117839336395264 306.2069511413574 6.7718825340271 306.2069511413574
1.1906236410140991 246.5746612548828 22.372628569602966 246.5746612548828 22.372628569602966 308.35518646240234 1.1906236410140991 308.35518646240234
0.0 245.0446014404297 20.541166305541992 245.0446014404297 20.541166305541992 304.9560203552246 0.0 304.9560203552246
0.0 252.0897979736328 20.448486328125 252.0897979736328 20.448486328125 311.730899810791 0.0 311.730899810791
6.155887603759766 251.5844268798828 26.267087936401367 251.5844268798828 26.267087936401367 310.2417869567871 6.155887603759766 310.2417869567871
21.558921813964844 242.138427734375 41.91232681274414 242.138427734375 41.91232681274414 301.5022201538086 21.558921813964844 301.5022201538086
36.30352020263672 240.98532104492188 56.96083068847656 240.98532104492188 56.96083068847656 301.2354965209961 36.30352020263672 301.2354965209961
30.01272201538086 238.05203247070312 50.714378356933594 238.05203247070312 50.714378356933594 298.43155670166016 30.01272201538086 298.43155670166016
16.651790618896484 224.8901824951172 37.521305084228516 224.8901824951172 37.521305084228516 285.75929260253906 16.651790618896484 285.75929260253906
8.360910415649414 228.09536743164062 29.577363967895508 228.09536743164062 29.577363967895508 289.97637939453125 8.360910415649414 289.97637939453125
30.130661010742188 262.04229736328125 51.54573059082031 262.04229736328125 51.54573059082031 324.5026054382324 30.130661010742188 324.5026054382324
49.437931060791016 277.16937255859375 70.84652137756348 277.16937255859375 70.84652137756348 339.61079025268555 49.437931060791016 339.61079025268555
69.33744812011719 245.72628784179688 91.09988784790039 245.72628784179688 91.09988784790039 309.1997604370117 69.33744812011719 309.1997604370117
122.0521240234375 262.40631103515625 143.67823600769043 262.40631103515625 143.67823600769043 325.48217010498047 122.0521240234375 325.48217010498047
151.34872436523438 257.21539306640625 172.80631637573242 257.21539306640625 172.80631637573242 319.7997360229492 151.34872436523438 319.7997360229492
155.62173461914062 251.5464630126953 177.20328521728516 251.5464630126953 177.20328521728516 314.49234771728516 155.62173461914062 314.49234771728516
159.01632690429688 214.40756225585938 180.1806640625 214.40756225585938 180.1806640625 276.1365776062012 159.01632690429688 276.1365776062012
155.8115234375 201.568115234375 176.5822238922119 201.568115234375 176.5822238922119 262.1490287780762 155.8115234375 262.1490287780762
153.5669403076172 187.2850799560547 174.5903263092041 187.2850799560547 174.5903263092041 248.6029815673828 153.5669403076172 248.6029815673828
144.57962036132812 177.7348175048828 165.80134201049805 177.7348175048828 165.80134201049805 239.63119888305664 144.57962036132812 239.63119888305664
130.51502990722656 188.73123168945312 151.86205673217773 188.73123168945312 151.86205673217773 250.99308395385742 130.51502990722656 250.99308395385742
127.23908996582031 173.57762145996094 148.6685333251953 173.57762145996094 148.6685333251953 236.07984924316406 127.23908996582031 236.07984924316406
110.3283920288086 175.44793701171875 131.77540397644043 175.44793701171875 131.77540397644043 238.00140380859375 110.3283920288086 238.00140380859375
83.30630493164062 187.05735778808594 104.69436264038086 187.05735778808594 104.69436264038086 249.43888092041016 83.30630493164062 249.43888092041016
64.49890899658203 189.2181396484375 86.32628059387207 189.2181396484375 86.32628059387207 252.8809928894043 64.49890899658203 252.8809928894043
44.047264099121094 197.23184204101562 65.88675689697266 197.23184204101562 65.88675689697266 260.93004608154297 44.047264099121094 260.93004608154297
24.585975646972656 189.28639221191406 46.39681434631348 189.28639221191406 46.39681434631348 252.9010238647461 24.585975646972656 252.9010238647461
10.050043106079102 192.0443115234375 31.802169799804688 192.0443115234375 31.802169799804688 255.48770141601562 10.050043106079102 255.48770141601562
8.54468822479248 198.35826110839844 30.13407802581787 198.35826110839844 30.13407802581787 261.32699966430664 8.54468822479248 261.32699966430664
13.078862190246582 191.96908569335938 35.03764247894287 191.96908569335938 35.03764247894287 256.0152130126953 13.078862190246582 256.0152130126953
17.638561248779297 191.60198974609375 39.324127197265625 191.60198974609375 39.324127197265625 254.85124969482422 17.638561248779297 254.85124969482422
10.562082290649414 206.0458221435547 32.200313568115234 206.0458221435547 32.200313568115234 269.1570281982422 10.562082290649414 269.1570281982422
0.0 193.96646118164062 21.655723571777344 193.96646118164062 21.655723571777344 257.1286926269531 0.0 257.1286926269531
0.0 197.90670776367188 21.735010147094727 197.90670776367188 21.735010147094727 261.3001823425293 0.0 261.3001823425293
0.0 207.81594848632812 21.76053810119629 207.81594848632812 21.76053810119629 271.2838821411133 0.0 271.2838821411133
0.0 212.59884643554688 21.38486099243164 212.59884643554688 21.38486099243164 274.9710578918457 0.0 274.9710578918457
2.0224270820617676 213.776611328125 23.665571689605713 213.776611328125 23.665571689605713 276.90214920043945 2.0224270820617676 276.90214920043945
7.9184465408325195 231.32656860351562 29.458291053771973 231.32656860351562 29.458291053771973 294.1508102416992 7.9184465408325195 294.1508102416992
12.376520156860352 230.4117431640625 34.17607116699219 230.4117431640625 34.17607116699219 293.99345779418945 12.376520156860352 293.99345779418945
6.217564582824707 248.29312133789062 28.071032524108887 248.29312133789062 28.071032524108887 312.03209686279297 6.217564582824707 312.03209686279297
4.8516411781311035 267.7231750488281 26.922251224517822 267.7231750488281 26.922251224517822 332.09547424316406 4.8516411781311035 332.09547424316406
7.861945152282715 328.71142578125 30.05238628387451 328.71142578125 30.05238628387451 393.4332275390625 7.861945152282715 393.4332275390625
31.992267608642578 325.5393981933594 54.3802547454834 325.5393981933594 54.3802547454834 390.8373718261719 31.992267608642578 390.8373718261719
34.8861083984375 323.94891357421875 57.13719177246094 323.94891357421875 57.13719177246094 388.8475799560547 34.8861083984375 388.8475799560547
18.27371597290039 299.491455078125 40.771881103515625 299.491455078125 40.771881103515625 365.1107635498047 18.27371597290039 365.1107635498047
21.047805786132812 301.3712463378906 43.53860855102539 301.3712463378906 43.53860855102539 366.96907806396484 21.047805786132812 366.96907806396484
40.403175354003906 309.7279968261719 63.26945114135742 309.7279968261719 63.26945114135742 374.8900604248047 40.403175354003906 374.8900604248047
34.31780242919922 304.4330139160156 56.79218673706055 304.4330139160156 56.79218673706055 369.9829635620117 34.31780242919922 369.9829635620117
24.173786163330078 300.30389404296875 46.87720489501953 300.30389404296875 46.87720489501953 366.5218505859375 24.173786163330078 366.5218505859375
22.49154281616211 295.61053466796875 44.761451721191406 295.61053466796875 44.761451721191406 360.56410217285156 22.49154281616211 360.56410217285156
12.167370796203613 294.6671447753906 34.163193702697754 294.6671447753906 34.163193702697754 358.82129669189453 12.167370796203613 358.82129669189453
1.8519785404205322 296.0734558105469 24.060341119766235 296.0734558105469 24.060341119766235 360.8475112915039 1.8519785404205322 360.8475112915039
0.0 301.36517333984375 21.767850875854492 301.36517333984375 21.767850875854492 364.85440826416016 0.0 364.85440826416016
63.771888732910156 282.8267517089844 85.21318817138672 282.8267517089844 85.21318817138672 345.3635559082031 63.771888732910156 345.3635559082031
78.1312255859375 259.9881286621094 99.87207412719727 259.9881286621094 99.87207412719727 323.3986129760742 78.1312255859375 323.3986129760742
66.96124267578125 262.272705078125 88.89987754821777 262.272705078125 88.89987754821777 326.26005935668945 66.96124267578125 326.26005935668945
57.682373046875 263.535888671875 79.99878120422363 263.535888671875 79.99878120422363 328.6250762939453 57.682373046875 328.6250762939453
47.46276092529297 266.4332275390625 69.8649787902832 266.4332275390625 69.8649787902832 331.77268981933594 47.46276092529297 331.77268981933594
35.6595573425293 269.4471740722656 57.87019348144531 269.4471740722656 57.87019348144531 334.2278518676758 35.6595573425293 334.2278518676758
24.553312301635742 270.50714111328125 47.13422393798828 270.50714111328125 47.13422393798828 336.36778259277344 24.553312301635742 336.36778259277344
12.514656066894531 270.7536315917969 35.43743324279785 270.7536315917969 35.43743324279785 337.6113815307617 12.514656066894531 337.6113815307617
3.3946938514709473 268.6435852050781 26.842783451080322 268.6435852050781 26.842783451080322 337.0334930419922 3.3946938514709473 337.0334930419922
29.63728904724121 276.1863098144531 53.10061836242676 276.1863098144531 53.10061836242676 344.6206588745117 29.63728904724121 344.6206588745117
18.343704223632812 289.735595703125 41.06052017211914 289.735595703125 41.06052017211914 360.81783294677734 18.343704223632812 360.81783294677734
9.796712875366211 293.32171630859375 33.53326416015625 293.32171630859375 33.53326416015625 362.5529556274414 9.796712875366211 362.5529556274414
3.0917959213256836 296.08807373046875 26.78822612762451 296.08807373046875 26.78822612762451 365.20228576660156 3.0917959213256836 365.20228576660156
0.0 293.17462158203125 23.533933639526367 293.17462158203125 23.533933639526367 361.8148956298828 0.0 361.8148956298828
16.633129119873047 268.3596496582031 40.62340545654297 268.3596496582031 40.62340545654297 338.33091735839844 16.633129119873047 338.33091735839844
21.938228607177734 265.24151611328125 45.442726135253906 265.24151611328125 45.442726135253906 333.7959442138672 21.938228607177734 333.7959442138672
29.511638641357422 265.10150146484375 53.02044868469238 265.10150146484375 53.02044868469238 333.6685028076172 29.511638641357422 333.6685028076172
5.7499895095825195 262.95263671875 29.196843147277832 262.95263671875 29.196843147277832 331.33892822265625 5.7499895095825195 331.33892822265625
11.271164894104004 267.8273010253906 34.559489250183105 267.8273010253906 34.559489250183105 335.751220703125 11.271164894104004 335.751220703125
29.288787841796875 259.1589660644531 52.41290283203125 259.1589660644531 52.41290283203125 326.60394287109375 29.288787841796875 326.60394287109375
10.068446159362793 258.3804016113281 33.6420316696167 258.3804016113281 33.6420316696167 327.1363296508789 10.068446159362793 327.1363296508789
1.9984201192855835 262.076416015625 25.317675948143005 262.076416015625 25.317675948143005 330.0905532836914 1.9984201192855835 330.0905532836914
0.0 264.3587341308594 23.52247428894043 264.3587341308594 23.52247428894043 332.96559143066406 0.0 332.96559143066406
0.0 256.8838806152344 23.46802520751953 256.8838806152344 23.46802520751953 325.33192443847656 0.0 325.33192443847656
0.729383647441864 256.54498291015625 24.5603067278862 256.54498291015625 24.5603067278862 326.05147552490234 0.729383647441864 326.05147552490234
0.0 255.7229766845703 24.459257125854492 255.7229766845703 24.459257125854492 327.0621032714844 0.0 327.0621032714844
0.0 255.98367309570312 24.296878814697266 255.98367309570312 24.296878814697266 326.8491973876953 0.0 326.8491973876953
0.0 258.8939514160156 24.198505401611328 258.8939514160156 24.198505401611328 329.47254943847656 0.0 329.47254943847656
0.0 263.9241027832031 24.161746978759766 263.9241027832031 24.161746978759766 334.39549255371094 0.0 334.39549255371094
9.820189476013184 281.35888671875 33.65933704376221 281.35888671875 33.65933704376221 350.88936614990234 9.820189476013184 350.88936614990234
79.65330505371094 247.626953125 103.52601623535156 247.626953125 103.52601623535156 317.2553253173828 79.65330505371094 317.2553253173828
105.67120361328125 244.7122802734375 129.20409202575684 244.7122802734375 129.20409202575684 313.34950256347656 105.67120361328125 313.34950256347656
124.22320556640625 250.0830535888672 149.55302238464355 250.0830535888672 149.55302238464355 312.3463592529297 124.22320556640625 312.3463592529297
115.9150161743164 249.62094116210938 139.67855644226074 249.62094116210938 139.67855644226074 318.9308853149414 115.9150161743164 318.9308853149414
111.29144287109375 250.7479248046875 134.84293174743652 250.7479248046875 134.84293174743652 319.4393844604492 111.29144287109375 319.4393844604492
107.0398178100586 250.04800415039062 130.8068733215332 250.04800415039062 130.8068733215332 319.3681869506836 107.0398178100586 319.3681869506836
106.06251525878906 248.33047485351562 130.0444736480713 248.33047485351562 130.0444736480713 318.27745056152344 106.06251525878906 318.27745056152344
104.91268157958984 247.4430694580078 128.60763931274414 247.4430694580078 128.60763931274414 316.55296325683594 104.91268157958984 316.55296325683594
103.04390716552734 250.8745574951172 126.77465629577637 250.8745574951172 126.77465629577637 320.0888366699219 103.04390716552734 320.0888366699219
102.91788482666016 247.8983154296875 126.7139720916748 247.8983154296875 126.7139720916748 317.3031692504883 102.91788482666016 317.3031692504883
100.33940124511719 245.4126434326172 123.85543441772461 245.4126434326172 123.85543441772461 314.0006790161133 100.33940124511719 314.0006790161133
98.4184799194336 245.04983520507812 122.15233993530273 245.04983520507812 122.15233993530273 314.27320098876953 98.4184799194336 314.27320098876953
97.3122329711914 243.8137969970703 121.30240249633789 243.8137969970703 121.30240249633789 313.7847366333008 97.3122329711914 313.7847366333008
97.4797592163086 246.0089874267578 121.66757011413574 246.0089874267578 121.66757011413574 316.5563735961914 97.4797592163086 316.5563735961914
97.80318450927734 247.0140380859375 121.71951675415039 247.0140380859375 121.71951675415039 316.7696075439453 97.80318450927734 316.7696075439453
100.97520446777344 247.854736328125 124.80951881408691 247.854736328125 124.80951881408691 317.37108612060547 100.97520446777344 317.37108612060547
105.36564636230469 244.01123046875 129.21965217590332 244.01123046875 129.21965217590332 313.5850067138672 105.36564636230469 313.5850067138672
106.46209716796875 245.5337371826172 130.53051376342773 245.5337371826172 130.53051376342773 315.7328796386719 106.46209716796875 315.7328796386719
108.1586685180664 243.82406616210938 132.52331733703613 243.82406616210938 132.52331733703613 314.88721466064453 108.1586685180664 314.88721466064453
106.60038757324219 243.88687133789062 131.422700881958 243.88687133789062 131.422700881958 316.2848587036133 106.60038757324219 316.2848587036133
106.28224182128906 245.6703338623047 131.4156036376953 245.6703338623047 131.4156036376953 318.9755401611328 106.28224182128906 318.9755401611328
105.93943786621094 243.7515411376953 130.89150047302246 243.7515411376953 130.89150047302246 316.52796173095703 105.93943786621094 316.52796173095703
102.77249908447266 242.983154296875 128.09869956970215 242.983154296875 128.09869956970215 316.8508071899414 102.77249908447266 316.8508071899414
98.90434265136719 245.6706085205078 124.11091995239258 245.6706085205078 124.11091995239258 319.1893615722656 98.90434265136719 319.1893615722656
95.92862701416016 243.76663208007812 121.45388603210449 243.76663208007812 121.45388603210449 318.2148666381836 95.92862701416016 318.2148666381836
94.94001007080078 249.4116668701172 120.83465194702148 249.4116668701172 120.83465194702148 324.93726348876953 94.94001007080078 324.93726348876953
92.34803009033203 248.04934692382812 118.62003898620605 248.04934692382812 118.62003898620605 324.6755905151367 92.34803009033203 324.6755905151367
91.33106994628906 245.05111694335938 117.87531089782715 245.05111694335938 117.87531089782715 322.4713668823242 91.33106994628906 322.4713668823242
88.72972869873047 243.51345825195312 114.94990348815918 243.51345825195312 114.94990348815918 319.98851776123047 88.72972869873047 319.98851776123047
87.34760284423828 243.8623809814453 114.26216316223145 243.8623809814453 114.26216316223145 322.3627243041992 87.34760284423828 322.3627243041992
86.46438598632812 243.44033813476562 113.30779457092285 243.44033813476562 113.30779457092285 321.73314666748047 86.46438598632812 321.73314666748047
83.0574722290039 241.06240844726562 109.75505256652832 241.06240844726562 109.75505256652832 318.9298858642578 83.0574722290039 318.9298858642578
80.16986083984375 239.9503631591797 106.99383163452148 239.9503631591797 106.99383163452148 318.1864776611328 80.16986083984375 318.1864776611328
75.66743469238281 243.7437744140625 102.39866256713867 243.7437744140625 102.39866256713867 321.7093963623047 75.66743469238281 321.7093963623047
72.0277099609375 243.8680877685547 98.42337036132812 243.8680877685547 98.42337036132812 320.85497283935547 72.0277099609375 320.85497283935547
68.40635681152344 243.01806640625 94.95425033569336 243.01806640625 94.95425033569336 320.44895935058594 68.40635681152344 320.44895935058594
66.01099395751953 240.36697387695312 92.72947311401367 240.36697387695312 92.72947311401367 318.29540252685547 66.01099395751953 318.29540252685547
62.12556076049805 241.99203491210938 88.7402400970459 241.99203491210938 88.7402400970459 319.61771392822266 62.12556076049805 319.61771392822266
56.326560974121094 243.58935546875 82.82027053833008 243.58935546875 82.82027053833008 320.8622131347656 56.326560974121094 320.8622131347656
50.681175231933594 244.4409637451172 76.81294631958008 244.4409637451172 76.81294631958008 320.6581726074219 50.681175231933594 320.6581726074219
44.44632339477539 243.51272583007812 70.29309844970703 243.51272583007812 70.29309844970703 318.89869689941406 44.44632339477539 318.89869689941406
38.18396759033203 245.67141723632812 64.18497085571289 245.67141723632812 64.18497085571289 319.3286590576172 38.18396759033203 319.3286590576172
30.216806411743164 246.0242462158203 55.9604549407959 246.0242462158203 55.9604549407959 321.1094436645508 30.216806411743164 321.1094436645508
21.429195404052734 247.24365234375 47.25681686401367 247.24365234375 47.25681686401367 322.57376861572266 21.429195404052734 322.57376861572266
15.85163688659668 246.2433624267578 41.69229316711426 246.2433624267578 41.69229316711426 321.61148834228516 15.85163688659668 321.61148834228516
12.288287162780762 247.57876586914062 37.95316410064697 247.57876586914062 37.95316410064697 322.4342041015625 12.288287162780762 322.4342041015625
7.6476945877075195 246.95230102539062 33.73061466217041 246.95230102539062 33.73061466217041 323.0270233154297 7.6476945877075195 323.0270233154297
2.586162567138672 246.1209716796875 28.407146453857422 246.1209716796875 28.407146453857422 321.4317169189453 2.586162567138672 321.4317169189453
0.03861503675580025 248.87869262695312 25.257326889783144 248.87869262695312 25.257326889783144 322.43282318115234 0.03861503675580025 322.43282318115234
0.0 247.48898315429688 24.523334503173828 247.48898315429688 24.523334503173828 319.0149383544922 0.0 319.0149383544922
0.0 243.7041015625 23.92947769165039 243.7041015625 23.92947769165039 313.49798583984375 0.0 313.49798583984375
0.0 247.7293701171875 23.75507164001465 247.7293701171875 23.75507164001465 317.0145721435547 0.0 317.0145721435547
10.048162460327148 251.7306671142578 33.84451103210449 251.7306671142578 33.84451103210449 321.1362609863281 10.048162460327148 321.1362609863281
65.36314392089844 255.72787475585938 89.2762508392334 255.72787475585938 89.2762508392334 325.47401428222656 65.36314392089844 325.47401428222656
102.43436431884766 223.6713409423828 126.30091094970703 223.6713409423828 126.30091094970703 293.28167724609375 102.43436431884766 293.28167724609375
92.42632293701172 228.07315063476562 115.60857963562012 228.07315063476562 115.60857963562012 295.6876449584961 92.42632293701172 295.6876449584961
87.181396484375 230.9449462890625 110.4982852935791 230.9449462890625 110.4982852935791 298.95211029052734 87.181396484375 298.95211029052734
82.87577819824219 234.27499389648438 106.40607833862305 234.27499389648438 106.40607833862305 302.90460205078125 82.87577819824219 302.90460205078125
79.24549865722656 229.81417846679688 102.76383018493652 229.81417846679688 102.76383018493652 298.4088668823242 79.24549865722656 298.4088668823242
75.95306396484375 225.9148406982422 99.72608184814453 225.9148406982422 99.72608184814453 295.2523651123047 75.95306396484375 295.2523651123047
72.94404602050781 224.04989624023438 96.97394180297852 224.04989624023438 96.97394180297852 294.1366424560547 72.94404602050781 294.1366424560547
70.45352172851562 225.4413299560547 94.4134578704834 225.4413299560547 94.4134578704834 295.32403564453125 70.45352172851562 295.32403564453125
67.76899719238281 227.17593383789062 91.64555358886719 227.17593383789062 91.64555358886719 296.8154525756836 67.76899719238281 296.8154525756836
65.61213684082031 224.6213836669922 89.35609817504883 224.6213836669922 89.35609817504883 293.8741683959961 65.61213684082031 293.8741683959961
65.21794128417969 223.6907958984375 89.13871383666992 223.6907958984375 89.13871383666992 293.4592819213867 65.21794128417969 293.4592819213867
62.6499137878418 222.57577514648438 86.8032283782959 222.57577514648438 86.8032283782959 293.02249908447266 62.6499137878418 293.02249908447266
59.67915725708008 222.34793090820312 83.5639877319336 222.34793090820312 83.5639877319336 292.01158142089844 59.67915725708008 292.01158142089844
54.22614669799805 220.6865234375 78.14152336120605 220.6865234375 78.14152336120605 290.4392623901367 54.22614669799805 290.4392623901367
46.838462829589844 221.05209350585938 70.60344123840332 221.05209350585938 70.60344123840332 290.36617279052734 46.838462829589844 290.36617279052734
39.11163330078125 219.77041625976562 63.237518310546875 219.77041625976562 63.237518310546875 290.1371307373047 39.11163330078125 290.1371307373047
30.99542808532715 220.1107177734375 55.4544792175293 220.1107177734375 55.4544792175293 291.44915771484375 30.99542808532715 291.44915771484375
21.33100700378418 218.6185760498047 45.83640480041504 218.6185760498047 45.83640480041504 290.0921859741211 21.33100700378418 290.0921859741211
11.97046184539795 218.0095977783203 36.0172700881958 218.0095977783203 36.0172700881958 288.1456604003906 11.97046184539795 288.1456604003906
0.0 215.73428344726562 24.58755874633789 215.73428344726562 24.58755874633789 287.44752502441406 0.0 287.44752502441406
6.408746242523193 214.5640869140625 30.678136348724365 214.5640869140625 30.678136348724365 285.3493423461914 6.408746242523193 285.3493423461914
0.0 216.332763671875 23.803874969482422 216.332763671875 23.803874969482422 285.7602767944336 0.0 285.7602767944336
35.67573165893555 201.97821044921875 58.72451591491699 201.97821044921875 58.72451591491699 269.2033920288086 35.67573165893555 269.2033920288086
84.24281311035156 212.19189453125 107.71881484985352 212.19189453125 107.71881484985352 280.6631164550781 84.24281311035156 280.6631164550781
77.9306869506836 217.9110870361328 101.25762367248535 217.9110870361328 101.25762367248535 285.9475402832031 77.9306869506836 285.9475402832031
70.44476318359375 221.7438507080078 93.74905586242676 221.7438507080078 93.74905586242676 289.7142562866211 70.44476318359375 289.7142562866211
59.63458251953125 218.88827514648438 83.03025245666504 218.88827514648438 83.03025245666504 287.1251983642578 59.63458251953125 287.1251983642578
55.12477493286133 220.9080810546875 78.43073081970215 220.9080810546875 78.43073081970215 288.88333892822266 55.12477493286133 288.88333892822266
47.237979888916016 219.66781616210938 70.486328125 219.66781616210938 70.486328125 287.4750518798828 47.237979888916016 287.4750518798828
47.081138610839844 216.87075805664062 70.52681732177734 216.87075805664062 70.52681732177734 285.2535400390625 47.081138610839844 285.2535400390625
36.03591537475586 217.1421356201172 59.41694259643555 217.1421356201172 59.41694259643555 285.3363494873047 36.03591537475586 285.3363494873047
32.983375549316406 213.0603790283203 56.1497917175293 213.0603790283203 56.1497917175293 280.62864685058594 32.983375549316406 280.62864685058594
28.274478912353516 204.99752807617188 51.13996124267578 204.99752807617188 51.13996124267578 272.1258010864258 28.274478912353516 272.1258010864258
31.777393341064453 201.14987182617188 55.25259017944336 201.14987182617188 55.25259017944336 267.1421356201172 31.777393341064453 267.1421356201172
36.48383331298828 198.03636169433594 59.29995155334473 198.03636169433594 59.29995155334473 264.5829315185547 36.48383331298828 264.5829315185547
45.27687454223633 192.9509735107422 68.18828582763672 192.9509735107422 68.18828582763672 259.77547454833984 45.27687454223633 259.77547454833984
53.70935821533203 190.29421997070312 76.55179214477539 190.29421997070312 76.55179214477539 256.9175491333008 53.70935821533203 256.9175491333008
52.591400146484375 190.87905883789062 75.28932762145996 190.87905883789062 75.28932762145996 257.08091735839844 52.591400146484375 257.08091735839844
50.752716064453125 193.07945251464844 73.45059394836426 193.07945251464844 73.45059394836426 259.2811584472656 50.752716064453125 259.2811584472656
47.400474548339844 193.80184936523438 69.98848724365234 193.80184936523438 69.98848724365234 259.68312072753906 47.400474548339844 259.68312072753906
51.63490676879883 194.53085327148438 74.25079536437988 194.53085327148438 74.25079536437988 260.4934310913086 51.63490676879883 260.4934310913086
58.95149612426758 194.1804656982422 81.39439010620117 194.1804656982422 81.39439010620117 259.6384735107422 58.95149612426758 259.6384735107422
67.42640686035156 196.2161102294922 89.72522926330566 196.2161102294922 89.72522926330566 261.25390625 67.42640686035156 261.25390625
76.3248519897461 197.11300659179688 98.70894432067871 197.11300659179688 98.70894432067871 262.3995056152344 76.3248519897461 262.3995056152344
74.21638488769531 196.528564453125 96.95009422302246 196.528564453125 96.95009422302246 262.83477783203125 74.21638488769531 262.83477783203125
61.668373107910156 198.5757598876953 84.47266960144043 198.5757598876953 84.47266960144043 265.0878601074219 61.668373107910156 265.0878601074219
39.41079330444336 198.19955444335938 62.23017883300781 198.19955444335938 62.23017883300781 264.7556686401367 39.41079330444336 264.7556686401367
13.464444160461426 208.3486328125 36.31745624542236 208.3486328125 36.31745624542236 275.0028305053711 13.464444160461426 275.0028305053711
0.0 215.75344848632812 22.93227195739746 215.75344848632812 22.93227195739746 282.6388168334961 0.0 282.6388168334961
3.192434787750244 224.60275268554688 26.583448886871338 224.60275268554688 26.583448886871338 292.82611083984375 3.192434787750244 292.82611083984375
0.0 229.6544189453125 23.54355239868164 229.6544189453125 23.54355239868164 298.3226776123047 0.0 298.3226776123047
0.0 233.11279296875 23.70107078552246 233.11279296875 23.70107078552246 302.24048614501953 0.0 302.24048614501953
0.0 230.1637420654297 24.258678436279297 230.1637420654297 24.258678436279297 300.91778564453125 0.0 300.91778564453125
0.0 224.98348999023438 24.728818893432617 224.98348999023438 24.728818893432617 297.10877227783203 0.0 297.10877227783203
0.034220315515995026 215.1345672607422 25.29781398922205 215.1345672607422 25.29781398922205 288.81959533691406 0.034220315515995026 288.81959533691406
16.93463134765625 194.06922912597656 42.41787147521973 194.06922912597656 42.41787147521973 268.39488983154297 16.93463134765625 268.39488983154297
0.0 129.75503540039062 25.564165115356445 129.75503540039062 25.564165115356445 204.3167266845703 0.0 204.3167266845703
9.833369255065918 54.8944091796875 35.62638759613037 54.8944091796875 35.62638759613037 130.1235809326172 9.833369255065918 130.1235809326172
0.0 8.946396827697754 25.922775268554688 8.946396827697754 25.922775268554688 84.5540246963501 0.0 84.5540246963501
18.89505958557129 0.1375938355922699 45.47329521179199 0.1375938355922699 45.47329521179199 77.65696486830711 18.89505958557129 77.65696486830711
71.90926361083984 0.0 98.56937980651855 0.0 98.56937980651855 77.75818634033203 71.90926361083984 77.75818634033203
64.28060150146484 0.0 92.04216384887695 0.0 92.04216384887695 80.97071838378906 64.28060150146484 80.97071838378906
55.09967803955078 0.0 82.97212028503418 0.0 82.97212028503418 81.29411315917969 55.09967803955078 81.29411315917969
49.47887420654297 0.0 76.58544731140137 0.0 76.58544731140137 79.06034851074219 49.47887420654297 79.06034851074219
45.89329147338867 0.0 73.33732604980469 0.0 73.33732604980469 80.04460144042969 45.89329147338867 80.04460144042969
40.60025405883789 0.0 67.94942092895508 0.0 67.94942092895508 79.76789855957031 40.60025405883789 79.76789855957031
34.91614532470703 0.0 63.147315979003906 0.0 63.147315979003906 82.34039306640625 34.91614532470703 82.34039306640625
30.417505264282227 0.0 58.90471267700195 0.0 58.90471267700195 83.08716583251953 30.417505264282227 83.08716583251953
29.734607696533203 0.0 58.08488845825195 0.0 58.08488845825195 82.68780517578125 29.734607696533203 82.68780517578125
26.821643829345703 0.0 54.74381446838379 0.0 54.74381446838379 81.43916320800781 26.821643829345703 81.43916320800781
26.746652603149414 0.0 53.82118034362793 0.0 53.82118034362793 78.96688079833984 26.746652603149414 78.96688079833984
27.779338836669922 0.0 54.813371658325195 0.0 54.813371658325195 78.8487777709961 27.779338836669922 78.8487777709961
31.3651065826416 0.0 57.55324172973633 0.0 57.55324172973633 76.38158416748047 31.3651065826416 76.38158416748047
35.25812530517578 0.0 61.50056266784668 0.0 61.50056266784668 76.53996276855469 35.25812530517578 76.53996276855469
36.4395751953125 0.0 63.143917083740234 0.0 63.143917083740234 77.88717651367188 36.4395751953125 77.88717651367188
35.610076904296875 0.0 62.2609748840332 0.0 62.2609748840332 77.7313003540039 35.610076904296875 77.7313003540039
32.316322326660156 0.0 58.36692428588867 0.0 58.36692428588867 75.98045349121094 32.316322326660156 75.98045349121094
29.276636123657227 0.0 55.1064510345459 0.0 55.1064510345459 75.33650207519531 29.276636123657227 75.33650207519531
26.169443130493164 0.0 51.26987075805664 0.0 51.26987075805664 73.20913696289062 26.169443130493164 73.20913696289062
18.77855110168457 0.05782623216509819 43.62123680114746 0.05782623216509819 43.62123680114746 72.51521606370807 18.77855110168457 72.51521606370807
13.82328987121582 0.0 38.84733200073242 0.0 38.84733200073242 72.98634338378906 13.82328987121582 72.98634338378906
12.213218688964844 0.0 38.00085258483887 0.0 38.00085258483887 75.21347045898438 12.213218688964844 75.21347045898438
12.946383476257324 0.0 39.39405155181885 0.0 39.39405155181885 77.13856506347656 12.946383476257324 77.13856506347656
11.958114624023438 0.0 38.72061538696289 0.0 38.72061538696289 78.05682373046875 11.958114624023438 78.05682373046875
8.509173393249512 0.0 36.144680976867676 0.0 36.144680976867676 80.60307312011719 8.509173393249512 80.60307312011719
7.471566200256348 0.0 36.03609561920166 0.0 36.03609561920166 83.31271362304688 7.471566200256348 83.31271362304688
10.846549987792969 0.0 40.16076469421387 0.0 40.16076469421387 85.49928283691406 10.846549987792969 85.49928283691406
13.437199592590332 0.0 42.688307762145996 0.0 42.688307762145996 85.31522369384766 13.437199592590332 85.31522369384766
11.814997673034668 0.0 41.227158546447754 0.0 41.227158546447754 85.78495788574219 11.814997673034668 85.78495788574219
12.08942699432373 0.0 41.30566883087158 0.0 41.30566883087158 85.21353149414062 12.08942699432373 85.21353149414062
13.228779792785645 0.0 42.27587413787842 0.0 42.27587413787842 84.72019958496094 13.228779792785645 84.72019958496094
15.026926040649414 0.0 43.73899269104004 0.0 43.73899269104004 83.74303436279297 15.026926040649414 83.74303436279297
15.343057632446289 0.0 44.1627254486084 0.0 44.1627254486084 84.05686950683594 15.343057632446289 84.05686950683594
15.48413372039795 0.0 44.00196170806885 0.0 44.00196170806885 83.17649841308594 15.48413372039795 83.17649841308594
16.272729873657227 0.0 45.23125648498535 0.0 45.23125648498535 84.46186828613281 16.272729873657227 84.46186828613281
15.651165962219238 0.0 44.413636207580566 0.0 44.413636207580566 83.8900375366211 15.651165962219238 83.8900375366211
15.880223274230957 0.0 44.591877937316895 0.0 44.591877937316895 83.7418212890625 15.880223274230957 83.7418212890625
16.042255401611328 0.0 45.335693359375 0.0 45.335693359375 85.43868255615234 16.042255401611328 85.43868255615234
14.648117065429688 0.0 43.714473724365234 0.0 43.714473724365234 84.77638244628906 14.648117065429688 84.77638244628906
13.7097749710083 0.0 41.830445289611816 0.0 41.830445289611816 82.01815032958984 13.7097749710083 82.01815032958984
14.477775573730469 0.07120895385742188 42.557682037353516 0.07120895385742188 42.557682037353516 81.9704704284668 14.477775573730469 81.9704704284668
11.824407577514648 0.0 39.48287010192871 0.0 39.48287010192871 80.67005920410156 11.824407577514648 80.67005920410156
13.762927055358887 0.02236022986471653 40.521666526794434 0.02236022986471653 40.521666526794434 78.06825866736472 13.762927055358887 78.06825866736472
13.58446979522705 0.0 40.29386234283447 0.0 40.29386234283447 77.90196228027344 13.58446979522705 77.90196228027344
10.16299819946289 0.0 36.59403991699219 0.0 36.59403991699219 77.09011840820312 10.16299819946289 77.09011840820312
11.592287063598633 0.0 38.18471908569336 0.0 38.18471908569336 77.56082916259766 11.592287063598633 77.56082916259766
11.929654121398926 0.0 38.640915870666504 0.0 38.640915870666504 77.90740203857422 11.929654121398926 77.90740203857422
5.276949405670166 0.0 32.058218479156494 0.0 32.058218479156494 78.11158752441406 5.276949405670166 78.11158752441406
2.7538106441497803 0.0 29.483588933944702 0.0 29.483588933944702 77.96141052246094 2.7538106441497803 77.96141052246094
4.546597957611084 0.0 31.304206371307373 0.0 31.304206371307373 78.0425796508789 4.546597957611084 78.0425796508789
1.7295852899551392 0.0 28.20951998233795 0.0 28.20951998233795 77.23269653320312 1.7295852899551392 77.23269653320312
2.146602153778076 0.0 28.489930629730225 0.0 28.489930629730225 76.83426666259766 2.146602153778076 76.83426666259766
0.5527805089950562 0.0 26.480657935142517 0.0 26.480657935142517 75.62254333496094 0.5527805089950562 75.62254333496094
0.2544969618320465 0.0 25.76810398697853 0.0 25.76810398697853 74.41426849365234 0.2544969618320465 74.41426849365234
0.0 0.0 26.332950592041016 0.0 26.332950592041016 76.80400848388672 0.0 76.80400848388672
0.0 0.0 25.100433349609375 0.0 25.100433349609375 73.20919036865234 0.0 73.20919036865234
0.0 1.5239204168319702 25.707324981689453 1.5239204168319702 25.707324981689453 76.50320661067963 0.0 76.50320661067963
0.0 0.0 26.783056259155273 0.0 26.783056259155273 78.1168212890625 0.0 78.1168212890625
0.6983093023300171 0.0 27.530737280845642 0.0 27.530737280845642 78.26082611083984 0.6983093023300171 78.26082611083984
0.0 0.0 27.460704803466797 0.0 27.460704803466797 80.0932846069336 0.0 80.0932846069336
0.0 0.0 27.74007797241211 0.0 27.74007797241211 80.90812683105469 0.0 80.90812683105469
0.12733420729637146 0.0 27.278560250997543 0.0 27.278560250997543 79.1906509399414 0.12733420729637146 79.1906509399414
0.21535949409008026 0.0 27.648840710520744 0.0 27.648840710520744 80.0138931274414 0.21535949409008026 80.0138931274414
0.2880619168281555 0.0 27.09250146150589 0.0 27.09250146150589 78.17919158935547 0.2880619168281555 78.17919158935547
0.17848949134349823 0.0 26.4495962113142 0.0 26.4495962113142 76.6236343383789 0.17848949134349823 76.6236343383789
0.0 0.0 26.820690155029297 0.0 26.820690155029297 78.22657775878906 0.0 78.22657775878906
0.0 0.0 26.40850830078125 0.0 26.40850830078125 77.02439880371094 0.0 77.02439880371094
0.032912444323301315 0.0 25.30792159959674 0.0 25.30792159959674 73.71837615966797 0.032912444323301315 73.71837615966797
0.0 0.0 25.024131774902344 0.0 25.024131774902344 72.98664855957031 0.0 72.98664855957031
0.0 0.0004241943242959678 25.048749923706055 0.0004241943242959678 25.048749923706055 73.0588729858282 0.0 73.0588729858282
0.0 0.050147246569395065 25.724140167236328 0.050147246569395065 25.724140167236328 75.0784675590694 0.0 75.0784675590694
0.04760169982910156 0.0 25.091323852539062 0.0 25.091323852539062 73.04377746582031 0.04760169982910156 73.04377746582031
0.008759689517319202 0.0 25.15748901385814 0.0 25.15748901385814 73.35005187988281 0.008759689517319202 73.35005187988281
0.0 0.0 25.71005630493164 0.0 25.71005630493164 74.98724365234375 0.0 74.98724365234375
0.06282024085521698 0.0 26.80959491431713 0.0 26.80959491431713 78.01097869873047 0.06282024085521698 78.01097869873047
0.0 0.0 27.138896942138672 0.0 27.138896942138672 79.1546630859375 0.0 79.1546630859375
0.0 0.9626434445381165 26.76861000061035 0.9626434445381165 26.76861000061035 79.03731232881546 0.0 79.03731232881546
0.0 0.9004837274551392 26.693023681640625 0.9004837274551392 26.693023681640625 78.75468599796295 0.0 78.75468599796295
0.08136463165283203 2.410259246826172 27.272393226623535 2.410259246826172 27.272393226623535 81.71697616577148 0.08136463165283203 81.71697616577148
0.0 2.132586717605591 26.439416885375977 2.132586717605591 26.439416885375977 79.24711918830872 0.0 79.24711918830872
0.0 5.407279014587402 26.36056900024414 5.407279014587402 26.36056900024414 82.29183864593506 0.0 82.29183864593506
0.0 3.859774112701416 26.356216430664062 3.859774112701416 26.356216430664062 80.73163843154907 0.0 80.73163843154907
0.0 4.3503594398498535 26.62961769104004 4.3503594398498535 26.62961769104004 82.0196328163147 0.0 82.0196328163147
0.0 2.6438088417053223 26.29779052734375 2.6438088417053223 26.29779052734375 79.34526300430298 0.0 79.34526300430298
0.0 1.2667595148086548 26.670711517333984 1.2667595148086548 26.670711517333984 79.05589830875397 0.0 79.05589830875397
0.0 0.0 27.381206512451172 0.0 27.381206512451172 79.86140441894531 0.0 79.86140441894531
0.0 0.0 26.851404190063477 0.0 26.851404190063477 78.31614685058594 0.0 78.31614685058594
0.0 0.0 26.84658432006836 0.0 26.84658432006836 78.30209350585938 0.0 78.30209350585938
0.0 0.0 26.83169937133789 0.0 26.83169937133789 78.25867462158203 0.0 78.25867462158203
0.0 0.0 26.46341896057129 0.0 26.46341896057129 77.18453216552734 0.0 77.18453216552734
0.0 0.0 27.467426300048828 0.0 27.467426300048828 80.11286926269531 0.0 80.11286926269531
0.0 0.0 27.485294342041016 0.0 27.485294342041016 80.16497802734375 0.0 80.16497802734375
0.0 0.0 26.53110122680664 0.0 26.53110122680664 77.38192749023438 0.0 77.38192749023438
0.0 0.0 26.462411880493164 0.0 26.462411880493164 77.18158721923828 0.0 77.18158721923828
0.0 0.0 25.5676326751709 0.0 25.5676326751709 74.57183074951172 0.0 74.57183074951172
0.0 0.07973556220531464 25.36385726928711 0.07973556220531464 25.36385726928711 74.0572212189436 0.0 74.0572212189436
0.0 0.0 26.0241756439209 0.0 26.0241756439209 75.90340423583984 0.0 75.90340423583984
0.021247291937470436 0.0 27.093203926458955 0.0 27.093203926458955 78.95941925048828 0.021247291937470436 78.95941925048828
0.0 0.0 26.981252670288086 0.0 26.981252670288086 78.69486999511719 0.0 78.69486999511719
0.0 4.5004425048828125 26.561132431030273 4.5004425048828125 26.561132431030273 81.969970703125 0.0 81.969970703125
0.0 5.377875328063965 26.103954315185547 5.377875328063965 26.103954315185547 81.51398372650146 0.0 81.51398372650146
0.0 5.750382423400879 25.695297241210938 5.750382423400879 25.695297241210938 80.69458103179932 0.0 80.69458103179932
0.0 3.587364912033081 25.837493896484375 3.587364912033081 25.837493896484375 78.94629740715027 0.0 78.94629740715027
0.0 3.7135519981384277 25.376399993896484 3.7135519981384277 25.376399993896484 77.72763586044312 0.0 77.72763586044312
0.0 5.042754173278809 25.442203521728516 5.042754173278809 25.442203521728516 79.24876308441162 0.0 79.24876308441162
0.0 5.138803005218506 24.889848709106445 5.138803005218506 24.889848709106445 77.73378896713257 0.0 77.73378896713257
0.0 1.8723335266113281 24.99544906616211 1.8723335266113281 24.99544906616211 74.77531814575195 0.0 74.77531814575195
0.0 1.351963758468628 24.89906120300293 1.351963758468628 24.89906120300293 73.97382044792175 0.0 73.97382044792175
0.0 2.4446029663085938 25.075679779052734 2.4446029663085938 25.075679779052734 75.58158874511719 0.0 75.58158874511719
0.0 2.236914873123169 24.812755584716797 2.236914873123169 24.812755584716797 74.60704731941223 0.0 74.60704731941223
0.0 2.275212049484253 24.85386085510254 2.275212049484253 24.85386085510254 74.76522517204285 0.0 74.76522517204285
0.0 2.0498039722442627 25.24502182006836 2.0498039722442627 25.24502182006836 75.68070912361145 0.0 75.68070912361145
0.013839339837431908 1.7887252569198608 25.188584899529815 1.7887252569198608 25.188584899529815 75.21465909481049 0.013839339837431908 75.21465909481049
0.0 1.4692329168319702 25.117446899414062 1.4692329168319702 25.117446899414062 74.7280524969101 0.0 74.7280524969101
0.014942931942641735 0.8639274835586548 25.231667327694595 0.8639274835586548 25.231667327694595 74.41230547428131 0.014942931942641735 74.41230547428131
0.0 2.005988359451294 25.3774471282959 2.005988359451294 25.3774471282959 76.02314686775208 0.0 76.02314686775208
0.0 2.1157310009002686 24.98178482055664 2.1157310009002686 24.98178482055664 74.9788749217987 0.0 74.9788749217987
0.0 2.392333984375 25.284481048583984 2.392333984375 25.284481048583984 76.1383285522461 0.0 76.1383285522461
0.0 1.8566573858261108 25.7224063873291 1.8566573858261108 25.7224063873291 76.87992703914642 0.0 76.87992703914642
0.0 1.8872299194335938 25.713558197021484 1.8872299194335938 25.713558197021484 76.88468933105469 0.0 76.88468933105469
0.0 0.054282378405332565 26.494441986083984 0.054282378405332565 26.494441986083984 77.32931442186236 0.0 77.32931442186236
0.0 0.0 26.446056365966797 0.0 26.446056365966797 77.1339111328125 0.0 77.1339111328125
0.0 1.6026779413223267 26.565475463867188 1.6026779413223267 26.565475463867188 79.08489382266998 0.0 79.08489382266998
0.0 0.5575599670410156 26.916645050048828 0.5575599670410156 26.916645050048828 79.06401443481445 0.0 79.06401443481445
0.0 0.0 27.15871810913086 0.0 27.15871810913086 79.2125015258789 0.0 79.2125015258789
0.0 0.0 27.06526756286621 0.0 27.06526756286621 78.93993377685547 0.0 78.93993377685547
0.0 2.240654706954956 26.648666381835938 2.240654706954956 26.648666381835938 79.96550822257996 0.0 79.96550822257996
0.0 3.103635311126709 26.576679229736328 3.103635311126709 26.576679229736328 80.61851263046265 0.0 80.61851263046265
0.0 4.152884483337402 26.411224365234375 4.152884483337402 26.411224365234375 81.18518733978271 0.0 81.18518733978271
0.0 4.700352668762207 25.851476669311523 4.700352668762207 25.851476669311523 80.10006427764893 0.0 80.10006427764893
0.0 4.7817583084106445 26.024133682250977 4.7817583084106445 26.024133682250977 80.68504810333252 0.0 80.68504810333252
0.0 5.793806552886963 25.604848861694336 5.793806552886963 25.604848861694336 80.4741883277893 0.0 80.4741883277893
0.0 5.4873151779174805 25.519149780273438 5.4873151779174805 25.519149780273438 79.91774272918701 0.0 79.91774272918701
0.0 6.773187160491943 24.9573917388916 6.773187160491943 24.9573917388916 79.56516408920288 0.0 79.56516408920288
0.0 4.231973171234131 24.418052673339844 4.231973171234131 24.418052673339844 75.45089101791382 0.0 75.45089101791382
0.0 4.274665832519531 24.018768310546875 4.274665832519531 24.018768310546875 74.32901000976562 0.0 74.32901000976562
0.0 4.0680694580078125 23.67796516418457 4.0680694580078125 23.67796516418457 73.12841033935547 0.0 73.12841033935547
0.0 4.8383026123046875 23.84040641784668 4.8383026123046875 23.84040641784668 74.3724365234375 0.0 74.3724365234375
0.0 4.679826259613037 23.84420394897461 4.679826259613037 23.84420394897461 74.22503805160522 0.0 74.22503805160522
0.0 5.833693027496338 23.956974029541016 5.833693027496338 23.956974029541016 75.70781564712524 0.0 75.70781564712524
0.0 4.586830139160156 23.743865966796875 4.586830139160156 23.743865966796875 73.83940124511719 0.0 73.83940124511719
0.0 3.867333173751831 23.586177825927734 3.867333173751831 23.586177825927734 72.65998148918152 0.0 72.65998148918152
0.0 3.058244228363037 23.524503707885742 3.058244228363037 23.524503707885742 71.67101430892944 0.0 71.67101430892944
0.0 3.0002028942108154 23.78121566772461 3.0002028942108154 23.78121566772461 72.3617217540741 0.0 72.3617217540741
0.0 3.114077091217041 23.838241577148438 3.114077091217041 23.838241577148438 72.6419243812561 0.0 72.6419243812561
0.0 1.9792060852050781 23.841670989990234 1.9792060852050781 23.841670989990234 71.51705551147461 0.0 71.51705551147461
0.0 1.7068984508514404 23.707916259765625 1.7068984508514404 23.707916259765625 70.85462641716003 0.0 70.85462641716003
0.0 0.14458847045898438 24.03487777709961 0.14458847045898438 24.03487777709961 70.24594497680664 0.0 70.24594497680664
0.0 0.47766798734664917 23.58111000061035 0.47766798734664917 23.58111000061035 69.25554579496384 0.0 69.25554579496384
0.0 0.0012557983864098787 23.973567962646484 0.0012557983864098787 23.973567962646484 69.92380218510516 0.0 69.92380218510516
0.0 0.0 23.9421443939209 0.0 23.9421443939209 69.83090209960938 0.0 69.83090209960938
0.0 0.0 23.534385681152344 0.0 23.534385681152344 68.64161682128906 0.0 68.64161682128906
0.0 0.0 23.441680908203125 0.0 23.441680908203125 68.37123107910156 0.0 68.37123107910156
0.0 0.0 23.51544189453125 0.0 23.51544189453125 68.58637237548828 0.0 68.58637237548828
0.0 0.0 23.642072677612305 0.0 23.642072677612305 68.95570373535156 0.0 68.95570373535156
0.0 0.0 23.587753295898438 0.0 23.587753295898438 68.79727935791016 0.0 68.79727935791016
0.0 0.0 23.499906539916992 0.0 23.499906539916992 68.54106140136719 0.0 68.54106140136719
0.0 0.0 23.586956024169922 0.0 23.586956024169922 68.79496002197266 0.0 68.79496002197266
0.0 0.0 23.523740768432617 0.0 23.523740768432617 68.61058044433594 0.0 68.61058044433594
0.0 0.06699981540441513 23.589908599853516 0.06699981540441513 23.589908599853516 68.87057342380285 0.0 68.87057342380285
0.0 0.0 23.5262508392334 0.0 23.5262508392334 68.61790466308594 0.0 68.61790466308594
0.0 0.0 23.56924819946289 0.0 23.56924819946289 68.74331665039062 0.0 68.74331665039062
0.0 0.0 23.525190353393555 0.0 23.525190353393555 68.61480712890625 0.0 68.61480712890625
0.0 0.0 23.595134735107422 0.0 23.595134735107422 68.81880950927734 0.0 68.81880950927734
0.0 0.751330554485321 23.464208602905273 0.751330554485321 23.464208602905273 69.18827360868454 0.0 69.18827360868454
0.0 0.6497558355331421 23.54833984375 0.6497558355331421 23.54833984375 69.33208310604095 0.0 69.33208310604095
0.0 0.473715215921402 23.59905242919922 0.473715215921402 23.59905242919922 69.30395355820656 0.0 69.30395355820656
0.0 0.0 23.514490127563477 0.0 23.514490127563477 68.58360290527344 0.0 68.58360290527344
0.0 0.0 23.484189987182617 0.0 23.484189987182617 68.49522399902344 0.0 68.49522399902344
0.0 0.03389892727136612 23.514450073242188 0.03389892727136612 23.514450073242188 68.6173797622323 0.0 68.6173797622323
0.0 0.0 23.5438289642334 0.0 23.5438289642334 68.66917419433594 0.0 68.66917419433594
0.0 0.9400016665458679 23.57823371887207 0.9400016665458679 23.57823371887207 69.7095176577568 0.0 69.7095176577568
0.0 1.847712755203247 23.568098068237305 1.847712755203247 23.568098068237305 70.58766484260559 0.0 70.58766484260559
0.0 2.0335030555725098 23.597732543945312 2.0335030555725098 23.597732543945312 70.85988092422485 0.0 70.85988092422485
0.0 1.5530754327774048 23.68116569519043 1.5530754327774048 23.68116569519043 70.6228004693985 0.0 70.6228004693985
0.0 0.8418823480606079 23.71332550048828 0.8418823480606079 23.71332550048828 70.00540316104889 0.0 70.00540316104889
0.0 0.0 23.561634063720703 0.0 23.561634063720703 68.7210922241211 0.0 68.7210922241211
0.0 0.0 23.530099868774414 0.0 23.530099868774414 68.62911224365234 0.0 68.62911224365234
0.0 2.1688308715820312 23.623291015625 2.1688308715820312 23.623291015625 71.06975555419922 0.0 71.06975555419922
0.0 0.0 23.532197952270508 0.0 23.532197952270508 68.63523864746094 0.0 68.63523864746094
0.0 0.3339675962924957 23.621654510498047 0.3339675962924957 23.621654510498047 69.23012390732765 0.0 69.23012390732765
0.0 1.4319915771484375 23.567651748657227 1.4319915771484375 23.567651748657227 70.17063903808594 0.0 70.17063903808594
0.0 0.9061363339424133 23.556652069091797 0.9061363339424133 23.556652069091797 69.612702190876 0.0 69.612702190876
0.0 2.301640272140503 23.819438934326172 2.301640272140503 23.819438934326172 71.774662733078 0.0 71.774662733078
0.0 0.0 23.649972915649414 0.0 23.649972915649414 68.97874450683594 0.0 68.97874450683594
0.0 1.4615890979766846 23.695556640625 1.4615890979766846 23.695556640625 70.57327580451965 0.0 70.57327580451965
0.0 0.0 23.56583023071289 0.0 23.56583023071289 68.73332214355469 0.0 68.73332214355469
0.0 0.0 23.564708709716797 0.0 23.564708709716797 68.73004913330078 0.0 68.73004913330078
0.0 0.0 23.624042510986328 0.0 23.624042510986328 68.90310668945312 0.0 68.90310668945312
0.0 0.0 23.431135177612305 0.0 23.431135177612305 68.34046936035156 0.0 68.34046936035156
0.0 0.15327301621437073 23.500736236572266 0.15327301621437073 23.500736236572266 68.69674530625343 0.0 68.69674530625343
0.0 0.08574981987476349 23.77774429321289 0.08574981987476349 23.77774429321289 69.43715210258961 0.0 69.43715210258961
0.0 0.0 23.87607765197754 0.0 23.87607765197754 69.63819885253906 0.0 69.63819885253906
0.0 0.0 23.966487884521484 0.0 23.966487884521484 69.90189361572266 0.0 69.90189361572266
0.0 0.0 23.54879379272461 0.0 23.54879379272461 68.68362426757812 0.0 68.68362426757812
0.0 0.040932465344667435 23.625181198120117 0.040932465344667435 23.625181198120117 68.94735031202435 0.0 68.94735031202435
0.0 0.0 23.616641998291016 0.0 23.616641998291016 68.88151550292969 0.0 68.88151550292969
0.0 0.0 23.570112228393555 0.0 23.570112228393555 68.74580383300781 0.0 68.74580383300781
0.0 0.0 23.618728637695312 0.0 23.618728637695312 68.88760375976562 0.0 68.88760375976562
0.0 0.0 23.548450469970703 0.0 23.548450469970703 68.6826171875 0.0 68.6826171875
0.0 0.0 23.430973052978516 0.0 23.430973052978516 68.3399658203125 0.0 68.3399658203125
0.0 0.027715301141142845 23.519506454467773 0.027715301141142845 23.519506454467773 68.62590560875833 0.0 68.62590560875833
0.0 0.0 23.571866989135742 0.0 23.571866989135742 68.75090789794922 0.0 68.75090789794922
0.0 0.0 23.546817779541016 0.0 23.546817779541016 68.67784118652344 0.0 68.67784118652344
0.0 0.0 23.571075439453125 0.0 23.571075439453125 68.74858856201172 0.0 68.74858856201172
0.0 0.0 23.54854965209961 0.0 23.54854965209961 68.6828842163086 0.0 68.6828842163086
0.0 0.0 23.521976470947266 0.0 23.521976470947266 68.60538482666016 0.0 68.60538482666016
0.0 0.0 23.5516300201416 0.0 23.5516300201416 68.6918716430664 0.0 68.6918716430664
0.0 0.0609893798828125 23.518651962280273 0.0609893798828125 23.518651962280273 68.65667724609375 0.0 68.65667724609375
0.0 0.0 23.493698120117188 0.0 23.493698120117188 68.52290344238281 0.0 68.52290344238281
0.0 0.0 23.496036529541016 0.0 23.496036529541016 68.52972412109375 0.0 68.52972412109375
0.0 0.0 23.51052474975586 0.0 23.51052474975586 68.57199096679688 0.0 68.57199096679688
0.0 0.0 23.522621154785156 0.0 23.522621154785156 68.60726928710938 0.0 68.60726928710938
0.0 0.0 23.55902099609375 0.0 23.55902099609375 68.71343994140625 0.0 68.71343994140625
0.0 0.0 23.586605072021484 0.0 23.586605072021484 68.79389190673828 0.0 68.79389190673828
0.0 0.0026000975631177425 23.550539016723633 0.0026000975631177425 23.550539016723633 68.69129791250452 0.0 68.69129791250452
0.0 0.0 23.55498695373535 0.0 23.55498695373535 68.70166778564453 0.0 68.70166778564453
0.0 0.0 23.598127365112305 0.0 23.598127365112305 68.8274917602539 0.0 68.8274917602539
0.0 0.0 23.51028060913086 0.0 23.51028060913086 68.57127380371094 0.0 68.57127380371094
0.0 0.0 23.575260162353516 0.0 23.575260162353516 68.76078796386719 0.0 68.76078796386719
0.0 0.0 23.562711715698242 0.0 23.562711715698242 68.72418212890625 0.0 68.72418212890625
0.0 0.0 23.59574317932129 0.0 23.59574317932129 68.82051849365234 0.0 68.82051849365234
0.0 0.0 23.719959259033203 0.0 23.719959259033203 69.18281555175781 0.0 69.18281555175781
0.0 0.0 23.871612548828125 0.0 23.871612548828125 69.62512969970703 0.0 69.62512969970703
0.0 0.0 23.483295440673828 0.0 23.483295440673828 68.49253845214844 0.0 68.49253845214844
0.0 0.0 23.536521911621094 0.0 23.536521911621094 68.64778137207031 0.0 68.64778137207031
0.0 0.06801986694335938 23.69561195373535 0.06801986694335938 23.69561195373535 69.17981338500977 0.0 69.17981338500977
0.0 0.0 23.686193466186523 0.0 23.686193466186523 69.0843276977539 0.0 69.0843276977539
0.0 1.5855605602264404 23.613109588623047 1.5855605602264404 23.613109588623047 70.45673060417175 0.0 70.45673060417175
0.0 0.0 23.529272079467773 0.0 23.529272079467773 68.62664031982422 0.0 68.62664031982422
0.0 0.026580810546875 23.81131362915039 0.026580810546875 23.81131362915039 69.47583770751953 0.0 69.47583770751953
0.0 0.0 23.939952850341797 0.0 23.939952850341797 69.824462890625 0.0 69.824462890625
0.0 3.6724190711975098 24.147001266479492 3.6724190711975098 24.147001266479492 74.10077905654907 0.0 74.10077905654907
0.0 2.791774034500122 24.195201873779297 2.791774034500122 24.195201873779297 73.36072087287903 0.0 73.36072087287903
0.0 1.4021965265274048 23.851293563842773 1.4021965265274048 23.851293563842773 70.96808397769928 0.0 70.96808397769928
0.0 1.5325286388397217 23.757314682006836 1.5325286388397217 23.757314682006836 70.82432246208191 0.0 70.82432246208191
0.0 0.0 23.56137466430664 0.0 23.56137466430664 68.72030639648438 0.0 68.72030639648438
0.0 0.0 23.49676513671875 0.0 23.49676513671875 68.53186798095703 0.0 68.53186798095703
0.0 0.0 23.581539154052734 0.0 23.581539154052734 68.77912139892578 0.0 68.77912139892578
0.0 0.0 23.588146209716797 0.0 23.588146209716797 68.79838562011719 0.0 68.79838562011719
0.0 0.0 23.51177978515625 0.0 23.51177978515625 68.57564544677734 0.0 68.57564544677734
0.0 0.039643097668886185 23.575332641601562 0.039643097668886185 23.575332641601562 68.80064468458295 0.0 68.80064468458295
0.0 0.0 23.540010452270508 0.0 23.540010452270508 68.6579818725586 0.0 68.6579818725586
0.0 0.0 23.61443519592285 0.0 23.61443519592285 68.87504577636719 0.0 68.87504577636719
0.0 0.0 23.51473045349121 0.0 23.51473045349121 68.58424377441406 0.0 68.58424377441406
0.0 0.0 23.561254501342773 0.0 23.561254501342773 68.71994018554688 0.0 68.71994018554688
0.0 0.0 23.653757095336914 0.0 23.653757095336914 68.98973083496094 0.0 68.98973083496094
0.0 0.0 23.564653396606445 0.0 23.564653396606445 68.72984313964844 0.0 68.72984313964844
0.0 0.0 23.496017456054688 0.0 23.496017456054688 68.52964782714844 0.0 68.52964782714844
0.0 0.10199280083179474 23.493844985961914 0.10199280083179474 23.493844985961914 68.62530060112476 0.0 68.62530060112476
0.0 0.0 23.554569244384766 0.0 23.554569244384766 68.70042419433594 0.0 68.70042419433594
0.0 0.0 23.49043083190918 0.0 23.49043083190918 68.51335906982422 0.0 68.51335906982422
0.0 0.0 23.556760787963867 0.0 23.556760787963867 68.70682525634766 0.0 68.70682525634766
0.0 0.0 23.523250579833984 0.0 23.523250579833984 68.60908508300781 0.0 68.60908508300781
0.0 0.0 23.6131534576416 0.0 23.6131534576416 68.87129974365234 0.0 68.87129974365234
0.0 0.0 23.63582992553711 0.0 23.63582992553711 68.93745422363281 0.0 68.93745422363281
0.0 0.0 23.55544090270996 0.0 23.55544090270996 68.70298767089844 0.0 68.70298767089844
0.0 0.0 23.522991180419922 0.0 23.522991180419922 68.60834503173828 0.0 68.60834503173828
0.0 0.0 23.966093063354492 0.0 23.966093063354492 69.90071105957031 0.0 69.90071105957031
0.0 0.0 23.55792999267578 0.0 23.55792999267578 68.71025085449219 0.0 68.71025085449219
0.0 0.0 23.585247039794922 0.0 23.585247039794922 68.78993225097656 0.0 68.78993225097656
0.0 0.0 23.50898551940918 0.0 23.50898551940918 68.5675048828125 0.0 68.5675048828125
0.0 0.0 23.65382194519043 0.0 23.65382194519043 68.98994445800781 0.0 68.98994445800781
0.0 0.0 24.05396270751953 0.0 24.05396270751953 70.15702056884766 0.0 70.15702056884766
0.0 0.0 23.96890640258789 0.0 23.96890640258789 69.90895080566406 0.0 69.90895080566406
0.0 0.0 23.933773040771484 0.0 23.933773040771484 69.80648040771484 0.0 69.80648040771484
0.0 0.0 23.954355239868164 0.0 23.954355239868164 69.86650848388672 0.0 69.86650848388672
0.0 0.0 23.852893829345703 0.0 23.852893829345703 69.57057189941406 0.0 69.57057189941406
0.0 2.136230432370212e-05 23.84263038635254 2.136230432370212e-05 23.84263038635254 69.54065551757776 0.0 69.54065551757776
0.0 0.03446807712316513 23.5260066986084 0.03446807712316513 23.5260066986084 68.65162505954504 0.0 68.65162505954504
0.0 0.0 23.97027587890625 0.0 23.97027587890625 69.9129409790039 0.0 69.9129409790039
0.0 0.024399567395448685 23.54085350036621 0.024399567395448685 23.54085350036621 68.68487625196576 0.0 68.68487625196576
0.0 0.0 23.991588592529297 0.0 23.991588592529297 69.9751205444336 0.0 69.9751205444336
0.0 0.0 23.58403968811035 0.0 23.58403968811035 68.78644561767578 0.0 68.78644561767578
0.0 0.0 23.582454681396484 0.0 23.582454681396484 68.78182220458984 0.0 68.78182220458984
0.0 0.0 23.49795150756836 0.0 23.49795150756836 68.53535461425781 0.0 68.53535461425781
0.0 0.0 23.564022064208984 0.0 23.564022064208984 68.7280502319336 0.0 68.7280502319336
0.0 0.0 23.474069595336914 0.0 23.474069595336914 68.46569061279297 0.0 68.46569061279297
0.0 0.0 23.498388290405273 0.0 23.498388290405273 68.53662109375 0.0 68.53662109375
0.0 0.0 23.500978469848633 0.0 23.500978469848633 68.54417419433594 0.0 68.54417419433594
0.0 0.0 23.565589904785156 0.0 23.565589904785156 68.73262023925781 0.0 68.73262023925781
0.0 0.0 23.495685577392578 0.0 23.495685577392578 68.52873229980469 0.0 68.52873229980469
0.0 5.061164855957031 24.337047576904297 5.061164855957031 24.337047576904297 76.04385375976562 0.0 76.04385375976562
0.0 3.506234645843506 24.6259708404541 3.506234645843506 24.6259708404541 75.33160543441772 0.0 75.33160543441772
0.0 3.7718284130096436 24.539295196533203 3.7718284130096436 24.539295196533203 75.34439158439636 0.0 75.34439158439636
0.0 4.523036003112793 24.562484741210938 4.523036003112793 24.562484741210938 76.16323375701904 0.0 76.16323375701904
0.0 0.0 25.49740219116211 0.0 25.49740219116211 74.36703491210938 0.0 74.36703491210938
0.0 0.0 25.595294952392578 0.0 25.595294952392578 74.65254974365234 0.0 74.65254974365234
0.0 0.0 25.57411003112793 0.0 25.57411003112793 74.59075927734375 0.0 74.59075927734375
0.0 0.0026542663108557463 25.97714614868164 0.0026542663108557463 25.97714614868164 75.76892776484601 0.0 75.76892776484601
0.0 0.0 25.965957641601562 0.0 25.965957641601562 75.73362731933594 0.0 75.73362731933594
0.0 0.0 25.94588851928711 0.0 25.94588851928711 75.67509460449219 0.0 75.67509460449219
0.0 0.0 25.925918579101562 0.0 25.925918579101562 75.61685180664062 0.0 75.61685180664062
0.0 0.058722686022520065 25.9655818939209 0.058722686022520065 25.9655818939209 75.79126663133502 0.0 75.79126663133502
0.0 0.0 25.590383529663086 0.0 25.590383529663086 74.63822174072266 0.0 74.63822174072266
0.0 0.0 25.5650691986084 0.0 25.5650691986084 74.56439208984375 0.0 74.56439208984375
0.0 2.446640729904175 25.178546905517578 2.446640729904175 25.178546905517578 75.8836829662323 0.0 75.8836829662323
0.0 1.7943871021270752 25.239103317260742 1.7943871021270752 25.239103317260742 75.40804982185364 0.0 75.40804982185364
0.0 3.032268524169922 24.957101821899414 3.032268524169922 24.957101821899414 75.82342910766602 0.0 75.82342910766602
0.0 3.5452659130096436 24.878122329711914 3.5452659130096436 24.878122329711914 76.1060721874237 0.0 76.1060721874237
0.0 4.017195224761963 24.560434341430664 4.017195224761963 24.560434341430664 75.65141916275024 0.0 75.65141916275024
0.0 4.313329219818115 24.439159393310547 4.313329219818115 24.439159393310547 75.59383153915405 0.0 75.59383153915405
0.0 0.9356781244277954 25.355663299560547 0.9356781244277954 25.355663299560547 74.88930666446686 0.0 74.88930666446686
0.017650414258241653 2.7319648265838623 24.962098885327578 2.7319648265838623 24.962098885327578 75.4862220287323 0.017650414258241653 75.4862220287323
0.0 2.6773345470428467 25.06656265258789 2.6773345470428467 25.06656265258789 75.78775477409363 0.0 75.78775477409363
0.0 1.0076110363006592 25.37886619567871 1.0076110363006592 25.37886619567871 75.02891230583191 0.0 75.02891230583191
0.0 3.4471511840820312 25.2518253326416 3.4471511840820312 25.2518253326416 77.09790802001953 0.0 77.09790802001953
0.0 3.260467529296875 25.225595474243164 3.260467529296875 25.225595474243164 76.83472442626953 0.0 76.83472442626953
0.0 4.243838310241699 25.031782150268555 4.243838310241699 25.031782150268555 77.25281047821045 0.0 77.25281047821045
0.0 4.113950252532959 24.722909927368164 4.113950252532959 24.722909927368164 76.22205114364624 0.0 76.22205114364624
0.0 4.012620449066162 24.893165588378906 4.012620449066162 24.893165588378906 76.61730337142944 0.0 76.61730337142944
0.049320220947265625 3.732287645339966 24.95392608642578 3.732287645339966 24.95392608642578 76.37034153938293 0.049320220947265625 76.37034153938293
0.0 3.660271406173706 24.772220611572266 3.660271406173706 24.772220611572266 75.91220927238464 0.0 75.91220927238464
0.0 5.0191497802734375 24.506683349609375 5.0191497802734375 24.506683349609375 76.49661254882812 0.0 76.49661254882812
0.0 3.2578651905059814 24.83566665649414 3.2578651905059814 24.83566665649414 75.69486165046692 0.0 75.69486165046692
0.0 2.7160637378692627 24.84579086303711 2.7160637378692627 24.84579086303711 75.18259358406067 0.0 75.18259358406067
0.0 3.1020150184631348 25.022937774658203 3.1020150184631348 25.022937774658203 76.08522272109985 0.0 76.08522272109985
0.0 2.352794647216797 25.1693115234375 2.352794647216797 25.1693115234375 75.7629280090332 0.0 75.7629280090332
0.0 1.36431884765625 25.35472869873047 1.36431884765625 25.35472869873047 75.31524658203125 0.0 75.31524658203125
0.0 2.09429931640625 25.39354133605957 2.09429931640625 25.39354133605957 76.1584243774414 0.0 76.1584243774414
0.0 0.5039222836494446 25.608163833618164 0.5039222836494446 25.608163833618164 75.1940239071846 0.0 75.1940239071846
0.0 1.6998199224472046 25.440349578857422 1.6998199224472046 25.440349578857422 75.90046536922455 0.0 75.90046536922455
0.0 0.8423881530761719 25.438838958740234 0.8423881530761719 25.438838958740234 75.03863143920898 0.0 75.03863143920898
0.0 1.4730056524276733 25.21230697631836 1.4730056524276733 25.21230697631836 75.00852811336517 0.0 75.00852811336517
0.0 0.0 25.575841903686523 0.0 25.575841903686523 74.59583282470703 0.0 74.59583282470703
0.0 0.811933159828186 25.382057189941406 0.811933159828186 25.382057189941406 74.84255754947662 0.0 74.84255754947662
0.0 0.0 24.69510269165039 0.0 24.69510269165039 72.02702331542969 0.0 72.02702331542969
0.0 0.0 24.458553314208984 0.0 24.458553314208984 71.33708190917969 0.0 71.33708190917969
0.0 0.0 24.424673080444336 0.0 24.424673080444336 71.23826599121094 0.0 71.23826599121094
0.0 0.07546158134937286 25.350467681884766 0.07546158134937286 25.350467681884766 74.01395340263844 0.0 74.01395340263844
0.0 0.0 24.707284927368164 0.0 24.707284927368164 72.06254577636719 0.0 72.06254577636719
0.0 0.0 24.662752151489258 0.0 24.662752151489258 71.93265533447266 0.0 71.93265533447266
0.0 0.0 24.689857482910156 0.0 24.689857482910156 72.01170349121094 0.0 72.01170349121094
0.0 0.0 24.739871978759766 0.0 24.739871978759766 72.15757751464844 0.0 72.15757751464844
0.0 0.0 25.3542423248291 0.0 25.3542423248291 73.94947814941406 0.0 73.94947814941406
0.0 0.0 25.388545989990234 0.0 25.388545989990234 74.04952239990234 0.0 74.04952239990234
0.0 0.0 24.511306762695312 0.0 24.511306762695312 71.49092102050781 0.0 71.49092102050781
0.0 0.0027336119674146175 23.97964859008789 0.0027336119674146175 23.97964859008789 69.94299545278773 0.0 69.94299545278773
0.0 0.0 23.97934913635254 0.0 23.97934913635254 69.93938446044922 0.0 69.93938446044922
0.0 0.11363983154296875 23.512252807617188 0.11363983154296875 23.512252807617188 68.69066619873047 0.0 68.69066619873047
0.0 0.0 23.574621200561523 0.0 23.574621200561523 68.7589340209961 0.0 68.7589340209961
0.0 0.0 24.23676300048828 0.0 24.23676300048828 70.69017028808594 0.0 70.69017028808594
0.0 0.0 24.443166732788086 0.0 24.443166732788086 71.29218292236328 0.0 71.29218292236328
0.0 0.0 24.40873146057129 0.0 24.40873146057129 71.19175720214844 0.0 71.19175720214844
0.0 0.0 24.707195281982422 0.0 24.707195281982422 72.06227111816406 0.0 72.06227111816406
0.0 0.0 24.707965850830078 0.0 24.707965850830078 72.06452941894531 0.0 72.06452941894531
0.0 0.589368462562561 23.775737762451172 0.589368462562561 23.775737762451172 69.93490374088287 0.0 69.93490374088287
0.0 1.2220817804336548 23.68044662475586 1.2220817804336548 23.68044662475586 70.28968584537506 0.0 70.28968584537506
0.0 0.820709228515625 23.8902587890625 0.820709228515625 23.8902587890625 70.50025939941406 0.0 70.50025939941406
0.0 0.36916273832321167 23.73940086364746 0.36916273832321167 23.73940086364746 69.6087104678154 0.0 69.6087104678154
0.0 0.044925689697265625 23.764820098876953 0.044925689697265625 23.764820098876953 69.35860061645508 0.0 69.35860061645508
0.0 0.0 23.799808502197266 0.0 23.799808502197266 69.41572570800781 0.0 69.41572570800781
0.0 0.0 23.835508346557617 0.0 23.835508346557617 69.51985168457031 0.0 69.51985168457031
0.0 0.1400001496076584 23.7764835357666 0.1400001496076584 23.7764835357666 69.48770217597485 0.0 69.48770217597485
0.0 0.09376068413257599 23.562358856201172 0.09376068413257599 23.562358856201172 68.8169357329607 0.0 68.8169357329607
0.0 0.0 23.540454864501953 0.0 23.540454864501953 68.65928649902344 0.0 68.65928649902344
0.0 0.0 23.603931427001953 0.0 23.603931427001953 68.84442901611328 0.0 68.84442901611328
0.0 0.0 23.612422943115234 0.0 23.612422943115234 68.86920166015625 0.0 68.86920166015625
0.0 0.0 23.568557739257812 0.0 23.568557739257812 68.74125671386719 0.0 68.74125671386719
0.0 0.0 23.512928009033203 0.0 23.512928009033203 68.5790023803711 0.0 68.5790023803711
0.0 0.0 24.19962501525879 0.0 24.19962501525879 70.58185577392578 0.0 70.58185577392578
0.0 0.0 23.57437515258789 0.0 23.57437515258789 68.75821685791016 0.0 68.75821685791016
0.0 0.0 23.4988956451416 0.0 23.4988956451416 68.53807067871094 0.0 68.53807067871094
0.0 0.0 23.490476608276367 0.0 23.490476608276367 68.51351928710938 0.0 68.51351928710938
0.0 0.0 23.56295394897461 0.0 23.56295394897461 68.72490692138672 0.0 68.72490692138672
0.0 0.0 23.465373992919922 0.0 23.465373992919922 68.4403076171875 0.0 68.4403076171875
0.0 0.06027679517865181 23.58784294128418 0.06027679517865181 23.58784294128418 68.85777740553021 0.0 68.85777740553021
0.0 0.039160918444395065 23.60198974609375 0.039160918444395065 23.60198974609375 68.87792129442096 0.0 68.87792129442096
0.0 0.0 24.033926010131836 0.0 24.033926010131836 70.09856414794922 0.0 70.09856414794922
0.0 0.0 23.498249053955078 0.0 23.498249053955078 68.53617858886719 0.0 68.53617858886719
0.0 0.0 23.75469398498535 0.0 23.75469398498535 69.28413391113281 0.0 69.28413391113281
0.0 0.0 23.836566925048828 0.0 23.836566925048828 69.5229263305664 0.0 69.5229263305664
0.0 0.0 23.816152572631836 0.0 23.816152572631836 69.46338653564453 0.0 69.46338653564453
0.0 0.0 23.5474796295166 0.0 23.5474796295166 68.67976379394531 0.0 68.67976379394531
0.0 0.09264526516199112 23.80129623413086 0.09264526516199112 23.80129623413086 69.51270446926355 0.0 69.51270446926355
0.0 0.09138183295726776 23.822229385375977 0.09138183295726776 23.822229385375977 69.57249908149242 0.0 69.57249908149242
0.0 0.01147537212818861 23.53744125366211 0.01147537212818861 23.53744125366211 68.66197280865163 0.0 68.66197280865163
0.0 0.0 23.54953384399414 0.0 23.54953384399414 68.68577575683594 0.0 68.68577575683594
0.0 0.0 23.55739402770996 0.0 23.55739402770996 68.70869445800781 0.0 68.70869445800781
0.0 0.055054474622011185 23.514673233032227 0.055054474622011185 23.514673233032227 68.63914566114545 0.0 68.63914566114545
0.0 0.0 23.49852752685547 0.0 23.49852752685547 68.53700256347656 0.0 68.53700256347656
0.0 0.0 23.49399185180664 0.0 23.49399185180664 68.52377319335938 0.0 68.52377319335938
0.0 0.0 23.490243911743164 0.0 23.490243911743164 68.51284790039062 0.0 68.51284790039062
0.0 0.0 23.52688980102539 0.0 23.52688980102539 68.6197280883789 0.0 68.6197280883789
0.0 0.0 23.530458450317383 0.0 23.530458450317383 68.63013458251953 0.0 68.63013458251953
0.0 0.0 23.52414894104004 0.0 23.52414894104004 68.61173248291016 0.0 68.61173248291016
0.0 0.0 23.581172943115234 0.0 23.581172943115234 68.77804565429688 0.0 68.77804565429688
0.0 0.024056244641542435 23.537029266357422 0.024056244641542435 23.537029266357422 68.67334823682904 0.0 68.67334823682904
0.0 0.0 23.511882781982422 0.0 23.511882781982422 68.5759506225586 0.0 68.5759506225586
0.0 0.0 23.595605850219727 0.0 23.595605850219727 68.82012939453125 0.0 68.82012939453125
0.0 0.0 23.571260452270508 0.0 23.571260452270508 68.7491226196289 0.0 68.7491226196289
0.0 0.0 23.514240264892578 0.0 23.514240264892578 68.58280944824219 0.0 68.58280944824219
0.0 0.0 23.57666778564453 0.0 23.57666778564453 68.764892578125 0.0 68.764892578125
0.0 0.0 23.526386260986328 0.0 23.526386260986328 68.61823272705078 0.0 68.61823272705078
0.0 0.0 23.59767723083496 0.0 23.59767723083496 68.82615661621094 0.0 68.82615661621094
0.0 0.0 23.50911521911621 0.0 23.50911521911621 68.56785583496094 0.0 68.56785583496094
0.0 0.0 24.18674659729004 0.0 24.18674659729004 70.54426574707031 0.0 70.54426574707031
0.0 0.0 25.33553695678711 0.0 25.33553695678711 73.89488220214844 0.0 73.89488220214844
0.0 0.0 24.685653686523438 0.0 24.685653686523438 71.99940490722656 0.0 71.99940490722656
0.0 0.0 25.467504501342773 0.0 25.467504501342773 74.27979278564453 0.0 74.27979278564453
0.0 0.09761886298656464 25.574588775634766 0.09761886298656464 25.574588775634766 74.68973617255688 0.0 74.68973617255688
0.0 0.0 25.591917037963867 0.0 25.591917037963867 74.64265441894531 0.0 74.64265441894531
0.0 0.0 26.554718017578125 0.0 26.554718017578125 77.4508056640625 0.0 77.4508056640625
0.0 0.0 27.52581787109375 0.0 27.52581787109375 80.28316497802734 0.0 80.28316497802734
0.0 0.0 26.54080581665039 0.0 26.54080581665039 77.41023254394531 0.0 77.41023254394531
0.0 0.0 27.542001724243164 0.0 27.542001724243164 80.33036804199219 0.0 80.33036804199219
0.0 0.0 27.336584091186523 0.0 27.336584091186523 79.73123931884766 0.0 79.73123931884766
0.0 0.0 27.346393585205078 0.0 27.346393585205078 79.75984954833984 0.0 79.75984954833984
0.0 0.0 27.34305763244629 0.0 27.34305763244629 79.75012969970703 0.0 79.75012969970703
0.0 0.012235259637236595 28.000778198242188 0.012235259637236595 28.000778198242188 81.6807075496763 0.0 81.6807075496763
0.0 0.0 27.342937469482422 0.0 27.342937469482422 79.74979400634766 0.0 79.74979400634766
0.0 0.0 27.35723304748535 0.0 27.35723304748535 79.79148864746094 0.0 79.79148864746094
0.0 0.0 27.324386596679688 0.0 27.324386596679688 79.69568634033203 0.0 79.69568634033203
0.0 0.051886748522520065 27.31301498413086 0.051886748522520065 27.31301498413086 79.71440048143268 0.0 79.71440048143268
0.0 0.027069091796875 27.337574005126953 0.027069091796875 27.337574005126953 79.76119995117188 0.0 79.76119995117188
0.0 0.0 27.332910537719727 0.0 27.332910537719727 79.72052764892578 0.0 79.72052764892578
0.0 0.0 28.006908416748047 0.0 28.006908416748047 81.68634033203125 0.0 81.68634033203125
0.0 0.2333526611328125 28.04608154296875 0.2333526611328125 28.04608154296875 82.03394317626953 0.0 82.03394317626953
0.0 0.0 27.986536026000977 0.0 27.986536026000977 81.62692260742188 0.0 81.62692260742188
0.0 0.0 27.3321533203125 0.0 27.3321533203125 79.71831512451172 0.0 79.71831512451172
0.0 0.0 27.36322021484375 0.0 27.36322021484375 79.80892181396484 0.0 79.80892181396484
0.0 0.0 28.077301025390625 0.0 28.077301025390625 81.89163970947266 0.0 81.89163970947266
0.0 0.034299470484256744 28.064367294311523 0.034299470484256744 28.064367294311523 81.88821182399988 0.0 81.88821182399988
0.0 0.0 28.013233184814453 0.0 28.013233184814453 81.70477294921875 0.0 81.70477294921875
0.0 0.0 28.015811920166016 0.0 28.015811920166016 81.71229553222656 0.0 81.71229553222656
0.0 0.0 27.342559814453125 0.0 27.342559814453125 79.74864196777344 0.0 79.74864196777344
0.0 0.05555267259478569 28.212350845336914 0.05555267259478569 28.212350845336914 82.34106750413775 0.0 82.34106750413775
0.0 0.0 27.783252716064453 0.0 27.783252716064453 81.03398132324219 0.0 81.03398132324219
0.0 0.0 27.7569637298584 0.0 27.7569637298584 80.95731353759766 0.0 80.95731353759766
0.0 0.0 28.014408111572266 0.0 28.014408111572266 81.70818328857422 0.0 81.70818328857422
0.0 0.0 27.337661743164062 0.0 27.337661743164062 79.73435974121094 0.0 79.73435974121094
0.0 0.10392913967370987 28.141704559326172 0.10392913967370987 28.141704559326172 82.18340454250574 0.0 82.18340454250574
0.0 0.0 27.34474754333496 0.0 27.34474754333496 79.7550277709961 0.0 79.7550277709961
0.0 0.0 27.3638973236084 0.0 27.3638973236084 79.8108901977539 0.0 79.8108901977539
0.0 0.0 27.347000122070312 0.0 27.347000122070312 79.76161193847656 0.0 79.76161193847656
0.0 0.03617553785443306 27.341955184936523 0.03617553785443306 27.341955184936523 79.78307037428021 0.0 79.78307037428021
0.0 0.0 27.344440460205078 0.0 27.344440460205078 79.75414276123047 0.0 79.75414276123047
0.0 0.0 27.360742568969727 0.0 27.360742568969727 79.80168914794922 0.0 79.80168914794922
0.0 0.0 27.340993881225586 0.0 27.340993881225586 79.74408721923828 0.0 79.74408721923828
0.0 0.0314788818359375 27.34341049194336 0.0314788818359375 27.34341049194336 79.7826156616211 0.0 79.7826156616211
0.0 0.06715164333581924 27.338787078857422 0.06715164333581924 27.338787078857422 79.80480728298426 0.0 79.80480728298426
0.0 0.0 27.34865379333496 0.0 27.34865379333496 79.76643371582031 0.0 79.76643371582031
0.0 0.0 27.348541259765625 0.0 27.348541259765625 79.76610565185547 0.0 79.76610565185547
0.0 0.07997741550207138 27.344003677368164 0.07997741550207138 27.344003677368164 79.83285369724035 0.0 79.83285369724035
0.0 0.0 27.353527069091797 0.0 27.353527069091797 79.78065490722656 0.0 79.78065490722656
0.0 0.0 27.325286865234375 0.0 27.325286865234375 79.69828033447266 0.0 79.69828033447266
0.0 0.0 27.338205337524414 0.0 27.338205337524414 79.73595428466797 0.0 79.73595428466797
0.0 0.0 27.347797393798828 0.0 27.347797393798828 79.76393127441406 0.0 79.76393127441406
0.0 0.06724395602941513 27.3243350982666 0.06724395602941513 27.3243350982666 79.76273956149817 0.0 79.76273956149817
0.0 0.0 27.327816009521484 0.0 27.327816009521484 79.70564270019531 0.0 79.70564270019531
0.0 0.01072006206959486 27.350982666015625 0.01072006206959486 27.350982666015625 79.78392868023366 0.0 79.78392868023366
0.0 0.0 27.344783782958984 0.0 27.344783782958984 79.75513458251953 0.0 79.75513458251953
0.0 0.0 27.359859466552734 0.0 27.359859466552734 79.79910278320312 0.0 79.79910278320312
0.0 0.0 27.335124969482422 0.0 27.335124969482422 79.72696685791016 0.0 79.72696685791016
0.0 0.0 27.356250762939453 0.0 27.356250762939453 79.78858184814453 0.0 79.78858184814453
0.0 0.11072693020105362 27.715988159179688 0.11072693020105362 27.715988159179688 80.94853363186121 0.0 80.94853363186121
0.0 0.10927505791187286 28.21365737915039 0.10927505791187286 28.21365737915039 82.39860458672047 0.0 82.39860458672047
0.0 0.0 28.1768741607666 0.0 28.1768741607666 82.18204498291016 0.0 82.18204498291016
0.0 0.10566329956054688 28.202428817749023 0.10566329956054688 28.202428817749023 82.36223983764648 0.0 82.36223983764648
0.0 0.0 28.066585540771484 0.0 28.066585540771484 81.8603744506836 0.0 81.8603744506836
0.0 0.0 28.221923828125 0.0 28.221923828125 82.31343841552734 0.0 82.31343841552734
0.0 0.0 28.030391693115234 0.0 28.030391693115234 81.75480651855469 0.0 81.75480651855469
0.0 0.0 28.22250747680664 0.0 28.22250747680664 82.31513977050781 0.0 82.31513977050781
0.0 0.14515838027000427 28.236257553100586 0.14515838027000427 28.236257553100586 82.50039824843407 0.0 82.50039824843407
0.0 0.0 28.008403778076172 0.0 28.008403778076172 81.69068145751953 0.0 81.69068145751953
0.0 0.0 28.008712768554688 0.0 28.008712768554688 81.69158172607422 0.0 81.69158172607422
0.0 0.0 28.048145294189453 0.0 28.048145294189453 81.80659484863281 0.0 81.80659484863281
0.0 0.0 28.21432876586914 0.0 28.21432876586914 82.2912826538086 0.0 82.2912826538086
0.0 0.0 28.064712524414062 0.0 28.064712524414062 81.85490417480469 0.0 81.85490417480469
0.0 0.0 27.702152252197266 0.0 27.702152252197266 80.79744720458984 0.0 80.79744720458984
0.0 0.0 27.337875366210938 0.0 27.337875366210938 79.73497772216797 0.0 79.73497772216797
0.0 0.0 27.984149932861328 0.0 27.984149932861328 81.61992645263672 0.0 81.61992645263672
0.0 0.09026031196117401 28.212661743164062 0.09026031196117401 28.212661743164062 82.37668304145336 0.0 82.37668304145336
0.0 0.0 28.046545028686523 0.0 28.046545028686523 81.80191802978516 0.0 81.80191802978516
0.0 0.0 27.507604598999023 0.0 27.507604598999023 80.23002624511719 0.0 80.23002624511719
0.0 0.039127349853515625 28.052806854248047 0.039127349853515625 28.052806854248047 81.85931777954102 0.0 81.85931777954102
0.0 0.09297104179859161 28.22202491760254 0.09297104179859161 28.22202491760254 82.40670700371265 0.0 82.40670700371265
0.0 0.0 28.074798583984375 0.0 28.074798583984375 81.88433074951172 0.0 81.88433074951172
0.0 0.0 27.891845703125 0.0 27.891845703125 81.35072326660156 0.0 81.35072326660156
0.0 0.0 28.21475601196289 0.0 28.21475601196289 82.29253387451172 0.0 82.29253387451172
0.0 0.0 28.236724853515625 0.0 28.236724853515625 82.35661315917969 0.0 82.35661315917969
0.0 0.14885711669921875 28.2445011138916 0.14885711669921875 28.2445011138916 82.52814483642578 0.0 82.52814483642578
0.0 0.0 27.50103187561035 0.0 27.50103187561035 80.21084594726562 0.0 80.21084594726562
0.0 0.0 28.055084228515625 0.0 28.055084228515625 81.82682037353516 0.0 81.82682037353516
0.0 0.0 28.230472564697266 0.0 28.230472564697266 82.33836364746094 0.0 82.33836364746094
0.0 0.0 28.034719467163086 0.0 28.034719467163086 81.76741790771484 0.0 81.76741790771484
0.0 0.12812957167625427 28.215356826782227 0.12812957167625427 28.215356826782227 82.4224029481411 0.0 82.4224029481411
0.0 0.2452384978532791 28.16866111755371 0.2452384978532791 28.16866111755371 82.40331955254078 0.0 82.40331955254078
0.0 0.0 28.2305965423584 0.0 28.2305965423584 82.3387222290039 0.0 82.3387222290039
0.0 0.0 27.802139282226562 0.0 27.802139282226562 81.08906555175781 0.0 81.08906555175781
0.0 0.07943420112133026 28.239181518554688 0.07943420112133026 28.239181518554688 82.44320373237133 0.0 82.44320373237133
0.0 0.0 28.235687255859375 0.0 28.235687255859375 82.35357666015625 0.0 82.35357666015625
0.0 0.0 28.23592758178711 0.0 28.23592758178711 82.35428619384766 0.0 82.35428619384766
0.0 0.0 28.09946060180664 0.0 28.09946060180664 81.95625305175781 0.0 81.95625305175781
0.0 0.051586151123046875 28.218603134155273 0.051586151123046875 28.218603134155273 82.35532760620117 0.0 82.35532760620117
0.005826187320053577 0.10313721001148224 28.138390731997788 0.10313721001148224 28.138390731997788 82.15594024956226 0.005826187320053577 82.15594024956226
0.0 0.0 27.997812271118164 0.0 27.997812271118164 81.65977478027344 0.0 81.65977478027344
0.0 0.0 28.231042861938477 0.0 28.231042861938477 82.34003448486328 0.0 82.34003448486328
0.0 0.0 28.232250213623047 0.0 28.232250213623047 82.34355163574219 0.0 82.34355163574219
0.0 0.07523651421070099 28.203128814697266 0.07523651421070099 28.203128814697266 82.33385010063648 0.0 82.33385010063648
0.0 0.0 28.23250389099121 0.0 28.23250389099121 82.34428405761719 0.0 82.34428405761719
0.0 2.1364188194274902 28.112024307250977 2.1364188194274902 28.112024307250977 84.12930059432983 0.0 84.12930059432983
0.0 0.0 28.23636245727539 0.0 28.23636245727539 82.35553741455078 0.0 82.35553741455078
0.0 0.11670227348804474 28.222082138061523 0.11670227348804474 28.222082138061523 82.43059082329273 0.0 82.43059082329273
0.0 0.0 28.237476348876953 0.0 28.237476348876953 82.35877990722656 0.0 82.35877990722656
0.0 1.5206375122070312 28.193933486938477 1.5206375122070312 28.193933486938477 83.75241088867188 0.0 83.75241088867188
0.0 0.118657685816288 28.20424461364746 0.118657685816288 28.20424461364746 82.38051376491785 0.0 82.38051376491785
0.0 0.0 28.21824073791504 0.0 28.21824073791504 82.30268859863281 0.0 82.30268859863281
0.0 0.0 28.2425537109375 0.0 28.2425537109375 82.37361145019531 0.0 82.37361145019531
0.0 0.0 28.259708404541016 0.0 28.259708404541016 82.42364501953125 0.0 82.42364501953125
0.0 0.0 28.243465423583984 0.0 28.243465423583984 82.37626647949219 0.0 82.37626647949219
0.0 0.13195648789405823 28.19036293029785 0.13195648789405823 28.19036293029785 82.35333862900734 0.0 82.35333862900734
0.0 0.13120117783546448 28.187591552734375 0.13120117783546448 28.187591552734375 82.34449616074562 0.0 82.34449616074562
0.0 0.04355774074792862 28.234996795654297 0.04355774074792862 28.234996795654297 82.39512024074793 0.0 82.39512024074793
0.0 0.0 28.241043090820312 0.0 28.241043090820312 82.36920166015625 0.0 82.36920166015625
0.0 0.09023590385913849 28.219696044921875 0.09023590385913849 28.219696044921875 82.39716644585133 0.0 82.39716644585133
0.0 0.0 28.21828842163086 0.0 28.21828842163086 82.30282592773438 0.0 82.30282592773438
0.0 0.0 28.235132217407227 0.0 28.235132217407227 82.3519515991211 0.0 82.3519515991211
0.0 0.0 28.2213134765625 0.0 28.2213134765625 82.31165313720703 0.0 82.31165313720703
0.0 0.2565559446811676 28.228504180908203 0.2565559446811676 28.228504180908203 82.5891822874546 0.0 82.5891822874546
0.0 0.2974105775356293 28.209360122680664 0.2974105775356293 28.209360122680664 82.57419738173485 0.0 82.57419738173485
0.0 0.0 28.239572525024414 0.0 28.239572525024414 82.36490631103516 0.0 82.36490631103516
0.0 0.10614013671875 28.2216854095459 0.10614013671875 28.2216854095459 82.41887664794922 0.0 82.41887664794922
0.0 0.08578796684741974 28.20534896850586 0.08578796684741974 28.20534896850586 82.35087890923023 0.0 82.35087890923023
0.0 0.0 28.222671508789062 0.0 28.222671508789062 82.31561279296875 0.0 82.31561279296875
0.0 0.0 28.232585906982422 0.0 28.232585906982422 82.34453582763672 0.0 82.34453582763672
0.0 0.5418899655342102 28.183208465576172 0.5418899655342102 28.183208465576172 82.74240571260452 0.0 82.74240571260452
0.0 1.1572624444961548 28.173818588256836 1.1572624444961548 28.173818588256836 83.33039629459381 0.0 83.33039629459381
0.0 2.4957032203674316 28.194061279296875 2.4957032203674316 28.194061279296875 84.7278733253479 0.0 84.7278733253479
0.0 0.0 28.23927879333496 0.0 28.23927879333496 82.36405181884766 0.0 82.36405181884766
0.0 0.8394668698310852 28.2239990234375 0.8394668698310852 28.2239990234375 83.15896302461624 0.0 83.15896302461624
0.0 1.5917160511016846 28.3775577545166 1.5917160511016846 28.3775577545166 84.35908818244934 0.0 84.35908818244934
0.0 0.0 28.23122215270996 0.0 28.23122215270996 82.34056091308594 0.0 82.34056091308594
0.0 0.0 28.23565101623535 0.0 28.23565101623535 82.35346984863281 0.0 82.35346984863281
0.0 0.0 28.234638214111328 0.0 28.234638214111328 82.35050964355469 0.0 82.35050964355469
0.0 0.0 28.238794326782227 0.0 28.238794326782227 82.36264038085938 0.0 82.36264038085938
0.0 1.835161566734314 28.137279510498047 1.835161566734314 28.137279510498047 83.90172040462494 0.0 83.90172040462494
0.0 4.440202236175537 28.306743621826172 4.440202236175537 28.306743621826172 87.00103902816772 0.0 87.00103902816772
0.0 2.051999568939209 28.21767807006836 2.051999568939209 28.21767807006836 84.3530707359314 0.0 84.3530707359314
0.0 0.0 28.255517959594727 0.0 28.255517959594727 82.41143035888672 0.0 82.41143035888672
0.0 0.9113014340400696 28.360187530517578 0.9113014340400696 28.360187530517578 83.62801438570023 0.0 83.62801438570023
0.0 2.6546645164489746 28.272380828857422 2.6546645164489746 28.272380828857422 85.11528158187866 0.0 85.11528158187866
0.0 0.028972625732421875 28.199752807617188 0.028972625732421875 28.199752807617188 82.27776718139648 0.0 82.27776718139648
0.0 1.2495819330215454 28.502771377563477 1.2495819330215454 28.502771377563477 84.38216555118561 0.0 84.38216555118561
0.0 0.0 28.240520477294922 0.0 28.240520477294922 82.36769104003906 0.0 82.36769104003906
0.0 0.0 27.711467742919922 0.0 27.711467742919922 80.82463073730469 0.0 80.82463073730469
0.0 1.2532333135604858 26.4577579498291 1.2532333135604858 26.4577579498291 78.42123258113861 0.0 78.42123258113861
0.0 0.0 25.454978942871094 0.0 25.454978942871094 74.24324035644531 0.0 74.24324035644531
0.0 0.5995010137557983 24.626834869384766 0.5995010137557983 24.626834869384766 72.42733609676361 0.0 72.42733609676361
0.0 1.433824896812439 24.63260269165039 1.433824896812439 24.63260269165039 73.27849042415619 0.0 73.27849042415619
0.0 2.65852427482605 24.491708755493164 2.65852427482605 24.491708755493164 74.09225535392761 0.0 74.09225535392761
0.007171821780502796 2.3985793590545654 24.43938083667308 2.3985793590545654 24.43938083667308 73.65875697135925 0.007171821780502796 73.65875697135925
0.0 2.2961020469665527 24.458654403686523 2.2961020469665527 24.458654403686523 73.63341283798218 0.0 73.63341283798218
0.02631053887307644 2.1699843406677246 24.44796428643167 2.1699843406677246 24.44796428643167 73.39937734603882 0.02631053887307644 73.39937734603882
0.0 1.7684097290039062 24.185693740844727 1.7684097290039062 24.185693740844727 72.3095932006836 0.0 72.3095932006836
0.0 2.108525037765503 24.33283233642578 2.108525037765503 24.33283233642578 73.078861951828 0.0 73.078861951828
0.0 1.0992844104766846 24.269451141357422 1.0992844104766846 24.269451141357422 71.88475346565247 0.0 71.88475346565247
0.0 0.5860580205917358 24.218231201171875 0.5860580205917358 24.218231201171875 71.22213590145111 0.0 71.22213590145111
0.0 0.0 24.43935775756836 0.0 24.43935775756836 71.2810287475586 0.0 71.2810287475586
0.0 0.0 24.0757999420166 0.0 24.0757999420166 70.22065734863281 0.0 70.22065734863281
0.0 0.0 24.375978469848633 0.0 24.375978469848633 71.0961685180664 0.0 71.0961685180664
0.0 0.0 23.951602935791016 0.0 23.951602935791016 69.85841369628906 0.0 69.85841369628906
0.0 0.5151695013046265 24.435392379760742 0.5151695013046265 24.435392379760742 71.78462445735931 0.0 71.78462445735931
0.0 0.0 23.951717376708984 0.0 23.951717376708984 69.85873413085938 0.0 69.85873413085938
0.0 0.2761436402797699 24.377344131469727 0.2761436402797699 24.377344131469727 71.37628707289696 0.0 71.37628707289696
0.0 0.0 24.69759750366211 0.0 24.69759750366211 72.03421020507812 0.0 72.03421020507812
0.0 0.0 24.12822151184082 0.0 24.12822151184082 70.37353515625 0.0 70.37353515625
0.0 0.0 23.936187744140625 0.0 23.936187744140625 69.81343841552734 0.0 69.81343841552734
0.0 0.0 23.96507453918457 0.0 23.96507453918457 69.89768981933594 0.0 69.89768981933594
0.0 0.0 23.968708038330078 0.0 23.968708038330078 69.90828704833984 0.0 69.90828704833984
0.0 0.0 23.952117919921875 0.0 23.952117919921875 69.85990142822266 0.0 69.85990142822266
0.0 0.010057831183075905 23.95956039428711 0.010057831183075905 23.95956039428711 69.89166488684714 0.0 69.89166488684714
0.0 0.0 23.95828628540039 0.0 23.95828628540039 69.87789916992188 0.0 69.87789916992188
0.0 0.0 23.9699764251709 0.0 23.9699764251709 69.91200256347656 0.0 69.91200256347656
0.0 0.0 23.9664306640625 0.0 23.9664306640625 69.90165710449219 0.0 69.90165710449219
0.0 0.0 23.954666137695312 0.0 23.954666137695312 69.86734771728516 0.0 69.86734771728516
0.0 0.0 23.95004653930664 0.0 23.95004653930664 69.85386657714844 0.0 69.85386657714844
0.0 0.0 23.960922241210938 0.0 23.960922241210938 69.88558197021484 0.0 69.88558197021484
0.013242530636489391 0.0 23.98226337414235 0.0 23.98226337414235 69.9092025756836 0.013242530636489391 69.9092025756836
0.0 0.0 23.96743392944336 0.0 23.96743392944336 69.90457153320312 0.0 69.90457153320312
0.0 0.0 23.747163772583008 0.0 23.747163772583008 69.26211547851562 0.0 69.26211547851562
0.0 0.0 23.95587730407715 0.0 23.95587730407715 69.87085723876953 0.0 69.87085723876953
0.0 0.0 23.855815887451172 0.0 23.855815887451172 69.57901763916016 0.0 69.57901763916016
0.0 0.0 23.96535301208496 0.0 23.96535301208496 69.89849853515625 0.0 69.89849853515625
0.0 0.0 23.97489356994629 0.0 23.97489356994629 69.92632293701172 0.0 69.92632293701172
0.0 0.0 23.982288360595703 0.0 23.982288360595703 69.94789123535156 0.0 69.94789123535156
0.0 0.0 23.960636138916016 0.0 23.960636138916016 69.8847427368164 0.0 69.8847427368164
0.0 0.0 23.8691349029541 0.0 23.8691349029541 69.61787414550781 0.0 69.61787414550781
0.0 0.0 23.963350296020508 0.0 23.963350296020508 69.89266204833984 0.0 69.89266204833984
0.0 0.0 23.959545135498047 0.0 23.959545135498047 69.88156127929688 0.0 69.88156127929688
0.0 0.0 23.955608367919922 0.0 23.955608367919922 69.87007904052734 0.0 69.87007904052734
0.0 0.0 23.629880905151367 0.0 23.629880905151367 68.9200439453125 0.0 68.9200439453125
0.0 0.0 23.600481033325195 0.0 23.600481033325195 68.83429718017578 0.0 68.83429718017578
0.0 0.0 23.56728744506836 0.0 23.56728744506836 68.73747253417969 0.0 68.73747253417969
0.0 0.0 23.45649528503418 0.0 23.45649528503418 68.4143295288086 0.0 68.4143295288086
0.0 0.0 23.499696731567383 0.0 23.499696731567383 68.54032897949219 0.0 68.54032897949219
0.0 0.0 23.477468490600586 0.0 23.477468490600586 68.47550201416016 0.0 68.47550201416016
0.0 0.0 23.528169631958008 0.0 23.528169631958008 68.62337493896484 0.0 68.62337493896484
0.0 0.0 23.580425262451172 0.0 23.580425262451172 68.7757797241211 0.0 68.7757797241211
0.0 0.0 23.63307762145996 0.0 23.63307762145996 68.9293441772461 0.0 68.9293441772461
0.0 0.0 23.457674026489258 0.0 23.457674026489258 68.41775512695312 0.0 68.41775512695312
0.0 0.0 23.572711944580078 0.0 23.572711944580078 68.75328063964844 0.0 68.75328063964844
0.0 0.0 23.579147338867188 0.0 23.579147338867188 68.77205657958984 0.0 68.77205657958984
0.0 0.0 23.55843734741211 0.0 23.55843734741211 68.71165466308594 0.0 68.71165466308594
0.0 0.0 23.57250213623047 0.0 23.57250213623047 68.75267791748047 0.0 68.75267791748047
0.0 0.0 23.583864212036133 0.0 23.583864212036133 68.78581237792969 0.0 68.78581237792969
0.0 0.0 23.961559295654297 0.0 23.961559295654297 69.88741302490234 0.0 69.88741302490234
0.0 0.0 24.001590728759766 0.0 24.001590728759766 70.0041732788086 0.0 70.0041732788086
0.0 0.0 23.97028160095215 0.0 23.97028160095215 69.91285705566406 0.0 69.91285705566406
0.0 0.0 23.742111206054688 0.0 23.742111206054688 69.24736022949219 0.0 69.24736022949219
0.0 0.0 24.11922836303711 0.0 24.11922836303711 70.34727478027344 0.0 70.34727478027344
0.0 0.0 24.435256958007812 0.0 24.435256958007812 71.26901245117188 0.0 71.26901245117188
0.0 0.0 23.59760856628418 0.0 23.59760856628418 68.82588195800781 0.0 68.82588195800781
0.0 0.0 23.554527282714844 0.0 23.554527282714844 68.70023345947266 0.0 68.70023345947266
0.0 0.0 23.96622085571289 0.0 23.96622085571289 69.9010009765625 0.0 69.9010009765625
0.0 0.0 23.754230499267578 0.0 23.754230499267578 69.28269958496094 0.0 69.28269958496094
0.0 0.0 23.490188598632812 0.0 23.490188598632812 68.51258087158203 0.0 68.51258087158203
0.0 0.0 23.856624603271484 0.0 23.856624603271484 69.58134460449219 0.0 69.58134460449219
0.0 0.0 23.97779083251953 0.0 23.97779083251953 69.93473815917969 0.0 69.93473815917969
0.0 0.0 23.9543514251709 0.0 23.9543514251709 69.86637115478516 0.0 69.86637115478516
0.0 0.06107025220990181 23.56268310546875 0.06107025220990181 23.56268310546875 68.78508453443646 0.0 68.78508453443646
0.0 0.0 23.49538230895996 0.0 23.49538230895996 68.52772521972656 0.0 68.52772521972656
0.0 0.0 23.51759910583496 0.0 23.51759910583496 68.59252166748047 0.0 68.59252166748047
0.0 0.0 23.534317016601562 0.0 23.534317016601562 68.64128112792969 0.0 68.64128112792969
0.0 0.0 23.491836547851562 0.0 23.491836547851562 68.51737976074219 0.0 68.51737976074219
0.0 0.0 23.616836547851562 0.0 23.616836547851562 68.88196563720703 0.0 68.88196563720703
0.005851173307746649 0.0 23.47720661154017 0.0 23.47720661154017 68.45765686035156 0.005851173307746649 68.45765686035156
0.0 0.0 23.477453231811523 0.0 23.477453231811523 68.4754409790039 0.0 68.4754409790039
0.0 0.0 23.571224212646484 0.0 23.571224212646484 68.74894714355469 0.0 68.74894714355469
0.0 0.0 23.56191062927246 0.0 23.56191062927246 68.72178649902344 0.0 68.72178649902344
0.0 0.013028716668486595 23.55695343017578 0.013028716668486595 23.55695343017578 68.7203575130552 0.0 68.7203575130552
0.0 0.0 23.590267181396484 0.0 23.590267181396484 68.80449676513672 0.0 68.80449676513672
0.0 0.0 23.606822967529297 0.0 23.606822967529297 68.852783203125 0.0 68.852783203125
0.013601303100585938 0.0 24.058748245239258 0.0 24.058748245239258 70.13121795654297 0.013601303100585938 70.13121795654297
0.0 0.0 23.97566795349121 0.0 23.97566795349121 69.92857360839844 0.0 69.92857360839844
0.0 0.0 23.970800399780273 0.0 23.970800399780273 69.91438293457031 0.0 69.91438293457031
0.0 0.0 23.977067947387695 0.0 23.977067947387695 69.93266296386719 0.0 69.93266296386719
0.0 0.0 23.97451400756836 0.0 23.97451400756836 69.92521667480469 0.0 69.92521667480469
0.0 0.0 23.98162841796875 0.0 23.98162841796875 69.94596862792969 0.0 69.94596862792969
0.0 0.0 23.97705078125 0.0 23.97705078125 69.9326171875 0.0 69.9326171875
0.0 0.0 23.96622657775879 0.0 23.96622657775879 69.90104675292969 0.0 69.90104675292969
0.005273056216537952 0.0 23.975518417544663 0.0 23.975518417544663 69.91276550292969 0.005273056216537952 69.91276550292969
0.0 0.0 24.136566162109375 0.0 24.136566162109375 70.39786529541016 0.0 70.39786529541016
0.0 1.506617784500122 24.020723342895508 1.506617784500122 24.020723342895508 71.56660771369934 0.0 71.56660771369934
0.0 0.32953721284866333 23.959739685058594 0.32953721284866333 23.959739685058594 70.21166306734085 0.0 70.21166306734085
0.0 1.3669624328613281 24.060291290283203 1.3669624328613281 24.060291290283203 71.54236221313477 0.0 71.54236221313477
0.0 1.8153938055038452 23.883930206298828 1.8153938055038452 23.883930206298828 71.47641217708588 0.0 71.47641217708588
0.0 2.5314078330993652 23.820068359375 2.5314078330993652 23.820068359375 72.00616216659546 0.0 72.00616216659546
0.0 1.8010886907577515 23.682292938232422 1.8010886907577515 23.682292938232422 70.87399518489838 0.0 70.87399518489838
0.0 1.6570441722869873 23.761676788330078 1.6570441722869873 23.761676788330078 70.96148753166199 0.0 70.96148753166199
0.0 1.7643905878067017 23.76041603088379 1.7643905878067017 23.76041603088379 71.06515657901764 0.0 71.06515657901764
0.0 1.6309020519256592 23.899919509887695 1.6309020519256592 23.899919509887695 71.33855128288269 0.0 71.33855128288269
0.0 2.199911594390869 23.780033111572266 2.199911594390869 23.780033111572266 71.55789804458618 0.0 71.55789804458618
0.0 1.9576499462127686 23.972003936767578 1.9576499462127686 23.972003936767578 71.87554240226746 0.0 71.87554240226746
0.0 2.602247714996338 23.910110473632812 2.602247714996338 23.910110473632812 72.33962106704712 0.0 72.33962106704712
0.0 1.932897925376892 23.898527145385742 1.932897925376892 23.898527145385742 71.6364883184433 0.0 71.6364883184433
0.0 0.164378359913826 24.01101303100586 0.164378359913826 24.01101303100586 70.19604034721851 0.0 70.19604034721851
0.0 0.0 23.982158660888672 0.0 23.982158660888672 69.94750213623047 0.0 69.94750213623047
0.0 0.0 23.970111846923828 0.0 23.970111846923828 69.91236877441406 0.0 69.91236877441406
0.0 0.0 23.960113525390625 0.0 23.960113525390625 69.88320922851562 0.0 69.88320922851562
0.0 0.039931487292051315 23.95647430419922 0.039931487292051315 23.95647430419922 69.91253585740924 0.0 69.91253585740924
0.0 0.0 23.985525131225586 0.0 23.985525131225586 69.95733642578125 0.0 69.95733642578125
0.0 0.0 23.968957901000977 0.0 23.968957901000977 69.90901184082031 0.0 69.90901184082031
0.0 0.0 23.944232940673828 0.0 23.944232940673828 69.83689880371094 0.0 69.83689880371094
0.0 0.0 23.964031219482422 0.0 23.964031219482422 69.89464569091797 0.0 69.89464569091797
0.0 0.0008766174432821572 23.967388153076172 0.0008766174432821572 23.967388153076172 69.90531082154484 0.0 69.90531082154484
0.0 0.0 23.96938705444336 0.0 23.96938705444336 69.91026306152344 0.0 69.91026306152344
0.0 0.0 24.19260025024414 0.0 24.19260025024414 70.56129455566406 0.0 70.56129455566406
0.0 0.6482963562011719 24.08609390258789 0.6482963562011719 24.08609390258789 70.89895248413086 0.0 70.89895248413086
0.0 0.009646606631577015 24.170284271240234 0.009646606631577015 24.170284271240234 70.50585479754955 0.0 70.50585479754955
0.0 0.0 24.14497947692871 0.0 24.14497947692871 70.42240905761719 0.0 70.42240905761719
0.0 0.4310043454170227 23.886384963989258 0.4310043454170227 23.886384963989258 70.09917908906937 0.0 70.09917908906937
