415.0 260.0 428.0 260.0 428.0 295.0 415.0 295.0
414.97772216796875 260.1059265136719 427.76484394073486 260.1059265136719 427.76484394073486 294.9172782897949 414.97772216796875 294.9172782897949
415.0377502441406 260.02215576171875 428.3542833328247 260.02215576171875 428.3542833328247 294.6153755187988 415.0377502441406 294.6153755187988
415.4039611816406 259.9137268066406 428.2277126312256 259.9137268066406 428.2277126312256 294.34777069091797 415.4039611816406 294.34777069091797
415.07568359375 260.30218505859375 427.7405843734741 260.30218505859375 427.7405843734741 294.90434646606445 415.07568359375 294.90434646606445
414.82330322265625 259.99334716796875 428.0302152633667 259.99334716796875 428.0302152633667 294.7988815307617 414.82330322265625 294.7988815307617
414.8417053222656 260.113525390625 427.9127426147461 260.113525390625 427.9127426147461 294.6596260070801 414.8417053222656 294.6596260070801
415.13580322265625 260.420166015625 428.1541519165039 260.420166015625 428.1541519165039 295.1265869140625 415.13580322265625 295.1265869140625
414.9051208496094 260.30194091796875 427.7391986846924 260.30194091796875 427.7391986846924 294.9117851257324 414.9051208496094 294.9117851257324
414.969482421875 259.0236511230469 428.08640575408936 259.0236511230469 428.08640575408936 294.0556411743164 414.969482421875 294.0556411743164
414.96771240234375 259.91363525390625 427.99857902526855 259.91363525390625 427.99857902526855 294.97046661376953 414.96771240234375 294.97046661376953
415.2820739746094 259.92633056640625 428.2625904083252 259.92633056640625 428.2625904083252 294.71118927001953 415.2820739746094 294.71118927001953
414.71783447265625 260.471923828125 428.06908893585205 260.471923828125 428.06908893585205 294.939151763916 414.71783447265625 294.939151763916
414.7367248535156 259.5736083984375 428.078125 259.5736083984375 428.078125 294.35559463500977 414.7367248535156 294.35559463500977
414.80322265625 259.08929443359375 427.8986463546753 259.08929443359375 427.8986463546753 294.1243667602539 414.80322265625 294.1243667602539
414.73419189453125 259.66162109375 428.221342086792 259.66162109375 428.221342086792 294.6972465515137 414.73419189453125 294.6972465515137
414.72052001953125 260.50518798828125 427.91455268859863 260.50518798828125 427.91455268859863 294.8750228881836 414.72052001953125 294.8750228881836
415.03436279296875 260.0589599609375 428.10547637939453 260.0589599609375 428.10547637939453 294.8839683532715 415.03436279296875 294.8839683532715
414.6908264160156 259.96820068359375 428.259521484375 259.96820068359375 428.259521484375 294.7594985961914 414.6908264160156 294.7594985961914
414.5557556152344 259.48944091796875 427.80948638916016 259.48944091796875 427.80948638916016 294.6171455383301 414.5557556152344 294.6171455383301
415.0860290527344 260.45977783203125 428.12158012390137 260.45977783203125 428.12158012390137 295.09656524658203 415.0860290527344 295.09656524658203
415.13250732421875 260.1336364746094 428.24871826171875 260.1336364746094 428.24871826171875 294.7972984313965 415.13250732421875 294.7972984313965
414.963134765625 259.44049072265625 428.5011291503906 259.44049072265625 428.5011291503906 294.95320892333984 414.963134765625 294.95320892333984
414.94384765625 260.1623840332031 428.06386375427246 260.1623840332031 428.06386375427246 295.1127395629883 414.94384765625 295.1127395629883
415.067138671875 260.5306701660156 428.26273822784424 260.5306701660156 428.26273822784424 295.2481460571289 415.067138671875 295.2481460571289
415.1905822753906 260.0550537109375 428.2981433868408 260.0550537109375 428.2981433868408 295.4021987915039 415.1905822753906 295.4021987915039
414.82861328125 259.9168395996094 428.29241466522217 259.9168395996094 428.29241466522217 294.8527030944824 414.82861328125 294.8527030944824
414.9915466308594 259.7680358886719 428.5387935638428 259.7680358886719 428.5387935638428 295.2816619873047 414.9915466308594 295.2816619873047
414.7955627441406 260.43389892578125 428.26133251190186 260.43389892578125 428.26133251190186 295.3004837036133 414.7955627441406 295.3004837036133
414.9351501464844 259.50482177734375 428.4546070098877 259.50482177734375 428.4546070098877 295.0647506713867 414.9351501464844 295.0647506713867
414.60845947265625 259.31561279296875 428.4602584838867 259.31561279296875 428.4602584838867 294.6901626586914 414.60845947265625 294.6901626586914
414.9078674316406 259.4266357421875 428.6539583206177 259.4266357421875 428.6539583206177 295.19832611083984 414.9078674316406 295.19832611083984
415.0403747558594 260.12078857421875 428.28517150878906 260.12078857421875 428.28517150878906 295.4429931640625 415.0403747558594 295.4429931640625
414.98663330078125 259.51629638671875 428.48672676086426 259.51629638671875 428.48672676086426 295.2939987182617 414.98663330078125 295.2939987182617
414.70538330078125 258.8733825683594 428.3183002471924 258.8733825683594 428.3183002471924 295.1584663391113 414.70538330078125 295.1584663391113
414.8540954589844 259.44189453125 428.36748027801514 259.44189453125 428.36748027801514 295.6053237915039 414.8540954589844 295.6053237915039
414.8399353027344 258.9679260253906 428.32579803466797 258.9679260253906 428.32579803466797 295.7319107055664 414.8399353027344 295.7319107055664
414.33544921875 258.20556640625 428.31331157684326 258.20556640625 428.31331157684326 295.1141662597656 414.33544921875 295.1141662597656
414.886962890625 257.7701110839844 428.4873561859131 257.7701110839844 428.4873561859131 295.8151168823242 414.886962890625 295.8151168823242
415.51434326171875 258.0805969238281 429.4358501434326 258.0805969238281 429.4358501434326 294.79808044433594 415.51434326171875 294.79808044433594
415.04327392578125 257.3981018066406 428.91118812561035 257.3981018066406 428.91118812561035 294.1820373535156 415.04327392578125 294.1820373535156
415.2937927246094 257.82855224609375 428.9376497268677 257.82855224609375 428.9376497268677 294.5619926452637 415.2937927246094 294.5619926452637
414.6778259277344 257.1273498535156 428.38215160369873 257.1273498535156 428.38215160369873 294.56138610839844 414.6778259277344 294.56138610839844
414.6322326660156 257.28033447265625 428.90697288513184 257.28033447265625 428.90697288513184 294.9974174499512 414.6322326660156 294.9974174499512
414.9750061035156 257.82415771484375 429.4706573486328 257.82415771484375 429.4706573486328 295.2184371948242 414.9750061035156 295.2184371948242
415.06658935546875 258.0906677246094 429.7914352416992 258.0906677246094 429.7914352416992 295.3398208618164 415.06658935546875 295.3398208618164
415.8062438964844 257.55316162109375 429.98387145996094 257.55316162109375 429.98387145996094 295.439754486084 415.8062438964844 295.439754486084
414.846435546875 256.439208984375 429.3709964752197 256.439208984375 429.3709964752197 295.07464599609375 414.846435546875 295.07464599609375
415.71258544921875 257.1416931152344 430.5406723022461 257.1416931152344 430.5406723022461 295.64701080322266 415.71258544921875 295.64701080322266
415.27435302734375 257.96868896484375 430.07151222229004 257.96868896484375 430.07151222229004 295.79388427734375 415.27435302734375 295.79388427734375
415.60308837890625 258.77777099609375 430.1981830596924 258.77777099609375 430.1981830596924 296.11388397216797 415.60308837890625 296.11388397216797
416.2066955566406 258.15606689453125 430.7057113647461 258.15606689453125 430.7057113647461 295.1008110046387 416.2066955566406 295.1008110046387
416.325439453125 258.01312255859375 430.72457122802734 258.01312255859375 430.72457122802734 294.9809265136719 416.325439453125 294.9809265136719
416.8607482910156 258.91485595703125 430.8379306793213 258.91485595703125 430.8379306793213 294.7467231750488 416.8607482910156 294.7467231750488
416.8582458496094 259.448974609375 431.1378812789917 259.448974609375 431.1378812789917 294.5354194641113 416.8582458496094 294.5354194641113
417.82958984375 257.564697265625 431.67124938964844 257.564697265625 431.67124938964844 294.8306770324707 417.82958984375 294.8306770324707
417.40728759765625 257.8998107910156 431.3580379486084 257.8998107910156 431.3580379486084 294.9408493041992 417.40728759765625 294.9408493041992
417.6357421875 257.33648681640625 431.505877494812 257.33648681640625 431.505877494812 294.6791305541992 417.6357421875 294.6791305541992
417.9649963378906 257.60504150390625 431.7837266921997 257.60504150390625 431.7837266921997 294.80928802490234 417.9649963378906 294.80928802490234
417.8523864746094 257.4810485839844 431.87702655792236 257.4810485839844 431.87702655792236 295.23966217041016 417.8523864746094 295.23966217041016
417.8954162597656 257.19171142578125 431.9765090942383 257.19171142578125 431.9765090942383 295.39178466796875 417.8954162597656 295.39178466796875
417.67462158203125 258.13812255859375 431.8210849761963 258.13812255859375 431.8210849761963 296.0283889770508 417.67462158203125 296.0283889770508
418.18280029296875 258.815673828125 432.0661163330078 258.815673828125 432.0661163330078 294.8853073120117 418.18280029296875 294.8853073120117
418.60498046875 258.1047058105469 432.31409645080566 258.1047058105469 432.31409645080566 294.79911041259766 418.60498046875 294.79911041259766
418.61212158203125 256.9757080078125 432.2682161331177 256.9757080078125 432.2682161331177 293.7420768737793 418.61212158203125 293.7420768737793
418.59600830078125 256.95916748046875 432.1724576950073 256.95916748046875 432.1724576950073 293.51110458374023 418.59600830078125 293.51110458374023
418.5464782714844 257.76837158203125 432.0975675582886 257.76837158203125 432.0975675582886 294.2520332336426 418.5464782714844 294.2520332336426
418.4745178222656 256.98394775390625 432.24965476989746 256.98394775390625 432.24965476989746 294.0708198547363 418.4745178222656 294.0708198547363
418.4496154785156 258.0476379394531 432.1526689529419 258.0476379394531 432.1526689529419 294.94043731689453 418.4496154785156 294.94043731689453
418.162841796875 256.84503173828125 432.0380277633667 256.84503173828125 432.0380277633667 294.2012596130371 418.162841796875 294.2012596130371
418.24383544921875 258.1803894042969 432.1761245727539 258.1803894042969 432.1761245727539 295.2562789916992 418.24383544921875 295.2562789916992
418.9246520996094 258.08905029296875 432.76344776153564 258.08905029296875 432.76344776153564 295.16992950439453 418.9246520996094 295.16992950439453
418.63720703125 257.3636474609375 432.7153015136719 257.3636474609375 432.7153015136719 295.26616287231445 418.63720703125 295.26616287231445
417.9794006347656 257.4962463378906 431.9559841156006 257.4962463378906 431.9559841156006 294.7473449707031 417.9794006347656 294.7473449707031
418.5816955566406 257.57733154296875 432.68284034729004 257.57733154296875 432.68284034729004 295.54190826416016 418.5816955566406 295.54190826416016
417.82452392578125 257.69873046875 432.1495027542114 257.69873046875 432.1495027542114 296.0433006286621 417.82452392578125 296.0433006286621
418.2574768066406 258.05780029296875 432.53601837158203 258.05780029296875 432.53601837158203 295.7981605529785 418.2574768066406 295.7981605529785
418.74542236328125 256.7126159667969 432.9640655517578 256.7126159667969 432.9640655517578 294.9935302734375 418.74542236328125 294.9935302734375
418.2547912597656 257.41546630859375 432.32833671569824 257.41546630859375 432.32833671569824 294.9346389770508 418.2547912597656 294.9346389770508
418.19140625 258.11761474609375 432.4148817062378 258.11761474609375 432.4148817062378 296.2130813598633 418.19140625 296.2130813598633
417.85107421875 257.14227294921875 432.17218589782715 257.14227294921875 432.17218589782715 295.2229995727539 417.85107421875 295.2229995727539
418.1775817871094 257.3807678222656 432.6323547363281 257.3807678222656 432.6323547363281 295.6337585449219 418.1775817871094 295.6337585449219
418.23785400390625 257.8262634277344 432.5692844390869 257.8262634277344 432.5692844390869 295.8255271911621 418.23785400390625 295.8255271911621
417.4124450683594 257.83660888671875 432.1653118133545 257.83660888671875 432.1653118133545 295.85375213623047 417.4124450683594 295.85375213623047
418.3971252441406 257.34613037109375 432.8264493942261 257.34613037109375 432.8264493942261 295.7377395629883 418.3971252441406 295.7377395629883
418.0475158691406 258.3395690917969 432.2806854248047 258.3395690917969 432.2806854248047 295.56189727783203 418.0475158691406 295.56189727783203
418.23651123046875 258.4369812011719 432.35361194610596 258.4369812011719 432.35361194610596 295.4919967651367 418.23651123046875 295.4919967651367
417.5765686035156 258.1019592285156 432.05040550231934 258.1019592285156 432.05040550231934 295.5435791015625 417.5765686035156 295.5435791015625
418.03875732421875 257.9069519042969 432.459584236145 257.9069519042969 432.459584236145 295.50085830688477 418.03875732421875 295.50085830688477
417.9061584472656 258.7820739746094 432.3376588821411 258.7820739746094 432.3376588821411 296.15278244018555 417.9061584472656 296.15278244018555
418.42437744140625 257.0081481933594 432.5887804031372 257.0081481933594 432.5887804031372 295.1430358886719 418.42437744140625 295.1430358886719
418.397216796875 257.70782470703125 432.57377433776855 257.70782470703125 432.57377433776855 294.92127227783203 418.397216796875 294.92127227783203
418.638427734375 257.0930480957031 432.4299945831299 257.0930480957031 432.4299945831299 294.2241439819336 418.638427734375 294.2241439819336
418.7831115722656 257.809326171875 432.4760847091675 257.809326171875 432.4760847091675 294.6749801635742 418.7831115722656 294.6749801635742
419.2906799316406 257.8291320800781 432.91883277893066 257.8291320800781 432.91883277893066 294.52026748657227 419.2906799316406 294.52026748657227
418.6507263183594 258.4208984375 432.28571128845215 258.4208984375 432.28571128845215 294.68471908569336 418.6507263183594 294.68471908569336
418.88067626953125 257.5234375 432.3998565673828 257.5234375 432.3998565673828 293.9211845397949 418.88067626953125 293.9211845397949
418.9036560058594 258.013671875 432.1500778198242 258.013671875 432.1500778198242 293.6770706176758 418.9036560058594 293.6770706176758
418.88677978515625 257.4751892089844 432.27426624298096 257.4751892089844 432.27426624298096 293.5183792114258 418.88677978515625 293.5183792114258
418.7561950683594 258.2950134277344 431.9417371749878 258.2950134277344 431.9417371749878 293.79450607299805 418.7561950683594 293.79450607299805
418.73553466796875 257.45721435546875 432.0085201263428 257.45721435546875 432.0085201263428 293.19213104248047 418.73553466796875 293.19213104248047
419.22796630859375 258.0949401855469 432.3245601654053 258.0949401855469 432.3245601654053 293.3549575805664 419.22796630859375 293.3549575805664
418.84765625 257.2842712402344 431.8584442138672 257.2842712402344 431.8584442138672 292.3132743835449 418.84765625 292.3132743835449
418.6265563964844 256.98577880859375 431.8661775588989 256.98577880859375 431.8661775588989 292.63086700439453 418.6265563964844 292.63086700439453
418.4486389160156 257.1700134277344 431.75997161865234 257.1700134277344 431.75997161865234 293.00817108154297 418.4486389160156 293.00817108154297
418.616455078125 258.02783203125 431.977014541626 258.02783203125 431.977014541626 293.99851989746094 418.616455078125 293.99851989746094
418.5361328125 257.5448913574219 432.04906940460205 257.5448913574219 432.04906940460205 293.9258270263672 418.5361328125 293.9258270263672
418.688232421875 256.63299560546875 432.3982410430908 256.63299560546875 432.3982410430908 293.54450607299805 418.688232421875 293.54450607299805
418.1199645996094 257.16143798828125 431.8302402496338 257.16143798828125 431.8302402496338 294.0736656188965 418.1199645996094 294.0736656188965
418.4427795410156 257.03338623046875 431.9085941314697 257.03338623046875 431.9085941314697 293.2874526977539 418.4427795410156 293.2874526977539
418.47637939453125 257.39599609375 432.0098628997803 257.39599609375 432.0098628997803 293.8322525024414 418.47637939453125 293.8322525024414
418.5345153808594 257.1964416503906 432.00945568084717 257.1964416503906 432.00945568084717 293.4750785827637 418.5345153808594 293.4750785827637
418.5270080566406 257.1827087402344 432.1526107788086 257.1827087402344 432.1526107788086 293.8669738769531 418.5270080566406 293.8669738769531
418.5088806152344 257.440673828125 432.14715003967285 257.440673828125 432.14715003967285 294.1590385437012 418.5088806152344 294.1590385437012
418.77569580078125 256.75885009765625 432.5109577178955 256.75885009765625 432.5109577178955 293.7383499145508 418.77569580078125 293.7383499145508
418.5684509277344 257.09063720703125 432.1522855758667 257.09063720703125 432.1522855758667 293.6624526977539 418.5684509277344 293.6624526977539
418.7374572753906 256.5240783691406 432.29272270202637 256.5240783691406 432.29272270202637 293.0189743041992 418.7374572753906 293.0189743041992
418.99774169921875 257.3542175292969 432.4519500732422 257.3542175292969 432.4519500732422 293.57703399658203 418.99774169921875 293.57703399658203
418.7320251464844 256.7725524902344 432.0495910644531 256.7725524902344 432.0495910644531 292.6274871826172 418.7320251464844 292.6274871826172
418.56463623046875 257.48846435546875 431.8675413131714 257.48846435546875 431.8675413131714 293.3039321899414 418.56463623046875 293.3039321899414
418.6185607910156 257.59442138671875 431.8053846359253 257.59442138671875 431.8053846359253 293.09736251831055 418.6185607910156 293.09736251831055
418.9111328125 257.950439453125 432.0000743865967 257.950439453125 432.0000743865967 293.1898536682129 418.9111328125 293.1898536682129
418.87408447265625 258.7510070800781 432.1115140914917 258.7510070800781 432.1115140914917 294.3901901245117 418.87408447265625 294.3901901245117
418.88623046875 257.6881408691406 431.9558515548706 257.6881408691406 431.9558515548706 292.8755302429199 418.88623046875 292.8755302429199
418.59332275390625 257.70123291015625 431.8885622024536 257.70123291015625 431.8885622024536 293.4960517883301 418.59332275390625 293.4960517883301
419.0364685058594 257.2123718261719 432.47045707702637 257.2123718261719 432.47045707702637 293.38074493408203 419.0364685058594 293.38074493408203
418.647705078125 257.11041259765625 432.0947370529175 257.11041259765625 432.0947370529175 293.31390380859375 418.647705078125 293.31390380859375
418.8289489746094 257.30694580078125 432.2787199020386 257.30694580078125 432.2787199020386 293.5178108215332 418.8289489746094 293.5178108215332
418.52972412109375 257.32666015625 431.9898862838745 257.32666015625 431.9898862838745 293.5654983520508 418.52972412109375 293.5654983520508
418.80133056640625 257.80633544921875 432.20830821990967 257.80633544921875 432.20830821990967 293.9019889831543 418.80133056640625 293.9019889831543
418.7754821777344 257.41009521484375 432.07783031463623 257.41009521484375 432.07783031463623 293.2240524291992 418.7754821777344 293.2240524291992
418.27056884765625 257.4103698730469 431.6894254684448 257.4103698730469 431.6894254684448 293.5380058288574 418.27056884765625 293.5380058288574
418.3570251464844 257.2998962402344 431.72767162323 257.2998962402344 431.72767162323 293.29773712158203 418.3570251464844 293.29773712158203
418.19854736328125 257.6831359863281 431.69519996643066 257.6831359863281 431.69519996643066 294.0202217102051 418.19854736328125 294.0202217102051
418.1116638183594 258.42742919921875 431.5929412841797 258.42742919921875 431.5929412841797 294.7231216430664 418.1116638183594 294.7231216430664
418.1031799316406 257.55560302734375 431.70297718048096 257.55560302734375 431.70297718048096 294.1703872680664 418.1031799316406 294.1703872680664
418.7889709472656 257.3251647949219 432.3437671661377 257.3251647949219 432.3437671661377 293.8187942504883 418.7889709472656 293.8187942504883
417.9092712402344 256.83709716796875 431.66700744628906 256.83709716796875 431.66700744628906 293.8771057128906 417.9092712402344 293.8771057128906
417.3690490722656 257.5436706542969 431.12991523742676 257.5436706542969 431.12991523742676 293.97210693359375 417.3690490722656 293.97210693359375
417.92950439453125 257.1948547363281 431.5798616409302 257.1948547363281 431.5798616409302 293.9457702636719 417.92950439453125 293.9457702636719
418.2456970214844 257.57037353515625 431.8364887237549 257.57037353515625 431.8364887237549 294.16091537475586 418.2456970214844 294.16091537475586
418.3375549316406 257.233154296875 431.9203233718872 257.233154296875 431.9203233718872 293.80209732055664 418.3375549316406 293.80209732055664
418.2435607910156 257.2228698730469 431.8037462234497 257.2228698730469 431.8037462234497 293.731014251709 418.2435607910156 293.731014251709
418.1826171875 257.4523010253906 431.588267326355 257.4523010253906 431.588267326355 293.5443916320801 418.1826171875 293.5443916320801
418.14459228515625 257.7643737792969 431.57086753845215 257.7643737792969 431.57086753845215 293.91199493408203 418.14459228515625 293.91199493408203
418.2792053222656 257.78717041015625 431.6900587081909 257.78717041015625 431.6900587081909 293.8932762145996 418.2792053222656 293.8932762145996
418.15069580078125 257.75933837890625 431.65742206573486 257.75933837890625 431.65742206573486 294.1235580444336 418.15069580078125 294.1235580444336
417.67022705078125 258.56427001953125 431.4336977005005 258.56427001953125 431.4336977005005 294.65494537353516 417.67022705078125 294.65494537353516
417.96905517578125 257.8045959472656 431.58896923065186 257.8045959472656 431.58896923065186 294.4735565185547 417.96905517578125 294.4735565185547
418.1201171875 257.091552734375 431.5960340499878 257.091552734375 431.5960340499878 293.3728332519531 418.1201171875 293.3728332519531
417.462646484375 257.95758056640625 431.26226234436035 257.95758056640625 431.26226234436035 294.0775909423828 417.462646484375 294.0775909423828
416.72052001953125 258.71429443359375 431.0128688812256 258.71429443359375 431.0128688812256 294.1482734680176 416.72052001953125 294.1482734680176
417.6241760253906 257.8190612792969 431.5519895553589 257.8190612792969 431.5519895553589 294.1136245727539 417.6241760253906 294.1136245727539
417.96502685546875 257.6336975097656 431.5770969390869 257.6336975097656 431.5770969390869 294.28154373168945 417.96502685546875 294.28154373168945
418.49786376953125 257.6534729003906 432.04744148254395 257.6534729003906 432.04744148254395 294.1330680847168 418.49786376953125 294.1330680847168
417.06951904296875 259.4333190917969 431.2852420806885 259.4333190917969 431.2852420806885 294.1852912902832 417.06951904296875 294.1852912902832
417.5550842285156 258.41632080078125 431.56049633026123 258.41632080078125 431.56049633026123 294.2314567565918 417.5550842285156 294.2314567565918
417.8431701660156 257.63922119140625 431.65893840789795 257.63922119140625 431.65893840789795 294.8354797363281 417.8431701660156 294.8354797363281
416.8711853027344 258.35345458984375 431.16134452819824 258.35345458984375 431.16134452819824 294.09782791137695 416.8711853027344 294.09782791137695
416.9579162597656 259.0027770996094 431.10154151916504 259.0027770996094 431.10154151916504 294.43266677856445 416.9579162597656 294.43266677856445
417.2137756347656 258.31396484375 431.67842292785645 258.31396484375 431.67842292785645 294.53031158447266 417.2137756347656 294.53031158447266
416.6178283691406 258.0437316894531 431.0653381347656 258.0437316894531 431.0653381347656 294.75705337524414 416.6178283691406 294.75705337524414
416.9871520996094 257.69805908203125 431.566801071167 257.69805908203125 431.566801071167 294.21302032470703 416.9871520996094 294.21302032470703
416.72869873046875 257.80303955078125 431.23530101776123 257.80303955078125 431.23530101776123 294.27185821533203 416.72869873046875 294.27185821533203
417.756103515625 257.6687927246094 431.7180576324463 257.6687927246094 431.7180576324463 293.8374938964844 417.756103515625 293.8374938964844
417.517822265625 257.7967834472656 431.75132751464844 257.7967834472656 431.75132751464844 295.0368118286133 417.517822265625 295.0368118286133
417.1637268066406 258.0643005371094 431.6805057525635 258.0643005371094 431.6805057525635 294.5159378051758 417.1637268066406 294.5159378051758
416.8352966308594 258.80938720703125 431.46893787384033 258.80938720703125 431.46893787384033 294.6936149597168 416.8352966308594 294.6936149597168
416.9915466308594 258.35662841796875 431.5835018157959 258.35662841796875 431.5835018157959 295.08282470703125 416.9915466308594 295.08282470703125
417.17034912109375 258.4675598144531 431.5537509918213 258.4675598144531 431.5537509918213 295.2851753234863 417.17034912109375 295.2851753234863
417.43585205078125 257.49658203125 431.79221630096436 257.49658203125 431.79221630096436 295.0204849243164 417.43585205078125 295.0204849243164
417.15716552734375 257.44061279296875 431.4685363769531 257.44061279296875 431.4685363769531 294.4144859313965 417.15716552734375 294.4144859313965
417.52069091796875 257.1219482421875 431.8172254562378 257.1219482421875 431.8172254562378 294.628849029541 417.52069091796875 294.628849029541
416.95025634765625 257.653564453125 431.38165283203125 257.653564453125 431.38165283203125 294.45220947265625 416.95025634765625 294.45220947265625
417.07537841796875 258.2716369628906 431.4847593307495 258.2716369628906 431.4847593307495 294.59880447387695 417.07537841796875 294.59880447387695
417.08477783203125 257.9513854980469 431.3622770309448 257.9513854980469 431.3622770309448 294.3678436279297 417.08477783203125 294.3678436279297
417.04693603515625 258.0486145019531 431.44225025177 258.0486145019531 431.44225025177 295.5144386291504 417.04693603515625 295.5144386291504
416.8932189941406 257.77178955078125 431.2906370162964 257.77178955078125 431.2906370162964 294.19392013549805 416.8932189941406 294.19392013549805
417.2137145996094 257.0822448730469 431.4104127883911 257.0822448730469 431.4104127883911 293.9964408874512 417.2137145996094 293.9964408874512
417.2567443847656 257.3504943847656 431.5446472167969 257.3504943847656 431.5446472167969 294.7177505493164 417.2567443847656 294.7177505493164
416.3340759277344 257.78790283203125 431.0907974243164 257.78790283203125 431.0907974243164 294.8748779296875 416.3340759277344 294.8748779296875
416.6236267089844 258.15716552734375 431.40289783477783 258.15716552734375 431.40289783477783 294.6400680541992 416.6236267089844 294.6400680541992
417.2474670410156 257.6536560058594 431.5777587890625 257.6536560058594 431.5777587890625 294.3713073730469 417.2474670410156 294.3713073730469
417.79241943359375 256.6583557128906 431.6419982910156 256.6583557128906 431.6419982910156 293.945613861084 417.79241943359375 293.945613861084
417.9112243652344 256.6187744140625 431.5854244232178 256.6187744140625 431.5854244232178 293.4338607788086 417.9112243652344 293.4338607788086
418.2137145996094 257.6435852050781 431.84597969055176 257.6435852050781 431.84597969055176 294.3457717895508 418.2137145996094 294.3457717895508
418.1973571777344 257.3734130859375 431.67655658721924 257.3734130859375 431.67655658721924 293.66350173950195 418.1973571777344 293.66350173950195
418.12078857421875 257.1033935546875 431.51395893096924 257.1033935546875 431.51395893096924 293.161865234375 418.12078857421875 293.161865234375
418.54638671875 257.10565185546875 431.921049118042 257.10565185546875 431.921049118042 293.11429595947266 418.54638671875 293.11429595947266
417.99920654296875 257.38592529296875 431.448992729187 257.38592529296875 431.448992729187 293.5968246459961 417.99920654296875 293.5968246459961
417.9263610839844 257.6143798828125 431.90775299072266 257.6143798828125 431.90775299072266 294.03646087646484 417.9263610839844 294.03646087646484
417.5519104003906 257.2209167480469 431.5965929031372 257.2209167480469 431.5965929031372 294.1633415222168 417.5519104003906 294.1633415222168
416.98321533203125 258.40020751953125 431.1389923095703 258.40020751953125 431.1389923095703 294.60030364990234 416.98321533203125 294.60030364990234
417.61968994140625 256.9180603027344 431.33384704589844 256.9180603027344 431.33384704589844 293.84072494506836 417.61968994140625 293.84072494506836
417.5728454589844 257.21319580078125 431.1955108642578 257.21319580078125 431.1955108642578 293.8895378112793 417.5728454589844 293.8895378112793
417.47967529296875 257.2889709472656 431.11853313446045 257.2889709472656 431.11853313446045 294.00890731811523 417.47967529296875 294.00890731811523
417.4459533691406 257.7268371582031 431.5759983062744 257.7268371582031 431.5759983062744 294.69804763793945 417.4459533691406 294.69804763793945
417.669677734375 256.7845764160156 431.38462257385254 256.7845764160156 431.38462257385254 293.70935821533203 417.669677734375 293.70935821533203
418.04742431640625 257.51019287109375 431.7046537399292 257.51019287109375 431.7046537399292 294.27959060668945 418.04742431640625 294.27959060668945
417.771484375 256.8000183105469 431.4205093383789 256.8000183105469 431.4205093383789 293.54732513427734 417.771484375 293.54732513427734
418.22216796875 257.16595458984375 431.7405776977539 257.16595458984375 431.7405776977539 293.5616035461426 418.22216796875 293.5616035461426
417.5986328125 256.82757568359375 431.0804567337036 256.82757568359375 431.0804567337036 293.1247253417969 417.5986328125 293.1247253417969
418.13922119140625 257.23065185546875 431.5787811279297 257.23065185546875 431.5787811279297 293.4140205383301 418.13922119140625 293.4140205383301
418.13677978515625 257.1703186035156 431.6992540359497 257.1703186035156 431.6992540359497 293.6846122741699 418.13677978515625 293.6846122741699
418.43829345703125 257.22064208984375 432.12548542022705 257.22064208984375 432.12548542022705 294.0707092285156 418.43829345703125 294.0707092285156
418.3794860839844 257.2386169433594 431.88661193847656 257.2386169433594 431.88661193847656 293.6038932800293 418.3794860839844 293.6038932800293
417.7606506347656 257.7605285644531 431.35154724121094 257.7605285644531 431.35154724121094 294.3513374328613 417.7606506347656 294.3513374328613
418.91015625 257.51593017578125 432.31766510009766 257.51593017578125 432.31766510009766 293.6130027770996 418.91015625 293.6130027770996
418.87176513671875 257.7804260253906 432.341082572937 257.7804260253906 432.341082572937 294.04390716552734 418.87176513671875 294.04390716552734
418.8306579589844 258.12823486328125 432.2370357513428 258.12823486328125 432.2370357513428 294.2222671508789 418.8306579589844 294.2222671508789
418.21771240234375 256.9882507324219 431.67249488830566 256.9882507324219 431.67249488830566 293.2126045227051 418.21771240234375 293.2126045227051
419.56341552734375 257.07391357421875 432.9686679840088 257.07391357421875 432.9686679840088 293.1649169921875 419.56341552734375 293.1649169921875
419.47369384765625 256.7036437988281 432.83141803741455 256.7036437988281 432.83141803741455 292.6666793823242 419.47369384765625 292.6666793823242
419.88677978515625 257.1337890625 433.1166019439697 257.1337890625 433.1166019439697 292.7524719238281 419.88677978515625 292.7524719238281
419.17999267578125 256.2798767089844 432.4335355758667 256.2798767089844 432.4335355758667 291.9624252319336 419.17999267578125 291.9624252319336
418.73583984375 255.91073608398438 432.2016906738281 255.91073608398438 432.2016906738281 292.16487884521484 418.73583984375 292.16487884521484
418.7586975097656 256.8312072753906 432.49509143829346 256.8312072753906 432.49509143829346 293.81372833251953 418.7586975097656 293.81372833251953
418.5086975097656 256.783203125 432.0965757369995 256.783203125 432.0965757369995 293.3658752441406 418.5086975097656 293.3658752441406
419.1036071777344 256.092041015625 432.55521869659424 256.092041015625 432.55521869659424 292.3078422546387 419.1036071777344 292.3078422546387
419.0055236816406 256.65472412109375 432.67796516418457 256.65472412109375 432.67796516418457 293.4650650024414 419.0055236816406 293.4650650024414
418.694091796875 256.32354736328125 432.3697633743286 256.32354736328125 432.3697633743286 293.14258193969727 418.694091796875 293.14258193969727
418.8131408691406 257.18890380859375 432.36287689208984 257.18890380859375 432.36287689208984 293.66888427734375 418.8131408691406 293.66888427734375
418.486083984375 256.6015930175781 432.0591678619385 256.6015930175781 432.0591678619385 293.1444320678711 418.486083984375 293.1444320678711
418.4098205566406 256.38470458984375 431.99205780029297 256.38470458984375 431.99205780029297 292.95218658447266 418.4098205566406 292.95218658447266
418.0841369628906 255.8433837890625 431.73795795440674 255.8433837890625 431.73795795440674 292.6035919189453 418.0841369628906 292.6035919189453
418.5365295410156 256.48974609375 432.1919460296631 256.48974609375 432.1919460296631 293.2542533874512 418.5365295410156 293.2542533874512
418.3561096191406 256.4081726074219 431.9920244216919 256.4081726074219 431.9920244216919 293.120174407959 418.3561096191406 293.120174407959
418.149658203125 256.94915771484375 431.90023040771484 256.94915771484375 431.90023040771484 293.9698486328125 418.149658203125 293.9698486328125
418.42822265625 256.6194763183594 432.0304470062256 256.6194763183594 432.0304470062256 293.24077224731445 418.42822265625 293.24077224731445
418.70550537109375 257.5536193847656 432.34088706970215 257.5536193847656 432.34088706970215 294.2641830444336 418.70550537109375 294.2641830444336
418.0769958496094 256.83221435546875 431.8645610809326 256.83221435546875 431.8645610809326 293.9525032043457 418.0769958496094 293.9525032043457
418.8486328125 256.2314758300781 432.61649799346924 256.2314758300781 432.61649799346924 293.2987251281738 418.8486328125 293.2987251281738
418.67486572265625 257.08184814453125 432.1427335739136 257.08184814453125 432.1427335739136 293.3414192199707 418.67486572265625 293.3414192199707
418.11846923828125 255.40097045898438 431.63530254364014 255.40097045898438 431.63530254364014 291.7923698425293 418.11846923828125 291.7923698425293
418.48583984375 255.88412475585938 432.01744556427 255.88412475585938 432.01744556427 292.3152961730957 418.48583984375 292.3152961730957
418.3406677246094 255.953857421875 431.8144197463989 255.953857421875 431.8144197463989 292.2292709350586 418.3406677246094 292.2292709350586
418.41900634765625 256.30010986328125 431.89622497558594 256.30010986328125 431.89622497558594 292.58485412597656 418.41900634765625 292.58485412597656
418.5540466308594 257.4378967285156 432.0474271774292 257.4378967285156 432.0474271774292 293.7661552429199 418.5540466308594 293.7661552429199
418.60687255859375 258.8811340332031 432.23682403564453 258.8811340332031 432.23682403564453 295.5770797729492 418.60687255859375 295.5770797729492
418.62530517578125 260.68109130859375 432.18180561065674 260.68109130859375 432.18180561065674 297.17928314208984 418.62530517578125 297.17928314208984
418.42138671875 264.6263732910156 431.9591884613037 264.6263732910156 431.9591884613037 301.07422637939453 418.42138671875 301.07422637939453
417.8291931152344 265.5221252441406 431.2823152542114 265.5221252441406 431.2823152542114 301.74199295043945 417.8291931152344 301.74199295043945
418.2418518066406 267.5882568359375 431.84494495391846 267.5882568359375 431.84494495391846 304.2118911743164 418.2418518066406 304.2118911743164
418.1780700683594 268.45068359375 431.88313579559326 268.45068359375 431.88313579559326 305.3488540649414 418.1780700683594 305.3488540649414
418.198974609375 264.28668212890625 431.65149116516113 264.28668212890625 431.65149116516113 300.5049133300781 418.198974609375 300.5049133300781
417.88031005859375 259.09942626953125 431.1935758590698 259.09942626953125 431.1935758590698 294.94275665283203 417.88031005859375 294.94275665283203
418.3729553222656 257.29510498046875 431.3840503692627 257.29510498046875 431.3840503692627 292.3248977661133 418.3729553222656 292.3248977661133
418.51007080078125 256.78472900390625 431.56456565856934 256.78472900390625 431.56456565856934 291.9313735961914 418.51007080078125 291.9313735961914
418.19744873046875 258.62579345703125 431.2353239059448 258.62579345703125 431.2353239059448 293.7276916503906 418.19744873046875 293.7276916503906
418.30291748046875 259.3672790527344 431.1807098388672 259.3672790527344 431.1807098388672 294.0381889343262 418.30291748046875 294.0381889343262
418.2577209472656 260.0934143066406 431.2349443435669 260.0934143066406 431.2349443435669 295.03202056884766 418.2577209472656 295.03202056884766
419.09552001953125 261.1478271484375 431.8490581512451 261.1478271484375 431.8490581512451 295.4842109680176 419.09552001953125 295.4842109680176
418.741455078125 261.2216491699219 431.39634799957275 261.2216491699219 431.39634799957275 295.2924499511719 418.741455078125 295.2924499511719
418.9220275878906 261.9952697753906 431.5617332458496 261.9952697753906 431.5617332458496 296.02518463134766 418.9220275878906 296.02518463134766
419.3001403808594 261.53497314453125 432.00764179229736 261.53497314453125 432.00764179229736 295.7474136352539 419.3001403808594 295.7474136352539
418.694580078125 260.5483703613281 431.53380012512207 260.5483703613281 431.53380012512207 295.1154365539551 418.694580078125 295.1154365539551
418.731689453125 260.0281982421875 431.6525926589966 260.0281982421875 431.6525926589966 294.81517791748047 418.731689453125 294.81517791748047
418.95831298828125 259.6702575683594 431.8879108428955 259.6702575683594 431.8879108428955 294.4806442260742 418.95831298828125 294.4806442260742
418.70452880859375 258.317138671875 431.6656141281128 258.317138671875 431.6656141281128 293.2122993469238 418.70452880859375 293.2122993469238
418.5553283691406 257.4900207519531 431.3306541442871 257.4900207519531 431.3306541442871 291.88505935668945 418.5553283691406 291.88505935668945
418.9872131347656 257.6788024902344 431.8058223724365 257.6788024902344 431.8058223724365 292.190372467041 418.9872131347656 292.190372467041
418.44677734375 257.6390380859375 431.31463146209717 257.6390380859375 431.31463146209717 292.2831916809082 418.44677734375 292.2831916809082
419.03839111328125 257.788330078125 432.0669765472412 257.788330078125 432.0669765472412 292.8652229309082 419.03839111328125 292.8652229309082
418.2134704589844 257.9939880371094 431.4433193206787 257.9939880371094 431.4433193206787 293.61274337768555 418.2134704589844 293.61274337768555
418.433837890625 258.34283447265625 431.6271924972534 258.34283447265625 431.6271924972534 293.8633346557617 418.433837890625 293.8633346557617
418.76239013671875 258.0153503417969 432.07607078552246 258.0153503417969 432.07607078552246 293.859806060791 418.76239013671875 293.859806060791
418.89385986328125 258.841552734375 432.0044479370117 258.841552734375 432.0044479370117 294.13922119140625 418.89385986328125 294.13922119140625
418.40045166015625 258.800537109375 431.6338119506836 258.800537109375 431.6338119506836 294.4287414550781 418.40045166015625 294.4287414550781
418.6407165527344 257.8223571777344 432.0753574371338 257.8223571777344 432.0753574371338 293.99246978759766 418.6407165527344 293.99246978759766
418.27069091796875 258.0348205566406 431.59445667266846 258.0348205566406 431.59445667266846 293.90642166137695 418.27069091796875 293.90642166137695
417.9576110839844 258.0191345214844 431.63806438446045 258.0191345214844 431.63806438446045 294.8510437011719 417.9576110839844 294.8510437011719
418.2685546875 257.421630859375 432.02327728271484 257.421630859375 432.02327728271484 294.45349884033203 418.2685546875 294.45349884033203
418.603515625 257.1485900878906 432.3966236114502 257.1485900878906 432.3966236114502 294.28380584716797 418.603515625 294.28380584716797
418.36358642578125 257.89324951171875 432.1514005661011 257.89324951171875 432.1514005661011 295.0142135620117 418.36358642578125 295.0142135620117
418.2747497558594 258.0057678222656 432.15625 258.0057678222656 432.15625 295.378963470459 418.2747497558594 295.378963470459
418.3570251464844 257.48114013671875 432.3435411453247 257.48114013671875 432.3435411453247 295.13706970214844 418.3570251464844 295.13706970214844
418.6864318847656 258.1283264160156 432.7092866897583 258.1283264160156 432.7092866897583 295.88208770751953 418.6864318847656 295.88208770751953
418.7207946777344 258.45416259765625 432.5720157623291 258.45416259765625 432.5720157623291 295.7458305358887 418.7207946777344 295.7458305358887
418.23846435546875 258.0445251464844 431.91039085388184 258.0445251464844 431.91039085388184 294.85347747802734 418.23846435546875 294.85347747802734
418.3848571777344 257.90283203125 432.0060729980469 257.90283203125 432.0060729980469 294.57525634765625 418.3848571777344 294.57525634765625
418.938720703125 257.7403259277344 432.86336517333984 257.7403259277344 432.86336517333984 295.22967529296875 418.938720703125 295.22967529296875
418.59136962890625 257.0667724609375 432.78915882110596 257.0667724609375 432.78915882110596 295.29150772094727 418.59136962890625 295.29150772094727
418.811767578125 257.699462890625 432.71293354034424 257.699462890625 432.71293354034424 295.12560272216797 418.811767578125 295.12560272216797
419.51446533203125 257.7354736328125 433.45818042755127 257.7354736328125 433.45818042755127 295.2761650085449 419.51446533203125 295.2761650085449
419.44061279296875 257.3056335449219 433.2511959075928 257.3056335449219 433.2511959075928 294.4878921508789 419.44061279296875 294.4878921508789
419.4256286621094 258.2778625488281 433.1771926879883 258.2778625488281 433.1771926879883 295.3012275695801 419.4256286621094 295.3012275695801
419.3759765625 257.72900390625 433.3693723678589 257.72900390625 433.3693723678589 295.40345764160156 419.3759765625 295.40345764160156
419.1741638183594 257.7752685546875 432.9114866256714 257.7752685546875 432.9114866256714 294.76030349731445 419.1741638183594 294.76030349731445
418.8033752441406 257.9677734375 432.55854511260986 257.9677734375 432.55854511260986 295.00086212158203 418.8033752441406 295.00086212158203
418.80145263671875 257.1803283691406 432.5407428741455 257.1803283691406 432.5407428741455 294.17066192626953 418.80145263671875 294.17066192626953
419.06097412109375 258.68743896484375 432.70043754577637 258.68743896484375 432.70043754577637 295.40900802612305 419.06097412109375 295.40900802612305
419.4505920410156 259.111572265625 433.0289258956909 259.111572265625 433.0289258956909 295.6685600280762 419.4505920410156 295.6685600280762
419.32354736328125 258.52130126953125 433.0698184967041 258.52130126953125 433.0698184967041 295.5304260253906 419.32354736328125 295.5304260253906
419.1576232910156 257.9606018066406 432.980188369751 257.9606018066406 432.980188369751 295.1751289367676 419.1576232910156 295.1751289367676
418.95867919921875 257.5656433105469 432.9476957321167 257.5656433105469 432.9476957321167 295.22830963134766 418.95867919921875 295.22830963134766
418.8365173339844 256.9028015136719 432.9406681060791 256.9028015136719 432.9406681060791 294.8754425048828 418.8365173339844 294.8754425048828
418.123291015625 256.79144287109375 432.32185554504395 256.79144287109375 432.32185554504395 295.01827239990234 418.123291015625 295.01827239990234
418.373291015625 256.43878173828125 432.4331159591675 256.43878173828125 432.4331159591675 294.2920837402344 418.373291015625 294.2920837402344
418.5928649902344 256.8515625 432.58020782470703 256.8515625 432.58020782470703 294.5097236633301 418.5928649902344 294.5097236633301
418.931640625 256.86456298828125 432.8569049835205 256.86456298828125 432.8569049835205 294.3555908203125 418.931640625 294.3555908203125
418.55560302734375 256.52435302734375 432.47271156311035 256.52435302734375 432.47271156311035 293.9934196472168 418.55560302734375 293.9934196472168
418.8798828125 257.27508544921875 432.6067581176758 257.27508544921875 432.6067581176758 294.2319869995117 418.8798828125 294.2319869995117
418.94677734375 257.60223388671875 432.64349937438965 257.60223388671875 432.64349937438965 294.4779586791992 418.94677734375 294.4779586791992
418.9500427246094 257.4753112792969 432.47689056396484 257.4753112792969 432.47689056396484 293.89368438720703 418.9500427246094 293.89368438720703
419.00518798828125 257.0987243652344 432.5076551437378 257.0987243652344 432.5076551437378 293.45145416259766 419.00518798828125 293.45145416259766
418.85162353515625 257.1540832519531 432.4689531326294 257.1540832519531 432.4689531326294 293.8160591125488 418.85162353515625 293.8160591125488
418.14764404296875 257.056640625 431.8297300338745 257.056640625 431.8297300338745 293.8929634094238 418.14764404296875 293.8929634094238
417.7212829589844 257.60302734375 431.5451717376709 257.60302734375 431.5451717376709 294.8211250305176 417.7212829589844 294.8211250305176
416.14178466796875 257.546630859375 430.4038667678833 257.546630859375 430.4038667678833 294.3003387451172 416.14178466796875 294.3003387451172
416.7377014160156 256.6370544433594 430.8005723953247 256.6370544433594 430.8005723953247 294.49856185913086 416.7377014160156 294.49856185913086
415.80230712890625 258.71368408203125 430.84046459198 258.71368408203125 430.84046459198 295.8501510620117 415.80230712890625 295.8501510620117
414.4935607910156 256.869873046875 429.256085395813 256.869873046875 429.256085395813 294.71081161499023 414.4935607910156 294.71081161499023
413.5699768066406 258.8421630859375 429.0364809036255 258.8421630859375 429.0364809036255 295.48022842407227 413.5699768066406 295.48022842407227
413.1319274902344 260.4814758300781 428.66084003448486 260.4814758300781 428.66084003448486 295.89410400390625 413.1319274902344 295.89410400390625
412.71942138671875 260.5580139160156 428.08860778808594 260.5580139160156 428.08860778808594 295.5339584350586 412.71942138671875 295.5339584350586
413.0365295410156 257.65203857421875 427.42982482910156 257.65203857421875 427.42982482910156 296.40314865112305 413.0365295410156 296.40314865112305
412.2420959472656 262.705810546875 427.17727851867676 262.705810546875 427.17727851867676 295.1759262084961 412.2420959472656 295.1759262084961
411.92559814453125 262.8315734863281 426.9198703765869 262.8315734863281 426.9198703765869 295.2055130004883 411.92559814453125 295.2055130004883
412.34869384765625 262.5155944824219 427.35005474090576 262.5155944824219 427.35005474090576 294.8442497253418 412.34869384765625 294.8442497253418
412.33404541015625 263.83612060546875 427.2392454147339 263.83612060546875 427.2392454147339 295.28496742248535 412.33404541015625 295.28496742248535
411.4532165527344 263.47845458984375 426.85493183135986 263.47845458984375 426.85493183135986 295.23503494262695 411.4532165527344 295.23503494262695
411.83563232421875 263.4835205078125 427.1308650970459 263.4835205078125 427.1308650970459 295.44224548339844 411.83563232421875 295.44224548339844
412.2145080566406 263.5274963378906 427.33551502227783 263.5274963378906 427.33551502227783 296.07813262939453 412.2145080566406 296.07813262939453
412.3541564941406 263.0478515625 427.36699199676514 263.0478515625 427.36699199676514 295.2109718322754 412.3541564941406 295.2109718322754
411.7718811035156 263.3773498535156 427.1652479171753 263.3773498535156 427.1652479171753 295.2459468841553 411.7718811035156 295.2459468841553
411.9798278808594 263.8722229003906 427.5830659866333 263.8722229003906 427.5830659866333 295.5947151184082 411.9798278808594 295.5947151184082
411.8153381347656 263.67041015625 427.13250255584717 263.67041015625 427.13250255584717 295.57691383361816 411.8153381347656 295.57691383361816
412.10113525390625 264.5530090332031 427.62054443359375 264.5530090332031 427.62054443359375 296.5152988433838 412.10113525390625 296.5152988433838
412.00653076171875 264.0920715332031 427.65322399139404 264.0920715332031 427.65322399139404 295.89317321777344 412.00653076171875 295.89317321777344
411.62677001953125 264.24957275390625 427.1720781326294 264.24957275390625 427.1720781326294 295.1147212982178 411.62677001953125 295.1147212982178
412.6109313964844 264.5269775390625 427.2315092086792 264.5269775390625 427.2315092086792 295.12969398498535 412.6109313964844 295.12969398498535
413.05731201171875 264.56689453125 427.3795413970947 264.56689453125 427.3795413970947 295.6179714202881 413.05731201171875 295.6179714202881
412.1627502441406 263.77197265625 427.2672595977783 263.77197265625 427.2672595977783 295.2843208312988 412.1627502441406 295.2843208312988
412.5811462402344 264.36724853515625 427.5110092163086 264.36724853515625 427.5110092163086 295.5500602722168 412.5811462402344 295.5500602722168
412.64996337890625 265.2229309082031 427.149808883667 265.2229309082031 427.149808883667 295.7423458099365 412.64996337890625 295.7423458099365
412.38470458984375 264.83184814453125 426.8466110229492 264.83184814453125 426.8466110229492 295.96171951293945 412.38470458984375 295.96171951293945
412.33819580078125 264.6084289550781 426.89452838897705 264.6084289550781 426.89452838897705 295.84625244140625 412.33819580078125 295.84625244140625
412.0931091308594 264.9216003417969 426.8859281539917 264.9216003417969 426.8859281539917 295.3445987701416 412.0931091308594 295.3445987701416
413.2367248535156 265.05419921875 427.38527393341064 265.05419921875 427.38527393341064 295.678653717041 413.2367248535156 295.678653717041
412.4984436035156 265.33038330078125 426.8321809768677 265.33038330078125 426.8321809768677 296.2022304534912 412.4984436035156 296.2022304534912
412.18878173828125 263.90826416015625 426.80873584747314 263.90826416015625 426.80873584747314 295.17846298217773 412.18878173828125 295.17846298217773
412.3526306152344 264.5546875 427.14683532714844 264.5546875 427.14683532714844 295.1678924560547 412.3526306152344 295.1678924560547
412.7727966308594 264.67388916015625 427.44330406188965 264.67388916015625 427.44330406188965 295.40545654296875 412.7727966308594 295.40545654296875
412.9078674316406 264.43658447265625 427.6703929901123 264.43658447265625 427.6703929901123 295.9247798919678 412.9078674316406 295.9247798919678
412.611572265625 263.8199157714844 427.5377655029297 263.8199157714844 427.5377655029297 295.2191562652588 412.611572265625 295.2191562652588
411.8926696777344 264.0133972167969 427.0869083404541 264.0133972167969 427.0869083404541 295.6068630218506 411.8926696777344 295.6068630218506
412.9684143066406 264.845947265625 428.05663108825684 264.845947265625 428.05663108825684 295.9646968841553 412.9684143066406 295.9646968841553
412.7052307128906 265.2034606933594 427.6470060348511 265.2034606933594 427.6470060348511 296.6471309661865 412.7052307128906 296.6471309661865
412.03363037109375 263.57708740234375 427.47480487823486 263.57708740234375 427.47480487823486 295.2290954589844 412.03363037109375 295.2290954589844
411.3636779785156 264.23663330078125 427.3043975830078 264.23663330078125 427.3043975830078 295.4672050476074 411.3636779785156 295.4672050476074
412.1488342285156 264.31072998046875 427.4706678390503 264.31072998046875 427.4706678390503 295.7500915527344 412.1488342285156 295.7500915527344
411.68914794921875 265.0382385253906 427.3102970123291 265.0382385253906 427.3102970123291 296.42934799194336 411.68914794921875 296.42934799194336
411.9287109375 263.5375061035156 427.46442890167236 263.5375061035156 427.46442890167236 295.65172958374023 411.9287109375 295.65172958374023
411.9813537597656 264.2185363769531 427.63212394714355 264.2185363769531 427.63212394714355 296.0951900482178 411.9813537597656 296.0951900482178
411.8896484375 264.3245544433594 427.12510681152344 264.3245544433594 427.12510681152344 296.0734214782715 411.8896484375 296.0734214782715
412.66796875 264.5374755859375 427.89076232910156 264.5374755859375 427.89076232910156 296.61722564697266 412.66796875 296.61722564697266
411.83636474609375 264.0128479003906 427.49060344696045 264.0128479003906 427.49060344696045 295.84819412231445 411.83636474609375 295.84819412231445
411.96966552734375 263.7276611328125 427.5464143753052 263.7276611328125 427.5464143753052 295.86676025390625 411.96966552734375 295.86676025390625
412.09808349609375 264.3717956542969 427.2731075286865 264.3717956542969 427.2731075286865 295.9478645324707 412.09808349609375 295.9478645324707
412.73236083984375 264.7489929199219 427.7044219970703 264.7489929199219 427.7044219970703 296.30718994140625 412.73236083984375 296.30718994140625
412.63970947265625 263.65740966796875 427.53996562957764 263.65740966796875 427.53996562957764 295.14294815063477 412.63970947265625 295.14294815063477
412.79608154296875 263.2057189941406 427.3539409637451 263.2057189941406 427.3539409637451 294.3378658294678 412.79608154296875 294.3378658294678
412.82940673828125 264.0007629394531 427.27284049987793 264.0007629394531 427.27284049987793 295.1339683532715 412.82940673828125 295.1339683532715
413.18585205078125 264.71405029296875 427.6273603439331 264.71405029296875 427.6273603439331 295.8678855895996 413.18585205078125 295.8678855895996
412.7887268066406 263.49334716796875 427.54310035705566 263.49334716796875 427.54310035705566 294.79356956481934 412.7887268066406 294.79356956481934
411.7959899902344 263.9167175292969 426.8174057006836 263.9167175292969 426.8174057006836 294.9355888366699 411.7959899902344 294.9355888366699
412.93023681640625 264.2351989746094 427.66108989715576 264.2351989746094 427.66108989715576 295.3831672668457 412.93023681640625 295.3831672668457
412.31195068359375 265.09783935546875 427.2211437225342 265.09783935546875 427.2211437225342 296.10309982299805 412.31195068359375 296.10309982299805
412.87481689453125 263.3644714355469 427.5185375213623 263.3644714355469 427.5185375213623 295.2888240814209 412.87481689453125 295.2888240814209
412.08441162109375 263.1615905761719 427.2897081375122 263.1615905761719 427.2897081375122 294.909631729126 412.08441162109375 294.909631729126
412.64508056640625 264.8096923828125 427.5530490875244 264.8096923828125 427.5530490875244 295.58266830444336 412.64508056640625 295.58266830444336
412.96051025390625 265.2769470214844 427.704870223999 265.2769470214844 427.704870223999 295.9104976654053 412.96051025390625 295.9104976654053
412.39569091796875 263.5641784667969 427.3309097290039 263.5641784667969 427.3309097290039 295.0131072998047 412.39569091796875 295.0131072998047
412.3128967285156 264.3307189941406 427.1092252731323 264.3307189941406 427.1092252731323 295.05047607421875 412.3128967285156 295.05047607421875
412.3141174316406 265.29888916015625 426.90520000457764 265.29888916015625 426.90520000457764 295.58629989624023 412.3141174316406 295.58629989624023
412.67364501953125 265.2862854003906 427.099365234375 265.2862854003906 427.099365234375 296.05414962768555 412.67364501953125 296.05414962768555
412.41937255859375 264.02178955078125 426.8829975128174 264.02178955078125 426.8829975128174 295.3162651062012 412.41937255859375 295.3162651062012
412.28472900390625 263.6921691894531 426.9277172088623 263.6921691894531 426.9277172088623 294.56348609924316 412.28472900390625 294.56348609924316
412.52752685546875 264.8669738769531 427.20475578308105 264.8669738769531 427.20475578308105 294.88368225097656 412.52752685546875 294.88368225097656
412.7076110839844 264.935546875 427.5042324066162 264.935546875 427.5042324066162 295.5029296875 412.7076110839844 295.5029296875
412.7591857910156 263.9192810058594 427.33922004699707 263.9192810058594 427.33922004699707 294.7227897644043 412.7591857910156 294.7227897644043
412.5653381347656 263.496337890625 427.0174922943115 263.496337890625 427.0174922943115 294.075403213501 412.5653381347656 294.075403213501
412.8362731933594 264.1416015625 427.39601707458496 264.1416015625 427.39601707458496 294.56499671936035 412.8362731933594 294.56499671936035
412.67303466796875 264.6419982910156 427.16676139831543 264.6419982910156 427.16676139831543 295.115270614624 412.67303466796875 295.115270614624
412.439208984375 264.03790283203125 427.11137676239014 264.03790283203125 427.11137676239014 295.16961669921875 412.439208984375 295.16961669921875
411.8074645996094 263.730224609375 426.571515083313 263.730224609375 426.571515083313 295.0607452392578 411.8074645996094 295.0607452392578
412.03070068359375 264.4998474121094 426.9731111526489 264.4998474121094 426.9731111526489 296.0748710632324 412.03070068359375 296.0748710632324
412.2989196777344 264.37957763671875 427.2446870803833 264.37957763671875 427.2446870803833 295.7719211578369 412.2989196777344 295.7719211578369
411.404052734375 263.8349304199219 426.5882616043091 263.8349304199219 426.5882616043091 295.5042476654053 411.404052734375 295.5042476654053
412.529052734375 263.94110107421875 427.3941249847412 263.94110107421875 427.3941249847412 295.3169345855713 412.529052734375 295.3169345855713
411.9002380371094 264.12530517578125 426.84987926483154 264.12530517578125 426.84987926483154 295.49208641052246 411.9002380371094 295.49208641052246
412.2503356933594 264.3583984375 427.192759513855 264.3583984375 427.192759513855 296.2373046875 412.2503356933594 296.2373046875
412.0208435058594 263.30963134765625 427.530424118042 263.30963134765625 427.530424118042 295.28417587280273 412.0208435058594 295.28417587280273
411.5643615722656 263.60113525390625 426.8297576904297 263.60113525390625 426.8297576904297 295.6605110168457 411.5643615722656 295.6605110168457
412.05731201171875 264.02630615234375 427.3348617553711 264.02630615234375 427.3348617553711 295.9580078125 412.05731201171875 295.9580078125
411.5966796875 264.3924865722656 426.6848268508911 264.3924865722656 426.6848268508911 296.5921401977539 411.5966796875 296.5921401977539
412.10394287109375 263.5982971191406 427.33329582214355 263.5982971191406 427.33329582214355 296.2655220031738 412.10394287109375 296.2655220031738
411.9939880371094 262.98138427734375 427.34559059143066 262.98138427734375 427.34559059143066 295.3237609863281 411.9939880371094 295.3237609863281
411.8734436035156 264.18988037109375 426.89227294921875 264.18988037109375 426.89227294921875 295.7777290344238 411.8734436035156 295.7777290344238
412.22247314453125 263.5665588378906 427.0944242477417 263.5665588378906 427.0944242477417 295.9417495727539 412.22247314453125 295.9417495727539
411.69378662109375 263.1720275878906 427.2492094039917 263.1720275878906 427.2492094039917 295.8324203491211 411.69378662109375 295.8324203491211
412.03936767578125 263.09783935546875 427.29865550994873 263.09783935546875 427.29865550994873 295.88708877563477 412.03936767578125 295.88708877563477
412.13104248046875 264.2939453125 427.6269836425781 264.2939453125 427.6269836425781 296.79052352905273 412.13104248046875 296.79052352905273
411.9278869628906 262.66180419921875 427.28508281707764 262.66180419921875 427.28508281707764 295.606143951416 411.9278869628906 295.606143951416
412.57568359375 262.4327087402344 427.76917266845703 262.4327087402344 427.76917266845703 295.1526107788086 412.57568359375 295.1526107788086
412.22119140625 263.6786804199219 427.2499876022339 263.6786804199219 427.2499876022339 296.0789108276367 412.22119140625 296.0789108276367
411.70123291015625 263.2701721191406 426.2142152786255 263.2701721191406 426.2142152786255 294.28077697753906 411.70123291015625 294.28077697753906
412.35369873046875 263.36175537109375 426.7879514694214 263.36175537109375 426.7879514694214 295.0134525299072 412.35369873046875 295.0134525299072
411.9041442871094 263.1784362792969 426.9037752151489 263.1784362792969 426.9037752151489 294.32309913635254 411.9041442871094 294.32309913635254
411.7777404785156 262.9646911621094 426.17743968963623 262.9646911621094 426.17743968963623 293.71850204467773 411.7777404785156 293.71850204467773
412.923095703125 257.65435791015625 426.72692584991455 257.65435791015625 426.72692584991455 294.8184356689453 412.923095703125 294.8184356689453
412.30047607421875 264.2673645019531 426.6243209838867 264.2673645019531 426.6243209838867 295.46253395080566 412.30047607421875 295.46253395080566
412.44378662109375 263.9750061035156 426.5432996749878 263.9750061035156 426.5432996749878 294.66521644592285 412.44378662109375 294.66521644592285
412.3453063964844 264.30694580078125 426.7310428619385 264.30694580078125 426.7310428619385 296.61249923706055 412.3453063964844 296.61249923706055
411.50469970703125 263.67144775390625 426.1366138458252 263.67144775390625 426.1366138458252 294.8195743560791 411.50469970703125 294.8195743560791
411.92864990234375 264.46429443359375 426.3232316970825 264.46429443359375 426.3232316970825 296.0218696594238 411.92864990234375 296.0218696594238
412.21240234375 264.75030517578125 426.14709663391113 264.75030517578125 426.14709663391113 295.5984230041504 412.21240234375 295.5984230041504
411.72100830078125 263.6708984375 425.9851350784302 263.6708984375 425.9851350784302 294.67857933044434 411.72100830078125 294.67857933044434
411.13311767578125 264.347412109375 425.53210735321045 264.347412109375 425.53210735321045 295.0300636291504 411.13311767578125 295.0300636291504
411.99029541015625 264.4284362792969 426.45289421081543 264.4284362792969 426.45289421081543 295.55067443847656 411.99029541015625 295.55067443847656
411.82513427734375 263.7576599121094 425.7738952636719 263.7576599121094 425.7738952636719 294.0091800689697 411.82513427734375 294.0091800689697
412.224365234375 264.841552734375 426.0288496017456 264.841552734375 426.0288496017456 294.73730087280273 412.224365234375 294.73730087280273
412.0205078125 264.00067138671875 425.5415391921997 264.00067138671875 425.5415391921997 293.9029426574707 412.0205078125 293.9029426574707
410.8262634277344 263.17791748046875 424.754056930542 263.17791748046875 424.754056930542 293.7402400970459 410.8262634277344 293.7402400970459
410.68719482421875 263.5445251464844 424.64946937561035 263.5445251464844 424.64946937561035 294.0004425048828 410.68719482421875 294.0004425048828
410.97576904296875 263.1605224609375 425.42887687683105 263.1605224609375 425.42887687683105 294.12755966186523 410.97576904296875 294.12755966186523
411.021484375 263.22760009765625 425.58286476135254 263.22760009765625 425.58286476135254 294.16416358947754 411.021484375 294.16416358947754
411.2337341308594 264.48638916015625 426.0525188446045 264.48638916015625 426.0525188446045 295.6315670013428 411.2337341308594 295.6315670013428
411.23907470703125 263.12060546875 426.21949195861816 263.12060546875 426.21949195861816 295.00102615356445 411.23907470703125 295.00102615356445
411.56201171875 263.44940185546875 426.63149070739746 263.44940185546875 426.63149070739746 294.88848304748535 411.56201171875 294.88848304748535
411.8863220214844 263.419677734375 426.6859378814697 263.419677734375 426.6859378814697 294.8086967468262 411.8863220214844 294.8086967468262
410.9737243652344 263.5773010253906 426.2611598968506 263.5773010253906 426.2611598968506 295.1508388519287 410.9737243652344 295.1508388519287
412.06170654296875 261.52459716796875 426.5705966949463 261.52459716796875 426.5705966949463 294.88069915771484 412.06170654296875 294.88069915771484
411.5254821777344 262.9776611328125 426.71780586242676 262.9776611328125 426.71780586242676 295.40892791748047 411.5254821777344 295.40892791748047
411.27996826171875 262.6437683105469 426.8397626876831 262.6437683105469 426.8397626876831 294.9718551635742 411.27996826171875 294.9718551635742
410.52874755859375 263.13519287109375 426.4466304779053 263.13519287109375 426.4466304779053 295.07726669311523 410.52874755859375 295.07726669311523
410.84844970703125 263.39794921875 426.9963836669922 263.39794921875 426.9963836669922 295.6918411254883 410.84844970703125 295.6918411254883
411.154052734375 262.83905029296875 426.91591453552246 262.83905029296875 426.91591453552246 295.474666595459 411.154052734375 295.474666595459
410.6597595214844 263.38665771484375 426.73376083374023 263.38665771484375 426.73376083374023 295.22967529296875 410.6597595214844 295.22967529296875
411.0667419433594 263.60003662109375 426.90760040283203 263.60003662109375 426.90760040283203 295.537317276001 411.0667419433594 295.537317276001
410.97332763671875 263.67181396484375 426.7608242034912 263.67181396484375 426.7608242034912 295.5558376312256 410.97332763671875 295.5558376312256
411.049560546875 263.5175476074219 426.78121185302734 263.5175476074219 426.78121185302734 295.19879150390625 411.049560546875 295.19879150390625
411.4754333496094 263.8270263671875 427.03257274627686 263.8270263671875 427.03257274627686 295.3142204284668 411.4754333496094 295.3142204284668
411.6647033691406 263.7820129394531 427.021954536438 263.7820129394531 427.021954536438 295.2573432922363 411.6647033691406 295.2573432922363
411.4009704589844 263.7243957519531 427.0169277191162 263.7243957519531 427.0169277191162 295.0957145690918 411.4009704589844 295.0957145690918
412.02301025390625 263.4772033691406 427.2703609466553 263.4772033691406 427.2703609466553 295.3216094970703 412.02301025390625 295.3216094970703
411.2582092285156 263.74542236328125 426.82929706573486 263.74542236328125 426.82929706573486 295.4467525482178 411.2582092285156 295.4467525482178
411.70831298828125 263.6289367675781 426.98478507995605 263.6289367675781 426.98478507995605 295.1919250488281 411.70831298828125 295.1919250488281
411.8252868652344 264.5660705566406 427.12898540496826 264.5660705566406 427.12898540496826 295.94049644470215 411.8252868652344 295.94049644470215
411.415283203125 263.5897216796875 427.06529235839844 263.5897216796875 427.06529235839844 295.2220878601074 411.415283203125 295.2220878601074
411.4146423339844 264.57855224609375 426.8603115081787 264.57855224609375 426.8603115081787 295.9040222167969 411.4146423339844 295.9040222167969
412.01214599609375 264.74200439453125 427.1642475128174 264.74200439453125 427.1642475128174 295.30779457092285 412.01214599609375 295.30779457092285
411.60186767578125 263.86297607421875 426.57942962646484 263.86297607421875 426.57942962646484 295.0362968444824 411.60186767578125 295.0362968444824
411.1783142089844 263.9380798339844 426.35019874572754 263.9380798339844 426.35019874572754 295.01701736450195 411.1783142089844 295.01701736450195
412.178955078125 264.4513244628906 426.9698238372803 264.4513244628906 426.9698238372803 295.3457145690918 412.178955078125 295.3457145690918
411.588134765625 264.7266845703125 426.54479217529297 264.7266845703125 426.54479217529297 295.5542449951172 411.588134765625 295.5542449951172
411.6609802246094 264.2103576660156 426.73036670684814 264.2103576660156 426.73036670684814 295.2298526763916 411.6609802246094 295.2298526763916
411.9839782714844 264.5682678222656 426.76574420928955 264.5682678222656 426.76574420928955 295.94072914123535 411.9839782714844 295.94072914123535
412.3235778808594 264.7313537597656 426.77464866638184 264.7313537597656 426.77464866638184 295.5247039794922 412.3235778808594 295.5247039794922
411.5731506347656 263.9986267089844 426.4408473968506 263.9986267089844 426.4408473968506 295.2935543060303 411.5731506347656 295.2935543060303
411.2665100097656 263.80010986328125 426.34621715545654 263.80010986328125 426.34621715545654 295.20111656188965 411.2665100097656 295.20111656188965
411.102294921875 263.4529724121094 426.0540065765381 263.4529724121094 426.0540065765381 295.1208686828613 411.102294921875 295.1208686828613
411.3401794433594 264.15252685546875 426.45362663269043 264.15252685546875 426.45362663269043 295.7671318054199 411.3401794433594 295.7671318054199
411.6009826660156 263.9136657714844 426.6390438079834 263.9136657714844 426.6390438079834 295.95179748535156 411.6009826660156 295.95179748535156
411.538330078125 263.7396240234375 426.67477893829346 263.7396240234375 426.67477893829346 295.6111240386963 411.538330078125 295.6111240386963
411.37158203125 263.7892150878906 426.61546897888184 263.7892150878906 426.61546897888184 295.68237686157227 411.37158203125 295.68237686157227
411.5496520996094 263.74273681640625 426.61867809295654 263.74273681640625 426.61867809295654 295.84111404418945 411.5496520996094 295.84111404418945
411.7520446777344 263.5576477050781 426.71492195129395 263.5576477050781 426.71492195129395 295.37583923339844 411.7520446777344 295.37583923339844
411.1873474121094 263.33636474609375 426.5706195831299 263.33636474609375 426.5706195831299 295.11339378356934 411.1873474121094 295.11339378356934
411.5884704589844 263.51300048828125 426.7376890182495 263.51300048828125 426.7376890182495 295.42187881469727 411.5884704589844 295.42187881469727
411.2417907714844 263.9026184082031 426.5759868621826 263.9026184082031 426.5759868621826 295.99716567993164 411.2417907714844 295.99716567993164
411.563232421875 264.3161926269531 426.6428985595703 264.3161926269531 426.6428985595703 296.3457908630371 411.563232421875 296.3457908630371
411.3621520996094 262.99749755859375 426.75311756134033 262.99749755859375 426.75311756134033 295.630184173584 411.3621520996094 295.630184173584
411.03387451171875 263.5105285644531 426.33417320251465 263.5105285644531 426.33417320251465 295.98015213012695 411.03387451171875 295.98015213012695
411.1817321777344 263.8719482421875 427.01451873779297 263.8719482421875 427.01451873779297 296.54434967041016 411.1817321777344 296.54434967041016
411.05474853515625 262.75836181640625 426.74016761779785 262.75836181640625 426.74016761779785 295.6979293823242 411.05474853515625 295.6979293823242
411.135986328125 262.97613525390625 426.7937650680542 262.97613525390625 426.7937650680542 296.14385986328125 411.135986328125 296.14385986328125
410.94720458984375 262.5552062988281 426.97596740722656 262.5552062988281 426.97596740722656 295.91295623779297 410.94720458984375 295.91295623779297
411.1131896972656 263.25103759765625 426.95220375061035 263.25103759765625 426.95220375061035 296.51207733154297 411.1131896972656 296.51207733154297
410.64190673828125 263.2513122558594 426.80587577819824 263.2513122558594 426.80587577819824 296.5260543823242 410.64190673828125 296.5260543823242
411.5127868652344 262.8363342285156 427.42149543762207 262.8363342285156 427.42149543762207 296.13891983032227 411.5127868652344 296.13891983032227
410.9386291503906 262.78515625 426.900785446167 262.78515625 426.900785446167 296.07697677612305 410.9386291503906 296.07697677612305
411.1123046875 263.7276306152344 426.98151111602783 263.7276306152344 426.98151111602783 296.39905548095703 411.1123046875 296.39905548095703
411.19683837890625 263.36248779296875 427.1307125091553 263.36248779296875 427.1307125091553 296.0857925415039 411.19683837890625 296.0857925415039
411.03265380859375 263.5763244628906 426.9575366973877 263.5763244628906 426.9575366973877 296.08542251586914 411.03265380859375 296.08542251586914
410.86346435546875 263.0369873046875 426.75169372558594 263.0369873046875 426.75169372558594 295.8183364868164 410.86346435546875 295.8183364868164
411.624755859375 263.5013122558594 427.29236030578613 263.5013122558594 427.29236030578613 296.0534019470215 411.624755859375 296.0534019470215
411.89385986328125 264.13311767578125 427.47446632385254 264.13311767578125 427.47446632385254 296.5030937194824 411.89385986328125 296.5030937194824
411.3818359375 263.31243896484375 426.8603181838989 263.31243896484375 426.8603181838989 295.6777229309082 411.3818359375 295.6777229309082
411.4767150878906 263.20428466796875 427.1264896392822 263.20428466796875 427.1264896392822 295.9662399291992 411.4767150878906 295.9662399291992
411.4677734375 263.3563537597656 427.057861328125 263.3563537597656 427.057861328125 296.32064056396484 411.4677734375 296.32064056396484
411.4090881347656 263.62054443359375 426.96552753448486 263.62054443359375 426.96552753448486 295.9991989135742 411.4090881347656 295.9991989135742
411.0269470214844 263.1194763183594 426.51161766052246 263.1194763183594 426.51161766052246 295.8523483276367 411.0269470214844 295.8523483276367
411.55291748046875 263.2510681152344 426.89471912384033 263.2510681152344 426.89471912384033 295.6590995788574 411.55291748046875 295.6590995788574
411.73394775390625 263.74700927734375 426.85424995422363 263.74700927734375 426.85424995422363 295.76229095458984 411.73394775390625 295.76229095458984
411.93310546875 262.64776611328125 426.7927827835083 262.64776611328125 426.7927827835083 295.8001899719238 411.93310546875 295.8001899719238
411.79705810546875 263.0924072265625 426.8864116668701 263.0924072265625 426.8864116668701 294.93156814575195 411.79705810546875 294.93156814575195
412.3199157714844 263.8802795410156 427.11827659606934 263.8802795410156 427.11827659606934 295.34060287475586 412.3199157714844 295.34060287475586
412.04583740234375 264.32293701171875 426.9849796295166 264.32293701171875 426.9849796295166 296.2911682128906 412.04583740234375 296.2911682128906
412.45166015625 263.4664611816406 427.2165861129761 263.4664611816406 427.2165861129761 295.0693759918213 412.45166015625 295.0693759918213
412.5086975097656 262.1991271972656 426.8716983795166 262.1991271972656 426.8716983795166 294.5797920227051 412.5086975097656 294.5797920227051
412.27471923828125 263.876708984375 426.8979091644287 263.876708984375 426.8979091644287 295.5168571472168 412.27471923828125 295.5168571472168
412.4703674316406 264.26446533203125 426.8452968597412 264.26446533203125 426.8452968597412 295.7263431549072 412.4703674316406 295.7263431549072
412.62939453125 263.9603271484375 426.9075651168823 263.9603271484375 426.9075651168823 295.7033443450928 412.62939453125 295.7033443450928
411.97747802734375 263.7176208496094 426.73479175567627 263.7176208496094 426.73479175567627 295.1727657318115 411.97747802734375 295.1727657318115
412.60186767578125 262.8561096191406 427.414270401001 262.8561096191406 427.414270401001 295.0065727233887 412.60186767578125 295.0065727233887
412.5039978027344 263.6192932128906 427.2025547027588 263.6192932128906 427.2025547027588 295.86710357666016 412.5039978027344 295.86710357666016
412.1676330566406 263.07916259765625 427.04826641082764 263.07916259765625 427.04826641082764 295.37686920166016 412.1676330566406 295.37686920166016
411.6039123535156 263.1437683105469 426.4889163970947 263.1437683105469 426.4889163970947 295.5427474975586 411.6039123535156 295.5427474975586
411.8727111816406 262.82373046875 426.939058303833 262.82373046875 426.939058303833 295.4389457702637 411.8727111816406 295.4389457702637
412.2428283691406 263.8233337402344 427.2172260284424 263.8233337402344 427.2172260284424 295.9832344055176 412.2428283691406 295.9832344055176
411.9310607910156 263.3594665527344 426.9873561859131 263.3594665527344 426.9873561859131 295.5811233520508 411.9310607910156 295.5811233520508
412.3443298339844 263.2142639160156 427.0323076248169 263.2142639160156 427.0323076248169 295.5126724243164 412.3443298339844 295.5126724243164
412.4231872558594 263.0787658691406 427.4847240447998 263.0787658691406 427.4847240447998 295.87601470947266 412.4231872558594 295.87601470947266
411.7613220214844 263.2276611328125 426.855432510376 263.2276611328125 426.855432510376 295.3873519897461 411.7613220214844 295.3873519897461
411.81390380859375 262.4454345703125 426.77045154571533 262.4454345703125 426.77045154571533 294.84542083740234 411.81390380859375 294.84542083740234
411.47540283203125 263.2787780761719 426.40015983581543 263.2787780761719 426.40015983581543 295.5030708312988 411.47540283203125 295.5030708312988
411.39044189453125 264.1966247558594 426.53950786590576 264.1966247558594 426.53950786590576 295.71310806274414 411.39044189453125 295.71310806274414
412.2034606933594 264.6733093261719 427.1820468902588 264.6733093261719 427.1820468902588 296.21380615234375 412.2034606933594 296.21380615234375
412.0267639160156 264.5821228027344 427.15627002716064 264.5821228027344 427.15627002716064 296.22341537475586 412.0267639160156 296.22341537475586
411.42315673828125 264.4104919433594 426.5455017089844 264.4104919433594 426.5455017089844 295.54297256469727 411.42315673828125 295.54297256469727
410.8706970214844 264.8113708496094 426.2980899810791 264.8113708496094 426.2980899810791 296.1258659362793 410.8706970214844 296.1258659362793
410.1015625 264.12786865234375 425.3647632598877 264.12786865234375 425.3647632598877 294.7935848236084 410.1015625 294.7935848236084
411.03094482421875 264.62420654296875 426.0622835159302 264.62420654296875 426.0622835159302 295.52809715270996 411.03094482421875 295.52809715270996
410.46160888671875 264.31414794921875 425.06600761413574 264.31414794921875 425.06600761413574 295.210147857666 410.46160888671875 295.210147857666
411.0469665527344 264.3243103027344 425.9769639968872 264.3243103027344 425.9769639968872 295.1569480895996 411.0469665527344 295.1569480895996
410.28875732421875 264.6551818847656 424.8003034591675 264.6551818847656 424.8003034591675 295.3698482513428 410.28875732421875 295.3698482513428
410.5503845214844 264.6201477050781 425.01313304901123 264.6201477050781 425.01313304901123 294.79335594177246 410.5503845214844 294.79335594177246
410.51068115234375 264.776123046875 425.01450538635254 264.776123046875 425.01450538635254 295.15293884277344 410.51068115234375 295.15293884277344
410.61309814453125 264.58905029296875 425.247181892395 264.58905029296875 425.247181892395 295.24396324157715 410.61309814453125 295.24396324157715
410.0912170410156 264.7708740234375 424.8206024169922 264.7708740234375 424.8206024169922 295.6924228668213 410.0912170410156 295.6924228668213
410.57891845703125 264.31903076171875 425.51668548583984 264.31903076171875 425.51668548583984 295.9133243560791 410.57891845703125 295.9133243560791
410.7721252441406 265.0537109375 425.7554683685303 265.0537109375 425.7554683685303 296.42612075805664 410.7721252441406 296.42612075805664
410.72601318359375 264.89202880859375 425.31902027130127 264.89202880859375 425.31902027130127 295.33300399780273 410.72601318359375 295.33300399780273
410.62677001953125 264.50872802734375 425.13096046447754 264.50872802734375 425.13096046447754 294.69562911987305 410.62677001953125 294.69562911987305
411.2901306152344 265.2666015625 426.1861877441406 265.2666015625 426.1861877441406 295.941686630249 411.2901306152344 295.941686630249
411.42791748046875 264.7711181640625 426.58664989471436 264.7711181640625 426.58664989471436 296.50367736816406 411.42791748046875 296.50367736816406
411.2513732910156 264.33697509765625 425.8673982620239 264.33697509765625 425.8673982620239 295.4491767883301 411.2513732910156 295.4491767883301
410.09735107421875 263.29473876953125 425.0078945159912 263.29473876953125 425.0078945159912 294.1727352142334 410.09735107421875 294.1727352142334
410.709716796875 263.6763610839844 425.7912931442261 263.6763610839844 425.7912931442261 293.9934387207031 410.709716796875 293.9934387207031
411.63299560546875 263.72271728515625 426.71576976776123 263.72271728515625 426.71576976776123 294.9302787780762 411.63299560546875 294.9302787780762
410.9571838378906 263.84686279296875 426.65410804748535 263.84686279296875 426.65410804748535 295.3337059020996 410.9571838378906 295.3337059020996
411.1165466308594 263.02813720703125 426.8621082305908 263.02813720703125 426.8621082305908 294.83055686950684 411.1165466308594 294.83055686950684
410.859375 263.39410400390625 426.677508354187 263.39410400390625 426.677508354187 295.2012825012207 410.859375 295.2012825012207
410.72296142578125 262.79913330078125 426.27514362335205 262.79913330078125 426.27514362335205 295.04872131347656 410.72296142578125 295.04872131347656
410.97540283203125 262.94195556640625 426.5364046096802 262.94195556640625 426.5364046096802 295.0260543823242 410.97540283203125 295.0260543823242
411.280517578125 262.9913635253906 426.8582944869995 262.9913635253906 426.8582944869995 294.8672122955322 411.280517578125 294.8672122955322
412.00091552734375 262.859619140625 427.11705780029297 262.859619140625 427.11705780029297 294.8381652832031 412.00091552734375 294.8381652832031
411.5400390625 263.4237060546875 426.72424125671387 263.4237060546875 426.72424125671387 294.9595699310303 411.5400390625 294.9595699310303
411.2327575683594 262.981201171875 426.34540271759033 262.981201171875 426.34540271759033 294.69886207580566 411.2327575683594 294.69886207580566
411.27630615234375 263.40338134765625 426.6181468963623 263.40338134765625 426.6181468963623 295.2936496734619 411.27630615234375 295.2936496734619
410.9356384277344 262.95770263671875 426.30944633483887 262.95770263671875 426.30944633483887 294.4464569091797 410.9356384277344 294.4464569091797
410.68743896484375 263.0237121582031 426.0218143463135 263.0237121582031 426.0218143463135 294.638126373291 410.68743896484375 294.638126373291
411.7794494628906 263.1937255859375 426.76938819885254 263.1937255859375 426.76938819885254 295.0677604675293 411.7794494628906 295.0677604675293
411.400146484375 263.668212890625 426.52002239227295 263.668212890625 426.52002239227295 295.0380611419678 411.400146484375 295.0380611419678
411.2376403808594 263.0546875 426.7998104095459 263.0546875 426.7998104095459 295.13639068603516 411.2376403808594 295.13639068603516
411.185546875 263.7156677246094 426.3243465423584 263.7156677246094 426.3243465423584 294.5182800292969 411.185546875 294.5182800292969
411.4060974121094 264.1819763183594 426.13521003723145 264.1819763183594 426.13521003723145 294.76056480407715 411.4060974121094 294.76056480407715
411.50836181640625 264.46539306640625 426.68636894226074 264.46539306640625 426.68636894226074 295.4100856781006 411.50836181640625 295.4100856781006
411.1725158691406 263.86407470703125 426.2372817993164 263.86407470703125 426.2372817993164 294.8682670593262 411.1725158691406 294.8682670593262
411.72943115234375 263.71441650390625 426.4985885620117 263.71441650390625 426.4985885620117 294.1375026702881 411.72943115234375 294.1375026702881
411.679443359375 264.15814208984375 426.6579637527466 264.15814208984375 426.6579637527466 294.86738204956055 411.679443359375 294.86738204956055
411.7189025878906 264.3813171386719 426.79216289520264 264.3813171386719 426.79216289520264 294.8842468261719 411.7189025878906 294.8842468261719
411.40203857421875 263.94219970703125 426.5589542388916 263.94219970703125 426.5589542388916 294.67975997924805 411.40203857421875 294.67975997924805
411.2196350097656 263.60699462890625 426.26739501953125 263.60699462890625 426.26739501953125 294.23195457458496 411.2196350097656 294.23195457458496
411.99249267578125 264.5046081542969 426.98427391052246 264.5046081542969 426.98427391052246 295.1314277648926 411.99249267578125 295.1314277648926
411.89971923828125 265.2060852050781 426.8690061569214 265.2060852050781 426.8690061569214 295.44146156311035 411.89971923828125 295.44146156311035
411.6168518066406 264.0497131347656 426.40150928497314 264.0497131347656 426.40150928497314 294.4527530670166 411.6168518066406 294.4527530670166
411.3834533691406 263.8185729980469 426.1999206542969 263.8185729980469 426.1999206542969 294.09020614624023 411.3834533691406 294.09020614624023
411.91497802734375 264.55853271484375 426.3658084869385 264.55853271484375 426.3658084869385 294.6125602722168 411.91497802734375 294.6125602722168
412.00616455078125 264.5868835449219 426.74767780303955 264.5868835449219 426.74767780303955 295.16615867614746 412.00616455078125 295.16615867614746
411.02783203125 263.98321533203125 426.1254348754883 263.98321533203125 426.1254348754883 294.5743656158447 411.02783203125 294.5743656158447
411.2489318847656 263.8766174316406 426.34171867370605 263.8766174316406 426.34171867370605 294.6871089935303 411.2489318847656 294.6871089935303
411.22869873046875 264.10980224609375 426.1400194168091 264.10980224609375 426.1400194168091 295.102014541626 411.22869873046875 295.102014541626
411.0956115722656 265.28363037109375 426.607816696167 265.28363037109375 426.607816696167 296.0741996765137 411.0956115722656 296.0741996765137
411.5221252441406 264.6744079589844 426.69759941101074 264.6744079589844 426.69759941101074 295.5309295654297 411.5221252441406 295.5309295654297
411.0669860839844 263.97711181640625 426.1740446090698 263.97711181640625 426.1740446090698 295.1294803619385 411.0669860839844 295.1294803619385
411.301025390625 264.1634216308594 426.41530418395996 264.1634216308594 426.41530418395996 295.3550453186035 411.301025390625 295.3550453186035
411.7676696777344 264.6930236816406 427.1049394607544 264.6930236816406 427.1049394607544 295.8766384124756 411.7676696777344 295.8766384124756
410.91766357421875 264.2919616699219 426.16669178009033 264.2919616699219 426.16669178009033 295.3362121582031 410.91766357421875 295.3362121582031
411.38153076171875 264.1776428222656 426.4419651031494 264.1776428222656 426.4419651031494 295.4789791107178 411.38153076171875 295.4789791107178
411.26873779296875 264.2773132324219 426.3271427154541 264.2773132324219 426.3271427154541 295.47886657714844 411.26873779296875 295.47886657714844
411.4605407714844 265.7366638183594 426.88317584991455 265.7366638183594 426.88317584991455 296.5533142089844 411.4605407714844 296.5533142089844
411.7765197753906 264.3611145019531 426.9072370529175 264.3611145019531 426.9072370529175 295.47374534606934 411.7765197753906 295.47374534606934
411.46978759765625 263.89599609375 426.4746217727661 263.89599609375 426.4746217727661 294.4658546447754 411.46978759765625 294.4658546447754
411.6861267089844 264.3107604980469 426.51498889923096 264.3107604980469 426.51498889923096 295.13840675354004 411.6861267089844 295.13840675354004
411.53253173828125 264.63763427734375 426.73106575012207 264.63763427734375 426.73106575012207 295.00282859802246 411.53253173828125 295.00282859802246
411.5169982910156 264.7373046875 426.81005096435547 264.7373046875 426.81005096435547 295.46971702575684 411.5169982910156 295.46971702575684
411.02880859375 264.2611389160156 426.1033754348755 264.2611389160156 426.1033754348755 294.90371322631836 411.02880859375 294.90371322631836
411.23944091796875 264.60888671875 426.15873432159424 264.60888671875 426.15873432159424 295.4855613708496 411.23944091796875 295.4855613708496
411.73699951171875 265.65838623046875 426.895658493042 265.65838623046875 426.895658493042 296.090612411499 411.73699951171875 296.090612411499
411.4188537597656 264.2196044921875 426.5487689971924 264.2196044921875 426.5487689971924 294.9933204650879 411.4188537597656 294.9933204650879
411.73193359375 263.97698974609375 426.73811626434326 263.97698974609375 426.73811626434326 294.8071746826172 411.73193359375 294.8071746826172
411.52874755859375 264.9759826660156 426.4834270477295 264.9759826660156 426.4834270477295 295.70688247680664 411.52874755859375 295.70688247680664
411.52117919921875 265.310302734375 426.6233768463135 265.310302734375 426.6233768463135 295.73444175720215 411.52117919921875 295.73444175720215
411.64617919921875 264.3636474609375 426.38208198547363 264.3636474609375 426.38208198547363 294.87610816955566 411.64617919921875 294.87610816955566
411.6165466308594 264.8089294433594 426.2918014526367 264.8089294433594 426.2918014526367 295.4196357727051 411.6165466308594 295.4196357727051
411.59466552734375 264.57110595703125 426.39095306396484 264.57110595703125 426.39095306396484 295.64352798461914 411.59466552734375 295.64352798461914
411.5335998535156 264.81878662109375 426.4688014984131 264.81878662109375 426.4688014984131 295.7137756347656 411.5335998535156 295.7137756347656
410.79791259765625 263.91229248046875 426.24257946014404 263.91229248046875 426.24257946014404 295.327356338501 410.79791259765625 295.327356338501
411.0887756347656 264.16937255859375 426.4230136871338 264.16937255859375 426.4230136871338 295.4569854736328 411.0887756347656 295.4569854736328
411.35205078125 264.27056884765625 426.6621198654175 264.27056884765625 426.6621198654175 296.1654815673828 411.35205078125 296.1654815673828
411.68011474609375 264.4501037597656 427.0424928665161 264.4501037597656 427.0424928665161 295.9873352050781 411.68011474609375 295.9873352050781
411.1114807128906 264.18817138671875 426.7536087036133 264.18817138671875 426.7536087036133 295.97279357910156 411.1114807128906 295.97279357910156
411.09442138671875 263.69085693359375 426.0653963088989 263.69085693359375 426.0653963088989 295.4482536315918 411.09442138671875 295.4482536315918
411.54632568359375 264.0074462890625 426.50605487823486 264.0074462890625 426.50605487823486 295.35694313049316 411.54632568359375 295.35694313049316
411.93377685546875 264.4288635253906 426.87857818603516 264.4288635253906 426.87857818603516 295.74440574645996 411.93377685546875 295.74440574645996
411.30133056640625 264.06671142578125 426.6807460784912 264.06671142578125 426.6807460784912 295.75416564941406 411.30133056640625 295.75416564941406
411.429443359375 263.58465576171875 426.41345500946045 263.58465576171875 426.41345500946045 295.3505859375 411.429443359375 295.3505859375
412.0574645996094 264.23443603515625 426.8005495071411 264.23443603515625 426.8005495071411 295.58620262145996 412.0574645996094 295.58620262145996
412.13018798828125 264.3330993652344 427.04945373535156 264.3330993652344 427.04945373535156 295.67156410217285 412.13018798828125 295.67156410217285
412.3680725097656 263.4712829589844 427.0981903076172 263.4712829589844 427.0981903076172 295.39372634887695 412.3680725097656 295.39372634887695
411.8492736816406 263.43804931640625 426.6566572189331 263.43804931640625 426.6566572189331 295.10497665405273 411.8492736816406 295.10497665405273
411.9644470214844 263.5979919433594 426.71624183654785 263.5979919433594 426.71624183654785 295.3233833312988 411.9644470214844 295.3233833312988
412.4214782714844 263.8949890136719 427.11718940734863 263.8949890136719 427.11718940734863 295.59221267700195 412.4214782714844 295.59221267700195
411.5848083496094 263.2836608886719 426.71964740753174 263.2836608886719 426.71964740753174 295.27243423461914 411.5848083496094 295.27243423461914
411.9764709472656 263.0012512207031 426.8817319869995 263.0012512207031 426.8817319869995 294.7585105895996 411.9764709472656 294.7585105895996
411.2774353027344 264.08416748046875 426.46839141845703 264.08416748046875 426.46839141845703 295.7805061340332 411.2774353027344 295.7805061340332
411.52703857421875 263.22991943359375 426.447772026062 263.22991943359375 426.447772026062 295.1151237487793 411.52703857421875 295.1151237487793
411.013671875 261.61700439453125 426.0793104171753 261.61700439453125 426.0793104171753 294.34644317626953 411.013671875 294.34644317626953
410.8282775878906 263.31036376953125 426.037561416626 263.31036376953125 426.037561416626 294.76459884643555 410.8282775878906 294.76459884643555
410.735107421875 263.3456115722656 426.164831161499 263.3456115722656 426.164831161499 295.0020561218262 410.735107421875 295.0020561218262
410.85235595703125 263.7494201660156 426.6382293701172 263.7494201660156 426.6382293701172 295.9171485900879 410.85235595703125 295.9171485900879
410.9632263183594 263.9913635253906 426.45092964172363 263.9913635253906 426.45092964172363 295.74895668029785 410.9632263183594 295.74895668029785
411.1817932128906 263.3614196777344 426.29448986053467 263.3614196777344 426.29448986053467 295.52368927001953 411.1817932128906 295.52368927001953
410.70782470703125 264.241943359375 426.2230348587036 264.241943359375 426.2230348587036 295.7952537536621 410.70782470703125 295.7952537536621
410.4638671875 264.03515625 426.2522506713867 264.03515625 426.2522506713867 295.60785484313965 410.4638671875 295.60785484313965
410.1138610839844 264.468994140625 425.8165531158447 264.468994140625 425.8165531158447 296.1129951477051 410.1138610839844 296.1129951477051
410.060546875 263.56976318359375 425.27856254577637 263.56976318359375 425.27856254577637 296.19924545288086 410.060546875 296.19924545288086
410.483154296875 263.56634521484375 425.47029399871826 263.56634521484375 425.47029399871826 295.92005157470703 410.483154296875 295.92005157470703
409.60516357421875 264.38299560546875 424.19395446777344 264.38299560546875 424.19395446777344 295.9697666168213 409.60516357421875 295.9697666168213
410.1661682128906 264.5732727050781 425.3171863555908 264.5732727050781 425.3171863555908 296.4395332336426 410.1661682128906 296.4395332336426
409.5337219238281 264.9639587402344 424.7771282196045 264.9639587402344 424.7771282196045 296.6364288330078 409.5337219238281 296.6364288330078
409.17144775390625 264.68560791015625 424.56005668640137 264.68560791015625 424.56005668640137 296.28149795532227 409.17144775390625 296.28149795532227
409.0836181640625 264.7562561035156 424.1380796432495 264.7562561035156 424.1380796432495 296.2275276184082 409.0836181640625 296.2275276184082
409.5196533203125 263.71124267578125 424.4198579788208 263.71124267578125 424.4198579788208 295.6783809661865 409.5196533203125 295.6783809661865
409.8113708496094 263.99200439453125 424.97669410705566 263.99200439453125 424.97669410705566 296.00727462768555 409.8113708496094 296.00727462768555
410.18524169921875 263.3055725097656 424.91774559020996 263.3055725097656 424.91774559020996 294.8106746673584 410.18524169921875 294.8106746673584
410.0302734375 263.52587890625 424.43653297424316 263.52587890625 424.43653297424316 294.8695583343506 410.0302734375 294.8695583343506
409.990234375 264.1147155761719 424.7200059890747 264.1147155761719 424.7200059890747 295.48776626586914 409.990234375 295.48776626586914
409.13006591796875 264.4801330566406 423.7586317062378 264.4801330566406 423.7586317062378 295.6712760925293 409.13006591796875 295.6712760925293
409.5389404296875 263.97857666015625 424.3874263763428 263.97857666015625 424.3874263763428 295.1281852722168 409.5389404296875 295.1281852722168
410.30224609375 264.41864013671875 425.60172843933105 264.41864013671875 425.60172843933105 295.88140869140625 410.30224609375 295.88140869140625
409.86376953125 263.4850769042969 425.3533878326416 263.4850769042969 425.3533878326416 295.137414932251 409.86376953125 295.137414932251
410.7776794433594 263.97857666015625 426.14646434783936 263.97857666015625 426.14646434783936 295.8020877838135 410.7776794433594 295.8020877838135
410.3810119628906 263.5010070800781 426.2876720428467 263.5010070800781 426.2876720428467 295.39609146118164 410.3810119628906 295.39609146118164
409.8809509277344 263.3939514160156 426.23331451416016 263.3939514160156 426.23331451416016 295.51983642578125 409.8809509277344 295.51983642578125
410.53936767578125 263.1399230957031 426.349853515625 263.1399230957031 426.349853515625 294.969669342041 410.53936767578125 294.969669342041
410.52667236328125 262.95703125 426.4259948730469 262.95703125 426.4259948730469 295.071102142334 410.52667236328125 295.071102142334
410.5235900878906 263.1963806152344 426.488187789917 263.1963806152344 426.488187789917 295.3614730834961 410.5235900878906 295.3614730834961
410.0099182128906 262.89312744140625 426.38982009887695 262.89312744140625 426.38982009887695 295.1954574584961 410.0099182128906 295.1954574584961
410.26324462890625 263.02191162109375 426.0870761871338 263.02191162109375 426.0870761871338 295.4218406677246 410.26324462890625 295.4218406677246
410.6372985839844 263.1639404296875 426.6215696334839 263.1639404296875 426.6215696334839 295.23237228393555 410.6372985839844 295.23237228393555
410.39141845703125 262.7928161621094 426.8100242614746 262.7928161621094 426.8100242614746 295.6572265625 410.39141845703125 295.6572265625
410.09490966796875 262.65997314453125 426.7472724914551 262.65997314453125 426.7472724914551 295.25943756103516 410.09490966796875 295.25943756103516
410.7933654785156 263.19647216796875 427.0851802825928 263.19647216796875 427.0851802825928 296.01958084106445 410.7933654785156 296.01958084106445
410.39617919921875 262.8918762207031 426.6784782409668 262.8918762207031 426.6784782409668 295.71314239501953 410.39617919921875 295.71314239501953
410.36688232421875 262.94281005859375 426.58764266967773 262.94281005859375 426.58764266967773 295.12645721435547 410.36688232421875 295.12645721435547
410.3902893066406 262.7633361816406 426.8427028656006 262.7633361816406 426.8427028656006 295.3206253051758 410.3902893066406 295.3206253051758
410.57550048828125 262.8972473144531 426.73570823669434 262.8972473144531 426.73570823669434 295.4109344482422 410.57550048828125 295.4109344482422
410.391845703125 263.31341552734375 426.5451431274414 263.31341552734375 426.5451431274414 295.71307373046875 410.391845703125 295.71307373046875
410.111572265625 263.17041015625 426.4742317199707 263.17041015625 426.4742317199707 295.3897285461426 410.111572265625 295.3897285461426
410.48614501953125 263.2647399902344 426.4278564453125 263.2647399902344 426.4278564453125 295.74652099609375 410.48614501953125 295.74652099609375
410.60595703125 262.9563903808594 426.54200553894043 262.9563903808594 426.54200553894043 295.82530975341797 410.60595703125 295.82530975341797
410.94659423828125 262.9768981933594 426.61665534973145 262.9768981933594 426.61665534973145 295.5498275756836 410.94659423828125 295.5498275756836
411.2662658691406 262.9518737792969 426.8373746871948 262.9518737792969 426.8373746871948 295.6155014038086 411.2662658691406 295.6155014038086
410.78387451171875 263.16845703125 426.6212158203125 263.16845703125 426.6212158203125 295.74864959716797 410.78387451171875 295.74864959716797
410.70794677734375 263.43145751953125 426.61120319366455 263.43145751953125 426.61120319366455 295.8178024291992 410.70794677734375 295.8178024291992
410.87066650390625 263.96124267578125 426.7156925201416 263.96124267578125 426.7156925201416 296.6650848388672 410.87066650390625 296.6650848388672
410.7648010253906 264.0494384765625 426.4917278289795 264.0494384765625 426.4917278289795 296.3666076660156 410.7648010253906 296.3666076660156
410.9397888183594 263.29620361328125 426.5605220794678 263.29620361328125 426.5605220794678 295.93766021728516 410.9397888183594 295.93766021728516
410.3450622558594 263.43206787109375 426.2265291213989 263.43206787109375 426.2265291213989 295.67847442626953 410.3450622558594 295.67847442626953
411.3271484375 262.12939453125 426.8114881515503 262.12939453125 426.8114881515503 295.03871154785156 411.3271484375 295.03871154785156
411.023193359375 263.08343505859375 426.7094020843506 263.08343505859375 426.7094020843506 296.001407623291 411.023193359375 296.001407623291
410.64556884765625 263.4730224609375 426.41094970703125 263.4730224609375 426.41094970703125 296.0913276672363 410.64556884765625 296.0913276672363
410.5411071777344 263.0514221191406 426.11336040496826 263.0514221191406 426.11336040496826 295.2489318847656 410.5411071777344 295.2489318847656
411.18548583984375 263.42449951171875 426.58802223205566 263.42449951171875 426.58802223205566 295.7645454406738 411.18548583984375 295.7645454406738
410.92352294921875 262.8990783691406 426.4300937652588 262.8990783691406 426.4300937652588 295.2990074157715 410.92352294921875 295.2990074157715
410.74554443359375 263.44476318359375 426.38404655456543 263.44476318359375 426.38404655456543 295.8371925354004 410.74554443359375 295.8371925354004
411.2334899902344 263.425537109375 426.5795135498047 263.425537109375 426.5795135498047 295.42713165283203 411.2334899902344 295.42713165283203
411.86322021484375 262.90985107421875 426.58607959747314 262.90985107421875 426.58607959747314 295.0501174926758 411.86322021484375 295.0501174926758
411.7755432128906 263.07720947265625 426.8226623535156 263.07720947265625 426.8226623535156 294.9881401062012 411.7755432128906 294.9881401062012
410.79052734375 263.3905334472656 426.5756502151489 263.3905334472656 426.5756502151489 295.5583839416504 410.79052734375 295.5583839416504
410.9610290527344 262.98211669921875 426.45649242401123 262.98211669921875 426.45649242401123 295.49371337890625 410.9610290527344 295.49371337890625
410.74639892578125 262.94427490234375 426.3468494415283 262.94427490234375 426.3468494415283 295.2153625488281 410.74639892578125 295.2153625488281
409.88470458984375 263.8284912109375 425.7489347457886 263.8284912109375 425.7489347457886 295.74474143981934 409.88470458984375 295.74474143981934
411.107666015625 263.1461486816406 426.72132110595703 263.1461486816406 426.72132110595703 295.55261611938477 411.107666015625 295.55261611938477
410.6065979003906 263.0820617675781 426.3629512786865 263.0820617675781 426.3629512786865 295.6419143676758 410.6065979003906 295.6419143676758
410.6105041503906 263.16961669921875 426.3057050704956 263.16961669921875 426.3057050704956 295.6358108520508 410.6105041503906 295.6358108520508
411.203857421875 262.99993896484375 426.7066698074341 262.99993896484375 426.7066698074341 295.42237091064453 411.203857421875 295.42237091064453
411.0503845214844 263.6228332519531 426.7534885406494 263.6228332519531 426.7534885406494 296.17827224731445 411.0503845214844 296.17827224731445
411.223388671875 262.8873596191406 426.42841625213623 262.8873596191406 426.42841625213623 295.25292205810547 411.223388671875 295.25292205810547
410.71185302734375 263.0871887207031 425.8408660888672 263.0871887207031 425.8408660888672 294.927453994751 410.71185302734375 294.927453994751
411.4183044433594 263.72515869140625 426.61298847198486 263.72515869140625 426.61298847198486 295.62627029418945 411.4183044433594 295.62627029418945
411.26104736328125 264.24676513671875 426.4546298980713 264.24676513671875 426.4546298980713 295.79063415527344 411.26104736328125 295.79063415527344
411.28729248046875 263.6441345214844 426.7031583786011 263.6441345214844 426.7031583786011 295.68053436279297 411.28729248046875 295.68053436279297
411.26605224609375 263.0187683105469 426.7309818267822 263.0187683105469 426.7309818267822 295.60223388671875 411.26605224609375 295.60223388671875
411.3067932128906 263.5694274902344 426.8659076690674 263.5694274902344 426.8659076690674 296.25346755981445 411.3067932128906 296.25346755981445
411.41729736328125 263.3117980957031 427.0220775604248 263.3117980957031 427.0220775604248 295.8291015625 411.41729736328125 295.8291015625
411.09185791015625 263.3609619140625 426.642915725708 263.3609619140625 426.642915725708 295.7934761047363 411.09185791015625 295.7934761047363
411.30810546875 263.31134033203125 426.6691484451294 263.31134033203125 426.6691484451294 295.6709671020508 411.30810546875 295.6709671020508
411.0596618652344 262.83636474609375 426.3065824508667 262.83636474609375 426.3065824508667 295.1487808227539 411.0596618652344 295.1487808227539
410.80023193359375 262.8553466796875 426.65850830078125 262.8553466796875 426.65850830078125 295.5988235473633 410.80023193359375 295.5988235473633
410.81427001953125 262.61859130859375 426.7274446487427 262.61859130859375 426.7274446487427 295.3516845703125 410.81427001953125 295.3516845703125
410.82281494140625 263.35552978515625 426.7733516693115 263.35552978515625 426.7733516693115 296.0536308288574 410.82281494140625 296.0536308288574
410.9483337402344 263.4335632324219 426.71394062042236 263.4335632324219 426.71394062042236 296.0023651123047 410.9483337402344 296.0023651123047
410.7176818847656 262.73907470703125 426.69427013397217 262.73907470703125 426.69427013397217 295.96911239624023 410.7176818847656 295.96911239624023
410.187744140625 262.989013671875 426.59618759155273 262.989013671875 426.59618759155273 296.39722442626953 410.187744140625 296.39722442626953
409.9947204589844 262.59259033203125 426.8927745819092 262.59259033203125 426.8927745819092 295.70489501953125 409.9947204589844 295.70489501953125
410.5196838378906 262.6815185546875 427.1252727508545 262.6815185546875 427.1252727508545 296.4409980773926 410.5196838378906 296.4409980773926
410.105712890625 262.3692932128906 426.5264015197754 262.3692932128906 426.5264015197754 294.8727798461914 410.105712890625 294.8727798461914
410.48052978515625 262.5836181640625 426.663875579834 262.5836181640625 426.663875579834 294.8174133300781 410.48052978515625 294.8174133300781
409.52008056640625 262.15936279296875 426.1135444641113 262.15936279296875 426.1135444641113 294.9300956726074 409.52008056640625 294.9300956726074
408.8180847167969 262.1554870605469 425.55319595336914 262.1554870605469 425.55319595336914 294.9736213684082 408.8180847167969 294.9736213684082
407.54217529296875 260.9147644042969 423.78499603271484 260.9147644042969 423.78499603271484 293.8931350708008 407.54217529296875 293.8931350708008
407.38751220703125 261.97723388671875 423.5942192077637 261.97723388671875 423.5942192077637 294.94986724853516 407.38751220703125 294.94986724853516
406.22039794921875 261.9806213378906 422.20121574401855 261.9806213378906 422.20121574401855 294.10366439819336 406.22039794921875 294.10366439819336
406.00164794921875 262.3582458496094 421.8152189254761 262.3582458496094 421.8152189254761 294.5766944885254 406.00164794921875 294.5766944885254
405.92657470703125 262.22283935546875 421.75614738464355 262.22283935546875 421.75614738464355 294.96569442749023 405.92657470703125 294.96569442749023
405.93463134765625 262.73333740234375 421.57121086120605 262.73333740234375 421.57121086120605 295.3791847229004 405.93463134765625 295.3791847229004
405.82012939453125 262.7315673828125 421.8903751373291 262.7315673828125 421.8903751373291 295.1157417297363 405.82012939453125 295.1157417297363
405.8626708984375 262.44696044921875 421.40570640563965 262.44696044921875 421.40570640563965 295.35477447509766 405.8626708984375 295.35477447509766
405.6177062988281 263.2515869140625 421.1416292190552 263.2515869140625 421.1416292190552 296.1731185913086 405.6177062988281 296.1731185913086
406.3656311035156 262.1790466308594 422.2293653488159 262.1790466308594 422.2293653488159 295.6846008300781 406.3656311035156 295.6846008300781
406.0376281738281 262.33343505859375 421.6478395462036 262.33343505859375 421.6478395462036 295.61217498779297 406.0376281738281 295.61217498779297
405.62359619140625 262.5333557128906 421.3089876174927 262.5333557128906 421.3089876174927 294.973876953125 405.62359619140625 294.973876953125
406.2352600097656 263.06500244140625 421.61259269714355 263.06500244140625 421.61259269714355 295.4560012817383 406.2352600097656 295.4560012817383
405.33331298828125 263.2970275878906 420.65904235839844 263.2970275878906 420.65904235839844 295.492130279541 405.33331298828125 295.492130279541
405.5435485839844 264.1463317871094 420.2547359466553 264.1463317871094 420.2547359466553 295.6447639465332 405.5435485839844 295.6447639465332
405.25067138671875 263.536865234375 419.8155822753906 263.536865234375 419.8155822753906 295.19614601135254 405.25067138671875 295.19614601135254
404.90625 263.9806213378906 419.36236095428467 263.9806213378906 419.36236095428467 295.15061950683594 404.90625 295.15061950683594
404.5550842285156 263.068115234375 419.728741645813 263.068115234375 419.728741645813 294.898681640625 404.5550842285156 294.898681640625
403.9565734863281 263.9495849609375 419.5850887298584 263.9495849609375 419.5850887298584 295.61240577697754 403.9565734863281 295.61240577697754
404.2757568359375 263.7718505859375 419.47114086151123 263.7718505859375 419.47114086151123 296.09856033325195 404.2757568359375 296.09856033325195
403.3639831542969 264.0906066894531 418.9206438064575 264.0906066894531 418.9206438064575 296.21503829956055 403.3639831542969 296.21503829956055
403.2392578125 263.7738037109375 418.49520683288574 263.7738037109375 418.49520683288574 296.2904815673828 403.2392578125 296.2904815673828
403.19671630859375 263.7350769042969 418.4634246826172 263.7350769042969 418.4634246826172 295.8353691101074 403.19671630859375 295.8353691101074
402.73455810546875 263.9299011230469 417.877534866333 263.9299011230469 417.877534866333 296.03152084350586 402.73455810546875 296.03152084350586
403.00506591796875 263.95758056640625 417.67057609558105 263.95758056640625 417.67057609558105 295.8093204498291 403.00506591796875 295.8093204498291
403.23175048828125 263.8526916503906 418.1757755279541 263.8526916503906 418.1757755279541 295.4963798522949 403.23175048828125 295.4963798522949
402.8895568847656 264.5301818847656 418.03157329559326 264.5301818847656 418.03157329559326 295.64474868774414 402.8895568847656 295.64474868774414
402.9979553222656 264.6581115722656 417.66890144348145 264.6581115722656 417.66890144348145 295.95776748657227 402.9979553222656 295.95776748657227
403.6861572265625 264.1043395996094 418.46874713897705 264.1043395996094 418.46874713897705 295.9520454406738 403.6861572265625 295.9520454406738
402.9856262207031 264.37353515625 418.04319763183594 264.37353515625 418.04319763183594 296.26943588256836 402.9856262207031 296.26943588256836
403.03375244140625 264.27899169921875 418.2725553512573 264.27899169921875 418.2725553512573 296.1174068450928 403.03375244140625 296.1174068450928
403.65557861328125 263.6918640136719 418.54579639434814 263.6918640136719 418.54579639434814 296.1543083190918 403.65557861328125 296.1543083190918
403.400390625 263.9319763183594 418.63501930236816 263.9319763183594 418.63501930236816 295.9844093322754 403.400390625 295.9844093322754
402.7627868652344 264.46856689453125 418.1375780105591 264.46856689453125 418.1375780105591 296.0747184753418 402.7627868652344 296.0747184753418
403.077392578125 263.0335388183594 418.01575660705566 263.0335388183594 418.01575660705566 295.4276351928711 403.077392578125 295.4276351928711
402.8668518066406 263.2583312988281 418.42582511901855 263.2583312988281 418.42582511901855 295.61913299560547 402.8668518066406 295.61913299560547
403.30938720703125 263.1049499511719 418.8460569381714 263.1049499511719 418.8460569381714 295.61921310424805 403.30938720703125 295.61921310424805
403.52642822265625 263.0763244628906 419.08789253234863 263.0763244628906 419.08789253234863 295.33792877197266 403.52642822265625 295.33792877197266
403.83984375 263.2210693359375 419.3887252807617 263.2210693359375 419.3887252807617 295.96551513671875 403.83984375 295.96551513671875
403.8383483886719 262.79608154296875 419.8585662841797 262.79608154296875 419.8585662841797 295.2661819458008 403.8383483886719 295.2661819458008
403.91290283203125 262.6553039550781 419.8040142059326 262.6553039550781 419.8040142059326 295.37789154052734 403.91290283203125 295.37789154052734
404.2506408691406 263.41741943359375 419.87248039245605 263.41741943359375 419.87248039245605 295.9485321044922 404.2506408691406 295.9485321044922
404.1351318359375 263.82720947265625 419.9923048019409 263.82720947265625 419.9923048019409 296.25571060180664 404.1351318359375 296.25571060180664
404.9232177734375 263.43133544921875 420.0688066482544 263.43133544921875 420.0688066482544 295.3131465911865 404.9232177734375 295.3131465911865
404.67218017578125 263.05657958984375 420.03283500671387 263.05657958984375 420.03283500671387 295.13443756103516 404.67218017578125 295.13443756103516
405.0287170410156 263.63739013671875 419.9080457687378 263.63739013671875 419.9080457687378 295.779598236084 405.0287170410156 295.779598236084
405.1054992675781 262.90338134765625 419.8891019821167 262.90338134765625 419.8891019821167 294.9689407348633 405.1054992675781 294.9689407348633
404.97259521484375 264.28118896484375 420.33019256591797 264.28118896484375 420.33019256591797 296.3459587097168 404.97259521484375 296.3459587097168
404.37139892578125 263.5240173339844 419.8954849243164 263.5240173339844 419.8954849243164 295.7098083496094 404.37139892578125 295.7098083496094
404.7998046875 263.8724060058594 420.0228681564331 263.8724060058594 420.0228681564331 295.98641204833984 404.7998046875 295.98641204833984
404.94189453125 263.40533447265625 420.03461933135986 263.40533447265625 420.03461933135986 295.5824279785156 404.94189453125 295.5824279785156
404.9345703125 264.1230163574219 420.0451993942261 264.1230163574219 420.0451993942261 295.9126167297363 404.9345703125 295.9126167297363
404.9251708984375 264.6468811035156 420.048095703125 264.6468811035156 420.048095703125 296.1058101654053 404.9251708984375 296.1058101654053
405.06756591796875 262.9790344238281 420.3501510620117 262.9790344238281 420.3501510620117 295.51856994628906 405.06756591796875 295.51856994628906
405.0194091796875 264.0321960449219 420.36471366882324 264.0321960449219 420.36471366882324 296.04529571533203 405.0194091796875 296.04529571533203
404.7235412597656 264.24847412109375 420.3341703414917 264.24847412109375 420.3341703414917 296.24480056762695 404.7235412597656 296.24480056762695
404.785400390625 263.7652282714844 420.06555461883545 263.7652282714844 420.06555461883545 295.87830352783203 404.785400390625 295.87830352783203
405.6529541015625 264.05865478515625 420.54766273498535 264.05865478515625 420.54766273498535 296.3439140319824 405.6529541015625 296.3439140319824
405.0978088378906 263.4084777832031 420.4850664138794 263.4084777832031 420.4850664138794 295.5142478942871 405.0978088378906 295.5142478942871
405.02850341796875 264.34454345703125 420.28175354003906 264.34454345703125 420.28175354003906 296.11623764038086 405.02850341796875 296.11623764038086
404.98553466796875 265.04046630859375 420.19090270996094 265.04046630859375 420.19090270996094 296.65363693237305 404.98553466796875 296.65363693237305
405.0252380371094 264.26922607421875 419.96756744384766 264.26922607421875 419.96756744384766 295.9868679046631 405.0252380371094 295.9868679046631
405.0927734375 264.22479248046875 420.00739765167236 264.22479248046875 420.00739765167236 296.0299644470215 405.0927734375 296.0299644470215
405.095947265625 264.86907958984375 420.02845001220703 264.86907958984375 420.02845001220703 295.91876792907715 405.095947265625 295.91876792907715
405.066650390625 265.04852294921875 419.92175483703613 265.04852294921875 419.92175483703613 295.996057510376 405.066650390625 295.996057510376
405.28961181640625 264.16619873046875 419.9749355316162 264.16619873046875 419.9749355316162 295.97795486450195 405.28961181640625 295.97795486450195
405.06451416015625 264.38885498046875 419.69179344177246 264.38885498046875 419.69179344177246 295.65163230895996 405.06451416015625 295.65163230895996
404.97479248046875 265.07806396484375 419.83628273010254 265.07806396484375 419.83628273010254 296.166467666626 404.97479248046875 296.166467666626
405.30841064453125 264.8091125488281 420.4384126663208 264.8091125488281 420.4384126663208 296.24378967285156 405.30841064453125 296.24378967285156
405.1152648925781 263.28857421875 419.8216552734375 263.28857421875 419.8216552734375 295.0002841949463 405.1152648925781 295.0002841949463
405.1241760253906 264.365478515625 419.9830493927002 264.365478515625 419.9830493927002 295.8709259033203 405.1241760253906 295.8709259033203
405.06768798828125 264.472412109375 420.07477855682373 264.472412109375 420.07477855682373 295.7136421203613 405.06768798828125 295.7136421203613
404.89410400390625 264.0093688964844 420.0499391555786 264.0093688964844 420.0499391555786 295.924352645874 404.89410400390625 295.924352645874
404.92095947265625 263.49017333984375 419.8486967086792 263.49017333984375 419.8486967086792 295.71421813964844 404.92095947265625 295.71421813964844
405.27484130859375 264.3651428222656 420.09948921203613 264.3651428222656 420.09948921203613 295.52495193481445 405.27484130859375 295.52495193481445
404.7865295410156 264.7574157714844 419.79527473449707 264.7574157714844 419.79527473449707 295.5170497894287 404.7865295410156 295.5170497894287
404.8540344238281 265.27264404296875 419.9529161453247 265.27264404296875 419.9529161453247 296.29718017578125 404.8540344238281 296.29718017578125
405.6780700683594 263.7810974121094 420.58964347839355 263.7810974121094 420.58964347839355 295.7024898529053 405.6780700683594 295.7024898529053
405.02886962890625 263.80548095703125 419.8581876754761 263.80548095703125 419.8581876754761 295.6422691345215 405.02886962890625 295.6422691345215
405.18280029296875 265.17767333984375 420.13781452178955 265.17767333984375 420.13781452178955 296.38388442993164 405.18280029296875 296.38388442993164
405.0462341308594 264.34881591796875 419.982195854187 264.34881591796875 419.982195854187 296.20420265197754 405.0462341308594 296.20420265197754
405.2239685058594 263.6984558105469 419.94941902160645 263.6984558105469 419.94941902160645 295.59869956970215 405.2239685058594 295.59869956970215
405.2196044921875 263.85748291015625 420.0311031341553 263.85748291015625 420.0311031341553 295.6201419830322 405.2196044921875 295.6201419830322
404.81964111328125 264.8001708984375 420.151762008667 264.8001708984375 420.151762008667 296.35747146606445 404.81964111328125 296.35747146606445
404.96923828125 264.6759948730469 420.34778594970703 264.6759948730469 420.34778594970703 296.4175567626953 404.96923828125 296.4175567626953
404.81475830078125 263.73370361328125 420.100435256958 263.73370361328125 420.100435256958 296.04655838012695 404.81475830078125 296.04655838012695
404.84710693359375 263.3953857421875 420.2480754852295 263.3953857421875 420.2480754852295 295.9208869934082 404.84710693359375 295.9208869934082
404.9560241699219 264.44940185546875 420.3612642288208 264.44940185546875 420.3612642288208 296.31108474731445 404.9560241699219 296.31108474731445
405.3471984863281 264.12969970703125 420.53910541534424 264.12969970703125 420.53910541534424 296.5665626525879 405.3471984863281 296.5665626525879
405.17913818359375 263.99749755859375 420.5763826370239 263.99749755859375 420.5763826370239 296.4347114562988 405.17913818359375 296.4347114562988
404.6153869628906 264.4441833496094 420.34892749786377 264.4441833496094 420.34892749786377 296.74292755126953 404.6153869628906 296.74292755126953
404.6393127441406 265.0019836425781 420.1888484954834 265.0019836425781 420.1888484954834 296.90137672424316 404.6393127441406 296.90137672424316
405.30810546875 264.42620849609375 420.72282123565674 264.42620849609375 420.72282123565674 297.0992012023926 405.30810546875 297.0992012023926
404.90679931640625 263.49603271484375 420.5458040237427 263.49603271484375 420.5458040237427 295.9864959716797 404.90679931640625 295.9864959716797
404.5726013183594 264.01092529296875 420.35700702667236 264.01092529296875 420.35700702667236 296.0755195617676 404.5726013183594 296.0755195617676
404.57147216796875 264.5917053222656 420.3835344314575 264.5917053222656 420.3835344314575 296.385778427124 404.57147216796875 296.385778427124
404.92340087890625 263.51104736328125 420.4583158493042 263.51104736328125 420.4583158493042 296.02636337280273 404.92340087890625 296.02636337280273
404.66217041015625 263.8872985839844 419.8125705718994 263.8872985839844 419.8125705718994 295.34408950805664 404.66217041015625 295.34408950805664
404.83087158203125 263.5619812011719 420.12337017059326 263.5619812011719 420.12337017059326 295.23338317871094 404.83087158203125 295.23338317871094
405.1568603515625 264.8331604003906 420.1591386795044 264.8331604003906 420.1591386795044 296.14040756225586 405.1568603515625 296.14040756225586
404.9746398925781 264.51031494140625 419.94988441467285 264.51031494140625 419.94988441467285 296.44696617126465 404.9746398925781 296.44696617126465
405.16961669921875 264.1752014160156 420.2915287017822 264.1752014160156 420.2915287017822 296.2820816040039 405.16961669921875 296.2820816040039
405.15350341796875 264.48291015625 420.17401599884033 264.48291015625 420.17401599884033 296.53228759765625 405.15350341796875 296.53228759765625
405.26495361328125 263.91552734375 420.4340877532959 263.91552734375 420.4340877532959 296.01326751708984 405.26495361328125 296.01326751708984
405.47613525390625 263.4408264160156 420.51306915283203 263.4408264160156 420.51306915283203 295.77034759521484 405.47613525390625 295.77034759521484
405.45806884765625 263.544921875 420.1580858230591 263.544921875 420.1580858230591 296.0305976867676 405.45806884765625 296.0305976867676
405.3608093261719 263.150390625 420.3278274536133 263.150390625 420.3278274536133 295.6423759460449 405.3608093261719 295.6423759460449
405.3363037109375 264.1388854980469 420.8793640136719 264.1388854980469 420.8793640136719 296.5152816772461 405.3363037109375 296.5152816772461
404.8877868652344 264.73187255859375 420.39044666290283 264.73187255859375 420.39044666290283 296.3057670593262 404.8877868652344 296.3057670593262
405.8504943847656 264.8913269042969 420.9445343017578 264.8913269042969 420.9445343017578 296.94427490234375 405.8504943847656 296.94427490234375
405.5147399902344 264.5870056152344 420.79114055633545 264.5870056152344 420.79114055633545 296.6550979614258 405.5147399902344 296.6550979614258
404.92498779296875 264.2161865234375 420.35484790802 264.2161865234375 420.35484790802 296.4513626098633 404.92498779296875 296.4513626098633
405.49853515625 263.72857666015625 420.4354019165039 263.72857666015625 420.4354019165039 295.3282985687256 405.49853515625 295.3282985687256
405.85552978515625 264.2020568847656 421.0105209350586 264.2020568847656 421.0105209350586 296.68529510498047 405.85552978515625 296.68529510498047
405.46405029296875 263.404296875 420.3779773712158 263.404296875 420.3779773712158 296.19710540771484 405.46405029296875 296.19710540771484
405.22076416015625 263.298828125 420.27108001708984 263.298828125 420.27108001708984 295.2686767578125 405.22076416015625 295.2686767578125
405.3734436035156 261.23101806640625 420.84565925598145 261.23101806640625 420.84565925598145 293.6601333618164 405.3734436035156 293.6601333618164
404.99798583984375 261.2490539550781 420.1306791305542 261.2490539550781 420.1306791305542 294.0564956665039 404.99798583984375 294.0564956665039
404.5588073730469 261.626220703125 420.0005626678467 261.626220703125 420.0005626678467 294.5676078796387 404.5588073730469 294.5676078796387
405.21954345703125 259.1135559082031 420.9259967803955 259.1135559082031 420.9259967803955 294.7278823852539 405.21954345703125 294.7278823852539
404.42425537109375 258.69989013671875 419.0488815307617 258.69989013671875 419.0488815307617 298.07381439208984 404.42425537109375 298.07381439208984
398.830810546875 258.99444580078125 413.2172565460205 258.99444580078125 413.2172565460205 297.7271156311035 398.830810546875 297.7271156311035
399.6419677734375 257.9940490722656 413.66617584228516 257.9940490722656 413.66617584228516 295.75146484375 399.6419677734375 295.75146484375
392.21185302734375 257.86578369140625 406.0472459793091 257.86578369140625 406.0472459793091 295.11485290527344 392.21185302734375 295.11485290527344
393.58294677734375 256.49334716796875 407.70285511016846 256.49334716796875 407.70285511016846 294.50841903686523 393.58294677734375 294.50841903686523
399.67327880859375 257.53985595703125 413.54747200012207 257.53985595703125 413.54747200012207 294.89338302612305 399.67327880859375 294.89338302612305
398.57427978515625 257.3861083984375 412.3603744506836 257.3861083984375 412.3603744506836 294.50244903564453 398.57427978515625 294.50244903564453
393.7381591796875 257.23675537109375 407.68370056152344 257.23675537109375 407.68370056152344 294.78237533569336 393.7381591796875 294.78237533569336
393.8825988769531 256.0117492675781 407.90650939941406 256.0117492675781 407.90650939941406 293.76836013793945 393.8825988769531 293.76836013793945
398.84710693359375 257.2643737792969 412.6925296783447 257.2643737792969 412.6925296783447 294.54044342041016 398.84710693359375 294.54044342041016
398.13037109375 258.5228271484375 411.7614288330078 258.5228271484375 411.7614288330078 295.2217559814453 398.13037109375 295.2217559814453
395.35150146484375 258.18402099609375 409.06203269958496 258.18402099609375 409.06203269958496 295.09692001342773 395.35150146484375 295.09692001342773
401.4459533691406 258.1701354980469 414.92783069610596 258.1701354980469 414.92783069610596 294.4674301147461 401.4459533691406 294.4674301147461
399.6106872558594 260.5539245605469 413.0895233154297 260.5539245605469 413.0895233154297 296.8430290222168 399.6106872558594 296.8430290222168
401.7726135253906 259.9187316894531 415.34119606018066 259.9187316894531 415.34119606018066 296.449462890625 401.7726135253906 296.449462890625
401.46429443359375 259.9598083496094 415.0904026031494 259.9598083496094 415.0904026031494 296.6454200744629 401.46429443359375 296.6454200744629
401.62786865234375 259.8929748535156 415.3202028274536 259.8929748535156 415.3202028274536 296.75688552856445 401.62786865234375 296.75688552856445
399.18548583984375 259.8575744628906 412.89758014678955 259.8575744628906 412.89758014678955 296.7746810913086 399.18548583984375 296.7746810913086
399.3427734375 259.7442932128906 413.1969938278198 259.7442932128906 413.1969938278198 297.0440444946289 399.3427734375 297.0440444946289
399.56072998046875 258.47412109375 413.52806854248047 258.47412109375 413.52806854248047 296.0784225463867 399.56072998046875 296.0784225463867
400.848388671875 259.2003479003906 415.2222194671631 259.2003479003906 415.2222194671631 295.56578826904297 400.848388671875 295.56578826904297
398.92974853515625 259.45361328125 414.27911853790283 259.45361328125 414.27911853790283 293.4286422729492 398.92974853515625 293.4286422729492
398.49639892578125 260.3843994140625 413.483549118042 260.3843994140625 413.483549118042 293.87923431396484 398.49639892578125 293.87923431396484
400.25616455078125 260.45184326171875 415.0616397857666 260.45184326171875 415.0616397857666 293.8030319213867 400.25616455078125 293.8030319213867
400.57220458984375 258.7007141113281 415.2083148956299 258.7007141113281 415.2083148956299 293.37755584716797 400.57220458984375 293.37755584716797
401.85821533203125 258.3692321777344 416.4721374511719 258.3692321777344 416.4721374511719 293.3419723510742 401.85821533203125 293.3419723510742
402.52264404296875 260.7535400390625 417.53576469421387 260.7535400390625 417.53576469421387 294.6038932800293 402.52264404296875 294.6038932800293
403.38909912109375 260.92315673828125 418.46388244628906 260.92315673828125 418.46388244628906 294.4567642211914 403.38909912109375 294.4567642211914
404.0493469238281 261.748046875 419.91505241394043 261.748046875 419.91505241394043 295.0139274597168 404.0493469238281 295.0139274597168
406.37762451171875 258.54022216796875 420.58744525909424 258.54022216796875 420.58744525909424 296.7973518371582 406.37762451171875 296.7973518371582
406.78948974609375 260.3378601074219 421.81678771972656 260.3378601074219 421.81678771972656 297.1465377807617 406.78948974609375 297.1465377807617
406.75152587890625 261.85321044921875 422.7912826538086 261.85321044921875 422.7912826538086 296.8918685913086 406.75152587890625 296.8918685913086
406.1172180175781 262.8335876464844 422.51166915893555 262.8335876464844 422.51166915893555 297.1814384460449 406.1172180175781 297.1814384460449
406.3095703125 263.1402587890625 422.50894355773926 263.1402587890625 422.50894355773926 297.3197784423828 406.3095703125 297.3197784423828
406.26629638671875 263.0005187988281 422.1406202316284 263.0005187988281 422.1406202316284 296.5393753051758 406.26629638671875 296.5393753051758
407.279296875 263.4132385253906 423.28940200805664 263.4132385253906 423.28940200805664 296.973819732666 407.279296875 296.973819732666
407.01239013671875 263.47161865234375 422.9266891479492 263.47161865234375 422.9266891479492 297.16028594970703 407.01239013671875 297.16028594970703
406.94989013671875 263.7687072753906 422.7173738479614 263.7687072753906 422.7173738479614 297.16864013671875 406.94989013671875 297.16864013671875
407.44061279296875 263.98089599609375 422.81391429901123 263.98089599609375 422.81391429901123 297.1335868835449 407.44061279296875 297.1335868835449
408.208984375 265.42193603515625 423.43904304504395 265.42193603515625 423.43904304504395 298.0196723937988 408.208984375 298.0196723937988
407.5683288574219 265.0258483886719 422.8455753326416 265.0258483886719 422.8455753326416 297.2468795776367 407.5683288574219 297.2468795776367
407.3312072753906 263.802001953125 422.5610599517822 263.802001953125 422.5610599517822 296.4909362792969 407.3312072753906 296.4909362792969
407.8252868652344 265.0658874511719 423.1501417160034 265.0658874511719 423.1501417160034 297.81896209716797 407.8252868652344 297.81896209716797
407.11962890625 264.39202880859375 422.98628997802734 264.39202880859375 422.98628997802734 297.33905029296875 407.11962890625 297.33905029296875
407.9875183105469 265.28594970703125 423.8352108001709 265.28594970703125 423.8352108001709 298.5864143371582 407.9875183105469 298.5864143371582
406.6050109863281 263.86175537109375 422.85737800598145 263.86175537109375 422.85737800598145 296.6214408874512 406.6050109863281 296.6214408874512
406.7919006347656 263.26055908203125 422.83351135253906 263.26055908203125 422.83351135253906 296.1631736755371 406.7919006347656 296.1631736755371
405.38836669921875 262.6475524902344 421.0702877044678 262.6475524902344 421.0702877044678 294.75658798217773 405.38836669921875 294.75658798217773
404.37408447265625 262.4774475097656 420.4246120452881 262.4774475097656 420.4246120452881 294.9746971130371 404.37408447265625 294.9746971130371
403.1922302246094 261.75408935546875 418.8446378707886 261.75408935546875 418.8446378707886 295.50353240966797 403.1922302246094 295.50353240966797
403.2527770996094 262.00030517578125 418.8026752471924 262.00030517578125 418.8026752471924 296.40393829345703 403.2527770996094 296.40393829345703
402.707275390625 260.9617614746094 418.59850120544434 260.9617614746094 418.59850120544434 295.8081855773926 402.707275390625 295.8081855773926
402.3927001953125 261.83160400390625 418.23768424987793 261.83160400390625 418.23768424987793 296.7365036010742 402.3927001953125 296.7365036010742
401.82794189453125 261.94024658203125 417.8406867980957 261.94024658203125 417.8406867980957 296.09993743896484 401.82794189453125 296.09993743896484
401.89447021484375 261.8468017578125 417.9232978820801 261.8468017578125 417.9232978820801 296.31800079345703 401.89447021484375 296.31800079345703
401.8096008300781 262.665771484375 417.9094581604004 262.665771484375 417.9094581604004 296.44567108154297 401.8096008300781 296.44567108154297
401.6696472167969 261.86773681640625 417.66230297088623 261.86773681640625 417.66230297088623 296.2158546447754 401.6696472167969 296.2158546447754
401.6731872558594 262.20758056640625 417.23945903778076 262.20758056640625 417.23945903778076 295.6888008117676 401.6731872558594 295.6888008117676
401.432861328125 262.17901611328125 417.3483123779297 262.17901611328125 417.3483123779297 295.7807426452637 401.432861328125 295.7807426452637
401.57861328125 262.81707763671875 417.24041175842285 262.81707763671875 417.24041175842285 295.84113693237305 401.57861328125 295.84113693237305
401.8497314453125 263.2064514160156 417.0788679122925 263.2064514160156 417.0788679122925 296.0121383666992 401.8497314453125 296.0121383666992
401.24993896484375 263.40203857421875 416.6403560638428 263.40203857421875 416.6403560638428 296.04993438720703 401.24993896484375 296.04993438720703
401.669189453125 263.1228332519531 417.1471252441406 263.1228332519531 417.1471252441406 295.83609771728516 401.669189453125 295.83609771728516
402.0630187988281 263.32415771484375 417.39733123779297 263.32415771484375 417.39733123779297 296.25553131103516 402.0630187988281 296.25553131103516
402.0870056152344 263.66680908203125 417.52503967285156 263.66680908203125 417.52503967285156 296.43294525146484 402.0870056152344 296.43294525146484
401.83734130859375 263.47381591796875 417.05663776397705 263.47381591796875 417.05663776397705 296.2155532836914 401.83734130859375 296.2155532836914
401.82147216796875 262.9749755859375 417.3025665283203 262.9749755859375 417.3025665283203 295.82457733154297 401.82147216796875 295.82457733154297
402.3969421386719 263.7102966308594 417.53264141082764 263.7102966308594 417.53264141082764 296.4440116882324 402.3969421386719 296.4440116882324
402.208984375 263.7953796386719 417.329439163208 263.7953796386719 417.329439163208 296.4774856567383 402.208984375 296.4774856567383
402.081787109375 264.016357421875 417.4274311065674 264.016357421875 417.4274311065674 297.12207794189453 402.081787109375 297.12207794189453
401.8031311035156 263.6971435546875 417.02224922180176 263.6971435546875 417.02224922180176 296.69732666015625 401.8031311035156 296.69732666015625
401.887451171875 263.84619140625 417.27131843566895 263.84619140625 417.27131843566895 296.19698333740234 401.887451171875 296.19698333740234
401.75982666015625 263.4524841308594 417.4281406402588 263.4524841308594 417.4281406402588 296.31141662597656 401.75982666015625 296.31141662597656
401.8372802734375 264.06951904296875 417.2087917327881 264.06951904296875 417.2087917327881 296.91968536376953 401.8372802734375 296.91968536376953
402.13116455078125 263.84197998046875 417.1626453399658 263.84197998046875 417.1626453399658 296.69018173217773 402.13116455078125 296.69018173217773
402.15386962890625 263.7504577636719 417.2899703979492 263.7504577636719 417.2899703979492 296.82563400268555 402.15386962890625 296.82563400268555
401.9425048828125 263.51458740234375 417.2919464111328 263.51458740234375 417.2919464111328 296.67584228515625 401.9425048828125 296.67584228515625
402.35736083984375 263.5216369628906 417.57421588897705 263.5216369628906 417.57421588897705 296.60595703125 402.35736083984375 296.60595703125
401.97967529296875 263.734375 417.25861835479736 263.734375 417.25861835479736 297.07942962646484 401.97967529296875 297.07942962646484
402.712646484375 263.698974609375 417.8865261077881 263.698974609375 417.8865261077881 296.5495796203613 402.712646484375 296.5495796203613
401.9857482910156 263.2713623046875 417.2089719772339 263.2713623046875 417.2089719772339 296.31940841674805 401.9857482910156 296.31940841674805
401.677490234375 263.208984375 417.06879234313965 263.208984375 417.06879234313965 296.17009353637695 401.677490234375 296.17009353637695
402.188720703125 263.7891845703125 417.31643199920654 263.7891845703125 417.31643199920654 296.7112808227539 402.188720703125 296.7112808227539
402.21405029296875 263.72589111328125 417.4405212402344 263.72589111328125 417.4405212402344 297.0941963195801 402.21405029296875 297.0941963195801
402.1119689941406 263.60394287109375 417.3367691040039 263.60394287109375 417.3367691040039 296.54859161376953 402.1119689941406 296.54859161376953
401.9268493652344 264.07281494140625 416.9570083618164 264.07281494140625 416.9570083618164 296.25267791748047 401.9268493652344 296.25267791748047
402.52947998046875 263.09625244140625 417.37290382385254 263.09625244140625 417.37290382385254 295.88895416259766 402.52947998046875 295.88895416259766
402.4902648925781 264.3882141113281 417.31831073760986 264.3882141113281 417.31831073760986 296.8773727416992 402.4902648925781 296.8773727416992
402.22064208984375 263.75390625 417.1712055206299 263.75390625 417.1712055206299 296.2433776855469 402.22064208984375 296.2433776855469
402.02288818359375 263.536865234375 417.1307067871094 263.536865234375 417.1307067871094 296.10335540771484 402.02288818359375 296.10335540771484
401.8614807128906 263.62530517578125 417.1149654388428 263.62530517578125 417.1149654388428 296.0159454345703 401.8614807128906 296.0159454345703
402.1114807128906 263.99420166015625 417.3499116897583 263.99420166015625 417.3499116897583 296.55416107177734 402.1114807128906 296.55416107177734
402.61212158203125 263.7892150878906 417.43660259246826 263.7892150878906 417.43660259246826 296.1354064941406 402.61212158203125 296.1354064941406
402.1773986816406 264.2631530761719 417.08439350128174 264.2631530761719 417.08439350128174 296.5763473510742 402.1773986816406 296.5763473510742
402.02947998046875 263.85443115234375 417.1064701080322 263.85443115234375 417.1064701080322 295.91491317749023 402.02947998046875 295.91491317749023
402.10711669921875 263.35675048828125 417.0716142654419 263.35675048828125 417.0716142654419 295.7766571044922 402.10711669921875 295.7766571044922
402.2897033691406 263.68109130859375 417.0136365890503 263.68109130859375 417.0136365890503 296.2658004760742 402.2897033691406 296.2658004760742
402.4716796875 263.9174499511719 417.2513961791992 263.9174499511719 417.2513961791992 296.26021575927734 402.4716796875 296.26021575927734
402.24346923828125 263.1557312011719 417.2794828414917 263.1557312011719 417.2794828414917 295.5427017211914 402.24346923828125 295.5427017211914
402.50335693359375 263.92578125 417.38719367980957 263.92578125 417.38719367980957 296.3967475891113 402.50335693359375 296.3967475891113
402.08575439453125 263.84710693359375 417.1723403930664 263.84710693359375 417.1723403930664 296.36383056640625 402.08575439453125 296.36383056640625
402.1890563964844 263.16070556640625 417.5257740020752 263.16070556640625 417.5257740020752 296.15754318237305 402.1890563964844 296.15754318237305
401.7380065917969 263.4954528808594 416.9734172821045 263.4954528808594 416.9734172821045 295.8450469970703 401.7380065917969 295.8450469970703
402.4004821777344 263.7599182128906 417.576922416687 263.7599182128906 417.576922416687 296.1471633911133 402.4004821777344 296.1471633911133
402.16046142578125 264.33123779296875 417.17687034606934 264.33123779296875 417.17687034606934 296.66170501708984 402.16046142578125 296.66170501708984
402.04254150390625 263.34539794921875 417.05175018310547 263.34539794921875 417.05175018310547 295.9079475402832 402.04254150390625 295.9079475402832
402.5246887207031 263.44610595703125 417.6657257080078 263.44610595703125 417.6657257080078 296.2191352844238 402.5246887207031 296.2191352844238
402.29754638671875 263.07464599609375 417.39368629455566 263.07464599609375 417.39368629455566 296.1601028442383 402.29754638671875 296.1601028442383
401.6952209472656 263.04010009765625 417.07791900634766 263.04010009765625 417.07791900634766 295.7167854309082 401.6952209472656 295.7167854309082
401.958984375 263.52764892578125 417.1822557449341 263.52764892578125 417.1822557449341 295.6708450317383 401.958984375 295.6708450317383
402.0453796386719 264.1597595214844 417.0723476409912 264.1597595214844 417.0723476409912 296.29156494140625 402.0453796386719 296.29156494140625
402.2796936035156 263.4529724121094 417.4437484741211 263.4529724121094 417.4437484741211 296.31266021728516 402.2796936035156 296.31266021728516
401.7179260253906 263.39410400390625 417.1682405471802 263.39410400390625 417.1682405471802 296.76884841918945 401.7179260253906 296.76884841918945
401.9486389160156 262.75946044921875 417.2909803390503 262.75946044921875 417.2909803390503 295.9688034057617 401.9486389160156 295.9688034057617
401.9902648925781 262.7403869628906 417.30070304870605 262.7403869628906 417.30070304870605 296.51131439208984 401.9902648925781 296.51131439208984
401.76190185546875 263.01470947265625 417.1689329147339 263.01470947265625 417.1689329147339 296.3601188659668 401.76190185546875 296.3601188659668
401.4681091308594 262.5828857421875 417.46363258361816 262.5828857421875 417.46363258361816 296.5518684387207 401.4681091308594 296.5518684387207
401.9330139160156 262.27569580078125 418.1683864593506 262.27569580078125 418.1683864593506 296.9883575439453 401.9330139160156 296.9883575439453
401.49664306640625 261.2510070800781 418.0589237213135 261.2510070800781 418.0589237213135 297.5345230102539 401.49664306640625 297.5345230102539
402.2407531738281 262.03594970703125 418.3395881652832 262.03594970703125 418.3395881652832 297.4713554382324 402.2407531738281 297.4713554382324
401.24755859375 261.2681579589844 417.9988784790039 261.2681579589844 417.9988784790039 297.08486557006836 401.24755859375 297.08486557006836
401.1927795410156 261.0090637207031 418.4405765533447 261.0090637207031 418.4405765533447 297.0551567077637 401.1927795410156 297.0551567077637
401.4100036621094 260.1084899902344 418.3829822540283 260.1084899902344 418.3829822540283 296.5202522277832 401.4100036621094 296.5202522277832
401.7852478027344 260.4193420410156 418.5787525177002 260.4193420410156 418.5787525177002 296.77134704589844 401.7852478027344 296.77134704589844
401.45489501953125 260.77545166015625 418.45726203918457 260.77545166015625 418.45726203918457 296.9177474975586 401.45489501953125 296.9177474975586
401.97735595703125 258.65545654296875 418.5130672454834 258.65545654296875 418.5130672454834 296.37936782836914 401.97735595703125 296.37936782836914
402.2828369140625 259.41778564453125 418.2661190032959 259.41778564453125 418.2661190032959 296.37833404541016 402.2828369140625 296.37833404541016
402.21051025390625 259.6561584472656 418.3228015899658 259.6561584472656 418.3228015899658 296.0710754394531 402.21051025390625 296.0710754394531
402.9694519042969 259.6094055175781 418.4676876068115 259.6094055175781 418.4676876068115 296.1342124938965 402.9694519042969 296.1342124938965
402.9027099609375 258.08013916015625 418.08863830566406 258.08013916015625 418.08863830566406 294.9875144958496 402.9027099609375 294.9875144958496
403.17449951171875 258.01483154296875 418.60758209228516 258.01483154296875 418.60758209228516 295.02774810791016 403.17449951171875 295.02774810791016
403.2181091308594 257.0577697753906 418.5201749801636 257.0577697753906 418.5201749801636 295.1665267944336 403.2181091308594 295.1665267944336
402.9236145019531 255.30032348632812 418.6474552154541 255.30032348632812 418.6474552154541 294.2716255187988 402.9236145019531 294.2716255187988
404.0602111816406 258.3291931152344 421.5970821380615 258.3291931152344 421.5970821380615 296.4666442871094 404.0602111816406 296.4666442871094
406.2210388183594 255.8688507080078 422.8694763183594 255.8688507080078 422.8694763183594 296.93868255615234 406.2210388183594 296.93868255615234
406.59344482421875 255.9746856689453 423.27406311035156 255.9746856689453 423.27406311035156 296.4819984436035 406.59344482421875 296.4819984436035
405.5768737792969 258.5453186035156 423.2649097442627 258.5453186035156 423.2649097442627 296.1351013183594 405.5768737792969 296.1351013183594
407.039794921875 258.39727783203125 423.93923568725586 258.39727783203125 423.93923568725586 294.49024200439453 407.039794921875 294.49024200439453
407.1266174316406 258.20306396484375 424.67309188842773 258.20306396484375 424.67309188842773 293.3238945007324 407.1266174316406 293.3238945007324
407.68585205078125 257.8529357910156 424.6510696411133 257.8529357910156 424.6510696411133 292.38304138183594 407.68585205078125 292.38304138183594
408.53924560546875 258.4373474121094 424.8769836425781 258.4373474121094 424.8769836425781 291.6970329284668 408.53924560546875 291.6970329284668
409.44891357421875 257.8685302734375 425.2949695587158 257.8685302734375 425.2949695587158 292.5791244506836 409.44891357421875 292.5791244506836
409.46649169921875 257.2540283203125 424.97739696502686 257.2540283203125 424.97739696502686 292.73840713500977 409.46649169921875 292.73840713500977
411.8241271972656 257.80413818359375 426.53844928741455 257.80413818359375 426.53844928741455 292.17509841918945 411.8241271972656 292.17509841918945
411.0560607910156 258.46630859375 425.8431272506714 258.46630859375 425.8431272506714 291.62417221069336 411.0560607910156 291.62417221069336
412.13037109375 259.473876953125 426.67845344543457 259.473876953125 426.67845344543457 293.07698822021484 412.13037109375 293.07698822021484
412.16229248046875 259.97381591796875 426.80023670196533 259.97381591796875 426.80023670196533 293.6274642944336 412.16229248046875 293.6274642944336
412.1357421875 260.28826904296875 426.0351734161377 260.28826904296875 426.0351734161377 294.91040802001953 412.1357421875 294.91040802001953
412.62261962890625 259.51849365234375 426.63596057891846 259.51849365234375 426.63596057891846 294.7483100891113 412.62261962890625 294.7483100891113
412.794189453125 258.6325988769531 426.7326326370239 258.6325988769531 426.7326326370239 294.30768966674805 412.794189453125 294.30768966674805
412.6568908691406 258.97003173828125 426.90152168273926 258.97003173828125 426.90152168273926 294.77502822875977 412.6568908691406 294.77502822875977
412.67694091796875 261.65313720703125 427.03285694122314 261.65313720703125 427.03285694122314 296.90377044677734 412.67694091796875 296.90377044677734
412.60528564453125 260.8621520996094 427.55017852783203 260.8621520996094 427.55017852783203 295.7736587524414 412.60528564453125 295.7736587524414
413.7049255371094 262.22222900390625 428.69776344299316 262.22222900390625 428.69776344299316 296.4030418395996 413.7049255371094 296.4030418395996
414.050537109375 259.7060241699219 429.52210998535156 259.7060241699219 429.52210998535156 296.67079162597656 414.050537109375 296.67079162597656
413.25091552734375 255.08767700195312 428.65478801727295 255.08767700195312 428.65478801727295 296.5595474243164 413.25091552734375 296.5595474243164
415.23651123046875 257.8667297363281 430.6354398727417 257.8667297363281 430.6354398727417 295.93737030029297 415.23651123046875 295.93737030029297
416.93310546875 257.94049072265625 432.90000343322754 257.94049072265625 432.90000343322754 296.7448425292969 416.93310546875 296.7448425292969
419.40753173828125 259.6496276855469 435.8305721282959 259.6496276855469 435.8305721282959 296.46927642822266 419.40753173828125 296.46927642822266
420.68438720703125 260.03314208984375 437.3756408691406 260.03314208984375 437.3756408691406 296.3052215576172 420.68438720703125 296.3052215576172
421.7644958496094 260.42755126953125 438.57653617858887 260.42755126953125 438.57653617858887 296.2730827331543 421.7644958496094 296.2730827331543
420.01812744140625 260.2781982421875 436.99740982055664 260.2781982421875 436.99740982055664 294.811954498291 420.01812744140625 294.811954498291
422.42919921875 261.4689636230469 439.84022331237793 261.4689636230469 439.84022331237793 295.0707778930664 422.42919921875 295.0707778930664
424.5811462402344 260.24334716796875 441.65629386901855 260.24334716796875 441.65629386901855 294.4055938720703 424.5811462402344 294.4055938720703
425.1297302246094 262.14337158203125 442.3285312652588 262.14337158203125 442.3285312652588 296.85057830810547 425.1297302246094 296.85057830810547
425.79595947265625 262.8707580566406 442.8803958892822 262.8707580566406 442.8803958892822 297.03413009643555 425.79595947265625 297.03413009643555
426.60577392578125 263.0951232910156 443.4272403717041 263.0951232910156 443.4272403717041 297.13383865356445 426.60577392578125 297.13383865356445
426.10711669921875 263.5300598144531 442.9048385620117 263.5300598144531 442.9048385620117 297.50133514404297 426.10711669921875 297.50133514404297
425.79620361328125 262.4937438964844 442.45953369140625 262.4937438964844 442.45953369140625 297.34468841552734 425.79620361328125 297.34468841552734
426.0674743652344 262.8760681152344 442.82500076293945 262.8760681152344 442.82500076293945 297.16210174560547 426.0674743652344 297.16210174560547
426.36431884765625 263.0961608886719 442.8892707824707 263.0961608886719 442.8892707824707 297.5666618347168 426.36431884765625 297.5666618347168
426.301025390625 263.17572021484375 442.9298667907715 263.17572021484375 442.9298667907715 297.3993453979492 426.301025390625 297.3993453979492
426.166015625 262.16485595703125 442.4103946685791 262.16485595703125 442.4103946685791 297.3079605102539 426.166015625 297.3079605102539
426.267333984375 262.6571960449219 442.5140743255615 262.6571960449219 442.5140743255615 296.92853927612305 426.267333984375 296.92853927612305
426.3981018066406 262.8839416503906 443.1216926574707 262.8839416503906 443.1216926574707 297.42650604248047 426.3981018066406 297.42650604248047
425.93878173828125 263.3782653808594 442.6922149658203 263.3782653808594 442.6922149658203 297.50439453125 425.93878173828125 297.50439453125
425.3094787597656 262.16265869140625 442.05267333984375 262.16265869140625 442.05267333984375 297.0160140991211 425.3094787597656 297.0160140991211
423.92315673828125 262.10980224609375 440.9769706726074 262.10980224609375 440.9769706726074 296.62548065185547 423.92315673828125 296.62548065185547
423.6888732910156 262.02215576171875 440.5866928100586 262.02215576171875 440.5866928100586 296.8828582763672 423.6888732910156 296.8828582763672
423.043701171875 260.60760498046875 440.04680252075195 260.60760498046875 440.04680252075195 295.9383544921875 423.043701171875 295.9383544921875
422.5038146972656 260.9583740234375 438.5137596130371 260.9583740234375 438.5137596130371 296.7014846801758 422.5038146972656 296.7014846801758
422.00811767578125 260.90093994140625 438.2899646759033 260.90093994140625 438.2899646759033 297.64640045166016 422.00811767578125 297.64640045166016
421.67926025390625 261.06268310546875 438.11060905456543 261.06268310546875 438.11060905456543 298.1693115234375 421.67926025390625 298.1693115234375
421.59283447265625 261.409912109375 438.1325569152832 261.409912109375 438.1325569152832 298.4843559265137 421.59283447265625 298.4843559265137
421.33746337890625 262.0602722167969 437.68960189819336 262.0602722167969 437.68960189819336 299.1690864562988 421.33746337890625 299.1690864562988
421.18426513671875 262.37738037109375 437.4812431335449 262.37738037109375 437.4812431335449 298.66455078125 421.18426513671875 298.66455078125
421.0774841308594 262.68304443359375 437.3975372314453 262.68304443359375 437.3975372314453 298.8583297729492 421.0774841308594 298.8583297729492
420.5843200683594 262.91485595703125 436.7016181945801 262.91485595703125 436.7016181945801 298.30470275878906 420.5843200683594 298.30470275878906
421.07904052734375 263.09490966796875 437.1953544616699 263.09490966796875 437.1953544616699 298.06311416625977 421.07904052734375 298.06311416625977
420.87384033203125 263.3080139160156 436.8064088821411 263.3080139160156 436.8064088821411 298.1020088195801 420.87384033203125 298.1020088195801
421.28204345703125 263.47247314453125 436.8151378631592 263.47247314453125 436.8151378631592 297.96077728271484 421.28204345703125 297.96077728271484
421.31207275390625 263.8201599121094 436.533935546875 263.8201599121094 436.533935546875 297.7290267944336 421.31207275390625 297.7290267944336
421.4056091308594 264.08807373046875 436.55810260772705 264.08807373046875 436.55810260772705 298.07788848876953 421.4056091308594 298.07788848876953
421.5723571777344 263.4735412597656 436.67543506622314 263.4735412597656 436.67543506622314 297.2401580810547 421.5723571777344 297.2401580810547
421.3724060058594 263.66851806640625 436.1644868850708 263.66851806640625 436.1644868850708 297.4981575012207 421.3724060058594 297.4981575012207
422.27301025390625 264.4256896972656 436.62357330322266 264.4256896972656 436.62357330322266 297.1628189086914 422.27301025390625 297.1628189086914
421.709716796875 264.17095947265625 436.19028186798096 264.17095947265625 436.19028186798096 296.7292900085449 421.709716796875 296.7292900085449
422.2220153808594 263.9774475097656 436.70820331573486 263.9774475097656 436.70820331573486 297.0637321472168 422.2220153808594 297.0637321472168
421.155517578125 264.0440979003906 435.6032257080078 264.0440979003906 435.6032257080078 297.1123847961426 421.155517578125 297.1123847961426
421.33966064453125 263.0852966308594 435.91394996643066 263.0852966308594 435.91394996643066 296.4111633300781 421.33966064453125 296.4111633300781
421.6002502441406 263.7160339355469 436.4236879348755 263.7160339355469 436.4236879348755 297.0187759399414 421.6002502441406 297.0187759399414
421.57305908203125 263.661376953125 436.20036792755127 263.661376953125 436.20036792755127 296.57538986206055 421.57305908203125 296.57538986206055
421.5811462402344 263.94622802734375 436.1430187225342 263.94622802734375 436.1430187225342 296.8273811340332 421.5811462402344 296.8273811340332
421.3924865722656 263.86444091796875 436.24060249328613 263.86444091796875 436.24060249328613 296.61426544189453 421.3924865722656 296.61426544189453
421.55584716796875 263.9384765625 436.1941890716553 263.9384765625 436.1941890716553 296.5803756713867 421.55584716796875 296.5803756713867
421.3626403808594 264.3041076660156 435.95919036865234 264.3041076660156 435.95919036865234 295.9942626953125 421.3626403808594 295.9942626953125
421.2330017089844 264.1658935546875 435.8179168701172 264.1658935546875 435.8179168701172 296.44937896728516 421.2330017089844 296.44937896728516
421.6095275878906 264.0628356933594 436.3541440963745 264.0628356933594 436.3541440963745 295.9234504699707 421.6095275878906 295.9234504699707
421.8699645996094 264.49566650390625 436.2411518096924 264.49566650390625 436.2411518096924 296.5351028442383 421.8699645996094 296.5351028442383
421.5296936035156 263.1805725097656 436.41943359375 263.1805725097656 436.41943359375 295.7209701538086 421.5296936035156 295.7209701538086
421.1246643066406 263.8313903808594 436.21386909484863 263.8313903808594 436.21386909484863 296.12744522094727 421.1246643066406 296.12744522094727
421.79803466796875 264.62945556640625 436.28089332580566 264.62945556640625 436.28089332580566 296.6088161468506 421.79803466796875 296.6088161468506
421.31744384765625 264.445068359375 436.19926929473877 264.445068359375 436.19926929473877 296.47021865844727 421.31744384765625 296.47021865844727
420.9622497558594 263.9388122558594 436.0019283294678 263.9388122558594 436.0019283294678 295.68865966796875 420.9622497558594 295.68865966796875
420.9146423339844 264.0030212402344 436.192156791687 264.0030212402344 436.192156791687 296.43126678466797 420.9146423339844 296.43126678466797
421.45660400390625 264.0794372558594 436.43970680236816 264.0794372558594 436.43970680236816 296.26025390625 421.45660400390625 296.26025390625
421.43511962890625 264.2706604003906 436.4713134765625 264.2706604003906 436.4713134765625 296.8177833557129 421.43511962890625 296.8177833557129
420.90179443359375 263.9993591308594 436.0724639892578 263.9993591308594 436.0724639892578 296.9609680175781 420.90179443359375 296.9609680175781
420.9561462402344 263.0863952636719 436.1637544631958 263.0863952636719 436.1637544631958 296.2385673522949 420.9561462402344 296.2385673522949
421.3160705566406 263.52069091796875 436.3329668045044 263.52069091796875 436.3329668045044 296.5266304016113 421.3160705566406 296.5266304016113
421.12158203125 263.59423828125 436.0076265335083 263.59423828125 436.0076265335083 296.6115188598633 421.12158203125 296.6115188598633
420.5453186035156 263.06512451171875 435.8818483352661 263.06512451171875 435.8818483352661 296.5155487060547 420.5453186035156 296.5155487060547
421.15228271484375 263.45013427734375 436.2925691604614 263.45013427734375 436.2925691604614 296.74662017822266 421.15228271484375 296.74662017822266
421.02459716796875 263.5455627441406 436.09433937072754 263.5455627441406 436.09433937072754 296.8671646118164 421.02459716796875 296.8671646118164
421.1934509277344 264.1526794433594 436.3790407180786 264.1526794433594 436.3790407180786 297.3740234375 421.1934509277344 297.3740234375
421.2100524902344 263.69085693359375 436.3267488479614 263.69085693359375 436.3267488479614 296.5385513305664 421.2100524902344 296.5385513305664
420.7052307128906 262.89501953125 435.9599332809448 262.89501953125 435.9599332809448 296.6233024597168 420.7052307128906 296.6233024597168
420.882080078125 264.3351135253906 435.9609069824219 264.3351135253906 435.9609069824219 297.04882049560547 420.882080078125 297.04882049560547
421.3707580566406 264.4437561035156 436.1290874481201 264.4437561035156 436.1290874481201 296.86590576171875 421.3707580566406 296.86590576171875
421.00738525390625 263.9296875 436.03706550598145 263.9296875 436.03706550598145 296.72866439819336 421.00738525390625 296.72866439819336
421.0018005371094 263.2909240722656 436.4362459182739 263.2909240722656 436.4362459182739 297.1417007446289 421.0018005371094 297.1417007446289
420.8863220214844 263.6600341796875 436.17821502685547 263.6600341796875 436.17821502685547 297.32146072387695 420.8863220214844 297.32146072387695
421.1539611816406 264.2240295410156 436.4635543823242 264.2240295410156 436.4635543823242 297.6002006530762 421.1539611816406 297.6002006530762
420.9913024902344 263.54034423828125 436.4409427642822 263.54034423828125 436.4409427642822 297.2745780944824 420.9913024902344 297.2745780944824
420.6200256347656 262.920654296875 436.2846555709839 262.920654296875 436.2846555709839 297.4556465148926 420.6200256347656 297.4556465148926
420.5658264160156 263.18670654296875 436.067271232605 263.18670654296875 436.067271232605 297.55399322509766 420.5658264160156 297.55399322509766
421.18853759765625 264.13665771484375 436.745005607605 264.13665771484375 436.745005607605 297.56204986572266 421.18853759765625 297.56204986572266
421.0313415527344 263.8851013183594 436.39326667785645 263.8851013183594 436.39326667785645 296.99384689331055 421.0313415527344 296.99384689331055
421.11932373046875 263.8768310546875 436.53002738952637 263.8768310546875 436.53002738952637 297.10066986083984 421.11932373046875 297.10066986083984
421.6869201660156 263.99359130859375 436.68654441833496 263.99359130859375 436.68654441833496 297.56167221069336 421.6869201660156 297.56167221069336
421.3590393066406 264.5389709472656 436.46091651916504 264.5389709472656 436.46091651916504 297.55782318115234 421.3590393066406 297.55782318115234
420.54656982421875 263.30084228515625 436.0710783004761 263.30084228515625 436.0710783004761 296.8094940185547 420.54656982421875 296.8094940185547
420.760009765625 263.3086853027344 436.4248905181885 263.3086853027344 436.4248905181885 297.03441619873047 420.760009765625 297.03441619873047
421.0227966308594 263.584716796875 436.70572662353516 263.584716796875 436.70572662353516 297.51778411865234 421.0227966308594 297.51778411865234
420.73004150390625 263.90069580078125 436.5890140533447 263.90069580078125 436.5890140533447 297.77869415283203 420.73004150390625 297.77869415283203
421.0955505371094 263.40228271484375 436.7301654815674 263.40228271484375 436.7301654815674 297.6865768432617 421.0955505371094 297.6865768432617
420.7578125 263.2711486816406 436.5114002227783 263.2711486816406 436.5114002227783 297.4533882141113 420.7578125 297.4533882141113
420.88360595703125 263.0241394042969 436.6793212890625 263.0241394042969 436.6793212890625 298.2160453796387 420.88360595703125 298.2160453796387
421.126220703125 262.8616638183594 436.60387897491455 262.8616638183594 436.60387897491455 297.8938980102539 421.126220703125 297.8938980102539
421.4129333496094 263.1168212890625 436.95388317108154 263.1168212890625 436.95388317108154 298.0363082885742 421.4129333496094 298.0363082885742
420.9498596191406 262.7113342285156 436.5565996170044 262.7113342285156 436.5565996170044 297.9072570800781 420.9498596191406 297.9072570800781
420.96954345703125 262.79022216796875 437.0281162261963 262.79022216796875 437.0281162261963 297.8137397766113 420.96954345703125 297.8137397766113
421.03350830078125 263.47100830078125 436.80108070373535 263.47100830078125 436.80108070373535 298.0763168334961 421.03350830078125 298.0763168334961
420.85614013671875 263.1910705566406 436.75848865509033 263.1910705566406 436.75848865509033 297.90456771850586 420.85614013671875 297.90456771850586
420.9503479003906 263.20263671875 436.624981880188 263.20263671875 436.624981880188 297.5905570983887 420.9503479003906 297.5905570983887
420.97479248046875 262.07586669921875 436.5913562774658 262.07586669921875 436.5913562774658 298.0475082397461 420.97479248046875 298.0475082397461
421.146240234375 263.24151611328125 436.90710735321045 263.24151611328125 436.90710735321045 297.81686782836914 421.146240234375 297.81686782836914
421.21258544921875 263.13214111328125 437.10643005371094 263.13214111328125 437.10643005371094 297.9244575500488 421.21258544921875 297.9244575500488
420.67559814453125 262.4027099609375 436.89996910095215 262.4027099609375 436.89996910095215 297.2972183227539 420.67559814453125 297.2972183227539
421.020751953125 262.33843994140625 437.1787815093994 262.33843994140625 437.1787815093994 297.67378997802734 421.020751953125 297.67378997802734
420.19384765625 261.90191650390625 436.5132179260254 261.90191650390625 436.5132179260254 296.7692565917969 420.19384765625 296.7692565917969
420.08447265625 261.9267578125 436.66627502441406 261.9267578125 436.66627502441406 296.8908920288086 420.08447265625 296.8908920288086
419.34027099609375 260.7316589355469 436.2081108093262 260.7316589355469 436.2081108093262 297.1610908508301 419.34027099609375 297.1610908508301
419.17926025390625 261.2055358886719 435.80924224853516 261.2055358886719 435.80924224853516 297.09664154052734 419.17926025390625 297.09664154052734
419.6507873535156 261.8993835449219 436.2054748535156 261.8993835449219 436.2054748535156 297.6472930908203 419.6507873535156 297.6472930908203
418.9405822753906 260.73822021484375 435.08819007873535 260.73822021484375 435.08819007873535 297.9247055053711 418.9405822753906 297.9247055053711
419.237060546875 261.7738037109375 435.461389541626 261.7738037109375 435.461389541626 298.15308380126953 419.237060546875 298.15308380126953
419.09521484375 262.2257995605469 435.07289600372314 262.2257995605469 435.07289600372314 298.04180908203125 419.09521484375 298.04180908203125
418.801513671875 261.99615478515625 434.6613187789917 261.99615478515625 434.6613187789917 297.84283447265625 418.801513671875 297.84283447265625
418.75537109375 262.95782470703125 434.6548185348511 262.95782470703125 434.6548185348511 297.5905113220215 418.75537109375 297.5905113220215
418.6224060058594 263.18084716796875 434.99202156066895 263.18084716796875 434.99202156066895 297.5861015319824 418.6224060058594 297.5861015319824
418.2794494628906 263.2070617675781 434.25754737854004 263.2070617675781 434.25754737854004 297.9127082824707 418.2794494628906 297.9127082824707
418.02215576171875 262.486572265625 434.5582389831543 262.486572265625 434.5582389831543 297.9330520629883 418.02215576171875 297.9330520629883
418.0367736816406 262.54583740234375 434.8381404876709 262.54583740234375 434.8381404876709 297.8597602844238 418.0367736816406 297.8597602844238
418.2060546875 263.37542724609375 434.34290313720703 263.37542724609375 434.34290313720703 298.09058380126953 418.2060546875 298.09058380126953
418.6128845214844 263.56402587890625 435.1275157928467 263.56402587890625 435.1275157928467 297.86840057373047 418.6128845214844 297.86840057373047
418.8785095214844 262.447265625 435.8133544921875 262.447265625 435.8133544921875 297.191837310791 418.8785095214844 297.191837310791
419.7884826660156 261.40283203125 436.9497413635254 261.40283203125 436.9497413635254 296.9670600891113 419.7884826660156 296.9670600891113
420.4790954589844 261.5202941894531 437.55463790893555 261.5202941894531 437.55463790893555 296.7875862121582 420.4790954589844 296.7875862121582
420.8470764160156 262.28643798828125 437.78529167175293 262.28643798828125 437.78529167175293 297.16663360595703 420.8470764160156 297.16663360595703
421.37188720703125 261.0603942871094 438.42124938964844 261.0603942871094 438.42124938964844 297.16126251220703 421.37188720703125 297.16126251220703
422.0257873535156 262.0413513183594 439.33827018737793 262.0413513183594 439.33827018737793 296.73563385009766 422.0257873535156 296.73563385009766
423.2294006347656 262.437744140625 440.32389640808105 262.437744140625 440.32389640808105 297.4616584777832 423.2294006347656 297.4616584777832
423.33856201171875 261.8598327636719 440.2335968017578 261.8598327636719 440.2335968017578 297.0698928833008 423.33856201171875 297.0698928833008
423.84014892578125 261.9133605957031 440.2661590576172 261.9133605957031 440.2661590576172 296.82816314697266 423.84014892578125 296.82816314697266
424.0048828125 262.95953369140625 440.5412292480469 262.95953369140625 440.5412292480469 296.9580879211426 424.0048828125 296.9580879211426
424.0428161621094 263.77154541015625 440.74269676208496 263.77154541015625 440.74269676208496 297.5564727783203 424.0428161621094 297.5564727783203
424.6539611816406 262.9399719238281 441.20030784606934 262.9399719238281 441.20030784606934 297.7117233276367 424.6539611816406 297.7117233276367
424.71246337890625 262.86676025390625 440.89019775390625 262.86676025390625 440.89019775390625 297.40768814086914 424.71246337890625 297.40768814086914
425.0089416503906 263.484375 440.88191413879395 263.484375 440.88191413879395 297.40913009643555 425.0089416503906 297.40913009643555
425.219482421875 263.3497009277344 441.1390104293823 263.3497009277344 441.1390104293823 297.43421173095703 425.219482421875 297.43421173095703
425.35650634765625 263.4734802246094 441.1502103805542 263.4734802246094 441.1502103805542 297.7560043334961 425.35650634765625 297.7560043334961
424.64691162109375 263.2790222167969 440.77880477905273 263.2790222167969 440.77880477905273 297.7348289489746 424.64691162109375 297.7348289489746
424.7647399902344 262.3502502441406 441.6041145324707 262.3502502441406 441.6041145324707 297.5729560852051 424.7647399902344 297.5729560852051
424.12237548828125 262.9748229980469 441.34938049316406 262.9748229980469 441.34938049316406 298.32052993774414 424.12237548828125 298.32052993774414
423.75286865234375 262.7765197753906 441.4158420562744 262.7765197753906 441.4158420562744 298.3737602233887 423.75286865234375 298.3737602233887
422.63458251953125 261.9424133300781 440.38014221191406 261.9424133300781 440.38014221191406 298.16654205322266 422.63458251953125 298.16654205322266
422.37353515625 260.8413391113281 439.7333183288574 260.8413391113281 439.7333183288574 296.9854049682617 422.37353515625 296.9854049682617
421.83544921875 260.9201354980469 439.12529373168945 260.9201354980469 439.12529373168945 297.11877822875977 421.83544921875 297.11877822875977
420.62860107421875 260.6748962402344 438.42142486572266 260.6748962402344 438.42142486572266 296.9807319641113 420.62860107421875 296.9807319641113
420.51513671875 262.20416259765625 437.63466453552246 262.20416259765625 437.63466453552246 297.48763275146484 420.51513671875 297.48763275146484
420.29833984375 261.4085998535156 437.25868034362793 261.4085998535156 437.25868034362793 297.2355422973633 420.29833984375 297.2355422973633
420.2383728027344 262.0496520996094 437.2173366546631 262.0496520996094 437.2173366546631 297.72265625 420.2383728027344 297.72265625
420.365234375 261.96063232421875 436.9285831451416 261.96063232421875 436.9285831451416 297.7827262878418 420.365234375 297.7827262878418
420.12109375 262.82659912109375 436.48337745666504 262.82659912109375 436.48337745666504 297.69261932373047 420.12109375 297.69261932373047
419.88800048828125 262.98052978515625 436.20331954956055 262.98052978515625 436.20331954956055 297.7427291870117 419.88800048828125 297.7427291870117
419.74945068359375 263.032958984375 435.79933166503906 263.032958984375 435.79933166503906 297.5672378540039 419.74945068359375 297.5672378540039
420.11944580078125 263.632080078125 435.9491729736328 263.632080078125 435.9491729736328 297.64960861206055 420.11944580078125 297.64960861206055
420.0491638183594 262.6712341308594 436.0944309234619 262.6712341308594 436.0944309234619 297.73934173583984 420.0491638183594 297.73934173583984
419.80322265625 263.0557861328125 435.9715461730957 263.0557861328125 435.9715461730957 297.2810592651367 419.80322265625 297.2810592651367
419.829345703125 262.95367431640625 435.772985458374 262.95367431640625 435.772985458374 298.01545333862305 419.829345703125 298.01545333862305
420.36517333984375 263.7377624511719 436.03717041015625 263.7377624511719 436.03717041015625 298.3131866455078 420.36517333984375 298.3131866455078
419.78314208984375 263.39398193359375 435.5458679199219 263.39398193359375 435.5458679199219 297.81995010375977 419.78314208984375 297.81995010375977
419.5829162597656 262.4980773925781 435.6698246002197 262.4980773925781 435.6698246002197 297.3487777709961 419.5829162597656 297.3487777709961
419.3041076660156 263.0121154785156 434.72672748565674 263.0121154785156 434.72672748565674 297.79758071899414 419.3041076660156 297.79758071899414
419.8519592285156 263.7741394042969 435.49299335479736 263.7741394042969 435.49299335479736 298.3013038635254 419.8519592285156 298.3013038635254
419.94073486328125 263.6581115722656 435.56293201446533 263.6581115722656 435.56293201446533 297.4881896972656 419.94073486328125 297.4881896972656
419.60723876953125 262.52545166015625 435.29878997802734 262.52545166015625 435.29878997802734 297.0482521057129 419.60723876953125 297.0482521057129
419.71063232421875 263.03680419921875 435.22290325164795 263.03680419921875 435.22290325164795 296.6976203918457 419.71063232421875 296.6976203918457
419.850341796875 263.95074462890625 435.27323722839355 263.95074462890625 435.27323722839355 297.5870170593262 419.850341796875 297.5870170593262
420.52093505859375 263.4681396484375 436.08810901641846 263.4681396484375 436.08810901641846 297.1352233886719 420.52093505859375 297.1352233886719
419.71124267578125 262.84735107421875 435.34691619873047 262.84735107421875 435.34691619873047 296.81412506103516 419.71124267578125 296.81412506103516
419.67401123046875 262.92462158203125 435.44813537597656 262.92462158203125 435.44813537597656 296.7466354370117 419.67401123046875 296.7466354370117
420.18841552734375 263.9374084472656 435.7875928878784 263.9374084472656 435.7875928878784 297.71496963500977 420.18841552734375 297.71496963500977
420.2294006347656 263.8233947753906 435.9667797088623 263.8233947753906 435.9667797088623 297.51379013061523 420.2294006347656 297.51379013061523
420.2959899902344 263.3719482421875 436.19105529785156 263.3719482421875 436.19105529785156 297.11670684814453 420.2959899902344 297.11670684814453
419.672607421875 263.44866943359375 435.36313343048096 263.44866943359375 435.36313343048096 297.02930068969727 419.672607421875 297.02930068969727
419.84295654296875 264.40057373046875 435.326379776001 264.40057373046875 435.326379776001 297.84020614624023 419.84295654296875 297.84020614624023
420.0164489746094 264.060302734375 435.3643980026245 264.060302734375 435.3643980026245 297.5765571594238 420.0164489746094 297.5765571594238
419.36016845703125 262.6272888183594 435.14204597473145 262.6272888183594 435.14204597473145 297.8388557434082 419.36016845703125 297.8388557434082
419.5640563964844 264.24853515625 435.38338470458984 264.24853515625 435.38338470458984 297.93213653564453 419.5640563964844 297.93213653564453
420.1865234375 264.90350341796875 436.1276111602783 264.90350341796875 436.1276111602783 298.1094665527344 420.1865234375 298.1094665527344
420.0230407714844 263.5806884765625 435.68565368652344 263.5806884765625 435.68565368652344 297.5235176086426 420.0230407714844 297.5235176086426
419.9697265625 263.4308166503906 435.84290599823 263.4308166503906 435.84290599823 297.9717712402344 419.9697265625 297.9717712402344
419.40777587890625 263.0063781738281 435.1658706665039 263.0063781738281 435.1658706665039 297.8409843444824 419.40777587890625 297.8409843444824
419.94671630859375 264.2240905761719 435.4076442718506 264.2240905761719 435.4076442718506 297.95307540893555 419.94671630859375 297.95307540893555
419.8816833496094 263.97296142578125 435.840313911438 263.97296142578125 435.840313911438 297.7944564819336 419.8816833496094 297.7944564819336
419.48614501953125 263.0046081542969 435.8129119873047 263.0046081542969 435.8129119873047 297.63239669799805 419.48614501953125 297.63239669799805
419.4869689941406 263.2763366699219 435.2554759979248 263.2763366699219 435.2554759979248 297.8601379394531 419.4869689941406 297.8601379394531
420.05731201171875 262.27642822265625 436.017614364624 262.27642822265625 436.017614364624 298.62109375 420.05731201171875 298.62109375
419.843017578125 263.63812255859375 435.69765281677246 263.63812255859375 435.69765281677246 297.5836601257324 419.843017578125 297.5836601257324
419.5221252441406 262.8310241699219 435.6118564605713 262.8310241699219 435.6118564605713 297.58077239990234 419.5221252441406 297.58077239990234
419.43804931640625 262.6848449707031 435.2781114578247 262.6848449707031 435.2781114578247 297.50305938720703 419.43804931640625 297.50305938720703
420.0316467285156 264.144775390625 435.56403636932373 264.144775390625 435.56403636932373 297.77095794677734 420.0316467285156 297.77095794677734
419.56671142578125 263.60540771484375 435.4935703277588 263.60540771484375 435.4935703277588 297.97596740722656 419.56671142578125 297.97596740722656
419.55926513671875 263.2939453125 435.6534671783447 263.2939453125 435.6534671783447 297.708797454834 419.55926513671875 297.708797454834
419.57513427734375 263.08673095703125 436.0088863372803 263.08673095703125 436.0088863372803 297.3641929626465 419.57513427734375 297.3641929626465
419.6416931152344 264.22039794921875 435.31180572509766 264.22039794921875 435.31180572509766 298.16387939453125 419.6416931152344 298.16387939453125
419.80224609375 264.1341247558594 435.88491439819336 264.1341247558594 435.88491439819336 298.1292953491211 419.80224609375 298.1292953491211
419.8033752441406 263.1366271972656 435.7947006225586 263.1366271972656 435.7947006225586 297.618595123291 419.8033752441406 297.618595123291
419.50543212890625 263.27227783203125 435.7368450164795 263.27227783203125 435.7368450164795 297.56690216064453 419.50543212890625 297.56690216064453
419.4814453125 263.94378662109375 435.004282951355 263.94378662109375 435.004282951355 298.0520935058594 419.4814453125 298.0520935058594
419.6619567871094 263.481689453125 435.7727966308594 263.481689453125 435.7727966308594 297.80814361572266 419.6619567871094 297.80814361572266
419.3844299316406 263.12994384765625 435.33153343200684 263.12994384765625 435.33153343200684 297.4365425109863 419.3844299316406 297.4365425109863
419.588134765625 262.9059143066406 435.579439163208 262.9059143066406 435.579439163208 297.17501068115234 419.588134765625 297.17501068115234
419.724609375 264.0254211425781 435.5362501144409 264.0254211425781 435.5362501144409 297.9124183654785 419.724609375 297.9124183654785
419.546875 264.1749267578125 435.28442573547363 264.1749267578125 435.28442573547363 297.9681854248047 419.546875 297.9681854248047
419.47320556640625 263.1912536621094 435.37044048309326 263.1912536621094 435.37044048309326 297.66032791137695 419.47320556640625 297.66032791137695
419.4319763183594 262.7632751464844 435.2134428024292 262.7632751464844 435.2134428024292 297.64330291748047 419.4319763183594 297.64330291748047
419.48309326171875 263.98876953125 435.0661144256592 263.98876953125 435.0661144256592 298.1495475769043 419.48309326171875 298.1495475769043
419.6102600097656 264.00946044921875 435.8777084350586 264.00946044921875 435.8777084350586 297.93580627441406 419.6102600097656 297.93580627441406
419.3605041503906 262.86712646484375 435.41589546203613 262.86712646484375 435.41589546203613 297.4532585144043 419.3605041503906 297.4532585144043
419.15972900390625 263.3244323730469 435.2924213409424 263.3244323730469 435.2924213409424 297.6560173034668 419.15972900390625 297.6560173034668
419.711669921875 263.6819763183594 435.44166564941406 263.6819763183594 435.44166564941406 297.3417320251465 419.711669921875 297.3417320251465
419.7106018066406 263.9679260253906 435.7945671081543 263.9679260253906 435.7945671081543 297.99488067626953 419.7106018066406 297.99488067626953
419.5874938964844 262.9598388671875 435.68359756469727 262.9598388671875 435.68359756469727 297.4168014526367 419.5874938964844 297.4168014526367
419.2967834472656 263.04888916015625 435.30385971069336 263.04888916015625 435.30385971069336 297.49802017211914 419.2967834472656 297.49802017211914
419.9252014160156 263.71588134765625 435.76716804504395 263.71588134765625 435.76716804504395 297.7329902648926 419.9252014160156 297.7329902648926
420.14495849609375 263.37933349609375 436.31116104125977 263.37933349609375 436.31116104125977 297.83496856689453 420.14495849609375 297.83496856689453
419.51123046875 262.62384033203125 435.644832611084 262.62384033203125 435.644832611084 297.3074150085449 419.51123046875 297.3074150085449
419.2452697753906 263.46923828125 435.3636837005615 263.46923828125 435.3636837005615 297.99280548095703 419.2452697753906 297.99280548095703
419.3092346191406 263.7970275878906 435.33564376831055 263.7970275878906 435.33564376831055 298.12480545043945 419.3092346191406 298.12480545043945
419.55975341796875 263.6884765625 435.6963233947754 263.6884765625 435.6963233947754 297.9619903564453 419.55975341796875 297.9619903564453
419.35369873046875 263.3511047363281 435.6630668640137 263.3511047363281 435.6630668640137 297.7803535461426 419.35369873046875 297.7803535461426
419.55218505859375 262.1024169921875 436.1736030578613 262.1024169921875 436.1736030578613 297.82381439208984 419.55218505859375 297.82381439208984
419.6285095214844 262.31500244140625 436.61452865600586 262.31500244140625 436.61452865600586 297.81253814697266 419.6285095214844 297.81253814697266
420.10040283203125 261.3004455566406 436.7834701538086 261.3004455566406 436.7834701538086 298.34479904174805 420.10040283203125 298.34479904174805
419.9947204589844 261.5418701171875 437.30832862854004 261.5418701171875 437.30832862854004 297.6239318847656 419.9947204589844 297.6239318847656
420.976318359375 261.41790771484375 438.64349365234375 261.41790771484375 438.64349365234375 297.08747482299805 420.976318359375 297.08747482299805
420.87176513671875 260.02984619140625 438.57284927368164 260.02984619140625 438.57284927368164 297.5464172363281 420.87176513671875 297.5464172363281
421.95263671875 260.2178955078125 440.4253787994385 260.2178955078125 440.4253787994385 297.28160095214844 421.95263671875 297.28160095214844
422.301513671875 259.9249572753906 440.77505111694336 259.9249572753906 440.77505111694336 296.40981674194336 422.301513671875 296.40981674194336
423.74285888671875 261.3798828125 442.3884086608887 261.3798828125 442.3884086608887 297.12375259399414 423.74285888671875 297.12375259399414
424.7149353027344 260.8204040527344 442.72431564331055 260.8204040527344 442.72431564331055 297.4912910461426 424.7149353027344 297.4912910461426
425.1390686035156 260.827392578125 442.8892421722412 260.827392578125 442.8892421722412 298.3859405517578 425.1390686035156 298.3859405517578
425.77276611328125 260.5054931640625 443.72899055480957 260.5054931640625 443.72899055480957 298.2573661804199 425.77276611328125 298.2573661804199
426.2583923339844 261.642333984375 443.3721351623535 261.642333984375 443.3721351623535 298.1921501159668 426.2583923339844 298.1921501159668
426.65069580078125 261.16412353515625 443.92845726013184 261.16412353515625 443.92845726013184 297.837459564209 426.65069580078125 297.837459564209
426.59832763671875 261.4705810546875 444.20844078063965 261.4705810546875 444.20844078063965 298.1205825805664 426.59832763671875 298.1205825805664
427.0594177246094 260.5389709472656 443.9598331451416 260.5389709472656 443.9598331451416 297.1487693786621 427.0594177246094 297.1487693786621
427.5621643066406 261.2867736816406 444.3008613586426 261.2867736816406 444.3008613586426 297.10289001464844 427.5621643066406 297.10289001464844
427.47418212890625 260.94140625 444.0789279937744 260.94140625 444.0789279937744 296.9728775024414 427.47418212890625 296.9728775024414
427.44287109375 259.7835998535156 443.73276138305664 259.7835998535156 443.73276138305664 296.9983940124512 427.44287109375 296.9983940124512
427.47454833984375 260.83050537109375 443.84924697875977 260.83050537109375 443.84924697875977 297.3534126281738 427.47454833984375 297.3534126281738
427.5931091308594 261.6639709472656 444.0397758483887 261.6639709472656 444.0397758483887 297.5587348937988 427.5931091308594 297.5587348937988
427.553466796875 260.8508605957031 444.248987197876 260.8508605957031 444.248987197876 297.59236907958984 427.553466796875 297.59236907958984
427.80401611328125 260.50048828125 444.84875106811523 260.50048828125 444.84875106811523 297.11829376220703 427.80401611328125 297.11829376220703
427.4522399902344 261.2581787109375 444.0580196380615 261.2581787109375 444.0580196380615 297.4006881713867 427.4522399902344 297.4006881713867
427.4927673339844 259.9171142578125 444.2833003997803 259.9171142578125 444.2833003997803 296.95055389404297 427.4927673339844 296.95055389404297
427.2276306152344 259.9600524902344 444.0868625640869 259.9600524902344 444.0868625640869 296.926815032959 427.2276306152344 296.926815032959
426.4056701660156 258.9336853027344 443.1709327697754 258.9336853027344 443.1709327697754 296.66490936279297 426.4056701660156 296.66490936279297
425.6495056152344 259.28302001953125 442.87716484069824 259.28302001953125 442.87716484069824 296.3785057067871 425.6495056152344 296.3785057067871
424.05401611328125 258.72503662109375 441.68410873413086 258.72503662109375 441.68410873413086 296.11370849609375 424.05401611328125 296.11370849609375
423.0296936035156 259.05615234375 440.4849739074707 259.05615234375 440.4849739074707 296.0327911376953 423.0296936035156 296.0327911376953
421.823486328125 260.2225646972656 439.7963752746582 260.2225646972656 439.7963752746582 296.86312103271484 421.823486328125 296.86312103271484
421.6542053222656 261.06878662109375 439.03992080688477 261.06878662109375 439.03992080688477 298.01947021484375 421.6542053222656 298.01947021484375
420.636962890625 261.3568420410156 437.9397373199463 261.3568420410156 437.9397373199463 297.73344802856445 420.636962890625 297.73344802856445
420.4114685058594 262.15155029296875 437.60132217407227 262.15155029296875 437.60132217407227 298.6625099182129 420.4114685058594 298.6625099182129
420.4990234375 261.83782958984375 436.95239448547363 261.83782958984375 436.95239448547363 297.8637466430664 420.4990234375 297.8637466430664
420.71630859375 262.02899169921875 437.5472717285156 262.02899169921875 437.5472717285156 298.5884666442871 420.71630859375 298.5884666442871
420.4217224121094 262.5004577636719 437.0721855163574 262.5004577636719 437.0721855163574 298.2318420410156 420.4217224121094 298.2318420410156
419.9596252441406 263.5321044921875 436.3518123626709 263.5321044921875 436.3518123626709 298.23925018310547 419.9596252441406 298.23925018310547
420.20928955078125 262.4162902832031 436.18277740478516 262.4162902832031 436.18277740478516 298.2288246154785 420.20928955078125 298.2288246154785
420.45294189453125 262.27130126953125 436.81052589416504 262.27130126953125 436.81052589416504 298.66192626953125 420.45294189453125 298.66192626953125
420.92352294921875 261.4912109375 437.19646644592285 261.4912109375 437.19646644592285 297.6822204589844 420.92352294921875 297.6822204589844
421.25372314453125 262.4791564941406 438.17156982421875 262.4791564941406 438.17156982421875 298.48751068115234 421.25372314453125 298.48751068115234
421.39727783203125 261.574462890625 438.5160713195801 261.574462890625 438.5160713195801 297.3936347961426 421.39727783203125 297.3936347961426
422.118408203125 260.6666564941406 439.1276054382324 260.6666564941406 439.1276054382324 296.13698959350586 422.118408203125 296.13698959350586
422.4125061035156 260.979248046875 439.57194900512695 260.979248046875 439.57194900512695 296.14049530029297 422.4125061035156 296.14049530029297
423.31072998046875 261.5834045410156 440.64175033569336 261.5834045410156 440.64175033569336 296.12464141845703 423.31072998046875 296.12464141845703
423.81402587890625 261.4176025390625 441.72813606262207 261.4176025390625 441.72813606262207 296.37562561035156 423.81402587890625 296.37562561035156
424.73907470703125 261.8611145019531 442.1670265197754 261.8611145019531 442.1670265197754 296.7456970214844 424.73907470703125 296.7456970214844
425.86041259765625 263.2725830078125 443.1517028808594 263.2725830078125 443.1517028808594 297.28759384155273 425.86041259765625 297.28759384155273
425.97235107421875 261.5807189941406 443.03396224975586 261.5807189941406 443.03396224975586 297.1387710571289 425.97235107421875 297.1387710571289
425.70013427734375 261.7979431152344 442.9981441497803 261.7979431152344 442.9981441497803 297.32190322875977 425.70013427734375 297.32190322875977
426.7027282714844 262.45172119140625 443.37791442871094 262.45172119140625 443.37791442871094 297.5862579345703 426.7027282714844 297.5862579345703
426.595703125 262.32086181640625 443.5236110687256 262.32086181640625 443.5236110687256 297.8001518249512 426.595703125 297.8001518249512
426.96856689453125 262.6069641113281 443.7139663696289 262.6069641113281 443.7139663696289 298.0612983703613 426.96856689453125 298.0612983703613
426.75701904296875 262.1178283691406 443.3151378631592 262.1178283691406 443.3151378631592 298.10415267944336 426.75701904296875 298.10415267944336
427.0182189941406 262.85052490234375 443.8351078033447 262.85052490234375 443.8351078033447 298.6667022705078 427.0182189941406 298.6667022705078
427.04815673828125 263.0042419433594 444.00007247924805 263.0042419433594 444.00007247924805 298.3725280761719 427.04815673828125 298.3725280761719
426.96087646484375 262.6470947265625 443.723876953125 262.6470947265625 443.723876953125 298.3804931640625 426.96087646484375 298.3804931640625
426.91961669921875 262.7767028808594 443.54656410217285 262.7767028808594 443.54656410217285 298.62551498413086 426.91961669921875 298.62551498413086
426.58099365234375 262.473876953125 443.4234848022461 262.473876953125 443.4234848022461 297.9660530090332 426.58099365234375 297.9660530090332
426.03533935546875 261.82342529296875 443.0625820159912 261.82342529296875 443.0625820159912 297.5792541503906 426.03533935546875 297.5792541503906
425.7933654785156 261.54888916015625 442.7796058654785 261.54888916015625 442.7796058654785 297.1978530883789 425.7933654785156 297.1978530883789
425.4718322753906 261.11578369140625 442.26379013061523 261.11578369140625 442.26379013061523 297.42646408081055 425.4718322753906 297.42646408081055
424.94476318359375 260.3251037597656 441.7300224304199 260.3251037597656 441.7300224304199 296.6884078979492 424.94476318359375 296.6884078979492
424.6006774902344 260.6749572753906 441.3358917236328 260.6749572753906 441.3358917236328 297.3486328125 424.6006774902344 297.3486328125
424.2181091308594 260.94927978515625 440.664213180542 260.94927978515625 440.664213180542 297.0210952758789 424.2181091308594 297.0210952758789
423.903076171875 261.43438720703125 440.3588752746582 261.43438720703125 440.3588752746582 297.5541648864746 423.903076171875 297.5541648864746
423.47119140625 261.0345764160156 439.5290069580078 261.0345764160156 439.5290069580078 296.88843536376953 423.47119140625 296.88843536376953
423.18310546875 261.6617431640625 439.4957084655762 261.6617431640625 439.4957084655762 297.9832229614258 423.18310546875 297.9832229614258
423.22418212890625 262.3117980957031 439.3660888671875 262.3117980957031 439.3660888671875 297.7015151977539 423.22418212890625 297.7015151977539
423.10150146484375 262.6089172363281 439.0594177246094 262.6089172363281 439.0594177246094 297.9714660644531 423.10150146484375 297.9714660644531
422.86517333984375 262.1617736816406 438.46046447753906 262.1617736816406 438.46046447753906 297.2275695800781 422.86517333984375 297.2275695800781
422.9638671875 262.478271484375 438.4607696533203 262.478271484375 438.4607696533203 297.5226516723633 422.9638671875 297.5226516723633
423.11480712890625 263.0618591308594 438.9186067581177 263.0618591308594 438.9186067581177 297.91747665405273 423.11480712890625 297.91747665405273
423.06427001953125 262.75537109375 438.5008487701416 262.75537109375 438.5008487701416 298.2789611816406 423.06427001953125 298.2789611816406
422.95806884765625 262.6151428222656 438.13616466522217 262.6151428222656 438.13616466522217 297.5497512817383 422.95806884765625 297.5497512817383
423.01739501953125 263.16497802734375 438.56361961364746 263.16497802734375 438.56361961364746 297.3334732055664 423.01739501953125 297.3334732055664
422.53814697265625 263.6883239746094 438.2875919342041 263.6883239746094 438.2875919342041 297.5240364074707 422.53814697265625 297.5240364074707
422.823486328125 263.77801513671875 438.65781593322754 263.77801513671875 438.65781593322754 298.04613494873047 422.823486328125 298.04613494873047
422.7228088378906 263.28387451171875 438.3621244430542 263.28387451171875 438.3621244430542 297.8886260986328 422.7228088378906 297.8886260986328
422.8311462402344 263.10748291015625 438.4421510696411 263.10748291015625 438.4421510696411 297.75241470336914 422.8311462402344 297.75241470336914
422.555419921875 263.43072509765625 438.3370819091797 263.43072509765625 438.3370819091797 297.8333969116211 422.555419921875 297.8333969116211
422.73681640625 262.7570495605469 438.5107116699219 262.7570495605469 438.5107116699219 297.1389846801758 422.73681640625 297.1389846801758
422.92608642578125 263.44561767578125 438.42335987091064 263.44561767578125 438.42335987091064 297.4706115722656 422.92608642578125 297.4706115722656
422.9073791503906 263.29779052734375 438.5281114578247 263.29779052734375 438.5281114578247 297.4623832702637 422.9073791503906 297.4623832702637
422.4491271972656 263.9278259277344 438.2189083099365 263.9278259277344 438.2189083099365 298.2946968078613 422.4491271972656 298.2946968078613
422.563232421875 263.4917297363281 438.43228912353516 263.4917297363281 438.43228912353516 297.7109184265137 422.563232421875 297.7109184265137
422.732421875 263.11041259765625 438.41565990448 263.11041259765625 438.41565990448 297.4845199584961 422.732421875 297.4845199584961
422.78302001953125 263.801513671875 438.50084114074707 263.801513671875 438.50084114074707 298.0385055541992 422.78302001953125 298.0385055541992
422.52630615234375 261.3009338378906 438.9007263183594 261.3009338378906 438.9007263183594 298.5506248474121 422.52630615234375 298.5506248474121
423.0777893066406 263.0626525878906 438.7449998855591 263.0626525878906 438.7449998855591 297.5633010864258 423.0777893066406 297.5633010864258
422.89794921875 263.371826171875 438.34070587158203 263.371826171875 438.34070587158203 297.50444412231445 422.89794921875 297.50444412231445
422.84173583984375 261.57489013671875 438.8992614746094 261.57489013671875 438.8992614746094 298.5304946899414 422.84173583984375 298.5304946899414
422.64654541015625 263.4352111816406 438.5742826461792 263.4352111816406 438.5742826461792 297.98561096191406 422.64654541015625 297.98561096191406
422.0181579589844 260.70123291015625 438.6277103424072 260.70123291015625 438.6277103424072 298.9488525390625 422.0181579589844 298.9488525390625
422.71942138671875 260.7052917480469 439.1804599761963 260.7052917480469 439.1804599761963 299.00127029418945 422.71942138671875 299.00127029418945
422.60321044921875 258.60467529296875 439.4348487854004 258.60467529296875 439.4348487854004 299.4321632385254 422.60321044921875 299.4321632385254
422.9857482910156 261.0619812011719 439.45818519592285 261.0619812011719 439.45818519592285 298.9870300292969 422.9857482910156 298.9870300292969
422.48040771484375 263.0408630371094 438.5510997772217 263.0408630371094 438.5510997772217 297.68134689331055 422.48040771484375 297.68134689331055
423.072998046875 261.26092529296875 439.407772064209 261.26092529296875 439.407772064209 298.5136299133301 423.072998046875 298.5136299133301
423.25701904296875 263.23638916015625 438.8340196609497 263.23638916015625 438.8340196609497 297.97830963134766 423.25701904296875 297.97830963134766
422.90411376953125 262.4439392089844 438.4007968902588 262.4439392089844 438.4007968902588 298.01683807373047 422.90411376953125 298.01683807373047
422.7042541503906 258.4490051269531 439.898681640625 258.4490051269531 439.898681640625 299.67664337158203 422.7042541503906 299.67664337158203
422.3401794433594 261.3905944824219 438.9162082672119 261.3905944824219 438.9162082672119 299.28299713134766 422.3401794433594 299.28299713134766
423.33392333984375 258.85198974609375 439.98627281188965 258.85198974609375 439.98627281188965 299.3170700073242 423.33392333984375 299.3170700073242
423.00421142578125 261.2611389160156 439.4035587310791 261.2611389160156 439.4035587310791 299.08971405029297 423.00421142578125 299.08971405029297
422.83428955078125 262.8151550292969 439.0864067077637 262.8151550292969 439.0864067077637 297.87137603759766 422.83428955078125 297.87137603759766
422.3158264160156 260.784912109375 438.7286491394043 260.784912109375 438.7286491394043 298.46312713623047 422.3158264160156 298.46312713623047
422.75494384765625 258.75030517578125 439.31078147888184 258.75030517578125 439.31078147888184 299.3941230773926 422.75494384765625 299.3941230773926
422.80450439453125 263.1964416503906 438.626012802124 263.1964416503906 438.626012802124 297.9005661010742 422.80450439453125 297.9005661010742
423.13946533203125 258.9632263183594 439.91713523864746 258.9632263183594 439.91713523864746 299.1416206359863 423.13946533203125 299.1416206359863
423.3084411621094 258.77581787109375 440.06424140930176 258.77581787109375 440.06424140930176 299.19457244873047 423.3084411621094 299.19457244873047
423.2149963378906 257.18572998046875 440.33870124816895 257.18572998046875 440.33870124816895 300.5219306945801 423.2149963378906 300.5219306945801
422.8134765625 263.39422607421875 438.66553020477295 263.39422607421875 438.66553020477295 297.97310638427734 422.8134765625 297.97310638427734
422.69757080078125 260.3959655761719 439.0334701538086 260.3959655761719 439.0334701538086 298.26525115966797 422.69757080078125 298.26525115966797
423.0868225097656 261.3891296386719 439.3574676513672 261.3891296386719 439.3574676513672 298.850830078125 423.0868225097656 298.850830078125
422.7499084472656 259.0814208984375 438.93896102905273 259.0814208984375 438.93896102905273 298.7705993652344 422.7499084472656 298.7705993652344
423.095458984375 262.9166564941406 438.60161781311035 262.9166564941406 438.60161781311035 297.5306625366211 423.095458984375 297.5306625366211
422.9754333496094 262.53997802734375 438.7549467086792 262.53997802734375 438.7549467086792 297.1859588623047 422.9754333496094 297.1859588623047
422.9772033691406 262.66864013671875 438.60331439971924 262.66864013671875 438.60331439971924 297.2734794616699 422.9772033691406 297.2734794616699
423.0747985839844 260.9767150878906 438.59657287597656 260.9767150878906 438.59657287597656 298.01800537109375 423.0747985839844 298.01800537109375
423.1046447753906 263.3871154785156 438.52100944519043 263.3871154785156 438.52100944519043 297.4540328979492 423.1046447753906 297.4540328979492
423.0 262.5884094238281 438.4450855255127 262.5884094238281 438.4450855255127 297.33065032958984 423.0 297.33065032958984
423.409423828125 262.9766845703125 438.72347259521484 262.9766845703125 438.72347259521484 297.25960540771484 423.409423828125 297.25960540771484
423.0484924316406 263.231201171875 438.1785020828247 263.231201171875 438.1785020828247 297.77892303466797 423.0484924316406 297.77892303466797
423.072265625 263.47076416015625 438.5180616378784 263.47076416015625 438.5180616378784 297.6330108642578 423.072265625 297.6330108642578
423.20166015625 262.27642822265625 438.66840076446533 262.27642822265625 438.66840076446533 296.95459747314453 423.20166015625 296.95459747314453
423.1844177246094 262.49749755859375 438.46497535705566 262.49749755859375 438.46497535705566 297.3085708618164 423.1844177246094 297.3085708618164
423.1180114746094 262.75030517578125 438.3596363067627 262.75030517578125 438.3596363067627 297.447452545166 423.1180114746094 297.447452545166
422.85565185546875 262.8416748046875 438.4751567840576 262.8416748046875 438.4751567840576 297.6756362915039 422.85565185546875 297.6756362915039
423.2186584472656 262.147705078125 438.98796558380127 262.147705078125 438.98796558380127 297.28195571899414 423.2186584472656 297.28195571899414
422.5360412597656 262.38970947265625 437.86044120788574 262.38970947265625 437.86044120788574 297.4234504699707 422.5360412597656 297.4234504699707
422.863525390625 262.28179931640625 438.3152666091919 262.28179931640625 438.3152666091919 297.5108528137207 422.863525390625 297.5108528137207
423.00830078125 262.541259765625 438.6189651489258 262.541259765625 438.6189651489258 297.66957092285156 423.00830078125 297.66957092285156
422.7906188964844 262.1717834472656 438.6467742919922 262.1717834472656 438.6467742919922 297.47399139404297 422.7906188964844 297.47399139404297
422.68292236328125 262.50128173828125 438.27540397644043 262.50128173828125 438.27540397644043 297.1985321044922 422.68292236328125 297.1985321044922
423.24041748046875 262.32965087890625 438.86182594299316 262.32965087890625 438.86182594299316 297.3223571777344 423.24041748046875 297.3223571777344
423.2378845214844 262.76092529296875 438.4232654571533 262.76092529296875 438.4232654571533 297.8859634399414 423.2378845214844 297.8859634399414
422.95892333984375 262.05267333984375 438.281774520874 262.05267333984375 438.281774520874 297.75865936279297 422.95892333984375 297.75865936279297
423.09979248046875 262.41180419921875 438.3602066040039 262.41180419921875 438.3602066040039 298.23267364501953 423.09979248046875 298.23267364501953
423.1180114746094 262.2515869140625 438.78235149383545 262.2515869140625 438.78235149383545 297.88742446899414 423.1180114746094 297.88742446899414
423.30828857421875 262.6847229003906 439.2012634277344 262.6847229003906 439.2012634277344 298.1720199584961 423.30828857421875 298.1720199584961
423.3746032714844 262.5174255371094 439.1605043411255 262.5174255371094 439.1605043411255 298.16118240356445 423.3746032714844 298.16118240356445
423.6875915527344 261.55267333984375 439.6288709640503 261.55267333984375 439.6288709640503 297.2540397644043 423.6875915527344 297.2540397644043
424.3436584472656 260.9073486328125 439.7342653274536 260.9073486328125 439.7342653274536 297.05086517333984 424.3436584472656 297.05086517333984
424.192626953125 261.0513916015625 440.0459442138672 261.0513916015625 440.0459442138672 296.74836349487305 424.192626953125 296.74836349487305
423.9175720214844 260.79132080078125 440.137113571167 260.79132080078125 440.137113571167 296.6154899597168 423.9175720214844 296.6154899597168
423.8313903808594 260.27117919921875 439.543249130249 260.27117919921875 439.543249130249 297.14675521850586 423.8313903808594 297.14675521850586
424.2256774902344 259.76837158203125 440.1406555175781 259.76837158203125 440.1406555175781 297.33519744873047 424.2256774902344 297.33519744873047
424.67059326171875 259.2470703125 440.5561351776123 259.2470703125 440.5561351776123 297.02138900756836 424.67059326171875 297.02138900756836
425.24139404296875 258.8752746582031 440.6642427444458 258.8752746582031 440.6642427444458 297.40418243408203 425.24139404296875 297.40418243408203
425.5227966308594 258.5309143066406 440.9435520172119 258.5309143066406 440.9435520172119 297.4541358947754 425.5227966308594 297.4541358947754
425.4654235839844 258.5274353027344 440.7189664840698 258.5274353027344 440.7189664840698 297.098934173584 425.4654235839844 297.098934173584
425.4608459472656 257.63385009765625 441.65857887268066 257.63385009765625 441.65857887268066 297.11306381225586 425.4608459472656 297.11306381225586
425.5823669433594 258.0318298339844 441.58789825439453 258.0318298339844 441.58789825439453 297.2538948059082 425.5823669433594 297.2538948059082
425.6211853027344 259.803466796875 442.4845733642578 259.803466796875 442.4845733642578 298.99019622802734 425.6211853027344 298.99019622802734
425.3794860839844 259.1793518066406 442.62298583984375 259.1793518066406 442.62298583984375 299.0276679992676 425.3794860839844 299.0276679992676
425.48321533203125 258.30426025390625 441.54697036743164 258.30426025390625 441.54697036743164 298.10055923461914 425.48321533203125 298.10055923461914
425.69464111328125 259.0000915527344 441.53879737854004 259.0000915527344 441.53879737854004 297.4137191772461 425.69464111328125 297.4137191772461
425.9512634277344 257.9449157714844 442.66775131225586 257.9449157714844 442.66775131225586 297.5948600769043 425.9512634277344 297.5948600769043
426.4618225097656 258.79449462890625 442.6157741546631 258.79449462890625 442.6157741546631 297.99258041381836 426.4618225097656 297.99258041381836
426.5030212402344 258.0875549316406 443.10601234436035 258.0875549316406 443.10601234436035 297.84542083740234 426.5030212402344 297.84542083740234
427.0511169433594 257.77362060546875 442.7338562011719 257.77362060546875 442.7338562011719 297.6553268432617 427.0511169433594 297.6553268432617
426.7964782714844 257.79852294921875 442.0813932418823 257.79852294921875 442.0813932418823 297.8285827636719 426.7964782714844 297.8285827636719
426.7460021972656 258.1971130371094 441.93663215637207 258.1971130371094 441.93663215637207 297.68538665771484 426.7460021972656 297.68538665771484
426.87139892578125 259.1944274902344 442.7067537307739 259.1944274902344 442.7067537307739 298.3605041503906 426.87139892578125 298.3605041503906
427.04730224609375 258.2890625 442.44242572784424 258.2890625 442.44242572784424 297.88276290893555 427.04730224609375 297.88276290893555
426.8373107910156 259.55712890625 442.5115432739258 259.55712890625 442.5115432739258 297.8420829772949 426.8373107910156 297.8420829772949
427.01031494140625 259.0867614746094 442.85231590270996 259.0867614746094 442.85231590270996 298.5497512817383 427.01031494140625 298.5497512817383
426.3726501464844 259.2657165527344 442.7249069213867 259.2657165527344 442.7249069213867 298.66577529907227 426.3726501464844 298.66577529907227
425.9254455566406 258.747802734375 442.1707878112793 258.747802734375 442.1707878112793 298.0613784790039 425.9254455566406 298.0613784790039
426.17291259765625 259.63848876953125 442.5778617858887 259.63848876953125 442.5778617858887 298.62640380859375 426.17291259765625 298.62640380859375
426.46722412109375 260.12469482421875 442.99423599243164 260.12469482421875 442.99423599243164 299.1313171386719 426.46722412109375 299.1313171386719
425.8291015625 259.05889892578125 442.49951934814453 259.05889892578125 442.49951934814453 298.96127700805664 425.8291015625 298.96127700805664
425.36651611328125 258.9603271484375 442.5209770202637 258.9603271484375 442.5209770202637 298.80163192749023 425.36651611328125 298.80163192749023
424.537353515625 259.2519836425781 442.11816024780273 259.2519836425781 442.11816024780273 299.42832946777344 424.537353515625 299.42832946777344
424.4546813964844 258.73358154296875 442.28287506103516 258.73358154296875 442.28287506103516 298.27235412597656 424.4546813964844 298.27235412597656
424.305908203125 259.00164794921875 441.94702911376953 259.00164794921875 441.94702911376953 298.4971504211426 424.305908203125 298.4971504211426
424.40008544921875 259.3463439941406 441.872013092041 259.3463439941406 441.872013092041 298.2465591430664 424.40008544921875 298.2465591430664
423.66571044921875 259.6436767578125 441.22362518310547 259.6436767578125 441.22362518310547 297.89115142822266 423.66571044921875 297.89115142822266
423.1752014160156 259.5916442871094 440.27466773986816 259.5916442871094 440.27466773986816 297.5375556945801 423.1752014160156 297.5375556945801
423.15380859375 258.33770751953125 440.9107971191406 258.33770751953125 440.9107971191406 296.80830001831055 423.15380859375 296.80830001831055
423.09381103515625 259.0768737792969 440.7721767425537 259.0768737792969 440.7721767425537 297.37133026123047 423.09381103515625 297.37133026123047
423.08056640625 259.51507568359375 440.53492736816406 259.51507568359375 440.53492736816406 298.10009002685547 423.08056640625 298.10009002685547
422.8124084472656 259.9015808105469 440.4110336303711 259.9015808105469 440.4110336303711 297.87374114990234 422.8124084472656 297.87374114990234
422.79339599609375 260.64129638671875 440.2328414916992 260.64129638671875 440.2328414916992 298.3557014465332 422.79339599609375 298.3557014465332
423.15625 260.817626953125 440.45166969299316 260.817626953125 440.45166969299316 298.4302673339844 423.15625 298.4302673339844
423.2113342285156 259.99322509765625 440.7725715637207 259.99322509765625 440.7725715637207 298.5156555175781 423.2113342285156 298.5156555175781
423.0181579589844 259.7129821777344 440.51280212402344 259.7129821777344 440.51280212402344 297.67680740356445 423.0181579589844 297.67680740356445
423.0467834472656 259.94744873046875 439.882848739624 259.94744873046875 439.882848739624 298.0966110229492 423.0467834472656 298.0966110229492
422.72943115234375 260.89105224609375 439.485315322876 260.89105224609375 439.485315322876 298.43720626831055 422.72943115234375 298.43720626831055
422.5367736816406 262.46148681640625 438.6446342468262 262.46148681640625 438.6446342468262 298.971923828125 422.5367736816406 298.971923828125
422.31182861328125 261.4901428222656 438.9386348724365 261.4901428222656 438.9386348724365 298.61262130737305 422.31182861328125 298.61262130737305
423.53460693359375 259.80157470703125 440.3322277069092 259.80157470703125 440.3322277069092 297.8362236022949 423.53460693359375 297.8362236022949
423.3163146972656 259.9757385253906 439.79881477355957 259.9757385253906 439.79881477355957 297.8064498901367 423.3163146972656 297.8064498901367
422.43255615234375 261.3860778808594 439.21649169921875 261.3860778808594 439.21649169921875 298.4508285522461 422.43255615234375 298.4508285522461
422.5789489746094 260.28607177734375 438.8250846862793 260.28607177734375 438.8250846862793 298.5367965698242 422.5789489746094 298.5367965698242
422.62957763671875 260.1167907714844 438.9332523345947 260.1167907714844 438.9332523345947 298.26574325561523 422.62957763671875 298.26574325561523
422.9639587402344 260.03057861328125 439.31635665893555 260.03057861328125 439.31635665893555 298.1242866516113 422.9639587402344 298.1242866516113
423.57940673828125 260.6859130859375 440.0935459136963 260.6859130859375 440.0935459136963 298.56937408447266 423.57940673828125 298.56937408447266
423.24639892578125 260.32061767578125 439.37317276000977 260.32061767578125 439.37317276000977 298.62316131591797 423.24639892578125 298.62316131591797
423.9855041503906 258.60919189453125 440.6650142669678 258.60919189453125 440.6650142669678 297.09370040893555 423.9855041503906 297.09370040893555
424.6663513183594 259.6785583496094 441.0909614562988 259.6785583496094 441.0909614562988 297.4464530944824 424.6663513183594 297.4464530944824
424.59698486328125 259.39434814453125 441.0982418060303 259.39434814453125 441.0982418060303 297.5972442626953 424.59698486328125 297.5972442626953
424.7845764160156 259.94842529296875 441.31520080566406 259.94842529296875 441.31520080566406 297.7136688232422 424.7845764160156 297.7136688232422
425.425048828125 258.63262939453125 442.2314701080322 258.63262939453125 442.2314701080322 297.0451431274414 425.425048828125 297.0451431274414
425.1461486816406 258.25665283203125 442.30086517333984 258.25665283203125 442.30086517333984 296.7796096801758 425.1461486816406 296.7796096801758
424.76763916015625 259.7437744140625 440.99774169921875 259.7437744140625 440.99774169921875 298.1008987426758 424.76763916015625 298.1008987426758
424.43048095703125 260.391357421875 440.6883659362793 260.391357421875 440.6883659362793 298.09937286376953 424.43048095703125 298.09937286376953
424.79052734375 259.1226806640625 441.0828552246094 259.1226806640625 441.0828552246094 296.9607925415039 424.79052734375 296.9607925415039
424.65692138671875 258.20538330078125 441.228666305542 258.20538330078125 441.228666305542 296.9820976257324 424.65692138671875 296.9820976257324
423.33563232421875 259.17071533203125 439.8616065979004 259.17071533203125 439.8616065979004 297.28910064697266 423.33563232421875 297.28910064697266
425.1402282714844 258.93817138671875 442.1831531524658 258.93817138671875 442.1831531524658 297.5247917175293 425.1402282714844 297.5247917175293
425.0506896972656 258.4282531738281 441.6560115814209 258.4282531738281 441.6560115814209 297.3959732055664 425.0506896972656 297.3959732055664
425.13421630859375 258.560791015625 441.82801055908203 258.560791015625 441.82801055908203 296.9692497253418 425.13421630859375 296.9692497253418
423.66522216796875 260.6075744628906 439.6707363128662 260.6075744628906 439.6707363128662 298.4537353515625 423.66522216796875 298.4537353515625
424.8465270996094 260.41351318359375 441.30540466308594 260.41351318359375 441.30540466308594 298.2041702270508 424.8465270996094 298.2041702270508
424.9073791503906 258.5928955078125 441.8652687072754 258.5928955078125 441.8652687072754 296.9769058227539 424.9073791503906 296.9769058227539
424.97454833984375 258.2557678222656 441.85667610168457 258.2557678222656 441.85667610168457 296.59499740600586 424.97454833984375 296.59499740600586
424.6343688964844 258.53863525390625 441.1703395843506 258.53863525390625 441.1703395843506 297.16773223876953 424.6343688964844 297.16773223876953
424.81854248046875 259.87896728515625 441.1202850341797 259.87896728515625 441.1202850341797 298.04692459106445 424.81854248046875 298.04692459106445
425.4134826660156 258.38323974609375 441.93554496765137 258.38323974609375 441.93554496765137 296.69763946533203 425.4134826660156 296.69763946533203
425.092041015625 258.00164794921875 442.12746810913086 258.00164794921875 442.12746810913086 295.92980194091797 425.092041015625 295.92980194091797
425.305908203125 257.8462829589844 442.38840103149414 257.8462829589844 442.38840103149414 295.9719772338867 425.305908203125 295.9719772338867
425.1827087402344 258.9871520996094 442.0474376678467 258.9871520996094 442.0474376678467 296.9459915161133 425.1827087402344 296.9459915161133
425.33221435546875 258.74395751953125 441.76093101501465 258.74395751953125 441.76093101501465 297.18049240112305 425.33221435546875 297.18049240112305
425.2830505371094 257.3415832519531 442.0119972229004 257.3415832519531 442.0119972229004 295.92269134521484 425.2830505371094 295.92269134521484
424.99542236328125 258.58135986328125 441.662691116333 258.58135986328125 441.662691116333 297.05488204956055 424.99542236328125 297.05488204956055
424.6504821777344 259.4642028808594 441.4222660064697 259.4642028808594 441.4222660064697 297.6490478515625 424.6504821777344 297.6490478515625
425.24493408203125 258.0534973144531 442.15742111206055 258.0534973144531 442.15742111206055 297.1505432128906 425.24493408203125 297.1505432128906
425.1600036621094 258.56903076171875 441.859432220459 258.56903076171875 441.859432220459 297.488037109375 425.1600036621094 297.488037109375
424.8055114746094 258.25640869140625 441.86223793029785 258.25640869140625 441.86223793029785 296.78033447265625 424.8055114746094 296.78033447265625
424.2469787597656 259.1660461425781 440.80724143981934 259.1660461425781 440.80724143981934 297.95142364501953 424.2469787597656 297.95142364501953
424.62371826171875 257.8995056152344 441.835994720459 257.8995056152344 441.835994720459 297.05839920043945 424.62371826171875 297.05839920043945
424.5110778808594 257.6124572753906 441.3959712982178 257.6124572753906 441.3959712982178 297.2730827331543 424.5110778808594 297.2730827331543
424.706787109375 258.18060302734375 441.8779602050781 258.18060302734375 441.8779602050781 297.1683120727539 424.706787109375 297.1683120727539
425.49444580078125 258.4464416503906 442.5163688659668 258.4464416503906 442.5163688659668 297.1647148132324 425.49444580078125 297.1647148132324
425.32196044921875 258.8766784667969 441.85633659362793 258.8766784667969 441.85633659362793 297.8556327819824 425.32196044921875 297.8556327819824
424.6160583496094 257.5742492675781 441.52399826049805 257.5742492675781 441.52399826049805 296.96235275268555 424.6160583496094 296.96235275268555
425.10009765625 258.65167236328125 442.02454566955566 258.65167236328125 442.02454566955566 297.38066482543945 425.10009765625 297.38066482543945
424.3788146972656 259.0848083496094 441.0990562438965 259.0848083496094 441.0990562438965 297.6387367248535 424.3788146972656 297.6387367248535
424.54644775390625 258.99822998046875 441.10080909729004 258.99822998046875 441.10080909729004 298.1206817626953 424.54644775390625 298.1206817626953
424.98504638671875 257.44287109375 442.4822006225586 257.44287109375 442.4822006225586 296.9072799682617 424.98504638671875 296.9072799682617
424.32794189453125 258.7099609375 441.0497531890869 258.7099609375 441.0497531890869 298.02796936035156 424.32794189453125 298.02796936035156
424.68145751953125 257.67462158203125 441.99989128112793 257.67462158203125 441.99989128112793 296.9871826171875 424.68145751953125 296.9871826171875
423.9024963378906 255.2159881591797 442.0621566772461 255.2159881591797 442.0621566772461 298.5119209289551 423.9024963378906 298.5119209289551
423.83502197265625 255.6381072998047 441.60176277160645 255.6381072998047 441.60176277160645 298.5637435913086 423.83502197265625 298.5637435913086
423.9395446777344 256.13006591796875 441.472900390625 256.13006591796875 441.472900390625 299.060604095459 423.9395446777344 299.060604095459
424.9759826660156 258.62823486328125 442.163782119751 258.62823486328125 442.163782119751 298.1217575073242 424.9759826660156 298.1217575073242
425.0624084472656 257.2109375 442.28833389282227 257.2109375 442.28833389282227 297.1816291809082 425.0624084472656 297.1816291809082
425.0233459472656 257.537109375 442.1103096008301 257.537109375 442.1103096008301 296.5291328430176 425.0233459472656 296.5291328430176
424.8926696777344 258.1476135253906 441.9499816894531 258.1476135253906 441.9499816894531 297.7104148864746 424.8926696777344 297.7104148864746
425.190673828125 257.808349609375 442.3616123199463 257.808349609375 442.3616123199463 296.5824775695801 425.190673828125 296.5824775695801
425.41595458984375 258.7890625 442.49456214904785 258.7890625 442.49456214904785 298.0724792480469 425.41595458984375 298.0724792480469
424.7431640625 257.83013916015625 441.88683128356934 257.83013916015625 441.88683128356934 297.57329177856445 424.7431640625 297.57329177856445
424.51348876953125 257.8160095214844 441.7185935974121 257.8160095214844 441.7185935974121 297.5785484313965 424.51348876953125 297.5785484313965
424.48486328125 258.25897216796875 441.63916778564453 258.25897216796875 441.63916778564453 297.8693161010742 424.48486328125 297.8693161010742
424.2906799316406 255.9756317138672 442.2684440612793 255.9756317138672 442.2684440612793 298.6559638977051 424.2906799316406 298.6559638977051
424.0572814941406 258.1908264160156 440.9547290802002 258.1908264160156 440.9547290802002 298.10401153564453 424.0572814941406 298.10401153564453
424.44464111328125 256.17584228515625 442.3674125671387 256.17584228515625 442.3674125671387 298.7342720031738 424.44464111328125 298.7342720031738
425.03558349609375 258.33453369140625 442.36327362060547 258.33453369140625 442.36327362060547 297.671199798584 425.03558349609375 297.671199798584
425.136962890625 257.8731994628906 442.25386238098145 257.8731994628906 442.25386238098145 297.93424224853516 425.136962890625 297.93424224853516
425.01806640625 257.99847412109375 441.8901767730713 257.99847412109375 441.8901767730713 297.9656562805176 425.01806640625 297.9656562805176
424.81414794921875 257.4604187011719 441.7723617553711 257.4604187011719 441.7723617553711 297.2139434814453 424.81414794921875 297.2139434814453
425.1827697753906 259.5580749511719 442.7222137451172 259.5580749511719 442.7222137451172 298.4181594848633 425.1827697753906 298.4181594848633
424.03265380859375 258.3708801269531 441.3557586669922 258.3708801269531 441.3557586669922 298.2565803527832 424.03265380859375 298.2565803527832
425.3304748535156 257.98077392578125 442.7634468078613 257.98077392578125 442.7634468078613 297.5692825317383 425.3304748535156 297.5692825317383
423.68389892578125 258.9361572265625 441.6527290344238 258.9361572265625 441.6527290344238 298.1100044250488 423.68389892578125 298.1100044250488
423.44122314453125 258.9763488769531 441.482385635376 258.9763488769531 441.482385635376 299.0623474121094 423.44122314453125 299.0623474121094
423.8773498535156 258.79638671875 442.09557151794434 258.79638671875 442.09557151794434 299.53845977783203 423.8773498535156 299.53845977783203
423.09112548828125 258.2711181640625 441.4301815032959 258.2711181640625 441.4301815032959 298.8764457702637 423.09112548828125 298.8764457702637
422.0045471191406 258.406005859375 440.6792411804199 258.406005859375 440.6792411804199 298.51942443847656 422.0045471191406 298.51942443847656
421.55999755859375 260.9385986328125 439.52276039123535 260.9385986328125 439.52276039123535 300.33533096313477 421.55999755859375 300.33533096313477
420.79266357421875 261.0291748046875 439.2857246398926 261.0291748046875 439.2857246398926 299.7064628601074 420.79266357421875 299.7064628601074
420.6390686035156 260.9884338378906 438.86331367492676 260.9884338378906 438.86331367492676 300.0702476501465 420.6390686035156 300.0702476501465
421.0277404785156 260.450927734375 439.0100040435791 260.450927734375 439.0100040435791 299.14455795288086 421.0277404785156 299.14455795288086
421.0677795410156 261.03936767578125 438.6800708770752 261.03936767578125 438.6800708770752 299.5624771118164 421.0677795410156 299.5624771118164
421.39056396484375 259.7236022949219 439.30796813964844 259.7236022949219 439.30796813964844 299.19343185424805 421.39056396484375 299.19343185424805
421.0718688964844 259.9111022949219 438.595157623291 259.9111022949219 438.595157623291 298.80399322509766 421.0718688964844 298.80399322509766
421.1470642089844 261.9397888183594 438.1968402862549 261.9397888183594 438.1968402862549 299.5034828186035 421.1470642089844 299.5034828186035
421.55877685546875 261.77288818359375 438.3037986755371 261.77288818359375 438.3037986755371 299.62617111206055 421.55877685546875 299.62617111206055
421.23095703125 261.335693359375 438.0050296783447 261.335693359375 438.0050296783447 299.41380310058594 421.23095703125 299.41380310058594
420.9701232910156 261.01153564453125 438.0529365539551 261.01153564453125 438.0529365539551 299.0031547546387 420.9701232910156 299.0031547546387
420.20281982421875 262.9288635253906 436.8822898864746 262.9288635253906 436.8822898864746 299.79669189453125 420.20281982421875 299.79669189453125
420.84979248046875 262.13555908203125 437.27167892456055 262.13555908203125 437.27167892456055 299.8060302734375 420.84979248046875 299.8060302734375
420.9049377441406 261.29913330078125 437.3441848754883 261.29913330078125 437.3441848754883 299.0518455505371 420.9049377441406 299.0518455505371
420.1631774902344 263.1607666015625 435.9934186935425 263.1607666015625 435.9934186935425 299.16909408569336 420.1631774902344 299.16909408569336
420.90411376953125 262.86834716796875 436.93412017822266 262.86834716796875 436.93412017822266 299.2194480895996 420.90411376953125 299.2194480895996
420.7268981933594 262.65875244140625 436.55399799346924 262.65875244140625 436.55399799346924 299.1883125305176 420.7268981933594 299.1883125305176
419.906982421875 262.0347595214844 436.267635345459 262.0347595214844 436.267635345459 299.1242980957031 419.906982421875 299.1242980957031
420.40478515625 261.8999328613281 436.55961990356445 261.8999328613281 436.55961990356445 298.90957260131836 420.40478515625 298.90957260131836
419.92327880859375 262.5293273925781 436.437952041626 262.5293273925781 436.437952041626 298.94252014160156 419.92327880859375 298.94252014160156
420.17236328125 262.89056396484375 436.6313304901123 262.89056396484375 436.6313304901123 298.7161560058594 420.17236328125 298.7161560058594
420.26348876953125 261.68597412109375 436.77005195617676 261.68597412109375 436.77005195617676 298.2884941101074 420.26348876953125 298.2884941101074
421.11578369140625 261.8786315917969 437.08238697052 261.8786315917969 437.08238697052 299.14294815063477 421.11578369140625 299.14294815063477
421.01788330078125 262.07415771484375 437.3032035827637 262.07415771484375 437.3032035827637 299.14418029785156 421.01788330078125 299.14418029785156
420.75665283203125 262.12872314453125 436.8530731201172 262.12872314453125 436.8530731201172 299.4614791870117 420.75665283203125 299.4614791870117
421.37408447265625 261.41143798828125 437.4276466369629 261.41143798828125 437.4276466369629 298.6879081726074 421.37408447265625 298.6879081726074
420.75933837890625 262.4642028808594 436.4815979003906 262.4642028808594 436.4815979003906 299.08689880371094 420.75933837890625 299.08689880371094
421.14215087890625 262.5308532714844 436.99620056152344 262.5308532714844 436.99620056152344 299.3087272644043 421.14215087890625 299.3087272644043
421.60150146484375 262.2642517089844 437.1444673538208 262.2642517089844 437.1444673538208 299.1342430114746 421.60150146484375 299.1342430114746
421.3551330566406 262.41278076171875 436.8183193206787 262.41278076171875 436.8183193206787 298.97308349609375 421.3551330566406 298.97308349609375
421.35247802734375 262.818359375 436.5992708206177 262.818359375 436.5992708206177 298.9414596557617 421.35247802734375 298.9414596557617
421.2857360839844 262.9307556152344 437.0703706741333 262.9307556152344 437.0703706741333 299.1061706542969 421.2857360839844 299.1061706542969
421.1902770996094 262.28173828125 437.1655912399292 262.28173828125 437.1655912399292 298.82718658447266 421.1902770996094 298.82718658447266
421.4964294433594 261.84661865234375 437.3337116241455 261.84661865234375 437.3337116241455 298.32873916625977 421.4964294433594 298.32873916625977
421.465087890625 262.2476501464844 437.7963447570801 262.2476501464844 437.7963447570801 298.3972473144531 421.465087890625 298.3972473144531
421.50909423828125 261.93963623046875 437.84526443481445 261.93963623046875 437.84526443481445 298.4896659851074 421.50909423828125 298.4896659851074
421.5511779785156 260.46051025390625 437.9940605163574 260.46051025390625 437.9940605163574 298.17125701904297 421.5511779785156 298.17125701904297
420.9181213378906 261.35101318359375 437.00687980651855 261.35101318359375 437.00687980651855 298.16169357299805 420.9181213378906 298.16169357299805
420.63970947265625 259.79522705078125 436.4504852294922 259.79522705078125 436.4504852294922 297.42252349853516 420.63970947265625 297.42252349853516
420.32220458984375 259.541015625 435.6310977935791 259.541015625 435.6310977935791 297.00146102905273 420.32220458984375 297.00146102905273
420.20880126953125 259.70562744140625 435.34379863739014 259.70562744140625 435.34379863739014 296.4823684692383 420.20880126953125 296.4823684692383
419.91864013671875 259.5718688964844 435.0938549041748 259.5718688964844 435.0938549041748 296.3109321594238 419.91864013671875 296.3109321594238
419.669677734375 259.7267761230469 434.8005771636963 259.7267761230469 434.8005771636963 296.79859161376953 419.669677734375 296.79859161376953
419.43328857421875 260.978515625 434.2967710494995 260.978515625 434.2967710494995 297.45544052124023 419.43328857421875 297.45544052124023
419.47698974609375 260.84991455078125 434.6286163330078 260.84991455078125 434.6286163330078 296.8352966308594 419.47698974609375 296.8352966308594
419.28887939453125 260.5653076171875 434.53227519989014 260.5653076171875 434.53227519989014 296.8004341125488 419.28887939453125 296.8004341125488
419.6201171875 260.7857971191406 434.9236125946045 260.7857971191406 434.9236125946045 297.00291442871094 419.6201171875 297.00291442871094
419.8291015625 261.0574035644531 435.2565860748291 261.0574035644531 435.2565860748291 297.1783676147461 419.8291015625 297.1783676147461
419.69219970703125 260.90020751953125 435.1908473968506 260.90020751953125 435.1908473968506 297.3795051574707 419.69219970703125 297.3795051574707
419.9205017089844 260.56365966796875 435.2079448699951 260.56365966796875 435.2079448699951 298.21259689331055 419.9205017089844 298.21259689331055
420.47735595703125 260.30633544921875 435.59665393829346 260.30633544921875 435.59665393829346 297.3058433532715 420.47735595703125 297.3058433532715
420.219970703125 260.466064453125 435.46749687194824 260.466064453125 435.46749687194824 297.24317169189453 420.219970703125 297.24317169189453
421.186279296875 260.04901123046875 436.60835456848145 260.04901123046875 436.60835456848145 297.4858093261719 421.186279296875 297.4858093261719
420.07183837890625 260.70556640625 435.5736417770386 260.70556640625 435.5736417770386 297.90006256103516 420.07183837890625 297.90006256103516
420.15032958984375 261.2425537109375 435.95978260040283 261.2425537109375 435.95978260040283 298.7820930480957 420.15032958984375 298.7820930480957
419.74267578125 260.6221618652344 435.9586067199707 260.6221618652344 435.9586067199707 298.6157531738281 419.74267578125 298.6157531738281
419.51336669921875 261.3573303222656 435.90587425231934 261.3573303222656 435.90587425231934 299.1519088745117 419.51336669921875 299.1519088745117
420.1419372558594 260.9049377441406 436.54897689819336 260.9049377441406 436.54897689819336 298.42885971069336 420.1419372558594 298.42885971069336
420.5415954589844 260.84454345703125 436.6744785308838 260.84454345703125 436.6744785308838 299.3890838623047 420.5415954589844 299.3890838623047
419.8154296875 261.1073303222656 436.23569107055664 261.1073303222656 436.23569107055664 299.346981048584 419.8154296875 299.346981048584
420.10589599609375 260.21868896484375 436.3445472717285 260.21868896484375 436.3445472717285 298.7331733703613 420.10589599609375 298.7331733703613
420.21392822265625 260.25689697265625 436.2682075500488 260.25689697265625 436.2682075500488 298.36669158935547 420.21392822265625 298.36669158935547
420.6421813964844 260.6510314941406 436.61857891082764 260.6510314941406 436.61857891082764 298.2759323120117 420.6421813964844 298.2759323120117
419.44329833984375 261.9674987792969 436.1361312866211 261.9674987792969 436.1361312866211 299.3879508972168 419.44329833984375 299.3879508972168
420.5379333496094 261.1584167480469 436.6770210266113 261.1584167480469 436.6770210266113 299.10035705566406 420.5379333496094 299.10035705566406
419.8370666503906 261.2696228027344 435.87802505493164 261.2696228027344 435.87802505493164 299.01657485961914 419.8370666503906 299.01657485961914
420.13751220703125 261.66070556640625 436.3866882324219 261.66070556640625 436.3866882324219 299.3394355773926 420.13751220703125 299.3394355773926
420.41754150390625 261.5810852050781 436.628116607666 261.5810852050781 436.628116607666 299.4108581542969 420.41754150390625 299.4108581542969
419.9169006347656 260.7378845214844 436.4676170349121 260.7378845214844 436.4676170349121 298.69290924072266 419.9169006347656 298.69290924072266
420.475830078125 260.5805969238281 436.8196773529053 260.5805969238281 436.8196773529053 298.6149787902832 420.475830078125 298.6149787902832
419.984375 262.1509094238281 435.90643310546875 262.1509094238281 435.90643310546875 299.2275848388672 419.984375 299.2275848388672
420.74957275390625 261.60675048828125 436.59959602355957 261.60675048828125 436.59959602355957 298.74646759033203 420.74957275390625 298.74646759033203
420.40533447265625 261.07440185546875 436.41057205200195 261.07440185546875 436.41057205200195 298.4174690246582 420.40533447265625 298.4174690246582
420.71923828125 260.91888427734375 436.3223114013672 260.91888427734375 436.3223114013672 298.326961517334 420.71923828125 298.326961517334
420.5596618652344 262.1722106933594 435.9480228424072 262.1722106933594 435.9480228424072 299.2125015258789 420.5596618652344 299.2125015258789
421.0580139160156 261.642578125 436.8399486541748 261.642578125 436.8399486541748 298.6366500854492 421.0580139160156 298.6366500854492
420.4766540527344 261.3555908203125 436.3405475616455 261.3555908203125 436.3405475616455 298.7972984313965 420.4766540527344 298.7972984313965
420.4296875 261.23187255859375 436.1739864349365 261.23187255859375 436.1739864349365 298.7692337036133 420.4296875 298.7692337036133
420.8160095214844 261.46392822265625 436.3299684524536 261.46392822265625 436.3299684524536 298.7174530029297 420.8160095214844 298.7174530029297
420.38214111328125 262.3076171875 436.19937324523926 262.3076171875 436.19937324523926 299.44384002685547 420.38214111328125 299.44384002685547
420.67205810546875 261.30657958984375 436.34182929992676 261.30657958984375 436.34182929992676 298.7081298828125 420.67205810546875 298.7081298828125
420.88531494140625 260.3072204589844 436.4875240325928 260.3072204589844 436.4875240325928 298.19281005859375 420.88531494140625 298.19281005859375
420.68328857421875 261.1399230957031 435.9143419265747 261.1399230957031 435.9143419265747 298.3735885620117 420.68328857421875 298.3735885620117
419.986572265625 260.9391174316406 436.1354331970215 260.9391174316406 436.1354331970215 298.20771408081055 419.986572265625 298.20771408081055
420.3438415527344 261.0010070800781 436.01634216308594 261.0010070800781 436.01634216308594 298.17338943481445 420.3438415527344 298.17338943481445
421.00238037109375 260.9761962890625 436.4506435394287 260.9761962890625 436.4506435394287 298.45186614990234 421.00238037109375 298.45186614990234
420.58038330078125 261.37890625 436.0496425628662 261.37890625 436.0496425628662 298.841983795166 420.58038330078125 298.841983795166
420.404541015625 262.22052001953125 436.1761531829834 262.22052001953125 436.1761531829834 299.0399475097656 420.404541015625 299.0399475097656
420.48602294921875 261.08709716796875 436.2108507156372 261.08709716796875 436.2108507156372 298.1736869812012 420.48602294921875 298.1736869812012
421.04840087890625 260.7149353027344 436.1242370605469 260.7149353027344 436.1242370605469 297.8877639770508 421.04840087890625 297.8877639770508
420.7674255371094 261.5672302246094 436.0257291793823 261.5672302246094 436.0257291793823 298.49542236328125 420.7674255371094 298.49542236328125
420.50286865234375 262.20928955078125 436.05083751678467 262.20928955078125 436.05083751678467 298.78809356689453 420.50286865234375 298.78809356689453
420.76690673828125 261.211669921875 436.26125144958496 261.211669921875 436.26125144958496 298.7706184387207 420.76690673828125 298.7706184387207
421.57611083984375 260.65313720703125 436.8412322998047 260.65313720703125 436.8412322998047 298.4302558898926 421.57611083984375 298.4302558898926
420.5193786621094 261.1398010253906 435.89220237731934 261.1398010253906 435.89220237731934 298.68054962158203 420.5193786621094 298.68054962158203
420.84521484375 261.77178955078125 436.77146434783936 261.77178955078125 436.77146434783936 299.16646575927734 420.84521484375 299.16646575927734
420.4302673339844 261.29449462890625 436.16136932373047 261.29449462890625 436.16136932373047 298.81304931640625 420.4302673339844 298.81304931640625
421.49603271484375 260.9078674316406 436.82826042175293 260.9078674316406 436.82826042175293 298.5621528625488 421.49603271484375 298.5621528625488
420.2900390625 261.1963195800781 435.84409046173096 261.1963195800781 435.84409046173096 298.4242477416992 420.2900390625 298.4242477416992
420.80450439453125 259.81915283203125 436.85883712768555 259.81915283203125 436.85883712768555 299.2816352844238 420.80450439453125 299.2816352844238
420.68896484375 261.5842590332031 436.17968559265137 261.5842590332031 436.17968559265137 298.63134765625 420.68896484375 298.63134765625
420.824462890625 260.7312927246094 436.3652629852295 260.7312927246094 436.3652629852295 297.93500900268555 420.824462890625 297.93500900268555
421.1492614746094 261.52337646484375 436.4735155105591 261.52337646484375 436.4735155105591 298.821533203125 421.1492614746094 298.821533203125
420.58660888671875 262.10931396484375 436.05753803253174 262.10931396484375 436.05753803253174 299.09164810180664 420.58660888671875 299.09164810180664
420.8069763183594 261.34564208984375 435.88893127441406 261.34564208984375 435.88893127441406 298.522762298584 420.8069763183594 298.522762298584
421.10943603515625 260.29266357421875 436.0926237106323 260.29266357421875 436.0926237106323 297.4785270690918 421.10943603515625 297.4785270690918
420.9790954589844 260.63763427734375 435.792444229126 260.63763427734375 435.792444229126 297.88726806640625 420.9790954589844 297.88726806640625
420.56451416015625 261.55731201171875 435.9209442138672 261.55731201171875 435.9209442138672 298.4179916381836 420.56451416015625 298.4179916381836
421.0640563964844 260.631103515625 436.1715850830078 260.631103515625 436.1715850830078 298.0607566833496 421.0640563964844 298.0607566833496
421.745361328125 259.8860778808594 436.9297733306885 259.8860778808594 436.9297733306885 297.5339469909668 421.745361328125 297.5339469909668
420.40826416015625 260.95391845703125 435.924693107605 260.95391845703125 435.924693107605 298.17809295654297 420.40826416015625 298.17809295654297
420.57293701171875 262.20721435546875 435.99565601348877 262.20721435546875 435.99565601348877 299.03235626220703 420.57293701171875 299.03235626220703
420.8338317871094 261.1120910644531 436.5128221511841 261.1120910644531 436.5128221511841 298.67357635498047 420.8338317871094 298.67357635498047
421.17828369140625 260.8880310058594 436.49274730682373 260.8880310058594 436.49274730682373 298.05952072143555 421.17828369140625 298.05952072143555
421.4424743652344 261.14813232421875 436.54880714416504 261.14813232421875 436.54880714416504 298.3736991882324 421.4424743652344 298.3736991882324
420.27020263671875 262.12506103515625 436.1967601776123 262.12506103515625 436.1967601776123 298.54122161865234 420.27020263671875 298.54122161865234
420.8977966308594 260.681884765625 436.8355655670166 260.681884765625 436.8355655670166 298.3781967163086 420.8977966308594 298.3781967163086
420.6005859375 261.20404052734375 436.13329124450684 261.20404052734375 436.13329124450684 298.503116607666 420.6005859375 298.503116607666
421.0663146972656 260.6641845703125 436.2639408111572 260.6641845703125 436.2639408111572 298.07190704345703 421.0663146972656 298.07190704345703
420.5325622558594 261.63006591796875 436.2708740234375 261.63006591796875 436.2708740234375 298.83470916748047 420.5325622558594 298.83470916748047
421.23565673828125 260.5053405761719 436.7173671722412 260.5053405761719 436.7173671722412 298.2451362609863 421.23565673828125 298.2451362609863
421.1048889160156 260.9910583496094 436.43451499938965 260.9910583496094 436.43451499938965 298.23754119873047 421.1048889160156 298.23754119873047
420.6880798339844 261.2835998535156 435.7252607345581 261.2835998535156 435.7252607345581 298.0230941772461 420.6880798339844 298.0230941772461
420.8772888183594 262.0243225097656 436.3198575973511 262.0243225097656 436.3198575973511 298.489688873291 420.8772888183594 298.489688873291
420.0503845214844 261.908203125 435.87238121032715 261.908203125 435.87238121032715 298.33409881591797 420.0503845214844 298.33409881591797
420.0643615722656 261.40216064453125 436.1004123687744 261.40216064453125 436.1004123687744 298.2000846862793 420.0643615722656 298.2000846862793
421.20654296875 261.37066650390625 437.24534797668457 261.37066650390625 437.24534797668457 298.3350028991699 421.20654296875 298.3350028991699
420.39813232421875 262.6257629394531 436.51179122924805 262.6257629394531 436.51179122924805 298.9420928955078 420.39813232421875 298.9420928955078
420.5799865722656 261.2845153808594 436.84471702575684 261.2845153808594 436.84471702575684 298.74461364746094 420.5799865722656 298.74461364746094
420.0123596191406 260.32171630859375 436.29723739624023 260.32171630859375 436.29723739624023 297.68536376953125 420.0123596191406 297.68536376953125
420.2333068847656 260.49298095703125 435.8795623779297 260.49298095703125 435.8795623779297 297.1071472167969 420.2333068847656 297.1071472167969
420.52313232421875 259.63604736328125 436.20125102996826 259.63604736328125 436.20125102996826 295.92580795288086 420.52313232421875 295.92580795288086
420.19842529296875 259.1380920410156 435.6392459869385 259.1380920410156 435.6392459869385 294.57938385009766 420.19842529296875 294.57938385009766
420.0972595214844 258.51678466796875 435.41222858428955 258.51678466796875 435.41222858428955 295.01097869873047 420.0972595214844 295.01097869873047
419.4290466308594 259.0274963378906 434.76316833496094 259.0274963378906 434.76316833496094 295.63449478149414 419.4290466308594 295.63449478149414
419.84228515625 258.53717041015625 435.06499671936035 258.53717041015625 435.06499671936035 295.7612533569336 419.84228515625 295.7612533569336
420.10565185546875 258.2715148925781 435.1936435699463 258.2715148925781 435.1936435699463 295.49083709716797 420.10565185546875 295.49083709716797
419.84210205078125 258.3946228027344 435.0825071334839 258.3946228027344 435.0825071334839 295.4910202026367 419.84210205078125 295.4910202026367
420.0879821777344 257.3437194824219 435.1604766845703 257.3437194824219 435.1604766845703 294.9607162475586 420.0879821777344 294.9607162475586
419.5291442871094 259.2239685058594 434.7181091308594 259.2239685058594 434.7181091308594 296.3227005004883 419.5291442871094 296.3227005004883
419.2792053222656 259.3345031738281 434.53613567352295 259.3345031738281 434.53613567352295 296.1689567565918 419.2792053222656 296.1689567565918
419.16693115234375 259.36199951171875 434.31426429748535 259.36199951171875 434.31426429748535 296.39443588256836 419.16693115234375 296.39443588256836
419.51605224609375 259.3383483886719 434.41400718688965 259.3383483886719 434.41400718688965 296.2535629272461 419.51605224609375 296.2535629272461
419.13848876953125 259.1176452636719 434.17737007141113 259.1176452636719 434.17737007141113 296.0298538208008 419.13848876953125 296.0298538208008
419.16107177734375 259.33123779296875 434.17239570617676 259.33123779296875 434.17239570617676 295.8865737915039 419.16107177734375 295.8865737915039
419.51129150390625 259.6767883300781 434.3008117675781 259.6767883300781 434.3008117675781 296.42197036743164 419.51129150390625 296.42197036743164
419.44287109375 259.4293518066406 434.2450313568115 259.4293518066406 434.2450313568115 295.9647979736328 419.44287109375 295.9647979736328
419.00909423828125 259.52105712890625 433.9312391281128 259.52105712890625 433.9312391281128 295.7140426635742 419.00909423828125 295.7140426635742
419.74188232421875 259.7463073730469 434.67016410827637 259.7463073730469 434.67016410827637 295.5997848510742 419.74188232421875 295.5997848510742
419.20074462890625 260.9112854003906 434.2877902984619 260.9112854003906 434.2877902984619 296.4643363952637 419.20074462890625 296.4643363952637
419.76318359375 260.85809326171875 435.07299041748047 260.85809326171875 435.07299041748047 296.8129425048828 419.76318359375 296.8129425048828
419.25439453125 261.2740783691406 434.46138763427734 261.2740783691406 434.46138763427734 297.1124496459961 419.25439453125 297.1124496459961
420.0450134277344 260.9277038574219 435.3727397918701 260.9277038574219 435.3727397918701 296.68267822265625 420.0450134277344 296.68267822265625
419.8370056152344 260.79754638671875 435.3888702392578 260.79754638671875 435.3888702392578 296.7472915649414 419.8370056152344 296.7472915649414
418.73834228515625 261.16082763671875 434.84418869018555 261.16082763671875 434.84418869018555 297.67508697509766 418.73834228515625 297.67508697509766
419.365966796875 260.5211181640625 435.18045806884766 260.5211181640625 435.18045806884766 297.41138458251953 419.365966796875 297.41138458251953
420.1572265625 260.6294250488281 436.1475553512573 260.6294250488281 436.1475553512573 297.7771110534668 420.1572265625 297.7771110534668
420.395263671875 261.2264709472656 436.3267412185669 261.2264709472656 436.3267412185669 298.0000686645508 420.395263671875 298.0000686645508
420.4837341308594 261.18597412109375 436.7555923461914 261.18597412109375 436.7555923461914 298.23514556884766 420.4837341308594 298.23514556884766
420.110107421875 261.16265869140625 435.8826370239258 261.16265869140625 435.8826370239258 297.9199638366699 420.110107421875 297.9199638366699
419.81292724609375 262.60260009765625 435.82002449035645 262.60260009765625 435.82002449035645 298.2517204284668 419.81292724609375 298.2517204284668
420.609375 261.1380310058594 436.3954448699951 261.1380310058594 436.3954448699951 298.2386245727539 420.609375 298.2386245727539
421.1846618652344 261.3172302246094 437.03867053985596 261.3172302246094 437.03867053985596 298.6471290588379 421.1846618652344 298.6471290588379
420.86090087890625 260.91656494140625 436.5524950027466 260.91656494140625 436.5524950027466 298.39543533325195 420.86090087890625 298.39543533325195
420.72869873046875 261.69952392578125 436.27465057373047 261.69952392578125 436.27465057373047 298.23620986938477 420.72869873046875 298.23620986938477
420.68115234375 261.0137939453125 436.8643321990967 261.0137939453125 436.8643321990967 298.5939140319824 420.68115234375 298.5939140319824
420.1109924316406 260.73919677734375 435.9275760650635 260.73919677734375 435.9275760650635 298.02899169921875 420.1109924316406 298.02899169921875
420.0154724121094 260.7472229003906 435.671537399292 260.7472229003906 435.671537399292 297.88045501708984 420.0154724121094 297.88045501708984
420.10882568359375 260.0775451660156 436.20394706726074 260.0775451660156 436.20394706726074 297.5650863647461 420.10882568359375 297.5650863647461
419.295166015625 260.16192626953125 435.3939208984375 260.16192626953125 435.3939208984375 297.5112724304199 419.295166015625 297.5112724304199
419.5048828125 259.0762634277344 435.3757839202881 259.0762634277344 435.3757839202881 296.3025894165039 419.5048828125 296.3025894165039
418.95147705078125 257.7664794921875 434.7756042480469 257.7664794921875 434.7756042480469 295.53424072265625 418.95147705078125 295.53424072265625
419.6360778808594 258.8438415527344 435.40638732910156 258.8438415527344 435.40638732910156 296.58959197998047 419.6360778808594 296.58959197998047
419.521484375 258.5342712402344 435.043420791626 258.5342712402344 435.043420791626 295.94210052490234 419.521484375 295.94210052490234
418.9688415527344 258.5314636230469 434.43031311035156 258.5314636230469 434.43031311035156 295.7729072570801 418.9688415527344 295.7729072570801
418.94659423828125 259.2973327636719 434.31303691864014 259.2973327636719 434.31303691864014 296.350154876709 418.94659423828125 296.350154876709
419.0245056152344 259.30560302734375 434.66350078582764 259.30560302734375 434.66350078582764 296.40956115722656 419.0245056152344 296.40956115722656
419.13037109375 258.55047607421875 434.6725826263428 258.55047607421875 434.6725826263428 295.735782623291 419.13037109375 295.735782623291
418.9497985839844 258.7799377441406 434.6201763153076 258.7799377441406 434.6201763153076 295.9376220703125 418.9497985839844 295.9376220703125
418.80645751953125 259.13214111328125 434.4220561981201 259.13214111328125 434.4220561981201 296.2841987609863 418.80645751953125 296.2841987609863
418.8126525878906 258.7968444824219 434.1895999908447 258.7968444824219 434.1895999908447 295.7546844482422 418.8126525878906 295.7546844482422
419.1907653808594 258.94232177734375 434.7162380218506 258.94232177734375 434.7162380218506 296.11669158935547 419.1907653808594 296.11669158935547
418.8155822753906 258.1300354003906 434.1894197463989 258.1300354003906 434.1894197463989 295.2760200500488 418.8155822753906 295.2760200500488
419.60284423828125 258.45062255859375 434.42244148254395 258.45062255859375 434.42244148254395 295.5141830444336 419.60284423828125 295.5141830444336
418.94085693359375 258.9001159667969 434.09942626953125 258.9001159667969 434.09942626953125 295.59373474121094 418.94085693359375 295.59373474121094
418.63018798828125 259.056396484375 433.94004344940186 259.056396484375 433.94004344940186 295.43915939331055 418.63018798828125 295.43915939331055
418.87109375 259.5357360839844 433.8337631225586 259.5357360839844 433.8337631225586 295.61795806884766 418.87109375 295.61795806884766
419.79388427734375 259.64373779296875 434.7421417236328 259.64373779296875 434.7421417236328 295.6793403625488 419.79388427734375 295.6793403625488
419.4200134277344 259.29058837890625 434.73968982696533 259.29058837890625 434.73968982696533 295.6201477050781 419.4200134277344 295.6201477050781
419.6986389160156 258.3345947265625 434.7501630783081 258.3345947265625 434.7501630783081 295.54920196533203 419.6986389160156 295.54920196533203
419.88916015625 259.30987548828125 434.94232749938965 259.30987548828125 434.94232749938965 296.52136993408203 419.88916015625 296.52136993408203
419.6426696777344 259.8147888183594 434.8843307495117 259.8147888183594 434.8843307495117 296.56836318969727 419.6426696777344 296.56836318969727
419.22625732421875 259.6617736816406 434.9096727371216 259.6617736816406 434.9096727371216 296.1981544494629 419.22625732421875 296.1981544494629
420.73175048828125 259.5092468261719 435.91675090789795 259.5092468261719 435.91675090789795 296.1028938293457 420.73175048828125 296.1028938293457
420.6891174316406 259.8453674316406 435.69004821777344 259.8453674316406 435.69004821777344 296.6717185974121 420.6891174316406 296.6717185974121
421.04119873046875 259.8984680175781 436.0182628631592 259.8984680175781 436.0182628631592 296.09030532836914 421.04119873046875 296.09030532836914
420.35723876953125 259.9151916503906 435.24509620666504 259.9151916503906 435.24509620666504 296.8533706665039 420.35723876953125 296.8533706665039
420.7748107910156 259.85589599609375 435.35597705841064 259.85589599609375 435.35597705841064 295.7665786743164 420.7748107910156 295.7665786743164
420.8082580566406 259.72857666015625 435.2284622192383 259.72857666015625 435.2284622192383 295.9513168334961 420.8082580566406 295.9513168334961
420.3494567871094 260.7334289550781 435.5000705718994 260.7334289550781 435.5000705718994 296.61975860595703 420.3494567871094 296.61975860595703
420.3706970214844 259.3715515136719 435.51863861083984 259.3715515136719 435.51863861083984 295.5354537963867 420.3706970214844 295.5354537963867
420.74560546875 259.0777282714844 435.83523750305176 259.0777282714844 435.83523750305176 295.73519134521484 420.74560546875 295.73519134521484
420.29083251953125 260.2518615722656 435.37658882141113 260.2518615722656 435.37658882141113 296.79732513427734 420.29083251953125 296.79732513427734
421.09747314453125 261.0380554199219 436.3451404571533 261.0380554199219 436.3451404571533 296.7638473510742 421.09747314453125 296.7638473510742
421.049072265625 259.2504577636719 436.1133804321289 259.2504577636719 436.1133804321289 296.2708206176758 421.049072265625 296.2708206176758
420.78314208984375 260.05120849609375 435.7321720123291 260.05120849609375 435.7321720123291 296.3192672729492 420.78314208984375 296.3192672729492
421.0193786621094 260.27667236328125 435.3834991455078 260.27667236328125 435.3834991455078 296.4803695678711 421.0193786621094 296.4803695678711
420.88201904296875 260.7333679199219 435.63172149658203 260.7333679199219 435.63172149658203 296.6163520812988 420.88201904296875 296.6163520812988
421.06549072265625 259.74407958984375 435.8981475830078 259.74407958984375 435.8981475830078 296.1758041381836 421.06549072265625 296.1758041381836
420.64569091796875 260.32061767578125 435.5013599395752 260.32061767578125 435.5013599395752 296.2713851928711 420.64569091796875 296.2713851928711
421.1424865722656 259.903076171875 435.64568519592285 259.903076171875 435.64568519592285 296.56632232666016 421.1424865722656 296.56632232666016
420.7431640625 260.6153259277344 435.73749351501465 260.6153259277344 435.73749351501465 296.8753547668457 420.7431640625 296.8753547668457
421.01397705078125 259.9501647949219 436.19278717041016 259.9501647949219 436.19278717041016 297.0891342163086 421.01397705078125 297.0891342163086
421.046875 259.65631103515625 435.92040824890137 259.65631103515625 435.92040824890137 296.6281051635742 421.046875 296.6281051635742
421.3277282714844 259.963623046875 436.1346073150635 259.963623046875 436.1346073150635 296.8414993286133 421.3277282714844 296.8414993286133
420.39434814453125 260.4452819824219 435.49948596954346 260.4452819824219 435.49948596954346 297.3781280517578 420.39434814453125 297.3781280517578
420.75714111328125 260.05487060546875 435.72217750549316 260.05487060546875 435.72217750549316 296.78226470947266 420.75714111328125 296.78226470947266
421.34869384765625 259.80645751953125 436.18920612335205 259.80645751953125 436.18920612335205 296.4655532836914 421.34869384765625 296.4655532836914
421.36883544921875 260.66436767578125 435.88751697540283 260.66436767578125 435.88751697540283 296.7131118774414 421.36883544921875 296.7131118774414
420.834228515625 260.6844482421875 435.8733215332031 260.6844482421875 435.8733215332031 297.0045051574707 420.834228515625 297.0045051574707
421.0888671875 259.8403015136719 436.0860652923584 259.8403015136719 436.0860652923584 296.9591178894043 421.0888671875 296.9591178894043
420.989501953125 259.7327575683594 435.6332607269287 259.7327575683594 435.6332607269287 296.6947784423828 420.989501953125 296.6947784423828
420.30609130859375 261.30853271484375 435.3914489746094 261.30853271484375 435.3914489746094 297.6459655761719 420.30609130859375 297.6459655761719
420.3314514160156 261.56866455078125 435.3945646286011 261.56866455078125 435.3945646286011 297.62903594970703 420.3314514160156 297.62903594970703
420.10357666015625 259.9156188964844 435.51299571990967 259.9156188964844 435.51299571990967 296.5961723327637 420.10357666015625 296.5961723327637
421.03680419921875 260.355712890625 435.611083984375 260.355712890625 435.611083984375 296.62925720214844 421.03680419921875 296.62925720214844
420.9190979003906 260.372314453125 435.63861656188965 260.372314453125 435.63861656188965 296.68852615356445 420.9190979003906 296.68852615356445
420.20416259765625 261.5419921875 435.4957914352417 261.5419921875 435.4957914352417 297.9886169433594 420.20416259765625 297.9886169433594
421.092529296875 260.5257873535156 436.0022611618042 260.5257873535156 436.0022611618042 297.2745056152344 421.092529296875 297.2745056152344
421.14739990234375 260.5491027832031 435.8509578704834 260.5491027832031 435.8509578704834 297.2198066711426 421.14739990234375 297.2198066711426
421.1817321777344 260.2298889160156 436.0043201446533 260.2298889160156 436.0043201446533 296.84617614746094 421.1817321777344 296.84617614746094
420.515869140625 260.90185546875 435.90209007263184 260.90185546875 435.90209007263184 297.8229064941406 420.515869140625 297.8229064941406
420.79742431640625 260.24652099609375 435.94268226623535 260.24652099609375 435.94268226623535 297.35277557373047 420.79742431640625 297.35277557373047
421.186767578125 259.59271240234375 436.11815643310547 259.59271240234375 436.11815643310547 296.5363540649414 421.186767578125 296.5363540649414
420.99200439453125 261.3505859375 435.7010726928711 261.3505859375 435.7010726928711 297.66654205322266 420.99200439453125 297.66654205322266
420.7579040527344 260.81634521484375 435.81833934783936 260.81634521484375 435.81833934783936 297.43993377685547 420.7579040527344 297.43993377685547
420.393798828125 260.346435546875 435.7678623199463 260.346435546875 435.7678623199463 296.9580421447754 420.393798828125 296.9580421447754
421.68206787109375 259.7220153808594 436.4930601119995 259.7220153808594 436.4930601119995 296.84290313720703 421.68206787109375 296.84290313720703
421.2569885253906 260.14068603515625 436.1601457595825 260.14068603515625 436.1601457595825 296.615665435791 421.2569885253906 296.615665435791
421.357177734375 260.3600769042969 436.4182300567627 260.3600769042969 436.4182300567627 297.1339797973633 421.357177734375 297.1339797973633
420.6400451660156 260.72235107421875 435.946177482605 260.72235107421875 435.946177482605 297.5410270690918 420.6400451660156 297.5410270690918
421.60772705078125 260.20843505859375 436.7387971878052 260.20843505859375 436.7387971878052 297.21532440185547 421.60772705078125 297.21532440185547
421.17144775390625 260.98724365234375 436.28509521484375 260.98724365234375 436.28509521484375 297.70689392089844 421.17144775390625 297.70689392089844
420.9410095214844 260.9195251464844 436.5937604904175 260.9195251464844 436.5937604904175 297.9297866821289 420.9410095214844 297.9297866821289
420.59405517578125 260.36041259765625 435.95648193359375 260.36041259765625 435.95648193359375 297.3574676513672 420.59405517578125 297.3574676513672
421.375732421875 260.7337341308594 436.12693786621094 260.7337341308594 436.12693786621094 297.23673248291016 421.375732421875 297.23673248291016
421.6197814941406 260.7657165527344 436.59046459198 260.7657165527344 436.59046459198 297.3169136047363 421.6197814941406 297.3169136047363
421.304443359375 260.73291015625 436.4967575073242 260.73291015625 436.4967575073242 297.5014762878418 421.304443359375 297.5014762878418
421.16204833984375 260.3158264160156 436.0489320755005 260.3158264160156 436.0489320755005 297.2203788757324 421.16204833984375 297.2203788757324
421.90338134765625 260.05780029296875 436.5032320022583 260.05780029296875 436.5032320022583 296.8668098449707 421.90338134765625 296.8668098449707
421.8458557128906 260.51177978515625 436.4538927078247 260.51177978515625 436.4538927078247 297.12562561035156 421.8458557128906 297.12562561035156
421.40679931640625 260.81170654296875 436.3913516998291 260.81170654296875 436.3913516998291 297.7497024536133 421.40679931640625 297.7497024536133
420.9109802246094 260.54107666015625 436.00269508361816 260.54107666015625 436.00269508361816 297.4176902770996 420.9109802246094 297.4176902770996
421.1333923339844 260.71417236328125 436.08547496795654 260.71417236328125 436.08547496795654 297.60498428344727 421.1333923339844 297.60498428344727
421.2296447753906 260.8301086425781 436.26197814941406 260.8301086425781 436.26197814941406 297.23101806640625 421.2296447753906 297.23101806640625
421.3551330566406 261.0860900878906 436.53832721710205 261.0860900878906 436.53832721710205 297.9303436279297 421.3551330566406 297.9303436279297
421.3059997558594 260.63507080078125 436.30114459991455 260.63507080078125 436.30114459991455 297.636775970459 421.3059997558594 297.636775970459
421.7041015625 260.62408447265625 436.2497253417969 260.62408447265625 436.2497253417969 296.7640609741211 421.7041015625 296.7640609741211
421.64892578125 261.1112365722656 436.31107902526855 261.1112365722656 436.31107902526855 297.12924575805664 421.64892578125 297.12924575805664
421.3926696777344 260.6145324707031 436.54508209228516 260.6145324707031 436.54508209228516 297.4093017578125 421.3926696777344 297.4093017578125
421.1573791503906 260.18206787109375 436.60619831085205 260.18206787109375 436.60619831085205 297.08695220947266 421.1573791503906 297.08695220947266
421.928466796875 259.5535583496094 437.2458019256592 259.5535583496094 437.2458019256592 297.08226013183594 421.928466796875 297.08226013183594
421.6687927246094 260.41278076171875 437.0871534347534 260.41278076171875 437.0871534347534 297.9832878112793 421.6687927246094 297.9832878112793
421.259521484375 260.9252014160156 437.1680316925049 260.9252014160156 437.1680316925049 298.3149642944336 421.259521484375 298.3149642944336
421.28961181640625 260.2430725097656 437.10191345214844 260.2430725097656 437.10191345214844 297.0095443725586 421.28961181640625 297.0095443725586
421.0213928222656 260.3597717285156 436.96973419189453 260.3597717285156 436.96973419189453 297.3434638977051 421.0213928222656 297.3434638977051
421.2134704589844 260.82879638671875 436.98594856262207 260.82879638671875 436.98594856262207 297.7595443725586 421.2134704589844 297.7595443725586
421.1780700683594 261.51165771484375 437.33290100097656 261.51165771484375 437.33290100097656 297.9448928833008 421.1780700683594 297.9448928833008
421.66668701171875 260.1756896972656 438.0404357910156 260.1756896972656 438.0404357910156 297.4140625 421.66668701171875 297.4140625
421.21453857421875 260.295654296875 437.34327507019043 260.295654296875 437.34327507019043 297.7834243774414 421.21453857421875 297.7834243774414
421.11956787109375 260.60906982421875 437.02363777160645 260.60906982421875 437.02363777160645 297.36832427978516 421.11956787109375 297.36832427978516
421.95440673828125 260.4806823730469 437.3684844970703 260.4806823730469 437.3684844970703 297.3311538696289 421.95440673828125 297.3311538696289
420.7066345214844 261.47467041015625 436.55688190460205 261.47467041015625 436.55688190460205 297.7366485595703 420.7066345214844 297.7366485595703
420.68603515625 261.52911376953125 436.7610378265381 261.52911376953125 436.7610378265381 297.71145248413086 420.68603515625 297.71145248413086
421.4920959472656 260.9244079589844 437.43119525909424 260.9244079589844 437.43119525909424 298.24577713012695 421.4920959472656 298.24577713012695
421.82769775390625 262.0948181152344 438.14780616760254 262.0948181152344 438.14780616760254 298.74691009521484 421.82769775390625 298.74691009521484
421.1307678222656 260.99359130859375 437.1974296569824 260.99359130859375 437.1974296569824 297.8943786621094 421.1307678222656 297.8943786621094
421.0813903808594 260.9903564453125 437.1660270690918 260.9903564453125 437.1660270690918 297.5694122314453 421.0813903808594 297.5694122314453
420.83233642578125 262.1411437988281 437.1744270324707 262.1411437988281 437.1744270324707 298.3882598876953 420.83233642578125 298.3882598876953
419.75201416015625 261.66156005859375 436.64709854125977 261.66156005859375 436.64709854125977 298.74987030029297 419.75201416015625 298.74987030029297
419.8133239746094 261.1826171875 436.3005561828613 261.1826171875 436.3005561828613 298.8680953979492 419.8133239746094 298.8680953979492
419.23077392578125 260.42938232421875 436.03658294677734 260.42938232421875 436.03658294677734 297.98856353759766 419.23077392578125 297.98856353759766
419.9713439941406 260.15625 436.4178867340088 260.15625 436.4178867340088 298.1778030395508 419.9713439941406 298.1778030395508
419.49371337890625 260.2193298339844 435.6089286804199 260.2193298339844 435.6089286804199 298.0577964782715 419.49371337890625 298.0577964782715
419.8592834472656 259.87567138671875 435.69586753845215 259.87567138671875 435.69586753845215 297.6846504211426 419.8592834472656 297.6846504211426
419.5931091308594 260.8597412109375 435.58678436279297 260.8597412109375 435.58678436279297 298.7820739746094 419.5931091308594 298.7820739746094
419.73602294921875 260.38580322265625 435.2987365722656 260.38580322265625 435.2987365722656 298.09207916259766 419.73602294921875 298.09207916259766
419.6805725097656 260.2610778808594 435.2935380935669 260.2610778808594 435.2935380935669 298.118106842041 419.6805725097656 298.118106842041
419.998779296875 260.073974609375 435.5748624801636 260.073974609375 435.5748624801636 297.6601905822754 419.998779296875 297.6601905822754
419.8114318847656 260.42144775390625 435.6810712814331 260.42144775390625 435.6810712814331 297.7877883911133 419.8114318847656 297.7877883911133
420.57440185546875 260.51873779296875 436.0980758666992 260.51873779296875 436.0980758666992 297.55169677734375 420.57440185546875 297.55169677734375
419.98590087890625 260.7087707519531 435.4075975418091 260.7087707519531 435.4075975418091 297.5765495300293 419.98590087890625 297.5765495300293
420.0445861816406 260.27667236328125 435.5258512496948 260.27667236328125 435.5258512496948 297.1172294616699 420.0445861816406 297.1172294616699
419.7701721191406 260.92315673828125 435.609655380249 260.92315673828125 435.609655380249 297.8435287475586 419.7701721191406 297.8435287475586
420.3656311035156 261.5921936035156 435.8294677734375 261.5921936035156 435.8294677734375 297.77115631103516 420.3656311035156 297.77115631103516
420.275390625 261.02740478515625 435.7527437210083 261.02740478515625 435.7527437210083 297.64752197265625 420.275390625 297.64752197265625
420.30670166015625 260.7318420410156 436.1090669631958 260.7318420410156 436.1090669631958 297.3200798034668 420.30670166015625 297.3200798034668
420.5721130371094 261.416259765625 436.5004072189331 261.416259765625 436.5004072189331 297.9149055480957 420.5721130371094 297.9149055480957
419.90692138671875 260.89501953125 436.1219596862793 260.89501953125 436.1219596862793 297.8530693054199 419.90692138671875 297.8530693054199
420.2327575683594 260.446533203125 436.43580055236816 260.446533203125 436.43580055236816 297.29372787475586 420.2327575683594 297.29372787475586
420.354736328125 260.2567138671875 436.4687042236328 260.2567138671875 436.4687042236328 297.3554916381836 420.354736328125 297.3554916381836
419.89404296875 260.6352233886719 435.8766813278198 260.6352233886719 435.8766813278198 297.3862724304199 419.89404296875 297.3862724304199
420.5478515625 260.38507080078125 436.384241104126 260.38507080078125 436.384241104126 297.2730712890625 420.5478515625 297.2730712890625
420.8865661621094 260.5610046386719 436.5334072113037 260.5610046386719 436.5334072113037 297.0925598144531 420.8865661621094 297.0925598144531
421.15521240234375 260.090087890625 436.49574089050293 260.090087890625 436.49574089050293 296.26444244384766 421.15521240234375 296.26444244384766
421.57086181640625 259.8380126953125 436.9277877807617 259.8380126953125 436.9277877807617 295.66747283935547 421.57086181640625 295.66747283935547
421.4769592285156 260.28521728515625 437.02252769470215 260.28521728515625 437.02252769470215 296.6077880859375 421.4769592285156 296.6077880859375
420.57611083984375 261.33447265625 436.35372734069824 261.33447265625 436.35372734069824 297.6878242492676 420.57611083984375 297.6878242492676
420.9132385253906 260.79443359375 436.3635730743408 260.79443359375 436.3635730743408 296.7066116333008 420.9132385253906 296.7066116333008
421.39111328125 260.5203857421875 436.80893898010254 260.5203857421875 436.80893898010254 296.1981506347656 421.39111328125 296.1981506347656
421.0414123535156 261.109619140625 436.59508991241455 261.109619140625 436.59508991241455 297.0892524719238 421.0414123535156 297.0892524719238
421.2110900878906 260.56060791015625 436.6691589355469 260.56060791015625 436.6691589355469 296.6470756530762 421.2110900878906 296.6470756530762
421.41302490234375 260.0231018066406 436.7868022918701 260.0231018066406 436.7868022918701 295.65082931518555 421.41302490234375 295.65082931518555
421.67401123046875 260.4278869628906 436.6920566558838 260.4278869628906 436.6920566558838 296.29857635498047 421.67401123046875 296.29857635498047
421.0929260253906 261.39215087890625 436.19555950164795 261.39215087890625 436.19555950164795 296.89672088623047 421.0929260253906 296.89672088623047
421.4252014160156 261.9800720214844 436.8378858566284 261.9800720214844 436.8378858566284 297.37285232543945 421.4252014160156 297.37285232543945
421.1864318847656 260.52691650390625 436.44458198547363 260.52691650390625 436.44458198547363 296.6259651184082 421.1864318847656 296.6259651184082
421.6258850097656 260.53460693359375 436.5447368621826 260.53460693359375 436.5447368621826 296.2829895019531 421.6258850097656 296.2829895019531
421.3692321777344 260.7101135253906 436.4290132522583 260.7101135253906 436.4290132522583 296.7987403869629 421.3692321777344 296.7987403869629
422.0171813964844 260.9704895019531 437.1541996002197 260.9704895019531 437.1541996002197 296.7760238647461 422.0171813964844 296.7760238647461
421.75067138671875 260.6339416503906 436.7314119338989 260.6339416503906 436.7314119338989 296.99843978881836 421.75067138671875 296.99843978881836
421.65362548828125 260.90289306640625 436.5639133453369 260.90289306640625 436.5639133453369 297.0020637512207 421.65362548828125 297.0020637512207
421.9142150878906 260.62445068359375 436.873571395874 260.62445068359375 436.873571395874 296.8989906311035 421.9142150878906 296.8989906311035
421.44189453125 260.84442138671875 436.64801025390625 260.84442138671875 436.64801025390625 297.2112121582031 421.44189453125 297.2112121582031
421.22686767578125 260.6351013183594 436.44134521484375 260.6351013183594 436.44134521484375 297.046630859375 421.22686767578125 297.046630859375
422.29779052734375 260.99884033203125 437.07166290283203 260.99884033203125 437.07166290283203 297.3361396789551 422.29779052734375 297.3361396789551
421.6387634277344 260.8536071777344 436.5762605667114 260.8536071777344 436.5762605667114 296.98851013183594 421.6387634277344 296.98851013183594
421.7460021972656 261.0384826660156 436.9819793701172 261.0384826660156 436.9819793701172 297.31653594970703 421.7460021972656 297.31653594970703
421.12890625 260.5540466308594 436.1580410003662 260.5540466308594 436.1580410003662 297.0696601867676 421.12890625 297.0696601867676
422.1426696777344 260.0400085449219 436.91805267333984 260.0400085449219 436.91805267333984 296.31815338134766 422.1426696777344 296.31815338134766
421.81182861328125 260.47064208984375 436.6558027267456 260.47064208984375 436.6558027267456 296.6689453125 421.81182861328125 296.6689453125
421.6502990722656 261.21466064453125 436.3331890106201 261.21466064453125 436.3331890106201 297.11328125 421.6502990722656 297.11328125
422.117919921875 260.0494079589844 436.7767381668091 260.0494079589844 436.7767381668091 296.3481559753418 422.117919921875 296.3481559753418
421.7403259277344 260.5176696777344 436.54933738708496 260.5176696777344 436.54933738708496 296.5571479797363 421.7403259277344 296.5571479797363
422.5337829589844 259.7673645019531 437.12370014190674 259.7673645019531 437.12370014190674 296.1608200073242 422.5337829589844 296.1608200073242
422.08563232421875 260.18927001953125 436.7353801727295 260.18927001953125 436.7353801727295 296.2641410827637 422.08563232421875 296.2641410827637
421.7733459472656 260.579345703125 436.43930530548096 260.579345703125 436.43930530548096 296.38681411743164 421.7733459472656 296.38681411743164
422.2159118652344 260.46002197265625 436.53303718566895 260.46002197265625 436.53303718566895 296.05273818969727 422.2159118652344 296.05273818969727
421.89825439453125 261.21502685546875 436.133412361145 261.21502685546875 436.133412361145 297.0909194946289 421.89825439453125 297.0909194946289
421.8931579589844 261.31341552734375 436.6787586212158 261.31341552734375 436.6787586212158 297.0719795227051 421.8931579589844 297.0719795227051
421.57232666015625 260.032470703125 436.7523498535156 260.032470703125 436.7523498535156 296.68658447265625 421.57232666015625 296.68658447265625
421.97314453125 260.6819152832031 436.78335762023926 260.6819152832031 436.78335762023926 296.7390480041504 421.97314453125 296.7390480041504
421.9864196777344 261.01947021484375 436.8761959075928 261.01947021484375 436.8761959075928 297.2500190734863 421.9864196777344 297.2500190734863
422.012939453125 260.3359375 437.11043071746826 260.3359375 437.11043071746826 297.0939254760742 422.012939453125 297.0939254760742
421.6063537597656 261.30255126953125 436.70153522491455 261.30255126953125 436.70153522491455 297.2350158691406 421.6063537597656 297.2350158691406
421.89990234375 260.8626708984375 436.84059715270996 260.8626708984375 436.84059715270996 296.917423248291 421.89990234375 296.917423248291
422.06597900390625 261.33856201171875 436.61695671081543 261.33856201171875 436.61695671081543 296.665771484375 422.06597900390625 296.665771484375
421.8006896972656 260.97625732421875 436.8788070678711 260.97625732421875 436.8788070678711 296.8800735473633 421.8006896972656 296.8800735473633
422.1171875 260.6972961425781 437.0494079589844 260.6972961425781 437.0494079589844 296.7162666320801 422.1171875 296.7162666320801
422.1053771972656 258.81134033203125 437.67750549316406 258.81134033203125 437.67750549316406 297.8545112609863 422.1053771972656 297.8545112609863
421.9482421875 261.0628356933594 436.7177734375 261.0628356933594 436.7177734375 296.8438606262207 421.9482421875 296.8438606262207
421.9485778808594 261.201171875 436.72783851623535 261.201171875 436.72783851623535 297.11029052734375 421.9485778808594 297.11029052734375
422.10467529296875 261.07830810546875 436.9176940917969 261.07830810546875 436.9176940917969 297.1282501220703 422.10467529296875 297.1282501220703
422.1326599121094 258.93365478515625 437.6769313812256 258.93365478515625 437.6769313812256 297.7043113708496 422.1326599121094 297.7043113708496
422.51593017578125 259.23291015625 438.0795650482178 259.23291015625 438.0795650482178 298.17212677001953 422.51593017578125 298.17212677001953
422.02239990234375 261.6581726074219 437.18049144744873 261.6581726074219 437.18049144744873 297.763916015625 422.02239990234375 297.763916015625
421.7740783691406 259.7022399902344 437.6709108352661 259.7022399902344 437.6709108352661 298.318790435791 421.7740783691406 298.318790435791
420.78057861328125 253.93392944335938 438.66169357299805 253.93392944335938 438.66169357299805 301.2035827636719 420.78057861328125 301.2035827636719
422.08795166015625 258.63323974609375 438.040150642395 258.63323974609375 438.040150642395 298.22982025146484 422.08795166015625 298.22982025146484
421.50482177734375 259.7164001464844 437.69668197631836 259.7164001464844 437.69668197631836 298.5462417602539 421.50482177734375 298.5462417602539
421.9075622558594 257.6564025878906 438.57274436950684 257.6564025878906 438.57274436950684 299.42008209228516 421.9075622558594 299.42008209228516
421.4830017089844 255.3699188232422 438.76437759399414 255.3699188232422 438.76437759399414 299.64702224731445 421.4830017089844 299.64702224731445
421.49676513671875 252.9856719970703 439.38113594055176 252.9856719970703 439.38113594055176 300.50572967529297 421.49676513671875 300.50572967529297
421.68157958984375 259.15997314453125 437.9239253997803 259.15997314453125 437.9239253997803 298.70101165771484 421.68157958984375 298.70101165771484
422.0060119628906 259.57733154296875 437.9553804397583 259.57733154296875 437.9553804397583 298.8200988769531 422.0060119628906 298.8200988769531
421.3983459472656 254.5441436767578 438.65197372436523 254.5441436767578 438.65197372436523 299.36552810668945 421.3983459472656 299.36552810668945
421.65338134765625 256.69354248046875 438.1958808898926 256.69354248046875 438.1958808898926 299.0693168640137 421.65338134765625 299.0693168640137
421.48944091796875 261.5636901855469 437.12443351745605 261.5636901855469 437.12443351745605 297.964111328125 421.48944091796875 297.964111328125
421.9725646972656 261.2137145996094 437.61201667785645 261.2137145996094 437.61201667785645 297.5680389404297 421.9725646972656 297.5680389404297
421.6351623535156 254.77877807617188 438.9607181549072 254.77877807617188 438.9607181549072 300.05528259277344 421.6351623535156 300.05528259277344
421.86859130859375 261.3403015136719 437.50525665283203 261.3403015136719 437.50525665283203 298.90034103393555 421.86859130859375 298.90034103393555
421.8065490722656 258.74041748046875 438.0398769378662 258.74041748046875 438.0398769378662 299.17105865478516 421.8065490722656 299.17105865478516
421.48846435546875 259.4861145019531 437.9955177307129 259.4861145019531 437.9955177307129 299.8935012817383 421.48846435546875 299.8935012817383
421.12384033203125 253.669677734375 438.880313873291 253.669677734375 438.880313873291 299.57091903686523 421.12384033203125 299.57091903686523
423.120849609375 259.50262451171875 437.88742542266846 259.50262451171875 437.88742542266846 297.13676834106445 423.120849609375 297.13676834106445
421.8106384277344 255.662841796875 438.4628963470459 255.662841796875 438.4628963470459 299.0973701477051 421.8106384277344 299.0973701477051
421.87664794921875 257.0830993652344 438.1709098815918 257.0830993652344 438.1709098815918 300.05295181274414 421.87664794921875 300.05295181274414
421.39874267578125 254.41122436523438 438.1519031524658 254.41122436523438 438.1519031524658 299.59435272216797 421.39874267578125 299.59435272216797
422.2496643066406 255.90347290039062 438.30651664733887 255.90347290039062 438.30651664733887 299.09636306762695 422.2496643066406 299.09636306762695
422.4187927246094 257.36578369140625 436.77051734924316 257.36578369140625 436.77051734924316 296.50215911865234 422.4187927246094 296.50215911865234
421.8069763183594 256.7492980957031 436.58955669403076 256.7492980957031 436.58955669403076 297.09059143066406 421.8069763183594 297.09059143066406
422.14215087890625 257.61004638671875 436.0560932159424 257.61004638671875 436.0560932159424 296.47946548461914 422.14215087890625 296.47946548461914
421.7989807128906 256.0571594238281 436.97861194610596 256.0571594238281 436.97861194610596 296.8240051269531 421.7989807128906 296.8240051269531
422.73260498046875 257.1789245605469 436.74769115448 257.1789245605469 436.74769115448 295.3861198425293 422.73260498046875 295.3861198425293
421.6673889160156 256.9324645996094 436.43475818634033 256.9324645996094 436.43475818634033 294.9341125488281 421.6673889160156 294.9341125488281
420.02008056640625 256.7109680175781 435.2493486404419 256.7109680175781 435.2493486404419 294.5314407348633 420.02008056640625 294.5314407348633
421.0122985839844 256.26153564453125 436.06654357910156 256.26153564453125 436.06654357910156 294.8341636657715 421.0122985839844 294.8341636657715
418.87530517578125 256.8930969238281 434.9701156616211 256.8930969238281 434.9701156616211 295.4327163696289 418.87530517578125 295.4327163696289
419.6800231933594 255.69088745117188 435.6559171676636 255.69088745117188 435.6559171676636 295.03346252441406 419.6800231933594 295.03346252441406
418.9532165527344 256.1490783691406 435.035192489624 256.1490783691406 435.035192489624 294.6270866394043 418.9532165527344 294.6270866394043
417.90093994140625 256.7213439941406 434.8122615814209 256.7213439941406 434.8122615814209 295.7005958557129 417.90093994140625 295.7005958557129
418.40740966796875 256.0809631347656 434.6627616882324 256.0809631347656 434.6627616882324 295.0198211669922 418.40740966796875 295.0198211669922
417.0145568847656 255.6569366455078 433.90972328186035 255.6569366455078 433.90972328186035 295.2669258117676 417.0145568847656 295.2669258117676
409.66253662109375 255.12588500976562 427.19328689575195 255.12588500976562 427.19328689575195 302.3236618041992 409.66253662109375 302.3236618041992
403.6697692871094 258.6177062988281 421.09337615966797 258.6177062988281 421.09337615966797 305.52702713012695 403.6697692871094 305.52702713012695
451.89007568359375 263.68695068359375 469.3723773956299 263.68695068359375 469.3723773956299 310.7542915344238 451.89007568359375 310.7542915344238
474.68011474609375 248.84219360351562 491.7871208190918 248.84219360351562 491.7871208190918 294.89913177490234 474.68011474609375 294.89913177490234
470.7613830566406 248.4551239013672 487.579195022583 248.4551239013672 487.579195022583 293.7334671020508 470.7613830566406 293.7334671020508
472.10601806640625 262.81573486328125 488.7759552001953 262.81573486328125 488.7759552001953 308.8011054992676 472.10601806640625 308.8011054992676
477.60723876953125 268.0696105957031 493.0924587249756 268.0696105957031 493.0924587249756 314.9563522338867 477.60723876953125 314.9563522338867
481.43658447265625 274.4509582519531 495.84680938720703 274.4509582519531 495.84680938720703 322.66827392578125 481.43658447265625 322.66827392578125
475.29705810546875 273.3232727050781 492.5280990600586 273.3232727050781 492.5280990600586 319.71414947509766 475.29705810546875 319.71414947509766
503.0314025878906 272.7695007324219 516.8835124969482 272.7695007324219 516.8835124969482 316.8245162963867 503.0314025878906 316.8245162963867
521.2033081054688 269.2551574707031 536.5963649749756 269.2551574707031 536.5963649749756 314.2621536254883 521.2033081054688 314.2621536254883
511.798583984375 263.103515625 528.3333110809326 263.103515625 528.3333110809326 310.9021797180176 511.798583984375 310.9021797180176
508.7296447753906 262.95660400390625 526.0485954284668 262.95660400390625 526.0485954284668 310.61496353149414 508.7296447753906 310.61496353149414
507.2005310058594 265.76220703125 523.4187068939209 265.76220703125 523.4187068939209 315.67199325561523 507.2005310058594 315.67199325561523
507.1026306152344 275.28790283203125 523.6226997375488 275.28790283203125 523.6226997375488 323.88415908813477 507.1026306152344 323.88415908813477
506.7757263183594 269.87261962890625 524.9563179016113 269.87261962890625 524.9563179016113 321.5581283569336 506.7757263183594 321.5581283569336
505.7831115722656 272.4751892089844 524.0085029602051 272.4751892089844 524.0085029602051 323.1506462097168 505.7831115722656 323.1506462097168
506.9627990722656 275.32647705078125 524.2837581634521 275.32647705078125 524.2837581634521 325.19560623168945 506.9627990722656 325.19560623168945
505.22021484375 271.5467834472656 523.7014465332031 271.5467834472656 523.7014465332031 322.78520584106445 505.22021484375 322.78520584106445
505.8201599121094 270.8168640136719 524.5308456420898 270.8168640136719 524.5308456420898 322.53398513793945 505.8201599121094 322.53398513793945
506.10601806640625 274.52838134765625 523.8889198303223 274.52838134765625 523.8889198303223 324.43943786621094 506.10601806640625 324.43943786621094
505.75030517578125 272.7718811035156 523.6805152893066 272.7718811035156 523.6805152893066 323.0963668823242 505.75030517578125 323.0963668823242
505.78729248046875 275.68133544921875 523.6180000305176 275.68133544921875 523.6180000305176 325.4516372680664 505.78729248046875 325.4516372680664
506.16015625 274.1916809082031 522.9767398834229 274.1916809082031 522.9767398834229 323.3632278442383 506.16015625 323.3632278442383
506.3961486816406 272.06884765625 524.565019607544 272.06884765625 524.565019607544 321.8297691345215 506.3961486816406 321.8297691345215
505.16656494140625 275.2191162109375 523.6773338317871 275.2191162109375 523.6773338317871 325.0554084777832 505.16656494140625 325.0554084777832
505.5154724121094 275.0283203125 524.1438369750977 275.0283203125 524.1438369750977 325.181209564209 505.5154724121094 325.181209564209
506.0480041503906 276.19677734375 523.6059055328369 276.19677734375 523.6059055328369 325.4775390625 506.0480041503906 325.4775390625
505.9921875 275.2110900878906 524.807674407959 275.2110900878906 524.807674407959 325.8677673339844 505.9921875 325.8677673339844
508.31964111328125 276.06280517578125 523.2048797607422 276.06280517578125 523.2048797607422 322.4565124511719 508.31964111328125 322.4565124511719
508.01336669921875 276.6994934082031 523.553747177124 276.6994934082031 523.553747177124 323.422908782959 508.01336669921875 323.422908782959
506.45062255859375 275.19122314453125 525.5220069885254 275.19122314453125 525.5220069885254 326.5368461608887 506.45062255859375 326.5368461608887
507.47906494140625 274.3155517578125 523.5120582580566 274.3155517578125 523.5120582580566 323.878231048584 507.47906494140625 323.878231048584
508.305419921875 272.4333190917969 523.5813875198364 272.4333190917969 523.5813875198364 321.8245048522949 508.305419921875 321.8245048522949
507.476806640625 272.87860107421875 524.119161605835 272.87860107421875 524.119161605835 323.48656463623047 507.476806640625 323.48656463623047
506.0049743652344 271.7137451171875 526.5243988037109 271.7137451171875 526.5243988037109 326.9579086303711 506.0049743652344 326.9579086303711
506.8253479003906 272.27508544921875 526.0673770904541 272.27508544921875 526.0673770904541 325.9170837402344 506.8253479003906 325.9170837402344
505.4478454589844 272.15069580078125 526.0147647857666 272.15069580078125 526.0147647857666 327.5227279663086 505.4478454589844 327.5227279663086
505.240966796875 271.8571472167969 525.9974727630615 271.8571472167969 525.9974727630615 327.7396049499512 505.240966796875 327.7396049499512
505.40203857421875 272.0533447265625 526.5528430938721 272.0533447265625 526.5528430938721 328.9973678588867 505.40203857421875 328.9973678588867
505.4178161621094 269.39898681640625 526.7501564025879 269.39898681640625 526.7501564025879 326.8317565917969 505.4178161621094 326.8317565917969
504.57086181640625 269.96746826171875 526.2453384399414 269.96746826171875 526.2453384399414 328.32136154174805 504.57086181640625 328.32136154174805
504.860107421875 268.99920654296875 526.5323314666748 268.99920654296875 526.5323314666748 327.34703826904297 504.860107421875 327.34703826904297
505.08441162109375 270.6807556152344 526.6322174072266 270.6807556152344 526.6322174072266 328.6936149597168 505.08441162109375 328.6936149597168
504.5746154785156 269.57696533203125 526.4490852355957 269.57696533203125 526.4490852355957 328.46929931640625 504.5746154785156 328.46929931640625
504.49615478515625 269.37847900390625 526.593505859375 269.37847900390625 526.593505859375 328.8708724975586 504.49615478515625 328.8708724975586
504.93621826171875 269.14764404296875 527.4193229675293 269.14764404296875 527.4193229675293 329.6785888671875 504.93621826171875 329.6785888671875
504.77301025390625 267.92132568359375 527.376874923706 267.92132568359375 527.376874923706 328.77739334106445 504.77301025390625 328.77739334106445
505.12109375 266.8162841796875 528.1972198486328 266.8162841796875 528.1972198486328 328.9438171386719 505.12109375 328.9438171386719
504.9762268066406 266.5940246582031 528.0278816223145 266.5940246582031 528.0278816223145 328.65567779541016 504.9762268066406 328.65567779541016
504.89764404296875 266.0840148925781 527.9901084899902 266.0840148925781 527.9901084899902 328.2555465698242 504.89764404296875 328.2555465698242
504.8885803222656 268.26031494140625 527.4495964050293 268.26031494140625 527.4495964050293 329.00103759765625 504.8885803222656 329.00103759765625
504.796875 267.5962829589844 527.4396381378174 267.5962829589844 527.4396381378174 328.55709075927734 504.796875 328.55709075927734
504.89996337890625 267.12432861328125 527.6633377075195 267.12432861328125 527.6633377075195 328.40985107421875 504.89996337890625 328.40985107421875
505.0503845214844 266.2254333496094 528.1211433410645 266.2254333496094 528.1211433410645 328.3385124206543 505.0503845214844 328.3385124206543
504.9227600097656 266.20074462890625 528.1520328521729 266.20074462890625 528.1520328521729 328.7405891418457 504.9227600097656 328.7405891418457
505.17620849609375 264.18096923828125 528.661865234375 264.18096923828125 528.661865234375 327.41107177734375 505.17620849609375 327.41107177734375
504.54791259765625 265.62066650390625 528.0044460296631 265.62066650390625 528.0044460296631 328.7723617553711 504.54791259765625 328.7723617553711
503.64300537109375 267.0413513183594 527.4410419464111 267.0413513183594 527.4410419464111 331.1124725341797 503.64300537109375 331.1124725341797
504.86285400390625 265.94085693359375 528.5802745819092 265.94085693359375 528.5802745819092 329.7949447631836 504.86285400390625 329.7949447631836
504.75323486328125 263.9844665527344 529.0757789611816 263.9844665527344 529.0757789611816 329.46771240234375 504.75323486328125 329.46771240234375
504.3897399902344 265.2493591308594 528.548038482666 265.2493591308594 528.548038482666 330.29041290283203 504.3897399902344 330.29041290283203
504.34271240234375 265.2743225097656 528.4466762542725 265.2743225097656 528.4466762542725 330.1690979003906 504.34271240234375 330.1690979003906
504.09161376953125 265.9511413574219 528.4987983703613 265.9511413574219 528.4987983703613 331.6622772216797 504.09161376953125 331.6622772216797
504.32147216796875 265.68597412109375 528.6257953643799 265.68597412109375 528.6257953643799 331.1201705932617 504.32147216796875 331.1201705932617
503.8297424316406 265.8199157714844 528.0108833312988 265.8199157714844 528.0108833312988 330.92247009277344 503.8297424316406 330.92247009277344
504.14910888671875 266.2893981933594 528.271785736084 266.2893981933594 528.271785736084 331.2345504760742 504.14910888671875 331.2345504760742
504.6598205566406 265.08038330078125 528.4258308410645 265.08038330078125 528.4258308410645 329.0652847290039 504.6598205566406 329.0652847290039
504.70086669921875 265.9681701660156 528.6461753845215 265.9681701660156 528.6461753845215 330.43578338623047 504.70086669921875 330.43578338623047
504.71337890625 266.71923828125 528.252197265625 266.71923828125 528.252197265625 330.0924606323242 504.71337890625 330.0924606323242
504.5270080566406 266.207763671875 528.0067901611328 266.207763671875 528.0067901611328 329.42204666137695 504.5270080566406 329.42204666137695
505.5731506347656 265.85662841796875 528.9991493225098 265.85662841796875 528.9991493225098 328.92610931396484 505.5731506347656 328.92610931396484
505.2298278808594 264.8356628417969 528.5826930999756 264.8356628417969 528.5826930999756 327.70824432373047 505.2298278808594 327.70824432373047
505.4903869628906 266.7955322265625 528.4229431152344 266.7955322265625 528.4229431152344 328.5365219116211 505.4903869628906 328.5365219116211
504.9501953125 267.50030517578125 527.9496726989746 267.50030517578125 527.9496726989746 329.4214668273926 504.9501953125 329.4214668273926
505.3382873535156 267.23590087890625 528.1547622680664 267.23590087890625 528.1547622680664 328.66436767578125 505.3382873535156 328.66436767578125
505.48583984375 266.3365478515625 528.4380226135254 266.3365478515625 528.4380226135254 328.13037872314453 505.48583984375 328.13037872314453
504.9966735839844 266.1842956542969 527.9678974151611 266.1842956542969 527.9678974151611 328.0293884277344 504.9966735839844 328.0293884277344
505.12408447265625 267.51715087890625 527.9258785247803 267.51715087890625 527.9258785247803 328.90608978271484 505.12408447265625 328.90608978271484
505.61376953125 264.5088806152344 528.7433662414551 264.5088806152344 528.7433662414551 326.7803535461426 505.61376953125 326.7803535461426
505.4496154785156 266.8652038574219 528.4835300445557 266.8652038574219 528.4835300445557 328.8790702819824 505.4496154785156 328.8790702819824
505.44610595703125 267.2024230957031 528.5587902069092 267.2024230957031 528.5587902069092 329.4283638000488 505.44610595703125 329.4283638000488
505.1783752441406 267.33905029296875 528.5430793762207 267.33905029296875 528.5430793762207 330.2434997558594 505.1783752441406 330.2434997558594
505.5150451660156 263.5272216796875 529.3138751983643 263.5272216796875 529.3138751983643 327.6004638671875 505.5150451660156 327.6004638671875
505.45599365234375 265.3069152832031 529.1082153320312 265.3069152832031 529.1082153320312 328.9854431152344 505.45599365234375 328.9854431152344
505.01519775390625 265.4102478027344 528.8027286529541 265.4102478027344 528.8027286529541 329.4530563354492 505.01519775390625 329.4530563354492
505.168212890625 267.234619140625 528.7150840759277 267.234619140625 528.7150840759277 330.6295051574707 505.168212890625 330.6295051574707
505.20794677734375 267.787841796875 528.5667362213135 267.787841796875 528.5667362213135 330.6763610839844 505.20794677734375 330.6763610839844
504.6288146972656 267.4573059082031 527.882137298584 267.4573059082031 527.882137298584 330.0618782043457 504.6288146972656 330.0618782043457
505.2893981933594 267.1341247558594 528.3830738067627 267.1341247558594 528.3830738067627 329.3088798522949 505.2893981933594 329.3088798522949
504.9562072753906 266.68060302734375 528.5298137664795 266.68060302734375 528.5298137664795 330.1474723815918 504.9562072753906 330.1474723815918
504.9994201660156 266.2234802246094 528.6390247344971 266.2234802246094 528.6390247344971 329.8680305480957 504.9994201660156 329.8680305480957
505.012451171875 265.16595458984375 528.9309997558594 265.16595458984375 528.9309997558594 329.5615005493164 505.012451171875 329.5615005493164
505.0096130371094 265.81549072265625 528.9468173980713 265.81549072265625 528.9468173980713 330.2612533569336 505.0096130371094 330.2612533569336
504.5043029785156 265.4646301269531 528.7701015472412 265.4646301269531 528.7701015472412 330.79505920410156 504.5043029785156 330.79505920410156
505.4461975097656 264.90087890625 529.8504981994629 264.90087890625 529.8504981994629 330.6041946411133 505.4461975097656 330.6041946411133
505.07330322265625 264.56903076171875 529.5091781616211 264.56903076171875 529.5091781616211 330.3573455810547 505.07330322265625 330.3573455810547
505.271728515625 263.81787109375 529.7913722991943 263.81787109375 529.7913722991943 329.8317108154297 505.271728515625 329.8317108154297
504.63848876953125 264.1758728027344 529.2161293029785 264.1758728027344 529.2161293029785 330.3458557128906 504.63848876953125 330.3458557128906
504.52764892578125 263.9129943847656 529.2083625793457 263.9129943847656 529.2083625793457 330.36048126220703 504.52764892578125 330.36048126220703
504.2599182128906 264.1485595703125 528.9227771759033 264.1485595703125 528.9227771759033 330.5479736328125 504.2599182128906 330.5479736328125
504.7740173339844 264.54620361328125 529.4621849060059 264.54620361328125 529.4621849060059 331.0137481689453 504.7740173339844 331.0137481689453
505.01678466796875 265.2855224609375 529.8620491027832 265.2855224609375 529.8620491027832 332.17601013183594 505.01678466796875 332.17601013183594
504.96527099609375 264.096923828125 529.6283054351807 264.096923828125 529.6283054351807 330.4967956542969 504.96527099609375 330.4967956542969
505.5244140625 264.05035400390625 530.2438011169434 264.05035400390625 530.2438011169434 330.6019515991211 505.5244140625 330.6019515991211
504.5357360839844 263.94122314453125 529.3195457458496 263.94122314453125 529.3195457458496 330.66626739501953 504.5357360839844 330.66626739501953
504.55499267578125 263.88189697265625 529.3412189483643 263.88189697265625 529.3412189483643 330.6134490966797 504.55499267578125 330.6134490966797
505.179443359375 264.11358642578125 529.8586082458496 264.11358642578125 529.8586082458496 330.55690002441406 505.179443359375 330.55690002441406
503.8031311035156 265.29559326171875 528.2025489807129 265.29559326171875 528.2025489807129 330.9857406616211 503.8031311035156 330.9857406616211
504.1336364746094 265.534912109375 528.3230590820312 265.534912109375 528.3230590820312 330.6596908569336 504.1336364746094 330.6596908569336
504.58026123046875 265.28717041015625 528.9582786560059 265.28717041015625 528.9582786560059 330.9197006225586 504.58026123046875 330.9197006225586
503.350830078125 264.66290283203125 527.9689826965332 264.66290283203125 527.9689826965332 330.9419403076172 503.350830078125 330.9419403076172
503.8331604003906 265.9984436035156 528.3619041442871 265.9984436035156 528.3619041442871 332.0367660522461 503.8331604003906 332.0367660522461
504.9070739746094 264.8035583496094 529.3155136108398 264.8035583496094 529.3155136108398 330.5179901123047 504.9070739746094 330.5179901123047
504.09686279296875 263.1107177734375 529.0749588012695 263.1107177734375 529.0749588012695 330.3588180541992 504.09686279296875 330.3588180541992
504.59710693359375 265.2784729003906 529.2505340576172 265.2784729003906 529.2505340576172 331.65247344970703 504.59710693359375 331.65247344970703
503.8706970214844 263.702880859375 529.1557216644287 263.702880859375 529.1557216644287 331.7773208618164 503.8706970214844 331.7773208618164
503.52520751953125 262.8951110839844 529.0948371887207 262.8951110839844 529.0948371887207 331.7357940673828 503.52520751953125 331.7357940673828
503.38397216796875 262.6575622558594 529.3321723937988 262.6575622558594 529.3321723937988 332.51746368408203 503.38397216796875 332.51746368408203
503.7229919433594 261.6097106933594 529.4260063171387 261.6097106933594 529.4260063171387 330.8095016479492 503.7229919433594 330.8095016479492
504.02996826171875 263.68646240234375 529.0546207427979 263.68646240234375 529.0546207427979 331.0599136352539 504.02996826171875 331.0599136352539
504.5459899902344 263.49639892578125 529.5335025787354 263.49639892578125 529.5335025787354 330.7698516845703 504.5459899902344 330.7698516845703
504.06005859375 264.13946533203125 528.5985813140869 264.13946533203125 528.5985813140869 330.20411682128906 504.06005859375 330.20411682128906
504.50604248046875 266.1348571777344 528.9343757629395 266.1348571777344 528.9343757629395 331.90284729003906 504.50604248046875 331.90284729003906
504.36846923828125 265.21002197265625 528.9823513031006 265.21002197265625 528.9823513031006 331.4775619506836 504.36846923828125 331.4775619506836
504.732666015625 264.6263122558594 529.0804500579834 264.6263122558594 529.0804500579834 330.1774444580078 504.732666015625 330.1774444580078
503.4093322753906 263.46832275390625 528.2378902435303 263.46832275390625 528.2378902435303 330.31383514404297 503.4093322753906 330.31383514404297
504.3470764160156 264.52154541015625 528.9429359436035 264.52154541015625 528.9429359436035 330.7405700683594 504.3470764160156 330.7405700683594
503.84820556640625 265.934814453125 528.4864234924316 265.934814453125 528.4864234924316 332.2678756713867 503.84820556640625 332.2678756713867
504.6282653808594 265.81793212890625 528.8798599243164 265.81793212890625 528.8798599243164 331.11009216308594 504.6282653808594 331.11009216308594
503.7904357910156 267.18975830078125 527.8154811859131 267.18975830078125 527.8154811859131 331.87198638916016 503.7904357910156 331.87198638916016
503.95550537109375 267.1483459472656 527.659049987793 267.1483459472656 527.659049987793 330.96500396728516 503.95550537109375 330.96500396728516
504.1856384277344 266.9246520996094 527.9970321655273 266.9246520996094 527.9970321655273 331.0316696166992 504.1856384277344 331.0316696166992
504.59820556640625 266.3202209472656 528.5394954681396 266.3202209472656 528.5394954681396 330.77696228027344 504.59820556640625 330.77696228027344
504.82550048828125 266.74249267578125 528.954568862915 266.74249267578125 528.954568862915 331.7047882080078 504.82550048828125 331.7047882080078
504.64678955078125 266.83843994140625 528.8988666534424 266.83843994140625 528.8988666534424 332.1319122314453 504.64678955078125 332.1319122314453
504.322265625 265.484130859375 528.5019264221191 265.484130859375 528.5019264221191 330.5826416015625 504.322265625 330.5826416015625
504.68182373046875 266.1943054199219 529.0267333984375 266.1943054199219 529.0267333984375 331.7377166748047 504.68182373046875 331.7377166748047
504.35980224609375 266.63134765625 528.5994358062744 266.63134765625 528.5994358062744 331.8913269042969 504.35980224609375 331.8913269042969
503.68890380859375 265.4146423339844 528.1222496032715 265.4146423339844 528.1222496032715 331.1961441040039 503.68890380859375 331.1961441040039
503.99139404296875 265.001953125 528.4651107788086 265.001953125 528.4651107788086 330.8921432495117 503.99139404296875 330.8921432495117
504.07708740234375 267.20098876953125 528.1597366333008 267.20098876953125 528.1597366333008 332.03831481933594 504.07708740234375 332.03831481933594
504.15643310546875 266.7791748046875 528.4481029510498 266.7791748046875 528.4481029510498 332.1792449951172 504.15643310546875 332.1792449951172
504.12994384765625 265.20867919921875 528.6293983459473 265.20867919921875 528.6293983459473 331.1681594848633 504.12994384765625 331.1681594848633
504.10858154296875 266.7199401855469 528.0917434692383 266.7199401855469 528.0917434692383 331.28942108154297 504.10858154296875 331.28942108154297
504.9737854003906 264.48968505859375 529.1675910949707 264.48968505859375 529.1675910949707 329.6262741088867 504.9737854003906 329.6262741088867
504.42572021484375 265.038330078125 528.8947639465332 265.038330078125 528.8947639465332 330.91593170166016 504.42572021484375 330.91593170166016
504.54559326171875 265.1288146972656 529.264009475708 265.1288146972656 529.264009475708 331.6778030395508 504.54559326171875 331.6778030395508
503.97686767578125 263.65576171875 528.8229026794434 263.65576171875 528.8229026794434 330.54833984375 503.97686767578125 330.54833984375
503.5438537597656 264.30731201171875 528.690860748291 264.30731201171875 528.690860748291 332.01019287109375 503.5438537597656 332.01019287109375
504.3177795410156 264.23114013671875 529.6187877655029 264.23114013671875 529.6187877655029 332.3486328125 504.3177795410156 332.3486328125
503.97406005859375 265.0450134277344 529.0560054779053 265.0450134277344 529.0560054779053 332.57273864746094 503.97406005859375 332.57273864746094
503.746337890625 264.11358642578125 528.7056274414062 264.11358642578125 528.7056274414062 331.3110809326172 503.746337890625 331.3110809326172
504.3277893066406 264.44366455078125 529.130090713501 264.44366455078125 529.130090713501 331.21849822998047 504.3277893066406 331.21849822998047
503.7569885253906 264.84405517578125 528.978235244751 264.84405517578125 528.978235244751 332.74681091308594 503.7569885253906 332.74681091308594
503.75689697265625 263.9002380371094 528.8515739440918 263.9002380371094 528.8515739440918 331.4622344970703 503.75689697265625 331.4622344970703
503.64300537109375 265.1776428222656 528.2527008056641 265.1776428222656 528.2527008056641 331.4339294433594 503.64300537109375 331.4339294433594
503.9369201660156 264.62579345703125 528.9307022094727 264.62579345703125 528.9307022094727 331.91615295410156 503.9369201660156 331.91615295410156
503.7537536621094 264.5106201171875 528.7870292663574 264.5106201171875 528.7870292663574 331.9073028564453 503.7537536621094 331.9073028564453
503.5345764160156 263.74713134765625 528.7622985839844 263.74713134765625 528.7622985839844 331.6673126220703 503.5345764160156 331.6673126220703
504.2784118652344 262.2372131347656 529.9563236236572 262.2372131347656 529.9563236236572 331.3694305419922 504.2784118652344 331.3694305419922
504.07733154296875 263.16900634765625 529.4726104736328 263.16900634765625 529.4726104736328 331.54029083251953 504.07733154296875 331.54029083251953
503.62237548828125 263.7431640625 528.5926170349121 263.7431640625 528.5926170349121 330.9701232910156 503.62237548828125 330.9701232910156
504.59765625 264.4442443847656 529.1825046539307 264.4442443847656 529.1825046539307 330.6336135864258 504.59765625 330.6336135864258
504.0638732910156 264.375 528.8097801208496 264.375 528.8097801208496 330.9979782104492 504.0638732910156 330.9979782104492
504.16571044921875 264.17633056640625 528.7001457214355 264.17633056640625 528.7001457214355 330.22996520996094 504.16571044921875 330.22996520996094
504.295166015625 263.6061096191406 529.2294101715088 263.6061096191406 529.2294101715088 330.7361373901367 504.295166015625 330.7361373901367
504.2098693847656 265.3077697753906 528.9489040374756 265.3077697753906 528.9489040374756 331.91223907470703 504.2098693847656 331.91223907470703
504.44134521484375 263.47259521484375 529.6504249572754 263.47259521484375 529.6504249572754 331.3425598144531 504.44134521484375 331.3425598144531
503.61016845703125 263.587646484375 528.7196369171143 263.587646484375 528.7196369171143 331.1894302368164 503.61016845703125 331.1894302368164
503.64947509765625 263.758056640625 528.7623195648193 263.758056640625 528.7623195648193 331.36893463134766 503.64947509765625 331.36893463134766
503.74493408203125 262.8841552734375 529.1269721984863 262.8841552734375 529.1269721984863 331.2197723388672 503.74493408203125 331.2197723388672
503.53997802734375 263.7341613769531 529.1152420043945 263.7341613769531 529.1152420043945 332.5899963378906 503.53997802734375 332.5899963378906
503.5191345214844 262.2295227050781 529.2804565429688 262.2295227050781 529.2804565429688 331.5862808227539 503.5191345214844 331.5862808227539
503.3121643066406 263.5717468261719 528.8356399536133 263.5717468261719 528.8356399536133 332.2881546020508 503.3121643066406 332.2881546020508
503.76123046875 262.8482971191406 529.000825881958 262.8482971191406 529.000825881958 330.80042266845703 503.76123046875 330.80042266845703
502.99945068359375 264.95697021484375 528.1581954956055 264.95697021484375 528.1581954956055 332.69142150878906 502.99945068359375 332.69142150878906
502.91802978515625 263.44244384765625 528.0595417022705 263.44244384765625 528.0595417022705 331.13050842285156 502.91802978515625 331.13050842285156
503.38385009765625 263.10076904296875 528.9019718170166 263.10076904296875 528.9019718170166 331.8027801513672 503.38385009765625 331.8027801513672
504.079833984375 263.01739501953125 529.9157676696777 263.01739501953125 529.9157676696777 332.5750503540039 504.079833984375 332.5750503540039
503.00714111328125 262.3028869628906 529.3646640777588 262.3028869628906 529.3646640777588 333.2648010253906 503.00714111328125 333.2648010253906
503.765625 261.56512451171875 530.1441135406494 261.56512451171875 530.1441135406494 332.5834732055664 503.765625 332.5834732055664
502.54522705078125 262.14593505859375 529.0821990966797 262.14593505859375 529.0821990966797 333.5909652709961 502.54522705078125 333.5909652709961
502.188232421875 261.7822265625 528.9149169921875 261.7822265625 528.9149169921875 333.7380142211914 502.188232421875 333.7380142211914
503.0052185058594 260.75567626953125 529.8169956207275 260.75567626953125 529.8169956207275 332.9405517578125 503.0052185058594 332.9405517578125
502.4524841308594 261.27520751953125 529.2515983581543 261.27520751953125 529.2515983581543 333.42598724365234 502.4524841308594 333.42598724365234
502.6236267089844 262.7307434082031 529.2601165771484 262.7307434082031 529.2601165771484 334.44368743896484 502.6236267089844 334.44368743896484
503.7713928222656 261.68450927734375 530.354419708252 261.68450927734375 530.354419708252 333.2535171508789 503.7713928222656 333.2535171508789
502.8319396972656 264.34490966796875 529.0375366210938 264.34490966796875 529.0375366210938 334.8977737426758 502.8319396972656 334.8977737426758
503.3890686035156 261.2598876953125 529.4597320556641 261.2598876953125 529.4597320556641 331.44947052001953 503.3890686035156 331.44947052001953
502.7347106933594 261.60693359375 529.0210914611816 261.60693359375 529.0210914611816 332.37728118896484 502.7347106933594 332.37728118896484
502.7001953125 261.0303955078125 529.2387580871582 261.0303955078125 529.2387580871582 332.4796829223633 502.7001953125 332.4796829223633
502.33172607421875 260.54461669921875 529.2014217376709 260.54461669921875 529.2014217376709 332.88541412353516 502.33172607421875 332.88541412353516
502.6332092285156 259.8025817871094 529.5521697998047 259.8025817871094 529.5521697998047 332.27601623535156 502.6332092285156 332.27601623535156
502.01318359375 258.0240173339844 529.3409729003906 258.0240173339844 529.3409729003906 331.59812927246094 502.01318359375 331.59812927246094
502.66912841796875 258.62066650390625 530.2995414733887 258.62066650390625 530.2995414733887 333.00952911376953 502.66912841796875 333.00952911376953
501.83831787109375 258.89166259765625 529.8251705169678 258.89166259765625 529.8251705169678 334.2401580810547 501.83831787109375 334.2401580810547
502.5619201660156 259.8395080566406 530.1378479003906 259.8395080566406 530.1378479003906 334.08168029785156 502.5619201660156 334.08168029785156
502.5408630371094 260.4532165527344 530.2020988464355 260.4532165527344 530.2020988464355 334.92506408691406 502.5408630371094 334.92506408691406
502.05889892578125 259.6240234375 530.2590885162354 259.6240234375 530.2590885162354 335.54689025878906 502.05889892578125 335.54689025878906
502.2093200683594 257.0069580078125 530.693078994751 257.0069580078125 530.693078994751 333.69327545166016 502.2093200683594 333.69327545166016
502.17449951171875 256.63275146484375 530.6791877746582 256.63275146484375 530.6791877746582 333.3754119873047 502.17449951171875 333.3754119873047
501.8023986816406 256.2557373046875 530.1184139251709 256.2557373046875 530.1184139251709 332.4904327392578 501.8023986816406 332.4904327392578
502.3966369628906 256.09454345703125 530.8160457611084 256.09454345703125 530.8160457611084 332.60760498046875 502.3966369628906 332.60760498046875
502.10906982421875 257.3971252441406 530.2403373718262 257.3971252441406 530.2403373718262 333.1344299316406 502.10906982421875 333.1344299316406
502.3453063964844 257.46319580078125 530.1575050354004 257.46319580078125 530.1575050354004 332.3414764404297 502.3453063964844 332.3414764404297
502.141845703125 259.3758239746094 529.8982028961182 259.3758239746094 529.8982028961182 334.10376739501953 502.141845703125 334.10376739501953
502.25079345703125 256.8142395019531 529.9855804443359 256.8142395019531 529.9855804443359 331.4841003417969 502.25079345703125 331.4841003417969
502.3702697753906 259.4034118652344 529.9614658355713 259.4034118652344 529.9614658355713 333.68668365478516 502.3702697753906 333.68668365478516
502.20513916015625 258.2242126464844 530.1292572021484 258.2242126464844 530.1292572021484 333.40380859375 502.20513916015625 333.40380859375
501.7701110839844 257.32220458984375 529.7740325927734 257.32220458984375 529.7740325927734 332.71665954589844 501.7701110839844 332.71665954589844
502.041015625 257.3465270996094 530.0909671783447 257.3465270996094 530.0909671783447 332.8649139404297 502.041015625 332.8649139404297
501.83673095703125 256.4376220703125 530.3624668121338 256.4376220703125 530.3624668121338 333.23695373535156 501.83673095703125 333.23695373535156
501.23193359375 255.752685546875 530.1506404876709 255.752685546875 530.1506404876709 333.6100082397461 501.23193359375 333.6100082397461
501.7665100097656 254.7288055419922 530.555154800415 254.7288055419922 530.555154800415 332.2359619140625 501.7665100097656 332.2359619140625
502.02618408203125 257.5978088378906 530.3278503417969 257.5978088378906 530.3278503417969 333.79388427734375 502.02618408203125 333.79388427734375
502.39404296875 257.9888610839844 530.0987663269043 257.9888610839844 530.0987663269043 332.5778045654297 502.39404296875 332.5778045654297
502.0006408691406 258.0240783691406 529.7561740875244 258.0240783691406 529.7561740875244 332.74981689453125 502.0006408691406 332.74981689453125
502.13916015625 260.1364440917969 529.5092163085938 260.1364440917969 529.5092163085938 333.8243637084961 502.13916015625 333.8243637084961
502.84478759765625 257.8536376953125 530.27805519104 257.8536376953125 530.27805519104 331.71173095703125 502.84478759765625 331.71173095703125
502.37872314453125 261.00640869140625 529.6581764221191 261.00640869140625 529.6581764221191 334.4503936767578 502.37872314453125 334.4503936767578
502.96142578125 258.9593811035156 530.7909698486328 258.9593811035156 530.7909698486328 333.8843688964844 502.96142578125 333.8843688964844
502.412841796875 256.9455871582031 530.2031288146973 256.9455871582031 530.2031288146973 331.76488494873047 502.412841796875 331.76488494873047
501.98358154296875 258.9180908203125 529.8723545074463 258.9180908203125 529.8723545074463 334.0025405883789 501.98358154296875 334.0025405883789
502.1620178222656 256.4530334472656 530.4927177429199 256.4530334472656 530.4927177429199 332.72727966308594 502.1620178222656 332.72727966308594
501.67218017578125 256.28375244140625 530.5250091552734 256.28375244140625 530.5250091552734 333.9637145996094 501.67218017578125 333.9637145996094
501.1993103027344 255.80661010742188 530.564640045166 255.80661010742188 530.564640045166 334.86637115478516 501.1993103027344 334.86637115478516
501.45806884765625 257.71990966796875 530.0988883972168 257.71990966796875 530.0988883972168 334.82908630371094 501.45806884765625 334.82908630371094
501.4427795410156 257.00921630859375 530.0999202728271 257.00921630859375 530.0999202728271 334.16233825683594 501.4427795410156 334.16233825683594
501.439453125 257.249267578125 529.8604679107666 257.249267578125 529.8604679107666 333.76666259765625 501.439453125 333.76666259765625
502.04376220703125 256.5809326171875 530.349853515625 256.5809326171875 530.349853515625 332.78892517089844 502.04376220703125 332.78892517089844
502.36553955078125 255.9518280029297 530.8477210998535 255.9518280029297 530.8477210998535 332.63390350341797 502.36553955078125 332.63390350341797
501.61749267578125 255.286865234375 530.2160987854004 255.286865234375 530.2160987854004 332.28238677978516 501.61749267578125 332.28238677978516
502.4901428222656 256.86077880859375 530.4691772460938 256.86077880859375 530.4691772460938 332.18824005126953 502.4901428222656 332.18824005126953
501.7904357910156 258.3372497558594 529.9262294769287 258.3372497558594 529.9262294769287 334.0867462158203 501.7904357910156 334.0867462158203
501.8734436035156 255.53494262695312 530.0701789855957 255.53494262695312 530.0701789855957 331.44850158691406 501.8734436035156 331.44850158691406
501.7806701660156 256.3002624511719 530.0570220947266 256.3002624511719 530.0570220947266 332.4281768798828 501.7806701660156 332.4281768798828
501.8289489746094 255.56246948242188 530.7001399993896 255.56246948242188 530.7001399993896 333.29185485839844 501.8289489746094 333.29185485839844
502.177490234375 256.19281005859375 530.93239402771 256.19281005859375 530.93239402771 333.60911560058594 502.177490234375 333.60911560058594
502.3795471191406 255.20022583007812 531.217981338501 255.20022583007812 531.217981338501 332.84141540527344 502.3795471191406 332.84141540527344
501.89874267578125 255.9626922607422 530.695613861084 255.9626922607422 530.695613861084 333.4919891357422 501.89874267578125 333.4919891357422
502.2748107910156 255.4467315673828 531.6541233062744 255.4467315673828 531.6541233062744 334.54412841796875 502.2748107910156 334.54412841796875
502.167724609375 255.0143585205078 531.3536643981934 255.0143585205078 531.3536643981934 333.5911407470703 502.167724609375 333.5911407470703
501.8905334472656 254.6471405029297 531.0844974517822 254.6471405029297 531.0844974517822 333.2455139160156 501.8905334472656 333.2455139160156
501.91522216796875 254.16836547851562 531.0661506652832 254.16836547851562 531.0661506652832 332.65086364746094 501.91522216796875 332.65086364746094
501.60382080078125 256.04156494140625 531.0121307373047 256.04156494140625 531.0121307373047 335.2170104980469 501.60382080078125 335.2170104980469
501.56060791015625 254.96743774414062 530.9850521087646 254.96743774414062 530.9850521087646 334.18631744384766 501.56060791015625 334.18631744384766
501.1905822753906 255.0940704345703 530.5360164642334 255.0940704345703 530.5360164642334 334.10023498535156 501.1905822753906 334.10023498535156
501.48956298828125 255.08407592773438 530.5973567962646 255.08407592773438 530.5973567962646 333.45045471191406 501.48956298828125 333.45045471191406
501.796630859375 255.8082733154297 530.5762691497803 255.8082733154297 530.5762691497803 333.2911682128906 501.796630859375 333.2911682128906
501.2976989746094 256.01531982421875 530.2176914215088 256.01531982421875 530.2176914215088 333.87608337402344 501.2976989746094 333.87608337402344
501.52764892578125 254.7736358642578 530.4515132904053 254.7736358642578 530.4515132904053 332.6448287963867 501.52764892578125 332.6448287963867
500.859375 257.7605895996094 529.8618965148926 257.7605895996094 529.8618965148926 335.84354400634766 500.859375 335.84354400634766
501.06781005859375 255.1543426513672 530.5223751068115 255.1543426513672 530.5223751068115 334.4543151855469 501.06781005859375 334.4543151855469
501.49517822265625 254.42068481445312 531.0972175598145 254.42068481445312 531.0972175598145 334.1176986694336 501.49517822265625 334.1176986694336
501.33331298828125 252.35055541992188 531.6283531188965 252.35055541992188 531.6283531188965 333.91332244873047 501.33331298828125 333.91332244873047
501.0716857910156 253.3083038330078 531.2442111968994 253.3083038330078 531.2442111968994 334.5412292480469 501.0716857910156 334.5412292480469
500.7103576660156 253.49203491210938 531.3431434631348 253.49203491210938 531.3431434631348 335.96411895751953 500.7103576660156 335.96411895751953
500.142822265625 254.68069458007812 531.0697593688965 254.68069458007812 531.0697593688965 337.94471740722656 500.142822265625 337.94471740722656
500.7760314941406 249.6361083984375 531.7354278564453 249.6361083984375 531.7354278564453 332.9875259399414 500.7760314941406 332.9875259399414
500.689453125 253.576171875 531.5342502593994 253.576171875 531.5342502593994 336.6190643310547 500.689453125 336.6190643310547
500.4339904785156 253.091796875 531.2199363708496 253.091796875 531.2199363708496 335.9762496948242 500.4339904785156 335.9762496948242
500.29364013671875 254.3363800048828 531.0329093933105 254.3363800048828 531.0329093933105 337.0951690673828 500.29364013671875 337.0951690673828
501.55267333984375 252.93154907226562 532.1225166320801 252.93154907226562 532.1225166320801 335.2341842651367 501.55267333984375 335.2341842651367
500.375732421875 251.99234008789062 530.9548835754395 251.99234008789062 530.9548835754395 334.3200225830078 500.375732421875 334.3200225830078
501.0857849121094 254.91336059570312 531.4100189208984 254.91336059570312 531.4100189208984 336.5547332763672 501.0857849121094 336.5547332763672
500.47900390625 252.4375457763672 530.9620552062988 252.4375457763672 530.9620552062988 334.5065002441406 500.47900390625 334.5065002441406
501.0845642089844 252.88040161132812 531.7227993011475 252.88040161132812 531.7227993011475 335.36714935302734 501.0845642089844 335.36714935302734
500.17987060546875 252.2221221923828 530.8571109771729 252.2221221923828 530.8571109771729 334.81388092041016 500.17987060546875 334.81388092041016
501.21826171875 253.5163116455078 531.7914428710938 253.5163116455078 531.7914428710938 335.8279113769531 501.21826171875 335.8279113769531
500.6180725097656 253.80746459960938 531.3413963317871 253.80746459960938 531.3413963317871 336.52330017089844 500.6180725097656 336.52330017089844
500.5367126464844 252.2524871826172 531.1831703186035 252.2524871826172 531.1831703186035 334.76136779785156 500.5367126464844 334.76136779785156
501.5460510253906 251.61965942382812 532.4334774017334 251.61965942382812 532.4334774017334 334.7772903442383 501.5460510253906 334.7772903442383
500.79119873046875 254.289306640625 531.5301094055176 254.289306640625 531.5301094055176 337.0470962524414 500.79119873046875 337.0470962524414
500.7452087402344 253.37887573242188 531.6054992675781 253.37887573242188 531.6054992675781 336.4634475708008 500.7452087402344 336.4634475708008
500.81121826171875 252.52157592773438 531.7906436920166 252.52157592773438 531.7906436920166 335.92688751220703 500.81121826171875 335.92688751220703
499.55224609375 251.7706756591797 530.871898651123 251.7706756591797 530.871898651123 336.09197998046875 499.55224609375 336.09197998046875
499.5372619628906 252.22787475585938 531.0884094238281 252.22787475585938 531.0884094238281 337.1724319458008 499.5372619628906 337.1724319458008
500.75030517578125 252.11483764648438 532.2567234039307 252.11483764648438 532.2567234039307 336.93897247314453 500.75030517578125 336.93897247314453
500.68170166015625 252.3354034423828 531.8980598449707 252.3354034423828 531.8980598449707 336.3786163330078 500.68170166015625 336.3786163330078
501.3578186035156 250.5505828857422 532.3990898132324 250.5505828857422 532.3990898132324 334.12242126464844 501.3578186035156 334.12242126464844
500.2603454589844 255.1350860595703 530.8815612792969 255.1350860595703 530.8815612792969 337.5760192871094 500.2603454589844 337.5760192871094
500.5658264160156 253.37612915039062 530.9820709228516 253.37612915039062 530.9820709228516 335.2652282714844 500.5658264160156 335.2652282714844
501.185791015625 252.39028930664062 531.7562618255615 252.39028930664062 531.7562618255615 334.6946029663086 501.185791015625 334.6946029663086
501.4994201660156 253.0315704345703 531.6566562652588 253.0315704345703 531.6566562652588 334.2233352661133 501.4994201660156 334.2233352661133
501.46514892578125 256.3506774902344 531.449462890625 256.3506774902344 531.449462890625 337.07688903808594 501.46514892578125 337.07688903808594
501.2359924316406 254.18368530273438 531.1859550476074 254.18368530273438 531.1859550476074 334.8174133300781 501.2359924316406 334.8174133300781
501.6809997558594 251.73422241210938 531.9587745666504 251.73422241210938 531.9587745666504 333.2505187988281 501.6809997558594 333.2505187988281
501.61395263671875 254.62277221679688 531.1559181213379 254.62277221679688 531.1559181213379 334.15806579589844 501.61395263671875 334.15806579589844
501.0674743652344 256.48504638671875 530.4198551177979 256.48504638671875 530.4198551177979 335.50992584228516 501.0674743652344 335.50992584228516
500.88922119140625 256.43267822265625 530.1441688537598 256.43267822265625 530.1441688537598 335.1952362060547 500.88922119140625 335.1952362060547
502.29132080078125 256.0194396972656 531.1041603088379 256.0194396972656 531.1041603088379 333.5917205810547 502.29132080078125 333.5917205810547
502.15618896484375 256.43841552734375 530.6650638580322 256.43841552734375 530.6650638580322 333.1923370361328 502.15618896484375 333.1923370361328
502.02655029296875 258.31939697265625 530.7183570861816 258.31939697265625 530.7183570861816 335.5658264160156 502.02655029296875 335.5658264160156
501.40289306640625 257.8423156738281 529.9659023284912 257.8423156738281 529.9659023284912 334.7419891357422 501.40289306640625 334.7419891357422
501.4695739746094 257.3538818359375 530.0533447265625 257.3538818359375 530.0533447265625 334.30945587158203 501.4695739746094 334.30945587158203
502.0244140625 256.72930908203125 530.5929012298584 256.72930908203125 530.5929012298584 333.6437301635742 502.0244140625 333.6437301635742
502.05438232421875 257.2479248046875 530.3698616027832 257.2479248046875 530.3698616027832 333.4811706542969 502.05438232421875 333.4811706542969
501.8804626464844 256.83465576171875 530.8464698791504 256.83465576171875 530.8464698791504 334.8193130493164 501.8804626464844 334.8193130493164
501.9658203125 254.8958282470703 531.0416049957275 254.8958282470703 531.0416049957275 333.17603302001953 501.9658203125 333.17603302001953
501.67901611328125 255.525146484375 530.5912132263184 255.525146484375 530.5912132263184 333.3649368286133 501.67901611328125 333.3649368286133
501.6669006347656 256.60540771484375 530.7910404205322 256.60540771484375 530.7910404205322 335.01580810546875 501.6669006347656 335.01580810546875
501.63372802734375 257.2998046875 530.8681030273438 257.2998046875 530.8681030273438 336.0069885253906 501.63372802734375 336.0069885253906
500.75238037109375 256.92620849609375 529.8138675689697 256.92620849609375 529.8138675689697 335.1679229736328 500.75238037109375 335.1679229736328
502.58917236328125 256.3151550292969 531.7684116363525 256.3151550292969 531.7684116363525 334.87389373779297 502.58917236328125 334.87389373779297
501.37054443359375 258.072509765625 530.2597999572754 258.072509765625 530.2597999572754 335.85052490234375 501.37054443359375 335.85052490234375
500.27899169921875 255.57559204101562 529.5246276855469 255.57559204101562 529.5246276855469 334.3130874633789 500.27899169921875 334.3130874633789
502.52484130859375 257.58148193359375 531.3324031829834 257.58148193359375 531.3324031829834 335.13956451416016 502.52484130859375 335.13956451416016
500.56866455078125 255.393310546875 530.2541389465332 255.393310546875 530.2541389465332 335.31497955322266 500.56866455078125 335.31497955322266
501.70098876953125 256.5093688964844 531.3269596099854 256.5093688964844 531.3269596099854 336.2708282470703 501.70098876953125 336.2708282470703
501.6831970214844 256.129150390625 531.360372543335 256.129150390625 531.360372543335 336.0284652709961 501.6831970214844 336.0284652709961
501.44677734375 254.87973022460938 531.066198348999 254.87973022460938 531.066198348999 334.62355041503906 501.44677734375 334.62355041503906
500.94873046875 254.9780731201172 530.5386772155762 254.9780731201172 530.5386772155762 334.64253997802734 500.94873046875 334.64253997802734
501.0335998535156 254.3570556640625 531.0468559265137 254.3570556640625 531.0468559265137 335.1612014770508 501.0335998535156 335.1612014770508
501.0697326660156 255.50405883789062 530.8362922668457 255.50405883789062 530.8362922668457 335.64402770996094 501.0697326660156 335.64402770996094
501.4203186035156 252.9986114501953 531.4130039215088 252.9986114501953 531.4130039215088 333.74737548828125 501.4203186035156 333.74737548828125
500.5758361816406 254.7162322998047 530.2599678039551 254.7162322998047 530.2599678039551 334.63428497314453 500.5758361816406 334.63428497314453
501.7784118652344 254.92318725585938 531.23122215271 254.92318725585938 531.23122215271 334.2184600830078 501.7784118652344 334.2184600830078
501.23974609375 255.2971954345703 530.6556739807129 255.2971954345703 530.6556739807129 334.4931640625 501.23974609375 334.4931640625
501.6365661621094 255.32015991210938 530.4538993835449 255.32015991210938 530.4538993835449 332.90454864501953 501.6365661621094 332.90454864501953
501.7818298339844 256.8209533691406 530.6239356994629 256.8209533691406 530.6239356994629 334.47203063964844 501.7818298339844 334.47203063964844
501.17413330078125 255.8472442626953 530.3607635498047 255.8472442626953 530.3607635498047 334.4258804321289 501.17413330078125 334.4258804321289
501.4891662597656 256.10772705078125 529.9643497467041 256.10772705078125 529.9643497467041 332.77095794677734 501.4891662597656 332.77095794677734
501.6532287597656 256.1473388671875 530.6569366455078 256.1473388671875 530.6569366455078 334.23350524902344 501.6532287597656 334.23350524902344
501.7494201660156 254.6619110107422 530.7703819274902 254.6619110107422 530.7703819274902 332.7945251464844 501.7494201660156 332.7945251464844
501.82403564453125 257.390869140625 530.9028472900391 257.390869140625 530.9028472900391 335.67923736572266 501.82403564453125 335.67923736572266
502.0113830566406 254.99844360351562 531.1285953521729 254.99844360351562 531.1285953521729 333.39019775390625 502.0113830566406 333.39019775390625
501.083984375 254.77499389648438 530.766321182251 254.77499389648438 530.766321182251 334.68822479248047 501.083984375 334.68822479248047
501.410888671875 256.0382995605469 530.802921295166 256.0382995605469 530.802921295166 335.1699523925781 501.410888671875 335.1699523925781
501.21466064453125 256.08984375 530.6413383483887 256.08984375 530.6413383483887 335.3147735595703 501.21466064453125 335.3147735595703
501.35040283203125 255.140625 530.9490013122559 255.140625 530.9490013122559 334.8284149169922 501.35040283203125 334.8284149169922
501.73370361328125 255.51815795898438 531.2545967102051 255.51815795898438 531.2545967102051 334.9967346191406 501.73370361328125 334.9967346191406
502.19940185546875 254.39242553710938 531.8643894195557 254.39242553710938 531.8643894195557 334.2589569091797 502.19940185546875 334.2589569091797
501.9424743652344 256.90472412109375 531.3925437927246 256.90472412109375 531.3925437927246 336.19264221191406 501.9424743652344 336.19264221191406
501.67840576171875 254.5742645263672 531.3828525543213 254.5742645263672 531.3828525543213 334.5470428466797 501.67840576171875 334.5470428466797
501.1717834472656 255.54873657226562 530.6324501037598 255.54873657226562 530.6324501037598 334.8651885986328 501.1717834472656 334.8651885986328
501.42431640625 256.0809326171875 530.416332244873 256.0809326171875 530.416332244873 334.1356430053711 501.42431640625 334.1356430053711
501.1001892089844 257.6919860839844 529.8936710357666 257.6919860839844 529.8936710357666 335.2121887207031 501.1001892089844 335.2121887207031
502.130859375 256.0135803222656 530.586986541748 256.0135803222656 530.586986541748 332.6255340576172 502.130859375 332.6255340576172
501.88995361328125 256.05352783203125 530.4344215393066 256.05352783203125 530.4344215393066 332.9033203125 501.88995361328125 332.9033203125
501.873046875 255.5536346435547 530.3535499572754 255.5536346435547 530.3535499572754 332.2312240600586 501.873046875 332.2312240600586
501.19635009765625 256.1620178222656 529.8011417388916 256.1620178222656 529.8011417388916 333.1742172241211 501.19635009765625 333.1742172241211
501.24444580078125 258.28790283203125 529.5553550720215 258.28790283203125 529.5553550720215 334.50889587402344 501.24444580078125 334.50889587402344
501.93280029296875 254.5268096923828 530.4636726379395 254.5268096923828 530.4636726379395 331.34000396728516 501.93280029296875 331.34000396728516
502.0013732910156 258.31341552734375 530.0838356018066 258.31341552734375 530.0838356018066 333.9193649291992 502.0013732910156 333.9193649291992
501.65185546875 259.7648010253906 529.7272453308105 259.7648010253906 529.7272453308105 335.3517074584961 501.65185546875 335.3517074584961
502.139892578125 256.2491760253906 530.8697814941406 256.2491760253906 530.8697814941406 333.5981750488281 502.139892578125 333.5981750488281
501.9271545410156 258.18023681640625 530.3540534973145 258.18023681640625 530.3540534973145 334.71349334716797 501.9271545410156 334.71349334716797
501.3455505371094 257.1228942871094 529.6984748840332 257.1228942871094 529.6984748840332 333.4569854736328 501.3455505371094 333.4569854736328
500.6560974121094 260.39984130859375 528.5190029144287 260.39984130859375 528.5190029144287 335.41466522216797 500.6560974121094 335.41466522216797
501.8994140625 257.6878967285156 530.0215797424316 257.6878967285156 530.0215797424316 333.4007110595703 501.8994140625 333.4007110595703
501.81243896484375 257.7024841308594 530.1549949645996 257.7024841308594 530.1549949645996 334.00865173339844 501.81243896484375 334.00865173339844
501.75146484375 257.166259765625 529.8805904388428 257.166259765625 529.8805904388428 332.89781188964844 501.75146484375 332.89781188964844
502.114990234375 259.91351318359375 530.1418266296387 259.91351318359375 530.1418266296387 335.3696746826172 502.114990234375 335.3696746826172
502.1549377441406 257.6895446777344 530.0619010925293 257.6895446777344 530.0619010925293 332.8229675292969 502.1549377441406 332.8229675292969
502.51678466796875 256.4244384765625 530.7021732330322 256.4244384765625 530.7021732330322 332.3074493408203 502.51678466796875 332.3074493408203
501.34869384765625 256.8155517578125 529.6526737213135 256.8155517578125 529.6526737213135 333.01783752441406 501.34869384765625 333.01783752441406
501.4114685058594 259.98614501953125 529.3597717285156 259.98614501953125 529.3597717285156 335.23085021972656 501.4114685058594 335.23085021972656
501.8218688964844 256.56805419921875 530.2082672119141 256.56805419921875 530.2082672119141 332.9922332763672 501.8218688964844 332.9922332763672
501.8666076660156 258.5758972167969 530.3795223236084 258.5758972167969 530.3795223236084 335.34069061279297 501.8666076660156 335.34069061279297
501.4920349121094 256.8422546386719 530.1443176269531 256.8422546386719 530.1443176269531 333.9822692871094 501.4920349121094 333.9822692871094
501.5186462402344 258.66058349609375 529.7850742340088 258.66058349609375 529.7850742340088 334.7617721557617 501.5186462402344 334.7617721557617
501.6830139160156 255.60800170898438 530.0304050445557 255.60800170898438 530.0304050445557 331.9271697998047 501.6830139160156 331.9271697998047
502.0924377441406 258.98126220703125 530.3330783843994 258.98126220703125 530.3330783843994 335.01302337646484 502.0924377441406 335.01302337646484
502.05914306640625 257.62255859375 529.6425018310547 257.62255859375 529.6425018310547 331.8847351074219 502.05914306640625 331.8847351074219
502.13458251953125 260.30938720703125 529.41725730896 260.30938720703125 529.41725730896 333.7620315551758 502.13458251953125 333.7620315551758
502.6473693847656 260.27734375 529.9755210876465 260.27734375 529.9755210876465 333.85243225097656 502.6473693847656 333.85243225097656
501.8330993652344 259.9349365234375 528.9753665924072 259.9349365234375 528.9753665924072 333.0095672607422 501.8330993652344 333.0095672607422
502.42901611328125 259.7525939941406 529.5381870269775 259.7525939941406 529.5381870269775 332.7381134033203 502.42901611328125 332.7381134033203
502.5467224121094 262.04766845703125 529.5260677337646 262.04766845703125 529.5260677337646 334.6836700439453 502.5467224121094 334.6836700439453
502.86474609375 259.66925048828125 529.9397583007812 259.66925048828125 529.9397583007812 332.5628204345703 502.86474609375 332.5628204345703
501.85638427734375 260.7259521484375 528.7073936462402 260.7259521484375 528.7073936462402 333.0164489746094 501.85638427734375 333.0164489746094
502.895263671875 259.8856506347656 529.2439785003662 259.8856506347656 529.2439785003662 330.8238296508789 502.895263671875 330.8238296508789
501.9485778808594 261.22625732421875 528.6704521179199 261.22625732421875 528.6704521179199 333.1690902709961 501.9485778808594 333.1690902709961
502.9251403808594 261.01776123046875 529.5714626312256 261.01776123046875 529.5714626312256 332.75718688964844 502.9251403808594 332.75718688964844
502.3660583496094 261.56463623046875 529.0690803527832 261.56463623046875 529.0690803527832 333.4567108154297 502.3660583496094 333.4567108154297
502.70147705078125 262.6600646972656 529.0655918121338 262.6600646972656 529.0655918121338 333.63970947265625 502.70147705078125 333.63970947265625
502.2265625 262.1493225097656 528.9124603271484 262.1493225097656 528.9124603271484 333.9953079223633 502.2265625 333.9953079223633
503.01116943359375 260.8382568359375 529.7367553710938 260.8382568359375 529.7367553710938 332.79109954833984 503.01116943359375 332.79109954833984
502.4609375 260.1119079589844 529.7515621185303 260.1119079589844 529.7515621185303 333.5859909057617 502.4609375 333.5859909057617
502.56768798828125 262.6519470214844 529.6207237243652 262.6519470214844 529.6207237243652 335.4863739013672 502.56768798828125 335.4863739013672
502.9419860839844 261.7101135253906 529.8565578460693 261.7101135253906 529.8565578460693 334.17176055908203 502.9419860839844 334.17176055908203
501.63623046875 260.58831787109375 528.886287689209 260.58831787109375 528.886287689209 333.95318603515625 501.63623046875 333.95318603515625
502.75213623046875 261.9170227050781 529.6531620025635 261.9170227050781 529.6531620025635 334.34220123291016 502.75213623046875 334.34220123291016
502.6025390625 260.7318420410156 529.6136722564697 260.7318420410156 529.6136722564697 333.4534606933594 502.6025390625 333.4534606933594
502.11968994140625 260.81298828125 529.2114219665527 260.81298828125 529.2114219665527 333.75160217285156 502.11968994140625 333.75160217285156
502.633544921875 258.6562805175781 529.9185886383057 258.6562805175781 529.9185886383057 332.11534118652344 502.633544921875 332.11534118652344
502.65203857421875 261.73583984375 529.6136875152588 261.73583984375 529.6136875152588 334.32422637939453 502.65203857421875 334.32422637939453
502.73980712890625 262.55474853515625 529.5421180725098 262.55474853515625 529.5421180725098 334.7141418457031 502.73980712890625 334.7141418457031
502.2689514160156 261.89227294921875 528.9552764892578 261.89227294921875 528.9552764892578 333.7394027709961 502.2689514160156 333.7394027709961
502.60174560546875 262.05426025390625 529.3810024261475 262.05426025390625 529.3810024261475 334.15159606933594 502.60174560546875 334.15159606933594
503.209228515625 260.9322814941406 530.0208702087402 260.9322814941406 530.0208702087402 333.11680603027344 503.209228515625 333.11680603027344
502.1275329589844 260.0530090332031 529.414270401001 260.0530090332031 529.414270401001 333.5166244506836 502.1275329589844 333.5166244506836
501.9212951660156 257.8844299316406 529.8209285736084 257.8844299316406 529.8209285736084 332.99813079833984 501.9212951660156 332.99813079833984
502.0361328125 260.396240234375 529.913366317749 260.396240234375 529.913366317749 335.4496383666992 502.0361328125 335.4496383666992
502.58819580078125 259.7251281738281 530.43896484375 259.7251281738281 530.43896484375 334.70726776123047 502.58819580078125 334.70726776123047
502.2520446777344 260.37164306640625 530.0920295715332 260.37164306640625 530.0920295715332 335.32474517822266 502.2520446777344 335.32474517822266
502.34393310546875 259.63623046875 530.1554565429688 259.63623046875 530.1554565429688 334.51270294189453 502.34393310546875 334.51270294189453
502.0906677246094 258.94085693359375 529.686222076416 258.94085693359375 529.686222076416 333.2358703613281 502.0906677246094 333.2358703613281
502.80877685546875 258.45166015625 530.5309658050537 258.45166015625 530.5309658050537 333.0876159667969 502.80877685546875 333.0876159667969
502.0530700683594 258.6960754394531 529.811695098877 258.6960754394531 529.811695098877 333.4301223754883 502.0530700683594 333.4301223754883
501.83062744140625 260.64276123046875 529.5838012695312 260.64276123046875 529.5838012695312 335.3621368408203 501.83062744140625 335.3621368408203
502.60247802734375 260.2154235839844 530.420093536377 260.2154235839844 530.420093536377 335.10829162597656 502.60247802734375 335.10829162597656
502.80767822265625 258.3412170410156 530.4716911315918 258.3412170410156 530.4716911315918 332.82054901123047 502.80767822265625 332.82054901123047
502.5594787597656 260.28765869140625 529.9721527099609 260.28765869140625 529.9721527099609 334.09031677246094 502.5594787597656 334.09031677246094
502.1953125 260.12640380859375 529.452953338623 260.12640380859375 529.452953338623 333.51168060302734 502.1953125 333.51168060302734
501.63690185546875 258.0005187988281 529.3731937408447 258.0005187988281 529.3731937408447 332.6744613647461 501.63690185546875 332.6744613647461
502.5978088378906 258.3202819824219 530.3481025695801 258.3202819824219 530.3481025695801 333.0319137573242 502.5978088378906 333.0319137573242
502.3173828125 260.60528564453125 529.5837287902832 260.60528564453125 529.5837287902832 334.0139923095703 502.3173828125 334.0139923095703
502.0445861816406 259.81298828125 529.2181148529053 259.81298828125 529.2181148529053 332.9718017578125 502.0445861816406 332.9718017578125
502.66302490234375 260.0542297363281 529.6237525939941 260.0542297363281 529.6237525939941 332.64012145996094 502.66302490234375 332.64012145996094
502.53179931640625 261.118896484375 529.67702293396 261.118896484375 529.67702293396 334.2014923095703 502.53179931640625 334.2014923095703
502.36358642578125 261.4781188964844 529.5123443603516 261.4781188964844 529.5123443603516 334.57022857666016 502.36358642578125 334.57022857666016
502.45965576171875 259.8023376464844 529.4839382171631 259.8023376464844 529.4839382171631 332.55931854248047 502.45965576171875 332.55931854248047
502.83270263671875 260.15362548828125 529.7849178314209 260.15362548828125 529.7849178314209 332.71659088134766 502.83270263671875 332.71659088134766
502.90008544921875 262.29083251953125 529.8684139251709 262.29083251953125 529.8684139251709 334.8971862792969 502.90008544921875 334.8971862792969
502.59991455078125 258.59326171875 529.9715843200684 258.59326171875 529.9715843200684 332.2855224609375 502.59991455078125 332.2855224609375
502.72515869140625 260.16888427734375 530.1858425140381 260.16888427734375 530.1858425140381 334.1008071899414 502.72515869140625 334.1008071899414
502.91986083984375 260.5660400390625 530.1609401702881 260.5660400390625 530.1609401702881 333.90672302246094 502.91986083984375 333.90672302246094
502.45989990234375 260.86175537109375 529.503246307373 260.86175537109375 529.503246307373 333.6700897216797 502.45989990234375 333.6700897216797
502.38653564453125 260.9087829589844 529.468713760376 260.9087829589844 529.468713760376 333.8216552734375 502.38653564453125 333.8216552734375
501.96600341796875 259.56591796875 529.1860542297363 259.56591796875 529.1860542297363 332.84998321533203 501.96600341796875 332.84998321533203
502.37969970703125 259.82806396484375 529.6757469177246 259.82806396484375 529.6757469177246 333.31673431396484 502.37969970703125 333.31673431396484
502.2870178222656 259.7262878417969 529.6823463439941 259.7262878417969 529.6823463439941 333.4822540283203 502.2870178222656 333.4822540283203
502.5281677246094 259.21087646484375 530.0606117248535 259.21087646484375 530.0606117248535 333.3359909057617 502.5281677246094 333.3359909057617
502.375732421875 259.1277770996094 529.9022731781006 259.1277770996094 529.9022731781006 333.2370071411133 502.375732421875 333.2370071411133
502.4502868652344 261.4264221191406 530.1904544830322 261.4264221191406 530.1904544830322 336.1107940673828 502.4502868652344 336.1107940673828
502.79656982421875 259.4718322753906 530.3007659912109 259.4718322753906 530.3007659912109 333.52091217041016 502.79656982421875 333.52091217041016
501.8013610839844 261.19525146484375 529.3238945007324 261.19525146484375 529.3238945007324 335.29370880126953 501.8013610839844 335.29370880126953
502.39404296875 260.9033203125 529.7933769226074 260.9033203125 529.7933769226074 334.6700897216797 502.39404296875 334.6700897216797
502.455810546875 261.0122375488281 529.9342613220215 261.0122375488281 529.9342613220215 334.9920196533203 502.455810546875 334.9920196533203
502.1654357910156 259.77178955078125 529.8409633636475 259.77178955078125 529.8409633636475 334.28216552734375 502.1654357910156 334.28216552734375
502.29840087890625 260.78839111328125 530.207103729248 260.78839111328125 530.207103729248 335.92655181884766 502.29840087890625 335.92655181884766
502.6151428222656 260.7230529785156 530.3602104187012 260.7230529785156 530.3602104187012 335.42066192626953 502.6151428222656 335.42066192626953
502.01287841796875 258.746826171875 529.6706733703613 258.746826171875 529.6706733703613 333.20947265625 502.01287841796875 333.20947265625
502.1576232910156 257.9903869628906 529.8189182281494 257.9903869628906 529.8189182281494 332.4624557495117 502.1576232910156 332.4624557495117
501.9668884277344 260.5628967285156 529.4213352203369 260.5628967285156 529.4213352203369 334.47806549072266 501.9668884277344 334.47806549072266
502.0626525878906 259.706787109375 529.8330116271973 259.706787109375 529.8330116271973 334.4724807739258 502.0626525878906 334.4724807739258
502.2635803222656 259.5713806152344 529.6112403869629 259.5713806152344 529.6112403869629 333.1990432739258 502.2635803222656 333.1990432739258
502.51751708984375 259.5352783203125 530.1346130371094 259.5352783203125 530.1346130371094 333.8883514404297 502.51751708984375 333.8883514404297
501.59625244140625 257.5865173339844 529.3740177154541 257.5865173339844 529.3740177154541 332.3721694946289 501.59625244140625 332.3721694946289
502.4905700683594 260.9111328125 529.950267791748 260.9111328125 529.950267791748 334.8404541015625 502.4905700683594 334.8404541015625
502.2216796875 261.169921875 529.0755825042725 261.169921875 529.0755825042725 333.46827697753906 502.2216796875 333.46827697753906
503.2206115722656 262.19903564453125 530.094898223877 262.19903564453125 530.094898223877 334.5522689819336 503.2206115722656 334.5522689819336
501.981689453125 259.76422119140625 528.8681449890137 259.76422119140625 528.8681449890137 332.1502227783203 501.981689453125 332.1502227783203
501.79229736328125 262.20452880859375 528.5842437744141 262.20452880859375 528.5842437744141 334.3360824584961 501.79229736328125 334.3360824584961
504.03570556640625 261.9185485839844 530.3620662689209 261.9185485839844 530.3620662689209 332.79661560058594 504.03570556640625 332.79661560058594
503.4930725097656 261.84942626953125 529.831335067749 261.84942626953125 529.831335067749 332.7595443725586 503.4930725097656 332.7595443725586
504.176513671875 261.19036865234375 530.3242702484131 261.19036865234375 530.3242702484131 331.5876007080078 504.176513671875 331.5876007080078
503.7044982910156 262.75537109375 529.8102416992188 262.75537109375 529.8102416992188 333.0394821166992 503.7044982910156 333.0394821166992
503.6258850097656 261.8243408203125 529.7661838531494 261.8243408203125 529.7661838531494 332.2014923095703 503.6258850097656 332.2014923095703
502.7972106933594 261.8397521972656 529.0105743408203 261.8397521972656 529.0105743408203 332.41361236572266 502.7972106933594 332.41361236572266
503.6903381347656 262.05377197265625 529.78835105896 262.05377197265625 529.78835105896 332.31707763671875 503.6903381347656 332.31707763671875
503.39764404296875 263.1876525878906 529.6618614196777 263.1876525878906 529.6618614196777 333.89842987060547 503.39764404296875 333.89842987060547
502.6258850097656 262.5367126464844 529.1535186767578 262.5367126464844 529.1535186767578 333.95668029785156 502.6258850097656 333.95668029785156
502.8854064941406 262.40966796875 529.362964630127 262.40966796875 529.362964630127 333.69481658935547 502.8854064941406 333.69481658935547
502.48150634765625 261.8384094238281 529.0206184387207 261.8384094238281 529.0206184387207 333.2892761230469 502.48150634765625 333.2892761230469
502.734619140625 262.48284912109375 529.2302303314209 262.48284912109375 529.2302303314209 333.8165969848633 502.734619140625 333.8165969848633
502.9717712402344 261.3055725097656 529.9217624664307 261.3055725097656 529.9217624664307 333.86263275146484 502.9717712402344 333.86263275146484
502.5140686035156 259.3044738769531 529.7749843597412 259.3044738769531 529.7749843597412 332.6986312866211 502.5140686035156 332.6986312866211
502.41851806640625 260.19342041015625 529.8544006347656 260.19342041015625 529.8544006347656 334.0586395263672 502.41851806640625 334.0586395263672
501.961181640625 261.79083251953125 529.4115447998047 261.79083251953125 529.4115447998047 335.6950378417969 501.961181640625 335.6950378417969
502.276611328125 260.7520446777344 529.6323547363281 260.7520446777344 529.6323547363281 334.40150451660156 502.276611328125 334.40150451660156
503.15447998046875 261.3163146972656 530.0500679016113 261.3163146972656 530.0500679016113 333.7269058227539 503.15447998046875 333.7269058227539
503.16741943359375 262.24493408203125 529.696704864502 262.24493408203125 529.696704864502 333.6693344116211 503.16741943359375 333.6693344116211
502.63739013671875 262.14447021484375 528.9613456726074 262.14447021484375 528.9613456726074 333.0160675048828 502.63739013671875 333.0160675048828
502.86285400390625 262.76727294921875 528.6301116943359 262.76727294921875 528.6301116943359 332.1400833129883 502.86285400390625 332.1400833129883
503.5128479003906 262.8895568847656 528.8379974365234 262.8895568847656 528.8379974365234 331.07208251953125 503.5128479003906 331.07208251953125
503.4453125 263.412841796875 528.8823280334473 263.412841796875 528.8823280334473 331.8965530395508 503.4453125 331.8965530395508
503.65155029296875 262.58294677734375 529.6729545593262 262.58294677734375 529.6729545593262 332.6399917602539 503.65155029296875 332.6399917602539
503.30340576171875 262.8220520019531 529.410213470459 262.8220520019531 529.410213470459 333.10902404785156 503.30340576171875 333.10902404785156
503.40606689453125 263.803466796875 529.1188106536865 263.803466796875 529.1188106536865 333.02950286865234 503.40606689453125 333.02950286865234
503.27294921875 263.07196044921875 529.1568202972412 263.07196044921875 529.1568202972412 332.7587203979492 503.27294921875 332.7587203979492
503.27587890625 262.07415771484375 528.9301719665527 262.07415771484375 528.9301719665527 331.14283752441406 503.27587890625 331.14283752441406
503.5084533691406 264.3426818847656 529.0363445281982 264.3426818847656 529.0363445281982 333.07105255126953 503.5084533691406 333.07105255126953
504.0408630371094 264.5762939453125 529.3199729919434 264.5762939453125 529.3199729919434 332.63487243652344 504.0408630371094 332.63487243652344
504.1446838378906 263.24053955078125 529.4529132843018 263.24053955078125 529.4529132843018 331.3775177001953 504.1446838378906 331.3775177001953
503.479248046875 263.44183349609375 528.9385623931885 263.44183349609375 528.9385623931885 331.9855728149414 503.479248046875 331.9855728149414
502.93670654296875 263.1216735839844 528.5075931549072 263.1216735839844 528.5075931549072 331.9657974243164 502.93670654296875 331.9657974243164
503.9110412597656 263.48614501953125 529.7186584472656 263.48614501953125 529.7186584472656 332.9676208496094 503.9110412597656 332.9676208496094
502.9803771972656 263.9697265625 529.0135135650635 263.9697265625 529.0135135650635 334.05836486816406 502.9803771972656 334.05836486816406
502.3319396972656 262.37139892578125 529.131103515625 262.37139892578125 529.131103515625 334.52239990234375 502.3319396972656 334.52239990234375
502.93157958984375 262.25933837890625 529.6519107818604 262.25933837890625 529.6519107818604 334.1980895996094 502.93157958984375 334.1980895996094
502.79449462890625 261.21502685546875 529.4264736175537 261.21502685546875 529.4264736175537 332.91590118408203 502.79449462890625 332.91590118408203
503.08892822265625 261.43914794921875 529.9259605407715 261.43914794921875 529.9259605407715 333.6920852661133 503.08892822265625 333.6920852661133
503.19244384765625 262.88714599609375 530.0858821868896 262.88714599609375 530.0858821868896 335.2919464111328 503.19244384765625 335.2919464111328
502.48553466796875 260.49578857421875 529.9375762939453 260.49578857421875 529.9375762939453 334.40450286865234 502.48553466796875 334.40450286865234
502.3277893066406 261.99517822265625 529.561279296875 261.99517822265625 529.561279296875 335.3154830932617 502.3277893066406 335.3154830932617
503.0994567871094 260.03375244140625 530.2770442962646 260.03375244140625 530.2770442962646 333.2035675048828 503.0994567871094 333.2035675048828
502.5834045410156 259.70501708984375 529.6591548919678 259.70501708984375 529.6591548919678 332.6006622314453 502.5834045410156 332.6006622314453
502.756103515625 261.50958251953125 529.2644901275635 261.50958251953125 529.2644901275635 332.8777160644531 502.756103515625 332.8777160644531
502.69464111328125 262.03143310546875 529.0707893371582 262.03143310546875 529.0707893371582 333.04354095458984 502.69464111328125 333.04354095458984
503.44580078125 262.58135986328125 529.6862735748291 262.58135986328125 529.6862735748291 333.2281951904297 503.44580078125 333.2281951904297
503.52056884765625 264.17352294921875 529.5878238677979 264.17352294921875 529.5878238677979 334.35400390625 503.52056884765625 334.35400390625
503.35595703125 262.51348876953125 528.9393348693848 262.51348876953125 528.9393348693848 331.39122009277344 503.35595703125 331.39122009277344
503.016845703125 263.23846435546875 528.7409000396729 263.23846435546875 528.7409000396729 332.49493408203125 503.016845703125 332.49493408203125
503.13262939453125 262.818115234375 529.3001918792725 262.818115234375 529.3001918792725 333.2686309814453 503.13262939453125 333.2686309814453
502.73876953125 262.50311279296875 529.3713779449463 262.50311279296875 529.3713779449463 334.2056579589844 502.73876953125 334.2056579589844
502.2958068847656 260.35357666015625 529.1046695709229 260.35357666015625 529.1046695709229 332.53065490722656 502.2958068847656 332.53065490722656
502.6395568847656 261.91082763671875 529.2137508392334 261.91082763671875 529.2137508392334 333.45611572265625 502.6395568847656 333.45611572265625
503.07073974609375 262.6334228515625 529.6788120269775 262.6334228515625 529.6788120269775 334.2699203491211 503.07073974609375 334.2699203491211
502.8667907714844 260.6036071777344 529.3701725006104 260.6036071777344 529.3701725006104 331.958251953125 502.8667907714844 331.958251953125
502.77178955078125 262.58709716796875 529.5279178619385 262.58709716796875 529.5279178619385 334.62220764160156 502.77178955078125 334.62220764160156
502.5364685058594 262.761962890625 529.0168266296387 262.761962890625 529.0168266296387 334.0546188354492 502.5364685058594 334.0546188354492
502.90753173828125 262.88848876953125 528.93678855896 262.88848876953125 528.93678855896 332.9666519165039 502.90753173828125 332.9666519165039
503.35455322265625 263.26031494140625 528.7804832458496 263.26031494140625 528.7804832458496 331.7141418457031 503.35455322265625 331.7141418457031
502.86981201171875 263.52630615234375 528.6151733398438 263.52630615234375 528.6151733398438 332.84012603759766 502.86981201171875 332.84012603759766
503.48699951171875 265.07470703125 529.201343536377 265.07470703125 529.201343536377 334.30501556396484 503.48699951171875 334.30501556396484
503.17169189453125 263.5377502441406 528.9811363220215 263.5377502441406 528.9811363220215 333.0240936279297 503.17169189453125 333.0240936279297
503.0714416503906 264.5366516113281 528.7065315246582 264.5366516113281 528.7065315246582 333.55357360839844 503.0714416503906 333.55357360839844
503.678466796875 262.80517578125 529.3740940093994 262.80517578125 529.3740940093994 331.9850845336914 503.678466796875 331.9850845336914
502.94024658203125 264.2467956542969 528.5319633483887 264.2467956542969 528.5319633483887 333.1469421386719 502.94024658203125 333.1469421386719
503.8614807128906 263.16082763671875 529.090576171875 263.16082763671875 529.090576171875 331.0846939086914 503.8614807128906 331.0846939086914
503.4874572753906 265.1612243652344 528.5555992126465 265.1612243652344 528.5555992126465 332.6517639160156 503.4874572753906 332.6517639160156
503.66839599609375 264.8856201171875 528.6979026794434 264.8856201171875 528.6979026794434 332.2721405029297 503.66839599609375 332.2721405029297
503.314453125 264.3243713378906 528.5203132629395 264.3243713378906 528.5203132629395 332.18568420410156 503.314453125 332.18568420410156
504.4122619628906 265.2206115722656 529.0581722259521 265.2206115722656 529.0581722259521 331.5743865966797 504.4122619628906 331.5743865966797
504.0938415527344 266.2737121582031 528.7657356262207 266.2737121582031 528.7657356262207 332.6974411010742 504.0938415527344 332.6974411010742
503.56573486328125 265.1592712402344 528.2708072662354 265.1592712402344 528.2708072662354 331.6723175048828 503.56573486328125 331.6723175048828
504.02728271484375 265.23358154296875 529.0304050445557 265.23358154296875 529.0304050445557 332.54905700683594 504.02728271484375 332.54905700683594
504.29278564453125 266.1869201660156 528.7412872314453 266.1869201660156 528.7412872314453 332.0092010498047 504.29278564453125 332.0092010498047
503.58917236328125 266.2139587402344 527.9310817718506 266.2139587402344 527.9310817718506 331.74925994873047 503.58917236328125 331.74925994873047
505.03302001953125 266.997314453125 529.067081451416 266.997314453125 529.067081451416 331.7038116455078 505.03302001953125 331.7038116455078
505.18792724609375 265.5337829589844 529.3419399261475 265.5337829589844 529.3419399261475 330.56322479248047 505.18792724609375 330.56322479248047
504.5814514160156 266.0331115722656 528.7700614929199 266.0331115722656 528.7700614929199 331.15570068359375 504.5814514160156 331.15570068359375
503.85443115234375 265.41497802734375 528.0364189147949 265.41497802734375 528.0364189147949 330.51973724365234 503.85443115234375 330.51973724365234
503.62969970703125 264.66778564453125 528.014669418335 264.66778564453125 528.014669418335 330.3190383911133 503.62969970703125 330.3190383911133
503.63946533203125 266.9501037597656 528.3379707336426 266.9501037597656 528.3379707336426 333.4454803466797 503.63946533203125 333.4454803466797
503.60003662109375 263.9334411621094 528.3664474487305 263.9334411621094 528.3664474487305 330.61163330078125 503.60003662109375 330.61163330078125
502.8121643066406 263.8499755859375 527.7461490631104 263.8499755859375 527.7461490631104 330.9793243408203 502.8121643066406 330.9793243408203
503.486572265625 263.03839111328125 528.5917320251465 263.03839111328125 528.5917320251465 330.6285934448242 503.486572265625 330.6285934448242
503.994384765625 264.0493469238281 528.9568195343018 264.0493469238281 528.9568195343018 331.2552947998047 503.994384765625 331.2552947998047
503.5821228027344 265.3401794433594 528.496883392334 265.3401794433594 528.496883392334 332.4177780151367 503.5821228027344 332.4177780151367
504.1788024902344 265.5196228027344 528.771427154541 265.5196228027344 528.771427154541 331.7299346923828 504.1788024902344 331.7299346923828
503.68121337890625 264.58551025390625 528.5776481628418 264.58551025390625 528.5776481628418 331.61376953125 503.68121337890625 331.61376953125
502.87579345703125 264.23370361328125 528.0714302062988 264.23370361328125 528.0714302062988 332.06748962402344 502.87579345703125 332.06748962402344
503.12158203125 262.2920227050781 528.7450408935547 262.2920227050781 528.7450408935547 331.2776336669922 503.12158203125 331.2776336669922
503.593505859375 264.31549072265625 529.0645370483398 264.31549072265625 529.0645370483398 332.8907241821289 503.593505859375 332.8907241821289
503.44561767578125 262.3069763183594 528.9632263183594 262.3069763183594 528.9632263183594 331.00760650634766 503.44561767578125 331.00760650634766
503.802490234375 264.4252624511719 529.0434474945068 264.4252624511719 529.0434474945068 332.3810729980469 503.802490234375 332.3810729980469
503.31646728515625 263.77447509765625 528.4215660095215 263.77447509765625 528.4215660095215 331.36451721191406 503.31646728515625 331.36451721191406
503.36981201171875 263.8536682128906 528.3653831481934 263.8536682128906 528.3653831481934 331.1488342285156 503.36981201171875 331.1488342285156
503.6824645996094 264.52520751953125 528.9691200256348 264.52520751953125 528.9691200256348 332.60406494140625 503.6824645996094 332.60406494140625
504.05572509765625 264.31201171875 529.7229423522949 264.31201171875 529.7229423522949 333.4154510498047 504.05572509765625 333.4154510498047
502.77630615234375 263.1524658203125 528.7408390045166 263.1524658203125 528.7408390045166 333.0563659667969 502.77630615234375 333.0563659667969
503.34637451171875 263.4719543457031 529.3171119689941 263.4719543457031 529.3171119689941 333.39256286621094 503.34637451171875 333.39256286621094
503.4351501464844 263.3460693359375 529.4024105072021 263.3460693359375 529.4024105072021 333.25730895996094 503.4351501464844 333.25730895996094
502.60589599609375 262.76361083984375 528.7931785583496 262.76361083984375 528.7931785583496 333.2672119140625 502.60589599609375 333.2672119140625
502.85791015625 261.21197509765625 529.3839836120605 261.21197509765625 529.3839836120605 332.62769317626953 502.85791015625 332.62769317626953
503.2267150878906 263.5701904296875 529.7636470794678 263.5701904296875 529.7636470794678 335.01515197753906 503.2267150878906 335.01515197753906
502.4576110839844 262.69036865234375 528.68528175354 262.69036865234375 528.68528175354 333.3027114868164 502.4576110839844 333.3027114868164
502.7648010253906 262.885498046875 529.079870223999 262.885498046875 529.079870223999 333.73314666748047 502.7648010253906 333.73314666748047
502.7134704589844 262.74444580078125 528.3461666107178 262.74444580078125 528.3461666107178 331.7549591064453 502.7134704589844 331.7549591064453
503.28033447265625 263.887939453125 528.8333930969238 263.887939453125 528.8333930969238 332.68404388427734 503.28033447265625 332.68404388427734
502.76318359375 263.43475341796875 528.7213535308838 263.43475341796875 528.7213535308838 333.32152557373047 502.76318359375 333.32152557373047
502.7577209472656 263.0001525878906 528.5135803222656 263.0001525878906 528.5135803222656 332.34224700927734 502.7577209472656 332.34224700927734
503.22467041015625 262.6287841796875 529.1344032287598 262.6287841796875 529.1344032287598 332.3851547241211 503.22467041015625 332.3851547241211
503.5797424316406 263.26983642578125 529.2437801361084 263.26983642578125 529.2437801361084 332.3647232055664 503.5797424316406 332.3647232055664
503.2559509277344 262.760009765625 529.0598049163818 262.760009765625 529.0598049163818 332.23133087158203 503.2559509277344 332.23133087158203
502.9404296875 263.05792236328125 529.0477046966553 263.05792236328125 529.0477046966553 333.3461456298828 502.9404296875 333.3461456298828
503.2694396972656 262.47119140625 529.8240242004395 262.47119140625 529.8240242004395 333.9636993408203 503.2694396972656 333.9636993408203
502.70672607421875 262.1161193847656 529.2042331695557 262.1161193847656 529.2042331695557 333.4549560546875 502.70672607421875 333.4549560546875
502.76959228515625 261.1295166015625 529.4637298583984 261.1295166015625 529.4637298583984 332.9977340698242 502.76959228515625 332.9977340698242
502.554931640625 261.49481201171875 529.3670444488525 261.49481201171875 529.3670444488525 333.68064880371094 502.554931640625 333.68064880371094
503.2193908691406 260.1558532714844 530.3558712005615 260.1558532714844 530.3558712005615 333.21498107910156 503.2193908691406 333.21498107910156
502.5697326660156 261.29364013671875 529.7373085021973 261.29364013671875 529.7373085021973 334.4364776611328 502.5697326660156 334.4364776611328
502.0643615722656 261.39532470703125 529.7586307525635 261.39532470703125 529.7586307525635 335.95616149902344 502.0643615722656 335.95616149902344
502.01312255859375 260.5735778808594 529.3942565917969 260.5735778808594 529.3942565917969 334.29136657714844 502.01312255859375 334.29136657714844
502.42230224609375 261.2904968261719 529.7350368499756 261.2904968261719 529.7350368499756 334.8241424560547 502.42230224609375 334.8241424560547
502.2755432128906 260.63104248046875 529.7434272766113 260.63104248046875 529.7434272766113 334.5823974609375 502.2755432128906 334.5823974609375
502.1847229003906 259.68414306640625 529.9535026550293 259.68414306640625 529.9535026550293 334.44559478759766 502.1847229003906 334.44559478759766
502.1282653808594 260.7529602050781 530.1991081237793 260.7529602050781 530.1991081237793 336.32765197753906 502.1282653808594 336.32765197753906
502.1532287597656 260.1572265625 530.130558013916 260.1572265625 530.130558013916 335.4801483154297 502.1532287597656 335.4801483154297
502.817626953125 260.26043701171875 530.5669193267822 260.26043701171875 530.5669193267822 334.96942138671875 502.817626953125 334.96942138671875
502.35870361328125 259.4549865722656 530.4019527435303 259.4549865722656 530.4019527435303 334.9553909301758 502.35870361328125 334.9553909301758
502.26531982421875 258.5011901855469 530.2828216552734 258.5011901855469 530.2828216552734 333.9322814941406 502.26531982421875 333.9322814941406
502.055908203125 261.6661071777344 530.5053825378418 261.6661071777344 530.5053825378418 338.2602005004883 502.055908203125 338.2602005004883
502.39471435546875 259.33563232421875 530.5605735778809 259.33563232421875 530.5605735778809 335.1661605834961 502.39471435546875 335.1661605834961
502.484375 260.45416259765625 530.2967472076416 260.45416259765625 530.2967472076416 335.33299255371094 502.484375 335.33299255371094
502.13739013671875 261.67315673828125 529.642110824585 261.67315673828125 529.642110824585 335.7237091064453 502.13739013671875 335.7237091064453
502.568603515625 261.7911682128906 529.9705848693848 261.7911682128906 529.9705848693848 335.5651092529297 502.568603515625 335.5651092529297
502.201416015625 260.335205078125 529.9377021789551 260.335205078125 529.9377021789551 335.0091857910156 502.201416015625 335.0091857910156
502.7742614746094 261.97332763671875 529.9723854064941 261.97332763671875 529.9723854064941 335.19842529296875 502.7742614746094 335.19842529296875
502.7178649902344 260.50909423828125 530.113956451416 260.50909423828125 530.113956451416 334.2671661376953 502.7178649902344 334.2671661376953
502.1153259277344 261.23883056640625 529.5145168304443 261.23883056640625 529.5145168304443 335.0052490234375 502.1153259277344 335.0052490234375
502.43896484375 260.490966796875 529.7820949554443 260.490966796875 529.7820949554443 334.10645294189453 502.43896484375 334.10645294189453
502.86773681640625 259.7481689453125 530.073299407959 259.7481689453125 530.073299407959 332.9932861328125 502.86773681640625 332.9932861328125
503.13153076171875 262.814208984375 530.1059989929199 262.814208984375 530.1059989929199 335.4371643066406 503.13153076171875 335.4371643066406
503.12591552734375 261.5274658203125 529.7166385650635 261.5274658203125 529.7166385650635 333.1172637939453 503.12591552734375 333.1172637939453
503.70819091796875 261.60748291015625 530.410665512085 261.60748291015625 530.410665512085 333.49815368652344 503.70819091796875 333.49815368652344
502.3866271972656 261.70672607421875 529.4940853118896 261.70672607421875 529.4940853118896 334.68772888183594 502.3866271972656 334.68772888183594
503.55267333984375 259.69696044921875 530.7634773254395 259.69696044921875 530.7634773254395 332.95619201660156 503.55267333984375 332.95619201660156
502.13214111328125 261.3933410644531 529.4234256744385 261.3933410644531 529.4234256744385 334.86925506591797 502.13214111328125 334.86925506591797
502.7412109375 260.8045959472656 530.2316341400146 260.8045959472656 530.2316341400146 334.81664276123047 502.7412109375 334.81664276123047
502.05645751953125 259.18426513671875 529.955020904541 259.18426513671875 529.955020904541 334.2951354980469 502.05645751953125 334.2951354980469
502.31201171875 259.2023010253906 530.4135246276855 259.2023010253906 530.4135246276855 334.8595657348633 502.31201171875 334.8595657348633
502.20013427734375 258.8377990722656 530.3026027679443 258.8377990722656 530.3026027679443 334.49764251708984 502.20013427734375 334.49764251708984
502.2440490722656 259.9860534667969 529.8192863464355 259.9860534667969 529.8192863464355 334.2264404296875 502.2440490722656 334.2264404296875
502.70867919921875 261.54180908203125 529.8763332366943 261.54180908203125 529.8763332366943 334.6848602294922 502.70867919921875 334.6848602294922
502.1458435058594 261.0753173828125 529.6763153076172 261.0753173828125 529.6763153076172 335.19517517089844 502.1458435058594 335.19517517089844
502.6531677246094 260.5693664550781 530.0483207702637 260.5693664550781 530.0483207702637 334.32491302490234 502.6531677246094 334.32491302490234
502.7330017089844 261.06256103515625 530.099193572998 261.06256103515625 530.099193572998 334.7401351928711 502.7330017089844 334.7401351928711
502.67913818359375 260.85369873046875 529.8526649475098 260.85369873046875 529.8526649475098 334.01256561279297 502.67913818359375 334.01256561279297
502.40081787109375 258.43975830078125 530.0181827545166 258.43975830078125 530.0181827545166 332.79356384277344 502.40081787109375 332.79356384277344
502.4615173339844 258.91082763671875 530.2357292175293 258.91082763671875 530.2357292175293 333.6869125366211 502.4615173339844 333.6869125366211
502.28680419921875 261.6338806152344 529.5796871185303 261.6338806152344 529.5796871185303 335.1140899658203 502.28680419921875 335.1140899658203
502.27410888671875 260.8125915527344 530.0570182800293 260.8125915527344 530.0570182800293 335.6120910644531 502.27410888671875 335.6120910644531
502.3705139160156 258.8966369628906 529.9518547058105 258.8966369628906 529.9518547058105 333.15345764160156 502.3705139160156 333.15345764160156
501.87225341796875 260.0514221191406 529.9406471252441 260.0514221191406 529.9406471252441 335.61952209472656 501.87225341796875 335.61952209472656
502.3614196777344 260.675048828125 530.0320072174072 260.675048828125 530.0320072174072 335.1721420288086 502.3614196777344 335.1721420288086
502.21539306640625 260.1318359375 530.4029502868652 260.1318359375 530.4029502868652 336.02075958251953 502.21539306640625 336.02075958251953
502.27252197265625 257.3293151855469 530.7202758789062 257.3293151855469 530.7202758789062 333.91876220703125 502.27252197265625 333.91876220703125
503.22918701171875 258.60931396484375 531.58766746521 258.60931396484375 531.58766746521 334.95841217041016 503.22918701171875 334.95841217041016
502.31512451171875 260.6243591308594 530.2366905212402 260.6243591308594 530.2366905212402 335.7971649169922 502.31512451171875 335.7971649169922
502.1236267089844 259.552978515625 529.926513671875 259.552978515625 529.926513671875 334.40626525878906 502.1236267089844 334.40626525878906
502.4759826660156 259.1703796386719 530.3017120361328 259.1703796386719 530.3017120361328 334.0851593017578 502.4759826660156 334.0851593017578
502.052978515625 259.00262451171875 530.2098274230957 259.00262451171875 530.2098274230957 334.8088607788086 502.052978515625 334.8088607788086
501.5506896972656 258.82208251953125 530.064769744873 258.82208251953125 530.064769744873 335.590087890625 501.5506896972656 335.590087890625
501.9410095214844 257.8738098144531 530.3016719818115 257.8738098144531 530.3016719818115 334.22877502441406 501.9410095214844 334.22877502441406
501.9705505371094 260.47796630859375 530.17041015625 260.47796630859375 530.17041015625 336.40000915527344 501.9705505371094 336.40000915527344
502.2496643066406 257.759521484375 530.4315891265869 257.759521484375 530.4315891265869 333.6332778930664 502.2496643066406 333.6332778930664
502.35760498046875 259.6781311035156 530.460521697998 259.6781311035156 530.460521697998 335.3391799926758 502.35760498046875 335.3391799926758
501.6781311035156 261.0491027832031 529.8470573425293 261.0491027832031 529.8470573425293 336.8878707885742 501.6781311035156 336.8878707885742
502.3865661621094 258.1818542480469 530.4707584381104 258.1818542480469 530.4707584381104 333.79249572753906 502.3865661621094 333.79249572753906
501.90289306640625 257.7548828125 530.6221733093262 257.7548828125 530.6221733093262 335.0753631591797 501.90289306640625 335.0753631591797
502.13916015625 258.9490966796875 530.6414833068848 258.9490966796875 530.6414833068848 335.68546295166016 502.13916015625 335.68546295166016
502.0404357910156 258.07720947265625 530.1211338043213 258.07720947265625 530.1211338043213 333.6784439086914 502.0404357910156 333.6784439086914
502.3855895996094 258.80999755859375 530.5237236022949 258.80999755859375 530.5237236022949 334.5658645629883 502.3855895996094 334.5658645629883
501.82110595703125 259.26177978515625 530.3159828186035 259.26177978515625 530.3159828186035 335.9781036376953 501.82110595703125 335.9781036376953
502.13525390625 260.919921875 530.5179653167725 260.919921875 530.5179653167725 337.33426666259766 502.13525390625 337.33426666259766
502.1474609375 260.24658203125 530.608097076416 260.24658203125 530.608097076416 336.87071228027344 502.1474609375 336.87071228027344
502.88836669921875 259.79156494140625 530.9088325500488 259.79156494140625 530.9088325500488 335.2306365966797 502.88836669921875 335.2306365966797
501.54156494140625 258.5982971191406 529.7360591888428 258.5982971191406 529.7360591888428 334.5059051513672 501.54156494140625 334.5059051513672
501.81146240234375 260.00506591796875 529.786190032959 260.00506591796875 529.786190032959 335.3209991455078 501.81146240234375 335.3209991455078
502.0677795410156 258.75555419921875 530.5740718841553 258.75555419921875 530.5740718841553 335.5026092529297 502.0677795410156 335.5026092529297
501.6868591308594 259.835205078125 530.1751308441162 259.835205078125 530.1751308441162 336.53375244140625 501.6868591308594 336.53375244140625
502.3999938964844 258.149169921875 530.7522239685059 258.149169921875 530.7522239685059 334.48146057128906 502.3999938964844 334.48146057128906
501.7794494628906 260.1015625 529.8505764007568 260.1015625 529.8505764007568 335.6770477294922 501.7794494628906 335.6770477294922
502.3475646972656 260.028076171875 530.069787979126 260.028076171875 530.069787979126 334.6642074584961 502.3475646972656 334.6642074584961
502.30059814453125 261.4786071777344 530.1191463470459 261.4786071777344 530.1191463470459 336.3740768432617 502.30059814453125 336.3740768432617
502.34503173828125 259.57525634765625 530.3122978210449 259.57525634765625 530.3122978210449 334.8711166381836 502.34503173828125 334.8711166381836
502.4954528808594 260.38885498046875 530.1581211090088 260.38885498046875 530.1581211090088 334.8646469116211 502.4954528808594 334.8646469116211
502.81658935546875 259.36163330078125 530.6672420501709 259.36163330078125 530.6672420501709 334.3435287475586 502.81658935546875 334.3435287475586
502.54559326171875 261.97222900390625 530.0372676849365 261.97222900390625 530.0372676849365 335.98765563964844 502.54559326171875 335.98765563964844
503.02728271484375 260.2732849121094 530.620906829834 260.2732849121094 530.620906829834 334.5631866455078 503.02728271484375 334.5631866455078
502.1404724121094 258.781494140625 529.908727645874 258.781494140625 529.908727645874 333.5415573120117 502.1404724121094 333.5415573120117
502.44549560546875 260.7763671875 529.9753456115723 260.7763671875 529.9753456115723 334.89456939697266 502.44549560546875 334.89456939697266
502.4667053222656 260.51141357421875 529.8553104400635 260.51141357421875 529.8553104400635 334.2493438720703 502.4667053222656 334.2493438720703
502.8294982910156 261.8190002441406 529.830997467041 261.8190002441406 529.830997467041 334.5147247314453 502.8294982910156 334.5147247314453
503.17694091796875 261.00909423828125 530.0507545471191 261.00909423828125 530.0507545471191 333.36104583740234 503.17694091796875 333.36104583740234
503.0150451660156 261.2095947265625 530.0382595062256 261.2095947265625 530.0382595062256 333.9637680053711 503.0150451660156 333.9637680053711
503.36541748046875 260.9891357421875 530.2103977203369 260.9891357421875 530.2103977203369 333.2634506225586 503.36541748046875 333.2634506225586
502.726318359375 261.461181640625 529.3076839447021 261.461181640625 529.3076839447021 333.02577209472656 502.726318359375 333.02577209472656
502.64129638671875 262.47857666015625 529.1106624603271 262.47857666015625 529.1106624603271 333.74163818359375 502.64129638671875 333.74163818359375
502.69482421875 261.7718505859375 529.4247703552246 261.7718505859375 529.4247703552246 333.7364730834961 502.69482421875 333.7364730834961
502.5369567871094 261.9423828125 529.3940391540527 261.9423828125 529.3940391540527 334.2492904663086 502.5369567871094 334.2492904663086
502.9085388183594 262.3435363769531 529.6103763580322 262.3435363769531 529.6103763580322 334.2324752807617 502.9085388183594 334.2324752807617
503.32427978515625 261.3822326660156 529.8187198638916 261.3822326660156 529.8187198638916 332.7127990722656 503.32427978515625 332.7127990722656
503.1944885253906 261.8522033691406 529.7108039855957 261.8522033691406 529.7108039855957 333.2416687011719 503.1944885253906 333.2416687011719
502.96929931640625 263.13623046875 529.2552127838135 263.13623046875 529.2552127838135 333.90538024902344 502.96929931640625 333.90538024902344
503.8243713378906 263.060546875 529.7184047698975 263.060546875 529.7184047698975 332.77465057373047 503.8243713378906 332.77465057373047
502.86248779296875 263.9251403808594 528.6311950683594 263.9251403808594 528.6311950683594 333.3018341064453 502.86248779296875 333.3018341064453
502.897705078125 262.7008361816406 528.5595760345459 262.7008361816406 528.5595760345459 331.7898941040039 502.897705078125 331.7898941040039
503.58575439453125 262.7596435546875 528.6557025909424 262.7596435546875 528.6557025909424 330.2550811767578 503.58575439453125 330.2550811767578
503.09991455078125 265.38397216796875 528.2194938659668 265.38397216796875 528.2194938659668 333.0130310058594 503.09991455078125 333.0130310058594
504.1449279785156 264.53460693359375 529.5221652984619 264.53460693359375 529.5221652984619 332.8573532104492 504.1449279785156 332.8573532104492
503.4544982910156 262.51007080078125 529.3413124084473 262.51007080078125 529.3413124084473 332.20475006103516 503.4544982910156 332.20475006103516
503.59393310546875 264.5618591308594 529.2980403900146 264.5618591308594 529.2980403900146 333.76463317871094 503.59393310546875 333.76463317871094
503.5497131347656 263.401611328125 529.640926361084 263.401611328125 529.640926361084 333.6465835571289 503.5497131347656 333.6465835571289
502.74151611328125 262.87353515625 529.3379421234131 262.87353515625 529.3379421234131 334.4786834716797 502.74151611328125 334.4786834716797
502.55242919921875 262.6266784667969 529.3103332519531 262.6266784667969 529.3103332519531 334.6665725708008 502.55242919921875 334.6665725708008
503.4908142089844 260.7977294921875 530.2325077056885 260.7977294921875 530.2325077056885 332.7939758300781 503.4908142089844 332.7939758300781
502.9497985839844 261.91046142578125 529.7956447601318 261.91046142578125 529.7956447601318 334.18711853027344 502.9497985839844 334.18711853027344
502.79876708984375 261.5201416015625 529.4664249420166 261.5201416015625 529.4664249420166 333.3170623779297 502.79876708984375 333.3170623779297
503.19390869140625 261.5640563964844 529.7284545898438 261.5640563964844 529.7284545898438 333.00260162353516 503.19390869140625 333.00260162353516
502.9227600097656 260.3779296875 529.603931427002 260.3779296875 529.603931427002 332.2112274169922 502.9227600097656 332.2112274169922
503.29034423828125 262.55889892578125 529.541296005249 262.55889892578125 529.541296005249 333.2339324951172 503.29034423828125 333.2339324951172
503.6651306152344 262.8518981933594 529.534252166748 262.8518981933594 529.534252166748 332.4989471435547 503.6651306152344 332.4989471435547
503.04327392578125 261.9808349609375 528.8333320617676 261.9808349609375 528.8333320617676 331.41502380371094 503.04327392578125 331.41502380371094
504.00115966796875 261.67578125 530.218225479126 261.67578125 530.218225479126 332.2595977783203 504.00115966796875 332.2595977783203
503.59307861328125 261.1596984863281 529.7869606018066 261.1596984863281 529.7869606018066 331.68109130859375 503.59307861328125 331.68109130859375
503.2904357910156 262.2003479003906 529.1148338317871 262.2003479003906 529.1148338317871 331.7269973754883 503.2904357910156 331.7269973754883
504.12957763671875 261.42633056640625 529.9710807800293 261.42633056640625 529.9710807800293 330.99903869628906 504.12957763671875 330.99903869628906
503.7561950683594 263.31707763671875 529.4138374328613 263.31707763671875 529.4138374328613 332.39478302001953 503.7561950683594 332.39478302001953
504.34185791015625 262.6559753417969 529.7950019836426 262.6559753417969 529.7950019836426 331.18311309814453 504.34185791015625 331.18311309814453
503.74658203125 263.3706970214844 529.2300491333008 263.3706970214844 529.2300491333008 331.97947692871094 503.74658203125 331.97947692871094
503.3858947753906 264.53009033203125 528.9330043792725 264.53009033203125 528.9330043792725 333.31021881103516 503.3858947753906 333.31021881103516
503.91845703125 261.6310119628906 529.6173648834229 261.6310119628906 529.6173648834229 330.81983184814453 503.91845703125 330.81983184814453
504.1202697753906 263.35455322265625 529.7207298278809 263.35455322265625 529.7207298278809 332.2783203125 504.1202697753906 332.2783203125
504.0765075683594 263.2449951171875 529.4237022399902 263.2449951171875 529.4237022399902 331.48690032958984 504.0765075683594 331.48690032958984
503.7583923339844 262.613037109375 529.21435546875 262.613037109375 529.21435546875 331.1477813720703 503.7583923339844 331.1477813720703
504.0902404785156 262.4646301269531 529.4962348937988 262.4646301269531 529.4962348937988 330.8648452758789 504.0902404785156 330.8648452758789
503.9581604003906 263.32586669921875 529.0720729827881 263.32586669921875 529.0720729827881 330.93971252441406 503.9581604003906 330.93971252441406
504.08135986328125 263.2298583984375 529.2388648986816 263.2298583984375 529.2388648986816 330.96106719970703 504.08135986328125 330.96106719970703
503.966064453125 263.08917236328125 529.5861759185791 263.08917236328125 529.5861759185791 332.0658416748047 503.966064453125 332.0658416748047
503.63946533203125 264.926513671875 529.0923252105713 264.926513671875 529.0923252105713 333.45289611816406 503.63946533203125 333.45289611816406
504.4727478027344 264.2026672363281 529.499626159668 264.2026672363281 529.499626159668 331.5821838378906 504.4727478027344 331.5821838378906
503.9103088378906 263.5850524902344 528.7699184417725 263.5850524902344 528.7699184417725 330.5142364501953 503.9103088378906 330.5142364501953
503.6763610839844 265.21063232421875 528.5252285003662 265.21063232421875 528.5252285003662 332.11090087890625 503.6763610839844 332.11090087890625
503.83770751953125 264.9339599609375 528.8152122497559 264.9339599609375 528.8152122497559 332.18055725097656 503.83770751953125 332.18055725097656
504.2289123535156 264.7981262207031 528.9174041748047 264.7981262207031 528.9174041748047 331.26661682128906 504.2289123535156 331.26661682128906
503.74444580078125 264.60711669921875 528.5527973175049 264.60711669921875 528.5527973175049 331.3983154296875 503.74444580078125 331.3983154296875
504.4798889160156 264.81622314453125 529.1797523498535 264.81622314453125 529.1797523498535 331.31534576416016 504.4798889160156 331.31534576416016
504.39453125 265.122802734375 528.7589912414551 265.122802734375 528.7589912414551 330.7189254760742 504.39453125 330.7189254760742
503.8407287597656 264.52313232421875 528.2979164123535 264.52313232421875 528.2979164123535 330.36891174316406 503.8407287597656 330.36891174316406
503.78167724609375 265.47320556640625 528.360933303833 265.47320556640625 528.360933303833 331.6476287841797 503.78167724609375 331.6476287841797
504.24224853515625 265.1672058105469 528.6654376983643 265.1672058105469 528.6654376983643 330.9214553833008 504.24224853515625 330.9214553833008
503.38232421875 265.04547119140625 527.8620567321777 265.04547119140625 527.8620567321777 330.9519500732422 503.38232421875 330.9519500732422
504.45343017578125 266.2015380859375 528.6538238525391 266.2015380859375 528.6538238525391 331.35595703125 504.45343017578125 331.35595703125
503.83660888671875 265.4356994628906 528.2309074401855 265.4356994628906 528.2309074401855 331.11216735839844 503.83660888671875 331.11216735839844
503.84771728515625 265.9172668457031 528.7008304595947 265.9172668457031 528.7008304595947 332.82899475097656 503.84771728515625 332.82899475097656
503.85205078125 264.871337890625 528.6980838775635 264.871337890625 528.6980838775635 331.7640075683594 503.85205078125 331.7640075683594
503.47589111328125 264.29534912109375 528.4106712341309 264.29534912109375 528.4106712341309 331.4269561767578 503.47589111328125 331.4269561767578
503.37640380859375 266.03753662109375 528.2314414978027 266.03753662109375 528.2314414978027 332.95445251464844 503.37640380859375 332.95445251464844
503.7645568847656 265.80047607421875 528.4463939666748 265.80047607421875 528.4463939666748 332.25109100341797 503.7645568847656 332.25109100341797
503.94720458984375 264.50494384765625 528.5391502380371 264.50494384765625 528.5391502380371 330.71353912353516 503.94720458984375 330.71353912353516
503.2398376464844 265.4810485839844 527.9804553985596 265.4810485839844 527.9804553985596 332.0899124145508 503.2398376464844 332.0899124145508
503.9689025878906 265.10888671875 528.6174869537354 265.10888671875 528.6174869537354 331.469970703125 503.9689025878906 331.469970703125
503.9217834472656 265.21435546875 528.9034156799316 265.21435546875 528.9034156799316 332.4720993041992 503.9217834472656 332.4720993041992
503.57855224609375 264.744140625 528.6424713134766 264.744140625 528.6424713134766 332.22342681884766 503.57855224609375 332.22342681884766
503.38336181640625 264.65582275390625 528.7651405334473 264.65582275390625 528.7651405334473 332.9908752441406 503.38336181640625 332.9908752441406
503.4562072753906 264.2220764160156 529.2384490966797 264.2220764160156 529.2384490966797 333.63529205322266 503.4562072753906 333.63529205322266
502.0951232910156 261.7879943847656 528.1067142486572 261.7879943847656 528.1067142486572 331.8186798095703 502.0951232910156 331.8186798095703
502.988525390625 262.0768737792969 529.0525932312012 262.0768737792969 529.0525932312012 332.2488327026367 502.988525390625 332.2488327026367
502.87628173828125 264.01641845703125 528.6084594726562 264.01641845703125 528.6084594726562 333.29483795166016 502.87628173828125 333.29483795166016
502.92791748046875 262.0322265625 529.0156955718994 262.0322265625 529.0156955718994 332.2680206298828 502.92791748046875 332.2680206298828
503.1568908691406 261.0484924316406 528.9963626861572 261.0484924316406 528.9963626861572 330.6157760620117 503.1568908691406 330.6157760620117
503.9615783691406 263.00970458984375 529.708911895752 263.00970458984375 529.708911895752 332.32891845703125 503.9615783691406 332.32891845703125
503.236083984375 262.9065856933594 528.8877449035645 262.9065856933594 528.8877449035645 331.9682159423828 503.236083984375 331.9682159423828
503.2527770996094 263.4140625 528.6210689544678 263.4140625 528.6210689544678 331.71278381347656 503.2527770996094 331.71278381347656
502.52679443359375 263.4765930175781 528.2833099365234 263.4765930175781 528.2833099365234 332.82051849365234 502.52679443359375 332.82051849365234
503.28717041015625 263.44464111328125 528.5459785461426 263.44464111328125 528.5459785461426 331.44859313964844 503.28717041015625 331.44859313964844
503.4754333496094 264.0141296386719 528.8417930603027 264.0141296386719 528.8417930603027 332.3076400756836 503.4754333496094 332.3076400756836
503.3431701660156 262.8316345214844 529.0826816558838 262.8316345214844 529.0826816558838 332.12977600097656 503.3431701660156 332.12977600097656
503.3041076660156 263.9620056152344 529.1147422790527 263.9620056152344 529.1147422790527 333.4516296386719 503.3041076660156 333.4516296386719
503.5769958496094 261.85662841796875 529.4647159576416 261.85662841796875 529.4647159576416 331.55379486083984 503.5769958496094 331.55379486083984
503.1554260253906 264.1601257324219 529.0690460205078 264.1601257324219 529.0690460205078 333.92701721191406 503.1554260253906 333.92701721191406
502.9861755371094 261.88909912109375 528.8121070861816 261.88909912109375 528.8121070861816 331.4198989868164 502.9861755371094 331.4198989868164
503.13665771484375 264.05670166015625 528.5013618469238 264.05670166015625 528.5013618469238 332.3457489013672 503.13665771484375 332.3457489013672
503.42706298828125 264.3746643066406 528.6110935211182 264.3746643066406 528.6110935211182 332.1772918701172 503.42706298828125 332.1772918701172
503.3592224121094 263.9684143066406 528.898624420166 263.9684143066406 528.898624420166 332.7278060913086 503.3592224121094 332.7278060913086
502.4239196777344 263.09002685546875 527.8722858428955 263.09002685546875 527.8722858428955 331.6043243408203 502.4239196777344 331.6043243408203
503.2837829589844 264.95074462890625 528.4999618530273 264.95074462890625 528.4999618530273 332.8399200439453 503.2837829589844 332.8399200439453
503.18402099609375 263.91925048828125 528.929407119751 263.91925048828125 528.929407119751 333.2332000732422 503.18402099609375 333.2332000732422
503.3428649902344 264.69305419921875 528.8130073547363 264.69305419921875 528.8130073547363 333.2659683227539 503.3428649902344 333.2659683227539
503.14434814453125 262.62799072265625 528.5093746185303 262.62799072265625 528.5093746185303 330.91790771484375 503.14434814453125 330.91790771484375
503.81378173828125 263.5115661621094 529.0449314117432 263.5115661621094 529.0449314117432 331.44104766845703 503.81378173828125 331.44104766845703
503.8590393066406 264.03143310546875 529.2167072296143 264.03143310546875 529.2167072296143 332.30152893066406 503.8590393066406 332.30152893066406
503.1786193847656 264.59820556640625 528.481876373291 264.59820556640625 528.481876373291 332.72181701660156 503.1786193847656 332.72181701660156
502.62005615234375 263.2784118652344 528.3012943267822 263.2784118652344 528.3012943267822 332.41966247558594 502.62005615234375 332.41966247558594
502.4910583496094 265.28436279296875 527.7813606262207 265.28436279296875 527.7813606262207 333.3730926513672 502.4910583496094 333.3730926513672
503.7994079589844 265.11920166015625 528.8624305725098 265.11920166015625 528.8624305725098 332.5960235595703 503.7994079589844 332.5960235595703
504.15155029296875 264.70709228515625 529.0166664123535 264.70709228515625 529.0166664123535 331.6510925292969 504.15155029296875 331.6510925292969
502.07415771484375 264.4507751464844 527.6758995056152 264.4507751464844 527.6758995056152 333.3779830932617 502.07415771484375 333.3779830932617
502.9237365722656 264.28582763671875 528.1895046234131 264.28582763671875 528.1895046234131 332.3085021972656 502.9237365722656 332.3085021972656
503.35333251953125 263.89752197265625 528.9287376403809 263.89752197265625 528.9287376403809 332.7538299560547 503.35333251953125 332.7538299560547
502.95849609375 264.98651123046875 528.9171352386475 264.98651123046875 528.9171352386475 334.87459564208984 502.95849609375 334.87459564208984
502.914306640625 263.62542724609375 528.5562133789062 263.62542724609375 528.5562133789062 332.66078186035156 502.914306640625 332.66078186035156
503.27801513671875 262.04217529296875 529.0983180999756 262.04217529296875 529.0983180999756 331.55782318115234 503.27801513671875 331.55782318115234
502.0902404785156 263.87786865234375 528.0105953216553 263.87786865234375 528.0105953216553 333.6628875732422 502.0902404785156 333.6628875732422
503.6282653808594 264.11834716796875 529.0817813873291 264.11834716796875 529.0817813873291 332.64649963378906 503.6282653808594 332.64649963378906
502.6220703125 264.452392578125 528.2812252044678 264.452392578125 528.2812252044678 333.5341796875 502.6220703125 333.5341796875
503.3192443847656 264.111328125 529.2614135742188 264.111328125 529.2614135742188 333.95506286621094 503.3192443847656 333.95506286621094
503.58673095703125 264.86297607421875 529.5479125976562 264.86297607421875 529.5479125976562 334.7579040527344 503.58673095703125 334.7579040527344
502.90423583984375 264.27923583984375 528.8181056976318 264.27923583984375 528.8181056976318 334.04679107666016 502.90423583984375 334.04679107666016
502.8792419433594 263.65655517578125 528.8427028656006 263.65655517578125 528.8427028656006 333.55762481689453 502.8792419433594 333.55762481689453
502.6747131347656 264.6070861816406 528.8804264068604 264.6070861816406 528.8804264068604 335.1603698730469 502.6747131347656 335.1603698730469
502.859375 261.0521545410156 529.6168308258057 261.0521545410156 529.6168308258057 333.0908889770508 502.859375 333.0908889770508
502.2953186035156 263.2702331542969 528.6163845062256 263.2702331542969 528.6163845062256 334.1340866088867 502.2953186035156 334.1340866088867
501.8213806152344 262.36407470703125 528.5741519927979 262.36407470703125 528.5741519927979 334.39019775390625 501.8213806152344 334.39019775390625
503.0809631347656 261.8930358886719 529.9595909118652 261.8930358886719 529.9595909118652 334.2580032348633 503.0809631347656 334.2580032348633
502.45709228515625 263.6546325683594 528.8644065856934 263.6546325683594 528.8644065856934 334.75069427490234 502.45709228515625 334.75069427490234
503.52471923828125 263.2129211425781 530.2726745605469 263.2129211425781 530.2726745605469 335.22608184814453 503.52471923828125 335.22608184814453
502.46868896484375 261.45416259765625 529.147144317627 261.45416259765625 529.147144317627 333.2802047729492 502.46868896484375 333.2802047729492
502.1370544433594 263.01287841796875 529.1824245452881 263.01287841796875 529.1824245452881 335.8267593383789 502.1370544433594 335.8267593383789
501.94842529296875 262.14483642578125 529.0854797363281 262.14483642578125 529.0854797363281 335.20555877685547 501.94842529296875 335.20555877685547
501.68780517578125 262.95684814453125 528.8815727233887 262.95684814453125 528.8815727233887 336.1702651977539 501.68780517578125 336.1702651977539
503.0287170410156 263.0823059082031 529.7676029205322 263.0823059082031 529.7676029205322 335.07105255126953 503.0287170410156 335.07105255126953
501.76739501953125 260.8973388671875 528.4842891693115 260.8973388671875 528.4842891693115 332.8268737792969 501.76739501953125 332.8268737792969
502.9267578125 261.3562316894531 529.8848075866699 261.3562316894531 529.8848075866699 333.9350357055664 502.9267578125 333.9350357055664
502.60003662109375 261.14605712890625 529.6465244293213 261.14605712890625 529.6465244293213 333.9629669189453 502.60003662109375 333.9629669189453
502.11572265625 259.2791442871094 529.3690948486328 259.2791442871094 529.3690948486328 332.6530456542969 502.11572265625 332.6530456542969
502.29254150390625 257.0647277832031 530.1973628997803 257.0647277832031 530.1973628997803 332.19252014160156 502.29254150390625 332.19252014160156
502.7428283691406 259.5960388183594 530.6752777099609 259.5960388183594 530.6752777099609 334.79821014404297 502.7428283691406 334.79821014404297
502.06024169921875 261.58209228515625 529.9969024658203 261.58209228515625 529.9969024658203 336.7956085205078 502.06024169921875 336.7956085205078
502.1734924316406 259.4913635253906 529.8028221130371 259.4913635253906 529.8028221130371 333.87745666503906 502.1734924316406 333.87745666503906
502.8473205566406 260.22149658203125 530.4100246429443 260.22149658203125 530.4100246429443 334.42821502685547 502.8473205566406 334.42821502685547
502.5921325683594 260.04840087890625 530.5143394470215 260.04840087890625 530.5143394470215 335.22300720214844 502.5921325683594 335.22300720214844
502.29815673828125 259.74725341796875 530.3346614837646 259.74725341796875 530.3346614837646 335.2295837402344 502.29815673828125 335.2295837402344
502.6820373535156 257.7306213378906 530.8011665344238 257.7306213378906 530.8011665344238 333.43540954589844 502.6820373535156 333.43540954589844
502.4214782714844 259.1855163574219 530.398193359375 259.1855163574219 530.398193359375 334.5068817138672 502.4214782714844 334.5068817138672
503.18463134765625 260.0647277832031 531.1219673156738 260.0647277832031 531.1219673156738 335.2800598144531 503.18463134765625 335.2800598144531
502.46905517578125 260.79913330078125 530.4625968933105 260.79913330078125 530.4625968933105 336.1657943725586 502.46905517578125 336.1657943725586
502.40362548828125 259.2700500488281 530.7564086914062 259.2700500488281 530.7564086914062 335.60388946533203 502.40362548828125 335.60388946533203
502.50201416015625 258.2119445800781 531.1512565612793 258.2119445800781 531.1512565612793 335.3439407348633 502.50201416015625 335.3439407348633
501.5674743652344 259.5947265625 530.2093772888184 259.5947265625 530.2093772888184 336.70697021484375 501.5674743652344 336.70697021484375
502.3324279785156 258.7704162597656 530.651912689209 258.7704162597656 530.651912689209 335.0146179199219 502.3324279785156 335.0146179199219
501.76287841796875 259.0399475097656 529.7643032073975 259.0399475097656 529.7643032073975 334.42784118652344 501.76287841796875 334.42784118652344
502.047607421875 259.3992614746094 529.6668910980225 259.3992614746094 529.6668910980225 333.7583236694336 502.047607421875 333.7583236694336
501.8724670410156 259.8726501464844 529.5417938232422 259.8726501464844 529.5417938232422 334.36644744873047 501.8724670410156 334.36644744873047
502.269775390625 259.0511169433594 530.51393699646 259.0511169433594 530.51393699646 335.09253692626953 502.269775390625 335.09253692626953
502.00201416015625 260.6858825683594 530.0579738616943 260.6858825683594 530.0579738616943 336.2206115722656 502.00201416015625 336.2206115722656
501.8231506347656 260.22784423828125 529.8211326599121 260.22784423828125 529.8211326599121 335.60648345947266 501.8231506347656 335.60648345947266
502.7974548339844 259.5303955078125 530.7360229492188 259.5303955078125 530.7360229492188 334.7490768432617 502.7974548339844 334.7490768432617
502.75494384765625 259.250732421875 530.4936027526855 259.250732421875 530.4936027526855 333.9311981201172 502.75494384765625 333.9311981201172
502.6627502441406 260.6613464355469 529.9958953857422 260.6613464355469 529.9958953857422 334.2500457763672 502.6627502441406 334.2500457763672
502.25506591796875 260.0070495605469 529.9158992767334 260.0070495605469 529.9158992767334 334.4779815673828 502.25506591796875 334.4779815673828
501.54718017578125 260.41925048828125 529.3872833251953 260.41925048828125 529.3872833251953 335.3728256225586 501.54718017578125 335.3728256225586
501.8680114746094 259.87371826171875 529.4816074371338 259.87371826171875 529.4816074371338 334.2174606323242 501.8680114746094 334.2174606323242
502.47607421875 259.4161071777344 530.3203430175781 259.4161071777344 530.3203430175781 334.3808898925781 502.47607421875 334.3808898925781
502.0206604003906 259.330810546875 529.6416969299316 259.330810546875 529.6416969299316 333.69459533691406 502.0206604003906 333.69459533691406
502.07879638671875 261.7013244628906 529.7394256591797 261.7013244628906 529.7394256591797 336.1717071533203 502.07879638671875 336.1717071533203
502.04547119140625 257.7491760253906 530.2074375152588 257.7491760253906 530.2074375152588 333.5693054199219 502.04547119140625 333.5693054199219
502.516357421875 258.5055236816406 530.8675289154053 258.5055236816406 530.8675289154053 334.8350601196289 502.516357421875 334.8350601196289
501.85107421875 258.4930725097656 530.4665832519531 258.4930725097656 530.4665832519531 335.5342788696289 501.85107421875 335.5342788696289
502.4007263183594 260.8574523925781 531.0279808044434 260.8574523925781 531.0279808044434 337.93028259277344 502.4007263183594 337.93028259277344
501.81488037109375 258.7614440917969 530.7503147125244 258.7614440917969 530.7503147125244 336.6639862060547 501.81488037109375 336.6639862060547
502.20050048828125 258.72991943359375 531.0949764251709 258.72991943359375 531.0949764251709 336.5221939086914 502.20050048828125 336.5221939086914
502.11480712890625 259.2099609375 530.6536712646484 259.2099609375 530.6536712646484 336.0448226928711 502.11480712890625 336.0448226928711
502.3138122558594 259.7813415527344 530.5355224609375 259.7813415527344 530.5355224609375 335.76233673095703 502.3138122558594 335.76233673095703
502.2725524902344 259.46435546875 530.4449253082275 259.46435546875 530.4449253082275 335.31251525878906 502.2725524902344 335.31251525878906
502.574462890625 261.07049560546875 530.4379787445068 261.07049560546875 530.4379787445068 336.0871276855469 502.574462890625 336.0871276855469
502.8427734375 259.71063232421875 530.4090309143066 259.71063232421875 530.4090309143066 333.9269561767578 502.8427734375 333.9269561767578
501.8877868652344 260.8938903808594 529.5737361907959 260.8938903808594 529.5737361907959 335.43245697021484 501.8877868652344 335.43245697021484
501.90625 260.25885009765625 530.0214138031006 260.25885009765625 530.0214138031006 335.95298767089844 501.90625 335.95298767089844
502.1795349121094 258.1323547363281 530.5885219573975 258.1323547363281 530.5885219573975 334.61754608154297 502.1795349121094 334.61754608154297
502.30224609375 258.5414123535156 530.4215450286865 258.5414123535156 530.4215450286865 334.2466812133789 502.30224609375 334.2466812133789
502.26287841796875 261.55322265625 530.2451362609863 261.55322265625 530.2451362609863 336.88954162597656 502.26287841796875 336.88954162597656
502.2657165527344 260.5320739746094 530.0093173980713 260.5320739746094 530.0093173980713 335.2258529663086 502.2657165527344 335.2258529663086
502.67840576171875 260.382568359375 530.6251373291016 260.382568359375 530.6251373291016 335.6232452392578 502.67840576171875 335.6232452392578
502.55877685546875 260.4026794433594 530.2142295837402 260.4026794433594 530.2142295837402 334.85914611816406 502.55877685546875 334.85914611816406
502.863037109375 261.95648193359375 530.4824314117432 261.95648193359375 530.4824314117432 336.31585693359375 502.863037109375 336.31585693359375
502.330810546875 261.49298095703125 529.6905097961426 261.49298095703125 529.6905097961426 335.15318298339844 502.330810546875 335.15318298339844
502.2108459472656 261.1004943847656 529.3379821777344 261.1004943847656 529.3379821777344 334.1345672607422 502.2108459472656 334.1345672607422
502.8722229003906 260.8614807128906 530.0164604187012 260.8614807128906 530.0164604187012 333.9415969848633 502.8722229003906 333.9415969848633
501.8685607910156 261.9242248535156 528.998851776123 261.9242248535156 528.998851776123 334.966796875 501.8685607910156 334.966796875
501.53399658203125 261.8368225097656 528.4579620361328 261.8368225097656 528.4579620361328 334.3239059448242 501.53399658203125 334.3239059448242
502.80157470703125 260.5654296875 529.9918670654297 260.5654296875 529.9918670654297 333.76954650878906 502.80157470703125 333.76954650878906
502.96160888671875 260.6776123046875 529.5086402893066 260.6776123046875 529.5086402893066 332.1498794555664 502.96160888671875 332.1498794555664
502.34332275390625 264.2557067871094 528.731143951416 264.2557067871094 528.731143951416 335.29933166503906 502.34332275390625 335.29933166503906
502.5396423339844 261.4672546386719 529.2801513671875 261.4672546386719 529.2801513671875 333.4604187011719 502.5396423339844 333.4604187011719
502.9454040527344 261.956298828125 529.3320350646973 261.956298828125 529.3320350646973 332.99671936035156 502.9454040527344 332.99671936035156
502.84027099609375 263.02166748046875 528.989049911499 263.02166748046875 528.989049911499 333.4217224121094 502.84027099609375 333.4217224121094
503.07415771484375 263.6969909667969 529.0946407318115 263.6969909667969 529.0946407318115 333.7516326904297 503.07415771484375 333.7516326904297
503.3812561035156 263.08648681640625 529.0645484924316 263.08648681640625 529.0645484924316 332.2333221435547 503.3812561035156 332.2333221435547
503.53497314453125 262.74102783203125 529.2790412902832 262.74102783203125 529.2790412902832 332.0514831542969 503.53497314453125 332.0514831542969
503.2601623535156 264.4242858886719 528.7364330291748 264.4242858886719 528.7364330291748 333.0137481689453 503.2601623535156 333.0137481689453
503.2906799316406 264.6118469238281 528.8614826202393 264.6118469238281 528.8614826202393 333.45581817626953 503.2906799316406 333.45581817626953
501.91815185546875 264.9716796875 527.3354053497314 264.9716796875 527.3354053497314 333.4022521972656 501.91815185546875 333.4022521972656
502.49365234375 265.2470703125 527.7836589813232 265.2470703125 527.7836589813232 333.3350601196289 502.49365234375 333.3350601196289
503.75360107421875 265.4825744628906 529.0097141265869 265.4825744628906 529.0097141265869 333.47930908203125 503.75360107421875 333.47930908203125
503.12939453125 263.97125244140625 528.8422355651855 263.97125244140625 528.8422355651855 333.1976318359375 503.12939453125 333.1976318359375
502.9811096191406 262.3513488769531 529.0684089660645 262.3513488769531 529.0684089660645 332.5858688354492 502.9811096191406 332.5858688354492
503.0201110839844 262.00677490234375 529.0550231933594 262.00677490234375 529.0550231933594 332.10025787353516 503.0201110839844 332.10025787353516
503.04620361328125 262.3923034667969 529.2379245758057 262.3923034667969 529.2379245758057 332.907958984375 503.04620361328125 332.907958984375
503.03839111328125 261.88702392578125 529.3198852539062 261.88702392578125 529.3198852539062 332.64437103271484 503.03839111328125 332.64437103271484
502.5594787597656 261.113525390625 529.0154609680176 261.113525390625 529.0154609680176 332.3406448364258 502.5594787597656 332.3406448364258
503.16802978515625 261.95123291015625 529.4581699371338 261.95123291015625 529.4581699371338 332.7318572998047 503.16802978515625 332.7318572998047
502.7361755371094 262.0269775390625 529.3824157714844 262.0269775390625 529.3824157714844 333.7663269042969 502.7361755371094 333.7663269042969
503.2648010253906 260.38641357421875 530.1497497558594 260.38641357421875 530.1497497558594 332.7684326171875 503.2648010253906 332.7684326171875
502.42657470703125 261.8114013671875 529.5851383209229 261.8114013671875 529.5851383209229 334.93006896972656 502.42657470703125 334.93006896972656
502.428466796875 260.57220458984375 529.6481227874756 260.57220458984375 529.6481227874756 333.85535430908203 502.428466796875 333.85535430908203
502.6178283691406 261.16033935546875 529.4621849060059 261.16033935546875 529.4621849060059 333.4330825805664 502.6178283691406 333.4330825805664
503.07525634765625 261.7350158691406 530.006046295166 261.7350158691406 530.006046295166 334.2404556274414 503.07525634765625 334.2404556274414
502.887451171875 261.80950927734375 529.9825706481934 261.80950927734375 529.9825706481934 334.7573699951172 502.887451171875 334.7573699951172
502.8209533691406 261.8563537597656 529.6925296783447 261.8563537597656 529.6925296783447 334.20237731933594 502.8209533691406 334.20237731933594
503.0751953125 263.0022277832031 529.2288608551025 263.0022277832031 529.2288608551025 333.4154281616211 503.0751953125 333.4154281616211
503.2042541503906 262.7689208984375 529.6321773529053 262.7689208984375 529.6321773529053 333.9205093383789 503.2042541503906 333.9205093383789
502.658935546875 259.63018798828125 529.5324440002441 259.63018798828125 529.5324440002441 331.9814147949219 502.658935546875 331.9814147949219
502.79412841796875 262.1841125488281 529.7084255218506 262.1841125488281 529.7084255218506 334.64515686035156 502.79412841796875 334.64515686035156
503.2525329589844 261.48504638671875 529.5806522369385 261.48504638671875 529.5806522369385 332.36793518066406 503.2525329589844 332.36793518066406
502.90020751953125 262.3149719238281 529.1974086761475 262.3149719238281 529.1974086761475 333.11461639404297 502.90020751953125 333.11461639404297
503.5390625 263.0563049316406 529.679443359375 263.0563049316406 529.679443359375 333.43373107910156 503.5390625 333.43373107910156
502.8031311035156 262.9822082519531 528.6450347900391 262.9822082519531 528.6450347900391 332.55604553222656 502.8031311035156 332.55604553222656
502.8888244628906 264.7594299316406 528.3653736114502 264.7594299316406 528.3653736114502 333.3496322631836 502.8888244628906 333.3496322631836
502.9649353027344 262.8721618652344 528.7285709381104 262.8721618652344 528.7285709381104 332.2352752685547 502.9649353027344 332.2352752685547
503.41229248046875 264.7703857421875 528.6180076599121 264.7703857421875 528.6180076599121 332.6314239501953 503.41229248046875 332.6314239501953
503.50262451171875 262.6689453125 529.1460990905762 262.6689453125 529.1460990905762 331.7085647583008 503.50262451171875 331.7085647583008
503.84930419921875 262.03607177734375 529.4718017578125 262.03607177734375 529.4718017578125 331.0192108154297 503.84930419921875 331.0192108154297
503.6600646972656 262.4571228027344 529.4419765472412 262.4571228027344 529.4419765472412 331.8694534301758 503.6600646972656 331.8694534301758
502.84521484375 263.7455139160156 528.3878784179688 263.7455139160156 528.3878784179688 332.5137176513672 502.84521484375 332.5137176513672
502.28717041015625 263.75518798828125 528.2230167388916 263.75518798828125 528.2230167388916 333.58194732666016 502.28717041015625 333.58194732666016
502.7433166503906 261.8237609863281 528.668909072876 261.8237609863281 528.668909072876 331.62290954589844 502.7433166503906 331.62290954589844
503.4093322753906 263.04327392578125 529.1334533691406 263.04327392578125 529.1334533691406 332.3000030517578 503.4093322753906 332.3000030517578
502.79296875 263.2060546875 528.5440826416016 263.2060546875 528.5440826416016 332.53546142578125 502.79296875 332.53546142578125
502.919921875 262.8564453125 529.0034828186035 262.8564453125 529.0034828186035 333.0808868408203 502.919921875 333.0808868408203
501.97698974609375 263.5918884277344 528.1136379241943 263.5918884277344 528.1136379241943 333.9592590332031 501.97698974609375 333.9592590332031
503.83917236328125 261.6188049316406 529.8363380432129 261.6188049316406 529.8363380432129 331.6106491088867 503.83917236328125 331.6106491088867
503.6771545410156 263.721923828125 529.5247077941895 263.721923828125 529.5247077941895 333.3109664916992 503.6771545410156 333.3109664916992
502.7720642089844 263.1218566894531 528.9099369049072 263.1218566894531 528.9099369049072 333.49251556396484 502.7720642089844 333.49251556396484
502.6214294433594 263.28857421875 528.2115592956543 263.28857421875 528.2115592956543 332.1845474243164 502.6214294433594 332.1845474243164
503.42279052734375 263.74139404296875 528.8078193664551 263.74139404296875 528.8078193664551 332.0851821899414 503.42279052734375 332.0851821899414
502.99066162109375 264.9009094238281 528.2442493438721 264.9009094238281 528.2442493438721 332.8908157348633 502.99066162109375 332.8908157348633
502.7109375 264.91839599609375 528.2650413513184 264.91839599609375 528.2650413513184 333.71736907958984 502.7109375 333.71736907958984
503.7899475097656 264.09222412109375 529.279354095459 264.09222412109375 529.279354095459 332.7170181274414 503.7899475097656 332.7170181274414
503.8072814941406 263.2605285644531 529.3290824890137 263.2605285644531 529.3290824890137 331.9725341796875 503.8072814941406 331.9725341796875
502.53765869140625 262.0875549316406 528.4276790618896 262.0875549316406 528.4276790618896 331.79090881347656 502.53765869140625 331.79090881347656
502.74102783203125 262.7984924316406 529.0391120910645 262.7984924316406 529.0391120910645 333.60045623779297 502.74102783203125 333.60045623779297
502.2666015625 264.3437805175781 528.4589443206787 264.3437805175781 528.4589443206787 334.8610610961914 502.2666015625 334.8610610961914
502.5104064941406 262.1998291015625 528.3155517578125 262.1998291015625 528.3155517578125 331.67466735839844 502.5104064941406 331.67466735839844
502.547119140625 266.7561950683594 527.5591640472412 266.7561950683594 527.5591640472412 334.0957794189453 502.547119140625 334.0957794189453
503.56903076171875 264.44293212890625 529.0833168029785 264.44293212890625 529.0833168029785 333.1346893310547 503.56903076171875 333.1346893310547
502.9952087402344 264.0655517578125 528.0306339263916 264.0655517578125 528.0306339263916 331.4680709838867 502.9952087402344 331.4680709838867
502.77789306640625 264.68304443359375 528.4537467956543 264.68304443359375 528.4537467956543 333.8097839355469 502.77789306640625 333.8097839355469
503.661376953125 263.86627197265625 529.1976985931396 263.86627197265625 529.1976985931396 332.6173553466797 503.661376953125 332.6173553466797
502.2300720214844 264.55535888671875 527.9877777099609 264.55535888671875 527.9877777099609 333.9024658203125 502.2300720214844 333.9024658203125
502.10772705078125 262.9017333984375 528.4463748931885 262.9017333984375 528.4463748931885 333.81290435791016 502.10772705078125 333.81290435791016
502.52362060546875 262.62017822265625 528.663890838623 262.62017822265625 528.663890838623 332.9972610473633 502.52362060546875 332.9972610473633
502.3236389160156 263.8046569824219 528.250545501709 263.8046569824219 528.250545501709 333.60730743408203 502.3236389160156 333.60730743408203
502.1900939941406 264.070068359375 527.9226169586182 264.070068359375 527.9226169586182 333.3493881225586 502.1900939941406 333.3493881225586
503.2037658691406 262.91656494140625 529.1400966644287 262.91656494140625 529.1400966644287 332.7446060180664 503.2037658691406 332.7446060180664
502.95599365234375 262.20263671875 529.0303840637207 262.20263671875 529.0303840637207 332.4023742675781 502.95599365234375 332.4023742675781
502.50048828125 262.7765808105469 528.5495510101318 262.7765808105469 528.5495510101318 332.9081268310547 502.50048828125 332.9081268310547
502.31231689453125 262.97650146484375 528.2001686096191 262.97650146484375 528.2001686096191 332.67401123046875 502.31231689453125 332.67401123046875
502.53387451171875 262.75714111328125 528.2906436920166 262.75714111328125 528.2906436920166 332.1017303466797 502.53387451171875 332.1017303466797
502.79742431640625 263.1678161621094 528.5660915374756 263.1678161621094 528.5660915374756 332.54444122314453 502.79742431640625 332.54444122314453
502.87689208984375 264.2086486816406 528.6435813903809 264.2086486816406 528.6435813903809 333.5799560546875 502.87689208984375 333.5799560546875
502.4551696777344 261.88970947265625 528.662540435791 261.88970947265625 528.662540435791 332.44744873046875 502.4551696777344 332.44744873046875
502.296875 263.2377624511719 528.7003364562988 263.2377624511719 528.7003364562988 334.32342529296875 502.296875 334.32342529296875
503.7110290527344 260.6743469238281 529.9218444824219 260.6743469238281 529.9218444824219 331.24134826660156 503.7110290527344 331.24134826660156
502.69482421875 264.68145751953125 528.8230953216553 264.68145751953125 528.8230953216553 335.02622985839844 502.69482421875 335.02622985839844
502.58404541015625 262.6007080078125 528.7629585266113 262.6007080078125 528.7629585266113 333.0818176269531 502.58404541015625 333.0818176269531
503.091064453125 262.59442138671875 529.1372680664062 262.59442138671875 529.1372680664062 332.7182388305664 503.091064453125 332.7182388305664
502.8089904785156 263.63616943359375 528.4827003479004 263.63616943359375 528.4827003479004 332.75711822509766 502.8089904785156 332.75711822509766
502.4170837402344 263.77581787109375 528.3387603759766 263.77581787109375 528.3387603759766 333.5643539428711 502.4170837402344 333.5643539428711
501.9778747558594 264.2245178222656 527.8183536529541 264.2245178222656 527.8183536529541 333.79444885253906 501.9778747558594 333.79444885253906
502.36444091796875 263.23553466796875 528.2909336090088 263.23553466796875 528.2909336090088 333.03704833984375 502.36444091796875 333.03704833984375
502.7342834472656 262.7750244140625 528.7805824279785 262.7750244140625 528.7805824279785 332.8990936279297 502.7342834472656 332.8990936279297
502.63153076171875 263.7392883300781 528.4850673675537 263.7392883300781 528.4850673675537 333.3443832397461 502.63153076171875 333.3443832397461
502.95953369140625 263.81402587890625 528.4814224243164 263.81402587890625 528.4814224243164 332.52622985839844 502.95953369140625 332.52622985839844
502.5435485839844 262.930419921875 527.9550361633301 262.930419921875 527.9550361633301 331.3453826904297 502.5435485839844 331.3453826904297
503.81036376953125 262.67889404296875 529.5018043518066 262.67889404296875 529.5018043518066 331.84757232666016 503.81036376953125 331.84757232666016
502.1451110839844 263.799072265625 527.6945838928223 263.799072265625 527.6945838928223 332.58553314208984 502.1451110839844 332.58553314208984
502.9637756347656 263.5904846191406 528.6194820404053 263.5904846191406 528.6194820404053 332.66294860839844 502.9637756347656 332.66294860839844
503.459716796875 263.02276611328125 529.5062408447266 263.02276611328125 529.5062408447266 333.14742279052734 503.459716796875 333.14742279052734
503.1705627441406 262.22161865234375 529.0826606750488 262.22161865234375 529.0826606750488 331.9843521118164 503.1705627441406 331.9843521118164
502.6710510253906 262.21173095703125 528.8924369812012 262.21173095703125 528.8924369812012 332.8071594238281 502.6710510253906 332.8071594238281
502.2518615722656 262.17779541015625 528.3218631744385 262.17779541015625 528.3218631744385 332.3656463623047 502.2518615722656 332.3656463623047
502.4710388183594 262.07916259765625 528.3228492736816 262.07916259765625 528.3228492736816 331.67958068847656 502.4710388183594 331.67958068847656
502.691162109375 261.115966796875 528.7741794586182 261.115966796875 528.7741794586182 331.33885192871094 502.691162109375 331.33885192871094
502.27392578125 262.40283203125 528.5566291809082 262.40283203125 528.5566291809082 333.163330078125 502.27392578125 333.163330078125
501.4095153808594 262.0208740234375 527.9685249328613 262.0208740234375 527.9685249328613 333.5252685546875 501.4095153808594 333.5252685546875
502.4073181152344 261.9204406738281 528.7939605712891 261.9204406738281 528.7939605712891 332.9607696533203 502.4073181152344 332.9607696533203
502.2005920410156 261.0885009765625 529.0657043457031 261.0885009765625 529.0657043457031 333.41700744628906 502.2005920410156 333.41700744628906
501.93359375 261.1893615722656 528.8390846252441 261.1893615722656 528.8390846252441 333.62657928466797 501.93359375 333.62657928466797
502.2181701660156 262.1647033691406 529.0446128845215 262.1647033691406 529.0446128845215 334.3891067504883 502.2181701660156 334.3891067504883
502.6773376464844 260.9732971191406 529.5013484954834 260.9732971191406 529.5013484954834 333.19115447998047 502.6773376464844 333.19115447998047
502.17926025390625 261.21856689453125 529.0698642730713 261.21856689453125 529.0698642730713 333.61570739746094 502.17926025390625 333.61570739746094
501.72540283203125 260.3744201660156 529.0834007263184 260.3744201660156 529.0834007263184 334.02991485595703 501.72540283203125 334.02991485595703
502.19964599609375 260.19366455078125 529.1804809570312 260.19366455078125 529.1804809570312 332.83372497558594 502.19964599609375 332.83372497558594
502.41619873046875 261.3441162109375 529.1761226654053 261.3441162109375 529.1761226654053 333.3894271850586 502.41619873046875 333.3894271850586
502.5599060058594 260.3156433105469 529.9137306213379 260.3156433105469 529.9137306213379 333.9599151611328 502.5599060058594 333.9599151611328
502.537109375 260.5985412597656 529.9040775299072 260.5985412597656 529.9040775299072 334.27820587158203 502.537109375 334.27820587158203
501.88714599609375 261.0205078125 528.8668479919434 261.0205078125 528.8668479919434 333.6575469970703 501.88714599609375 333.6575469970703
502.30792236328125 260.67071533203125 529.1538639068604 260.67071533203125 529.1538639068604 332.9476318359375 502.30792236328125 332.9476318359375
502.3125 260.31976318359375 529.54465675354 260.31976318359375 529.54465675354 333.636474609375 502.3125 333.636474609375
501.74481201171875 260.59844970703125 528.6908779144287 260.59844970703125 528.6908779144287 333.1449279785156 501.74481201171875 333.1449279785156
501.73919677734375 261.3834228515625 528.8813972473145 261.3834228515625 528.8813972473145 334.45794677734375 501.73919677734375 334.45794677734375
501.2926330566406 260.00274658203125 528.404354095459 260.00274658203125 528.404354095459 332.9952087402344 501.2926330566406 332.9952087402344
502.68341064453125 262.275146484375 529.6000556945801 262.275146484375 529.6000556945801 334.7424011230469 502.68341064453125 334.7424011230469
502.43792724609375 261.856689453125 528.9072208404541 261.856689453125 528.9072208404541 333.1195526123047 502.43792724609375 333.1195526123047
502.3111267089844 262.6051330566406 528.8096523284912 262.6051330566406 528.8096523284912 333.94669342041016 502.3111267089844 333.94669342041016
502.41387939453125 261.9217834472656 528.9736728668213 261.9217834472656 528.9736728668213 333.4282913208008 502.41387939453125 333.4282913208008
502.6449279785156 264.0389099121094 528.6830234527588 264.0389099121094 528.6830234527588 334.14085388183594 502.6449279785156 334.14085388183594
502.19140625 264.64202880859375 528.4019222259521 264.64202880859375 528.4019222259521 335.2081756591797 502.19140625 335.2081756591797
501.4717712402344 262.88653564453125 527.4299468994141 262.88653564453125 527.4299468994141 332.77330780029297 501.4717712402344 332.77330780029297
501.9361267089844 262.18707275390625 528.1825714111328 262.18707275390625 528.1825714111328 332.8499450683594 501.9361267089844 332.8499450683594
501.92193603515625 262.4060974121094 528.4620513916016 262.4060974121094 528.4620513916016 333.85961151123047 501.92193603515625 333.85961151123047
501.90594482421875 261.7066650390625 528.4099464416504 261.7066650390625 528.4099464416504 333.06295013427734 501.90594482421875 333.06295013427734
501.864013671875 261.85223388671875 528.2278022766113 261.85223388671875 528.2278022766113 332.8310241699219 501.864013671875 332.8310241699219
502.0835876464844 263.46661376953125 528.4800567626953 263.46661376953125 528.4800567626953 334.53338623046875 502.0835876464844 334.53338623046875
502.56317138671875 262.27264404296875 528.99973487854 262.27264404296875 528.99973487854 333.4473571777344 502.56317138671875 333.4473571777344
501.985107421875 262.89678955078125 528.5981712341309 262.89678955078125 528.5981712341309 334.54669189453125 501.985107421875 334.54669189453125
500.8536071777344 261.71319580078125 527.5269889831543 261.71319580078125 527.5269889831543 333.52549743652344 500.8536071777344 333.52549743652344
501.9386291503906 262.3990783691406 528.97727394104 262.3990783691406 528.97727394104 335.1947784423828 501.9386291503906 335.1947784423828
501.4404296875 261.387451171875 528.3465938568115 261.387451171875 528.3465938568115 333.82647705078125 501.4404296875 333.82647705078125
501.9488220214844 261.92364501953125 528.9962310791016 261.92364501953125 528.9962310791016 334.7429428100586 501.9488220214844 334.7429428100586
500.95867919921875 262.6474609375 527.6048545837402 262.6474609375 527.6048545837402 334.3865203857422 500.95867919921875 334.3865203857422
502.11175537109375 263.2710876464844 528.8164558410645 263.2710876464844 528.8164558410645 335.16770935058594 502.11175537109375 335.16770935058594
501.50103759765625 262.4057922363281 528.1164951324463 262.4057922363281 528.1164951324463 334.06214904785156 501.50103759765625 334.06214904785156
501.30859375 260.96142578125 528.2922916412354 260.96142578125 528.2922916412354 333.60919189453125 501.30859375 333.60919189453125
501.514892578125 260.9623107910156 528.7110939025879 260.9623107910156 528.7110939025879 334.1821975708008 501.514892578125 334.1821975708008
501.396240234375 261.7540588378906 528.63916015625 261.7540588378906 528.63916015625 335.09971618652344 501.396240234375 335.09971618652344
501.5652770996094 263.30657958984375 528.1314888000488 263.30657958984375 528.1314888000488 334.8303451538086 501.5652770996094 334.8303451538086
501.56787109375 261.72674560546875 528.4646949768066 261.72674560546875 528.4646949768066 334.14060974121094 501.56787109375 334.14060974121094
500.87579345703125 261.7740173339844 528.2351570129395 261.7740173339844 528.2351570129395 335.4331588745117 500.87579345703125 335.4331588745117
501.746826171875 261.2799987792969 528.9623508453369 261.2799987792969 528.9623508453369 334.55188751220703 501.746826171875 334.55188751220703
501.8924865722656 259.8561096191406 529.3281707763672 259.8561096191406 529.3281707763672 333.7207336425781 501.8924865722656 333.7207336425781
501.0572204589844 261.6253662109375 528.2282752990723 261.6253662109375 528.2282752990723 334.7775344848633 501.0572204589844 334.7775344848633
501.841796875 263.2169494628906 528.8425407409668 263.2169494628906 528.8425407409668 335.9105987548828 501.841796875 335.9105987548828
502.1888732910156 264.5650329589844 528.7222194671631 264.5650329589844 528.7222194671631 336.0003128051758 502.1888732910156 336.0003128051758
501.9000549316406 262.9055480957031 528.3604946136475 262.9055480957031 528.3604946136475 334.14454650878906 501.9000549316406 334.14454650878906
502.0244140625 260.92230224609375 528.8997993469238 260.92230224609375 528.8997993469238 333.27845001220703 502.0244140625 333.27845001220703
501.02630615234375 261.50872802734375 527.5553016662598 261.50872802734375 527.5553016662598 332.93228912353516 501.02630615234375 332.93228912353516
502.71539306640625 263.8519287109375 529.1627616882324 263.8519287109375 529.1627616882324 335.0557327270508 502.71539306640625 335.0557327270508
502.62628173828125 262.7476501464844 529.360559463501 262.7476501464844 529.360559463501 334.72389221191406 502.62628173828125 334.72389221191406
502.64501953125 263.4617614746094 529.1245765686035 263.4617614746094 529.1245765686035 334.7522201538086 502.64501953125 334.7522201538086
501.5218811035156 261.70892333984375 527.6838283538818 261.70892333984375 527.6838283538818 332.14427947998047 501.5218811035156 332.14427947998047
502.3865661621094 262.3973388671875 528.7300815582275 262.3973388671875 528.7300815582275 333.321533203125 502.3865661621094 333.321533203125
501.8477478027344 262.10809326171875 528.5480918884277 262.10809326171875 528.5480918884277 333.9929656982422 501.8477478027344 333.9929656982422
501.596923828125 262.0433044433594 528.13916015625 262.0433044433594 528.13916015625 333.5025100708008 501.596923828125 333.5025100708008
501.35614013671875 262.665771484375 527.9883918762207 262.665771484375 527.9883918762207 334.36732482910156 501.35614013671875 334.36732482910156
501.54644775390625 262.25762939453125 527.8165397644043 262.25762939453125 527.8165397644043 332.9841537475586 501.54644775390625 332.9841537475586
501.9918518066406 263.7147216796875 528.4079036712646 263.7147216796875 528.4079036712646 334.83421325683594 501.9918518066406 334.83421325683594
501.4036560058594 262.7908020019531 527.8852691650391 262.7908020019531 527.8852691650391 334.08680725097656 501.4036560058594 334.08680725097656
502.00689697265625 263.93646240234375 528.7328796386719 263.93646240234375 528.7328796386719 335.890380859375 502.00689697265625 335.890380859375
501.89263916015625 261.4363708496094 528.8692684173584 261.4363708496094 528.8692684173584 334.06510162353516 501.89263916015625 334.06510162353516
501.92095947265625 261.95611572265625 529.2418613433838 261.95611572265625 529.2418613433838 335.51172637939453 501.92095947265625 335.51172637939453
501.566650390625 262.6344299316406 528.7554378509521 262.6344299316406 528.7554378509521 335.83434295654297 501.566650390625 335.83434295654297
502.2029724121094 263.0346374511719 529.1966133117676 263.0346374511719 529.1966133117676 335.7091522216797 502.2029724121094 335.7091522216797
501.12322998046875 261.6364440917969 527.8695945739746 261.6364440917969 527.8695945739746 333.6452178955078 501.12322998046875 333.6452178955078
501.9869689941406 262.98675537109375 528.7978916168213 262.98675537109375 528.7978916168213 335.1693344116211 501.9869689941406 335.1693344116211
500.99798583984375 262.8238830566406 527.7433986663818 262.8238830566406 527.7433986663818 334.83009338378906 500.99798583984375 334.83009338378906
501.5442810058594 263.11126708984375 528.1056938171387 263.11126708984375 528.1056938171387 334.62210845947266 501.5442810058594 334.62210845947266
501.83172607421875 263.9551086425781 528.2279472351074 263.9551086425781 528.2279472351074 335.0212097167969 501.83172607421875 335.0212097167969
502.2039489746094 263.4052429199219 528.7062034606934 263.4052429199219 528.7062034606934 334.75682067871094 502.2039489746094 334.75682067871094
502.04296875 263.0912780761719 528.7445468902588 263.0912780761719 528.7445468902588 334.9794921875 502.04296875 334.9794921875
501.0799865722656 263.4269104003906 527.6723670959473 263.4269104003906 527.6723670959473 335.02112579345703 501.0799865722656 335.02112579345703
501.6202087402344 262.58026123046875 528.1978092193604 262.58026123046875 528.1978092193604 334.1346893310547 501.6202087402344 334.1346893310547
501.76226806640625 263.71612548828125 528.1641120910645 263.71612548828125 528.1641120910645 334.79736328125 501.76226806640625 334.79736328125
501.5462951660156 262.54998779296875 528.2942314147949 262.54998779296875 528.2942314147949 334.56300354003906 501.5462951660156 334.56300354003906
501.2950134277344 261.61529541015625 527.975622177124 261.61529541015625 527.975622177124 333.4470443725586 501.2950134277344 333.4470443725586
500.9588928222656 262.7023620605469 527.7646484375 262.7023620605469 527.7646484375 334.8710403442383 500.9588928222656 334.8710403442383
501.6949768066406 262.50384521484375 528.5332279205322 262.50384521484375 528.5332279205322 334.760009765625 501.6949768066406 334.760009765625
502.5181579589844 263.40057373046875 528.8703212738037 263.40057373046875 528.8703212738037 334.3480529785156 502.5181579589844 334.3480529785156
502.3099670410156 263.86932373046875 528.6795749664307 263.86932373046875 528.6795749664307 334.86376953125 502.3099670410156 334.86376953125
501.7044372558594 263.3643798828125 527.7415046691895 263.3643798828125 527.7415046691895 333.46353912353516 501.7044372558594 333.46353912353516
503.24072265625 261.807861328125 529.427001953125 261.807861328125 529.427001953125 332.3087463378906 503.24072265625 332.3087463378906
501.34942626953125 263.3004455566406 527.4834403991699 263.3004455566406 527.4834403991699 333.6606140136719 501.34942626953125 333.6606140136719
502.12542724609375 263.59832763671875 528.3757209777832 263.59832763671875 528.3757209777832 334.2715530395508 502.12542724609375 334.2715530395508
501.92291259765625 263.85955810546875 527.8188629150391 263.85955810546875 527.8188629150391 333.57879638671875 501.92291259765625 333.57879638671875
502.22283935546875 263.9785461425781 527.9591369628906 263.9785461425781 527.9591369628906 333.26795196533203 502.22283935546875 333.26795196533203
502.427001953125 264.89532470703125 528.4493675231934 264.89532470703125 528.4493675231934 334.9549102783203 502.427001953125 334.9549102783203
501.46588134765625 263.0911865234375 527.7518920898438 263.0911865234375 527.7518920898438 333.8605728149414 501.46588134765625 333.8605728149414
502.0059509277344 264.6397399902344 527.9745235443115 264.6397399902344 527.9745235443115 334.5544891357422 502.0059509277344 334.5544891357422
502.25885009765625 263.75396728515625 528.3358860015869 263.75396728515625 528.3358860015869 333.96073150634766 502.25885009765625 333.96073150634766
501.67266845703125 263.27069091796875 527.9375057220459 263.27069091796875 527.9375057220459 333.98307037353516 501.67266845703125 333.98307037353516
501.33477783203125 263.3227844238281 527.9578552246094 263.3227844238281 527.9578552246094 334.99964904785156 501.33477783203125 334.99964904785156
502.1839294433594 263.369873046875 528.2702293395996 263.369873046875 528.2702293395996 333.60157775878906 502.1839294433594 333.60157775878906
501.52069091796875 262.6435546875 527.5630836486816 262.6435546875 527.5630836486816 332.75704193115234 501.52069091796875 332.75704193115234
502.33734130859375 262.9837646484375 528.1534004211426 262.9837646484375 528.1534004211426 332.48789978027344 502.33734130859375 332.48789978027344
501.4562072753906 264.43780517578125 527.4087467193604 264.43780517578125 527.4087467193604 334.3093795776367 501.4562072753906 334.3093795776367
501.69940185546875 263.1695556640625 527.7363548278809 263.1695556640625 527.7363548278809 333.2683868408203 501.69940185546875 333.2683868408203
502.0771484375 264.35498046875 528.1449699401855 264.35498046875 528.1449699401855 334.5369110107422 502.0771484375 334.5369110107422
502.21063232421875 264.13677978515625 528.3209991455078 264.13677978515625 528.3209991455078 334.4332504272461 502.21063232421875 334.4332504272461
501.71923828125 263.9393005371094 527.989990234375 263.9393005371094 527.989990234375 334.6675720214844 501.71923828125 334.6675720214844
502.2808532714844 264.1940612792969 528.3296165466309 264.1940612792969 528.3296165466309 334.3246765136719 502.2808532714844 334.3246765136719
501.76824951171875 262.54376220703125 527.8210506439209 262.54376220703125 527.8210506439209 332.6852493286133 501.76824951171875 332.6852493286133
502.63427734375 263.1118469238281 528.9005165100098 263.1118469238281 528.9005165100098 333.82796478271484 502.63427734375 333.82796478271484
501.99017333984375 263.67108154296875 528.2263889312744 263.67108154296875 528.2263889312744 334.3063659667969 501.99017333984375 334.3063659667969
501.9200744628906 263.78997802734375 527.3916416168213 263.78997802734375 527.3916416168213 332.36661529541016 501.9200744628906 332.36661529541016
502.691162109375 264.9104309082031 527.8579921722412 264.9104309082031 527.8579921722412 332.66663360595703 502.691162109375 332.66663360595703
502.7860412597656 264.6101989746094 528.0851058959961 264.6101989746094 528.0851058959961 332.722412109375 502.7860412597656 332.722412109375
502.16357421875 266.5054626464844 527.0236015319824 266.5054626464844 527.0236015319824 333.43566131591797 502.16357421875 333.43566131591797
502.4964294433594 266.377197265625 527.2389087677002 266.377197265625 527.2389087677002 332.9909210205078 502.4964294433594 332.9909210205078
502.735595703125 265.891357421875 527.3512668609619 265.891357421875 527.3512668609619 332.1636734008789 502.735595703125 332.1636734008789
503.1942443847656 267.0782775878906 527.6947116851807 267.0782775878906 527.6947116851807 333.0404357910156 503.1942443847656 333.0404357910156
501.7621154785156 264.7062683105469 526.5728206634521 264.7062683105469 526.5728206634521 331.50367736816406 501.7621154785156 331.50367736816406
502.93536376953125 264.9407653808594 527.7874202728271 264.9407653808594 527.7874202728271 331.84950256347656 502.93536376953125 331.84950256347656
503.6393127441406 265.751953125 528.2878952026367 265.751953125 528.2878952026367 332.1128845214844 503.6393127441406 332.1128845214844
502.4571228027344 266.95880126953125 527.0664863586426 266.95880126953125 527.0664863586426 333.21414947509766 502.4571228027344 333.21414947509766
502.49871826171875 266.25811767578125 527.2380638122559 266.25811767578125 527.2380638122559 332.86341857910156 502.49871826171875 332.86341857910156
501.9313049316406 265.58258056640625 526.742431640625 265.58258056640625 526.742431640625 332.38114166259766 501.9313049316406 332.38114166259766
502.3123474121094 266.14398193359375 527.0801525115967 266.14398193359375 527.0801525115967 332.8259048461914 502.3123474121094 332.8259048461914
503.4842834472656 264.0442810058594 528.6928081512451 264.0442810058594 528.6928081512451 331.9127502441406 503.4842834472656 331.9127502441406
501.7975158691406 265.2723083496094 526.7523651123047 265.2723083496094 526.7523651123047 332.4578094482422 501.7975158691406 332.4578094482422
502.75860595703125 265.78607177734375 527.3095893859863 265.78607177734375 527.3095893859863 331.8842544555664 502.75860595703125 331.8842544555664
502.9541015625 265.3079528808594 527.662446975708 265.3079528808594 527.662446975708 331.8297882080078 502.9541015625 331.8297882080078
503.07110595703125 265.7826843261719 527.8338317871094 265.7826843261719 527.8338317871094 332.45093536376953 503.07110595703125 332.45093536376953
502.7484436035156 264.7879943847656 527.574405670166 264.7879943847656 527.574405670166 331.6264877319336 502.7484436035156 331.6264877319336
502.47308349609375 265.274169921875 527.4188537597656 265.274169921875 527.4188537597656 332.4352264404297 502.47308349609375 332.4352264404297
502.6092224121094 265.8229064941406 527.8227806091309 265.8229064941406 527.8227806091309 333.70491790771484 502.6092224121094 333.70491790771484
502.5743103027344 264.70587158203125 527.8200016021729 264.70587158203125 527.8200016021729 332.6743927001953 502.5743103027344 332.6743927001953
502.34246826171875 264.95001220703125 527.7584991455078 264.95001220703125 527.7584991455078 333.37713623046875 502.34246826171875 333.37713623046875
501.87774658203125 265.0892639160156 527.2528285980225 265.0892639160156 527.2528285980225 333.40614318847656 501.87774658203125 333.40614318847656
502.6695861816406 261.3289794921875 528.3423805236816 261.3289794921875 528.3423805236816 330.44738006591797 502.6695861816406 330.44738006591797
502.12799072265625 263.33343505859375 527.6491718292236 263.33343505859375 527.6491718292236 332.0436477661133 502.12799072265625 332.0436477661133
501.7298889160156 263.9819641113281 527.6302909851074 263.9819641113281 527.6302909851074 333.71315002441406 501.7298889160156 333.71315002441406
501.90704345703125 263.16046142578125 528.0608158111572 263.16046142578125 528.0608158111572 333.57379150390625 501.90704345703125 333.57379150390625
501.92083740234375 263.62054443359375 528.0490322113037 263.62054443359375 528.0490322113037 333.96502685546875 501.92083740234375 333.96502685546875
501.9808044433594 264.69708251953125 527.8118076324463 264.69708251953125 527.8118076324463 334.24143981933594 501.9808044433594 334.24143981933594
501.92803955078125 263.3932800292969 528.1826934814453 263.3932800292969 528.1826934814453 334.07823181152344 501.92803955078125 334.07823181152344
501.1978454589844 263.1924743652344 527.6922054290771 263.1924743652344 527.6922054290771 334.52278900146484 501.1978454589844 334.52278900146484
501.20428466796875 263.36883544921875 527.4957542419434 263.36883544921875 527.4957542419434 334.15291595458984 501.20428466796875 334.15291595458984
500.6620178222656 262.61773681640625 527.4749031066895 262.61773681640625 527.4749031066895 334.8056182861328 500.6620178222656 334.8056182861328
501.2500915527344 262.08282470703125 527.9192867279053 262.08282470703125 527.9192867279053 333.8838424682617 501.2500915527344 333.8838424682617
501.3089294433594 262.1431579589844 528.2344722747803 262.1431579589844 528.2344722747803 334.63433837890625 501.3089294433594 334.63433837890625
501.51513671875 262.2605895996094 528.377721786499 262.2605895996094 528.377721786499 334.58226776123047 501.51513671875 334.58226776123047
500.745849609375 263.2841491699219 527.4287223815918 263.2841491699219 527.4287223815918 335.1219940185547 500.745849609375 335.1219940185547
501.7054748535156 263.76019287109375 528.0394859313965 263.76019287109375 528.0394859313965 334.65879821777344 501.7054748535156 334.65879821777344
502.27392578125 263.4864196777344 528.692569732666 263.4864196777344 528.692569732666 334.6128692626953 502.27392578125 334.6128692626953
501.5008239746094 263.67730712890625 528.0731296539307 263.67730712890625 528.0731296539307 335.2174530029297 501.5008239746094 335.2174530029297
501.48419189453125 262.0774230957031 528.6369876861572 262.0774230957031 528.6369876861572 335.18040466308594 501.48419189453125 335.18040466308594
502.0372619628906 261.1419372558594 528.9449501037598 261.1419372558594 528.9449501037598 333.5850143432617 502.0372619628906 333.5850143432617
501.5341796875 262.860107421875 528.3436698913574 262.860107421875 528.3436698913574 335.03881072998047 501.5341796875 335.03881072998047
502.10394287109375 262.7173767089844 528.7898654937744 262.7173767089844 528.7898654937744 334.5634002685547 502.10394287109375 334.5634002685547
501.9130859375 264.0600280761719 528.2476253509521 264.0600280761719 528.2476253509521 334.9600296020508 501.9130859375 334.9600296020508
501.2275390625 264.2530822753906 527.7201805114746 264.2530822753906 527.7201805114746 335.5787353515625 501.2275390625 335.5787353515625
501.60601806640625 262.6307067871094 528.1524085998535 262.6307067871094 528.1524085998535 334.10106658935547 501.60601806640625 334.10106658935547
502.3221740722656 262.5103759765625 528.8667812347412 262.5103759765625 528.8667812347412 333.97593688964844 502.3221740722656 333.97593688964844
501.572509765625 262.7292785644531 528.2499942779541 262.7292785644531 528.2499942779541 334.5525817871094 501.572509765625 334.5525817871094
501.93658447265625 264.2392578125 527.999683380127 264.2392578125 527.999683380127 334.40846252441406 501.93658447265625 334.40846252441406
502.2164001464844 263.6956481933594 528.6057033538818 263.6956481933594 528.6057033538818 334.7430877685547 502.2164001464844 334.7430877685547
502.26287841796875 263.7483825683594 528.3642692565918 263.7483825683594 528.3642692565918 334.02069091796875 502.26287841796875 334.02069091796875
501.39385986328125 264.45831298828125 527.332103729248 264.45831298828125 527.332103729248 334.29139709472656 501.39385986328125 334.29139709472656
502.06463623046875 264.392578125 527.3009395599365 264.392578125 527.3009395599365 332.3358383178711 502.06463623046875 332.3358383178711
502.37628173828125 264.76165771484375 527.4216480255127 264.76165771484375 527.4216480255127 332.19085693359375 502.37628173828125 332.19085693359375
501.8382873535156 265.5135192871094 526.6103115081787 265.5135192871094 526.6103115081787 332.20680236816406 501.8382873535156 332.20680236816406
502.68133544921875 266.11395263671875 527.2987728118896 266.11395263671875 527.2987728118896 332.3910446166992 502.68133544921875 332.3910446166992
502.97625732421875 265.8781433105469 527.5797996520996 265.8781433105469 527.5797996520996 332.1178283691406 502.97625732421875 332.1178283691406
501.81414794921875 266.6913146972656 526.817907333374 266.6913146972656 526.817907333374 334.0084991455078 501.81414794921875 334.0084991455078
502.95025634765625 264.5157165527344 528.1089057922363 264.5157165527344 528.1089057922363 332.2499084472656 502.95025634765625 332.2499084472656
502.6283264160156 265.3834533691406 527.3504219055176 265.3834533691406 527.3504219055176 331.9423141479492 502.6283264160156 331.9423141479492
502.50225830078125 266.4500427246094 527.0171699523926 266.4500427246094 527.0171699523926 332.45111083984375 502.50225830078125 332.45111083984375
502.2644958496094 266.8426208496094 526.9364147186279 266.8426208496094 526.9364147186279 333.2663879394531 502.2644958496094 333.2663879394531
501.8736267089844 265.728759765625 526.7236480712891 265.728759765625 526.7236480712891 332.6320266723633 501.8736267089844 332.6320266723633
502.259033203125 265.12139892578125 527.4140472412109 265.12139892578125 527.4140472412109 332.8457946777344 502.259033203125 332.8457946777344
501.6402282714844 264.52105712890625 527.0683498382568 264.52105712890625 527.0683498382568 332.98072814941406 501.6402282714844 332.98072814941406
502.2195739746094 264.81610107421875 527.4339408874512 264.81610107421875 527.4339408874512 332.70027923583984 502.2195739746094 332.70027923583984
501.65240478515625 265.4390563964844 526.8879947662354 265.4390563964844 526.8879947662354 333.38037109375 501.65240478515625 333.38037109375
502.31683349609375 264.38873291015625 527.7283535003662 264.38873291015625 527.7283535003662 332.80369567871094 502.31683349609375 332.80369567871094
502.451416015625 265.0675964355469 527.4200077056885 265.0675964355469 527.4200077056885 332.29007720947266 502.451416015625 332.29007720947266
502.86102294921875 265.3406677246094 527.6557731628418 265.3406677246094 527.6557731628418 332.0951156616211 502.86102294921875 332.0951156616211
503.16168212890625 266.36700439453125 528.0675048828125 266.36700439453125 528.0675048828125 333.4204864501953 503.16168212890625 333.4204864501953
502.607177734375 265.29498291015625 527.4765777587891 265.29498291015625 527.4765777587891 332.25040435791016 502.607177734375 332.25040435791016
501.8472595214844 266.03778076171875 526.9707736968994 266.03778076171875 526.9707736968994 333.6773452758789 501.8472595214844 333.6773452758789
502.81231689453125 264.89459228515625 527.9343662261963 264.89459228515625 527.9343662261963 332.5302047729492 502.81231689453125 332.5302047729492
502.17742919921875 263.9678649902344 527.8405818939209 263.9678649902344 527.8405818939209 333.0602798461914 502.17742919921875 333.0602798461914
502.47772216796875 264.99688720703125 527.7339210510254 264.99688720703125 527.7339210510254 332.99366760253906 502.47772216796875 332.99366760253906
501.7962341308594 263.82257080078125 527.480749130249 263.82257080078125 527.480749130249 332.9725036621094 501.7962341308594 332.9725036621094
502.1121520996094 263.421142578125 528.1873817443848 263.421142578125 528.1873817443848 333.6229934692383 502.1121520996094 333.6229934692383
501.58428955078125 262.8102722167969 527.8184413909912 262.8102722167969 527.8184413909912 333.4399871826172 501.58428955078125 333.4399871826172
501.24859619140625 263.8025207519531 527.825122833252 263.8025207519531 527.825122833252 335.35399627685547 501.24859619140625 335.35399627685547
501.04901123046875 263.38702392578125 527.5045833587646 263.38702392578125 527.5045833587646 334.61285400390625 501.04901123046875 334.61285400390625
502.52081298828125 263.1277770996094 528.6886787414551 263.1277770996094 528.6886787414551 333.5790252685547 502.52081298828125 333.5790252685547
501.4383850097656 264.31097412109375 527.4274559020996 264.31097412109375 527.4274559020996 334.2808609008789 501.4383850097656 334.2808609008789
501.5668029785156 264.6512756347656 527.568675994873 264.6512756347656 527.568675994873 334.65563201904297 501.5668029785156 334.65563201904297
501.66558837890625 261.9157409667969 527.8516044616699 261.9157409667969 527.8516044616699 332.4158630371094 501.66558837890625 332.4158630371094
501.46868896484375 264.95782470703125 527.2525444030762 264.95782470703125 527.2525444030762 334.3752136230469 501.46868896484375 334.3752136230469
500.7874450683594 264.40509033203125 526.5778770446777 264.40509033203125 526.5778770446777 333.8401870727539 500.7874450683594 333.8401870727539
502.00555419921875 263.84161376953125 527.6832695007324 263.84161376953125 527.6832695007324 332.97325134277344 502.00555419921875 332.97325134277344
502.2154235839844 263.7901916503906 528.4327697753906 263.7901916503906 528.4327697753906 334.37467193603516 502.2154235839844 334.37467193603516
501.7164001464844 263.8496398925781 527.9104766845703 263.8496398925781 527.9104766845703 334.37147521972656 501.7164001464844 334.37147521972656
501.165771484375 263.4218444824219 527.6004905700684 263.4218444824219 527.6004905700684 334.59156036376953 501.165771484375 334.59156036376953
502.0426330566406 263.9062805175781 528.1127624511719 263.9062805175781 528.1127624511719 334.0944137573242 502.0426330566406 334.0944137573242
500.8121032714844 263.41253662109375 526.9223537445068 263.41253662109375 526.9223537445068 333.7086944580078 500.8121032714844 333.7086944580078
502.1810607910156 263.10400390625 528.010669708252 263.10400390625 528.010669708252 332.6445999145508 502.1810607910156 332.6445999145508
502.558837890625 263.74908447265625 528.1126346588135 263.74908447265625 528.1126346588135 332.547119140625 502.558837890625 332.547119140625
501.30780029296875 266.1693420410156 526.6744689941406 266.1693420410156 526.6744689941406 334.4635696411133 501.30780029296875 334.4635696411133
501.44403076171875 265.2603454589844 526.5486869812012 265.2603454589844 526.5486869812012 332.8491668701172 501.44403076171875 332.8491668701172
501.6060485839844 265.7313232421875 526.7308883666992 265.7313232421875 526.7308883666992 333.3744888305664 501.6060485839844 333.3744888305664
502.5870056152344 264.88330078125 527.467191696167 264.88330078125 527.467191696167 331.86778259277344 502.5870056152344 331.86778259277344
502.3447265625 266.78338623046875 526.9247417449951 266.78338623046875 526.9247417449951 332.95972442626953 502.3447265625 332.95972442626953
502.63134765625 264.79595947265625 527.5157260894775 264.79595947265625 527.5157260894775 331.79173278808594 502.63134765625 331.79173278808594
502.90972900390625 264.3883361816406 527.992805480957 264.3883361816406 527.992805480957 331.91905212402344 502.90972900390625 331.91905212402344
502.14630126953125 265.5986328125 526.8992919921875 265.5986328125 526.8992919921875 332.2406692504883 502.14630126953125 332.2406692504883
502.69915771484375 265.4402770996094 527.8615303039551 265.4402770996094 527.8615303039551 333.1844787597656 502.69915771484375 333.1844787597656
501.77886962890625 265.9960632324219 526.8727321624756 265.9960632324219 526.8727321624756 333.5558166503906 501.77886962890625 333.5558166503906
501.93115234375 265.2125244140625 527.302282333374 265.2125244140625 527.302282333374 333.5187530517578 501.93115234375 333.5187530517578
501.83489990234375 264.3072204589844 527.1761493682861 264.3072204589844 527.1761493682861 332.5330047607422 501.83489990234375 332.5330047607422
502.13226318359375 266.484375 527.3830032348633 266.484375 527.3830032348633 334.4664764404297 502.13226318359375 334.4664764404297
501.81854248046875 264.8775329589844 527.4790744781494 264.8775329589844 527.4790744781494 333.96290588378906 501.81854248046875 333.96290588378906
501.531005859375 266.5892639160156 526.9643211364746 266.5892639160156 526.9643211364746 335.0629119873047 501.531005859375 335.0629119873047
501.3030700683594 265.25030517578125 527.026403427124 265.25030517578125 527.026403427124 334.50476837158203 501.3030700683594 334.50476837158203
501.94073486328125 265.58135986328125 526.9797325134277 265.58135986328125 526.9797325134277 332.99339294433594 501.94073486328125 332.99339294433594
501.9921875 266.25823974609375 527.0520057678223 266.25823974609375 527.0520057678223 333.72633361816406 501.9921875 333.72633361816406
502.1951599121094 267.5838317871094 526.9333591461182 267.5838317871094 526.9333591461182 334.18604278564453 502.1951599121094 334.18604278564453
503.0316467285156 265.70751953125 527.7951583862305 265.70751953125 527.7951583862305 332.3778762817383 503.0316467285156 332.3778762817383
502.0458068847656 265.39947509765625 526.9155693054199 265.39947509765625 526.9155693054199 332.3558883666992 502.0458068847656 332.3558883666992
501.611083984375 265.8941650390625 526.4950523376465 265.8941650390625 526.4950523376465 332.8888168334961 501.611083984375 332.8888168334961
502.14520263671875 264.89129638671875 526.767505645752 264.89129638671875 526.767505645752 331.1814727783203 502.14520263671875 331.1814727783203
502.711181640625 264.9864501953125 527.6837348937988 264.9864501953125 527.6837348937988 332.21959686279297 502.711181640625 332.21959686279297
502.77557373046875 265.80133056640625 527.8153018951416 265.80133056640625 527.8153018951416 333.21533203125 502.77557373046875 333.21533203125
501.98577880859375 266.46826171875 526.6098747253418 266.46826171875 526.6098747253418 332.76326751708984 501.98577880859375 332.76326751708984
502.1819763183594 267.3167724609375 526.5021419525146 267.3167724609375 526.5021419525146 332.79351806640625 502.1819763183594 332.79351806640625
503.2818298339844 266.3583984375 527.6978950500488 266.3583984375 527.6978950500488 332.0933380126953 503.2818298339844 332.0933380126953
502.80126953125 266.2297668457031 526.9564514160156 266.2297668457031 526.9564514160156 331.26233673095703 502.80126953125 331.26233673095703
501.52069091796875 265.6869812011719 526.1006031036377 265.6869812011719 526.1006031036377 331.86304473876953 501.52069091796875 331.86304473876953
502.4622497558594 266.67926025390625 526.9813423156738 266.67926025390625 526.9813423156738 332.6915817260742 502.4622497558594 332.6915817260742
502.78973388671875 265.92022705078125 527.3968544006348 265.92022705078125 527.3968544006348 332.16954040527344 502.78973388671875 332.16954040527344
503.1531677246094 266.0260314941406 527.2121849060059 266.0260314941406 527.2121849060059 330.79969024658203 503.1531677246094 330.79969024658203
501.4842834472656 267.19757080078125 525.8690700531006 267.19757080078125 525.8690700531006 332.84830474853516 501.4842834472656 332.84830474853516
502.04656982421875 266.35992431640625 526.8557014465332 266.35992431640625 526.8557014465332 333.15311431884766 502.04656982421875 333.15311431884766
500.9083557128906 265.4375915527344 526.1989135742188 265.4375915527344 526.1989135742188 333.5269088745117 500.9083557128906 333.5269088745117
500.6649475097656 265.238525390625 526.2008781433105 265.238525390625 526.2008781433105 333.9884490966797 500.6649475097656 333.9884490966797
500.71405029296875 266.3121032714844 526.4058990478516 266.3121032714844 526.4058990478516 335.48180389404297 500.71405029296875 335.48180389404297
500.15679931640625 265.2662658691406 525.8345336914062 265.2662658691406 525.8345336914062 334.39796447753906 500.15679931640625 334.39796447753906
501.2084045410156 265.6169128417969 527.0574150085449 265.6169128417969 527.0574150085449 335.20973205566406 501.2084045410156 335.20973205566406
502.29638671875 267.8426818847656 526.0623683929443 267.8426818847656 526.0623683929443 332.1217956542969 502.29638671875 332.1217956542969
500.79443359375 265.36236572265625 527.5719795227051 265.36236572265625 527.5719795227051 337.45506286621094 500.79443359375 337.45506286621094
503.88006591796875 270.3213195800781 526.4191951751709 270.3213195800781 526.4191951751709 331.30057525634766 503.88006591796875 331.30057525634766
504.24993896484375 269.3511657714844 526.8008995056152 269.3511657714844 526.8008995056152 328.99371337890625 504.24993896484375 328.99371337890625
504.07275390625 273.3277893066406 526.1659622192383 273.3277893066406 526.1659622192383 331.44673919677734 504.07275390625 331.44673919677734
502.96783447265625 267.916748046875 526.5480995178223 267.916748046875 526.5480995178223 330.4774398803711 502.96783447265625 330.4774398803711
502.8683166503906 268.82977294921875 526.1050662994385 268.82977294921875 526.1050662994385 328.1139335632324 502.8683166503906 328.1139335632324
503.013427734375 268.45672607421875 526.1881294250488 268.45672607421875 526.1881294250488 329.83819580078125 503.013427734375 329.83819580078125
502.668212890625 271.1016540527344 524.7882194519043 271.1016540527344 524.7882194519043 330.81854248046875 502.668212890625 330.81854248046875
502.47576904296875 267.61090087890625 526.2533988952637 267.61090087890625 526.2533988952637 327.4979057312012 502.47576904296875 327.4979057312012
502.69744873046875 269.79315185546875 526.0033149719238 269.79315185546875 526.0033149719238 329.7236022949219 502.69744873046875 329.7236022949219
502.5718688964844 266.8358459472656 526.9196186065674 266.8358459472656 526.9196186065674 329.96129608154297 502.5718688964844 329.96129608154297
501.11773681640625 261.51153564453125 528.4341888427734 261.51153564453125 528.4341888427734 334.7483596801758 501.11773681640625 334.7483596801758
501.96014404296875 265.0962219238281 528.3306522369385 265.0962219238281 528.3306522369385 334.47925567626953 501.96014404296875 334.47925567626953
501.687744140625 261.02728271484375 529.1349487304688 261.02728271484375 529.1349487304688 334.38040924072266 501.687744140625 334.38040924072266
501.5890197753906 264.0255432128906 527.7770137786865 264.0255432128906 527.7770137786865 333.5590057373047 501.5890197753906 333.5590057373047
501.53094482421875 265.15838623046875 528.5937232971191 265.15838623046875 528.5937232971191 337.24969482421875 501.53094482421875 337.24969482421875
501.3485412597656 263.64776611328125 528.8094539642334 263.64776611328125 528.8094539642334 336.59214782714844 501.3485412597656 336.59214782714844
500.65069580078125 261.20928955078125 529.1363925933838 261.20928955078125 529.1363925933838 337.90079498291016 500.65069580078125 337.90079498291016
501.026123046875 260.71343994140625 529.6146335601807 260.71343994140625 529.6146335601807 337.68174743652344 501.026123046875 337.68174743652344
500.3876953125 260.4382019042969 529.1852531433105 260.4382019042969 529.1852531433105 337.9693298339844 500.3876953125 337.9693298339844
501.1561584472656 263.7115478515625 529.0283699035645 263.7115478515625 529.0283699035645 336.9944305419922 501.1561584472656 336.9944305419922
500.4715881347656 262.054931640625 529.3132667541504 262.054931640625 529.3132667541504 339.70484924316406 500.4715881347656 339.70484924316406
500.26641845703125 264.23809814453125 528.6678104400635 264.23809814453125 528.6678104400635 338.83116912841797 500.26641845703125 338.83116912841797
499.41705322265625 261.50726318359375 528.7933921813965 261.50726318359375 528.7933921813965 340.5966567993164 499.41705322265625 340.5966567993164
498.38360595703125 261.319580078125 527.6503486633301 261.319580078125 527.6503486633301 340.11390686035156 498.38360595703125 340.11390686035156
499.707275390625 263.3974609375 528.8702182769775 263.3974609375 528.8702182769775 339.70149993896484 499.707275390625 339.70149993896484
499.2676696777344 261.2701721191406 529.012264251709 261.2701721191406 529.012264251709 341.3510055541992 499.2676696777344 341.3510055541992
499.85546875 263.66961669921875 528.3007564544678 263.66961669921875 528.3007564544678 338.2908477783203 499.85546875 338.2908477783203
499.33306884765625 263.7555847167969 528.0455379486084 263.7555847167969 528.0455379486084 339.21944427490234 499.33306884765625 339.21944427490234
499.9378967285156 271.712158203125 525.869649887085 271.712158203125 525.869649887085 334.0512504577637 499.9378967285156 334.0512504577637
500.84014892578125 273.7599182128906 525.9840812683105 273.7599182128906 525.9840812683105 331.51563262939453 500.84014892578125 331.51563262939453
498.0517578125 266.9820861816406 526.1307678222656 266.9820861816406 526.1307678222656 337.3709411621094 498.0517578125 337.3709411621094
498.58099365234375 270.8322448730469 525.0673675537109 270.8322448730469 525.0673675537109 332.0467834472656 498.58099365234375 332.0467834472656
498.09222412109375 263.3583984375 526.3924770355225 263.3583984375 526.3924770355225 334.97522735595703 498.09222412109375 334.97522735595703
499.6795349121094 271.8395690917969 525.7900581359863 271.8395690917969 525.7900581359863 329.4922294616699 499.6795349121094 329.4922294616699
499.2381896972656 266.8604431152344 526.4654808044434 266.8604431152344 526.4654808044434 330.2887878417969 499.2381896972656 330.2887878417969
499.1827087402344 271.0482482910156 525.7757053375244 271.0482482910156 525.7757053375244 329.5189743041992 499.1827087402344 329.5189743041992
497.6478576660156 265.5953063964844 525.3681907653809 265.5953063964844 525.3681907653809 333.94371032714844 497.6478576660156 333.94371032714844
499.0457458496094 265.99078369140625 527.1582946777344 265.99078369140625 527.1582946777344 330.32071685791016 499.0457458496094 330.32071685791016
498.26434326171875 267.1171875 526.2142944335938 267.1171875 526.2142944335938 331.98036193847656 498.26434326171875 331.98036193847656
498.34906005859375 266.1111145019531 525.9522914886475 266.1111145019531 525.9522914886475 330.70274353027344 498.34906005859375 330.70274353027344
498.35125732421875 263.0566101074219 526.717601776123 263.0566101074219 526.717601776123 332.9531936645508 498.35125732421875 332.9531936645508
498.02947998046875 261.72845458984375 525.9522457122803 261.72845458984375 525.9522457122803 331.3518829345703 498.02947998046875 331.3518829345703
497.6012268066406 260.54388427734375 526.4982395172119 260.54388427734375 526.4982395172119 334.2159729003906 497.6012268066406 334.2159729003906
496.53973388671875 254.19461059570312 527.7667903900146 254.19461059570312 527.7667903900146 338.26666259765625 496.53973388671875 338.26666259765625
498.6141662597656 262.35076904296875 526.6438407897949 262.35076904296875 526.6438407897949 332.87835693359375 498.6141662597656 332.87835693359375
497.3517150878906 257.1281433105469 527.5551567077637 257.1281433105469 527.5551567077637 336.3122024536133 497.3517150878906 336.3122024536133
498.549072265625 263.01287841796875 526.8405570983887 263.01287841796875 526.8405570983887 332.9059600830078 498.549072265625 332.9059600830078
498.75555419921875 261.0267028808594 527.6940364837646 261.0267028808594 527.6940364837646 335.3414611816406 498.75555419921875 335.3414611816406
497.12005615234375 256.66119384765625 527.4723567962646 256.66119384765625 527.4723567962646 336.8172912597656 497.12005615234375 336.8172912597656
497.468994140625 256.7172546386719 528.3538208007812 256.7172546386719 528.3538208007812 337.84656524658203 497.468994140625 337.84656524658203
497.112060546875 255.69302368164062 528.3438663482666 255.69302368164062 528.3438663482666 337.6196060180664 497.112060546875 337.6196060180664
497.62646484375 255.0600128173828 529.1831665039062 255.0600128173828 529.1831665039062 340.0195617675781 497.62646484375 340.0195617675781
498.8740234375 261.50982666015625 528.6589393615723 261.50982666015625 528.6589393615723 337.33412170410156 498.8740234375 337.33412170410156
496.9651794433594 256.2660217285156 527.8038883209229 256.2660217285156 527.8038883209229 337.4357223510742 496.9651794433594 337.4357223510742
498.0061950683594 259.2081604003906 527.6597442626953 259.2081604003906 527.6597442626953 334.76526641845703 498.0061950683594 334.76526641845703
497.21246337890625 253.31198120117188 528.6424922943115 253.31198120117188 528.6424922943115 337.9304885864258 497.21246337890625 337.9304885864258
497.1153259277344 258.34832763671875 526.1318359375 258.34832763671875 526.1318359375 333.35972595214844 497.1153259277344 333.35972595214844
497.4957580566406 257.303466796875 527.9095268249512 257.303466796875 527.9095268249512 337.5957794189453 497.4957580566406 337.5957794189453
496.4654235839844 253.12753295898438 527.8496589660645 253.12753295898438 527.8496589660645 337.62276458740234 496.4654235839844 337.62276458740234
498.67449951171875 260.7626953125 527.2307395935059 260.7626953125 527.2307395935059 332.4108123779297 498.67449951171875 332.4108123779297
498.50531005859375 262.21600341796875 527.0872383117676 262.21600341796875 527.0872383117676 334.0968322753906 498.50531005859375 334.0968322753906
498.24163818359375 258.09735107421875 527.8679504394531 258.09735107421875 527.8679504394531 333.80797576904297 498.24163818359375 333.80797576904297
498.6265563964844 261.54498291015625 527.1610145568848 261.54498291015625 527.1610145568848 332.27842712402344 498.6265563964844 332.27842712402344
499.9115295410156 266.1487121582031 527.017276763916 266.1487121582031 527.017276763916 332.58949279785156 499.9115295410156 332.58949279785156
498.38018798828125 257.28387451171875 528.2704372406006 257.28387451171875 528.2704372406006 336.7462387084961 498.38018798828125 336.7462387084961
498.2976989746094 259.119384765625 526.9822998046875 259.119384765625 526.9822998046875 332.56766510009766 498.2976989746094 332.56766510009766
499.73211669921875 264.1678771972656 526.8783569335938 264.1678771972656 526.8783569335938 329.9856719970703 499.73211669921875 329.9856719970703
498.750244140625 262.3937683105469 527.1981449127197 262.3937683105469 527.1981449127197 334.0613555908203 498.750244140625 334.0613555908203
497.935546875 259.9699401855469 526.8342895507812 259.9699401855469 526.8342895507812 333.2756042480469 497.935546875 333.2756042480469
498.8163146972656 263.51019287109375 526.3588447570801 263.51019287109375 526.3588447570801 330.70033264160156 498.8163146972656 330.70033264160156
498.8445739746094 263.865966796875 526.0844612121582 263.865966796875 526.0844612121582 331.1063537597656 498.8445739746094 331.1063537597656
498.7655334472656 266.44903564453125 525.5585441589355 266.44903564453125 525.5585441589355 329.59868240356445 498.7655334472656 329.59868240356445
499.63922119140625 266.303466796875 526.0003318786621 266.303466796875 526.0003318786621 330.8762664794922 499.63922119140625 330.8762664794922
499.90386962890625 267.81109619140625 526.3521614074707 267.81109619140625 526.3521614074707 330.4565544128418 499.90386962890625 330.4565544128418
499.92437744140625 266.6390380859375 526.6273155212402 266.6390380859375 526.6273155212402 329.14313888549805 499.92437744140625 329.14313888549805
499.0648498535156 264.2491760253906 526.5606384277344 264.2491760253906 526.5606384277344 331.05773162841797 499.0648498535156 331.05773162841797
499.1268615722656 266.60137939453125 526.1412544250488 266.60137939453125 526.1412544250488 330.13262939453125 499.1268615722656 330.13262939453125
498.77752685546875 263.5286560058594 526.7752265930176 263.5286560058594 526.7752265930176 331.45137786865234 498.77752685546875 331.45137786865234
499.01910400390625 261.70196533203125 526.7404594421387 261.70196533203125 526.7404594421387 329.8763427734375 499.01910400390625 329.8763427734375
499.36151123046875 264.27935791015625 526.4786319732666 264.27935791015625 526.4786319732666 331.1686706542969 499.36151123046875 331.1686706542969
496.6302795410156 252.24246215820312 528.0925846099854 252.24246215820312 528.0925846099854 336.94789123535156 496.6302795410156 336.94789123535156
497.8031311035156 255.4197998046875 528.2774105072021 255.4197998046875 528.2774105072021 336.1774444580078 497.8031311035156 336.1774444580078
497.9940490722656 254.6024627685547 529.1743316650391 254.6024627685547 529.1743316650391 337.52616119384766 497.9940490722656 337.52616119384766
498.112548828125 254.36172485351562 529.0956726074219 254.36172485351562 529.0956726074219 336.9613342285156 498.112548828125 336.9613342285156
496.787841796875 253.53585815429688 528.4658203125 253.53585815429688 528.4658203125 338.8219299316406 496.787841796875 338.8219299316406
496.3963928222656 253.07901000976562 527.9776573181152 253.07901000976562 527.9776573181152 338.1047058105469 496.3963928222656 338.1047058105469
497.0419006347656 253.2852325439453 527.2672634124756 253.2852325439453 527.2672634124756 333.6473388671875 497.0419006347656 333.6473388671875
498.7442932128906 262.4903564453125 526.0789432525635 262.4903564453125 526.0789432525635 333.03971099853516 498.7442932128906 333.03971099853516
497.7283630371094 258.51837158203125 527.3424835205078 258.51837158203125 527.3424835205078 337.2481460571289 497.7283630371094 337.2481460571289
497.60821533203125 256.1197814941406 527.2587242126465 256.1197814941406 527.2587242126465 335.04981994628906 497.60821533203125 335.04981994628906
496.94879150390625 256.3543395996094 526.7710113525391 256.3543395996094 526.7710113525391 334.9975891113281 496.94879150390625 334.9975891113281
498.57135009765625 263.1410827636719 526.8318576812744 263.1410827636719 526.8318576812744 333.36582946777344 498.57135009765625 333.36582946777344
497.69134521484375 256.868408203125 528.412878036499 256.868408203125 528.412878036499 337.4946746826172 497.69134521484375 337.4946746826172
496.12200927734375 254.7994842529297 527.2977504730225 254.7994842529297 527.2977504730225 338.73339080810547 496.12200927734375 338.73339080810547
498.96466064453125 266.0477600097656 526.4451637268066 266.0477600097656 526.4451637268066 331.31663513183594 498.96466064453125 331.31663513183594
498.53570556640625 261.17547607421875 527.4574031829834 261.17547607421875 527.4574031829834 335.1741714477539 498.53570556640625 335.1741714477539
496.04449462890625 254.8117218017578 526.8729457855225 254.8117218017578 526.8729457855225 337.8106231689453 496.04449462890625 337.8106231689453
498.65911865234375 264.0645751953125 526.2903137207031 264.0645751953125 526.2903137207031 333.3717041015625 498.65911865234375 333.3717041015625
499.3837890625 266.9921569824219 526.0153350830078 266.9921569824219 526.0153350830078 330.7836723327637 499.3837890625 330.7836723327637
499.3448791503906 264.99468994140625 526.7177276611328 264.99468994140625 526.7177276611328 332.91699981689453 499.3448791503906 332.91699981689453
499.79742431640625 267.74822998046875 526.4836330413818 267.74822998046875 526.4836330413818 331.6423225402832 499.79742431640625 331.6423225402832
498.9130859375 261.56500244140625 527.7503299713135 261.56500244140625 527.7503299713135 335.467041015625 498.9130859375 335.467041015625
497.45635986328125 258.57598876953125 527.4057884216309 258.57598876953125 527.4057884216309 336.70460510253906 497.45635986328125 336.70460510253906
498.84332275390625 261.83074951171875 527.8192844390869 261.83074951171875 527.8192844390869 335.6836624145508 498.84332275390625 335.6836624145508
499.5990295410156 267.5467834472656 527.2649173736572 267.5467834472656 527.2649173736572 332.9642791748047 499.5990295410156 332.9642791748047
496.79962158203125 256.2511901855469 527.1663417816162 256.2511901855469 527.1663417816162 335.8200225830078 496.79962158203125 335.8200225830078
498.1084899902344 261.22821044921875 527.4243259429932 261.22821044921875 527.4243259429932 335.38289642333984 498.1084899902344 335.38289642333984
498.9366760253906 263.8709411621094 526.4935245513916 263.8709411621094 526.4935245513916 331.96959686279297 498.9366760253906 331.96959686279297
498.9403381347656 263.0750427246094 527.1245231628418 263.0750427246094 527.1245231628418 335.26348876953125 498.9403381347656 335.26348876953125
498.1629333496094 258.593017578125 527.6530208587646 258.593017578125 527.6530208587646 335.8217086791992 498.1629333496094 335.8217086791992
499.08447265625 270.4000549316406 524.6881370544434 270.4000549316406 524.6881370544434 327.9544372558594 499.08447265625 327.9544372558594
498.6263122558594 261.8682861328125 526.788028717041 261.8682861328125 526.788028717041 334.2796859741211 498.6263122558594 334.2796859741211
499.35089111328125 266.45428466796875 525.5533561706543 266.45428466796875 525.5533561706543 329.95562744140625 499.35089111328125 329.95562744140625
497.9698181152344 259.1720275878906 527.036828994751 259.1720275878906 527.036828994751 335.351318359375 497.9698181152344 335.351318359375
499.23956298828125 267.6717529296875 525.3859310150146 267.6717529296875 525.3859310150146 327.1043891906738 499.23956298828125 327.1043891906738
498.18035888671875 259.060302734375 526.7584342956543 259.060302734375 526.7584342956543 332.2705078125 498.18035888671875 332.2705078125
498.15789794921875 253.94662475585938 528.5965423583984 253.94662475585938 528.5965423583984 335.8960418701172 498.15789794921875 335.8960418701172
498.42218017578125 255.3485565185547 527.6674251556396 255.3485565185547 527.6674251556396 332.4685974121094 498.42218017578125 332.4685974121094
498.2987365722656 258.64898681640625 526.955846786499 258.64898681640625 526.955846786499 332.15091705322266 498.2987365722656 332.15091705322266
497.251708984375 254.0832061767578 528.01393699646 254.0832061767578 528.01393699646 336.9037857055664 497.251708984375 336.9037857055664
498.6944885253906 257.5008850097656 528.1567573547363 257.5008850097656 528.1567573547363 335.3081512451172 498.6944885253906 335.3081512451172
497.1748962402344 253.5875244140625 528.1963901519775 253.5875244140625 528.1963901519775 337.1061248779297 497.1748962402344 337.1061248779297
499.1632385253906 260.52801513671875 527.0873069763184 260.52801513671875 527.0873069763184 330.3359680175781 499.1632385253906 330.3359680175781
497.51995849609375 252.52651977539062 528.7041282653809 252.52651977539062 528.7041282653809 336.4830856323242 497.51995849609375 336.4830856323242
496.7970275878906 253.5244140625 528.0121269226074 253.5244140625 528.0121269226074 337.5642547607422 496.7970275878906 337.5642547607422
499.039794921875 259.00537109375 528.050853729248 259.00537109375 528.050853729248 334.123779296875 499.039794921875 334.123779296875
497.42535400390625 252.980224609375 528.4560089111328 252.980224609375 528.4560089111328 336.5234832763672 497.42535400390625 336.5234832763672
498.90972900390625 259.9479064941406 527.7152900695801 259.9479064941406 527.7152900695801 334.5792694091797 498.90972900390625 334.5792694091797
497.9539489746094 255.8435821533203 527.7454414367676 255.8435821533203 527.7454414367676 334.6445846557617 497.9539489746094 334.6445846557617
498.34149169921875 256.2167663574219 527.6416130065918 256.2167663574219 527.6416130065918 334.1874542236328 498.34149169921875 334.1874542236328
497.79986572265625 255.24560546875 527.5366878509521 255.24560546875 527.5366878509521 333.8925018310547 497.79986572265625 333.8925018310547
498.1058044433594 256.5211486816406 527.8320007324219 256.5211486816406 527.8320007324219 334.8781967163086 498.1058044433594 334.8781967163086
497.81182861328125 253.7836151123047 528.2963466644287 253.7836151123047 528.2963466644287 335.8565139770508 497.81182861328125 335.8565139770508
497.44647216796875 252.17526245117188 528.1034145355225 252.17526245117188 528.1034145355225 334.7123794555664 497.44647216796875 334.7123794555664
496.72149658203125 255.3434295654297 526.6073112487793 255.3434295654297 526.6073112487793 334.4878234863281 496.72149658203125 334.4878234863281
497.6612854003906 255.38015747070312 527.9817161560059 255.38015747070312 527.9817161560059 335.66165924072266 497.6612854003906 335.66165924072266
496.374755859375 252.91769409179688 527.3284950256348 252.91769409179688 527.3284950256348 336.2538757324219 496.374755859375 336.2538757324219
497.88568115234375 253.86343383789062 527.8135833740234 253.86343383789062 527.8135833740234 332.9264602661133 497.88568115234375 332.9264602661133
497.382568359375 256.06964111328125 526.9756355285645 256.06964111328125 526.9756355285645 334.771728515625 497.382568359375 334.771728515625
498.77264404296875 258.43731689453125 527.0899925231934 258.43731689453125 527.0899925231934 332.4273910522461 498.77264404296875 332.4273910522461
499.7810974121094 262.12591552734375 526.7876796722412 262.12591552734375 526.7876796722412 331.65675354003906 499.7810974121094 331.65675354003906
498.5652770996094 257.51025390625 526.9028472900391 257.51025390625 526.9028472900391 331.3877716064453 498.5652770996094 331.3877716064453
498.2398376464844 257.7842712402344 526.7841281890869 257.7842712402344 526.7841281890869 332.62020111083984 498.2398376464844 332.62020111083984
498.42779541015625 257.366943359375 527.7295742034912 257.366943359375 527.7295742034912 335.25611877441406 498.42779541015625 335.25611877441406
497.3037109375 254.4114990234375 527.6158256530762 254.4114990234375 527.6158256530762 336.020263671875 497.3037109375 336.020263671875
499.37603759765625 261.99835205078125 525.1961116790771 261.99835205078125 525.1961116790771 327.76380920410156 499.37603759765625 327.76380920410156
499.2853088378906 263.18896484375 525.2700691223145 263.18896484375 525.2700691223145 327.8722381591797 499.2853088378906 327.8722381591797
500.3297424316406 265.1070251464844 525.1663875579834 265.1070251464844 525.1663875579834 327.68749237060547 500.3297424316406 327.68749237060547
497.89349365234375 253.60800170898438 528.3359375 253.60800170898438 528.3359375 335.56763458251953 497.89349365234375 335.56763458251953
498.27667236328125 258.3970947265625 526.5930843353271 258.3970947265625 526.5930843353271 332.8873825073242 498.27667236328125 332.8873825073242
497.84375 258.8008728027344 526.5046806335449 258.8008728027344 526.5046806335449 333.42491149902344 497.84375 333.42491149902344
497.86346435546875 257.78680419921875 527.0027408599854 257.78680419921875 527.0027408599854 334.25782775878906 497.86346435546875 334.25782775878906
497.8734436035156 256.7781677246094 527.7966365814209 256.7781677246094 527.7966365814209 336.27862548828125 497.8734436035156 336.27862548828125
498.0106506347656 256.4839172363281 527.7289066314697 256.4839172363281 527.7289066314697 335.1957702636719 498.0106506347656 335.1957702636719
499.80645751953125 262.55322265625 526.9529781341553 262.55322265625 526.9529781341553 329.41410064697266 499.80645751953125 329.41410064697266
500.4666442871094 264.66259765625 527.6126823425293 264.66259765625 527.6126823425293 331.73748779296875 500.4666442871094 331.73748779296875
499.28741455078125 260.04400634765625 528.0360870361328 260.04400634765625 528.0360870361328 331.59364318847656 499.28741455078125 331.59364318847656
499.06036376953125 261.34454345703125 527.7648868560791 261.34454345703125 527.7648868560791 332.6544647216797 499.06036376953125 332.6544647216797
499.3623046875 264.819091796875 527.1450004577637 264.819091796875 527.1450004577637 331.20140838623047 499.3623046875 331.20140838623047
498.8113708496094 265.59405517578125 526.3593692779541 265.59405517578125 526.3593692779541 331.2154998779297 498.8113708496094 331.2154998779297
499.28973388671875 266.7041320800781 526.8845977783203 266.7041320800781 526.8845977783203 332.0518035888672 499.28973388671875 332.0518035888672
498.412109375 266.8324279785156 526.062686920166 266.8324279785156 526.062686920166 331.2382507324219 498.412109375 331.2382507324219
498.12371826171875 261.9726867675781 526.8772068023682 261.9726867675781 526.8772068023682 331.26161193847656 498.12371826171875 331.26161193847656
499.749267578125 267.7862243652344 526.6900882720947 267.7862243652344 526.6900882720947 327.73294830322266 499.749267578125 327.73294830322266
498.5594177246094 261.3677673339844 527.3833808898926 261.3677673339844 527.3833808898926 331.3453674316406 498.5594177246094 331.3453674316406
498.86773681640625 264.4573669433594 527.157772064209 264.4573669433594 527.157772064209 330.09603118896484 498.86773681640625 330.09603118896484
499.12420654296875 267.1749572753906 527.1348686218262 267.1749572753906 527.1348686218262 328.2579231262207 499.12420654296875 328.2579231262207
497.7245178222656 259.1565246582031 527.5446376800537 259.1565246582031 527.5446376800537 334.0732192993164 497.7245178222656 334.0732192993164
499.25054931640625 269.11541748046875 526.1747245788574 269.11541748046875 526.1747245788574 328.1002082824707 499.25054931640625 328.1002082824707
499.49127197265625 268.3550720214844 526.9727973937988 268.3550720214844 526.9727973937988 327.2594795227051 499.49127197265625 327.2594795227051
498.45941162109375 258.53741455078125 528.6394233703613 258.53741455078125 528.6394233703613 333.11441802978516 498.45941162109375 333.11441802978516
499.3536071777344 263.1904296875 528.5078735351562 263.1904296875 528.5078735351562 332.9122009277344 499.3536071777344 332.9122009277344
498.62774658203125 257.8061828613281 528.8082122802734 257.8061828613281 528.8082122802734 336.03018951416016 498.62774658203125 336.03018951416016
500.1104431152344 262.50469970703125 528.6163902282715 262.50469970703125 528.6163902282715 331.24327087402344 500.1104431152344 331.24327087402344
499.0732421875 262.38970947265625 527.56005859375 262.38970947265625 527.56005859375 330.9644775390625 499.0732421875 330.9644775390625
498.98529052734375 253.92434692382812 529.9225215911865 253.92434692382812 529.9225215911865 337.2160873413086 498.98529052734375 337.2160873413086
497.96136474609375 255.27822875976562 529.0259819030762 255.27822875976562 529.0259819030762 338.9129333496094 497.96136474609375 338.9129333496094
499.8128967285156 259.3697814941406 528.8252372741699 259.3697814941406 528.8252372741699 332.9431686401367 499.8128967285156 332.9431686401367
499.56878662109375 260.13824462890625 528.4996147155762 260.13824462890625 528.4996147155762 333.2164764404297 499.56878662109375 333.2164764404297
499.5418395996094 254.60494995117188 529.8693504333496 254.60494995117188 529.8693504333496 336.2551498413086 499.5418395996094 336.2551498413086
500.5684509277344 260.41693115234375 528.39719581604 260.41693115234375 528.39719581604 331.3207702636719 500.5684509277344 331.3207702636719
499.07391357421875 254.52352905273438 528.7697811126709 254.52352905273438 528.7697811126709 334.47315979003906 499.07391357421875 334.47315979003906
500.48162841796875 265.97955322265625 527.0319156646729 265.97955322265625 527.0319156646729 328.05989837646484 500.48162841796875 328.05989837646484
499.6170349121094 260.4239501953125 528.2812690734863 260.4239501953125 528.2812690734863 333.4084167480469 499.6170349121094 333.4084167480469
499.052734375 259.9203796386719 527.692626953125 259.9203796386719 527.692626953125 332.6346893310547 499.052734375 332.6346893310547
501.94482421875 268.13946533203125 527.5889015197754 268.13946533203125 527.5889015197754 327.00806427001953 501.94482421875 327.00806427001953
498.72723388671875 259.55267333984375 528.0795631408691 259.55267333984375 528.0795631408691 336.4695129394531 498.72723388671875 336.4695129394531
500.7601013183594 267.8445129394531 526.890209197998 267.8445129394531 526.890209197998 330.20442962646484 500.7601013183594 330.20442962646484
498.88214111328125 261.32586669921875 527.5471382141113 261.32586669921875 527.5471382141113 333.6335678100586 498.88214111328125 333.6335678100586
500.20623779296875 264.5523986816406 527.7293701171875 264.5523986816406 527.7293701171875 328.6236572265625 500.20623779296875 328.6236572265625
499.41217041015625 263.2875061035156 527.3264274597168 263.2875061035156 527.3264274597168 331.91149139404297 499.41217041015625 331.91149139404297
500.1372985839844 265.56878662109375 527.4965305328369 265.56878662109375 527.4965305328369 329.41998291015625 500.1372985839844 329.41998291015625
497.60711669921875 256.01531982421875 527.9080352783203 256.01531982421875 527.9080352783203 337.59393310546875 497.60711669921875 337.59393310546875
498.88031005859375 262.1767578125 526.7253608703613 262.1767578125 526.7253608703613 329.7576141357422 498.88031005859375 329.7576141357422
499.87347412109375 265.650390625 526.701961517334 265.650390625 526.701961517334 328.1763381958008 499.87347412109375 328.1763381958008
497.99017333984375 255.4392852783203 528.0732383728027 255.4392852783203 528.0732383728027 336.43138122558594 497.99017333984375 336.43138122558594
499.4305114746094 261.50238037109375 527.7198333740234 261.50238037109375 527.7198333740234 333.1955261230469 499.4305114746094 333.1955261230469
499.81768798828125 263.468994140625 527.5776767730713 263.468994140625 527.5776767730713 330.9259719848633 499.81768798828125 330.9259719848633
499.5687561035156 263.47064208984375 527.158224105835 263.47064208984375 527.158224105835 330.2087936401367 499.5687561035156 330.2087936401367
498.04437255859375 255.7304229736328 527.6645660400391 255.7304229736328 527.6645660400391 335.47632598876953 498.04437255859375 335.47632598876953
500.9695739746094 266.59600830078125 526.9372463226318 266.59600830078125 526.9372463226318 328.7601852416992 500.9695739746094 328.7601852416992
499.1227111816406 262.3827209472656 526.5058479309082 262.3827209472656 526.5058479309082 332.1846237182617 499.1227111816406 332.1846237182617
499.3063049316406 258.98675537109375 527.3995056152344 258.98675537109375 527.3995056152344 331.10630798339844 499.3063049316406 331.10630798339844
498.95989990234375 259.9267883300781 527.1439056396484 259.9267883300781 527.1439056396484 331.8940963745117 498.95989990234375 331.8940963745117
499.32830810546875 259.3437805175781 527.7043876647949 259.3437805175781 527.7043876647949 331.80845642089844 499.32830810546875 331.80845642089844
500.7574768066406 265.738525390625 527.058177947998 265.738525390625 527.058177947998 328.9902229309082 500.7574768066406 328.9902229309082
499.60162353515625 260.1924133300781 528.044397354126 260.1924133300781 528.044397354126 332.74427795410156 499.60162353515625 332.74427795410156
499.2523498535156 260.07183837890625 527.6552181243896 260.07183837890625 527.6552181243896 333.2933807373047 499.2523498535156 333.2933807373047
499.26873779296875 262.244384765625 526.8049736022949 262.244384765625 526.8049736022949 330.6231231689453 499.26873779296875 330.6231231689453
499.0247497558594 260.1400451660156 527.3705139160156 260.1400451660156 527.3705139160156 332.9192581176758 499.0247497558594 332.9192581176758
499.36822509765625 262.68365478515625 526.7957572937012 262.68365478515625 526.7957572937012 331.3969268798828 499.36822509765625 331.3969268798828
500.6797790527344 267.4731750488281 526.7462425231934 267.4731750488281 526.7462425231934 327.4219284057617 500.6797790527344 327.4219284057617
499.15863037109375 262.2220764160156 526.6768188476562 262.2220764160156 526.6768188476562 330.393310546875 499.15863037109375 330.393310546875
499.072265625 264.58380126953125 525.6883144378662 264.58380126953125 525.6883144378662 328.43895721435547 499.072265625 328.43895721435547
499.54107666015625 265.27728271484375 525.8399143218994 265.27728271484375 525.8399143218994 329.18306732177734 499.54107666015625 329.18306732177734
499.03924560546875 266.52728271484375 524.8528385162354 266.52728271484375 524.8528385162354 329.1324768066406 499.03924560546875 329.1324768066406
498.63970947265625 262.1022033691406 526.111083984375 262.1022033691406 526.111083984375 330.28868865966797 498.63970947265625 330.28868865966797
499.4818420410156 264.7550354003906 526.6782341003418 264.7550354003906 526.6782341003418 329.69640350341797 499.4818420410156 329.69640350341797
498.63641357421875 263.07470703125 526.8206272125244 263.07470703125 526.8206272125244 332.79747009277344 498.63641357421875 332.79747009277344
498.5352478027344 259.16998291015625 527.6438751220703 259.16998291015625 527.6438751220703 333.0836410522461 498.5352478027344 333.0836410522461
499.0526428222656 266.85211181640625 525.9771175384521 266.85211181640625 525.9771175384521 330.1893081665039 499.0526428222656 330.1893081665039
499.2416076660156 262.2043151855469 527.9424839019775 262.2043151855469 527.9424839019775 334.5950012207031 499.2416076660156 334.5950012207031
499.7518615722656 264.1793518066406 527.3442230224609 264.1793518066406 527.3442230224609 331.72949981689453 499.7518615722656 331.72949981689453
499.412109375 261.76739501953125 527.6953010559082 261.76739501953125 527.6953010559082 333.3515167236328 499.412109375 333.3515167236328
499.20672607421875 255.2188262939453 529.5086421966553 255.2188262939453 529.5086421966553 336.8001022338867 499.20672607421875 336.8001022338867
498.07366943359375 254.68576049804688 528.5758934020996 254.68576049804688 528.5758934020996 336.8063278198242 498.07366943359375 336.8063278198242
498.56207275390625 252.7869873046875 529.7119655609131 252.7869873046875 529.7119655609131 336.65126037597656 498.56207275390625 336.65126037597656
499.03472900390625 256.8102111816406 529.4972229003906 256.8102111816406 529.4972229003906 336.21475982666016 499.03472900390625 336.21475982666016
497.456787109375 254.0209503173828 528.7340393066406 254.0209503173828 528.7340393066406 338.2281188964844 497.456787109375 338.2281188964844
499.0728454589844 258.29364013671875 529.3701667785645 258.29364013671875 529.3701667785645 337.1121368408203 499.0728454589844 337.1121368408203
498.2162170410156 253.5460205078125 529.4429817199707 253.5460205078125 529.4429817199707 337.6172561645508 498.2162170410156 337.6172561645508
498.70794677734375 253.32296752929688 529.9163608551025 253.32296752929688 529.9163608551025 337.3448028564453 498.70794677734375 337.3448028564453
498.540771484375 252.9459991455078 529.6557807922363 252.9459991455078 529.6557807922363 336.71636962890625 498.540771484375 336.71636962890625
498.511962890625 257.47613525390625 528.701602935791 257.47613525390625 528.701602935791 336.21339416503906 498.511962890625 336.21339416503906
499.0235900878906 256.16033935546875 529.4095153808594 256.16033935546875 529.4095153808594 334.9348373413086 499.0235900878906 334.9348373413086
498.6947326660156 256.8840637207031 529.0304069519043 256.8840637207031 529.0304069519043 336.01243591308594 498.6947326660156 336.01243591308594
498.8755798339844 256.1836242675781 529.2375450134277 256.1836242675781 529.2375450134277 335.089599609375 498.8755798339844 335.089599609375
500.07550048828125 263.253173828125 528.6826419830322 263.253173828125 528.6826419830322 331.6012954711914 500.07550048828125 331.6012954711914
499.73822021484375 266.1103515625 527.7258148193359 266.1103515625 527.7258148193359 329.4792709350586 499.73822021484375 329.4792709350586
498.4652404785156 257.49078369140625 528.9498100280762 257.49078369140625 528.9498100280762 337.0675811767578 498.4652404785156 337.0675811767578
499.516357421875 258.79998779296875 529.5443992614746 258.79998779296875 529.5443992614746 337.0240936279297 499.516357421875 337.0240936279297
500.8251953125 264.582763671875 527.8869533538818 264.582763671875 527.8869533538818 328.7566604614258 500.8251953125 328.7566604614258
500.4149475097656 266.4691162109375 526.9907932281494 266.4691162109375 526.9907932281494 329.23365020751953 500.4149475097656 329.23365020751953
499.87945556640625 262.2247619628906 528.2472133636475 262.2247619628906 528.2472133636475 333.87648010253906 499.87945556640625 333.87648010253906
499.1748962402344 258.79364013671875 527.7867736816406 258.79364013671875 527.7867736816406 332.0424346923828 499.1748962402344 332.0424346923828
499.6615295410156 262.8074645996094 527.2481899261475 262.8074645996094 527.2481899261475 330.995361328125 499.6615295410156 330.995361328125
499.115478515625 260.96612548828125 527.1965522766113 260.96612548828125 527.1965522766113 332.69140625 499.115478515625 332.69140625
501.04949951171875 267.938720703125 527.5566349029541 267.938720703125 527.5566349029541 330.75293731689453 501.04949951171875 330.75293731689453
500.07958984375 259.9279479980469 528.4386196136475 259.9279479980469 528.4386196136475 332.55675506591797 500.07958984375 332.55675506591797
499.986328125 264.80474853515625 526.735071182251 264.80474853515625 526.735071182251 327.9291877746582 499.986328125 327.9291877746582
498.11151123046875 258.09051513671875 527.1080837249756 258.09051513671875 527.1080837249756 331.03456115722656 498.11151123046875 331.03456115722656
499.005859375 258.44305419921875 528.9066925048828 258.44305419921875 528.9066925048828 336.67774963378906 499.005859375 336.67774963378906
500.0547790527344 261.7612609863281 527.9297180175781 261.7612609863281 527.9297180175781 331.0022735595703 500.0547790527344 331.0022735595703
499.4270935058594 259.07977294921875 528.1629333496094 259.07977294921875 528.1629333496094 332.03160858154297 499.4270935058594 332.03160858154297
499.41912841796875 262.6393737792969 527.5245704650879 262.6393737792969 527.5245704650879 331.4121627807617 499.41912841796875 331.4121627807617
498.78265380859375 257.85748291015625 528.7561893463135 257.85748291015625 528.7561893463135 336.31554412841797 498.78265380859375 336.31554412841797
499.27044677734375 260.73895263671875 528.5530490875244 260.73895263671875 528.5530490875244 334.5486068725586 499.27044677734375 334.5486068725586
500.131591796875 264.66107177734375 527.6266136169434 264.66107177734375 527.6266136169434 332.61539459228516 500.131591796875 332.61539459228516
500.16351318359375 268.8550109863281 526.6321563720703 268.8550109863281 526.6321563720703 331.01880645751953 500.16351318359375 331.01880645751953
499.66204833984375 264.5928955078125 526.4838981628418 264.5928955078125 526.4838981628418 331.8907012939453 499.66204833984375 331.8907012939453
500.7125549316406 265.51605224609375 526.6482448577881 265.51605224609375 526.6482448577881 329.2426528930664 500.7125549316406 329.2426528930664
499.31964111328125 261.04559326171875 527.2093505859375 261.04559326171875 527.2093505859375 332.73924255371094 499.31964111328125 332.73924255371094
498.71075439453125 255.6216278076172 528.4101161956787 255.6216278076172 528.4101161956787 335.5806655883789 498.71075439453125 335.5806655883789
500.02392578125 261.36083984375 528.0479946136475 261.36083984375 528.0479946136475 333.16336822509766 500.02392578125 333.16336822509766
500.20703125 258.8329162597656 528.4800319671631 258.8329162597656 528.4800319671631 331.3558578491211 500.20703125 331.3558578491211
499.13177490234375 255.674072265625 528.666971206665 255.674072265625 528.666971206665 335.1911392211914 499.13177490234375 335.1911392211914
499.79217529296875 257.8197326660156 528.5369567871094 257.8197326660156 528.5369567871094 333.8833465576172 499.79217529296875 333.8833465576172
500.15655517578125 259.6244201660156 528.3545589447021 259.6244201660156 528.3545589447021 334.31041717529297 500.15655517578125 334.31041717529297
500.75177001953125 258.1495056152344 528.7973976135254 258.1495056152344 528.7973976135254 332.3498077392578 500.75177001953125 332.3498077392578
499.86639404296875 257.6541748046875 528.7749290466309 257.6541748046875 528.7749290466309 335.4840850830078 499.86639404296875 335.4840850830078
499.2666931152344 255.2354278564453 529.0920009613037 255.2354278564453 529.0920009613037 335.53355407714844 499.2666931152344 335.53355407714844
499.88653564453125 256.92388916015625 529.4526557922363 256.92388916015625 529.4526557922363 336.52420806884766 499.88653564453125 336.52420806884766
499.4984436035156 255.51785278320312 529.385232925415 255.51785278320312 529.385232925415 335.98150634765625 499.4984436035156 335.98150634765625
499.7095642089844 255.8352813720703 529.3221492767334 255.8352813720703 529.3221492767334 335.5606994628906 499.7095642089844 335.5606994628906
498.87646484375 256.1656799316406 528.4885444641113 256.1656799316406 528.4885444641113 335.88973236083984 498.87646484375 335.88973236083984
501.26953125 263.0049743652344 528.6014804840088 263.0049743652344 528.6014804840088 333.51378631591797 501.26953125 333.51378631591797
501.0787048339844 264.8750305175781 527.1526947021484 264.8750305175781 527.1526947021484 331.2693405151367 501.0787048339844 331.2693405151367
499.3409729003906 262.01116943359375 526.7909049987793 262.01116943359375 526.7909049987793 332.7569351196289 499.3409729003906 332.7569351196289
499.8096618652344 257.65643310546875 528.5452213287354 257.65643310546875 528.5452213287354 333.43479919433594 499.8096618652344 333.43479919433594
500.0118103027344 261.8165283203125 527.8482608795166 261.8165283203125 527.8482608795166 333.5348892211914 500.0118103027344 333.5348892211914
500.0657653808594 261.1177978515625 527.8194160461426 261.1177978515625 527.8194160461426 332.8098907470703 500.0657653808594 332.8098907470703
500.5189514160156 267.1853942871094 526.0171775817871 267.1853942871094 526.0171775817871 329.10729217529297 500.5189514160156 329.10729217529297
500.3583068847656 263.5174255371094 526.4115333557129 263.5174255371094 526.4115333557129 328.9101257324219 500.3583068847656 328.9101257324219
499.74273681640625 263.1482849121094 526.5921363830566 263.1482849121094 526.5921363830566 332.1479721069336 499.74273681640625 332.1479721069336
501.5205078125 268.21197509765625 526.7567043304443 268.21197509765625 526.7567043304443 329.6138801574707 501.5205078125 329.6138801574707
500.381591796875 267.5333251953125 525.7984409332275 267.5333251953125 525.7984409332275 329.0032653808594 500.381591796875 329.0032653808594
500.18341064453125 267.78485107421875 526.2649879455566 267.78485107421875 526.2649879455566 329.5374946594238 500.18341064453125 329.5374946594238
500.2060546875 267.9699401855469 526.3355808258057 267.9699401855469 526.3355808258057 330.4837455749512 500.2060546875 330.4837455749512
500.47174072265625 265.1431884765625 527.8354549407959 265.1431884765625 527.8354549407959 332.1258087158203 500.47174072265625 332.1258087158203
499.689697265625 267.1751403808594 525.8721866607666 267.1751403808594 525.8721866607666 329.6041679382324 499.689697265625 329.6041679382324
499.86041259765625 263.0008239746094 527.320728302002 263.0008239746094 527.320728302002 330.6534652709961 499.86041259765625 330.6534652709961
500.12139892578125 264.10565185546875 527.6503047943115 264.10565185546875 527.6503047943115 332.6983871459961 500.12139892578125 332.6983871459961
499.7171936035156 257.8769836425781 528.7704582214355 257.8769836425781 528.7704582214355 334.3845672607422 499.7171936035156 334.3845672607422
500.34063720703125 266.084716796875 526.3460941314697 266.084716796875 526.3460941314697 329.0923767089844 500.34063720703125 329.0923767089844
500.58367919921875 264.8290100097656 527.3887538909912 264.8290100097656 527.3887538909912 331.17064666748047 500.58367919921875 331.17064666748047
500.92822265625 265.71600341796875 528.2624931335449 265.71600341796875 528.2624931335449 333.67176055908203 500.92822265625 333.67176055908203
499.95458984375 259.7981872558594 528.9383144378662 259.7981872558594 528.9383144378662 336.1575241088867 499.95458984375 336.1575241088867
500.49383544921875 265.7969665527344 527.8105411529541 265.7969665527344 527.8105411529541 333.06561279296875 500.49383544921875 333.06561279296875
500.0415954589844 266.0647277832031 527.8991947174072 266.0647277832031 527.8991947174072 333.04528045654297 500.0415954589844 333.04528045654297
501.3191833496094 268.2841796875 528.9312438964844 268.2841796875 528.9312438964844 331.80705642700195 501.3191833496094 331.80705642700195
499.48626708984375 264.060791015625 528.1054801940918 264.060791015625 528.1054801940918 336.60546875 499.48626708984375 336.60546875
499.75531005859375 263.9940185546875 528.118143081665 263.9940185546875 528.118143081665 332.48756408691406 499.75531005859375 332.48756408691406
499.8763732910156 263.72784423828125 528.96604347229 263.72784423828125 528.96604347229 332.1898498535156 499.8763732910156 332.1898498535156
500.1031799316406 265.7707824707031 528.4811305999756 265.7707824707031 528.4811305999756 333.4972152709961 500.1031799316406 333.4972152709961
499.8687438964844 263.0216369628906 528.9275722503662 263.0216369628906 528.9275722503662 335.7581481933594 499.8687438964844 335.7581481933594
500.3973083496094 267.348876953125 528.5978202819824 267.348876953125 528.5978202819824 331.6319274902344 500.3973083496094 331.6319274902344
499.5582580566406 259.5825500488281 529.7645816802979 259.5825500488281 529.7645816802979 335.21446990966797 499.5582580566406 335.21446990966797
499.59991455078125 262.7242126464844 529.0039978027344 262.7242126464844 529.0039978027344 336.51961517333984 499.59991455078125 336.51961517333984
499.46600341796875 262.2831115722656 529.2888832092285 262.2831115722656 529.2888832092285 336.97935485839844 499.46600341796875 336.97935485839844
499.43682861328125 260.8759765625 529.1039924621582 260.8759765625 529.1039924621582 334.78710174560547 499.43682861328125 334.78710174560547
498.359375 255.96475219726562 528.9123477935791 255.96475219726562 528.9123477935791 335.84291076660156 498.359375 335.84291076660156
499.70501708984375 263.81134033203125 528.2161769866943 263.81134033203125 528.2161769866943 333.57403564453125 499.70501708984375 333.57403564453125
498.2205505371094 253.0129852294922 530.0314750671387 253.0129852294922 530.0314750671387 338.65696716308594 498.2205505371094 338.65696716308594
496.95037841796875 254.2462921142578 529.6085014343262 254.2462921142578 529.6085014343262 342.1711730957031 496.95037841796875 342.1711730957031
497.2450256347656 251.6962432861328 529.9139137268066 251.6962432861328 529.9139137268066 339.6501007080078 497.2450256347656 339.6501007080078
498.4105529785156 250.9844970703125 531.0127792358398 250.9844970703125 531.0127792358398 338.7588882446289 498.4105529785156 338.7588882446289
499.5830078125 254.7084503173828 530.0373020172119 254.7084503173828 530.0373020172119 335.20381927490234 499.5830078125 335.20381927490234
498.8086853027344 254.71484375 529.6033935546875 254.71484375 529.6033935546875 335.96785736083984 498.8086853027344 335.96785736083984
499.70477294921875 252.07534790039062 530.82861328125 252.07534790039062 530.82861328125 335.86952209472656 499.70477294921875 335.86952209472656
499.1585998535156 252.5048828125 530.7038326263428 252.5048828125 530.7038326263428 337.4335632324219 499.1585998535156 337.4335632324219
499.9781188964844 255.6616668701172 530.4944820404053 255.6616668701172 530.4944820404053 336.57852935791016 499.9781188964844 336.57852935791016
499.81591796875 255.2848358154297 530.149471282959 255.2848358154297 530.149471282959 335.6648864746094 499.81591796875 335.6648864746094
501.69940185546875 257.4272766113281 530.9856300354004 257.4272766113281 530.9856300354004 333.5951232910156 501.69940185546875 333.5951232910156
500.31500244140625 252.52871704101562 531.8378086090088 252.52871704101562 531.8378086090088 337.3970184326172 500.31500244140625 337.3970184326172
499.880126953125 252.6588592529297 530.7855834960938 252.6588592529297 530.7855834960938 335.86507415771484 499.880126953125 335.86507415771484
499.28857421875 253.77877807617188 530.142110824585 253.77877807617188 530.142110824585 336.84520721435547 499.28857421875 336.84520721435547
500.88800048828125 255.81887817382812 530.8783931732178 255.81887817382812 530.8783931732178 335.3027877807617 500.88800048828125 335.3027877807617
500.45794677734375 259.39013671875 529.0182399749756 259.39013671875 529.0182399749756 333.5900115966797 500.45794677734375 333.5900115966797
499.1642150878906 256.2294616699219 528.8716316223145 256.2294616699219 528.8716316223145 334.3799285888672 499.1642150878906 334.3799285888672
499.10333251953125 251.17538452148438 530.3016757965088 251.17538452148438 530.3016757965088 335.1701126098633 499.10333251953125 335.1701126098633
498.56207275390625 251.86865234375 530.1842555999756 251.86865234375 530.1842555999756 337.00447845458984 498.56207275390625 337.00447845458984
498.80609130859375 255.2812957763672 529.2811546325684 255.2812957763672 529.2811546325684 335.6273422241211 498.80609130859375 335.6273422241211
499.90313720703125 252.29940795898438 530.7708778381348 252.29940795898438 530.7708778381348 335.40406036376953 499.90313720703125 335.40406036376953
499.81390380859375 251.9322052001953 530.7957859039307 251.9322052001953 530.7957859039307 335.3441619873047 499.81390380859375 335.3441619873047
499.1812438964844 252.7880401611328 530.0992736816406 252.7880401611328 530.0992736816406 336.02808380126953 499.1812438964844 336.02808380126953
498.1385803222656 252.90847778320312 529.7923774719238 252.90847778320312 529.7923774719238 338.12940979003906 498.1385803222656 338.12940979003906
497.964599609375 251.2036895751953 529.9783515930176 251.2036895751953 529.9783515930176 337.39371490478516 497.964599609375 337.39371490478516
498.6302795410156 250.69827270507812 530.1835422515869 250.69827270507812 530.1835422515869 335.6485290527344 498.6302795410156 335.6485290527344
497.91864013671875 252.69711303710938 529.5701332092285 252.69711303710938 529.5701332092285 337.91182708740234 497.91864013671875 337.91182708740234
498.66796875 255.92288208007812 529.1806144714355 255.92288208007812 529.1806144714355 336.12776947021484 498.66796875 336.12776947021484
499.0633850097656 251.5351104736328 530.4268531799316 251.5351104736328 530.4268531799316 335.97438049316406 499.0633850097656 335.97438049316406
497.96075439453125 252.9389190673828 529.2062435150146 252.9389190673828 529.2062435150146 337.060546875 497.96075439453125 337.060546875
498.6226501464844 254.2388153076172 530.0015354156494 254.2388153076172 530.0015354156494 338.7195816040039 498.6226501464844 338.7195816040039
499.4378967285156 256.08477783203125 529.6801261901855 256.08477783203125 529.6801261901855 335.9502944946289 499.4378967285156 335.9502944946289
499.4383850097656 253.37460327148438 530.3496055603027 253.37460327148438 530.3496055603027 336.5962829589844 499.4383850097656 336.5962829589844
499.6729431152344 256.35589599609375 529.1265811920166 256.35589599609375 529.1265811920166 334.5323791503906 499.6729431152344 334.5323791503906
498.91766357421875 256.12493896484375 528.2148017883301 256.12493896484375 528.2148017883301 333.72438049316406 498.91766357421875 333.72438049316406
499.67974853515625 254.9629669189453 529.578670501709 254.9629669189453 529.578670501709 335.4592590332031 499.67974853515625 335.4592590332031
499.7599182128906 258.2919006347656 528.2769508361816 258.2919006347656 528.2769508361816 334.4743347167969 499.7599182128906 334.4743347167969
500.2428283691406 255.0862579345703 529.1900825500488 255.0862579345703 529.1900825500488 332.0024108886719 500.2428283691406 332.0024108886719
499.6068420410156 253.69485473632812 529.6774406433105 253.69485473632812 529.6774406433105 334.6533508300781 499.6068420410156 334.6533508300781
499.74786376953125 257.6817321777344 528.7364292144775 257.6817321777344 528.7364292144775 334.71024322509766 499.74786376953125 334.71024322509766
499.3746032714844 254.04782104492188 529.519718170166 254.04782104492188 529.519718170166 335.2069320678711 499.3746032714844 335.2069320678711
499.8955078125 256.6336975097656 528.91575050354 256.6336975097656 528.91575050354 333.92137145996094 499.8955078125 333.92137145996094
501.6046447753906 261.389892578125 528.519229888916 261.389892578125 528.519229888916 330.58597564697266 501.6046447753906 330.58597564697266
499.49627685546875 260.594970703125 527.4910469055176 260.594970703125 527.4910469055176 333.2481689453125 499.49627685546875 333.2481689453125
500.3341369628906 260.30133056640625 528.1605682373047 260.30133056640625 528.1605682373047 333.1617202758789 500.3341369628906 333.1617202758789
499.7325134277344 253.5470733642578 529.4452934265137 253.5470733642578 529.4452934265137 333.5422134399414 499.7325134277344 333.5422134399414
502.5826721191406 264.07757568359375 528.504077911377 264.07757568359375 528.504077911377 328.41239166259766 502.5826721191406 328.41239166259766
500.63494873046875 257.76312255859375 529.4566955566406 257.76312255859375 529.4566955566406 334.2434997558594 500.63494873046875 334.2434997558594
500.8326110839844 259.5943908691406 528.3912620544434 259.5943908691406 528.3912620544434 331.66046142578125 500.8326110839844 331.66046142578125
500.63470458984375 256.54608154296875 528.9434700012207 256.54608154296875 528.9434700012207 331.8947448730469 500.63470458984375 331.8947448730469
499.40460205078125 254.078857421875 529.0530586242676 254.078857421875 529.0530586242676 333.9008255004883 499.40460205078125 333.9008255004883
500.18914794921875 256.9857177734375 528.7084159851074 256.9857177734375 528.7084159851074 332.49927520751953 500.18914794921875 332.49927520751953
500.07476806640625 255.083251953125 529.7053833007812 255.083251953125 529.7053833007812 334.85719299316406 500.07476806640625 334.85719299316406
499.4677734375 253.76486206054688 528.9814910888672 253.76486206054688 528.9814910888672 333.2240753173828 499.4677734375 333.2240753173828
500.59307861328125 254.1986083984375 530.3327388763428 254.1986083984375 530.3327388763428 334.26612854003906 500.59307861328125 334.26612854003906
499.5470275878906 256.5496520996094 528.785457611084 256.5496520996094 528.785457611084 333.9384994506836 499.5470275878906 333.9384994506836
498.56689453125 254.53976440429688 528.4422664642334 254.53976440429688 528.4422664642334 334.97266387939453 498.56689453125 334.97266387939453
499.902587890625 253.7739715576172 529.804500579834 253.7739715576172 529.804500579834 334.2783203125 499.902587890625 334.2783203125
500.17498779296875 252.93649291992188 529.5663757324219 252.93649291992188 529.5663757324219 332.0663757324219 500.17498779296875 332.0663757324219
501.00653076171875 259.40008544921875 528.1775760650635 259.40008544921875 528.1775760650635 330.28736114501953 501.00653076171875 330.28736114501953
499.75848388671875 255.6051788330078 529.1765899658203 255.6051788330078 529.1765899658203 334.8069839477539 499.75848388671875 334.8069839477539
501.40203857421875 258.9651794433594 528.6813697814941 258.9651794433594 528.6813697814941 330.54127502441406 501.40203857421875 330.54127502441406
502.3893127441406 262.31719970703125 528.612756729126 262.31719970703125 528.612756729126 329.1125030517578 502.3893127441406 329.1125030517578
501.79315185546875 264.41424560546875 527.8069648742676 264.41424560546875 527.8069648742676 331.3134765625 501.79315185546875 331.3134765625
499.71624755859375 256.42913818359375 529.1570701599121 256.42913818359375 529.1570701599121 335.69210052490234 499.71624755859375 335.69210052490234
500.97381591796875 260.12091064453125 528.2119197845459 260.12091064453125 528.2119197845459 331.2211151123047 500.97381591796875 331.2211151123047
501.1924743652344 255.1185760498047 529.6389827728271 255.1185760498047 529.6389827728271 330.4768981933594 501.1924743652344 330.4768981933594
500.4091796875 260.91937255859375 527.6597957611084 260.91937255859375 527.6597957611084 332.4731750488281 500.4091796875 332.4731750488281
499.2884826660156 255.6833953857422 529.2134952545166 255.6833953857422 529.2134952545166 336.24991607666016 499.2884826660156 336.24991607666016
499.86016845703125 256.74517822265625 528.6871280670166 256.74517822265625 528.6871280670166 333.4578094482422 499.86016845703125 333.4578094482422
498.23828125 254.09219360351562 528.4513206481934 254.09219360351562 528.4513206481934 335.4341583251953 498.23828125 335.4341583251953
499.62615966796875 256.159423828125 528.8450832366943 256.159423828125 528.8450832366943 334.1787567138672 499.62615966796875 334.1787567138672
499.41436767578125 254.171142578125 529.7103366851807 254.171142578125 529.7103366851807 335.7363739013672 499.41436767578125 335.7363739013672
502.00897216796875 261.83807373046875 527.3609752655029 261.83807373046875 527.3609752655029 327.59171295166016 502.00897216796875 327.59171295166016
499.0120544433594 256.6669006347656 527.8057670593262 256.6669006347656 527.8057670593262 333.6544876098633 499.0120544433594 333.6544876098633
499.060546875 254.07278442382812 529.2086639404297 254.07278442382812 529.2086639404297 335.2399444580078 499.060546875 335.2399444580078
500.18609619140625 254.1208953857422 530.3730049133301 254.1208953857422 530.3730049133301 335.3924865722656 500.18609619140625 335.3924865722656
498.0528869628906 254.3220672607422 528.6500053405762 254.3220672607422 528.6500053405762 336.69805908203125 498.0528869628906 336.69805908203125
499.4319763183594 255.3234405517578 528.3842658996582 255.3234405517578 528.3842658996582 333.8426818847656 499.4319763183594 333.8426818847656
500.62664794921875 256.42694091796875 529.4101448059082 256.42694091796875 529.4101448059082 334.20249938964844 500.62664794921875 334.20249938964844
499.67822265625 253.80209350585938 529.938756942749 253.80209350585938 529.938756942749 335.2718963623047 499.67822265625 335.2718963623047
498.62738037109375 253.0048370361328 529.0974826812744 253.0048370361328 529.0974826812744 335.0388488769531 498.62738037109375 335.0388488769531
499.1397399902344 252.6300506591797 530.2930088043213 252.6300506591797 530.2930088043213 336.5033264160156 499.1397399902344 336.5033264160156
499.2440490722656 252.2228240966797 530.7237205505371 252.2228240966797 530.7237205505371 336.97486114501953 499.2440490722656 336.97486114501953
499.29638671875 253.32986450195312 530.3912715911865 253.32986450195312 530.3912715911865 337.0459518432617 499.29638671875 337.0459518432617
499.397216796875 253.6060028076172 530.5642185211182 253.6060028076172 530.5642185211182 337.51625061035156 499.397216796875 337.51625061035156
498.4588928222656 253.23751831054688 529.5544681549072 253.23751831054688 529.5544681549072 336.9554672241211 498.4588928222656 336.9554672241211
499.2369689941406 253.2878875732422 530.5944271087646 253.2878875732422 530.5944271087646 337.7109069824219 499.2369689941406 337.7109069824219
498.99267578125 253.19235229492188 530.4563102722168 253.19235229492188 530.4563102722168 337.90122985839844 498.99267578125 337.90122985839844
498.83892822265625 253.47506713867188 530.71533203125 253.47506713867188 530.71533203125 339.2952346801758 498.83892822265625 339.2952346801758
498.45452880859375 252.0849609375 530.3526496887207 252.0849609375 530.3526496887207 337.9636001586914 498.45452880859375 337.9636001586914
499.5830078125 253.02694702148438 530.9899139404297 253.02694702148438 530.9899139404297 337.5830993652344 499.5830078125 337.5830993652344
500.0843811035156 253.99819946289062 531.1178894042969 253.99819946289062 531.1178894042969 337.54906463623047 500.0843811035156 337.54906463623047
499.3705139160156 253.4224395751953 530.4577693939209 253.4224395751953 530.4577693939209 337.1180114746094 499.3705139160156 337.1180114746094
498.87371826171875 252.9251251220703 530.438232421875 252.9251251220703 530.438232421875 337.9056091308594 498.87371826171875 337.9056091308594
499.2642517089844 250.88119506835938 530.7144107818604 250.88119506835938 530.7144107818604 335.5538101196289 499.2642517089844 335.5538101196289
499.856689453125 252.9073944091797 531.2928733825684 252.9073944091797 531.2928733825684 337.5423889160156 499.856689453125 337.5423889160156
499.25579833984375 253.20816040039062 530.522970199585 253.20816040039062 530.522970199585 337.3881301879883 499.25579833984375 337.3881301879883
499.8121643066406 253.1198272705078 530.9929847717285 253.1198272705078 530.9929847717285 337.0673141479492 499.8121643066406 337.0673141479492
500.89959716796875 254.693359375 530.5064449310303 254.693359375 530.5064449310303 334.4641647338867 500.89959716796875 334.4641647338867
500.63446044921875 255.3281707763672 531.6027679443359 255.3281707763672 531.6027679443359 338.7035140991211 500.63446044921875 338.7035140991211
499.49267578125 253.891357421875 530.7015781402588 253.891357421875 530.7015781402588 337.91444396972656 499.49267578125 337.91444396972656
499.15557861328125 253.7305145263672 530.4815063476562 253.7305145263672 530.4815063476562 338.0686721801758 499.15557861328125 338.0686721801758
499.62762451171875 252.4176483154297 531.010534286499 252.4176483154297 531.010534286499 336.90921783447266 499.62762451171875 336.90921783447266
499.93792724609375 253.6112823486328 530.5528354644775 253.6112823486328 530.5528354644775 336.03517150878906 499.93792724609375 336.03517150878906
500.10687255859375 254.3040008544922 530.939754486084 254.3040008544922 530.939754486084 337.3147430419922 500.10687255859375 337.3147430419922
499.15960693359375 252.5497283935547 530.194652557373 252.5497283935547 530.194652557373 336.10475158691406 499.15960693359375 336.10475158691406
499.01458740234375 253.9554443359375 529.9412384033203 253.9554443359375 529.9412384033203 337.21863555908203 499.01458740234375 337.21863555908203
500.8843688964844 253.42959594726562 531.321268081665 253.42959594726562 531.321268081665 335.3742370605469 500.8843688964844 335.3742370605469
499.5813903808594 253.9332275390625 530.0959014892578 253.9332275390625 530.0959014892578 336.0868225097656 499.5813903808594 336.0868225097656
498.704345703125 253.71926879882812 529.013204574585 253.71926879882812 529.013204574585 335.3191909790039 498.704345703125 335.3191909790039
499.51568603515625 252.7572021484375 530.1088829040527 252.7572021484375 530.1088829040527 335.12264251708984 499.51568603515625 335.12264251708984
500.80560302734375 253.6981658935547 531.4745121002197 253.6981658935547 531.4745121002197 336.26744079589844 500.80560302734375 336.26744079589844
499.401123046875 252.5662384033203 530.0574798583984 252.5662384033203 530.0574798583984 335.1017150878906 499.401123046875 335.1017150878906
500.112060546875 255.16207885742188 529.2278137207031 255.16207885742188 529.2278137207031 333.8916015625 500.112060546875 333.8916015625
500.2853088378906 255.27676391601562 530.7919921875 255.27676391601562 530.7919921875 337.4092712402344 500.2853088378906 337.4092712402344
500.0458068847656 254.11746215820312 530.9174747467041 254.11746215820312 530.9174747467041 337.2325973510742 500.0458068847656 337.2325973510742
499.68133544921875 254.0147705078125 530.7437686920166 254.0147705078125 530.7437686920166 337.64349365234375 499.68133544921875 337.64349365234375
500.0633850097656 253.0091094970703 531.44557762146 253.0091094970703 531.44557762146 337.49871826171875 500.0633850097656 337.49871826171875
499.156005859375 252.53274536132812 530.7828617095947 252.53274536132812 530.7828617095947 337.6810607910156 499.156005859375 337.6810607910156
499.26226806640625 252.8275146484375 530.9713077545166 252.8275146484375 530.9713077545166 338.1970901489258 499.26226806640625 338.1970901489258
498.5146484375 252.933837890625 530.6520576477051 252.933837890625 530.6520576477051 339.45670318603516 498.5146484375 339.45670318603516
499.7355041503906 254.020751953125 531.4423923492432 254.020751953125 531.4423923492432 339.38453674316406 499.7355041503906 339.38453674316406
498.51812744140625 252.34329223632812 530.3577480316162 252.34329223632812 530.3577480316162 338.0644302368164 498.51812744140625 338.0644302368164
499.624267578125 253.29458618164062 531.0282402038574 253.29458618164062 531.0282402038574 337.8428421020508 499.624267578125 337.8428421020508
499.66278076171875 252.1710662841797 531.3739356994629 252.1710662841797 531.3739356994629 337.5463333129883 499.66278076171875 337.5463333129883
498.4344177246094 252.36080932617188 530.2079582214355 252.36080932617188 530.2079582214355 337.90403747558594 498.4344177246094 337.90403747558594
498.65264892578125 252.71499633789062 530.5276145935059 252.71499633789062 530.5276145935059 338.5312957763672 498.65264892578125 338.5312957763672
498.60821533203125 251.72824096679688 530.5052680969238 251.72824096679688 530.5052680969238 337.60399627685547 498.60821533203125 337.60399627685547
499.1282653808594 252.505615234375 531.1440658569336 252.505615234375 531.1440658569336 338.7010726928711 499.1282653808594 338.7010726928711
499.55523681640625 252.84347534179688 531.3638458251953 252.84347534179688 531.3638458251953 338.4811248779297 499.55523681640625 338.4811248779297
499.8462829589844 252.93374633789062 531.1771450042725 252.93374633789062 531.1771450042725 337.28517150878906 499.8462829589844 337.28517150878906
498.98516845703125 251.6042022705078 530.7645511627197 251.6042022705078 530.7645511627197 337.1631622314453 498.98516845703125 337.1631622314453
498.96295166015625 253.41360473632812 530.9172611236572 253.41360473632812 530.9172611236572 339.4435119628906 498.96295166015625 339.4435119628906
498.21209716796875 251.6844940185547 529.860767364502 251.6844940185547 529.860767364502 336.89154052734375 498.21209716796875 336.89154052734375
500.76312255859375 252.8441162109375 532.5272941589355 252.8441162109375 532.5272941589355 338.36212158203125 500.76312255859375 338.36212158203125
499.84954833984375 255.1040496826172 529.7114219665527 255.1040496826172 529.7114219665527 335.32495880126953 499.84954833984375 335.32495880126953
498.93731689453125 255.00973510742188 529.8335628509521 255.00973510742188 529.8335628509521 338.19104766845703 498.93731689453125 338.19104766845703
500.2203063964844 255.1251220703125 529.4850883483887 255.1251220703125 529.4850883483887 333.9790344238281 500.2203063964844 333.9790344238281
501.1050720214844 254.8868408203125 530.3391456604004 254.8868408203125 530.3391456604004 333.69496154785156 501.1050720214844 333.69496154785156
499.1752014160156 254.06161499023438 530.1253471374512 254.06161499023438 530.1253471374512 337.38805389404297 499.1752014160156 337.38805389404297
500.22515869140625 253.42080688476562 531.1636619567871 253.42080688476562 531.1636619567871 336.7158966064453 500.22515869140625 336.7158966064453
499.1548767089844 253.2566680908203 530.6835689544678 253.2566680908203 530.6835689544678 338.1407165527344 499.1548767089844 338.1407165527344
500.15771484375 252.4727325439453 531.2705593109131 252.4727325439453 531.2705593109131 336.2372055053711 500.15771484375 336.2372055053711
499.26031494140625 253.78341674804688 530.3353385925293 253.78341674804688 530.3353385925293 337.4460678100586 499.26031494140625 337.4460678100586
499.2019958496094 252.8946990966797 530.2546691894531 252.8946990966797 530.2546691894531 336.4971694946289 499.2019958496094 336.4971694946289
500.50921630859375 252.0181121826172 531.08420753479 252.0181121826172 531.08420753479 334.3345260620117 500.50921630859375 334.3345260620117
501.80145263671875 256.9319763183594 529.7621574401855 256.9319763183594 529.7621574401855 332.3052673339844 501.80145263671875 332.3052673339844
500.4789123535156 253.65640258789062 530.6997585296631 253.65640258789062 530.6997585296631 335.0193557739258 500.4789123535156 335.0193557739258
500.99884033203125 255.7166748046875 529.7837581634521 255.7166748046875 529.7837581634521 333.33935546875 500.99884033203125 333.33935546875
499.50958251953125 255.73806762695312 528.563497543335 255.73806762695312 528.563497543335 333.90740966796875 499.50958251953125 333.90740966796875
499.90576171875 252.9631805419922 530.3076477050781 252.9631805419922 530.3076477050781 334.81356048583984 499.90576171875 334.81356048583984
500.4181213378906 254.0055694580078 529.8035087585449 254.0055694580078 529.8035087585449 333.16204833984375 500.4181213378906 333.16204833984375
499.62054443359375 254.7199249267578 529.3853454589844 254.7199249267578 529.3853454589844 334.55043029785156 499.62054443359375 334.55043029785156
499.42822265625 253.19949340820312 530.8520259857178 253.19949340820312 530.8520259857178 337.80115509033203 499.42822265625 337.80115509033203
501.05487060546875 258.8485412597656 528.6463069915771 258.8485412597656 528.6463069915771 332.2639694213867 501.05487060546875 332.2639694213867
500.63421630859375 255.82821655273438 529.7981147766113 255.82821655273438 529.7981147766113 334.1320571899414 500.63421630859375 334.1320571899414
498.25146484375 252.1078338623047 530.5612907409668 252.1078338623047 530.5612907409668 339.0949249267578 498.25146484375 339.0949249267578
497.93035888671875 250.4794158935547 530.5814819335938 250.4794158935547 530.5814819335938 338.3853759765625 497.93035888671875 338.3853759765625
498.49365234375 251.0145721435547 531.5154075622559 251.0145721435547 531.5154075622559 339.9183807373047 498.49365234375 339.9183807373047
498.66748046875 253.53292846679688 529.9571342468262 253.53292846679688 529.9571342468262 337.35804748535156 498.66748046875 337.35804748535156
499.2007751464844 254.61441040039062 530.5491943359375 254.61441040039062 530.5491943359375 338.44754791259766 499.2007751464844 338.44754791259766
499.6946716308594 255.06411743164062 530.0463829040527 255.06411743164062 530.0463829040527 334.74806213378906 499.6946716308594 334.74806213378906
500.44793701171875 250.1953125 533.108772277832 250.1953125 533.108772277832 338.12744140625 500.44793701171875 338.12744140625
499.34136962890625 250.2578582763672 531.5338439941406 250.2578582763672 531.5338439941406 336.9290313720703 499.34136962890625 336.9290313720703
499.38555908203125 253.62020874023438 530.1813812255859 253.62020874023438 530.1813812255859 336.05750274658203 499.38555908203125 336.05750274658203
499.4756774902344 251.7927703857422 531.3333854675293 251.7927703857422 531.3333854675293 337.5626525878906 499.4756774902344 337.5626525878906
499.24298095703125 251.88967895507812 531.2795372009277 251.88967895507812 531.2795372009277 338.1410675048828 499.24298095703125 338.1410675048828
501.138671875 256.0697326660156 530.5514030456543 256.0697326660156 530.5514030456543 334.48460388183594 501.138671875 334.48460388183594
499.02801513671875 251.0021209716797 531.3903465270996 251.0021209716797 531.3903465270996 338.1305847167969 499.02801513671875 338.1305847167969
500.99578857421875 255.0918426513672 530.1199283599854 255.0918426513672 530.1199283599854 332.38116455078125 500.99578857421875 332.38116455078125
500.8104553222656 256.9448547363281 529.9448757171631 256.9448547363281 529.9448757171631 333.69854736328125 500.8104553222656 333.69854736328125
499.50634765625 253.1661376953125 531.1024742126465 253.1661376953125 531.1024742126465 338.23177337646484 499.50634765625 338.23177337646484
499.8953552246094 255.41879272460938 529.47509765625 255.41879272460938 529.47509765625 333.92137145996094 499.8953552246094 333.92137145996094
499.17779541015625 252.40713500976562 531.2794418334961 252.40713500976562 531.2794418334961 338.8337631225586 499.17779541015625 338.8337631225586
499.05279541015625 254.14462280273438 530.5916404724121 254.14462280273438 530.5916404724121 339.05603790283203 499.05279541015625 339.05603790283203
499.6631774902344 251.7772216796875 530.7795219421387 251.7772216796875 530.7795219421387 335.5511474609375 499.6631774902344 335.5511474609375
500.01336669921875 250.5972442626953 531.7858486175537 250.5972442626953 531.7858486175537 336.13768005371094 500.01336669921875 336.13768005371094
500.82830810546875 250.5056915283203 532.5369300842285 250.5056915283203 532.5369300842285 335.8741989135742 500.82830810546875 335.8741989135742
500.7862243652344 254.20767211914062 531.2066955566406 254.20767211914062 531.2066955566406 335.3643493652344 500.7862243652344 335.3643493652344
499.4706115722656 251.64437866210938 530.6802673339844 251.64437866210938 530.6802673339844 335.6695251464844 499.4706115722656 335.6695251464844
499.37371826171875 252.31277465820312 530.5899620056152 252.31277465820312 530.5899620056152 336.3556594848633 499.37371826171875 336.3556594848633
499.80706787109375 256.1564025878906 529.1068058013916 256.1564025878906 529.1068058013916 334.7300033569336 499.80706787109375 334.7300033569336
500.85357666015625 256.68829345703125 529.8848609924316 256.68829345703125 529.8848609924316 334.9725570678711 500.85357666015625 334.9725570678711
500.82550048828125 253.21640014648438 531.2666931152344 253.21640014648438 531.2666931152344 335.17261505126953 500.82550048828125 335.17261505126953
500.29931640625 253.4764862060547 529.66628074646 253.4764862060547 529.66628074646 332.283935546875 500.29931640625 332.283935546875
499.923095703125 255.10946655273438 530.1272830963135 255.10946655273438 530.1272830963135 336.42759704589844 499.923095703125 336.42759704589844
501.06268310546875 257.3720397949219 530.0780792236328 257.3720397949219 530.0780792236328 335.2451629638672 501.06268310546875 335.2451629638672
500.70367431640625 253.7844696044922 531.2663688659668 253.7844696044922 531.2663688659668 336.0677947998047 500.70367431640625 336.0677947998047
501.1089782714844 257.4021301269531 529.0947208404541 257.4021301269531 529.0947208404541 333.04539489746094 501.1089782714844 333.04539489746094
499.7013244628906 253.15170288085938 530.5202674865723 253.15170288085938 530.5202674865723 336.1249237060547 499.7013244628906 336.1249237060547
499.35479736328125 253.33407592773438 530.6493434906006 253.33407592773438 530.6493434906006 337.58775329589844 499.35479736328125 337.58775329589844
500.865966796875 252.7008819580078 531.7133274078369 252.7008819580078 531.7133274078369 335.7506103515625 500.865966796875 335.7506103515625
500.4022521972656 252.1080322265625 531.8587951660156 252.1080322265625 531.8587951660156 336.7978515625 500.4022521972656 336.7978515625
500.0618591308594 251.61636352539062 531.4196376800537 251.61636352539062 531.4196376800537 336.040283203125 500.0618591308594 336.040283203125
498.9137268066406 253.4486846923828 530.2541351318359 253.4486846923828 530.2541351318359 337.82584381103516 498.9137268066406 337.82584381103516
500.18218994140625 250.9589080810547 531.9151058197021 250.9589080810547 531.9151058197021 336.39280700683594 500.18218994140625 336.39280700683594
501.16644287109375 252.3450164794922 532.8156547546387 252.3450164794922 532.8156547546387 337.5535583496094 501.16644287109375 337.5535583496094
500.32159423828125 252.95492553710938 532.0445919036865 252.95492553710938 532.0445919036865 338.36212158203125 500.32159423828125 338.36212158203125
499.7193908691406 251.235595703125 531.0388603210449 251.235595703125 531.0388603210449 335.55638122558594 499.7193908691406 335.55638122558594
500.8736877441406 253.61044311523438 532.00075340271 253.61044311523438 532.00075340271 337.41322326660156 500.8736877441406 337.41322326660156
499.8860778808594 252.87875366210938 531.2362880706787 252.87875366210938 531.2362880706787 337.2823028564453 499.8860778808594 337.2823028564453
500.369873046875 251.1913604736328 531.213550567627 251.1913604736328 531.213550567627 334.2311782836914 500.369873046875 334.2311782836914
499.90264892578125 253.0331573486328 530.6643409729004 253.0331573486328 530.6643409729004 335.8522415161133 499.90264892578125 335.8522415161133
500.7450256347656 252.87655639648438 531.218225479126 252.87655639648438 531.218225479126 334.91893005371094 500.7450256347656 334.91893005371094
501.27899169921875 255.5323944091797 530.334493637085 255.5323944091797 530.334493637085 334.1227111816406 501.27899169921875 334.1227111816406
502.49774169921875 256.31756591796875 529.6647605895996 256.31756591796875 529.6647605895996 329.9514617919922 502.49774169921875 329.9514617919922
502.3624572753906 257.9417724609375 529.2382144927979 257.9417724609375 529.2382144927979 330.56197357177734 502.3624572753906 330.56197357177734
501.83172607421875 256.28887939453125 530.5342044830322 256.28887939453125 530.5342044830322 333.7497787475586 501.83172607421875 333.7497787475586
500.7710876464844 253.8000030517578 531.0086669921875 253.8000030517578 531.0086669921875 335.20802307128906 500.7710876464844 335.20802307128906
502.4552307128906 258.7400817871094 528.8190860748291 258.7400817871094 528.8190860748291 328.84678649902344 502.4552307128906 328.84678649902344
500.7891540527344 254.5233917236328 530.5880889892578 254.5233917236328 530.5880889892578 334.7504577636719 500.7891540527344 334.7504577636719
501.8558654785156 255.6865234375 530.3190155029297 255.6865234375 530.3190155029297 332.1870880126953 501.8558654785156 332.1870880126953
501.1869201660156 252.8584442138672 531.2603950500488 252.8584442138672 531.2603950500488 333.82464599609375 501.1869201660156 333.82464599609375
499.634521484375 254.52120971679688 530.0217952728271 254.52120971679688 530.0217952728271 336.3322525024414 499.634521484375 336.3322525024414
500.4745178222656 253.84335327148438 529.9353446960449 253.84335327148438 529.9353446960449 333.2925491333008 500.4745178222656 333.2925491333008
500.5738220214844 251.8377685546875 531.8272151947021 251.8377685546875 531.8272151947021 335.9806442260742 500.5738220214844 335.9806442260742
500.20025634765625 252.196533203125 531.3746681213379 252.196533203125 531.3746681213379 336.12677001953125 500.20025634765625 336.12677001953125
499.9471740722656 252.18246459960938 530.6713619232178 252.18246459960938 530.6713619232178 334.9005813598633 499.9471740722656 334.9005813598633
500.5553283691406 254.79116821289062 531.045862197876 254.79116821289062 531.045862197876 336.88023376464844 500.5553283691406 336.88023376464844
500.02862548828125 252.15234375 531.0319213867188 252.15234375 531.0319213867188 335.6219024658203 500.02862548828125 335.6219024658203
500.86151123046875 253.162841796875 531.5485649108887 253.162841796875 531.5485649108887 335.7809829711914 500.86151123046875 335.7809829711914
499.32086181640625 254.2406768798828 529.9813804626465 254.2406768798828 529.9813804626465 336.7873840332031 499.32086181640625 336.7873840332031
500.7294006347656 252.94277954101562 531.759786605835 252.94277954101562 531.759786605835 336.4852752685547 500.7294006347656 336.4852752685547
501.6572265625 254.7481689453125 531.118595123291 254.7481689453125 531.118595123291 334.36309814453125 501.6572265625 334.36309814453125
500.03515625 253.034912109375 530.9182033538818 253.034912109375 530.9182033538818 336.1807327270508 500.03515625 336.1807327270508
499.82098388671875 253.2953643798828 530.4549217224121 253.2953643798828 530.4549217224121 335.7705078125 499.82098388671875 335.7705078125
501.322265625 256.05841064453125 530.5628604888916 256.05841064453125 530.5628604888916 334.799072265625 501.322265625 334.799072265625
501.2896423339844 255.03567504882812 531.4008293151855 255.03567504882812 531.4008293151855 336.00856018066406 501.2896423339844 336.00856018066406
500.028076171875 251.20785522460938 531.8884162902832 251.20785522460938 531.8884162902832 336.9848175048828 500.028076171875 336.9848175048828
499.02490234375 251.4512176513672 530.9151401519775 251.4512176513672 530.9151401519775 337.30867767333984 499.02490234375 337.30867767333984
499.97418212890625 252.4167938232422 531.6791954040527 252.4167938232422 531.6791954040527 337.77557373046875 499.97418212890625 337.77557373046875
500.6356506347656 252.1260223388672 532.4874992370605 252.1260223388672 532.4874992370605 337.88013458251953 500.6356506347656 337.88013458251953
499.50628662109375 252.989990234375 531.01513671875 252.989990234375 531.01513671875 337.82066345214844 499.50628662109375 337.82066345214844
499.6075744628906 251.228271484375 531.0876808166504 251.228271484375 531.0876808166504 335.98155212402344 499.6075744628906 335.98155212402344
501.1521911621094 252.2717742919922 532.1019592285156 252.2717742919922 532.1019592285156 335.5972442626953 501.1521911621094 335.5972442626953
500.37994384765625 253.36660766601562 531.2090091705322 253.36660766601562 531.2090091705322 336.3671112060547 500.37994384765625 336.3671112060547
501.48443603515625 256.36212158203125 529.9534854888916 256.36212158203125 529.9534854888916 333.00008392333984 501.48443603515625 333.00008392333984
499.79327392578125 252.03945922851562 530.7586097717285 252.03945922851562 530.7586097717285 335.4068298339844 499.79327392578125 335.4068298339844
500.64288330078125 255.1138153076172 530.7416839599609 255.1138153076172 530.7416839599609 336.21089935302734 500.64288330078125 336.21089935302734
500.2421875 251.54489135742188 531.7135925292969 251.54489135742188 531.7135925292969 336.2747344970703 500.2421875 336.2747344970703
500.36761474609375 254.05215454101562 530.1611366271973 254.05215454101562 530.1611366271973 334.0239944458008 500.36761474609375 334.0239944458008
500.4253845214844 252.0646209716797 531.5704288482666 252.0646209716797 531.5704288482666 335.9158020019531 500.4253845214844 335.9158020019531
500.7113342285156 253.7446746826172 530.5930995941162 253.7446746826172 530.5930995941162 334.2906799316406 500.7113342285156 334.2906799316406
501.2875061035156 253.3267822265625 531.0003318786621 253.3267822265625 531.0003318786621 333.36673736572266 501.2875061035156 333.36673736572266
499.4676818847656 252.159423828125 530.8773765563965 252.159423828125 530.8773765563965 336.7231140136719 499.4676818847656 336.7231140136719
500.69366455078125 254.37158203125 530.756799697876 254.37158203125 530.756799697876 335.16585540771484 500.69366455078125 335.16585540771484
499.69000244140625 253.281005859375 530.8230895996094 253.281005859375 530.8230895996094 337.09999084472656 499.69000244140625 337.09999084472656
501.4549865722656 254.76986694335938 531.4252738952637 254.76986694335938 531.4252738952637 335.3029327392578 501.4549865722656 335.3029327392578
499.66094970703125 251.9345245361328 531.4277496337891 251.9345245361328 531.4277496337891 337.45965576171875 499.66094970703125 337.45965576171875
499.36065673828125 253.99606323242188 529.4735679626465 253.99606323242188 529.4735679626465 334.85914611816406 499.36065673828125 334.85914611816406
501.86468505859375 256.5025329589844 530.6758308410645 256.5025329589844 530.6758308410645 333.962890625 501.86468505859375 333.962890625
500.4609375 250.6600341796875 532.1112308502197 250.6600341796875 532.1112308502197 335.87149810791016 500.4609375 335.87149810791016
500.96533203125 254.9786834716797 530.6063117980957 254.9786834716797 530.6063117980957 334.9371337890625 500.96533203125 334.9371337890625
498.82476806640625 252.1956329345703 530.4340152740479 252.1956329345703 530.4340152740479 337.2965850830078 498.82476806640625 337.2965850830078
499.37481689453125 252.03372192382812 531.0432586669922 252.03372192382812 531.0432586669922 337.2940368652344 499.37481689453125 337.2940368652344
500.13519287109375 252.3098602294922 531.1328773498535 252.3098602294922 531.1328773498535 335.7643051147461 500.13519287109375 335.7643051147461
500.779296875 255.0817108154297 530.347635269165 255.0817108154297 530.347635269165 334.64684295654297 500.779296875 334.64684295654297
500.53387451171875 252.39877319335938 531.4861850738525 252.39877319335938 531.4861850738525 335.7310562133789 500.53387451171875 335.7310562133789
499.9730529785156 251.7401885986328 531.313907623291 251.7401885986328 531.313907623291 336.11853790283203 499.9730529785156 336.11853790283203
500.16748046875 251.90652465820312 530.9850215911865 251.90652465820312 530.9850215911865 334.87596130371094 500.16748046875 334.87596130371094
500.51690673828125 254.41665649414062 530.348331451416 254.41665649414062 530.348331451416 334.7185974121094 500.51690673828125 334.7185974121094
499.679443359375 253.1859130859375 530.7357521057129 253.1859130859375 530.7357521057129 336.7981719970703 499.679443359375 336.7981719970703
501.74462890625 256.4643859863281 530.2802543640137 256.4643859863281 530.2802543640137 333.09729766845703 501.74462890625 333.09729766845703
501.7879333496094 256.3498229980469 530.145055770874 256.3498229980469 530.145055770874 332.7943572998047 501.7879333496094 332.7943572998047
500.4241638183594 255.87060546875 530.1594390869141 255.87060546875 530.1594390869141 335.78326416015625 500.4241638183594 335.78326416015625
500.387939453125 254.83187866210938 530.2093467712402 254.83187866210938 530.2093467712402 334.9344024658203 500.387939453125 334.9344024658203
500.828369140625 252.88668823242188 532.1107978820801 252.88668823242188 532.1107978820801 337.1077117919922 500.828369140625 337.1077117919922
499.48809814453125 251.6702880859375 531.2681522369385 251.6702880859375 531.2681522369385 337.2310562133789 499.48809814453125 337.2310562133789
500.6310119628906 251.3630828857422 532.1495304107666 251.3630828857422 532.1495304107666 336.2197265625 500.6310119628906 336.2197265625
499.8521423339844 252.56222534179688 531.0218963623047 252.56222534179688 531.0218963623047 336.47989654541016 499.8521423339844 336.47989654541016
501.4837951660156 251.7100067138672 532.5322074890137 251.7100067138672 532.5322074890137 335.3009948730469 501.4837951660156 335.3009948730469
499.603515625 253.21127319335938 530.9009971618652 253.21127319335938 530.9009971618652 337.4728317260742 499.603515625 337.4728317260742
498.68878173828125 257.2267150878906 527.8609504699707 257.2267150878906 527.8609504699707 335.3638153076172 498.68878173828125 335.3638153076172
500.91632080078125 257.56964111328125 528.7522926330566 257.56964111328125 528.7522926330566 331.7681579589844 500.91632080078125 331.7681579589844
500.8263244628906 255.40353393554688 530.173360824585 255.40353393554688 530.173360824585 334.358154296875 500.8263244628906 334.358154296875
500.23114013671875 251.9258575439453 531.0350303649902 251.9258575439453 531.0350303649902 334.8585433959961 500.23114013671875 334.8585433959961
498.20123291015625 253.754150390625 528.9493045806885 253.754150390625 528.9493045806885 336.53656005859375 498.20123291015625 336.53656005859375
501.51995849609375 256.4195251464844 529.8899040222168 256.4195251464844 529.8899040222168 332.0586929321289 501.51995849609375 332.0586929321289
500.2777404785156 253.31396484375 530.9916381835938 253.31396484375 530.9916381835938 336.0043716430664 500.2777404785156 336.0043716430664
500.63153076171875 251.9537811279297 531.5482845306396 251.9537811279297 531.5482845306396 335.1903305053711 500.63153076171875 335.1903305053711
499.5448303222656 253.7073974609375 530.2258453369141 253.7073974609375 530.2258453369141 336.3092803955078 499.5448303222656 336.3092803955078
500.6053771972656 254.99197387695312 529.7762336730957 254.99197387695312 529.7762336730957 333.2288818359375 500.6053771972656 333.2288818359375
500.94598388671875 256.2584228515625 529.7826881408691 256.2584228515625 529.7826881408691 333.96292877197266 500.94598388671875 333.96292877197266
500.62957763671875 253.3428955078125 530.8527431488037 253.3428955078125 530.8527431488037 334.7121124267578 500.62957763671875 334.7121124267578
502.6431579589844 258.5060119628906 528.7600860595703 258.5060119628906 528.7600860595703 328.91358947753906 502.6431579589844 328.91358947753906
502.8199157714844 261.65081787109375 527.4695415496826 261.65081787109375 527.4695415496826 327.5069274902344 502.8199157714844 327.5069274902344
501.3395080566406 259.84649658203125 528.4562072753906 259.84649658203125 528.4562072753906 332.95654296875 501.3395080566406 332.95654296875
500.85382080078125 255.90878295898438 529.5202674865723 255.90878295898438 529.5202674865723 333.4325180053711 500.85382080078125 333.4325180053711
501.55072021484375 259.9316101074219 527.930736541748 259.9316101074219 527.930736541748 330.09046936035156 501.55072021484375 330.09046936035156
500.561279296875 254.8112335205078 529.5375785827637 254.8112335205078 529.5375785827637 332.5172119140625 500.561279296875 332.5172119140625
500.4622497558594 255.88876342773438 529.7746925354004 255.88876342773438 529.7746925354004 334.451416015625 500.4622497558594 334.451416015625
500.25006103515625 253.22866821289062 530.9515724182129 253.22866821289062 530.9515724182129 335.8857116699219 500.25006103515625 335.8857116699219
500.7416076660156 255.9623260498047 530.1141262054443 255.9623260498047 530.1141262054443 335.08843994140625 500.7416076660156 335.08843994140625
499.650634765625 252.1187744140625 530.3838500976562 252.1187744140625 530.3838500976562 334.8611755371094 499.650634765625 334.8611755371094
501.1969299316406 254.4928436279297 530.1919593811035 254.4928436279297 530.1919593811035 332.30552673339844 501.1969299316406 332.30552673339844
500.06439208984375 253.941650390625 530.4861698150635 253.941650390625 530.4861698150635 335.84556579589844 500.06439208984375 335.84556579589844
499.50311279296875 253.224609375 529.7667427062988 253.224609375 529.7667427062988 334.70275115966797 499.50311279296875 334.70275115966797
499.152587890625 254.34976196289062 529.68701171875 254.34976196289062 529.68701171875 336.5569534301758 499.152587890625 336.5569534301758
502.11016845703125 256.55572509765625 530.2238521575928 256.55572509765625 530.2238521575928 332.33802795410156 502.11016845703125 332.33802795410156
499.63348388671875 253.1188507080078 530.4627285003662 253.1188507080078 530.4627285003662 336.11978912353516 499.63348388671875 336.11978912353516
499.9129943847656 254.1164093017578 529.9183750152588 254.1164093017578 529.9183750152588 334.7617950439453 499.9129943847656 334.7617950439453
499.87371826171875 253.29931640625 530.9435024261475 253.29931640625 530.9435024261475 336.94786071777344 499.87371826171875 336.94786071777344
500.37738037109375 252.96054077148438 531.2692203521729 252.96054077148438 531.2692203521729 336.12999725341797 500.37738037109375 336.12999725341797
500.22845458984375 252.1263885498047 531.294979095459 252.1263885498047 531.294979095459 335.7661437988281 500.22845458984375 335.7661437988281
499.762939453125 253.4656982421875 530.834005355835 253.4656982421875 530.834005355835 337.11768341064453 499.762939453125 337.11768341064453
500.7662048339844 253.9405975341797 531.9920902252197 253.9405975341797 531.9920902252197 338.0093994140625 500.7662048339844 338.0093994140625
499.195068359375 251.3282470703125 531.2012252807617 251.3282470703125 531.2012252807617 337.49776458740234 499.195068359375 337.49776458740234
500.1941833496094 252.48263549804688 532.1578521728516 252.48263549804688 532.1578521728516 338.53775787353516 500.1941833496094 338.53775787353516
499.30767822265625 251.90286254882812 531.3456077575684 251.90286254882812 531.3456077575684 338.15792083740234 499.30767822265625 338.15792083740234
498.93560791015625 251.41079711914062 531.2178955078125 251.41079711914062 531.2178955078125 338.32373809814453 498.93560791015625 338.32373809814453
499.352783203125 251.30520629882812 531.778923034668 251.30520629882812 531.778923034668 338.60543060302734 499.352783203125 338.60543060302734
500.2290954589844 250.9290771484375 533.0804100036621 250.9290771484375 533.0804100036621 339.37398529052734 500.2290954589844 339.37398529052734
498.85333251953125 251.36636352539062 531.5950126647949 251.36636352539062 531.5950126647949 339.51610565185547 498.85333251953125 339.51610565185547
499.37689208984375 251.9587860107422 531.534366607666 251.9587860107422 531.534366607666 338.5356750488281 499.37689208984375 338.5356750488281
499.8843688964844 252.88613891601562 531.7579536437988 252.88613891601562 531.7579536437988 338.69871520996094 499.8843688964844 338.69871520996094
500.0849609375 252.8439178466797 531.9411354064941 252.8439178466797 531.9411354064941 338.609619140625 500.0849609375 338.609619140625
498.6800231933594 251.81674194335938 530.4036502838135 251.81674194335938 530.4036502838135 337.22557830810547 498.6800231933594 337.22557830810547
499.047119140625 252.0194854736328 531.0643081665039 252.0194854736328 531.0643081665039 338.2186737060547 499.047119140625 338.2186737060547
499.9239807128906 252.574951171875 531.4868679046631 252.574951171875 531.4868679046631 337.55104064941406 499.9239807128906 337.55104064941406
499.48974609375 251.1248321533203 531.9189758300781 251.1248321533203 531.9189758300781 338.433349609375 499.48974609375 338.433349609375
498.4917907714844 252.7769775390625 530.3360481262207 252.7769775390625 530.3360481262207 338.5105895996094 498.4917907714844 338.5105895996094
499.18231201171875 252.7683868408203 531.0048332214355 252.7683868408203 531.0048332214355 338.4434814453125 499.18231201171875 338.4434814453125
498.7659606933594 252.1017608642578 530.5087928771973 252.1017608642578 530.5087928771973 337.56231689453125 498.7659606933594 337.56231689453125
500.3477478027344 252.8529052734375 531.7596530914307 252.8529052734375 531.7596530914307 337.4225158691406 500.3477478027344 337.4225158691406
498.63519287109375 253.5439910888672 530.4130973815918 253.5439910888672 530.4130973815918 339.0989685058594 498.63519287109375 339.0989685058594
498.869140625 252.2819366455078 530.6945095062256 252.2819366455078 530.6945095062256 337.96470642089844 498.869140625 337.96470642089844
499.6983947753906 251.832763671875 531.5077323913574 251.832763671875 531.5077323913574 337.4723815917969 499.6983947753906 337.4723815917969
499.87646484375 251.20883178710938 531.536808013916 251.20883178710938 531.536808013916 336.4473114013672 499.87646484375 336.4473114013672
498.7405700683594 252.28268432617188 530.228687286377 252.28268432617188 530.228687286377 337.05747985839844 498.7405700683594 337.05747985839844
498.9866638183594 252.98056030273438 530.2141265869141 252.98056030273438 530.2141265869141 337.05359649658203 498.9866638183594 337.05359649658203
499.955078125 254.0868377685547 530.0507202148438 254.0868377685547 530.0507202148438 334.4910888671875 499.955078125 334.4910888671875
499.22686767578125 252.6620635986328 530.6651973724365 252.6620635986328 530.6651973724365 337.30279541015625 499.22686767578125 337.30279541015625
500.05560302734375 252.57595825195312 531.2793235778809 252.57595825195312 531.2793235778809 336.63890075683594 500.05560302734375 336.63890075683594
499.7451171875 252.0985565185547 531.0298118591309 252.0985565185547 531.0298118591309 336.3256607055664 499.7451171875 336.3256607055664
499.93585205078125 252.60531616210938 531.3590145111084 252.60531616210938 531.3590145111084 337.20520782470703 499.93585205078125 337.20520782470703
499.94866943359375 253.0627899169922 531.0980892181396 253.0627899169922 531.0980892181396 336.9256896972656 499.94866943359375 336.9256896972656
500.4200134277344 252.75564575195312 531.3277950286865 252.75564575195312 531.3277950286865 335.9679946899414 500.4200134277344 335.9679946899414
500.680419921875 253.0211944580078 531.0291938781738 253.0211944580078 531.0291938781738 334.72853088378906 500.680419921875 334.72853088378906
500.7334899902344 255.22506713867188 530.5672912597656 255.22506713867188 530.5672912597656 335.5459442138672 500.7334899902344 335.5459442138672
500.32513427734375 253.2620391845703 530.493106842041 253.2620391845703 530.493106842041 334.4825973510742 500.32513427734375 334.4825973510742
500.5020446777344 255.4169158935547 529.520751953125 255.4169158935547 529.520751953125 333.19515228271484 500.5020446777344 333.19515228271484
501.942626953125 258.94256591796875 528.0026741027832 258.94256591796875 528.0026741027832 328.8500061035156 501.942626953125 328.8500061035156
500.21466064453125 254.2142791748047 530.6649684906006 254.2142791748047 530.6649684906006 336.19495391845703 500.21466064453125 336.19495391845703
499.2767639160156 252.4489288330078 529.8201541900635 252.4489288330078 529.8201541900635 334.6802062988281 499.2767639160156 334.6802062988281
499.05999755859375 253.0234375 529.6929569244385 253.0234375 529.6929569244385 335.49586486816406 499.05999755859375 335.49586486816406
498.49639892578125 253.4635467529297 529.1107788085938 253.4635467529297 529.1107788085938 335.88594818115234 498.49639892578125 335.88594818115234
501.2450256347656 257.5210876464844 529.2147369384766 257.5210876464844 529.2147369384766 332.37659454345703 501.2450256347656 332.37659454345703
500.3262634277344 254.0437469482422 530.726598739624 254.0437469482422 530.726598739624 335.88987731933594 500.3262634277344 335.88987731933594
500.85894775390625 254.6221466064453 530.2950992584229 254.6221466064453 530.2950992584229 333.95276641845703 500.85894775390625 333.95276641845703
500.2391662597656 253.14187622070312 530.6579132080078 253.14187622070312 530.6579132080078 335.03758239746094 500.2391662597656 335.03758239746094
500.0369567871094 254.5056915283203 530.061731338501 254.5056915283203 530.061731338501 335.34070587158203 500.0369567871094 335.34070587158203
499.77569580078125 253.8908233642578 529.8846893310547 253.8908233642578 529.8846893310547 334.95257568359375 499.77569580078125 334.95257568359375
499.2743225097656 254.4319305419922 529.3721408843994 254.4319305419922 529.3721408843994 335.4635925292969 499.2743225097656 335.4635925292969
500.310302734375 252.18881225585938 530.6730918884277 252.18881225585938 530.6730918884277 333.93384552001953 500.310302734375 333.93384552001953
499.66217041015625 253.58529663085938 530.2654609680176 253.58529663085938 530.2654609680176 335.9778289794922 499.66217041015625 335.9778289794922
500.050048828125 253.63070678710938 530.8920097351074 253.63070678710938 530.8920097351074 336.66580963134766 500.050048828125 336.66580963134766
499.87188720703125 254.5484161376953 530.3009281158447 254.5484161376953 530.3009281158447 336.4718322753906 499.87188720703125 336.4718322753906
499.28656005859375 254.0837860107422 528.5213432312012 254.0837860107422 528.5213432312012 331.8247299194336 499.28656005859375 331.8247299194336
501.030517578125 258.84625244140625 528.6298274993896 258.84625244140625 528.6298274993896 331.90731048583984 501.030517578125 331.90731048583984
500.96728515625 259.647705078125 528.4231204986572 259.647705078125 528.4231204986572 332.9239044189453 500.96728515625 332.9239044189453
500.2334899902344 257.091796875 528.1958560943604 257.091796875 528.1958560943604 330.69763946533203 500.2334899902344 330.69763946533203
498.6732482910156 253.72579956054688 528.894567489624 253.72579956054688 528.894567489624 335.08998107910156 498.6732482910156 335.08998107910156
500.94012451171875 260.07952880859375 528.4271945953369 260.07952880859375 528.4271945953369 330.55284881591797 500.94012451171875 330.55284881591797
498.4139099121094 255.88644409179688 527.8976860046387 255.88644409179688 527.8976860046387 334.18738555908203 498.4139099121094 334.18738555908203
499.080078125 262.2033996582031 524.8372402191162 262.2033996582031 524.8372402191162 327.17205810546875 499.080078125 327.17205810546875
499.4253845214844 263.2538146972656 525.9083404541016 263.2538146972656 525.9083404541016 328.18919372558594 499.4253845214844 328.18919372558594
499.61065673828125 263.3445129394531 526.4236335754395 263.3445129394531 526.4236335754395 329.80662536621094 499.61065673828125 329.80662536621094
499.57293701171875 262.8885498046875 526.5641841888428 262.8885498046875 526.5641841888428 328.9644470214844 499.57293701171875 328.9644470214844
500.91583251953125 267.26739501953125 527.5673274993896 267.26739501953125 527.5673274993896 329.91092681884766 500.91583251953125 329.91092681884766
518.1573486328125 261.5935974121094 547.7635288238525 261.5935974121094 547.7635288238525 329.05430603027344 518.1573486328125 329.05430603027344
528.3704833984375 265.52032470703125 558.5024318695068 265.52032470703125 558.5024318695068 332.66786193847656 528.3704833984375 332.66786193847656
540.1934204101562 266.22845458984375 569.7960758209229 266.22845458984375 569.7960758209229 334.4875030517578 540.1934204101562 334.4875030517578
543.1705322265625 266.4310302734375 572.0464420318604 266.4310302734375 572.0464420318604 333.3496856689453 543.1705322265625 333.3496856689453
544.4130249023438 267.59893798828125 572.115650177002 267.59893798828125 572.115650177002 333.14212799072266 544.4130249023438 333.14212799072266
543.958984375 266.2347717285156 572.7869873046875 266.2347717285156 572.7869873046875 332.14332580566406 543.958984375 332.14332580566406
544.78564453125 266.58837890625 573.7340545654297 266.58837890625 573.7340545654297 332.0237350463867 544.78564453125 332.0237350463867
544.345703125 268.2627868652344 572.8296012878418 268.2627868652344 572.8296012878418 333.8662796020508 544.345703125 333.8662796020508
545.9185791015625 267.86480712890625 574.5541744232178 267.86480712890625 574.5541744232178 333.8830795288086 545.9185791015625 333.8830795288086
544.8194580078125 266.0278015136719 574.6573238372803 266.0278015136719 574.6573238372803 332.7676239013672 544.8194580078125 332.7676239013672
544.320068359375 268.02899169921875 572.7920322418213 268.02899169921875 572.7920322418213 332.2752685546875 544.320068359375 332.2752685546875
544.7916870117188 264.756591796875 573.0057621002197 264.756591796875 573.0057621002197 330.6646957397461 544.7916870117188 330.6646957397461
543.7205200195312 263.90899658203125 572.3924446105957 263.90899658203125 572.3924446105957 331.0317153930664 543.7205200195312 331.0317153930664
544.2342529296875 263.10968017578125 573.9968776702881 263.10968017578125 573.9968776702881 331.6194610595703 544.2342529296875 331.6194610595703
543.1040649414062 266.37762451171875 572.2635955810547 266.37762451171875 572.2635955810547 332.4250717163086 543.1040649414062 332.4250717163086
543.1822509765625 264.50762939453125 573.5812015533447 264.50762939453125 573.5812015533447 331.5603485107422 543.1822509765625 331.5603485107422
543.2943725585938 266.61785888671875 572.9298858642578 266.61785888671875 572.9298858642578 333.6165008544922 543.2943725585938 333.6165008544922
543.7493286132812 263.8851318359375 574.0837802886963 263.8851318359375 574.0837802886963 332.12001037597656 543.7493286132812 332.12001037597656
542.6271362304688 266.4510192871094 573.0257358551025 266.4510192871094 573.0257358551025 332.53426361083984 542.6271362304688 332.53426361083984
543.0853271484375 267.13360595703125 572.8033390045166 267.13360595703125 572.8033390045166 333.25245666503906 543.0853271484375 333.25245666503906
545.0415649414062 265.62298583984375 574.3079223632812 265.62298583984375 574.3079223632812 333.35440826416016 545.0415649414062 333.35440826416016
543.67138671875 264.3705139160156 572.4815521240234 264.3705139160156 572.4815521240234 332.72520446777344 543.67138671875 332.72520446777344
542.7992553710938 265.1173400878906 570.5554466247559 265.1173400878906 570.5554466247559 331.4911422729492 542.7992553710938 331.4911422729492
542.8035888671875 256.21441650390625 573.9365787506104 256.21441650390625 573.9365787506104 337.47389221191406 542.8035888671875 337.47389221191406
545.3119506835938 263.6175842285156 573.6248664855957 263.6175842285156 573.6248664855957 333.04358673095703 545.3119506835938 333.04358673095703
543.4539184570312 263.76617431640625 572.2737884521484 263.76617431640625 572.2737884521484 331.8384246826172 543.4539184570312 331.8384246826172
542.71337890625 265.93927001953125 571.3690910339355 265.93927001953125 571.3690910339355 331.77613067626953 542.71337890625 331.77613067626953
543.6761474609375 262.6380310058594 573.3397827148438 262.6380310058594 573.3397827148438 333.92185974121094 543.6761474609375 333.92185974121094
544.5845947265625 267.08856201171875 573.4329986572266 267.08856201171875 573.4329986572266 333.0724868774414 544.5845947265625 333.0724868774414
544.2346801757812 265.60906982421875 574.5803413391113 265.60906982421875 574.5803413391113 333.0741882324219 544.2346801757812 333.0741882324219
543.5736083984375 267.2718505859375 573.7902584075928 267.2718505859375 573.7902584075928 333.6912078857422 543.5736083984375 333.6912078857422
542.9664916992188 267.77056884765625 573.0103359222412 267.77056884765625 573.0103359222412 333.2013168334961 542.9664916992188 333.2013168334961
543.5852661132812 266.75006103515625 574.3441219329834 266.75006103515625 574.3441219329834 333.2759246826172 543.5852661132812 333.2759246826172
541.8992309570312 266.7040100097656 572.6752433776855 266.7040100097656 572.6752433776855 332.83026123046875 541.8992309570312 332.83026123046875
542.4029541015625 267.27825927734375 572.7014808654785 267.27825927734375 572.7014808654785 332.8104705810547 542.4029541015625 332.8104705810547
543.8045654296875 268.5471496582031 572.1138801574707 268.5471496582031 572.1138801574707 332.8918228149414 543.8045654296875 332.8918228149414
544.7260131835938 267.251953125 573.0114898681641 267.251953125 573.0114898681641 333.3615264892578 544.7260131835938 333.3615264892578
543.8873291015625 265.95513916015625 571.5986595153809 265.95513916015625 571.5986595153809 331.77799224853516 543.8873291015625 331.77799224853516
543.8638916015625 268.5501403808594 570.7815093994141 268.5501403808594 570.7815093994141 332.4054985046387 543.8638916015625 332.4054985046387
544.6002807617188 267.1816711425781 571.7132930755615 267.1816711425781 571.7132930755615 332.0960235595703 544.6002807617188 332.0960235595703
545.9885864257812 267.79486083984375 573.5696048736572 267.79486083984375 573.5696048736572 333.3421325683594 545.9885864257812 333.3421325683594
544.3098754882812 264.5044860839844 572.3008480072021 264.5044860839844 572.3008480072021 330.7130889892578 544.3098754882812 330.7130889892578
544.3746337890625 267.9244689941406 572.8164005279541 267.9244689941406 572.8164005279541 333.16593170166016 544.3746337890625 333.16593170166016
543.9148559570312 269.66680908203125 572.2079467773438 269.66680908203125 572.2079467773438 333.8115692138672 543.9148559570312 333.8115692138672
544.01513671875 269.40728759765625 573.0046577453613 269.40728759765625 573.0046577453613 334.5038604736328 544.01513671875 334.5038604736328
542.8378295898438 267.0392150878906 572.2013053894043 267.0392150878906 572.2013053894043 332.37610626220703 542.8378295898438 332.37610626220703
543.08935546875 268.7250671386719 572.3516693115234 268.7250671386719 572.3516693115234 332.64408111572266 543.08935546875 332.64408111572266
543.9246215820312 271.18682861328125 572.2008457183838 271.18682861328125 572.2008457183838 334.5262985229492 543.9246215820312 334.5262985229492
543.8137817382812 268.4530334472656 573.556224822998 268.4530334472656 573.556224822998 334.02561950683594 543.8137817382812 334.02561950683594
543.141357421875 267.6293029785156 572.8671607971191 267.6293029785156 572.8671607971191 333.4075012207031 543.141357421875 333.4075012207031
542.8603515625 269.973388671875 571.702709197998 269.973388671875 571.702709197998 333.63985443115234 542.8603515625 333.63985443115234
542.8751220703125 271.75927734375 570.7568759918213 271.75927734375 570.7568759918213 334.03067779541016 542.8751220703125 334.03067779541016
544.29345703125 270.65777587890625 573.6978549957275 270.65777587890625 573.6978549957275 335.4334487915039 544.29345703125 335.4334487915039
542.42333984375 267.70550537109375 572.6652431488037 267.70550537109375 572.6652431488037 332.5064392089844 542.42333984375 332.5064392089844
542.2568359375 269.2743225097656 571.8519248962402 269.2743225097656 571.8519248962402 332.96024322509766 542.2568359375 332.96024322509766
543.3463134765625 270.85211181640625 572.5720977783203 270.85211181640625 572.5720977783203 334.0760078430176 543.3463134765625 334.0760078430176
542.526611328125 268.34344482421875 572.7751560211182 268.34344482421875 572.7751560211182 332.98438262939453 542.526611328125 332.98438262939453
542.0535888671875 268.3514099121094 572.9436225891113 268.3514099121094 572.9436225891113 334.19032287597656 542.0535888671875 334.19032287597656
541.3292236328125 268.53741455078125 572.0852088928223 268.53741455078125 572.0852088928223 333.1911087036133 541.3292236328125 333.1911087036133
543.2559814453125 270.49627685546875 573.2090663909912 270.49627685546875 573.2090663909912 335.02779388427734 543.2559814453125 335.02779388427734
543.2555541992188 269.56463623046875 573.674825668335 269.56463623046875 573.674825668335 334.9725799560547 543.2555541992188 334.9725799560547
541.4805908203125 268.0154724121094 571.7503604888916 268.0154724121094 571.7503604888916 332.6953811645508 541.4805908203125 332.6953811645508
541.4979248046875 269.98614501953125 570.8128547668457 269.98614501953125 570.8128547668457 332.98604583740234 541.4979248046875 332.98604583740234
542.5684814453125 269.45159912109375 572.5885963439941 269.45159912109375 572.5885963439941 334.2960968017578 542.5684814453125 334.2960968017578
544.1097412109375 270.3733825683594 574.6671752929688 270.3733825683594 574.6671752929688 335.76808166503906 544.1097412109375 335.76808166503906
542.14111328125 268.7790832519531 572.5450553894043 268.7790832519531 572.5450553894043 333.53790283203125 542.14111328125 333.53790283203125
541.54150390625 269.76849365234375 570.9291877746582 269.76849365234375 570.9291877746582 332.27473068237305 541.54150390625 332.27473068237305
542.7806396484375 268.61187744140625 573.0162963867188 268.61187744140625 573.0162963867188 334.02660369873047 542.7806396484375 334.02660369873047
543.8731079101562 270.2579650878906 573.5962982177734 270.2579650878906 573.5962982177734 335.56748962402344 543.8731079101562 335.56748962402344
541.9813232421875 268.44580078125 572.1780204772949 268.44580078125 572.1780204772949 333.5650329589844 541.9813232421875 333.5650329589844
541.7238159179688 270.2641296386719 571.5226440429688 270.2641296386719 571.5226440429688 333.9256896972656 541.7238159179688 333.9256896972656
543.197509765625 270.7191467285156 573.0120544433594 270.7191467285156 573.0120544433594 334.5022506713867 543.197509765625 334.5022506713867
