513.0 257.0 621.0 257.0 621.0 466.0 513.0 466.0
513.1032104492188 259.7376403808594 621.0134124755859 259.7376403808594 621.0134124755859 466.93141174316406 513.1032104492188 466.93141174316406
512.8245849609375 259.80108642578125 621.3333282470703 259.80108642578125 621.3333282470703 467.7281799316406 512.8245849609375 467.7281799316406
510.5619201660156 257.6305847167969 618.6989440917969 257.6305847167969 618.6989440917969 465.7679443359375 510.5619201660156 465.7679443359375
511.02435302734375 256.75518798828125 618.9611663818359 256.75518798828125 618.9611663818359 464.9316711425781 511.02435302734375 464.9316711425781
511.3136291503906 255.3399200439453 619.0214767456055 255.3399200439453 619.0214767456055 463.6086730957031 511.3136291503906 463.6086730957031
511.82147216796875 256.2799377441406 618.7776260375977 256.2799377441406 618.7776260375977 463.7226867675781 511.82147216796875 463.7226867675781
511.8202209472656 256.3500061035156 618.4858322143555 256.3500061035156 618.4858322143555 463.8052520751953 511.8202209472656 463.8052520751953
511.71954345703125 254.3640594482422 616.5169219970703 254.3640594482422 616.5169219970703 461.3505859375 511.71954345703125 461.3505859375
513.8530883789062 257.8949890136719 617.7625274658203 257.8949890136719 617.7625274658203 458.9789733886719 513.8530883789062 458.9789733886719
512.4450073242188 258.1126708984375 616.3384399414062 258.1126708984375 616.3384399414062 463.5030517578125 512.4450073242188 463.5030517578125
512.838623046875 257.394287109375 617.2832870483398 257.394287109375 617.2832870483398 463.7690887451172 512.838623046875 463.7690887451172
513.7785034179688 255.2108612060547 615.8393096923828 255.2108612060547 615.8393096923828 466.6129913330078 513.7785034179688 466.6129913330078
511.20208740234375 253.36978149414062 615.1075057983398 253.36978149414062 615.1075057983398 463.874755859375 511.20208740234375 463.874755859375
513.0827026367188 253.46530151367188 617.3209609985352 253.46530151367188 617.3209609985352 462.1876678466797 513.0827026367188 462.1876678466797
513.3629150390625 254.13839721679688 616.0955657958984 254.13839721679688 616.0955657958984 464.1141052246094 513.3629150390625 464.1141052246094
509.71826171875 254.021240234375 612.8632965087891 254.021240234375 612.8632965087891 464.1766357421875 509.71826171875 464.1766357421875
513.6021728515625 252.4117889404297 614.2300872802734 252.4117889404297 614.2300872802734 467.4500274658203 513.6021728515625 467.4500274658203
512.6151733398438 252.81484985351562 614.1434936523438 252.81484985351562 614.1434936523438 466.2473449707031 512.6151733398438 466.2473449707031
513.7229614257812 254.19760131835938 614.5622406005859 254.19760131835938 614.5622406005859 466.12249755859375 513.7229614257812 466.12249755859375
512.4154663085938 254.4288787841797 613.9734191894531 254.4288787841797 613.9734191894531 465.3623046875 512.4154663085938 465.3623046875
515.1813354492188 253.8874053955078 615.1872406005859 253.8874053955078 615.1872406005859 466.0467834472656 515.1813354492188 466.0467834472656
513.4281005859375 255.6551055908203 615.7733001708984 255.6551055908203 615.7733001708984 465.7414093017578 513.4281005859375 465.7414093017578
512.6205444335938 255.9566650390625 617.4702987670898 255.9566650390625 617.4702987670898 460.7964172363281 512.6205444335938 460.7964172363281
516.25 256.31494140625 620.3406753540039 256.31494140625 620.3406753540039 460.9645690917969 516.25 460.9645690917969
512.5418701171875 256.3380126953125 617.8790512084961 256.3380126953125 617.8790512084961 462.2312469482422 512.5418701171875 462.2312469482422
512.0765380859375 256.7755432128906 618.0122222900391 256.7755432128906 618.0122222900391 463.56829833984375 512.0765380859375 463.56829833984375
513.9432373046875 255.6230926513672 619.9287719726562 255.6230926513672 619.9287719726562 459.8683776855469 513.9432373046875 459.8683776855469
512.5084838867188 256.4862976074219 618.9483261108398 256.4862976074219 618.9483261108398 461.07862854003906 512.5084838867188 461.07862854003906
514.631591796875 258.2867431640625 620.0676422119141 258.2867431640625 620.0676422119141 461.8818664550781 514.631591796875 461.8818664550781
512.8165283203125 256.2691955566406 618.4670791625977 256.2691955566406 618.4670791625977 462.4618682861328 512.8165283203125 462.4618682861328
514.0118408203125 254.8728790283203 619.4665985107422 254.8728790283203 619.4665985107422 458.43487548828125 514.0118408203125 458.43487548828125
514.5768432617188 256.83453369140625 620.8306503295898 256.83453369140625 620.8306503295898 463.72984313964844 514.5768432617188 463.72984313964844
515.5115966796875 255.99386596679688 622.2886352539062 255.99386596679688 622.2886352539062 463.0707244873047 515.5115966796875 463.0707244873047
516.2562255859375 256.1717834472656 621.626220703125 256.1717834472656 621.626220703125 461.14231872558594 516.2562255859375 461.14231872558594
516.4264526367188 257.84503173828125 623.1707153320312 257.84503173828125 623.1707153320312 463.01344299316406 516.4264526367188 463.01344299316406
516.6427612304688 259.0540771484375 622.6306762695312 259.0540771484375 622.6306762695312 462.3841247558594 516.6427612304688 462.3841247558594
515.3243408203125 257.7071228027344 623.1686630249023 257.7071228027344 623.1686630249023 465.2713317871094 515.3243408203125 465.2713317871094
513.8790283203125 258.6072998046875 623.3516845703125 258.6072998046875 623.3516845703125 465.7843933105469 513.8790283203125 465.7843933105469
512.3898315429688 256.8768615722656 621.6615447998047 256.8768615722656 621.6615447998047 463.14154052734375 512.3898315429688 463.14154052734375
512.073486328125 257.5652160644531 621.3261566162109 257.5652160644531 621.3261566162109 463.38084411621094 512.073486328125 463.38084411621094
512.1808471679688 256.79705810546875 619.9205780029297 256.79705810546875 619.9205780029297 462.24749755859375 512.1808471679688 462.24749755859375
513.2593994140625 255.9141082763672 620.1900024414062 255.9141082763672 620.1900024414062 460.8159637451172 513.2593994140625 460.8159637451172
513.1677856445312 259.36737060546875 618.2249603271484 259.36737060546875 618.2249603271484 462.49366760253906 513.1677856445312 462.49366760253906
511.42767333984375 261.56549072265625 616.8189468383789 261.56549072265625 616.8189468383789 465.5171661376953 511.42767333984375 465.5171661376953
515.1589965820312 259.16583251953125 620.6374740600586 259.16583251953125 620.6374740600586 463.28627014160156 515.1589965820312 463.28627014160156
515.2476806640625 257.0638732910156 620.5100936889648 257.0638732910156 620.5100936889648 459.9819793701172 515.2476806640625 459.9819793701172
514.8786010742188 258.2982482910156 621.3383636474609 258.2982482910156 621.3383636474609 464.281494140625 514.8786010742188 464.281494140625
516.6408081054688 255.7372283935547 622.93310546875 255.7372283935547 622.93310546875 461.7906494140625 516.6408081054688 461.7906494140625
515.1271362304688 254.43057250976562 621.4969940185547 254.43057250976562 621.4969940185547 459.72735595703125 515.1271362304688 459.72735595703125
513.8938598632812 257.4337463378906 619.9242706298828 257.4337463378906 619.9242706298828 465.46575927734375 513.8938598632812 465.46575927734375
515.28466796875 255.7909698486328 621.1928558349609 255.7909698486328 621.1928558349609 461.23973083496094 515.28466796875 461.23973083496094
516.3793334960938 258.6307373046875 623.2129135131836 258.6307373046875 623.2129135131836 465.4623260498047 516.3793334960938 465.4623260498047
514.3726196289062 256.80755615234375 621.1842269897461 256.80755615234375 621.1842269897461 462.9541931152344 514.3726196289062 462.9541931152344
518.2230224609375 259.89776611328125 625.2557220458984 259.89776611328125 625.2557220458984 464.34010314941406 518.2230224609375 464.34010314941406
517.0556030273438 261.3280334472656 624.8030242919922 261.3280334472656 624.8030242919922 466.09068298339844 517.0556030273438 466.09068298339844
518.0803833007812 259.89691162109375 626.100830078125 259.89691162109375 626.100830078125 464.85040283203125 518.0803833007812 464.85040283203125
519.9302978515625 260.8184509277344 627.2858123779297 260.8184509277344 627.2858123779297 465.21697998046875 519.9302978515625 465.21697998046875
519.364990234375 262.79913330078125 629.0333404541016 262.79913330078125 629.0333404541016 465.3540954589844 519.364990234375 465.3540954589844
519.32275390625 259.88543701171875 628.3025741577148 259.88543701171875 628.3025741577148 463.6311950683594 519.32275390625 463.6311950683594
521.2813720703125 258.69854736328125 628.1447982788086 258.69854736328125 628.1447982788086 462.6195373535156 521.2813720703125 462.6195373535156
521.2522583007812 260.90863037109375 629.2984771728516 260.90863037109375 629.2984771728516 463.1777648925781 521.2522583007812 463.1777648925781
520.252197265625 258.1219787597656 625.6386260986328 258.1219787597656 625.6386260986328 459.363525390625 520.252197265625 459.363525390625
523.6348266601562 260.6272277832031 628.7109375 260.6272277832031 628.7109375 462.0059509277344 523.6348266601562 462.0059509277344
523.50537109375 257.27508544921875 627.8326263427734 257.27508544921875 627.8326263427734 459.1678466796875 523.50537109375 459.1678466796875
522.13720703125 257.2520751953125 629.1099700927734 257.2520751953125 629.1099700927734 460.4291076660156 522.13720703125 460.4291076660156
525.2887573242188 261.7371520996094 631.3929214477539 261.7371520996094 631.3929214477539 464.7488250732422 525.2887573242188 464.7488250732422
523.3934326171875 259.4259033203125 628.6496124267578 259.4259033203125 628.6496124267578 461.76348876953125 523.3934326171875 461.76348876953125
525.864013671875 262.0719299316406 631.5772857666016 262.0719299316406 631.5772857666016 462.41221618652344 525.864013671875 462.41221618652344
523.3811645507812 256.4146423339844 630.0914916992188 256.4146423339844 630.0914916992188 460.71575927734375 523.3811645507812 460.71575927734375
521.507568359375 260.28668212890625 628.4290542602539 260.28668212890625 628.4290542602539 465.22808837890625 521.507568359375 465.22808837890625
523.9095458984375 259.41180419921875 629.2762832641602 259.41180419921875 629.2762832641602 462.1656951904297 523.9095458984375 462.1656951904297
526.3667602539062 259.89898681640625 631.2846069335938 259.89898681640625 631.2846069335938 461.47772216796875 526.3667602539062 461.47772216796875
523.0935668945312 255.51123046875 629.4144668579102 255.51123046875 629.4144668579102 459.2268829345703 523.0935668945312 459.2268829345703
522.0128784179688 259.70703125 628.0634002685547 259.70703125 628.0634002685547 461.0256805419922 522.0128784179688 461.0256805419922
521.7211303710938 260.030517578125 627.3621673583984 260.030517578125 627.3621673583984 460.7605438232422 521.7211303710938 460.7605438232422
524.1904296875 258.1218566894531 627.6400146484375 258.1218566894531 627.6400146484375 458.3160858154297 524.1904296875 458.3160858154297
518.8361206054688 258.84893798828125 621.8428955078125 258.84893798828125 621.8428955078125 458.1862487792969 518.8361206054688 458.1862487792969
522.2571411132812 257.57550048828125 625.0458984375 257.57550048828125 625.0458984375 456.4909210205078 522.2571411132812 456.4909210205078
524.6046752929688 262.86456298828125 627.0868301391602 262.86456298828125 627.0868301391602 461.18663024902344 524.6046752929688 461.18663024902344
526.3927001953125 263.2120056152344 628.4237365722656 263.2120056152344 628.4237365722656 460.66107177734375 526.3927001953125 460.66107177734375
524.2470092773438 261.60345458984375 627.5776519775391 261.60345458984375 627.5776519775391 461.5675048828125 524.2470092773438 461.5675048828125
524.782958984375 257.08343505859375 628.6201171875 257.08343505859375 628.6201171875 457.1614074707031 524.782958984375 457.1614074707031
520.2823486328125 258.3284606933594 625.3663787841797 258.3284606933594 625.3663787841797 461.27484130859375 520.2823486328125 461.27484130859375
522.2107543945312 260.70294189453125 626.6226348876953 260.70294189453125 626.6226348876953 462.9200439453125 522.2107543945312 462.9200439453125
520.3262939453125 257.2666320800781 625.0426406860352 257.2666320800781 625.0426406860352 458.5486145019531 520.3262939453125 458.5486145019531
523.2156982421875 260.61895751953125 626.6436920166016 260.61895751953125 626.6436920166016 460.73655700683594 523.2156982421875 460.73655700683594
521.9365844726562 260.97613525390625 624.7428588867188 260.97613525390625 624.7428588867188 459.9254150390625 521.9365844726562 459.9254150390625
520.36572265625 260.97967529296875 622.0348663330078 260.97967529296875 622.0348663330078 457.7283935546875 520.36572265625 457.7283935546875
517.7535400390625 257.0072937011719 620.2707901000977 257.0072937011719 620.2707901000977 455.3972625732422 517.7535400390625 455.3972625732422
521.5491943359375 262.0035400390625 625.3627090454102 262.0035400390625 625.3627090454102 462.9020080566406 521.5491943359375 462.9020080566406
519.8948364257812 260.82257080078125 624.6563568115234 260.82257080078125 624.6563568115234 463.55560302734375 519.8948364257812 463.55560302734375
518.7395629882812 260.09173583984375 625.1210174560547 260.09173583984375 625.1210174560547 464.0061950683594 518.7395629882812 464.0061950683594
520.2600708007812 259.10284423828125 624.3636856079102 259.10284423828125 624.3636856079102 460.5627136230469 520.2600708007812 460.5627136230469
516.1044921875 259.32647705078125 622.4279174804688 259.32647705078125 622.4279174804688 464.21783447265625 516.1044921875 464.21783447265625
516.4339599609375 260.1332702636719 624.3112564086914 260.1332702636719 624.3112564086914 466.39752197265625 516.4339599609375 466.39752197265625
516.1282958984375 258.8193054199219 622.4188461303711 258.8193054199219 622.4188461303711 464.0441589355469 516.1282958984375 464.0441589355469
516.1541137695312 260.41363525390625 621.9084854125977 260.41363525390625 621.9084854125977 465.4642639160156 516.1541137695312 465.4642639160156
517.1799926757812 260.4251403808594 621.8440780639648 260.4251403808594 621.8440780639648 466.8497772216797 517.1799926757812 466.8497772216797
514.5562744140625 257.28668212890625 619.9701995849609 257.28668212890625 619.9701995849609 462.57627868652344 514.5562744140625 462.57627868652344
515.3720092773438 256.29931640625 620.3140029907227 256.29931640625 620.3140029907227 464.3248291015625 515.3720092773438 464.3248291015625
517.4432983398438 252.97354125976562 622.3855361938477 252.97354125976562 622.3855361938477 460.7512969970703 517.4432983398438 460.7512969970703
517.8355712890625 249.74343872070312 620.3210601806641 249.74343872070312 620.3210601806641 460.4351806640625 517.8355712890625 460.4351806640625
517.8860473632812 249.77188110351562 619.9210662841797 249.77188110351562 619.9210662841797 458.17388916015625 517.8860473632812 458.17388916015625
517.70166015625 250.56448364257812 619.9256820678711 250.56448364257812 619.9256820678711 459.2591857910156 517.70166015625 459.2591857910156
519.0074462890625 251.66757202148438 622.8669052124023 251.66757202148438 622.8669052124023 462.5378875732422 519.0074462890625 462.5378875732422
516.4405517578125 253.6461639404297 620.5619735717773 253.6461639404297 620.5619735717773 464.9737091064453 516.4405517578125 464.9737091064453
519.0269775390625 253.984619140625 620.8255386352539 253.984619140625 620.8255386352539 466.8569641113281 519.0269775390625 466.8569641113281
517.5261840820312 258.04705810546875 619.3955230712891 258.04705810546875 619.3955230712891 469.45716857910156 517.5261840820312 469.45716857910156
518.4666137695312 258.88934326171875 620.0282974243164 258.88934326171875 620.0282974243164 465.91261291503906 518.4666137695312 465.91261291503906
519.5462646484375 258.32598876953125 619.5366516113281 258.32598876953125 619.5366516113281 467.7464904785156 519.5462646484375 467.7464904785156
519.4310913085938 258.22137451171875 619.635627746582 258.22137451171875 619.635627746582 466.23052978515625 519.4310913085938 466.23052978515625
519.2728271484375 256.374267578125 619.3432846069336 256.374267578125 619.3432846069336 466.1179656982422 519.2728271484375 466.1179656982422
519.3798217773438 258.09698486328125 619.9157485961914 258.09698486328125 619.9157485961914 465.7568054199219 519.3798217773438 465.7568054199219
519.2825927734375 257.8728942871094 620.2429351806641 257.8728942871094 620.2429351806641 462.3216552734375 519.2825927734375 462.3216552734375
518.0484619140625 257.7129821777344 618.4658355712891 257.7129821777344 618.4658355712891 461.99285888671875 518.0484619140625 461.99285888671875
520.1046752929688 257.11334228515625 620.2336959838867 257.11334228515625 620.2336959838867 465.06556701660156 520.1046752929688 465.06556701660156
519.3043212890625 258.4600524902344 619.8659439086914 258.4600524902344 619.8659439086914 464.98097229003906 519.3043212890625 464.98097229003906
519.6298828125 258.3729553222656 620.0678787231445 258.3729553222656 620.0678787231445 465.2370147705078 519.6298828125 465.2370147705078
519.3702392578125 258.75616455078125 619.5792694091797 258.75616455078125 619.5792694091797 462.8824005126953 519.3702392578125 462.8824005126953
519.0374755859375 257.1947937011719 619.4599456787109 257.1947937011719 619.4599456787109 462.4337158203125 519.0374755859375 462.4337158203125
520.0476684570312 257.9676818847656 620.5393295288086 257.9676818847656 620.5393295288086 461.5088348388672 520.0476684570312 461.5088348388672
517.2099609375 261.4446105957031 618.6417388916016 261.4446105957031 618.6417388916016 461.24754333496094 517.2099609375 461.24754333496094
519.3587646484375 259.7297058105469 620.6170349121094 259.7297058105469 620.6170349121094 462.4465637207031 519.3587646484375 462.4465637207031
519.32666015625 257.51690673828125 619.6865005493164 257.51690673828125 619.6865005493164 461.3426208496094 519.32666015625 461.3426208496094
521.1849975585938 258.98101806640625 620.3361740112305 258.98101806640625 620.3361740112305 463.0447998046875 521.1849975585938 463.0447998046875
522.415283203125 257.0597229003906 621.3199081420898 257.0597229003906 621.3199081420898 464.2755889892578 522.415283203125 464.2755889892578
523.1558837890625 260.1617126464844 622.618782043457 260.1617126464844 622.618782043457 464.754150390625 523.1558837890625 464.754150390625
524.0225830078125 259.4262390136719 621.890495300293 259.4262390136719 621.890495300293 463.61183166503906 524.0225830078125 463.61183166503906
524.95654296875 259.1120300292969 623.047248840332 259.1120300292969 623.047248840332 463.4114990234375 524.95654296875 463.4114990234375
525.5137939453125 261.58447265625 624.0098724365234 261.58447265625 624.0098724365234 464.0218200683594 525.5137939453125 464.0218200683594
527.1165771484375 261.834228515625 624.1052856445312 261.834228515625 624.1052856445312 462.6454772949219 527.1165771484375 462.6454772949219
527.4771118164062 261.1233215332031 624.3229217529297 261.1233215332031 624.3229217529297 462.8161163330078 527.4771118164062 462.8161163330078
528.05029296875 262.62518310546875 624.7108764648438 262.62518310546875 624.7108764648438 461.9344177246094 528.05029296875 461.9344177246094
527.8251342773438 263.74017333984375 625.6682434082031 263.74017333984375 625.6682434082031 462.71046447753906 527.8251342773438 462.71046447753906
529.1176147460938 261.3385009765625 624.9417572021484 261.3385009765625 624.9417572021484 462.365966796875 529.1176147460938 462.365966796875
528.772705078125 264.8715515136719 624.7875442504883 264.8715515136719 624.7875442504883 463.3655548095703 528.772705078125 463.3655548095703
530.6256713867188 263.04534912109375 625.1001129150391 263.04534912109375 625.1001129150391 463.39793395996094 530.6256713867188 463.39793395996094
530.4878540039062 264.32940673828125 623.7767105102539 264.32940673828125 623.7767105102539 464.5951232910156 530.4878540039062 464.5951232910156
530.2156372070312 264.7950134277344 623.2126312255859 264.7950134277344 623.2126312255859 464.9390869140625 530.2156372070312 464.9390869140625
530.55419921875 265.9742431640625 622.6464691162109 265.9742431640625 622.6464691162109 464.09405517578125 530.55419921875 464.09405517578125
530.7493896484375 265.84222412109375 623.2287750244141 265.84222412109375 623.2287750244141 463.35479736328125 530.7493896484375 463.35479736328125
529.8612670898438 264.45062255859375 621.8586196899414 264.45062255859375 621.8586196899414 463.56134033203125 529.8612670898438 463.56134033203125
529.3172607421875 266.7662048339844 620.8776397705078 266.7662048339844 620.8776397705078 462.0050048828125 529.3172607421875 462.0050048828125
528.4308471679688 266.7535400390625 620.8183059692383 266.7535400390625 620.8183059692383 461.2418975830078 528.4308471679688 461.2418975830078
526.4285278320312 267.820068359375 619.7822647094727 267.820068359375 619.7822647094727 459.4291229248047 526.4285278320312 459.4291229248047
526.6049194335938 271.4960021972656 619.2531356811523 271.4960021972656 619.2531356811523 460.4269561767578 526.6049194335938 460.4269561767578
525.3345336914062 272.5792236328125 620.4488754272461 272.5792236328125 620.4488754272461 459.42161560058594 525.3345336914062 459.42161560058594
521.7509765625 268.9188232421875 618.5140609741211 268.9188232421875 618.5140609741211 456.6368713378906 521.7509765625 456.6368713378906
521.916015625 266.9517517089844 617.6807632446289 266.9517517089844 617.6807632446289 455.6885528564453 521.916015625 455.6885528564453
521.9979248046875 269.0577697753906 619.3357162475586 269.0577697753906 619.3357162475586 458.96092224121094 521.9979248046875 458.96092224121094
522.3294677734375 264.9410095214844 618.8554153442383 264.9410095214844 618.8554153442383 456.73406982421875 522.3294677734375 456.73406982421875
520.2938232421875 266.16436767578125 615.5539093017578 266.16436767578125 615.5539093017578 450.51048278808594 520.2938232421875 450.51048278808594
520.6798706054688 272.69549560546875 615.0133819580078 272.69549560546875 615.0133819580078 455.2485046386719 520.6798706054688 455.2485046386719
519.2023315429688 269.90545654296875 614.6073150634766 269.90545654296875 614.6073150634766 454.53196716308594 519.2023315429688 454.53196716308594
522.1514892578125 272.3831481933594 616.8376922607422 272.3831481933594 616.8376922607422 455.61866760253906 522.1514892578125 455.61866760253906
520.4884033203125 277.1043395996094 613.7602233886719 277.1043395996094 613.7602233886719 458.8323059082031 520.4884033203125 458.8323059082031
521.1110229492188 276.0672607421875 613.9264907836914 276.0672607421875 613.9264907836914 459.3994445800781 521.1110229492188 459.3994445800781
520.4520263671875 274.57080078125 614.0640487670898 274.57080078125 614.0640487670898 457.55540466308594 520.4520263671875 457.55540466308594
519.8360595703125 274.7890319824219 611.0785598754883 274.7890319824219 611.0785598754883 454.09877014160156 519.8360595703125 454.09877014160156
518.0321044921875 278.5842590332031 610.7594451904297 278.5842590332031 610.7594451904297 458.0290069580078 518.0321044921875 458.0290069580078
513.5296630859375 272.57989501953125 607.4092636108398 272.57989501953125 607.4092636108398 456.70225524902344 513.5296630859375 456.70225524902344
514.7637939453125 267.4816589355469 606.9828796386719 267.4816589355469 606.9828796386719 454.16937255859375 514.7637939453125 454.16937255859375
512.9456787109375 277.6014404296875 605.9081802368164 277.6014404296875 605.9081802368164 457.9627227783203 512.9456787109375 457.9627227783203
509.10595703125 275.13409423828125 601.8712844848633 275.13409423828125 601.8712844848633 454.73663330078125 509.10595703125 454.73663330078125
510.77471923828125 274.11322021484375 603.5813980102539 274.11322021484375 603.5813980102539 453.4225158691406 510.77471923828125 453.4225158691406
507.3350524902344 275.7122497558594 601.4480743408203 275.7122497558594 601.4480743408203 457.8385467529297 507.3350524902344 457.8385467529297
507.55877685546875 274.16253662109375 602.3899688720703 274.16253662109375 602.3899688720703 460.5272216796875 507.55877685546875 460.5272216796875
504.34356689453125 278.3845520019531 599.8059921264648 278.3845520019531 599.8059921264648 464.22801208496094 504.34356689453125 464.22801208496094
501.7704162597656 279.26312255859375 596.4740447998047 279.26312255859375 596.4740447998047 462.9198303222656 501.7704162597656 462.9198303222656
500.80108642578125 276.17840576171875 593.6825103759766 276.17840576171875 593.6825103759766 458.18955993652344 500.80108642578125 458.18955993652344
499.88385009765625 271.8795166015625 591.6162338256836 271.8795166015625 591.6162338256836 454.8795166015625 499.88385009765625 454.8795166015625
500.02264404296875 272.89984130859375 588.1403961181641 272.89984130859375 588.1403961181641 454.90892028808594 500.02264404296875 454.90892028808594
500.10791015625 273.56671142578125 588.107551574707 273.56671142578125 588.107551574707 451.31590270996094 500.10791015625 451.31590270996094
498.20550537109375 275.2483825683594 586.6224670410156 275.2483825683594 586.6224670410156 450.51678466796875 498.20550537109375 450.51678466796875
496.1919860839844 280.50689697265625 584.1739120483398 280.50689697265625 584.1739120483398 456.4685363769531 496.1919860839844 456.4685363769531
494.01666259765625 281.470458984375 581.2870254516602 281.470458984375 581.2870254516602 450.35491943359375 494.01666259765625 450.35491943359375
491.20684814453125 285.4352722167969 579.3463363647461 285.4352722167969 579.3463363647461 456.0016784667969 491.20684814453125 456.0016784667969
492.9764709472656 284.7391357421875 580.4645690917969 284.7391357421875 580.4645690917969 454.0449676513672 492.9764709472656 454.0449676513672
489.384033203125 286.21539306640625 577.0494918823242 286.21539306640625 577.0494918823242 455.8644714355469 489.384033203125 455.8644714355469
488.5990295410156 292.7879333496094 575.597412109375 292.7879333496094 575.597412109375 461.14610290527344 488.5990295410156 461.14610290527344
488.13067626953125 284.26446533203125 575.5199966430664 284.26446533203125 575.5199966430664 453.3791809082031 488.13067626953125 453.3791809082031
489.59649658203125 288.59063720703125 575.1411590576172 288.59063720703125 575.1411590576172 454.1355895996094 489.59649658203125 454.1355895996094
492.3590393066406 288.8533935546875 576.7843780517578 288.8533935546875 576.7843780517578 452.23223876953125 492.3590393066406 452.23223876953125
492.710693359375 291.49993896484375 576.8476104736328 291.49993896484375 576.8476104736328 454.3206481933594 492.710693359375 454.3206481933594
491.36395263671875 293.31939697265625 573.8800811767578 293.31939697265625 573.8800811767578 453.0035705566406 491.36395263671875 453.0035705566406
487.2567443847656 291.3390808105469 571.2035598754883 291.3390808105469 571.2035598754883 453.79188537597656 487.2567443847656 453.79188537597656
489.97802734375 293.09490966796875 573.1113510131836 293.09490966796875 573.1113510131836 453.97344970703125 489.97802734375 453.97344970703125
489.24566650390625 293.51434326171875 571.8266448974609 293.51434326171875 571.8266448974609 453.32398986816406 489.24566650390625 453.32398986816406
490.6494140625 295.83294677734375 571.8953018188477 295.83294677734375 571.8953018188477 453.0589294433594 490.6494140625 453.0589294433594
488.9820861816406 296.1153869628906 570.9950714111328 296.1153869628906 570.9950714111328 454.82586669921875 488.9820861816406 454.82586669921875
487.4649353027344 293.03875732421875 568.2932281494141 293.03875732421875 568.2932281494141 449.4566345214844 487.4649353027344 449.4566345214844
488.75616455078125 294.20440673828125 570.5815887451172 294.20440673828125 570.5815887451172 452.5519104003906 488.75616455078125 452.5519104003906
486.1790466308594 295.5415954589844 567.9868927001953 295.5415954589844 567.9868927001953 453.85508728027344 486.1790466308594 453.85508728027344
484.333984375 289.7291259765625 566.4571380615234 289.7291259765625 566.4571380615234 448.6528015136719 484.333984375 448.6528015136719
485.2286071777344 289.63787841796875 567.3668518066406 289.63787841796875 567.3668518066406 448.59075927734375 485.2286071777344 448.59075927734375
485.41778564453125 289.269775390625 567.902717590332 289.269775390625 567.902717590332 448.8935546875 485.41778564453125 448.8935546875
485.9849548339844 288.2210388183594 567.8093032836914 288.2210388183594 567.8093032836914 446.56646728515625 485.9849548339844 446.56646728515625
486.7046813964844 290.28118896484375 569.2352447509766 290.28118896484375 569.2352447509766 449.99330139160156 486.7046813964844 449.99330139160156
482.98248291015625 290.2071533203125 567.5313339233398 290.2071533203125 567.5313339233398 453.8250427246094 482.98248291015625 453.8250427246094
485.0931091308594 287.50079345703125 569.1118316650391 287.50079345703125 569.1118316650391 450.09278869628906 485.0931091308594 450.09278869628906
483.5364685058594 289.40826416015625 566.9035568237305 289.40826416015625 566.9035568237305 450.7392272949219 483.5364685058594 450.7392272949219
485.75396728515625 290.17681884765625 569.1470565795898 290.17681884765625 569.1470565795898 451.55810546875 485.75396728515625 451.55810546875
488.4365234375 287.97052001953125 571.9068069458008 287.97052001953125 571.9068069458008 449.5011901855469 488.4365234375 449.5011901855469
482.5769958496094 287.7991943359375 566.2583236694336 287.7991943359375 566.2583236694336 449.73828125 482.5769958496094 449.73828125
483.8358459472656 292.9858703613281 567.2237548828125 292.9858703613281 567.2237548828125 454.3571319580078 483.8358459472656 454.3571319580078
488.56982421875 289.83599853515625 571.4293060302734 289.83599853515625 571.4293060302734 450.1846618652344 488.56982421875 450.1846618652344
483.8314514160156 286.1260070800781 567.4254913330078 286.1260070800781 567.4254913330078 447.89617919921875 483.8314514160156 447.89617919921875
482.6477966308594 284.28692626953125 567.8386993408203 284.28692626953125 567.8386993408203 449.1473388671875 482.6477966308594 449.1473388671875
481.908447265625 281.6461486816406 566.7608489990234 281.6461486816406 566.7608489990234 445.85150146484375 481.908447265625 445.85150146484375
483.4989318847656 279.98480224609375 568.7915725708008 279.98480224609375 568.7915725708008 445.0420837402344 483.4989318847656 445.0420837402344
482.8265075683594 281.74237060546875 567.7093353271484 281.74237060546875 567.7093353271484 446.00657653808594 482.8265075683594 446.00657653808594
485.79791259765625 279.89007568359375 571.7674102783203 279.89007568359375 571.7674102783203 446.2572021484375 485.79791259765625 446.2572021484375
494.640869140625 281.0451965332031 580.6968231201172 281.0451965332031 580.6968231201172 447.5796203613281 494.640869140625 447.5796203613281
495.49981689453125 279.9511413574219 582.9483032226562 279.9511413574219 582.9483032226562 449.1803741455078 495.49981689453125 449.1803741455078
498.5606994628906 280.04620361328125 586.712776184082 280.04620361328125 586.712776184082 450.6369934082031 498.5606994628906 450.6369934082031
501.88482666015625 284.6605529785156 591.3693542480469 284.6605529785156 591.3693542480469 457.8298797607422 501.88482666015625 457.8298797607422
503.5 276.3455810546875 595.8891754150391 276.3455810546875 595.8891754150391 455.1359558105469 503.5 455.1359558105469
505.6839294433594 276.737548828125 598.3100433349609 276.737548828125 598.3100433349609 455.9864501953125 505.6839294433594 455.9864501953125
512.1718139648438 270.7071838378906 606.1351623535156 270.7071838378906 606.1351623535156 452.54388427734375 512.1718139648438 452.54388427734375
516.4464721679688 265.4002380371094 611.802734375 265.4002380371094 611.802734375 449.93247985839844 516.4464721679688 449.93247985839844
515.7824096679688 261.9077453613281 612.7801818847656 261.9077453613281 612.7801818847656 449.6166076660156 515.7824096679688 449.6166076660156
516.8984985351562 269.41632080078125 614.6891098022461 269.41632080078125 614.6891098022461 456.4404602050781 516.8984985351562 456.4404602050781
518.9265747070312 264.64239501953125 617.1808624267578 264.64239501953125 617.1808624267578 453.1315002441406 518.9265747070312 453.1315002441406
521.2872314453125 264.66204833984375 618.9357757568359 264.66204833984375 618.9357757568359 451.9381561279297 521.2872314453125 451.9381561279297
523.2431640625 258.73455810546875 622.7899627685547 258.73455810546875 622.7899627685547 451.37628173828125 523.2431640625 451.37628173828125
524.9650268554688 265.9118347167969 623.2860717773438 265.9118347167969 623.2860717773438 456.18150329589844 524.9650268554688 456.18150329589844
526.0922241210938 261.27764892578125 623.6031494140625 261.27764892578125 623.6031494140625 449.9795837402344 526.0922241210938 449.9795837402344
533.2388916015625 270.9881896972656 630.7558975219727 270.9881896972656 630.7558975219727 456.44920349121094 533.2388916015625 456.44920349121094
540.6109619140625 265.8022155761719 637.4098052978516 265.8022155761719 637.4098052978516 453.12615966796875 540.6109619140625 453.12615966796875
544.766357421875 266.95587158203125 640.6260375976562 266.95587158203125 640.6260375976562 452.46234130859375 544.766357421875 452.46234130859375
547.1661987304688 264.664794921875 642.5306167602539 264.664794921875 642.5306167602539 449.21282958984375 547.1661987304688 449.21282958984375
552.0667724609375 265.20489501953125 645.49951171875 265.20489501953125 645.49951171875 446.01475524902344 552.0667724609375 446.01475524902344
559.0632934570312 264.89501953125 652.5998992919922 264.89501953125 652.5998992919922 445.9058837890625 559.0632934570312 445.9058837890625
559.8286743164062 266.2276306152344 655.6582489013672 266.2276306152344 655.6582489013672 451.67579650878906 559.8286743164062 451.67579650878906
562.2726440429688 263.48907470703125 660.2465667724609 263.48907470703125 660.2465667724609 453.0869598388672 562.2726440429688 453.0869598388672
563.4813232421875 266.0806579589844 662.2301406860352 266.0806579589844 662.2301406860352 457.17811584472656 563.4813232421875 457.17811584472656
574.24560546875 259.6439514160156 674.3437042236328 259.6439514160156 674.3437042236328 453.3525390625 574.24560546875 453.3525390625
580.2958984375 253.416748046875 680.4424285888672 253.416748046875 680.4424285888672 447.2190856933594 580.2958984375 447.2190856933594
592.8355712890625 259.9845275878906 695.2211685180664 259.9845275878906 695.2211685180664 458.119873046875 592.8355712890625 458.119873046875
602.8953247070312 265.92608642578125 706.7537384033203 265.92608642578125 706.7537384033203 466.91160583496094 602.8953247070312 466.91160583496094
612.159423828125 264.2381896972656 716.7038955688477 264.2381896972656 716.7038955688477 466.55137634277344 612.159423828125 466.55137634277344
613.6087036132812 256.0966796875 721.0597763061523 256.0966796875 721.0597763061523 464.0346984863281 613.6087036132812 464.0346984863281
615.3789672851562 251.7480010986328 724.5708160400391 251.7480010986328 724.5708160400391 463.0547332763672 615.3789672851562 463.0547332763672
626.453369140625 254.5633087158203 735.7283477783203 254.5633087158203 735.7283477783203 465.3240509033203 626.453369140625 465.3240509033203
632.1681518554688 254.5094757080078 739.98876953125 254.5094757080078 739.98876953125 462.5805206298828 632.1681518554688 462.5805206298828
636.3114013671875 254.91543579101562 743.4739608764648 254.91543579101562 743.4739608764648 460.1865997314453 636.3114013671875 460.1865997314453
641.2689208984375 250.6466064453125 748.9288787841797 250.6466064453125 748.9288787841797 457.9839782714844 641.2689208984375 457.9839782714844
645.6070556640625 253.4130401611328 753.3974761962891 253.4130401611328 753.3974761962891 458.3551330566406 645.6070556640625 458.3551330566406
646.1279296875 251.53857421875 754.0959091186523 251.53857421875 754.0959091186523 460.4768981933594 646.1279296875 460.4768981933594
659.5469970703125 253.3017120361328 767.5508270263672 253.3017120361328 767.5508270263672 463.651611328125 659.5469970703125 463.651611328125
669.8276977539062 252.3364715576172 778.2054061889648 252.3364715576172 778.2054061889648 464.6860809326172 669.8276977539062 464.6860809326172
673.9059448242188 253.38522338867188 782.4111938476562 253.38522338867188 782.4111938476562 461.5706787109375 673.9059448242188 461.5706787109375
676.7068481445312 251.9096221923828 786.7236557006836 251.9096221923828 786.7236557006836 462.6011962890625 676.7068481445312 462.6011962890625
680.9161376953125 245.03262329101562 790.6037139892578 245.03262329101562 790.6037139892578 454.66827392578125 680.9161376953125 454.66827392578125
689.0003662109375 243.10818481445312 796.3974761962891 243.10818481445312 796.3974761962891 450.9417266845703 689.0003662109375 450.9417266845703
694.3357543945312 242.13546752929688 800.2434921264648 242.13546752929688 800.2434921264648 447.08680725097656 694.3357543945312 447.08680725097656
701.1280517578125 242.1837921142578 807.9739761352539 242.1837921142578 807.9739761352539 448.9507141113281 701.1280517578125 448.9507141113281
708.4029541015625 240.34359741210938 816.1275253295898 240.34359741210938 816.1275253295898 448.81085205078125 708.4029541015625 448.81085205078125
716.7076416015625 245.9501495361328 823.8126678466797 245.9501495361328 823.8126678466797 453.2184600830078 716.7076416015625 453.2184600830078
719.3357543945312 246.5966796875 827.0424041748047 246.5966796875 827.0424041748047 455.0292510986328 719.3357543945312 455.0292510986328
721.0255126953125 248.30972290039062 828.27001953125 248.30972290039062 828.27001953125 455.84796142578125 721.0255126953125 455.84796142578125
727.409423828125 247.83895874023438 834.7293243408203 247.83895874023438 834.7293243408203 455.5231170654297 727.409423828125 455.5231170654297
736.0531005859375 254.5198211669922 843.9056396484375 254.5198211669922 843.9056396484375 463.2347106933594 736.0531005859375 463.2347106933594
754.1964721679688 259.4212951660156 861.7192535400391 259.4212951660156 861.7192535400391 467.498046875 754.1964721679688 467.498046875
753.46044921875 260.8357238769531 862.8357315063477 260.8357238769531 862.8357315063477 472.4973907470703 753.46044921875 472.4973907470703
772.8006591796875 246.13916015625 884.6084213256836 246.13916015625 884.6084213256836 462.5081329345703 772.8006591796875 462.5081329345703
774.0277099609375 260.7044677734375 886.8080673217773 260.7044677734375 886.8080673217773 478.9555969238281 774.0277099609375 478.9555969238281
768.613525390625 241.4219207763672 884.0335083007812 241.4219207763672 884.0335083007812 464.7812042236328 768.613525390625 464.7812042236328
772.9814453125 245.5133514404297 888.0369415283203 245.5133514404297 888.0369415283203 468.1672821044922 772.9814453125 468.1672821044922
752.5762939453125 229.3606719970703 867.2407073974609 229.3606719970703 867.2407073974609 451.25779724121094 752.5762939453125 451.25779724121094
762.2025146484375 232.97402954101562 875.7485809326172 232.97402954101562 875.7485809326172 452.7069396972656 762.2025146484375 452.7069396972656
780.5921020507812 256.160400390625 893.2657623291016 256.160400390625 893.2657623291016 474.2050476074219 780.5921020507812 474.2050476074219
759.7278442382812 244.46408081054688 871.2218856811523 244.46408081054688 871.2218856811523 460.2259521484375 759.7278442382812 460.2259521484375
773.7560424804688 250.510009765625 886.3852691650391 250.510009765625 886.3852691650391 468.4686737060547 773.7560424804688 468.4686737060547
767.2019653320312 242.8404541015625 883.3725357055664 242.8404541015625 883.3725357055664 467.6522674560547 767.2019653320312 467.6522674560547
777.5509643554688 237.1020965576172 894.0089721679688 237.1020965576172 894.0089721679688 462.4701385498047 777.5509643554688 462.4701385498047
770.4129638671875 235.0424346923828 887.4711456298828 235.0424346923828 887.4711456298828 461.5718994140625 770.4129638671875 461.5718994140625
790.2764892578125 237.3764190673828 908.0546417236328 237.3764190673828 908.0546417236328 465.29917907714844 790.2764892578125 465.29917907714844
791.6570434570312 237.36135864257812 911.2188568115234 237.36135864257812 911.2188568115234 468.73583984375 791.6570434570312 468.73583984375
812.36669921875 230.5253448486328 932.2687606811523 230.5253448486328 932.2687606811523 462.5582733154297 812.36669921875 462.5582733154297
809.732421875 229.30795288085938 929.8193740844727 229.30795288085938 929.8193740844727 466.9150390625 809.732421875 466.9150390625
807.2327880859375 231.8961944580078 930.5237808227539 231.8961944580078 930.5237808227539 470.4873352050781 807.2327880859375 470.4873352050781
785.8299560546875 228.85818481445312 907.4475860595703 228.85818481445312 907.4475860595703 470.69439697265625 785.8299560546875 470.69439697265625
785.2979125976562 223.3057098388672 907.1669082641602 223.3057098388672 907.1669082641602 472.65821838378906 785.2979125976562 472.65821838378906
795.462158203125 216.56954956054688 917.3230819702148 216.56954956054688 917.3230819702148 470.97265625 795.462158203125 470.97265625
778.190673828125 221.9750518798828 903.0271606445312 221.9750518798828 903.0271606445312 474.63330078125 778.190673828125 474.63330078125
779.9363403320312 219.47335815429688 902.7784881591797 219.47335815429688 902.7784881591797 470.99652099609375 779.9363403320312 470.99652099609375
774.3572998046875 217.8666534423828 900.5957183837891 217.8666534423828 900.5957183837891 473.14453125 774.3572998046875 473.14453125
772.0440673828125 218.79733276367188 896.8760604858398 218.79733276367188 896.8760604858398 473.6927947998047 772.0440673828125 473.6927947998047
770.5895385742188 222.6066436767578 896.1800155639648 222.6066436767578 896.1800155639648 474.36497497558594 770.5895385742188 474.36497497558594
772.1019287109375 217.68331909179688 898.8974380493164 217.68331909179688 898.8974380493164 477.2762756347656 772.1019287109375 477.2762756347656
773.9996337890625 216.64804077148438 900.7633285522461 216.64804077148438 900.7633285522461 478.7182922363281 773.9996337890625 478.7182922363281
773.2516479492188 219.2055206298828 901.7238159179688 219.2055206298828 901.7238159179688 481.68540954589844 773.2516479492188 481.68540954589844
773.57275390625 220.1493377685547 901.0476455688477 220.1493377685547 901.0476455688477 483.3007049560547 773.57275390625 483.3007049560547
771.4622802734375 220.7128143310547 896.6505126953125 220.7128143310547 896.6505126953125 483.79185485839844 771.4622802734375 483.79185485839844
770.6541137695312 218.3065948486328 895.2091903686523 218.3065948486328 895.2091903686523 479.13719177246094 770.6541137695312 479.13719177246094
766.5533447265625 222.7046661376953 890.5181732177734 222.7046661376953 890.5181732177734 482.61940002441406 766.5533447265625 482.61940002441406
765.2750854492188 222.1604461669922 887.7254486083984 222.1604461669922 887.7254486083984 481.07557678222656 765.2750854492188 481.07557678222656
765.3463134765625 226.31222534179688 887.6281280517578 226.31222534179688 887.6281280517578 482.5871276855469 765.3463134765625 482.5871276855469
759.8572998046875 227.67074584960938 883.6486358642578 227.67074584960938 883.6486358642578 483.9024963378906 759.8572998046875 483.9024963378906
757.438232421875 223.1142578125 881.3704071044922 223.1142578125 881.3704071044922 480.59234619140625 757.438232421875 480.59234619140625
757.990234375 224.24136352539062 883.2013168334961 224.24136352539062 883.2013168334961 482.8569030761719 757.990234375 482.8569030761719
756.0394897460938 222.68246459960938 881.7002944946289 222.68246459960938 881.7002944946289 479.24334716796875 756.0394897460938 479.24334716796875
755.5166015625 223.35269165039062 882.6175537109375 223.35269165039062 882.6175537109375 480.1731872558594 755.5166015625 480.1731872558594
753.6298828125 222.53158569335938 882.5447082519531 222.53158569335938 882.5447082519531 480.0137939453125 753.6298828125 480.0137939453125
752.4966430664062 219.2758026123047 882.6674652099609 219.2758026123047 882.6674652099609 480.6556854248047 752.4966430664062 480.6556854248047
752.53515625 216.6377410888672 884.4385986328125 216.6377410888672 884.4385986328125 479.19004821777344 752.53515625 479.19004821777344
744.7357177734375 220.0943145751953 879.6641082763672 220.0943145751953 879.6641082763672 482.03956604003906 744.7357177734375 482.03956604003906
751.1190185546875 218.8674774169922 885.6042022705078 218.8674774169922 885.6042022705078 481.08717346191406 751.1190185546875 481.08717346191406
746.2242431640625 217.15518188476562 882.2483367919922 217.15518188476562 882.2483367919922 479.2493896484375 746.2242431640625 479.2493896484375
740.5543823242188 211.82406616210938 880.3796081542969 211.82406616210938 880.3796081542969 479.4666442871094 740.5543823242188 479.4666442871094
750.4163818359375 209.55105590820312 888.3517608642578 209.55105590820312 888.3517608642578 478.1107482910156 750.4163818359375 478.1107482910156
740.0677490234375 209.72286987304688 881.5444030761719 209.72286987304688 881.5444030761719 478.89019775390625 740.0677490234375 478.89019775390625
748.1788330078125 209.55117797851562 885.7914123535156 209.55117797851562 885.7914123535156 474.2662048339844 748.1788330078125 474.2662048339844
760.3502807617188 211.072265625 894.3873901367188 211.072265625 894.3873901367188 477.59307861328125 760.3502807617188 477.59307861328125
770.3644409179688 214.29086303710938 899.5110168457031 214.29086303710938 899.5110168457031 478.5215148925781 770.3644409179688 478.5215148925781
769.0779418945312 214.8434295654297 899.5219268798828 214.8434295654297 899.5219268798828 482.42515563964844 769.0779418945312 482.42515563964844
770.9735107421875 217.0325164794922 901.4909362792969 217.0325164794922 901.4909362792969 480.2475128173828 770.9735107421875 480.2475128173828
780.4085083007812 218.3769073486328 907.1897354125977 218.3769073486328 907.1897354125977 479.9987030029297 780.4085083007812 479.9987030029297
777.5447998046875 219.818359375 907.3196411132812 219.818359375 907.3196411132812 480.97998046875 777.5447998046875 480.97998046875
775.1951293945312 221.95852661132812 905.2674255371094 221.95852661132812 905.2674255371094 479.7989196777344 775.1951293945312 479.7989196777344
776.0672607421875 219.8352813720703 905.1123504638672 219.8352813720703 905.1123504638672 479.91685485839844 776.0672607421875 479.91685485839844
772.3696899414062 219.94198608398438 900.9442291259766 219.94198608398438 900.9442291259766 475.56446838378906 772.3696899414062 475.56446838378906
771.2879638671875 216.996337890625 901.5812530517578 216.996337890625 901.5812530517578 475.9093933105469 771.2879638671875 475.9093933105469
768.5426025390625 220.0811767578125 899.3474731445312 220.0811767578125 899.3474731445312 475.6024627685547 768.5426025390625 475.6024627685547
772.4361572265625 222.1881866455078 902.8896636962891 222.1881866455078 902.8896636962891 476.1451416015625 772.4361572265625 476.1451416015625
767.3424682617188 216.0690155029297 900.4059143066406 216.0690155029297 900.4059143066406 474.33351135253906 767.3424682617188 474.33351135253906
768.4683227539062 219.5513458251953 899.44384765625 219.5513458251953 899.44384765625 475.79319763183594 768.4683227539062 475.79319763183594
769.8563232421875 219.85037231445312 898.8625793457031 219.85037231445312 898.8625793457031 473.07090759277344 769.8563232421875 473.07090759277344
770.9526977539062 221.67626953125 898.6546249389648 221.67626953125 898.6546249389648 471.4512939453125 770.9526977539062 471.4512939453125
774.9500122070312 219.78439331054688 899.9174346923828 219.78439331054688 899.9174346923828 470.79278564453125 774.9500122070312 470.79278564453125
770.9844970703125 220.7820281982422 897.801025390625 220.7820281982422 897.801025390625 471.7396697998047 770.9844970703125 471.7396697998047
771.2877807617188 225.06503295898438 898.7068710327148 225.06503295898438 898.7068710327148 474.46046447753906 771.2877807617188 474.46046447753906
773.8528442382812 221.7614288330078 900.5916595458984 221.7614288330078 900.5916595458984 469.28147888183594 773.8528442382812 469.28147888183594
779.8612060546875 230.4366455078125 902.2676849365234 230.4366455078125 902.2676849365234 472.4585723876953 779.8612060546875 472.4585723876953
779.4821166992188 230.1695098876953 901.7548065185547 230.1695098876953 901.7548065185547 470.0068664550781 779.4821166992188 470.0068664550781
779.4453125 231.27896118164062 903.3771591186523 231.27896118164062 903.3771591186523 470.67071533203125 779.4453125 470.67071533203125
786.3412475585938 226.8068084716797 907.5284805297852 226.8068084716797 907.5284805297852 465.9437255859375 786.3412475585938 465.9437255859375
778.1619873046875 231.1659698486328 898.7907867431641 231.1659698486328 898.7907867431641 469.3629455566406 778.1619873046875 469.3629455566406
759.4949951171875 224.84066772460938 879.7218856811523 224.84066772460938 879.7218856811523 462.71485900878906 759.4949951171875 462.71485900878906
770.8656616210938 229.0764617919922 892.0205230712891 229.0764617919922 892.0205230712891 470.60707092285156 770.8656616210938 470.60707092285156
767.5331420898438 232.75283813476562 891.0799713134766 232.75283813476562 891.0799713134766 475.1934356689453 767.5331420898438 475.1934356689453
782.5684814453125 226.3916473388672 904.5147552490234 226.3916473388672 904.5147552490234 473.4124450683594 782.5684814453125 473.4124450683594
791.948486328125 219.5130615234375 909.584228515625 219.5130615234375 909.584228515625 470.5853576660156 791.948486328125 470.5853576660156
793.62255859375 218.0068817138672 909.6159210205078 218.0068817138672 909.6159210205078 470.4922637939453 793.62255859375 470.4922637939453
789.7393798828125 221.7263946533203 908.0026397705078 221.7263946533203 908.0026397705078 474.358154296875 789.7393798828125 474.358154296875
782.9718017578125 220.20144653320312 902.6337280273438 220.20144653320312 902.6337280273438 477.3852844238281 782.9718017578125 477.3852844238281
766.9645385742188 215.5297393798828 890.2383041381836 215.5297393798828 890.2383041381836 475.47950744628906 766.9645385742188 475.47950744628906
774.0938720703125 217.882568359375 895.1191864013672 217.882568359375 895.1191864013672 477.4873046875 774.0938720703125 477.4873046875
748.7033081054688 217.22265625 875.2884979248047 217.22265625 875.2884979248047 477.0260314941406 748.7033081054688 477.0260314941406
755.5994873046875 216.0003662109375 882.6420135498047 216.0003662109375 882.6420135498047 481.6181945800781 755.5994873046875 481.6181945800781
753.7730712890625 215.39309692382812 880.7893524169922 215.39309692382812 880.7893524169922 481.8743591308594 753.7730712890625 481.8743591308594
753.4169311523438 215.4685516357422 880.1416473388672 215.4685516357422 880.1416473388672 483.4834442138672 753.4169311523438 483.4834442138672
753.7064208984375 215.1816864013672 879.9264755249023 215.1816864013672 879.9264755249023 483.93165588378906 753.7064208984375 483.93165588378906
752.2926635742188 213.24722290039062 879.6956558227539 213.24722290039062 879.6956558227539 484.3289489746094 752.2926635742188 484.3289489746094
754.7830810546875 213.5509796142578 882.1414413452148 213.5509796142578 882.1414413452148 486.69056701660156 754.7830810546875 486.69056701660156
754.52587890625 210.88174438476562 880.4717178344727 210.88174438476562 880.4717178344727 486.3658447265625 754.52587890625 486.3658447265625
753.4715576171875 211.103271484375 877.8961944580078 211.103271484375 877.8961944580078 484.94989013671875 753.4715576171875 484.94989013671875
754.0066528320312 211.21023559570312 879.6114120483398 211.21023559570312 879.6114120483398 486.0550231933594 754.0066528320312 486.0550231933594
756.4064331054688 210.74948120117188 880.3504257202148 210.74948120117188 880.3504257202148 485.2873840332031 756.4064331054688 485.2873840332031
754.8303833007812 212.7823944091797 877.6552886962891 212.7823944091797 877.6552886962891 480.4750213623047 754.8303833007812 480.4750213623047
756.9138793945312 216.4484100341797 877.2067031860352 216.4484100341797 877.2067031860352 478.94444274902344 756.9138793945312 478.94444274902344
763.4629516601562 216.54931640625 883.0513076782227 216.54931640625 883.0513076782227 479.07611083984375 763.4629516601562 479.07611083984375
762.5889282226562 216.4097442626953 882.1066284179688 216.4097442626953 882.1066284179688 477.5688018798828 762.5889282226562 477.5688018798828
759.7471923828125 218.07675170898438 880.8680038452148 218.07675170898438 880.8680038452148 477.487548828125 759.7471923828125 477.487548828125
767.3563842773438 219.99722290039062 887.7231597900391 219.99722290039062 887.7231597900391 479.19171142578125 767.3563842773438 479.19171142578125
763.720703125 216.7774200439453 884.9881820678711 216.7774200439453 884.9881820678711 475.3457794189453 763.720703125 475.3457794189453
763.3801879882812 214.8233642578125 884.7855682373047 214.8233642578125 884.7855682373047 476.7856140136719 763.3801879882812 476.7856140136719
763.0086669921875 214.68344116210938 884.9428939819336 214.68344116210938 884.9428939819336 480.1937255859375 763.0086669921875 480.1937255859375
767.3495483398438 212.5177001953125 887.6549224853516 212.5177001953125 887.6549224853516 477.8197021484375 767.3495483398438 477.8197021484375
771.55615234375 210.2848358154297 891.5396881103516 210.2848358154297 891.5396881103516 476.95664978027344 771.55615234375 476.95664978027344
772.2083740234375 210.4556427001953 892.6541748046875 210.4556427001953 892.6541748046875 475.16249084472656 772.2083740234375 475.16249084472656
774.0853881835938 213.7939453125 894.4274139404297 213.7939453125 894.4274139404297 474.63958740234375 774.0853881835938 474.63958740234375
774.2720947265625 210.6104736328125 895.9873428344727 210.6104736328125 895.9873428344727 474.34112548828125 774.2720947265625 474.34112548828125
777.1930541992188 214.2962646484375 898.2273788452148 214.2962646484375 898.2273788452148 473.5963134765625 777.1930541992188 473.5963134765625
780.4434814453125 215.58132934570312 900.0018692016602 215.58132934570312 900.0018692016602 474.9100036621094 780.4434814453125 474.9100036621094
781.7144775390625 216.6303253173828 900.7708740234375 216.6303253173828 900.7708740234375 473.74464416503906 781.7144775390625 473.74464416503906
780.160400390625 216.4284210205078 899.2518081665039 216.4284210205078 899.2518081665039 472.5293731689453 780.160400390625 472.5293731689453
785.3387451171875 219.9651336669922 902.7527618408203 219.9651336669922 902.7527618408203 470.8769073486328 785.3387451171875 470.8769073486328
782.046630859375 219.25381469726562 903.2444686889648 219.25381469726562 903.2444686889648 471.06280517578125 782.046630859375 471.06280517578125
778.4368896484375 218.5276336669922 901.9114532470703 218.5276336669922 901.9114532470703 469.4868621826172 778.4368896484375 469.4868621826172
777.6036376953125 220.2966766357422 902.6804809570312 220.2966766357422 902.6804809570312 468.4570770263672 777.6036376953125 468.4570770263672
779.2491455078125 220.153076171875 905.9299926757812 220.153076171875 905.9299926757812 472.0334930419922 779.2491455078125 472.0334930419922
779.1359252929688 221.18252563476562 904.7469482421875 221.18252563476562 904.7469482421875 468.37176513671875 779.1359252929688 468.37176513671875
775.3084716796875 215.1187744140625 901.9352645874023 215.1187744140625 901.9352645874023 467.3443603515625 775.3084716796875 467.3443603515625
777.5845947265625 218.7742156982422 901.8208236694336 218.7742156982422 901.8208236694336 468.29615783691406 777.5845947265625 468.29615783691406
780.0760498046875 222.2508087158203 903.4183807373047 222.2508087158203 903.4183807373047 466.3712615966797 780.0760498046875 466.3712615966797
776.2589721679688 219.82083129882812 900.6681365966797 219.82083129882812 900.6681365966797 464.7304992675781 776.2589721679688 464.7304992675781
777.7010498046875 217.6088104248047 903.9411468505859 217.6088104248047 903.9411468505859 464.0133056640625 777.7010498046875 464.0133056640625
774.2109375 227.27236938476562 899.5301132202148 227.27236938476562 899.5301132202148 469.78826904296875 774.2109375 469.78826904296875
777.1262817382812 224.20199584960938 899.4462661743164 224.20199584960938 899.4462661743164 460.9139099121094 777.1262817382812 460.9139099121094
776.11181640625 225.7319793701172 897.8095703125 225.7319793701172 897.8095703125 461.23976135253906 776.11181640625 461.23976135253906
774.28857421875 229.18557739257812 894.6175537109375 229.18557739257812 894.6175537109375 464.49786376953125 774.28857421875 464.49786376953125
774.8274536132812 225.8145294189453 895.4175567626953 225.8145294189453 895.4175567626953 459.1787872314453 774.8274536132812 459.1787872314453
773.2459716796875 221.39932250976562 892.4573822021484 221.39932250976562 892.4573822021484 452.09556579589844 773.2459716796875 452.09556579589844
777.642578125 224.81063842773438 896.5557403564453 224.81063842773438 896.5557403564453 454.9296875 777.642578125 454.9296875
777.1378173828125 226.158203125 896.0230102539062 226.158203125 896.0230102539062 456.2231140136719 777.1378173828125 456.2231140136719
776.1666259765625 225.8837432861328 895.1044769287109 225.8837432861328 895.1044769287109 456.050537109375 776.1666259765625 456.050537109375
776.2984619140625 222.70413208007812 895.9181671142578 222.70413208007812 895.9181671142578 454.1904296875 776.2984619140625 454.1904296875
771.4232177734375 221.76693725585938 891.2615356445312 221.76693725585938 891.2615356445312 453.67628479003906 771.4232177734375 453.67628479003906
776.380615234375 224.6578826904297 895.9589614868164 224.6578826904297 895.9589614868164 456.0641632080078 776.380615234375 456.0641632080078
773.915771484375 222.849853515625 896.8030166625977 222.849853515625 896.8030166625977 460.6594696044922 773.915771484375 460.6594696044922
772.9489135742188 225.73281860351562 893.2398223876953 225.73281860351562 893.2398223876953 458.5180206298828 772.9489135742188 458.5180206298828
771.0792236328125 228.6548614501953 891.013916015625 228.6548614501953 891.013916015625 460.75071716308594 771.0792236328125 460.75071716308594
770.7276611328125 227.7757110595703 891.9436416625977 227.7757110595703 891.9436416625977 462.3511047363281 770.7276611328125 462.3511047363281
771.509765625 227.11410522460938 892.8904647827148 227.11410522460938 892.8904647827148 462.0082702636719 771.509765625 462.0082702636719
768.9085083007812 226.2384796142578 890.6509628295898 226.2384796142578 890.6509628295898 461.83274841308594 768.9085083007812 461.83274841308594
772.4388427734375 223.55191040039062 895.7215805053711 223.55191040039062 895.7215805053711 462.1269073486328 772.4388427734375 462.1269073486328
774.1981811523438 225.55868530273438 896.4804458618164 225.55868530273438 896.4804458618164 462.19757080078125 774.1981811523438 462.19757080078125
768.5656127929688 222.38497924804688 892.2644271850586 222.38497924804688 892.2644271850586 466.0393981933594 768.5656127929688 466.0393981933594
771.3952026367188 221.76480102539062 897.4592895507812 221.76480102539062 897.4592895507812 471.63311767578125 771.3952026367188 471.63311767578125
772.0396728515625 224.44021606445312 895.9149169921875 224.44021606445312 895.9149169921875 469.84580993652344 772.0396728515625 469.84580993652344
765.630859375 225.2445831298828 890.1892547607422 225.2445831298828 890.1892547607422 468.9031219482422 765.630859375 468.9031219482422
770.7156372070312 222.2557830810547 894.8641128540039 222.2557830810547 894.8641128540039 468.283935546875 770.7156372070312 468.283935546875
770.8590087890625 220.3307342529297 893.4622344970703 220.3307342529297 893.4622344970703 467.6493682861328 770.8590087890625 467.6493682861328
773.3316650390625 223.3802947998047 896.2653350830078 223.3802947998047 896.2653350830078 466.8421630859375 773.3316650390625 466.8421630859375
768.4146728515625 224.5785369873047 892.0619964599609 224.5785369873047 892.0619964599609 468.2646942138672 768.4146728515625 468.2646942138672
772.5028686523438 219.72900390625 895.7455062866211 219.72900390625 895.7455062866211 471.6905975341797 772.5028686523438 471.6905975341797
769.8505859375 221.58938598632812 894.3138580322266 221.58938598632812 894.3138580322266 468.82342529296875 769.8505859375 468.82342529296875
770.5806884765625 222.8955841064453 895.8020172119141 222.8955841064453 895.8020172119141 469.0523223876953 770.5806884765625 469.0523223876953
771.8232421875 220.21310424804688 894.6126556396484 220.21310424804688 894.6126556396484 466.919677734375 771.8232421875 466.919677734375
772.0910034179688 221.02334594726562 894.9179840087891 221.02334594726562 894.9179840087891 468.28814697265625 772.0910034179688 468.28814697265625
769.1563720703125 222.1787872314453 892.2571258544922 222.1787872314453 892.2571258544922 466.34080505371094 769.1563720703125 466.34080505371094
769.5263671875 226.8526611328125 892.4177398681641 226.8526611328125 892.4177398681641 466.7631378173828 769.5263671875 466.7631378173828
769.4149169921875 224.09701538085938 891.9916000366211 224.09701538085938 891.9916000366211 467.35009765625 769.4149169921875 467.35009765625
770.28759765625 220.31787109375 894.8967132568359 220.31787109375 894.8967132568359 464.8080596923828 770.28759765625 464.8080596923828
770.5942993164062 220.4125213623047 894.5437240600586 220.4125213623047 894.5437240600586 471.1531524658203 770.5942993164062 471.1531524658203
770.2125244140625 220.4797821044922 895.6934432983398 220.4797821044922 895.6934432983398 471.1199645996094 770.2125244140625 471.1199645996094
771.498779296875 221.3268585205078 895.9273681640625 221.3268585205078 895.9273681640625 471.4960479736328 771.498779296875 471.4960479736328
769.9180297851562 224.3187255859375 896.5992889404297 224.3187255859375 896.5992889404297 472.9861602783203 769.9180297851562 472.9861602783203
771.3539428710938 225.2539825439453 896.6758880615234 225.2539825439453 896.6758880615234 474.2377166748047 771.3539428710938 474.2377166748047
769.9630126953125 225.2169647216797 895.8765106201172 225.2169647216797 895.8765106201172 473.47706604003906 769.9630126953125 473.47706604003906
766.3540649414062 226.39187622070312 892.2700576782227 226.39187622070312 892.2700576782227 474.29937744140625 766.3540649414062 474.29937744140625
765.748046875 227.7827606201172 892.0017852783203 227.7827606201172 892.0017852783203 475.0840759277344 765.748046875 475.0840759277344
763.2175903320312 230.6156005859375 890.2008209228516 230.6156005859375 890.2008209228516 479.1784973144531 763.2175903320312 479.1784973144531
761.0197143554688 232.55258178710938 889.0919494628906 232.55258178710938 889.0919494628906 480.3433532714844 761.0197143554688 480.3433532714844
757.69873046875 231.2799530029297 884.1315078735352 231.2799530029297 884.1315078735352 475.95094299316406 757.69873046875 475.95094299316406
761.7569580078125 226.14535522460938 886.5140762329102 226.14535522460938 886.5140762329102 469.13641357421875 761.7569580078125 469.13641357421875
761.1192626953125 231.0537109375 883.8013916015625 231.0537109375 883.8013916015625 470.1797332763672 761.1192626953125 470.1797332763672
760.5843505859375 230.1039581298828 884.0523834228516 230.1039581298828 884.0523834228516 472.1448974609375 760.5843505859375 472.1448974609375
754.9124145507812 226.76220703125 878.3705673217773 226.76220703125 878.3705673217773 471.9728698730469 754.9124145507812 471.9728698730469
756.5831298828125 227.93081665039062 881.1546401977539 227.93081665039062 881.1546401977539 472.75645446777344 756.5831298828125 472.75645446777344
759.0306396484375 226.18832397460938 882.9744415283203 226.18832397460938 882.9744415283203 471.4546356201172 759.0306396484375 471.4546356201172
757.005615234375 228.53695678710938 881.6915664672852 228.53695678710938 881.6915664672852 469.8275146484375 757.005615234375 469.8275146484375
749.9061279296875 230.68698120117188 872.157470703125 230.68698120117188 872.157470703125 467.26612854003906 749.9061279296875 467.26612854003906
755.9043579101562 226.0998992919922 876.1916656494141 226.0998992919922 876.1916656494141 458.8782653808594 755.9043579101562 458.8782653808594
757.8460693359375 224.1366729736328 877.3851165771484 224.1366729736328 877.3851165771484 455.46702575683594 757.8460693359375 455.46702575683594
752.4066772460938 216.8524932861328 874.54345703125 216.8524932861328 874.54345703125 453.20994567871094 752.4066772460938 453.20994567871094
753.5968017578125 211.2258758544922 876.0870208740234 211.2258758544922 876.0870208740234 448.2673034667969 753.5968017578125 448.2673034667969
750.93701171875 207.35757446289062 872.4928359985352 207.35757446289062 872.4928359985352 442.5907745361328 750.93701171875 442.5907745361328
750.960693359375 209.4801025390625 871.4137954711914 209.4801025390625 871.4137954711914 442.5793151855469 750.960693359375 442.5793151855469
754.9468994140625 209.14111328125 875.3132171630859 209.14111328125 875.3132171630859 442.0723876953125 754.9468994140625 442.0723876953125
748.9453735351562 211.90615844726562 869.2584838867188 211.90615844726562 869.2584838867188 444.7344512939453 748.9453735351562 444.7344512939453
749.6268310546875 209.7205047607422 870.6616821289062 209.7205047607422 870.6616821289062 443.9455108642578 749.6268310546875 443.9455108642578
749.00390625 212.1807403564453 869.6334838867188 212.1807403564453 869.6334838867188 445.6214599609375 749.00390625 445.6214599609375
758.2415771484375 213.6864013671875 878.4504165649414 213.6864013671875 878.4504165649414 446.3129119873047 758.2415771484375 446.3129119873047
757.660888671875 213.5159912109375 879.8032379150391 213.5159912109375 879.8032379150391 449.8842010498047 757.660888671875 449.8842010498047
762.667724609375 217.5392608642578 881.6239166259766 217.5392608642578 881.6239166259766 447.7416534423828 762.667724609375 447.7416534423828
761.9061279296875 223.2577362060547 879.8759002685547 223.2577362060547 879.8759002685547 451.5512237548828 761.9061279296875 451.5512237548828
765.69189453125 225.08755493164062 882.3389739990234 225.08755493164062 882.3389739990234 450.82139587402344 765.69189453125 450.82139587402344
766.7301025390625 229.0343780517578 883.6535034179688 229.0343780517578 883.6535034179688 455.30296325683594 766.7301025390625 455.30296325683594
768.2093505859375 228.73193359375 883.7652587890625 228.73193359375 883.7652587890625 452.3541717529297 768.2093505859375 452.3541717529297
767.4519653320312 227.7589569091797 883.5048675537109 227.7589569091797 883.5048675537109 452.3429718017578 767.4519653320312 452.3429718017578
767.49560546875 225.80014038085938 883.7672729492188 225.80014038085938 883.7672729492188 450.80751037597656 767.49560546875 450.80751037597656
769.9513549804688 227.15414428710938 887.5722045898438 227.15414428710938 887.5722045898438 454.7724304199219 769.9513549804688 454.7724304199219
771.6445922851562 227.7235565185547 888.8524169921875 227.7235565185547 888.8524169921875 457.4013214111328 771.6445922851562 457.4013214111328
767.0748291015625 230.08200073242188 884.1738128662109 230.08200073242188 884.1738128662109 456.69036865234375 767.0748291015625 456.69036865234375
763.5093994140625 226.7889862060547 881.0003433227539 226.7889862060547 881.0003433227539 460.1744079589844 763.5093994140625 460.1744079589844
771.7664184570312 226.4993133544922 890.2028656005859 226.4993133544922 890.2028656005859 459.1418151855469 771.7664184570312 459.1418151855469
772.9111328125 226.96908569335938 890.2719345092773 226.96908569335938 890.2719345092773 454.08412170410156 772.9111328125 454.08412170410156
773.4940795898438 224.591064453125 891.7644271850586 224.591064453125 891.7644271850586 453.4662322998047 773.4940795898438 453.4662322998047
772.8922119140625 227.0001220703125 891.0414428710938 227.0001220703125 891.0414428710938 455.6409149169922 772.8922119140625 455.6409149169922
771.92724609375 225.6107940673828 888.5582504272461 225.6107940673828 888.5582504272461 459.6172180175781 771.92724609375 459.6172180175781
768.8973999023438 228.76541137695312 885.9255828857422 228.76541137695312 885.9255828857422 455.23680114746094 768.8973999023438 455.23680114746094
764.9505615234375 234.40744018554688 882.3985443115234 234.40744018554688 882.3985443115234 461.69122314453125 764.9505615234375 461.69122314453125
773.0462036132812 232.45211791992188 888.8649139404297 232.45211791992188 888.8649139404297 456.5829772949219 773.0462036132812 456.5829772949219
771.4503173828125 230.0005645751953 888.9093780517578 230.0005645751953 888.9093780517578 457.3058166503906 771.4503173828125 457.3058166503906
772.2353515625 229.5690155029297 889.7970733642578 229.5690155029297 889.7970733642578 460.4463348388672 772.2353515625 460.4463348388672
768.8069458007812 234.2596893310547 887.7616577148438 234.2596893310547 887.7616577148438 464.4593200683594 768.8069458007812 464.4593200683594
770.0704956054688 232.431640625 889.4011459350586 232.431640625 889.4011459350586 463.3587951660156 770.0704956054688 463.3587951660156
769.4351806640625 227.66976928710938 889.1712799072266 227.66976928710938 889.1712799072266 459.38153076171875 769.4351806640625 459.38153076171875
768.1784057617188 231.1740264892578 889.2117919921875 231.1740264892578 889.2117919921875 465.3962860107422 768.1784057617188 465.3962860107422
765.7139892578125 229.279296875 887.9140167236328 229.279296875 887.9140167236328 465.7592315673828 765.7139892578125 465.7592315673828
768.6170654296875 226.5313262939453 888.3724136352539 226.5313262939453 888.3724136352539 461.0252685546875 768.6170654296875 461.0252685546875
769.28759765625 228.5482940673828 891.7468490600586 228.5482940673828 891.7468490600586 465.5298614501953 769.28759765625 465.5298614501953
768.956787109375 228.24124145507812 890.9471817016602 228.24124145507812 890.9471817016602 466.89891052246094 768.956787109375 466.89891052246094
767.314697265625 226.7275390625 890.0962295532227 226.7275390625 890.0962295532227 464.3327941894531 767.314697265625 464.3327941894531
770.4446411132812 228.6665802001953 894.5602416992188 228.6665802001953 894.5602416992188 471.6376037597656 770.4446411132812 471.6376037597656
773.1248779296875 222.18380737304688 896.0170440673828 222.18380737304688 896.0170440673828 473.4625701904297 773.1248779296875 473.4625701904297
774.4024658203125 221.3843231201172 896.5901260375977 221.3843231201172 896.5901260375977 476.2584991455078 774.4024658203125 476.2584991455078
774.4290771484375 219.9705047607422 895.6212005615234 219.9705047607422 895.6212005615234 475.625732421875 774.4290771484375 475.625732421875
772.2828369140625 221.18893432617188 896.6347198486328 221.18893432617188 896.6347198486328 475.3548278808594 772.2828369140625 475.3548278808594
774.7737426757812 224.0287322998047 897.9398574829102 224.0287322998047 897.9398574829102 479.71046447753906 774.7737426757812 479.71046447753906
773.7263793945312 222.89541625976562 897.1695175170898 222.89541625976562 897.1695175170898 478.09124755859375 773.7263793945312 478.09124755859375
774.6466064453125 226.55001831054688 896.5833129882812 226.55001831054688 896.5833129882812 475.84381103515625 774.6466064453125 475.84381103515625
775.2313232421875 228.0585479736328 896.1276092529297 228.0585479736328 896.1276092529297 477.0549774169922 775.2313232421875 477.0549774169922
779.1740112304688 228.18356323242188 896.477783203125 228.18356323242188 896.477783203125 474.49574279785156 779.1740112304688 474.49574279785156
779.5816650390625 228.2010498046875 895.7436141967773 228.2010498046875 895.7436141967773 474.9640808105469 779.5816650390625 474.9640808105469
775.7825927734375 234.35482788085938 893.6414566040039 234.35482788085938 893.6414566040039 476.47511291503906 775.7825927734375 476.47511291503906
779.3284912109375 231.04995727539062 897.0458526611328 231.04995727539062 897.0458526611328 476.57420349121094 779.3284912109375 476.57420349121094
777.6798095703125 231.4448699951172 895.9586181640625 231.4448699951172 895.9586181640625 475.2886962890625 777.6798095703125 475.2886962890625
775.4834594726562 236.860595703125 892.0612182617188 236.860595703125 892.0612182617188 474.1976623535156 775.4834594726562 474.1976623535156
775.5847778320312 237.34243774414062 890.9728622436523 237.34243774414062 890.9728622436523 472.0597229003906 775.5847778320312 472.0597229003906
771.7159423828125 240.0925750732422 886.8185806274414 240.0925750732422 886.8185806274414 472.2239227294922 771.7159423828125 472.2239227294922
764.0521240234375 242.40969848632812 879.5162124633789 242.40969848632812 879.5162124633789 472.74432373046875 764.0521240234375 472.74432373046875
761.4303588867188 243.3148193359375 877.6820526123047 243.3148193359375 877.6820526123047 473.7525634765625 761.4303588867188 473.7525634765625
759.13671875 243.75820922851562 875.1130752563477 243.75820922851562 875.1130752563477 474.0923614501953 759.13671875 474.0923614501953
755.482666015625 243.278076171875 875.0224609375 243.278076171875 875.0224609375 477.0618896484375 755.482666015625 477.0618896484375
748.9505004882812 241.6795654296875 868.7258453369141 241.6795654296875 868.7258453369141 475.0883026123047 748.9505004882812 475.0883026123047
744.4857177734375 242.4016571044922 864.5326080322266 242.4016571044922 864.5326080322266 473.4873046875 744.4857177734375 473.4873046875
742.7139892578125 243.3074188232422 860.8738403320312 243.3074188232422 860.8738403320312 472.0302734375 742.7139892578125 472.0302734375
743.845458984375 239.27529907226562 859.909423828125 239.27529907226562 859.909423828125 466.9692687988281 743.845458984375 466.9692687988281
742.407958984375 240.8589324951172 858.2679824829102 240.8589324951172 858.2679824829102 465.18544006347656 742.407958984375 465.18544006347656
739.5458374023438 242.7356414794922 855.4002304077148 242.7356414794922 855.4002304077148 464.88209533691406 739.5458374023438 464.88209533691406
741.1641845703125 240.6453857421875 855.1386337280273 240.6453857421875 855.1386337280273 462.5973815917969 741.1641845703125 462.5973815917969
739.8522338867188 241.6196746826172 851.8669586181641 241.6196746826172 851.8669586181641 460.7357177734375 739.8522338867188 460.7357177734375
738.7440795898438 244.3695526123047 849.3897552490234 244.3695526123047 849.3897552490234 462.1910858154297 738.7440795898438 462.1910858154297
737.1771850585938 246.71987915039062 847.62060546875 246.71987915039062 847.62060546875 462.14361572265625 737.1771850585938 462.14361572265625
739.68359375 246.0150909423828 847.3724746704102 246.0150909423828 847.3724746704102 463.184326171875 739.68359375 463.184326171875
743.9705810546875 247.7041015625 848.8340606689453 247.7041015625 848.8340606689453 463.9176330566406 743.9705810546875 463.9176330566406
743.3113403320312 249.69467163085938 848.4299926757812 249.69467163085938 848.4299926757812 464.3324432373047 743.3113403320312 464.3324432373047
742.441650390625 251.7139129638672 847.4204864501953 251.7139129638672 847.4204864501953 465.7923278808594 742.441650390625 465.7923278808594
741.70166015625 252.9732666015625 847.1289672851562 252.9732666015625 847.1289672851562 466.2640838623047 741.70166015625 466.2640838623047
737.1675415039062 250.08200073242188 844.8850479125977 250.08200073242188 844.8850479125977 465.0605926513672 737.1675415039062 465.0605926513672
740.7008666992188 248.4852752685547 846.5194244384766 248.4852752685547 846.5194244384766 465.1488037109375 740.7008666992188 465.1488037109375
740.2662353515625 249.19970703125 846.67138671875 249.19970703125 846.67138671875 466.7848205566406 740.2662353515625 466.7848205566406
739.7537841796875 248.6451416015625 846.9119873046875 248.6451416015625 846.9119873046875 465.7710266113281 739.7537841796875 465.7710266113281
739.3065185546875 246.03060913085938 847.3450775146484 246.03060913085938 847.3450775146484 465.56263732910156 739.3065185546875 465.56263732910156
743.4558715820312 251.8787078857422 849.9598846435547 251.8787078857422 849.9598846435547 469.3898620605469 743.4558715820312 469.3898620605469
741.7606201171875 248.74661254882812 848.9945068359375 248.74661254882812 848.9945068359375 468.2665557861328 741.7606201171875 468.2665557861328
738.0230712890625 248.2283172607422 846.890869140625 248.2283172607422 846.890869140625 467.3189392089844 738.0230712890625 467.3189392089844
735.1437377929688 249.47189331054688 843.8430557250977 249.47189331054688 843.8430557250977 464.73834228515625 735.1437377929688 464.73834228515625
736.4771728515625 247.27011108398438 845.3771820068359 247.27011108398438 845.3771820068359 463.27734375 736.4771728515625 463.27734375
733.7838134765625 250.2384796142578 842.009033203125 250.2384796142578 842.009033203125 462.3580627441406 733.7838134765625 462.3580627441406
734.0076293945312 244.71914672851562 843.1802597045898 244.71914672851562 843.1802597045898 458.4940948486328 734.0076293945312 458.4940948486328
732.7831420898438 249.8453369140625 841.9810409545898 249.8453369140625 841.9810409545898 460.5669250488281 732.7831420898438 460.5669250488281
738.6219482421875 251.3234405517578 845.5301361083984 251.3234405517578 845.5301361083984 465.1474151611328 738.6219482421875 465.1474151611328
743.2498779296875 252.19515991210938 846.1340560913086 252.19515991210938 846.1340560913086 463.69813537597656 743.2498779296875 463.69813537597656
742.0953369140625 252.6581573486328 844.1589965820312 252.6581573486328 844.1589965820312 463.18663024902344 742.0953369140625 463.18663024902344
742.2264404296875 251.3472137451172 845.0733795166016 251.3472137451172 845.0733795166016 460.855712890625 742.2264404296875 460.855712890625
742.55029296875 252.62451171875 843.4020538330078 252.62451171875 843.4020538330078 458.74072265625 742.55029296875 458.74072265625
743.291259765625 254.86929321289062 843.0509490966797 254.86929321289062 843.0509490966797 457.86163330078125 743.291259765625 457.86163330078125
742.8817138671875 256.34136962890625 842.6326141357422 256.34136962890625 842.6326141357422 456.0259094238281 742.8817138671875 456.0259094238281
744.1194458007812 255.7809295654297 845.6519775390625 255.7809295654297 845.6519775390625 456.7704620361328 744.1194458007812 456.7704620361328
745.7771606445312 254.5442657470703 848.7044830322266 254.5442657470703 848.7044830322266 455.87107849121094 745.7771606445312 455.87107849121094
746.5510864257812 252.5541534423828 848.9390106201172 252.5541534423828 848.9390106201172 455.0001220703125 746.5510864257812 455.0001220703125
748.2578125 252.95346069335938 850.9699325561523 252.95346069335938 850.9699325561523 455.75030517578125 748.2578125 455.75030517578125
749.4850463867188 250.85287475585938 854.3727874755859 250.85287475585938 854.3727874755859 454.9823760986328 749.4850463867188 454.9823760986328
746.60791015625 255.6248321533203 851.9674682617188 255.6248321533203 851.9674682617188 456.00791931152344 746.60791015625 456.00791931152344
749.59716796875 254.564697265625 855.1109619140625 254.564697265625 855.1109619140625 454.807373046875 749.59716796875 454.807373046875
744.8814697265625 251.2751007080078 850.9882583618164 251.2751007080078 850.9882583618164 450.81849670410156 744.8814697265625 450.81849670410156
746.4322509765625 249.94937133789062 855.0489273071289 249.94937133789062 855.0489273071289 456.5858917236328 746.4322509765625 456.5858917236328
741.0543212890625 248.97705078125 852.2241592407227 248.97705078125 852.2241592407227 456.1316680908203 741.0543212890625 456.1316680908203
744.5177001953125 249.03475952148438 855.4005889892578 249.03475952148438 855.4005889892578 455.5341796875 744.5177001953125 455.5341796875
743.5506591796875 245.4656982421875 855.2224731445312 245.4656982421875 855.2224731445312 453.8341369628906 743.5506591796875 453.8341369628906
744.5220947265625 243.98086547851562 856.8459243774414 243.98086547851562 856.8459243774414 454.49334716796875 744.5220947265625 454.49334716796875
741.03369140625 244.8771514892578 852.2048110961914 244.8771514892578 852.2048110961914 457.89170837402344 741.03369140625 457.89170837402344
735.7659301757812 241.32656860351562 848.4312973022461 241.32656860351562 848.4312973022461 459.3552551269531 735.7659301757812 459.3552551269531
738.3914184570312 244.61679077148438 851.4208602905273 244.61679077148438 851.4208602905273 458.8167419433594 738.3914184570312 458.8167419433594
734.6171875 244.3860626220703 848.6095352172852 244.3860626220703 848.6095352172852 462.3068084716797 734.6171875 462.3068084716797
733.5973510742188 244.46987915039062 848.4466781616211 244.46987915039062 848.4466781616211 463.31370544433594 733.5973510742188 463.31370544433594
735.6428833007812 246.64138793945312 851.8791275024414 246.64138793945312 851.8791275024414 465.130615234375 735.6428833007812 465.130615234375
737.4757690429688 251.4374542236328 853.3727569580078 251.4374542236328 853.3727569580078 466.0214080810547 737.4757690429688 466.0214080810547
737.0454711914062 250.9029541015625 851.6003189086914 250.9029541015625 851.6003189086914 467.4710998535156 737.0454711914062 467.4710998535156
733.8397216796875 249.2274627685547 849.3146820068359 249.2274627685547 849.3146820068359 468.1371765136719 733.8397216796875 468.1371765136719
729.8220825195312 247.6699981689453 845.5952758789062 247.6699981689453 845.5952758789062 463.4031524658203 729.8220825195312 463.4031524658203
728.6328125 247.61904907226562 846.5222778320312 247.61904907226562 846.5222778320312 466.0293273925781 728.6328125 466.0293273925781
725.8829956054688 243.37353515625 844.2002716064453 243.37353515625 844.2002716064453 460.4438781738281 725.8829956054688 460.4438781738281
724.2105102539062 244.2418212890625 837.79736328125 244.2418212890625 837.79736328125 461.6035614013672 724.2105102539062 461.6035614013672
724.5015869140625 241.3318634033203 838.0791473388672 241.3318634033203 838.0791473388672 458.3052062988281 724.5015869140625 458.3052062988281
717.6254272460938 239.42031860351562 831.9796371459961 239.42031860351562 831.9796371459961 455.8546905517578 717.6254272460938 455.8546905517578
716.8457641601562 240.5126190185547 829.2152862548828 240.5126190185547 829.2152862548828 455.47021484375 716.8457641601562 455.47021484375
711.6524047851562 235.98342895507812 824.1249389648438 235.98342895507812 824.1249389648438 447.6923370361328 711.6524047851562 447.6923370361328
707.9403076171875 237.4662628173828 821.5764541625977 237.4662628173828 821.5764541625977 453.26780700683594 707.9403076171875 453.26780700683594
705.9708251953125 237.078369140625 818.6828842163086 237.078369140625 818.6828842163086 453.0533905029297 705.9708251953125 453.0533905029297
705.0919799804688 238.6166534423828 815.9451675415039 238.6166534423828 815.9451675415039 454.6573791503906 705.0919799804688 454.6573791503906
704.6986083984375 245.7040557861328 816.0344848632812 245.7040557861328 816.0344848632812 458.0831604003906 704.6986083984375 458.0831604003906
698.9737548828125 240.162841796875 812.6067504882812 240.162841796875 812.6067504882812 451.9812927246094 698.9737548828125 451.9812927246094
692.3151245117188 236.57943725585938 805.2984008789062 236.57943725585938 805.2984008789062 455.2234344482422 692.3151245117188 455.2234344482422
689.4700927734375 234.0926513671875 802.1622695922852 234.0926513671875 802.1622695922852 452.1733093261719 689.4700927734375 452.1733093261719
681.9025268554688 233.15478515625 796.1251678466797 233.15478515625 796.1251678466797 454.1971740722656 681.9025268554688 454.1971740722656
675.878173828125 230.46435546875 791.9628448486328 230.46435546875 791.9628448486328 455.110107421875 675.878173828125 455.110107421875
674.3369750976562 228.500244140625 789.7957611083984 228.500244140625 789.7957611083984 451.934814453125 674.3369750976562 451.934814453125
674.73876953125 234.59133911132812 788.6960678100586 234.59133911132812 788.6960678100586 455.1202392578125 674.73876953125 455.1202392578125
666.8258666992188 232.99179077148438 783.9595489501953 232.99179077148438 783.9595489501953 459.6676025390625 666.8258666992188 459.6676025390625
663.6834716796875 230.434326171875 780.0560302734375 230.434326171875 780.0560302734375 455.63720703125 663.6834716796875 455.63720703125
667.1478271484375 238.86483764648438 781.7626113891602 238.86483764648438 781.7626113891602 460.66607666015625 667.1478271484375 460.66607666015625
649.3453369140625 231.091796875 767.0240478515625 231.091796875 767.0240478515625 458.8223114013672 649.3453369140625 458.8223114013672
638.6539306640625 229.2323760986328 757.1338500976562 229.2323760986328 757.1338500976562 459.68785095214844 638.6539306640625 459.68785095214844
644.2161865234375 233.1834716796875 757.8538360595703 233.1834716796875 757.8538360595703 464.3831481933594 644.2161865234375 464.3831481933594
640.11767578125 234.6161651611328 752.0674057006836 234.6161651611328 752.0674057006836 466.45298767089844 640.11767578125 466.45298767089844
638.9432373046875 232.6961669921875 750.5756607055664 232.6961669921875 750.5756607055664 467.98681640625 638.9432373046875 467.98681640625
636.99267578125 231.72225952148438 749.4966659545898 231.72225952148438 749.4966659545898 468.76947021484375 636.99267578125 468.76947021484375
629.5926513671875 225.2223358154297 744.6575927734375 225.2223358154297 744.6575927734375 463.2056121826172 629.5926513671875 463.2056121826172
624.154541015625 225.06814575195312 742.7272491455078 225.06814575195312 742.7272491455078 460.7964172363281 624.154541015625 460.7964172363281
619.5802612304688 226.0231170654297 740.1739959716797 226.0231170654297 740.1739959716797 462.319091796875 619.5802612304688 462.319091796875
613.5651245117188 218.85537719726562 737.4358673095703 218.85537719726562 737.4358673095703 458.568603515625 613.5651245117188 458.568603515625
615.4539184570312 222.6465301513672 739.9141235351562 222.6465301513672 739.9141235351562 463.50048828125 615.4539184570312 463.50048828125
606.8031005859375 222.5647735595703 731.5523300170898 222.5647735595703 731.5523300170898 463.9780578613281 606.8031005859375 463.9780578613281
604.170654296875 222.40084838867188 730.1532745361328 222.40084838867188 730.1532745361328 466.2009735107422 604.170654296875 466.2009735107422
603.7000732421875 225.60958862304688 730.2345123291016 225.60958862304688 730.2345123291016 470.47760009765625 603.7000732421875 470.47760009765625
601.944580078125 226.0095672607422 727.4091415405273 226.0095672607422 727.4091415405273 468.8071746826172 601.944580078125 468.8071746826172
602.4469604492188 225.19497680664062 729.4188842773438 225.19497680664062 729.4188842773438 470.9096221923828 602.4469604492188 470.9096221923828
597.6253662109375 222.33065795898438 725.6989898681641 222.33065795898438 725.6989898681641 470.17730712890625 597.6253662109375 470.17730712890625
597.5762329101562 223.3376007080078 726.1339874267578 223.3376007080078 726.1339874267578 472.12109375 597.5762329101562 472.12109375
590.4437255859375 222.9482421875 719.5031433105469 222.9482421875 719.5031433105469 472.7025451660156 590.4437255859375 472.7025451660156
594.3379516601562 222.1904296875 725.3394775390625 222.1904296875 725.3394775390625 474.3876037597656 594.3379516601562 474.3876037597656
593.5997924804688 221.836181640625 726.3199462890625 221.836181640625 726.3199462890625 477.3451385498047 593.5997924804688 477.3451385498047
595.8795166015625 223.24349975585938 727.4208068847656 223.24349975585938 727.4208068847656 477.4383239746094 595.8795166015625 477.4383239746094
595.3665161132812 223.9158172607422 727.9453430175781 223.9158172607422 727.9453430175781 477.1932373046875 595.3665161132812 477.1932373046875
597.302734375 220.8770294189453 731.1654357910156 220.8770294189453 731.1654357910156 478.9264373779297 597.302734375 478.9264373779297
595.406982421875 223.2128448486328 730.0972900390625 223.2128448486328 730.0972900390625 480.46604919433594 595.406982421875 480.46604919433594
598.8267211914062 222.7069854736328 731.7521057128906 222.7069854736328 731.7521057128906 480.51295471191406 598.8267211914062 480.51295471191406
597.4637451171875 223.66708374023438 731.7099914550781 223.66708374023438 731.7099914550781 481.9259338378906 597.4637451171875 481.9259338378906
600.5396118164062 217.60098266601562 734.0225677490234 217.60098266601562 734.0225677490234 475.22705078125 600.5396118164062 475.22705078125
599.673828125 219.9500274658203 734.149658203125 219.9500274658203 734.149658203125 479.28138732910156 599.673828125 479.28138732910156
601.53466796875 221.19790649414062 735.2835235595703 221.19790649414062 735.2835235595703 481.3951110839844 601.53466796875 481.3951110839844
603.7933349609375 221.54232788085938 737.7843780517578 221.54232788085938 737.7843780517578 479.6969909667969 603.7933349609375 479.6969909667969
608.2755737304688 219.3438262939453 740.4269104003906 219.3438262939453 740.4269104003906 474.5076141357422 608.2755737304688 474.5076141357422
610.2706298828125 218.0664825439453 742.0209045410156 218.0664825439453 742.0209045410156 473.0279541015625 610.2706298828125 473.0279541015625
608.0108642578125 217.369140625 738.2082824707031 217.369140625 738.2082824707031 470.0453338623047 608.0108642578125 470.0453338623047
610.8216552734375 220.60043334960938 742.6553497314453 220.60043334960938 742.6553497314453 475.46783447265625 610.8216552734375 475.46783447265625
614.77880859375 218.2942657470703 746.3633117675781 218.2942657470703 746.3633117675781 473.1649627685547 614.77880859375 473.1649627685547
615.3453369140625 221.12741088867188 747.9859619140625 221.12741088867188 747.9859619140625 477.8682861328125 615.3453369140625 477.8682861328125
616.3777465820312 216.12033081054688 748.5894165039062 216.12033081054688 748.5894165039062 473.3617248535156 616.3777465820312 473.3617248535156
618.9984130859375 222.36776733398438 751.5433044433594 222.36776733398438 751.5433044433594 479.6155700683594 618.9984130859375 479.6155700683594
618.9093627929688 221.8812255859375 751.3924102783203 221.8812255859375 751.3924102783203 479.90997314453125 618.9093627929688 479.90997314453125
620.473876953125 223.6948699951172 753.1683807373047 223.6948699951172 753.1683807373047 478.9031982421875 620.473876953125 478.9031982421875
619.266357421875 223.1380157470703 750.7070617675781 223.1380157470703 750.7070617675781 477.5400695800781 619.266357421875 477.5400695800781
619.2467041015625 224.58828735351562 749.7295227050781 224.58828735351562 749.7295227050781 478.89776611328125 619.2467041015625 478.89776611328125
624.9144897460938 225.2584228515625 754.1215972900391 225.2584228515625 754.1215972900391 475.7768859863281 624.9144897460938 475.7768859863281
624.8069458007812 222.0654296875 752.6697769165039 222.0654296875 752.6697769165039 475.9192657470703 624.8069458007812 475.9192657470703
617.8611450195312 224.52084350585938 747.4736785888672 224.52084350585938 747.4736785888672 475.6481170654297 617.8611450195312 475.6481170654297
619.0099487304688 223.8941192626953 749.2772674560547 223.8941192626953 749.2772674560547 476.81126403808594 619.0099487304688 476.81126403808594
615.8558349609375 225.00704956054688 745.4559478759766 225.00704956054688 745.4559478759766 474.4047088623047 615.8558349609375 474.4047088623047
618.11767578125 224.32723999023438 748.5735778808594 224.32723999023438 748.5735778808594 474.54620361328125 618.11767578125 474.54620361328125
616.3955688476562 220.821533203125 746.9525909423828 220.821533203125 746.9525909423828 472.927978515625 616.3955688476562 472.927978515625
612.72265625 227.051025390625 742.3609161376953 227.051025390625 742.3609161376953 476.5466766357422 612.72265625 476.5466766357422
615.0147705078125 228.2763671875 743.7971649169922 228.2763671875 743.7971649169922 477.4945831298828 615.0147705078125 477.4945831298828
613.5776977539062 224.5423583984375 740.9359741210938 224.5423583984375 740.9359741210938 471.004638671875 613.5776977539062 471.004638671875
612.5572509765625 223.6049346923828 739.9029388427734 223.6049346923828 739.9029388427734 470.0428466796875 612.5572509765625 470.0428466796875
605.0936279296875 223.8040313720703 730.9884872436523 223.8040313720703 730.9884872436523 467.434326171875 605.0936279296875 467.434326171875
607.7515869140625 223.17349243164062 733.2879180908203 223.17349243164062 733.2879180908203 466.10997009277344 607.7515869140625 466.10997009277344
604.5010986328125 226.20401000976562 731.0658416748047 226.20401000976562 731.0658416748047 470.25592041015625 604.5010986328125 470.25592041015625
602.4564819335938 227.1777801513672 728.1486358642578 227.1777801513672 728.1486358642578 470.4158477783203 602.4564819335938 470.4158477783203
604.5367431640625 227.7044677734375 728.7303009033203 227.7044677734375 728.7303009033203 468.0424499511719 604.5367431640625 468.0424499511719
602.5672607421875 225.57315063476562 726.1122665405273 225.57315063476562 726.1122665405273 464.65606689453125 602.5672607421875 464.65606689453125
604.4188842773438 223.78024291992188 729.5422973632812 223.78024291992188 729.5422973632812 465.9176940917969 604.4188842773438 465.9176940917969
603.225341796875 225.51095581054688 729.1029510498047 225.51095581054688 729.1029510498047 469.15826416015625 603.225341796875 469.15826416015625
609.8551025390625 227.86007690429688 736.6698226928711 227.86007690429688 736.6698226928711 473.27052307128906 609.8551025390625 473.27052307128906
608.6925048828125 228.7777862548828 734.4545288085938 228.7777862548828 734.4545288085938 472.1510467529297 608.6925048828125 472.1510467529297
606.73974609375 228.5477752685547 730.9224853515625 228.5477752685547 730.9224853515625 468.8648223876953 606.73974609375 468.8648223876953
615.2354736328125 227.77182006835938 739.4080657958984 227.77182006835938 739.4080657958984 468.06922912597656 615.2354736328125 468.06922912597656
617.1331787109375 225.59228515625 742.3443832397461 225.59228515625 742.3443832397461 467.8995819091797 617.1331787109375 467.8995819091797
617.5618896484375 225.22988891601562 743.6888809204102 225.22988891601562 743.6888809204102 468.92405700683594 617.5618896484375 468.92405700683594
615.9361572265625 227.0928955078125 743.6324005126953 227.0928955078125 743.6324005126953 474.3884735107422 615.9361572265625 474.3884735107422
619.4385986328125 229.19271850585938 743.9415664672852 229.19271850585938 743.9415664672852 470.1294403076172 619.4385986328125 470.1294403076172
625.4412231445312 229.63461303710938 749.0179595947266 229.63461303710938 749.0179595947266 468.7789306640625 625.4412231445312 468.7789306640625
625.4315795898438 230.3766632080078 749.2670516967773 230.3766632080078 749.2670516967773 470.0216827392578 625.4315795898438 470.0216827392578
622.4915771484375 225.52529907226562 746.8087768554688 225.52529907226562 746.8087768554688 465.87835693359375 622.4915771484375 465.87835693359375
618.2242431640625 227.3214111328125 741.5152435302734 227.3214111328125 741.5152435302734 465.4068908691406 618.2242431640625 465.4068908691406
624.24658203125 230.72335815429688 745.6556777954102 230.72335815429688 745.6556777954102 465.6728210449219 624.24658203125 465.6728210449219
622.8673095703125 227.1220245361328 743.4290008544922 227.1220245361328 743.4290008544922 460.4315948486328 622.8673095703125 460.4315948486328
616.8683471679688 231.2297821044922 737.1722640991211 231.2297821044922 737.1722640991211 464.04052734375 616.8683471679688 464.04052734375
616.29345703125 229.12045288085938 736.4190292358398 229.12045288085938 736.4190292358398 461.58607482910156 616.29345703125 461.58607482910156
614.1717529296875 227.0445556640625 735.4723358154297 227.0445556640625 735.4723358154297 461.7840576171875 614.1717529296875 461.7840576171875
612.6085205078125 230.3780517578125 735.4390106201172 230.3780517578125 735.4390106201172 468.0782165527344 612.6085205078125 468.0782165527344
615.3175048828125 225.09814453125 741.5623550415039 225.09814453125 741.5623550415039 469.4057312011719 615.3175048828125 469.4057312011719
608.4501953125 225.9083709716797 734.3063201904297 225.9083709716797 734.3063201904297 469.4637145996094 608.4501953125 469.4637145996094
609.5499267578125 227.0187530517578 735.6231231689453 227.0187530517578 735.6231231689453 470.9941711425781 609.5499267578125 470.9941711425781
608.4974365234375 223.16799926757812 735.3321914672852 223.16799926757812 735.3321914672852 468.6171875 608.4974365234375 468.6171875
604.7499389648438 223.6912078857422 732.7290649414062 223.6912078857422 732.7290649414062 471.4423828125 604.7499389648438 471.4423828125
602.7107543945312 222.94790649414062 731.3313293457031 222.94790649414062 731.3313293457031 470.7033233642578 602.7107543945312 470.7033233642578
607.6920776367188 224.41799926757812 735.8010559082031 224.41799926757812 735.8010559082031 471.2751007080078 607.6920776367188 471.2751007080078
605.0966796875 228.03683471679688 732.1042938232422 228.03683471679688 732.1042938232422 473.7852478027344 605.0966796875 473.7852478027344
605.7778930664062 225.32443237304688 734.4691162109375 225.32443237304688 734.4691162109375 472.3932342529297 605.7778930664062 472.3932342529297
603.8494873046875 230.82980346679688 730.6639404296875 230.82980346679688 730.6639404296875 475.5572967529297 603.8494873046875 475.5572967529297
605.992919921875 229.90829467773438 732.6725616455078 229.90829467773438 732.6725616455078 474.1694793701172 605.992919921875 474.1694793701172
606.4283447265625 227.8592071533203 732.7109375 227.8592071533203 732.7109375 473.9722442626953 606.4283447265625 473.9722442626953
605.4375 226.06759643554688 731.2890777587891 226.06759643554688 731.2890777587891 470.08338928222656 605.4375 470.08338928222656
605.7427368164062 225.6272430419922 732.4628295898438 225.6272430419922 732.4628295898438 471.7419891357422 605.7427368164062 471.7419891357422
605.296875 225.4060516357422 733.2176971435547 225.4060516357422 733.2176971435547 472.396484375 605.296875 472.396484375
608.302001953125 225.4027557373047 735.9464340209961 225.4027557373047 735.9464340209961 475.62940979003906 608.302001953125 475.62940979003906
607.09228515625 226.10989379882812 733.6312026977539 226.10989379882812 733.6312026977539 473.4739074707031 607.09228515625 473.4739074707031
603.2293701171875 223.69998168945312 729.2768936157227 223.69998168945312 729.2768936157227 468.51947021484375 603.2293701171875 468.51947021484375
604.7229614257812 226.54104614257812 728.3555526733398 226.54104614257812 728.3555526733398 466.84373474121094 604.7229614257812 466.84373474121094
605.9288330078125 221.84521484375 728.4503326416016 221.84521484375 728.4503326416016 460.0666046142578 605.9288330078125 460.0666046142578
608.3644409179688 227.9087371826172 731.2224960327148 227.9087371826172 731.2224960327148 465.4929656982422 608.3644409179688 465.4929656982422
606.8414916992188 224.24658203125 729.1003265380859 224.24658203125 729.1003265380859 461.8615417480469 606.8414916992188 461.8615417480469
607.00146484375 223.66336059570312 730.3668365478516 223.66336059570312 730.3668365478516 464.99420166015625 607.00146484375 464.99420166015625
605.1795654296875 223.6879425048828 728.5261459350586 223.6879425048828 728.5261459350586 464.7303009033203 605.1795654296875 464.7303009033203
606.391845703125 224.19247436523438 729.60888671875 224.19247436523438 729.60888671875 463.29010009765625 606.391845703125 463.29010009765625
609.1630249023438 226.58755493164062 731.64697265625 226.58755493164062 731.64697265625 464.4178771972656 609.1630249023438 464.4178771972656
609.1060791015625 224.7763214111328 733.0941925048828 224.7763214111328 733.0941925048828 466.6453094482422 609.1060791015625 466.6453094482422
606.5165405273438 225.06301879882812 729.9840698242188 225.06301879882812 729.9840698242188 467.18150329589844 606.5165405273438 467.18150329589844
606.8536376953125 224.6306915283203 729.5173950195312 224.6306915283203 729.5173950195312 467.2819061279297 606.8536376953125 467.2819061279297
606.7408447265625 224.7585906982422 731.1477890014648 224.7585906982422 731.1477890014648 469.8501892089844 606.7408447265625 469.8501892089844
608.6014404296875 224.486083984375 732.5957489013672 224.486083984375 732.5957489013672 466.3127136230469 608.6014404296875 466.3127136230469
610.2200927734375 224.7985076904297 734.1889801025391 224.7985076904297 734.1889801025391 468.54615783691406 610.2200927734375 468.54615783691406
607.6477661132812 223.9768829345703 731.9102630615234 223.9768829345703 731.9102630615234 471.74314880371094 607.6477661132812 471.74314880371094
605.8825073242188 223.9235382080078 730.0944366455078 223.9235382080078 730.0944366455078 470.7241516113281 605.8825073242188 470.7241516113281
608.1076049804688 224.21597290039062 734.4778671264648 224.21597290039062 734.4778671264648 471.979736328125 608.1076049804688 471.979736328125
608.1114501953125 225.722900390625 734.4368133544922 225.722900390625 734.4368133544922 471.39404296875 608.1114501953125 471.39404296875
605.8870849609375 224.99020385742188 733.1479721069336 224.99020385742188 733.1479721069336 469.895751953125 605.8870849609375 469.895751953125
605.7271728515625 224.2271270751953 732.6517791748047 224.2271270751953 732.6517791748047 470.40135192871094 605.7271728515625 470.40135192871094
605.0208740234375 224.5421600341797 732.4158325195312 224.5421600341797 732.4158325195312 471.23109436035156 605.0208740234375 471.23109436035156
605.61865234375 222.15646362304688 732.4339599609375 222.15646362304688 732.4339599609375 470.4097900390625 605.61865234375 470.4097900390625
609.9560546875 218.6736297607422 738.4880065917969 218.6736297607422 738.4880065917969 468.35877990722656 609.9560546875 468.35877990722656
606.4576416015625 220.6513214111328 735.3074645996094 220.6513214111328 735.3074645996094 469.99998474121094 606.4576416015625 469.99998474121094
605.0761108398438 217.4553985595703 734.7707214355469 217.4553985595703 734.7707214355469 468.4388885498047 605.0761108398438 468.4388885498047
603.797607421875 221.9297332763672 731.7413711547852 221.9297332763672 731.7413711547852 469.88232421875 603.797607421875 469.88232421875
608.7607421875 222.2014923095703 736.5526580810547 222.2014923095703 736.5526580810547 469.50291442871094 608.7607421875 469.50291442871094
602.0760498046875 219.7342987060547 729.5315704345703 219.7342987060547 729.5315704345703 467.6407012939453 602.0760498046875 467.6407012939453
603.4920043945312 220.57080078125 732.7239685058594 220.57080078125 732.7239685058594 470.6590118408203 603.4920043945312 470.6590118408203
608.0458984375 224.05032348632812 734.9626007080078 224.05032348632812 734.9626007080078 469.6580352783203 608.0458984375 469.6580352783203
605.0211791992188 222.11962890625 732.7431259155273 222.11962890625 732.7431259155273 471.3740234375 605.0211791992188 471.3740234375
602.50537109375 221.2848663330078 729.1174545288086 221.2848663330078 729.1174545288086 468.9563446044922 602.50537109375 468.9563446044922
603.43408203125 224.2249298095703 730.2605972290039 224.2249298095703 730.2605972290039 469.75108337402344 603.43408203125 469.75108337402344
601.8654174804688 223.2958221435547 728.4946746826172 223.2958221435547 728.4946746826172 470.4894714355469 601.8654174804688 470.4894714355469
604.6900634765625 224.6746368408203 733.7647552490234 224.6746368408203 733.7647552490234 473.6562805175781 604.6900634765625 473.6562805175781
604.3980102539062 223.5590362548828 732.7816009521484 223.5590362548828 732.7816009521484 472.4853515625 604.3980102539062 472.4853515625
603.6573486328125 225.19351196289062 731.0011444091797 225.19351196289062 731.0011444091797 474.4897003173828 603.6573486328125 474.4897003173828
605.5655517578125 226.8390350341797 733.516357421875 226.8390350341797 733.516357421875 475.372802734375 605.5655517578125 475.372802734375
602.3073120117188 224.2411651611328 727.3820037841797 224.2411651611328 727.3820037841797 471.65185546875 602.3073120117188 471.65185546875
604.343994140625 225.3343048095703 730.4071273803711 225.3343048095703 730.4071273803711 472.9358367919922 604.343994140625 472.9358367919922
604.228515625 226.8990020751953 730.3612060546875 226.8990020751953 730.3612060546875 476.1627502441406 604.228515625 476.1627502441406
601.8460083007812 226.09170532226562 727.4361190795898 226.09170532226562 727.4361190795898 472.7212219238281 601.8460083007812 472.7212219238281
605.6323852539062 227.0889892578125 731.9654159545898 227.0889892578125 731.9654159545898 473.8208770751953 605.6323852539062 473.8208770751953
602.9771728515625 226.10879516601562 729.0042266845703 226.10879516601562 729.0042266845703 471.8448791503906 602.9771728515625 471.8448791503906
603.5621948242188 226.01480102539062 729.1308212280273 226.01480102539062 729.1308212280273 472.0003662109375 603.5621948242188 472.0003662109375
602.2217407226562 226.460693359375 727.0064468383789 226.460693359375 727.0064468383789 471.6963806152344 602.2217407226562 471.6963806152344
601.246337890625 229.0436553955078 730.0462341308594 229.0436553955078 730.0462341308594 475.17063903808594 601.246337890625 475.17063903808594
599.6306762695312 227.72830200195312 726.9846420288086 227.72830200195312 726.9846420288086 475.4182434082031 599.6306762695312 475.4182434082031
599.6511840820312 229.56674194335938 727.7322540283203 229.56674194335938 727.7322540283203 477.6070556640625 599.6511840820312 477.6070556640625
602.446533203125 233.33053588867188 731.8083038330078 233.33053588867188 731.8083038330078 481.10450744628906 602.446533203125 481.10450744628906
601.3161010742188 234.53530883789062 727.7742767333984 234.53530883789062 727.7742767333984 479.406982421875 601.3161010742188 479.406982421875
599.7612915039062 238.465576171875 727.0255508422852 238.465576171875 727.0255508422852 485.0470428466797 599.7612915039062 485.0470428466797
599.5711669921875 239.9268341064453 729.8728332519531 239.9268341064453 729.8728332519531 491.15452575683594 599.5711669921875 491.15452575683594
596.8616333007812 238.10617065429688 726.7937927246094 238.10617065429688 726.7937927246094 488.8339538574219 596.8616333007812 488.8339538574219
599.7823486328125 239.95553588867188 731.8750305175781 239.95553588867188 731.8750305175781 495.78106689453125 599.7823486328125 495.78106689453125
597.0621948242188 239.940185546875 729.8549652099609 239.940185546875 729.8549652099609 496.1622314453125 597.0621948242188 496.1622314453125
596.031982421875 240.8236846923828 731.1717987060547 240.8236846923828 731.1717987060547 497.48707580566406 596.031982421875 497.48707580566406
596.2684326171875 237.8451690673828 732.3995361328125 237.8451690673828 732.3995361328125 498.94728088378906 596.2684326171875 498.94728088378906
595.8507690429688 233.9251251220703 731.058349609375 233.9251251220703 731.058349609375 496.93519592285156 595.8507690429688 496.93519592285156
592.1224365234375 226.3068084716797 728.0511169433594 226.3068084716797 728.0511169433594 493.6272430419922 592.1224365234375 493.6272430419922
595.4780883789062 217.25711059570312 728.8345947265625 217.25711059570312 728.8345947265625 488.08233642578125 595.4780883789062 488.08233642578125
590.6864624023438 209.5059051513672 721.2197570800781 209.5059051513672 721.2197570800781 477.49085998535156 590.6864624023438 477.49085998535156
590.36083984375 207.6283721923828 719.4635009765625 207.6283721923828 719.4635009765625 472.35206604003906 590.36083984375 472.35206604003906
591.4796142578125 210.2975311279297 724.9065399169922 210.2975311279297 724.9065399169922 468.50389099121094 591.4796142578125 468.50389099121094
595.8478393554688 214.7261505126953 727.1666564941406 214.7261505126953 727.1666564941406 468.8529052734375 595.8478393554688 468.8529052734375
590.9847412109375 207.72091674804688 722.2366333007812 207.72091674804688 722.2366333007812 461.71815490722656 590.9847412109375 461.71815490722656
586.29345703125 203.30130004882812 714.5752868652344 203.30130004882812 714.5752868652344 451.5509033203125 586.29345703125 451.5509033203125
588.3823852539062 208.2729949951172 714.5199966430664 208.2729949951172 714.5199966430664 452.3731384277344 588.3823852539062 452.3731384277344
587.4929809570312 216.6657257080078 711.5059661865234 216.6657257080078 711.5059661865234 456.6543273925781 587.4929809570312 456.6543273925781
589.9320068359375 212.8480682373047 717.1839370727539 212.8480682373047 717.1839370727539 459.10462951660156 589.9320068359375 459.10462951660156
587.5742797851562 214.9046630859375 713.6002807617188 214.9046630859375 713.6002807617188 463.5975036621094 587.5742797851562 463.5975036621094
591.8878173828125 218.8029022216797 720.2017059326172 218.8029022216797 720.2017059326172 467.1145782470703 591.8878173828125 467.1145782470703
587.58642578125 215.0250701904297 714.3152465820312 215.0250701904297 714.3152465820312 460.2693328857422 587.58642578125 460.2693328857422
584.5670166015625 212.30679321289062 711.2767333984375 212.30679321289062 711.2767333984375 457.51409912109375 584.5670166015625 457.51409912109375
589.8698120117188 216.0544891357422 715.7936859130859 216.0544891357422 715.7936859130859 459.7410583496094 589.8698120117188 459.7410583496094
594.8423461914062 216.429931640625 718.7850570678711 216.429931640625 718.7850570678711 456.2825927734375 594.8423461914062 456.2825927734375
591.7769775390625 214.8534393310547 716.7679824829102 214.8534393310547 716.7679824829102 456.73475646972656 591.7769775390625 456.73475646972656
586.24267578125 214.6144561767578 710.5783081054688 214.6144561767578 710.5783081054688 455.22752380371094 586.24267578125 455.22752380371094
589.5264892578125 214.82943725585938 713.7200927734375 214.82943725585938 713.7200927734375 455.16766357421875 589.5264892578125 455.16766357421875
592.27734375 214.7280731201172 717.5774383544922 214.7280731201172 717.5774383544922 457.2075958251953 592.27734375 457.2075958251953
583.932373046875 215.26953125 707.3072128295898 215.26953125 707.3072128295898 454.0233154296875 583.932373046875 454.0233154296875
586.1106567382812 217.67138671875 711.0181503295898 217.67138671875 711.0181503295898 459.3911590576172 586.1106567382812 459.3911590576172
585.6602783203125 214.1975860595703 708.2998809814453 214.1975860595703 708.2998809814453 462.9194641113281 585.6602783203125 462.9194641113281
586.957763671875 212.46475219726562 707.6714324951172 212.46475219726562 707.6714324951172 466.2096710205078 586.957763671875 466.2096710205078
585.8838500976562 211.72509765625 708.4051895141602 211.72509765625 708.4051895141602 463.2928161621094 585.8838500976562 463.2928161621094
583.54052734375 214.03652954101562 705.9873428344727 214.03652954101562 705.9873428344727 460.88800048828125 583.54052734375 460.88800048828125
583.8197021484375 213.714111328125 707.8399276733398 213.714111328125 707.8399276733398 458.2824249267578 583.8197021484375 458.2824249267578
579.9195556640625 213.52615356445312 702.5098419189453 213.52615356445312 702.5098419189453 456.0506591796875 579.9195556640625 456.0506591796875
583.5618286132812 215.30078125 706.9380493164062 215.30078125 706.9380493164062 459.6158752441406 583.5618286132812 459.6158752441406
581.6907348632812 215.0368194580078 705.1933822631836 215.0368194580078 705.1933822631836 458.0460662841797 581.6907348632812 458.0460662841797
578.3485107421875 216.0994110107422 702.1074447631836 216.0994110107422 702.1074447631836 459.29310607910156 578.3485107421875 459.29310607910156
577.0287475585938 219.0301971435547 702.4853668212891 219.0301971435547 702.4853668212891 461.81263732910156 577.0287475585938 461.81263732910156
577.780517578125 214.9928741455078 703.03955078125 214.9928741455078 703.03955078125 457.3929443359375 577.780517578125 457.3929443359375
576.3018798828125 218.78451538085938 702.7531127929688 218.78451538085938 702.7531127929688 463.49171447753906 576.3018798828125 463.49171447753906
575.0939331054688 216.8727569580078 702.4163436889648 216.8727569580078 702.4163436889648 463.26585388183594 575.0939331054688 463.26585388183594
577.6197509765625 218.8759765625 704.0918426513672 218.8759765625 704.0918426513672 463.6235656738281 577.6197509765625 463.6235656738281
572.9681396484375 225.12313842773438 697.5861968994141 225.12313842773438 697.5861968994141 466.2828063964844 572.9681396484375 466.2828063964844
576.661376953125 219.70346069335938 701.4861221313477 219.70346069335938 701.4861221313477 461.26312255859375 576.661376953125 461.26312255859375
575.6966552734375 222.5755615234375 702.1599502563477 222.5755615234375 702.1599502563477 467.3061218261719 575.6966552734375 467.3061218261719
571.9212646484375 220.37356567382812 699.7610015869141 220.37356567382812 699.7610015869141 467.76780700683594 571.9212646484375 467.76780700683594
570.9254150390625 227.8024444580078 698.2090072631836 227.8024444580078 698.2090072631836 474.12046813964844 570.9254150390625 474.12046813964844
571.1482543945312 224.4741668701172 700.8496398925781 224.4741668701172 700.8496398925781 476.5126495361328 571.1482543945312 476.5126495361328
574.1312255859375 227.81494140625 704.6554412841797 227.81494140625 704.6554412841797 478.8215026855469 574.1312255859375 478.8215026855469
569.27685546875 230.449462890625 699.4104309082031 230.449462890625 699.4104309082031 481.9351348876953 569.27685546875 481.9351348876953
574.0730590820312 230.73046875 702.6212921142578 230.73046875 702.6212921142578 481.4225158691406 574.0730590820312 481.4225158691406
577.3717651367188 229.17318725585938 703.8004760742188 229.17318725585938 703.8004760742188 484.083740234375 577.3717651367188 484.083740234375
581.6022338867188 229.6781005859375 701.0184097290039 229.6781005859375 701.0184097290039 484.0832061767578 581.6022338867188 484.0832061767578
581.52685546875 229.40432739257812 699.2739486694336 229.40432739257812 699.2739486694336 483.34251403808594 581.52685546875 483.34251403808594
579.0888671875 228.2334442138672 697.1796112060547 228.2334442138672 697.1796112060547 478.8287811279297 579.0888671875 478.8287811279297
578.6876220703125 229.43807983398438 696.4096221923828 229.43807983398438 696.4096221923828 477.93243408203125 578.6876220703125 477.93243408203125
579.60205078125 231.0092315673828 694.6077651977539 231.0092315673828 694.6077651977539 474.80918884277344 579.60205078125 474.80918884277344
577.5811767578125 232.01806640625 692.5121307373047 232.01806640625 692.5121307373047 474.7633056640625 577.5811767578125 474.7633056640625
576.4354248046875 235.84207153320312 690.7633895874023 235.84207153320312 690.7633895874023 477.1441192626953 576.4354248046875 477.1441192626953
575.9276123046875 237.5591278076172 693.7687149047852 237.5591278076172 693.7687149047852 480.1752166748047 575.9276123046875 480.1752166748047
571.4470825195312 239.12374877929688 691.1889801025391 239.12374877929688 691.1889801025391 481.7330780029297 571.4470825195312 481.7330780029297
571.940185546875 237.7907257080078 693.5853729248047 237.7907257080078 693.5853729248047 481.1573791503906 571.940185546875 481.1573791503906
565.2847900390625 240.19363403320312 690.3928680419922 240.19363403320312 690.3928680419922 477.10911560058594 565.2847900390625 477.10911560058594
563.7904663085938 239.74313354492188 685.4374389648438 239.74313354492188 685.4374389648438 475.34478759765625 563.7904663085938 475.34478759765625
567.4612426757812 237.49337768554688 687.7573852539062 237.49337768554688 687.7573852539062 478.68727111816406 567.4612426757812 478.68727111816406
563.0850219726562 239.1383819580078 685.8844604492188 239.1383819580078 685.8844604492188 480.41796875 563.0850219726562 480.41796875
562.3917236328125 236.3196258544922 683.4489364624023 236.3196258544922 683.4489364624023 476.21986389160156 562.3917236328125 476.21986389160156
561.0552978515625 238.38192749023438 683.2187118530273 238.38192749023438 683.2187118530273 475.24993896484375 561.0552978515625 475.24993896484375
564.7573852539062 236.2234649658203 685.8707122802734 236.2234649658203 685.8707122802734 476.15721130371094 564.7573852539062 476.15721130371094
566.2281494140625 234.4975128173828 682.6583480834961 234.4975128173828 682.6583480834961 474.9277801513672 566.2281494140625 474.9277801513672
566.4869384765625 234.8807830810547 680.9690399169922 234.8807830810547 680.9690399169922 471.4718933105469 566.4869384765625 471.4718933105469
564.97021484375 233.2383270263672 676.6161727905273 233.2383270263672 676.6161727905273 467.0215759277344 564.97021484375 467.0215759277344
564.0291137695312 236.37338256835938 676.5040130615234 236.37338256835938 676.5040130615234 465.8497009277344 564.0291137695312 465.8497009277344
563.0598754882812 236.077392578125 677.5851211547852 236.077392578125 677.5851211547852 471.2753448486328 563.0598754882812 471.2753448486328
559.1253662109375 230.10751342773438 672.6671371459961 230.10751342773438 672.6671371459961 469.11260986328125 559.1253662109375 469.11260986328125
558.5340576171875 226.7272491455078 671.3538055419922 226.7272491455078 671.3538055419922 468.8323974609375 558.5340576171875 468.8323974609375
558.2161865234375 227.0374755859375 671.8210067749023 227.0374755859375 671.8210067749023 470.9067687988281 558.2161865234375 470.9067687988281
550.6715698242188 232.2525177001953 673.2014389038086 232.2525177001953 673.2014389038086 469.37109375 550.6715698242188 469.37109375
552.7932739257812 232.3097381591797 674.1419067382812 232.3097381591797 674.1419067382812 474.47413635253906 552.7932739257812 474.47413635253906
553.1649780273438 228.85336303710938 671.1685943603516 228.85336303710938 671.1685943603516 479.47808837890625 553.1649780273438 479.47808837890625
554.7025146484375 236.81228637695312 674.1136627197266 236.81228637695312 674.1136627197266 482.75364685058594 554.7025146484375 482.75364685058594
545.6270751953125 246.9576416015625 669.1995468139648 246.9576416015625 669.1995468139648 486.0938262939453 545.6270751953125 486.0938262939453
557.1109619140625 234.8972930908203 672.2817535400391 234.8972930908203 672.2817535400391 485.3485107421875 557.1109619140625 485.3485107421875
543.6488647460938 249.5257568359375 669.5285491943359 249.5257568359375 669.5285491943359 493.1268310546875 543.6488647460938 493.1268310546875
567.9771118164062 239.9380645751953 685.7374038696289 239.9380645751953 685.7374038696289 481.6450500488281 567.9771118164062 481.6450500488281
564.9144287109375 254.5813751220703 691.4258041381836 254.5813751220703 691.4258041381836 499.4049072265625 564.9144287109375 499.4049072265625
581.7255859375 238.5584259033203 702.1701278686523 238.5584259033203 702.1701278686523 478.8940734863281 581.7255859375 478.8940734863281
579.870849609375 242.171142578125 700.3279190063477 242.171142578125 700.3279190063477 477.7987976074219 579.870849609375 477.7987976074219
590.8905029296875 234.7804718017578 706.854736328125 234.7804718017578 706.854736328125 474.304443359375 590.8905029296875 474.304443359375
495.104736328125 243.3705596923828 616.2682647705078 243.3705596923828 616.2682647705078 476.5701446533203 495.104736328125 476.5701446533203
488.02984619140625 244.2245330810547 607.3303604125977 244.2245330810547 607.3303604125977 476.7780456542969 488.02984619140625 476.7780456542969
485.61212158203125 246.64892578125 605.9005966186523 246.64892578125 605.9005966186523 479.4299774169922 485.61212158203125 479.4299774169922
487.64593505859375 243.0396270751953 606.1247177124023 243.0396270751953 606.1247177124023 472.31858825683594 487.64593505859375 472.31858825683594
481.67926025390625 249.6057586669922 600.8041381835938 249.6057586669922 600.8041381835938 480.13502502441406 481.67926025390625 480.13502502441406
484.89459228515625 245.874267578125 601.9074554443359 245.874267578125 601.9074554443359 472.3163757324219 484.89459228515625 472.3163757324219
483.2857971191406 247.49642944335938 599.5957183837891 247.49642944335938 599.5957183837891 472.5782470703125 483.2857971191406 472.5782470703125
478.7718200683594 249.1580047607422 593.4797821044922 249.1580047607422 593.4797821044922 471.1397399902344 478.7718200683594 471.1397399902344
476.1390686035156 250.3037567138672 588.3927764892578 250.3037567138672 588.3927764892578 467.5360565185547 476.1390686035156 467.5360565185547
470.846435546875 248.263671875 582.4038467407227 248.263671875 582.4038467407227 463.3151092529297 470.846435546875 463.3151092529297
469.13543701171875 254.24929809570312 579.4308929443359 254.24929809570312 579.4308929443359 467.6919708251953 469.13543701171875 467.6919708251953
465.36871337890625 254.39035034179688 575.1287002563477 254.39035034179688 575.1287002563477 466.79676818847656 465.36871337890625 466.79676818847656
465.9185485839844 260.73492431640625 573.2536315917969 260.73492431640625 573.2536315917969 468.4486999511719 465.9185485839844 468.4486999511719
461.33892822265625 255.84158325195312 570.5169296264648 255.84158325195312 570.5169296264648 467.12176513671875 461.33892822265625 467.12176513671875
457.5765075683594 257.08575439453125 567.1536712646484 257.08575439453125 567.1536712646484 469.1383972167969 457.5765075683594 469.1383972167969
453.4283752441406 252.99105834960938 563.2304153442383 252.99105834960938 563.2304153442383 465.4788513183594 453.4283752441406 465.4788513183594
447.76666259765625 256.7680358886719 555.5857162475586 256.7680358886719 555.5857162475586 465.41839599609375 447.76666259765625 465.41839599609375
442.81085205078125 260.27154541015625 548.7914428710938 260.27154541015625 548.7914428710938 465.36415100097656 442.81085205078125 465.36415100097656
436.809326171875 259.7430114746094 544.0314483642578 259.7430114746094 544.0314483642578 467.23822021484375 436.809326171875 467.23822021484375
434.7235412597656 256.618408203125 543.1519927978516 256.618408203125 543.1519927978516 462.9403991699219 434.7235412597656 462.9403991699219
432.79144287109375 254.043701171875 539.1295623779297 254.043701171875 539.1295623779297 459.8282165527344 432.79144287109375 459.8282165527344
432.6258239746094 257.8833923339844 538.8597106933594 257.8833923339844 538.8597106933594 463.46620178222656 432.6258239746094 463.46620178222656
429.02716064453125 256.7859802246094 536.2906875610352 256.7859802246094 536.2906875610352 464.36134338378906 429.02716064453125 464.36134338378906
426.4905700683594 250.30331420898438 535.657600402832 250.30331420898438 535.657600402832 461.56231689453125 426.4905700683594 461.56231689453125
423.35614013671875 251.21310424804688 533.0919342041016 251.21310424804688 533.0919342041016 463.57275390625 423.35614013671875 463.57275390625
415.3641052246094 253.8680419921875 526.7683792114258 253.8680419921875 526.7683792114258 469.4565124511719 415.3641052246094 469.4565124511719
420.23114013671875 251.9066925048828 531.4057006835938 251.9066925048828 531.4057006835938 467.05064392089844 420.23114013671875 467.05064392089844
414.5472106933594 254.1318817138672 524.3913269042969 254.1318817138672 524.3913269042969 466.701171875 414.5472106933594 466.701171875
409.2832946777344 257.32666015625 519.1935348510742 257.32666015625 519.1935348510742 470.0238952636719 409.2832946777344 470.0238952636719
405.88299560546875 257.03094482421875 516.4841079711914 257.03094482421875 516.4841079711914 467.7192687988281 405.88299560546875 467.7192687988281
402.64532470703125 258.79815673828125 513.2574691772461 258.79815673828125 513.2574691772461 472.8537292480469 402.64532470703125 472.8537292480469
401.37591552734375 256.5367736816406 511.9537353515625 256.5367736816406 511.9537353515625 470.52593994140625 401.37591552734375 470.52593994140625
391.7967224121094 258.4354248046875 507.06639099121094 258.4354248046875 507.06639099121094 476.690673828125 391.7967224121094 476.690673828125
385.80743408203125 256.25714111328125 500.5951690673828 256.25714111328125 500.5951690673828 473.2115783691406 385.80743408203125 473.2115783691406
384.4277648925781 258.34161376953125 496.9505310058594 258.34161376953125 496.9505310058594 471.65806579589844 384.4277648925781 471.65806579589844
384.8370056152344 259.5931701660156 495.67869567871094 259.5931701660156 495.67869567871094 473.9501953125 384.8370056152344 473.9501953125
381.16241455078125 257.0361022949219 488.83160400390625 257.0361022949219 488.83160400390625 467.0782165527344 381.16241455078125 467.0782165527344
380.6365661621094 257.89849853515625 486.7561569213867 257.89849853515625 486.7561569213867 465.38963317871094 380.6365661621094 465.38963317871094
379.05242919921875 260.5437927246094 483.569091796875 260.5437927246094 483.569091796875 469.1962127685547 379.05242919921875 469.1962127685547
377.8876647949219 264.1336975097656 478.0199966430664 264.1336975097656 478.0199966430664 471.13714599609375 377.8876647949219 471.13714599609375
375.72039794921875 264.1829833984375 475.62603759765625 264.1829833984375 475.62603759765625 470.241455078125 375.72039794921875 470.241455078125
375.4884033203125 263.1912536621094 474.2012252807617 263.1912536621094 474.2012252807617 469.27166748046875 375.4884033203125 469.27166748046875
375.63031005859375 265.78302001953125 470.7924499511719 265.78302001953125 470.7924499511719 469.55735778808594 375.63031005859375 469.55735778808594
372.55084228515625 264.77081298828125 468.55525970458984 264.77081298828125 468.55525970458984 469.95440673828125 372.55084228515625 469.95440673828125
370.8042907714844 265.6706237792969 469.3651657104492 265.6706237792969 469.3651657104492 467.6457061767578 370.8042907714844 467.6457061767578
363.83111572265625 269.6220703125 465.1995620727539 269.6220703125 465.1995620727539 470.8304138183594 363.83111572265625 470.8304138183594
359.03387451171875 263.56689453125 462.25050354003906 263.56689453125 462.25050354003906 466.1405334472656 359.03387451171875 466.1405334472656
356.16583251953125 269.41522216796875 461.24925231933594 269.41522216796875 461.24925231933594 471.0329895019531 356.16583251953125 471.0329895019531
351.307861328125 266.5158386230469 453.9497528076172 266.5158386230469 453.9497528076172 470.79212951660156 351.307861328125 470.79212951660156
347.5559997558594 263.66143798828125 452.0017776489258 263.66143798828125 452.0017776489258 469.35272216796875 347.5559997558594 469.35272216796875
343.80377197265625 271.806396484375 449.35597229003906 271.806396484375 449.35597229003906 478.1171875 343.80377197265625 478.1171875
342.11126708984375 272.50128173828125 449.39737701416016 272.50128173828125 449.39737701416016 481.0429382324219 342.11126708984375 481.0429382324219
336.96636962890625 268.5027770996094 445.955078125 268.5027770996094 445.955078125 480.7432861328125 336.96636962890625 480.7432861328125
330.799072265625 268.22503662109375 440.87451171875 268.22503662109375 440.87451171875 484.0601501464844 330.799072265625 484.0601501464844
324.52813720703125 268.8031311035156 432.79315185546875 268.8031311035156 432.79315185546875 481.4095001220703 324.52813720703125 481.4095001220703
324.58428955078125 266.070068359375 430.80525970458984 266.070068359375 430.80525970458984 481.5818634033203 324.58428955078125 481.5818634033203
322.82696533203125 262.44329833984375 428.59617614746094 262.44329833984375 428.59617614746094 479.66778564453125 322.82696533203125 479.66778564453125
324.1776428222656 264.9339599609375 429.5404815673828 264.9339599609375 429.5404815673828 479.4667205810547 324.1776428222656 479.4667205810547
321.1080627441406 259.33917236328125 426.52330017089844 259.33917236328125 426.52330017089844 477.5361022949219 321.1080627441406 477.5361022949219
321.79681396484375 262.9857482910156 423.7215118408203 262.9857482910156 423.7215118408203 478.7530822753906 321.79681396484375 478.7530822753906
320.2264099121094 257.3376159667969 422.00477600097656 257.3376159667969 422.00477600097656 477.55665588378906 320.2264099121094 477.55665588378906
318.5543518066406 257.88568115234375 421.69395446777344 257.88568115234375 421.69395446777344 478.71995544433594 318.5543518066406 478.71995544433594
318.23760986328125 257.1936950683594 421.3804702758789 257.1936950683594 421.3804702758789 476.23126220703125 318.23760986328125 476.23126220703125
318.2037048339844 261.69989013671875 421.80834197998047 261.69989013671875 421.80834197998047 478.6575012207031 318.2037048339844 478.6575012207031
318.8702087402344 265.58514404296875 424.21665954589844 265.58514404296875 424.21665954589844 482.0041809082031 318.8702087402344 482.0041809082031
316.8277587890625 262.79217529296875 423.26531982421875 262.79217529296875 423.26531982421875 480.22853088378906 316.8277587890625 480.22853088378906
317.07086181640625 259.7001037597656 424.17529296875 259.7001037597656 424.17529296875 476.2789306640625 317.07086181640625 476.2789306640625
316.4013671875 260.4083251953125 422.4517822265625 260.4083251953125 422.4517822265625 478.4064025878906 316.4013671875 478.4064025878906
321.91192626953125 264.10211181640625 427.59212493896484 264.10211181640625 427.59212493896484 480.49461364746094 321.91192626953125 480.49461364746094
326.0362548828125 263.5876770019531 429.9227752685547 263.5876770019531 429.9227752685547 480.9258575439453 326.0362548828125 480.9258575439453
327.052490234375 261.7356262207031 433.7095489501953 261.7356262207031 433.7095489501953 476.7801513671875 327.052490234375 476.7801513671875
329.9178771972656 263.16619873046875 435.7328338623047 263.16619873046875 435.7328338623047 480.26300048828125 329.9178771972656 480.26300048828125
328.692138671875 268.2034912109375 437.47132873535156 268.2034912109375 437.47132873535156 482.9104309082031 328.692138671875 482.9104309082031
333.9515686035156 268.8730773925781 444.10337829589844 268.8730773925781 444.10337829589844 482.8988800048828 333.9515686035156 482.8988800048828
336.4917297363281 260.3087463378906 446.6743850708008 260.3087463378906 446.6743850708008 480.71142578125 336.4917297363281 480.71142578125
342.7909851074219 261.08868408203125 451.0309524536133 261.08868408203125 451.0309524536133 479.9012756347656 342.7909851074219 479.9012756347656
347.6131286621094 260.96026611328125 452.0899353027344 260.96026611328125 452.0899353027344 478.16790771484375 347.6131286621094 478.16790771484375
353.30206298828125 260.70037841796875 455.5268096923828 260.70037841796875 455.5268096923828 477.9746398925781 353.30206298828125 477.9746398925781
359.518310546875 258.5919494628906 460.8170394897461 258.5919494628906 460.8170394897461 474.884765625 359.518310546875 474.884765625
360.7061767578125 260.6323547363281 460.5832977294922 260.6323547363281 460.5832977294922 477.04100036621094 360.7061767578125 477.04100036621094
367.2569580078125 258.5717468261719 466.5045166015625 258.5717468261719 466.5045166015625 477.46107482910156 367.2569580078125 477.46107482910156
367.38372802734375 259.36138916015625 468.17552947998047 259.36138916015625 468.17552947998047 474.93113708496094 367.38372802734375 474.93113708496094
370.4636535644531 259.2829895019531 471.75586700439453 259.2829895019531 471.75586700439453 475.3410186767578 370.4636535644531 475.3410186767578
372.62982177734375 259.14141845703125 472.17677307128906 259.14141845703125 472.17677307128906 471.86688232421875 372.62982177734375 471.86688232421875
374.5314025878906 261.4211120605469 474.4394989013672 261.4211120605469 474.4394989013672 471.8697509765625 374.5314025878906 471.8697509765625
376.8197937011719 260.5395812988281 477.9433059692383 260.5395812988281 477.9433059692383 472.56585693359375 376.8197937011719 472.56585693359375
377.4133605957031 264.5232849121094 478.4782028198242 264.5232849121094 478.4782028198242 471.65509033203125 377.4133605957031 471.65509033203125
382.70904541015625 265.720947265625 481.79783630371094 265.720947265625 481.79783630371094 474.5106658935547 382.70904541015625 474.5106658935547
377.7017517089844 270.1476745605469 480.46314239501953 270.1476745605469 480.46314239501953 472.2659912109375 377.7017517089844 472.2659912109375
381.78143310546875 260.8257141113281 478.0680618286133 260.8257141113281 478.0680618286133 473.66734313964844 381.78143310546875 473.66734313964844
380.73529052734375 265.747802734375 480.0414123535156 265.747802734375 480.0414123535156 470.2267150878906 380.73529052734375 470.2267150878906
384.8629455566406 265.57861328125 482.4790573120117 265.57861328125 482.4790573120117 472.3566131591797 384.8629455566406 472.3566131591797
384.9563903808594 257.560546875 482.7421875 257.560546875 482.7421875 464.9410095214844 384.9563903808594 464.9410095214844
381.4264831542969 258.72198486328125 480.0167922973633 258.72198486328125 480.0167922973633 466.76104736328125 381.4264831542969 466.76104736328125
384.4385986328125 262.6665954589844 486.60030364990234 262.6665954589844 486.60030364990234 460.3687744140625 384.4385986328125 460.3687744140625
386.93170166015625 267.8675231933594 487.0104446411133 267.8675231933594 487.0104446411133 465.83168029785156 386.93170166015625 465.83168029785156
387.722900390625 261.7834777832031 487.69518280029297 261.7834777832031 487.69518280029297 463.4292297363281 387.722900390625 463.4292297363281
386.88433837890625 259.6305847167969 486.6099548339844 259.6305847167969 486.6099548339844 468.5940399169922 386.88433837890625 468.5940399169922
389.33038330078125 260.83148193359375 489.65331268310547 260.83148193359375 489.65331268310547 465.9432067871094 389.33038330078125 465.9432067871094
388.1952209472656 262.8786926269531 488.49229431152344 262.8786926269531 488.49229431152344 464.9054412841797 388.1952209472656 464.9054412841797
388.35205078125 259.6018981933594 489.7512741088867 259.6018981933594 489.7512741088867 459.96759033203125 388.35205078125 459.96759033203125
389.32073974609375 258.1827087402344 490.6475067138672 258.1827087402344 490.6475067138672 458.0666198730469 389.32073974609375 458.0666198730469
391.6294860839844 260.84600830078125 490.94632720947266 260.84600830078125 490.94632720947266 463.0434265136719 391.6294860839844 463.0434265136719
390.23193359375 258.3033447265625 491.35147857666016 258.3033447265625 491.35147857666016 459.5016784667969 390.23193359375 459.5016784667969
391.1026916503906 255.8586883544922 488.5962677001953 255.8586883544922 488.5962677001953 463.3571014404297 391.1026916503906 463.3571014404297
391.0940856933594 253.87539672851562 486.9790725708008 253.87539672851562 486.9790725708008 472.1560363769531 391.0940856933594 472.1560363769531
390.51690673828125 252.1041717529297 488.16481018066406 252.1041717529297 488.16481018066406 467.6962890625 390.51690673828125 467.6962890625
391.60357666015625 251.1029815673828 487.3884735107422 251.1029815673828 487.3884735107422 469.5379943847656 391.60357666015625 469.5379943847656
392.9797058105469 253.36099243164062 492.2897491455078 253.36099243164062 492.2897491455078 463.85748291015625 392.9797058105469 463.85748291015625
395.184326171875 255.40103149414062 491.68882751464844 255.40103149414062 491.68882751464844 471.4099884033203 395.184326171875 471.4099884033203
396.7990417480469 253.9656219482422 493.3042526245117 253.9656219482422 493.3042526245117 468.19435119628906 396.7990417480469 468.19435119628906
398.89276123046875 252.95529174804688 493.9315414428711 252.95529174804688 493.9315414428711 464.22625732421875 398.89276123046875 464.22625732421875
399.00555419921875 254.7236785888672 494.6426696777344 254.7236785888672 494.6426696777344 465.69789123535156 399.00555419921875 465.69789123535156
401.1861267089844 253.0817108154297 497.07215118408203 253.0817108154297 497.07215118408203 463.9398651123047 401.1861267089844 463.9398651123047
399.69915771484375 250.47021484375 494.70409393310547 250.47021484375 494.70409393310547 461.8478698730469 399.69915771484375 461.8478698730469
400.8561706542969 252.61941528320312 495.30069732666016 252.61941528320312 495.30069732666016 463.00701904296875 400.8561706542969 463.00701904296875
402.23712158203125 255.40914916992188 496.5247268676758 255.40914916992188 496.5247268676758 465.8758239746094 402.23712158203125 465.8758239746094
402.7496337890625 253.10769653320312 495.59439849853516 253.10769653320312 495.59439849853516 462.4683380126953 402.7496337890625 462.4683380126953
404.1546630859375 251.9005584716797 495.3108673095703 251.9005584716797 495.3108673095703 464.5518798828125 404.1546630859375 464.5518798828125
405.408447265625 252.4458770751953 494.94690704345703 252.4458770751953 494.94690704345703 464.6041564941406 405.408447265625 464.6041564941406
406.1123352050781 248.1928253173828 495.70338439941406 248.1928253173828 495.70338439941406 462.559814453125 406.1123352050781 462.559814453125
406.3912048339844 249.9656524658203 495.18414306640625 249.9656524658203 495.18414306640625 463.01976013183594 406.3912048339844 463.01976013183594
405.7860107421875 250.6733856201172 495.07069396972656 250.6733856201172 495.07069396972656 464.0271759033203 405.7860107421875 464.0271759033203
407.15557861328125 250.6758270263672 496.0699920654297 250.6758270263672 496.0699920654297 464.1275634765625 407.15557861328125 464.1275634765625
405.6571044921875 248.96463012695312 495.8565139770508 248.96463012695312 495.8565139770508 464.1763916015625 405.6571044921875 464.1763916015625
406.7863464355469 248.41470336914062 498.4062805175781 248.41470336914062 498.4062805175781 465.731201171875 406.7863464355469 465.731201171875
404.99127197265625 246.81103515625 497.1385498046875 246.81103515625 497.1385498046875 465.286865234375 404.99127197265625 465.286865234375
405.26776123046875 250.9568328857422 498.7011947631836 250.9568328857422 498.7011947631836 467.9907684326172 405.26776123046875 467.9907684326172
405.5779724121094 249.8707275390625 498.2431945800781 249.8707275390625 498.2431945800781 466.8575439453125 405.5779724121094 466.8575439453125
405.7230224609375 248.18167114257812 498.49825286865234 248.18167114257812 498.49825286865234 464.2140197753906 405.7230224609375 464.2140197753906
403.1910095214844 246.70693969726562 496.6770324707031 246.70693969726562 496.6770324707031 462.5449981689453 403.1910095214844 462.5449981689453
405.6549377441406 248.53530883789062 500.00537109375 248.53530883789062 500.00537109375 464.97332763671875 405.6549377441406 464.97332763671875
404.5730895996094 249.07080078125 500.81968688964844 249.07080078125 500.81968688964844 466.4303283691406 404.5730895996094 466.4303283691406
405.1332092285156 249.7556915283203 501.58475494384766 249.7556915283203 501.58475494384766 465.5843048095703 405.1332092285156 465.5843048095703
405.4906311035156 248.81954956054688 502.40946197509766 248.81954956054688 502.40946197509766 465.59156799316406 405.4906311035156 465.59156799316406
403.5789794921875 252.97531127929688 500.7398223876953 252.97531127929688 500.7398223876953 468.5219421386719 403.5789794921875 468.5219421386719
404.77532958984375 253.580078125 500.60640716552734 253.580078125 500.60640716552734 467.9803924560547 404.77532958984375 467.9803924560547
405.7893981933594 252.22225952148438 502.6558532714844 252.22225952148438 502.6558532714844 464.74652099609375 405.7893981933594 464.74652099609375
404.5099182128906 253.3777618408203 500.41648864746094 253.3777618408203 500.41648864746094 468.1441650390625 404.5099182128906 468.1441650390625
406.14385986328125 252.4535675048828 502.03773498535156 252.4535675048828 502.03773498535156 468.3427276611328 406.14385986328125 468.3427276611328
404.39990234375 250.39035034179688 499.38289642333984 250.39035034179688 499.38289642333984 467.0338134765625 404.39990234375 467.0338134765625
406.71343994140625 252.1053009033203 501.6811065673828 252.1053009033203 501.6811065673828 468.0746307373047 406.71343994140625 468.0746307373047
406.2389221191406 250.20626831054688 501.4762649536133 250.20626831054688 501.4762649536133 467.2403259277344 406.2389221191406 467.2403259277344
406.736083984375 250.6969451904297 500.35047912597656 250.6969451904297 500.35047912597656 467.5171661376953 406.736083984375 467.5171661376953
406.288818359375 249.6057586669922 499.57479095458984 249.6057586669922 499.57479095458984 466.7754669189453 406.288818359375 466.7754669189453
405.50042724609375 249.61593627929688 497.33941650390625 249.61593627929688 497.33941650390625 466.09815979003906 405.50042724609375 466.09815979003906
405.85528564453125 249.4035186767578 496.76397705078125 249.4035186767578 496.76397705078125 462.9712371826172 405.85528564453125 462.9712371826172
408.4022521972656 247.6025390625 499.3074722290039 247.6025390625 499.3074722290039 463.7663269042969 408.4022521972656 463.7663269042969
405.4864807128906 251.2202606201172 495.15318298339844 251.2202606201172 495.15318298339844 464.03602600097656 405.4864807128906 464.03602600097656
406.3870544433594 252.0419464111328 496.7622604370117 252.0419464111328 496.7622604370117 466.1259002685547 406.3870544433594 466.1259002685547
407.3045654296875 248.4400634765625 497.1249542236328 248.4400634765625 497.1249542236328 463.5606384277344 407.3045654296875 463.5606384277344
406.79400634765625 248.3216094970703 497.5664825439453 248.3216094970703 497.5664825439453 464.2195587158203 406.79400634765625 464.2195587158203
406.9777526855469 250.19400024414062 497.3783645629883 250.19400024414062 497.3783645629883 465.094970703125 406.9777526855469 465.094970703125
407.41619873046875 248.9349365234375 497.0729064941406 248.9349365234375 497.0729064941406 463.6490173339844 407.41619873046875 463.6490173339844
406.5259704589844 250.2004852294922 497.03271484375 250.2004852294922 497.03271484375 465.57679748535156 406.5259704589844 465.57679748535156
407.20660400390625 249.67953491210938 497.57579040527344 249.67953491210938 497.57579040527344 462.7368621826172 407.20660400390625 462.7368621826172
405.3955078125 251.150634765625 496.0907897949219 251.150634765625 496.0907897949219 463.7774963378906 405.3955078125 463.7774963378906
406.526123046875 251.4169464111328 497.9573745727539 251.4169464111328 497.9573745727539 462.77244567871094 406.526123046875 462.77244567871094
407.96697998046875 252.8492889404297 497.83411407470703 252.8492889404297 497.83411407470703 463.3174743652344 407.96697998046875 463.3174743652344
408.7784423828125 251.9517059326172 500.6921691894531 251.9517059326172 500.6921691894531 459.4622802734375 408.7784423828125 459.4622802734375
405.02227783203125 252.5556640625 496.9906463623047 252.5556640625 496.9906463623047 459.948974609375 405.02227783203125 459.948974609375
401.629150390625 255.77099609375 498.45499420166016 255.77099609375 498.45499420166016 455.50904846191406 401.629150390625 455.50904846191406
406.17462158203125 251.56884765625 496.0764694213867 251.56884765625 496.0764694213867 462.6149444580078 406.17462158203125 462.6149444580078
404.66571044921875 254.0320587158203 498.4590301513672 254.0320587158203 498.4590301513672 457.6127166748047 404.66571044921875 457.6127166748047
406.4689025878906 253.09326171875 498.16758728027344 253.09326171875 498.16758728027344 460.2945098876953 406.4689025878906 460.2945098876953
406.86138916015625 251.6663360595703 497.3309783935547 251.6663360595703 497.3309783935547 463.6341094970703 406.86138916015625 463.6341094970703
406.7134704589844 252.58547973632812 498.64244842529297 252.58547973632812 498.64244842529297 460.4738311767578 406.7134704589844 460.4738311767578
405.4559020996094 249.59976196289062 497.25550079345703 249.59976196289062 497.25550079345703 458.2748565673828 405.4559020996094 458.2748565673828
405.962646484375 252.33157348632812 498.0391616821289 252.33157348632812 498.0391616821289 459.59930419921875 405.962646484375 459.59930419921875
409.10162353515625 249.68130493164062 498.3783950805664 249.68130493164062 498.3783950805664 460.9986114501953 409.10162353515625 460.9986114501953
406.1319885253906 252.9805908203125 500.0068664550781 252.9805908203125 500.0068664550781 456.1008758544922 406.1319885253906 456.1008758544922
407.7759704589844 249.483642578125 496.79417419433594 249.483642578125 496.79417419433594 459.6255187988281 407.7759704589844 459.6255187988281
409.5419921875 253.97903442382812 501.50291442871094 253.97903442382812 501.50291442871094 459.8299560546875 409.5419921875 459.8299560546875
406.31298828125 246.28298950195312 498.38233184814453 246.28298950195312 498.38233184814453 455.7496337890625 406.31298828125 455.7496337890625
409.1985778808594 248.1573028564453 499.7843704223633 248.1573028564453 499.7843704223633 460.1830291748047 409.1985778808594 460.1830291748047
408.83648681640625 251.2842559814453 500.66648864746094 251.2842559814453 500.66648864746094 459.2968292236328 408.83648681640625 459.2968292236328
410.64996337890625 253.21768188476562 502.6531448364258 253.21768188476562 502.6531448364258 459.4661865234375 410.64996337890625 459.4661865234375
413.6543884277344 248.10464477539062 503.8540954589844 248.10464477539062 503.8540954589844 460.64500427246094 413.6543884277344 460.64500427246094
411.47723388671875 252.30380249023438 505.31612396240234 252.30380249023438 505.31612396240234 455.4519958496094 411.47723388671875 455.4519958496094
410.4347229003906 251.1722412109375 505.95165252685547 251.1722412109375 505.95165252685547 450.5552978515625 410.4347229003906 450.5552978515625
404.334228515625 254.09432983398438 499.59391021728516 254.09432983398438 499.59391021728516 450.83778381347656 404.334228515625 450.83778381347656
406.0374450683594 249.35791015625 497.4727783203125 249.35791015625 497.4727783203125 460.8974914550781 406.0374450683594 460.8974914550781
405.57696533203125 249.09725952148438 497.3338623046875 249.09725952148438 497.3338623046875 461.00331115722656 405.57696533203125 461.00331115722656
406.89813232421875 247.8662109375 499.27449798583984 247.8662109375 499.27449798583984 460.9690856933594 406.89813232421875 460.9690856933594
404.27667236328125 245.87051391601562 496.74452209472656 245.87051391601562 496.74452209472656 460.52122497558594 404.27667236328125 460.52122497558594
406.55950927734375 244.9535675048828 499.24888610839844 244.9535675048828 499.24888610839844 461.2654113769531 406.55950927734375 461.2654113769531
405.5152587890625 247.3651885986328 498.5694046020508 247.3651885986328 498.5694046020508 462.7216339111328 405.5152587890625 462.7216339111328
407.79681396484375 245.36373901367188 501.5704574584961 245.36373901367188 501.5704574584961 461.78077697753906 407.79681396484375 461.78077697753906
408.1272277832031 247.1071014404297 501.82061767578125 247.1071014404297 501.82061767578125 462.6685028076172 408.1272277832031 462.6685028076172
406.09979248046875 245.306396484375 498.85323333740234 245.306396484375 498.85323333740234 462.1427764892578 406.09979248046875 462.1427764892578
407.24273681640625 245.25778198242188 499.7176818847656 245.25778198242188 499.7176818847656 462.1838836669922 407.24273681640625 462.1838836669922
406.32904052734375 246.2230987548828 498.70726013183594 246.2230987548828 498.70726013183594 464.06321716308594 406.32904052734375 464.06321716308594
405.30621337890625 246.38381958007812 498.4064712524414 246.38381958007812 498.4064712524414 464.81455993652344 405.30621337890625 464.81455993652344
407.7940979003906 244.2174835205078 502.36888122558594 244.2174835205078 502.36888122558594 463.4915008544922 407.7940979003906 463.4915008544922
406.89691162109375 245.2811279296875 501.3220977783203 245.2811279296875 501.3220977783203 463.6172332763672 406.89691162109375 463.6172332763672
406.53533935546875 243.6351776123047 499.3278045654297 243.6351776123047 499.3278045654297 462.93885803222656 406.53533935546875 462.93885803222656
407.0578308105469 244.1724395751953 500.87632751464844 244.1724395751953 500.87632751464844 462.5998840332031 407.0578308105469 462.5998840332031
408.03192138671875 245.5015411376953 501.9428939819336 245.5015411376953 501.9428939819336 464.0951690673828 408.03192138671875 464.0951690673828
406.47625732421875 242.7566680908203 500.05079650878906 242.7566680908203 500.05079650878906 462.5296630859375 406.47625732421875 462.5296630859375
407.041748046875 244.70181274414062 500.288330078125 244.70181274414062 500.288330078125 463.6965637207031 407.041748046875 463.6965637207031
406.1835632324219 245.73397827148438 499.90086364746094 245.73397827148438 499.90086364746094 463.8519287109375 406.1835632324219 463.8519287109375
408.42401123046875 247.133544921875 502.23681640625 247.133544921875 502.23681640625 465.2371063232422 408.42401123046875 465.2371063232422
408.03204345703125 245.621826171875 500.8410110473633 245.621826171875 500.8410110473633 463.0568542480469 408.03204345703125 463.0568542480469
408.5433044433594 245.74755859375 501.25353240966797 245.74755859375 501.25353240966797 462.9481201171875 408.5433044433594 462.9481201171875
409.9647521972656 245.4095001220703 501.80713653564453 245.4095001220703 501.80713653564453 461.30943298339844 409.9647521972656 461.30943298339844
408.75811767578125 246.361572265625 500.67933654785156 246.361572265625 500.67933654785156 462.8959503173828 408.75811767578125 462.8959503173828
409.38995361328125 246.6625518798828 502.52110290527344 246.6625518798828 502.52110290527344 462.1032257080078 409.38995361328125 462.1032257080078
409.67401123046875 245.70327758789062 501.48180389404297 245.70327758789062 501.48180389404297 461.2940979003906 409.67401123046875 461.2940979003906
408.85430908203125 244.2440948486328 502.3085632324219 244.2440948486328 502.3085632324219 460.1115264892578 408.85430908203125 460.1115264892578
410.9693908691406 244.35671997070312 505.3976287841797 244.35671997070312 505.3976287841797 460.3757629394531 410.9693908691406 460.3757629394531
410.66876220703125 245.1256103515625 506.3591842651367 245.1256103515625 506.3591842651367 461.1731719970703 410.66876220703125 461.1731719970703
412.1611328125 251.24996948242188 507.73656463623047 251.24996948242188 507.73656463623047 463.6468200683594 412.1611328125 463.6468200683594
409.6893005371094 254.62899780273438 505.39149475097656 254.62899780273438 505.39149475097656 466.2764129638672 409.6893005371094 466.2764129638672
409.98431396484375 253.1309051513672 507.33753967285156 253.1309051513672 507.33753967285156 468.2708740234375 409.98431396484375 468.2708740234375
411.64300537109375 250.36929321289062 512.3481826782227 250.36929321289062 512.3481826782227 468.5245666503906 411.64300537109375 468.5245666503906
411.3196716308594 255.20046997070312 515.4753265380859 255.20046997070312 515.4753265380859 465.6553039550781 411.3196716308594 465.6553039550781
416.15692138671875 263.19122314453125 521.5529403686523 263.19122314453125 521.5529403686523 471.26177978515625 416.15692138671875 471.26177978515625
418.06695556640625 257.8585510253906 525.8134155273438 257.8585510253906 525.8134155273438 468.8860626220703 418.06695556640625 468.8860626220703
424.87957763671875 256.40069580078125 534.2528457641602 256.40069580078125 534.2528457641602 468.0585632324219 424.87957763671875 468.0585632324219
425.4288024902344 256.0621032714844 534.661979675293 256.0621032714844 534.661979675293 467.44886779785156 425.4288024902344 467.44886779785156
429.49261474609375 258.49603271484375 538.0344848632812 258.49603271484375 538.0344848632812 473.13002014160156 429.49261474609375 473.13002014160156
433.19354248046875 256.6460876464844 542.5712738037109 256.6460876464844 542.5712738037109 468.3126220703125 433.19354248046875 468.3126220703125
436.8175354003906 256.5559997558594 547.3758392333984 256.5559997558594 547.3758392333984 470.5071716308594 436.8175354003906 470.5071716308594
437.03668212890625 254.202392578125 548.2610473632812 254.202392578125 548.2610473632812 469.2803192138672 437.03668212890625 469.2803192138672
444.77783203125 252.24569702148438 557.7961807250977 252.24569702148438 557.7961807250977 470.9574890136719 444.77783203125 470.9574890136719
443.39739990234375 249.14480590820312 553.7558975219727 249.14480590820312 553.7558975219727 468.39837646484375 443.39739990234375 468.39837646484375
451.8522033691406 248.8426513671875 559.2090377807617 248.8426513671875 559.2090377807617 468.4475555419922 451.8522033691406 468.4475555419922
449.12451171875 250.65103149414062 558.3553085327148 250.65103149414062 558.3553085327148 464.1728057861328 449.12451171875 464.1728057861328
451.8758239746094 247.08544921875 560.3957061767578 247.08544921875 560.3957061767578 464.3800048828125 451.8758239746094 464.3800048828125
459.577392578125 247.53665161132812 568.6317596435547 247.53665161132812 568.6317596435547 464.6239776611328 459.577392578125 464.6239776611328
459.2198181152344 246.5409698486328 570.082878112793 246.5409698486328 570.082878112793 464.6044921875 459.2198181152344 464.6044921875
465.70745849609375 242.433349609375 576.353271484375 242.433349609375 576.353271484375 458.4826202392578 465.70745849609375 458.4826202392578
466.7999572753906 246.74575805664062 577.4657287597656 246.74575805664062 577.4657287597656 460.63352966308594 466.7999572753906 460.63352966308594
472.1991271972656 245.99984741210938 581.8531951904297 245.99984741210938 581.8531951904297 458.20106506347656 472.1991271972656 458.20106506347656
474.46624755859375 245.2127227783203 584.7342910766602 245.2127227783203 584.7342910766602 463.6118621826172 474.46624755859375 463.6118621826172
475.3004455566406 246.6020050048828 586.9633331298828 246.6020050048828 586.9633331298828 464.3573455810547 475.3004455566406 464.3573455810547
480.0367126464844 245.69479370117188 588.6366424560547 245.69479370117188 588.6366424560547 455.8560485839844 480.0367126464844 455.8560485839844
485.09063720703125 247.30502319335938 591.6759185791016 247.30502319335938 591.6759185791016 456.46376037597656 485.09063720703125 456.46376037597656
490.6942443847656 246.8491668701172 598.0528411865234 246.8491668701172 598.0528411865234 454.6082000732422 490.6942443847656 454.6082000732422
495.78460693359375 247.707763671875 602.8414916992188 247.707763671875 602.8414916992188 454.8829345703125 495.78460693359375 454.8829345703125
490.93475341796875 245.63198852539062 597.9059600830078 245.63198852539062 597.9059600830078 452.641357421875 490.93475341796875 452.641357421875
496.4855041503906 247.2103271484375 603.9654693603516 247.2103271484375 603.9654693603516 455.2042541503906 496.4855041503906 455.2042541503906
508.01409912109375 250.709716796875 616.8348159790039 250.709716796875 616.8348159790039 461.2982635498047 508.01409912109375 461.2982635498047
508.6690368652344 249.0962371826172 618.9144134521484 249.0962371826172 618.9144134521484 462.4417419433594 508.6690368652344 462.4417419433594
518.7329711914062 248.5820770263672 627.9221343994141 248.5820770263672 627.9221343994141 459.8835906982422 518.7329711914062 459.8835906982422
518.9591064453125 248.2627410888672 628.4070205688477 248.2627410888672 628.4070205688477 460.0649871826172 518.9591064453125 460.0649871826172
528.42919921875 251.55429077148438 639.1203231811523 251.55429077148438 639.1203231811523 461.83668518066406 528.42919921875 461.83668518066406
539.0679931640625 246.448486328125 648.2780532836914 246.448486328125 648.2780532836914 457.7904052734375 539.0679931640625 457.7904052734375
544.2962036132812 242.0749969482422 652.2746200561523 242.0749969482422 652.2746200561523 451.03346252441406 544.2962036132812 451.03346252441406
537.8416137695312 246.2124786376953 646.4170074462891 246.2124786376953 646.4170074462891 456.3262176513672 537.8416137695312 456.3262176513672
540.8031005859375 245.3909912109375 650.3941040039062 245.3909912109375 650.3941040039062 455.2321319580078 540.8031005859375 455.2321319580078
547.2449951171875 244.93411254882812 657.2632293701172 244.93411254882812 657.2632293701172 456.64813232421875 547.2449951171875 456.64813232421875
551.3161010742188 245.36441040039062 663.3182983398438 245.36441040039062 663.3182983398438 462.1096496582031 551.3161010742188 462.1096496582031
558.7396240234375 248.80203247070312 670.8384170532227 248.80203247070312 670.8384170532227 463.14915466308594 558.7396240234375 463.14915466308594
553.2025146484375 249.1839141845703 667.5829696655273 249.1839141845703 667.5829696655273 470.5315246582031 553.2025146484375 470.5315246582031
557.1117553710938 237.68798828125 672.2005844116211 237.68798828125 672.2005844116211 460.4064483642578 557.1117553710938 460.4064483642578
552.6539306640625 243.7312774658203 668.8650512695312 243.7312774658203 668.8650512695312 468.62158203125 552.6539306640625 468.62158203125
559.0134887695312 248.6072540283203 678.7899932861328 248.6072540283203 678.7899932861328 457.6913299560547 559.0134887695312 457.6913299560547
551.1801147460938 243.8820343017578 670.5985260009766 243.8820343017578 670.5985260009766 457.631591796875 551.1801147460938 457.631591796875
543.3689575195312 246.8349609375 658.3484344482422 246.8349609375 658.3484344482422 469.3417663574219 543.3689575195312 469.3417663574219
600.4140014648438 250.13427734375 713.4256134033203 250.13427734375 713.4256134033203 468.8329162597656 600.4140014648438 468.8329162597656
586.7176513671875 251.0840301513672 699.2017593383789 251.0840301513672 699.2017593383789 466.6532897949219 586.7176513671875 466.6532897949219
568.7386474609375 253.91213989257812 682.4473419189453 253.91213989257812 682.4473419189453 468.2254638671875 568.7386474609375 468.2254638671875
594.3509521484375 251.0359649658203 706.1769409179688 251.0359649658203 706.1769409179688 467.4402160644531 594.3509521484375 467.4402160644531
605.2582397460938 243.26864624023438 716.6106719970703 243.26864624023438 716.6106719970703 458.7564697265625 605.2582397460938 458.7564697265625
602.2091674804688 239.2737274169922 713.2884368896484 239.2737274169922 713.2884368896484 454.23291015625 602.2091674804688 454.23291015625
603.7619018554688 238.5575408935547 715.1748504638672 238.5575408935547 715.1748504638672 454.1624755859375 603.7619018554688 454.1624755859375
597.7921752929688 234.7530975341797 708.8896636962891 234.7530975341797 708.8896636962891 449.74755859375 597.7921752929688 449.74755859375
598.4028930664062 230.5969696044922 712.8635864257812 230.5969696044922 712.8635864257812 452.09986877441406 598.4028930664062 452.09986877441406
594.1354370117188 231.4403839111328 710.9672012329102 231.4403839111328 710.9672012329102 457.53173828125 594.1354370117188 457.53173828125
583.1124267578125 235.74673461914062 701.7807846069336 235.74673461914062 701.7807846069336 465.3922424316406 583.1124267578125 465.3922424316406
592.1828002929688 234.63607788085938 708.9893417358398 234.63607788085938 708.9893417358398 462.803466796875 592.1828002929688 462.803466796875
598.3943481445312 235.62832641601562 714.2373809814453 235.62832641601562 714.2373809814453 460.8830871582031 598.3943481445312 460.8830871582031
604.8997802734375 246.0638427734375 717.4577484130859 246.0638427734375 717.4577484130859 463.8845977783203 604.8997802734375 463.8845977783203
609.8863525390625 249.4228973388672 721.2010879516602 249.4228973388672 721.2010879516602 464.83778381347656 609.8863525390625 464.83778381347656
610.6162109375 249.79086303710938 722.2148666381836 249.79086303710938 722.2148666381836 466.0923309326172 610.6162109375 466.0923309326172
609.7106323242188 251.63833618164062 720.7564239501953 251.63833618164062 720.7564239501953 466.53416442871094 609.7106323242188 466.53416442871094
615.0560913085938 250.4889678955078 725.1549224853516 250.4889678955078 725.1549224853516 463.8449249267578 615.0560913085938 463.8449249267578
611.1094970703125 250.3793487548828 720.7815093994141 250.3793487548828 720.7815093994141 460.7221984863281 611.1094970703125 460.7221984863281
613.5896606445312 250.66650390625 722.27099609375 250.66650390625 722.27099609375 462.7336883544922 613.5896606445312 462.7336883544922
621.9163208007812 252.65625 726.4157485961914 252.65625 726.4157485961914 462.0736846923828 621.9163208007812 462.0736846923828
618.8961181640625 251.2467803955078 722.3708953857422 251.2467803955078 722.3708953857422 461.0661163330078 618.8961181640625 461.0661163330078
616.1893920898438 255.49942016601562 723.3553848266602 255.49942016601562 723.3553848266602 462.74652099609375 616.1893920898438 462.74652099609375
612.9666137695312 256.8492126464844 718.1957168579102 256.8492126464844 718.1957168579102 462.31373596191406 612.9666137695312 462.31373596191406
613.0654907226562 254.5106658935547 717.4460067749023 254.5106658935547 717.4460067749023 463.9362487792969 613.0654907226562 463.9362487792969
609.8521118164062 257.73114013671875 716.2352142333984 257.73114013671875 716.2352142333984 463.93516540527344 609.8521118164062 463.93516540527344
607.5079956054688 261.0047302246094 714.3634796142578 261.0047302246094 714.3634796142578 461.163818359375 607.5079956054688 461.163818359375
607.3556518554688 262.6219787597656 714.1234130859375 262.6219787597656 714.1234130859375 460.74481201171875 607.3556518554688 460.74481201171875
605.1553344726562 263.1527404785156 712.0931854248047 263.1527404785156 712.0931854248047 463.11070251464844 605.1553344726562 463.11070251464844
602.5841064453125 264.13800048828125 707.1350860595703 264.13800048828125 707.1350860595703 462.15931701660156 602.5841064453125 462.15931701660156
606.0660400390625 261.27392578125 708.5213165283203 261.27392578125 708.5213165283203 459.54408264160156 606.0660400390625 459.54408264160156
605.6798095703125 262.5309143066406 707.4203033447266 262.5309143066406 707.4203033447266 459.41783142089844 605.6798095703125 459.41783142089844
599.3462524414062 253.87075805664062 701.651985168457 253.87075805664062 701.651985168457 451.85150146484375 599.3462524414062 451.85150146484375
581.8330078125 251.1429443359375 684.1519088745117 251.1429443359375 684.1519088745117 449.14918518066406 581.8330078125 449.14918518066406
576.2745971679688 255.33621215820312 678.5491104125977 255.33621215820312 678.5491104125977 453.2565460205078 576.2745971679688 453.2565460205078
570.8521728515625 251.6204833984375 673.9694061279297 251.6204833984375 673.9694061279297 451.1716613769531 570.8521728515625 451.1716613769531
568.8560791015625 252.9549102783203 671.1786651611328 252.9549102783203 671.1786651611328 450.9683074951172 568.8560791015625 450.9683074951172
566.7774658203125 255.2398681640625 668.4267730712891 255.2398681640625 668.4267730712891 451.9503631591797 566.7774658203125 451.9503631591797
564.1363525390625 254.9983673095703 664.6571502685547 254.9983673095703 664.6571502685547 449.5249786376953 564.1363525390625 449.5249786376953
564.3682861328125 253.5265350341797 664.2140731811523 253.5265350341797 664.2140731811523 446.74688720703125 564.3682861328125 446.74688720703125
556.6068115234375 258.85321044921875 654.1367416381836 258.85321044921875 654.1367416381836 450.6309814453125 556.6068115234375 450.6309814453125
559.1884765625 261.8985595703125 653.8898773193359 261.8985595703125 653.8898773193359 453.3582000732422 559.1884765625 453.3582000732422
555.6837158203125 262.1556701660156 650.1382598876953 262.1556701660156 650.1382598876953 454.13037109375 555.6837158203125 454.13037109375
554.2322998046875 265.3600158691406 648.089111328125 265.3600158691406 648.089111328125 457.52398681640625 554.2322998046875 457.52398681640625
551.0972900390625 263.41851806640625 646.0245819091797 263.41851806640625 646.0245819091797 453.0305480957031 551.0972900390625 453.0305480957031
547.498779296875 270.62042236328125 643.2981567382812 270.62042236328125 643.2981567382812 456.0102233886719 547.498779296875 456.0102233886719
539.2041015625 265.60992431640625 633.703483581543 265.60992431640625 633.703483581543 452.1041564941406 539.2041015625 452.1041564941406
539.5178833007812 267.1876525878906 632.2536773681641 267.1876525878906 632.2536773681641 453.9369354248047 539.5178833007812 453.9369354248047
536.7249755859375 259.88250732421875 623.5432739257812 259.88250732421875 623.5432739257812 451.09857177734375 536.7249755859375 451.09857177734375
535.5073852539062 266.2350769042969 620.1128387451172 266.2350769042969 620.1128387451172 453.249267578125 535.5073852539062 453.249267578125
531.6905517578125 265.3207702636719 616.2496185302734 265.3207702636719 616.2496185302734 448.5908203125 531.6905517578125 448.5908203125
527.8978271484375 270.36895751953125 612.8896560668945 270.36895751953125 612.8896560668945 453.43243408203125 527.8978271484375 453.43243408203125
526.5963134765625 276.204833984375 614.8839416503906 276.204833984375 614.8839416503906 451.57244873046875 526.5963134765625 451.57244873046875
523.3660888671875 276.6515197753906 612.7826080322266 276.6515197753906 612.7826080322266 449.6892852783203 523.3660888671875 449.6892852783203
519.77197265625 279.5751953125 608.1658554077148 279.5751953125 608.1658554077148 455.5252990722656 519.77197265625 455.5252990722656
518.9451904296875 270.7481689453125 607.9761734008789 270.7481689453125 607.9761734008789 446.5489501953125 518.9451904296875 446.5489501953125
515.585205078125 275.58245849609375 605.4889221191406 275.58245849609375 605.4889221191406 449.5630645751953 515.585205078125 449.5630645751953
514.4547729492188 278.28192138671875 603.8941650390625 278.28192138671875 603.8941650390625 451.3639831542969 514.4547729492188 451.3639831542969
511.5252990722656 282.5008544921875 602.2154693603516 282.5008544921875 602.2154693603516 458.00341796875 511.5252990722656 458.00341796875
503.45477294921875 277.3140869140625 594.9263381958008 277.3140869140625 594.9263381958008 454.32879638671875 503.45477294921875 454.32879638671875
499.26446533203125 279.37164306640625 591.4846038818359 279.37164306640625 591.4846038818359 457.83497619628906 499.26446533203125 457.83497619628906
499.08319091796875 282.24188232421875 589.3103332519531 282.24188232421875 589.3103332519531 456.848388671875 499.08319091796875 456.848388671875
495.49407958984375 277.7435607910156 584.2370147705078 277.7435607910156 584.2370147705078 449.4778594970703 495.49407958984375 449.4778594970703
488.68280029296875 280.3088684082031 576.3901519775391 280.3088684082031 576.3901519775391 450.03912353515625 488.68280029296875 450.03912353515625
485.98309326171875 280.14208984375 573.0054168701172 280.14208984375 573.0054168701172 448.5466766357422 485.98309326171875 448.5466766357422
479.82904052734375 276.2506103515625 565.7534561157227 276.2506103515625 565.7534561157227 442.5305480957031 479.82904052734375 442.5305480957031
478.44622802734375 282.47772216796875 563.7581176757812 282.47772216796875 563.7581176757812 447.5723114013672 478.44622802734375 447.5723114013672
474.76971435546875 281.5345764160156 559.6198272705078 281.5345764160156 559.6198272705078 445.73553466796875 474.76971435546875 445.73553466796875
469.5126953125 283.14825439453125 554.9992446899414 283.14825439453125 554.9992446899414 448.58082580566406 469.5126953125 448.58082580566406
458.2559509277344 282.6090087890625 545.1628494262695 282.6090087890625 545.1628494262695 450.79022216796875 458.2559509277344 450.79022216796875
453.0296325683594 278.56768798828125 540.8574676513672 278.56768798828125 540.8574676513672 448.53106689453125 453.0296325683594 448.53106689453125
449.79376220703125 277.7316589355469 539.1368255615234 277.7316589355469 539.1368255615234 450.6272888183594 449.79376220703125 450.6272888183594
446.309326171875 278.33685302734375 536.8602752685547 278.33685302734375 536.8602752685547 453.5699768066406 446.309326171875 453.5699768066406
446.3228454589844 275.437255859375 538.5144348144531 275.437255859375 538.5144348144531 453.8453063964844 446.3228454589844 453.8453063964844
443.854248046875 272.78070068359375 537.6224975585938 272.78070068359375 537.6224975585938 454.2398986816406 443.854248046875 454.2398986816406
442.69171142578125 275.95294189453125 535.4896697998047 275.95294189453125 535.4896697998047 455.534423828125 442.69171142578125 455.534423828125
438.80816650390625 274.4950866699219 532.2001342773438 274.4950866699219 532.2001342773438 455.22608947753906 438.80816650390625 455.22608947753906
416.0865173339844 266.96722412109375 510.89231872558594 266.96722412109375 510.89231872558594 450.4342498779297 416.0865173339844 450.4342498779297
404.3952331542969 261.4168701171875 502.2775344848633 261.4168701171875 502.2775344848633 450.83750915527344 404.3952331542969 450.83750915527344
407.46917724609375 254.828857421875 506.56165313720703 254.828857421875 506.56165313720703 446.59141540527344 407.46917724609375 446.59141540527344
399.6222839355469 258.7090759277344 499.5563201904297 258.7090759277344 499.5563201904297 452.10020446777344 399.6222839355469 452.10020446777344
388.50958251953125 249.23910522460938 490.5730895996094 249.23910522460938 490.5730895996094 446.75115966796875 388.50958251953125 446.75115966796875
390.8472900390625 251.9167022705078 493.24427795410156 251.9167022705078 493.24427795410156 450.07408142089844 390.8472900390625 450.07408142089844
366.3725891113281 266.641845703125 468.7630157470703 266.641845703125 468.7630157470703 464.7865295410156 366.3725891113281 464.7865295410156
359.4100646972656 272.3985900878906 463.5554656982422 272.3985900878906 463.5554656982422 473.9394836425781 359.4100646972656 473.9394836425781
356.9519958496094 273.0419921875 464.2319793701172 273.0419921875 464.2319793701172 477.6275634765625 356.9519958496094 477.6275634765625
358.8472595214844 268.080810546875 465.9784851074219 268.080810546875 465.9784851074219 475.3998260498047 358.8472595214844 475.3998260498047
358.8382873535156 263.0267028808594 465.8204040527344 263.0267028808594 465.8204040527344 470.0571746826172 358.8382873535156 470.0571746826172
350.6358337402344 263.41400146484375 460.76438903808594 263.41400146484375 460.76438903808594 473.55992126464844 350.6358337402344 473.55992126464844
348.03643798828125 266.8964538574219 458.4364013671875 266.8964538574219 458.4364013671875 475.1742858886719 348.03643798828125 475.1742858886719
355.1968688964844 261.9053955078125 466.48301696777344 261.9053955078125 466.48301696777344 477.2649841308594 355.1968688964844 477.2649841308594
360.49200439453125 262.9762268066406 470.73934173583984 262.9762268066406 470.73934173583984 470.260498046875 360.49200439453125 470.260498046875
353.681396484375 265.41265869140625 463.52066802978516 265.41265869140625 463.52066802978516 470.78379821777344 353.681396484375 470.78379821777344
347.02642822265625 266.8880310058594 456.0798568725586 266.8880310058594 456.0798568725586 473.7760925292969 347.02642822265625 473.7760925292969
341.879150390625 266.9351501464844 452.2090072631836 266.9351501464844 452.2090072631836 475.1142272949219 341.879150390625 475.1142272949219
324.9199523925781 263.84515380859375 436.2736129760742 263.84515380859375 436.2736129760742 474.9146423339844 324.9199523925781 474.9146423339844
313.84454345703125 257.5830993652344 426.5710220336914 257.5830993652344 426.5710220336914 475.72998046875 313.84454345703125 475.72998046875
309.7078857421875 253.0371856689453 423.2158660888672 253.0371856689453 423.2158660888672 471.0841369628906 309.7078857421875 471.0841369628906
300.7566223144531 261.6397705078125 415.20201110839844 261.6397705078125 415.20201110839844 483.1130828857422 300.7566223144531 483.1130828857422
290.8409729003906 260.67132568359375 404.0099182128906 260.67132568359375 404.0099182128906 479.67449951171875 290.8409729003906 479.67449951171875
295.09197998046875 260.09429931640625 409.46551513671875 260.09429931640625 409.46551513671875 481.42857360839844 295.09197998046875 481.42857360839844
288.14410400390625 267.5110168457031 400.31565856933594 267.5110168457031 400.31565856933594 481.97825622558594 288.14410400390625 481.97825622558594
287.6330871582031 267.0542907714844 399.56825256347656 267.0542907714844 399.56825256347656 481.4266815185547 287.6330871582031 481.4266815185547
283.91461181640625 270.71942138671875 393.959716796875 270.71942138671875 393.959716796875 481.5217590332031 283.91461181640625 481.5217590332031
284.94732666015625 270.152099609375 393.34725189208984 270.152099609375 393.34725189208984 479.92626953125 284.94732666015625 479.92626953125
284.18084716796875 270.12255859375 391.0200958251953 270.12255859375 391.0200958251953 476.8765106201172 284.18084716796875 476.8765106201172
277.2048645019531 272.58563232421875 383.11219024658203 272.58563232421875 383.11219024658203 473.67193603515625 277.2048645019531 473.67193603515625
274.4915466308594 269.0491638183594 378.2441864013672 269.0491638183594 378.2441864013672 468.416748046875 274.4915466308594 468.416748046875
271.8826599121094 266.56683349609375 377.6724319458008 266.56683349609375 377.6724319458008 470.06739807128906 271.8826599121094 470.06739807128906
270.96929931640625 269.2499084472656 376.96083068847656 269.2499084472656 376.96083068847656 474.3634338378906 270.96929931640625 474.3634338378906
263.2247314453125 268.7972106933594 370.33988189697266 268.7972106933594 370.33988189697266 476.08514404296875 263.2247314453125 476.08514404296875
259.50811767578125 268.7230224609375 367.91957092285156 268.7230224609375 367.91957092285156 476.7968292236328 259.50811767578125 476.7968292236328
256.0705261230469 268.3356018066406 366.10045623779297 268.3356018066406 366.10045623779297 478.65313720703125 256.0705261230469 478.65313720703125
253.6649932861328 270.51666259765625 364.9707946777344 270.51666259765625 364.9707946777344 480.00733947753906 253.6649932861328 480.00733947753906
249.8656005859375 267.11376953125 358.7410125732422 267.11376953125 358.7410125732422 476.8531188964844 249.8656005859375 476.8531188964844
245.8945770263672 270.91534423828125 355.1508483886719 270.91534423828125 355.1508483886719 474.8555603027344 245.8945770263672 474.8555603027344
242.76669311523438 269.47650146484375 350.7438278198242 269.47650146484375 350.7438278198242 472.5453186035156 242.76669311523438 472.5453186035156
242.68722534179688 267.9591369628906 349.70275115966797 267.9591369628906 349.70275115966797 471.5320739746094 242.68722534179688 471.5320739746094
238.7969207763672 267.1761779785156 345.8102111816406 267.1761779785156 345.8102111816406 469.886962890625 238.7969207763672 469.886962890625
241.2802276611328 268.33367919921875 347.06781005859375 268.33367919921875 347.06781005859375 468.0213317871094 241.2802276611328 468.0213317871094
239.17330932617188 267.48370361328125 345.0823669433594 267.48370361328125 345.0823669433594 467.5652160644531 239.17330932617188 467.5652160644531
238.87728881835938 269.1573791503906 343.21226501464844 269.1573791503906 343.21226501464844 467.68724060058594 238.87728881835938 467.68724060058594
238.3365478515625 271.1917419433594 341.70362854003906 271.1917419433594 341.70362854003906 468.11634826660156 238.3365478515625 468.11634826660156
237.91000366210938 270.24505615234375 342.16380310058594 270.24505615234375 342.16380310058594 472.963134765625 237.91000366210938 472.963134765625
236.2339630126953 270.44976806640625 341.0066833496094 270.44976806640625 341.0066833496094 473.2599792480469 236.2339630126953 473.2599792480469
236.6322784423828 269.36322021484375 341.72132873535156 269.36322021484375 341.72132873535156 471.93995666503906 236.6322784423828 471.93995666503906
237.9795684814453 267.20489501953125 344.1944274902344 267.20489501953125 344.1944274902344 471.1142883300781 237.9795684814453 471.1142883300781
240.22805786132812 270.2138671875 344.98777770996094 270.2138671875 344.98777770996094 472.7935333251953 240.22805786132812 472.7935333251953
240.3391571044922 267.0650329589844 346.250732421875 267.0650329589844 346.250732421875 470.70819091796875 240.3391571044922 470.70819091796875
240.54959106445312 266.16217041015625 346.1620788574219 266.16217041015625 346.1620788574219 471.8849182128906 240.54959106445312 471.8849182128906
240.77560424804688 262.7230529785156 347.2280578613281 262.7230529785156 347.2280578613281 470.9761962890625 240.77560424804688 470.9761962890625
241.0894317626953 257.70428466796875 348.27477264404297 257.70428466796875 348.27477264404297 470.72991943359375 241.0894317626953 470.72991943359375
239.5931396484375 260.9290466308594 347.7935791015625 260.9290466308594 347.7935791015625 470.95172119140625 239.5931396484375 470.95172119140625
240.372802734375 257.76202392578125 349.0795440673828 257.76202392578125 349.0795440673828 472.15016174316406 240.372802734375 472.15016174316406
244.22726440429688 256.3181457519531 352.34559631347656 256.3181457519531 352.34559631347656 469.21600341796875 244.22726440429688 469.21600341796875
242.8715362548828 255.4858856201172 352.32181549072266 255.4858856201172 352.32181549072266 470.3807373046875 242.8715362548828 470.3807373046875
244.5476837158203 261.4865417480469 354.04931640625 261.4865417480469 354.04931640625 472.5748291015625 244.5476837158203 472.5748291015625
244.70413208007812 256.9383544921875 353.43785095214844 256.9383544921875 353.43785095214844 467.3584747314453 244.70413208007812 467.3584747314453
249.96923828125 257.5435485839844 358.97312927246094 257.5435485839844 358.97312927246094 467.6851501464844 249.96923828125 467.6851501464844
249.7071075439453 262.7071533203125 358.9199523925781 262.7071533203125 358.9199523925781 471.924560546875 249.7071075439453 471.924560546875
250.70645141601562 258.7435607910156 360.7861862182617 258.7435607910156 360.7861862182617 469.85955810546875 250.70645141601562 469.85955810546875
250.67678833007812 256.2784729003906 362.5902557373047 256.2784729003906 362.5902557373047 472.1956787109375 250.67678833007812 472.1956787109375
254.9069366455078 253.2140655517578 365.05787658691406 253.2140655517578 365.05787658691406 469.7902374267578 254.9069366455078 469.7902374267578
255.2306365966797 253.9795684814453 366.22510528564453 253.9795684814453 366.22510528564453 472.48875427246094 255.2306365966797 472.48875427246094
256.85595703125 257.28619384765625 367.9043731689453 257.28619384765625 367.9043731689453 473.3179016113281 256.85595703125 473.3179016113281
259.47076416015625 258.79742431640625 369.52840423583984 258.79742431640625 369.52840423583984 471.95835876464844 259.47076416015625 471.95835876464844
263.5509948730469 257.19622802734375 374.5444030761719 257.19622802734375 374.5444030761719 471.46360778808594 263.5509948730469 471.46360778808594
265.96600341796875 253.5907745361328 374.62786865234375 253.5907745361328 374.62786865234375 471.5410461425781 265.96600341796875 471.5410461425781
268.182373046875 252.47042846679688 377.51058197021484 252.47042846679688 377.51058197021484 472.17816162109375 268.182373046875 472.17816162109375
269.90814208984375 249.53408813476562 379.43873596191406 249.53408813476562 379.43873596191406 471.9783477783203 269.90814208984375 471.9783477783203
272.43255615234375 247.36489868164062 383.67140197753906 247.36489868164062 383.67140197753906 471.736083984375 272.43255615234375 471.736083984375
270.81756591796875 244.5655517578125 388.3433074951172 244.5655517578125 388.3433074951172 472.3004455566406 270.81756591796875 472.3004455566406
273.57928466796875 253.25253295898438 390.06998443603516 253.25253295898438 390.06998443603516 478.68385314941406 273.57928466796875 478.68385314941406
278.45867919921875 252.08279418945312 394.38087463378906 252.08279418945312 394.38087463378906 475.5823516845703 278.45867919921875 475.5823516845703
283.1190490722656 249.4021759033203 399.2794876098633 249.4021759033203 399.2794876098633 476.1208801269531 283.1190490722656 476.1208801269531
284.40802001953125 246.80374145507812 402.0529556274414 246.80374145507812 402.0529556274414 472.96343994140625 284.40802001953125 472.96343994140625
288.74859619140625 256.64752197265625 405.81624603271484 256.64752197265625 405.81624603271484 480.6651916503906 288.74859619140625 480.6651916503906
289.44866943359375 260.9221496582031 405.1404800415039 260.9221496582031 405.1404800415039 480.77838134765625 289.44866943359375 480.77838134765625
295.48358154296875 260.6103210449219 409.42608642578125 260.6103210449219 409.42608642578125 479.25929260253906 295.48358154296875 479.25929260253906
297.81573486328125 261.86102294921875 412.53021240234375 261.86102294921875 412.53021240234375 478.0732727050781 297.81573486328125 478.0732727050781
307.4179382324219 257.28668212890625 421.3175506591797 257.28668212890625 421.3175506591797 475.23260498046875 307.4179382324219 475.23260498046875
318.0380859375 256.5343017578125 431.0630340576172 256.5343017578125 431.0630340576172 477.976318359375 318.0380859375 477.976318359375
326.6795349121094 253.3815460205078 437.8057098388672 253.3815460205078 437.8057098388672 475.6139221191406 326.6795349121094 475.6139221191406
334.4873962402344 253.5628204345703 442.90015411376953 253.5628204345703 442.90015411376953 475.4676818847656 334.4873962402344 475.4676818847656
343.4755859375 250.968017578125 451.45372009277344 250.968017578125 451.45372009277344 478.6583709716797 343.4755859375 478.6583709716797
350.0834045410156 250.36865234375 454.2301940917969 250.36865234375 454.2301940917969 477.3375701904297 350.0834045410156 477.3375701904297
358.7552185058594 255.978515625 462.2478713989258 255.978515625 462.2478713989258 476.5787658691406 358.7552185058594 476.5787658691406
358.8231506347656 252.35568237304688 463.16746520996094 252.35568237304688 463.16746520996094 475.9354705810547 358.8231506347656 475.9354705810547
362.6246337890625 252.9120635986328 468.1743927001953 252.9120635986328 468.1743927001953 473.5876007080078 362.6246337890625 473.5876007080078
366.19622802734375 248.3709259033203 474.77740478515625 248.3709259033203 474.77740478515625 470.1242218017578 366.19622802734375 470.1242218017578
373.97662353515625 249.8532257080078 479.69559478759766 249.8532257080078 479.69559478759766 470.336669921875 373.97662353515625 470.336669921875
377.9271545410156 248.55697631835938 481.0526580810547 248.55697631835938 481.0526580810547 467.039794921875 377.9271545410156 467.039794921875
380.4609680175781 244.9795379638672 486.0540466308594 244.9795379638672 486.0540466308594 461.06568908691406 380.4609680175781 461.06568908691406
385.2604675292969 248.44711303710938 490.96583557128906 248.44711303710938 490.96583557128906 456.9690856933594 385.2604675292969 456.9690856933594
388.84759521484375 250.2287139892578 494.8395004272461 250.2287139892578 494.8395004272461 460.5111083984375 388.84759521484375 460.5111083984375
393.0271911621094 256.71124267578125 499.6480407714844 256.71124267578125 499.6480407714844 466.3720397949219 393.0271911621094 466.3720397949219
401.2845153808594 253.57766723632812 510.33338165283203 253.57766723632812 510.33338165283203 467.1646728515625 401.2845153808594 467.1646728515625
405.8578796386719 251.04940795898438 518.1323699951172 251.04940795898438 518.1323699951172 468.3215789794922 405.8578796386719 468.3215789794922
403.98883056640625 256.2528076171875 514.9133453369141 256.2528076171875 514.9133453369141 471.8713684082031 403.98883056640625 471.8713684082031
412.2789611816406 250.8125 523.238639831543 250.8125 523.238639831543 466.5082244873047 412.2789611816406 466.5082244873047
419.10321044921875 253.0511932373047 528.1083831787109 253.0511932373047 528.1083831787109 461.4654998779297 419.10321044921875 461.4654998779297
425.9461975097656 254.7261505126953 534.5627593994141 254.7261505126953 534.5627593994141 463.2163391113281 425.9461975097656 463.2163391113281
427.9559020996094 251.06796264648438 535.9108810424805 251.06796264648438 535.9108810424805 453.76893615722656 427.9559020996094 453.76893615722656
425.072509765625 256.80535888671875 527.2589263916016 256.80535888671875 527.2589263916016 454.40968322753906 425.072509765625 454.40968322753906
411.7046813964844 253.695068359375 519.1082000732422 253.695068359375 519.1082000732422 461.541015625 411.7046813964844 461.541015625
431.48394775390625 247.35440063476562 534.8469390869141 247.35440063476562 534.8469390869141 448.58619689941406 431.48394775390625 448.58619689941406
425.76727294921875 258.7132873535156 526.7246551513672 258.7132873535156 526.7246551513672 457.3784484863281 425.76727294921875 457.3784484863281
427.8589782714844 255.89151000976562 527.7441101074219 255.89151000976562 527.7441101074219 457.69273376464844 427.8589782714844 457.69273376464844
427.5824279785156 261.80169677734375 526.3259658813477 261.80169677734375 526.3259658813477 462.1414794921875 427.5824279785156 462.1414794921875
419.48834228515625 261.16015625 527.17333984375 261.16015625 527.17333984375 469.5508270263672 419.48834228515625 469.5508270263672
429.4276428222656 259.5135192871094 525.7722244262695 259.5135192871094 525.7722244262695 455.20286560058594 429.4276428222656 455.20286560058594
426.66253662109375 259.622802734375 523.121208190918 259.622802734375 523.121208190918 453.8926544189453 426.66253662109375 453.8926544189453
423.54119873046875 257.4000244140625 520.3190460205078 257.4000244140625 520.3190460205078 456.21937561035156 423.54119873046875 456.21937561035156
432.3473205566406 247.94967651367188 536.7729339599609 247.94967651367188 536.7729339599609 453.8891296386719 432.3473205566406 453.8891296386719
431.4242248535156 250.72817993164062 536.7562789916992 250.72817993164062 536.7562789916992 457.7923583984375 431.4242248535156 457.7923583984375
431.6912536621094 252.46713256835938 535.0993118286133 252.46713256835938 535.0993118286133 461.021240234375 431.6912536621094 461.021240234375
431.53857421875 254.94393920898438 536.5644149780273 254.94393920898438 536.5644149780273 463.0113220214844 431.53857421875 463.0113220214844
432.62725830078125 254.4833984375 536.8180999755859 254.4833984375 536.8180999755859 461.9029998779297 432.62725830078125 461.9029998779297
433.32244873046875 255.7760009765625 542.1011123657227 255.7760009765625 542.1011123657227 461.5230255126953 433.32244873046875 461.5230255126953
446.34283447265625 250.20809936523438 561.6423950195312 250.20809936523438 561.6423950195312 460.9966278076172 446.34283447265625 460.9966278076172
458.00299072265625 250.8549041748047 572.2313842773438 250.8549041748047 572.2313842773438 459.3738555908203 458.00299072265625 459.3738555908203
486.9102478027344 249.9253692626953 593.702262878418 249.9253692626953 593.702262878418 459.3208770751953 486.9102478027344 459.3208770751953
494.2085876464844 261.50994873046875 607.2683563232422 261.50994873046875 607.2683563232422 477.30747985839844 494.2085876464844 477.30747985839844
496.26165771484375 248.6367645263672 609.0610504150391 248.6367645263672 609.0610504150391 470.77565002441406 496.26165771484375 470.77565002441406
495.8056640625 249.35055541992188 609.4761505126953 249.35055541992188 609.4761505126953 471.96510314941406 495.8056640625 471.96510314941406
500.37811279296875 246.74911499023438 619.2884674072266 246.74911499023438 619.2884674072266 468.34315490722656 500.37811279296875 468.34315490722656
503.8727111816406 244.9365692138672 626.7254486083984 244.9365692138672 626.7254486083984 468.9928436279297 503.8727111816406 468.9928436279297
502.514892578125 245.6056671142578 623.2204818725586 245.6056671142578 623.2204818725586 469.2062072753906 502.514892578125 469.2062072753906
512.6570434570312 240.2540740966797 630.1270980834961 240.2540740966797 630.1270980834961 463.6937713623047 512.6570434570312 463.6937713623047
515.2244262695312 236.9666748046875 635.2234344482422 236.9666748046875 635.2234344482422 464.8592071533203 515.2244262695312 464.8592071533203
517.2899780273438 230.59066772460938 642.7629241943359 230.59066772460938 642.7629241943359 464.58815002441406 517.2899780273438 464.58815002441406
518.8084716796875 240.5038604736328 646.8516540527344 240.5038604736328 646.8516540527344 468.4432678222656 518.8084716796875 468.4432678222656
524.1277465820312 238.2563018798828 652.44873046875 238.2563018798828 652.44873046875 472.443115234375 524.1277465820312 472.443115234375
529.337890625 240.21142578125 652.7213897705078 240.21142578125 652.7213897705078 478.9816131591797 529.337890625 478.9816131591797
526.61376953125 245.52047729492188 652.0490875244141 245.52047729492188 652.0490875244141 470.3188934326172 526.61376953125 470.3188934326172
529.0165405273438 246.3562774658203 653.1690216064453 246.3562774658203 653.1690216064453 469.2313690185547 529.0165405273438 469.2313690185547
529.8768310546875 247.75399780273438 653.1965560913086 247.75399780273438 653.1965560913086 470.2781677246094 529.8768310546875 470.2781677246094
525.5524291992188 247.826904296875 650.7937850952148 247.826904296875 650.7937850952148 470.6168518066406 525.5524291992188 470.6168518066406
530.9192504882812 245.30966186523438 652.6356964111328 245.30966186523438 652.6356964111328 470.9394226074219 530.9192504882812 470.9394226074219
533.0535888671875 244.5994110107422 653.9290618896484 244.5994110107422 653.9290618896484 472.92872619628906 533.0535888671875 472.92872619628906
533.38330078125 243.61898803710938 653.4189834594727 243.61898803710938 653.4189834594727 472.38661193847656 533.38330078125 472.38661193847656
534.4927978515625 244.67050170898438 654.7437515258789 244.67050170898438 654.7437515258789 470.50384521484375 534.4927978515625 470.50384521484375
537.1480712890625 243.4849395751953 656.5498657226562 243.4849395751953 656.5498657226562 471.4767608642578 537.1480712890625 471.4767608642578
537.7957763671875 243.97048950195312 655.7733535766602 243.97048950195312 655.7733535766602 470.6743927001953 537.7957763671875 470.6743927001953
538.5310668945312 244.4475555419922 654.2800674438477 244.4475555419922 654.2800674438477 471.5764617919922 538.5310668945312 471.5764617919922
543.4935913085938 245.794677734375 654.6530914306641 245.794677734375 654.6530914306641 470.7503356933594 543.4935913085938 470.7503356933594
540.517578125 246.1307830810547 651.8197479248047 246.1307830810547 651.8197479248047 469.983154296875 540.517578125 469.983154296875
543.6392822265625 246.6002960205078 650.7340545654297 246.6002960205078 650.7340545654297 467.4482727050781 543.6392822265625 467.4482727050781
545.4146118164062 246.27859497070312 650.721435546875 246.27859497070312 650.721435546875 468.0161895751953 545.4146118164062 468.0161895751953
545.86865234375 248.02511596679688 649.9367904663086 248.02511596679688 649.9367904663086 465.50965881347656 545.86865234375 465.50965881347656
544.9674072265625 244.0264129638672 648.4517822265625 244.0264129638672 648.4517822265625 463.807373046875 544.9674072265625 463.807373046875
545.0169067382812 244.0347442626953 647.4620208740234 244.0347442626953 647.4620208740234 464.7344055175781 545.0169067382812 464.7344055175781
546.6126098632812 249.7784423828125 645.2418518066406 249.7784423828125 645.2418518066406 466.9871368408203 546.6126098632812 466.9871368408203
546.0484619140625 249.5283966064453 643.249267578125 249.5283966064453 643.249267578125 467.50694274902344 546.0484619140625 467.50694274902344
542.1475830078125 248.15487670898438 641.7549896240234 248.15487670898438 641.7549896240234 467.8982849121094 542.1475830078125 467.8982849121094
542.2926635742188 249.39794921875 641.7760238647461 249.39794921875 641.7760238647461 468.8819274902344 542.2926635742188 468.8819274902344
537.5687255859375 249.123046875 640.9700927734375 249.123046875 640.9700927734375 470.0878448486328 537.5687255859375 470.0878448486328
538.6551513671875 246.76083374023438 644.6932754516602 246.76083374023438 644.6932754516602 469.59674072265625 538.6551513671875 469.59674072265625
538.22509765625 247.01806640625 643.5875473022461 247.01806640625 643.5875473022461 469.1326904296875 538.22509765625 469.1326904296875
536.3486328125 248.5635223388672 641.41455078125 248.5635223388672 641.41455078125 469.2047576904297 536.3486328125 469.2047576904297
535.3802490234375 247.6176300048828 641.3873672485352 247.6176300048828 641.3873672485352 470.76109313964844 535.3802490234375 470.76109313964844
532.9016723632812 245.8257293701172 639.8007431030273 245.8257293701172 639.8007431030273 470.5140838623047 532.9016723632812 470.5140838623047
531.4012451171875 248.5952606201172 637.810302734375 248.5952606201172 637.810302734375 470.0299987792969 531.4012451171875 470.0299987792969
529.69677734375 248.1472930908203 632.4600219726562 248.1472930908203 632.4600219726562 467.3554992675781 529.69677734375 467.3554992675781
528.5941162109375 248.3567352294922 630.8497467041016 248.3567352294922 630.8497467041016 469.4682312011719 528.5941162109375 469.4682312011719
528.5148315429688 246.986328125 631.4257202148438 246.986328125 631.4257202148438 473.3374328613281 528.5148315429688 473.3374328613281
524.2918701171875 248.92245483398438 628.6185150146484 248.92245483398438 628.6185150146484 470.8796844482422 524.2918701171875 470.8796844482422
523.8175048828125 248.8005828857422 629.4274749755859 248.8005828857422 629.4274749755859 471.3189239501953 523.8175048828125 471.3189239501953
523.5394287109375 252.08059692382812 629.7114715576172 252.08059692382812 629.7114715576172 472.50750732421875 523.5394287109375 472.50750732421875
523.7532958984375 252.53683471679688 627.0810317993164 252.53683471679688 627.0810317993164 470.3861541748047 523.7532958984375 470.3861541748047
521.0785522460938 251.60598754882812 623.4208831787109 251.60598754882812 623.4208831787109 466.3903350830078 521.0785522460938 466.3903350830078
523.1958618164062 251.62374877929688 624.9281463623047 251.62374877929688 624.9281463623047 469.2792205810547 523.1958618164062 469.2792205810547
521.4459838867188 250.6009979248047 623.8418884277344 250.6009979248047 623.8418884277344 466.4838562011719 521.4459838867188 466.4838562011719
520.2551879882812 253.6361846923828 621.3979034423828 253.6361846923828 621.3979034423828 466.05528259277344 520.2551879882812 466.05528259277344
522.1509399414062 253.3119354248047 624.0349426269531 253.3119354248047 624.0349426269531 464.77711486816406 522.1509399414062 464.77711486816406
521.5343627929688 256.1646423339844 623.9441986083984 256.1646423339844 623.9441986083984 462.99879455566406 521.5343627929688 462.99879455566406
523.2643432617188 254.89468383789062 624.1126098632812 254.89468383789062 624.1126098632812 461.18634033203125 523.2643432617188 461.18634033203125
525.7631225585938 255.7118377685547 625.8412322998047 255.7118377685547 625.8412322998047 462.5906982421875 525.7631225585938 462.5906982421875
522.8408813476562 255.2533721923828 622.0962753295898 255.2533721923828 622.0962753295898 459.2273406982422 522.8408813476562 459.2273406982422
520.0709228515625 256.22198486328125 622.0088653564453 256.22198486328125 622.0088653564453 457.94775390625 520.0709228515625 457.94775390625
523.7205200195312 255.5364990234375 624.9037780761719 255.5364990234375 624.9037780761719 457.80560302734375 523.7205200195312 457.80560302734375
522.5103759765625 256.09478759765625 626.1568374633789 256.09478759765625 626.1568374633789 462.72593688964844 522.5103759765625 462.72593688964844
522.4230346679688 254.5775604248047 625.2589950561523 254.5775604248047 625.2589950561523 459.4114685058594 522.4230346679688 459.4114685058594
522.51806640625 255.7418212890625 627.7593154907227 255.7418212890625 627.7593154907227 461.4448699951172 522.51806640625 461.4448699951172
523.3338623046875 254.7898406982422 631.5381317138672 254.7898406982422 631.5381317138672 466.1905517578125 523.3338623046875 466.1905517578125
523.4578247070312 254.4039764404297 630.5097808837891 254.4039764404297 630.5097808837891 465.32801818847656 523.4578247070312 465.32801818847656
522.8614501953125 255.91854858398438 629.2138214111328 255.91854858398438 629.2138214111328 464.8298797607422 522.8614501953125 464.8298797607422
525.3258056640625 257.9134216308594 631.9546508789062 257.9134216308594 631.9546508789062 468.24761962890625 525.3258056640625 468.24761962890625
528.7155151367188 256.7021789550781 631.9185562133789 256.7021789550781 631.9185562133789 465.7915344238281 528.7155151367188 465.7915344238281
526.8631591796875 257.89056396484375 631.3413543701172 257.89056396484375 631.3413543701172 467.4187927246094 526.8631591796875 467.4187927246094
525.6419677734375 258.3540344238281 630.6066436767578 258.3540344238281 630.6066436767578 467.4098205566406 525.6419677734375 467.4098205566406
525.2665405273438 256.7660217285156 631.1905746459961 256.7660217285156 631.1905746459961 465.9642639160156 525.2665405273438 465.9642639160156
526.0963134765625 257.55877685546875 630.3857574462891 257.55877685546875 630.3857574462891 465.42820739746094 526.0963134765625 465.42820739746094
523.8914794921875 258.5113525390625 628.7729034423828 258.5113525390625 628.7729034423828 464.4049987792969 523.8914794921875 464.4049987792969
520.8487548828125 258.9305114746094 626.2065887451172 258.9305114746094 626.2065887451172 462.55096435546875 520.8487548828125 462.55096435546875
522.9976196289062 259.149169921875 627.6051788330078 259.149169921875 627.6051788330078 463.6824035644531 522.9976196289062 463.6824035644531
517.8357543945312 259.74237060546875 623.608154296875 259.74237060546875 623.608154296875 463.3532409667969 517.8357543945312 463.3532409667969
515.0582275390625 260.1733703613281 620.3376846313477 260.1733703613281 620.3376846313477 463.0782012939453 515.0582275390625 463.0782012939453
518.9326171875 258.62445068359375 621.5998764038086 258.62445068359375 621.5998764038086 460.34730529785156 518.9326171875 460.34730529785156
518.647705078125 256.95556640625 620.9157943725586 256.95556640625 620.9157943725586 460.1434783935547 518.647705078125 460.1434783935547
519.3948974609375 256.2752990722656 621.7013320922852 256.2752990722656 621.7013320922852 461.3192901611328 519.3948974609375 461.3192901611328
520.4205322265625 253.9111785888672 623.0388412475586 253.9111785888672 623.0388412475586 461.2553253173828 520.4205322265625 461.2553253173828
518.3299560546875 252.551025390625 623.1440582275391 252.551025390625 623.1440582275391 461.3573760986328 518.3299560546875 461.3573760986328
520.2355346679688 250.6269989013672 625.4151763916016 250.6269989013672 625.4151763916016 462.9645233154297 520.2355346679688 462.9645233154297
522.1907348632812 247.4983367919922 626.1385879516602 247.4983367919922 626.1385879516602 463.6884460449219 522.1907348632812 463.6884460449219
519.8607788085938 248.80874633789062 624.52978515625 248.80874633789062 624.52978515625 463.7724609375 519.8607788085938 463.7724609375
518.283203125 250.16354370117188 622.6193237304688 250.16354370117188 622.6193237304688 462.79412841796875 518.283203125 462.79412841796875
517.9442138671875 250.5403594970703 622.8214569091797 250.5403594970703 622.8214569091797 462.58531188964844 517.9442138671875 462.58531188964844
515.0657348632812 248.5940399169922 619.9835357666016 248.5940399169922 619.9835357666016 458.3984375 515.0657348632812 458.3984375
509.7308654785156 248.8819580078125 615.4251556396484 248.8819580078125 615.4251556396484 455.982177734375 509.7308654785156 455.982177734375
512.7225341796875 252.11672973632812 617.5648422241211 252.11672973632812 617.5648422241211 460.8004913330078 512.7225341796875 460.8004913330078
510.49188232421875 252.17697143554688 615.6686019897461 252.17697143554688 615.6686019897461 461.24542236328125 510.49188232421875 461.24542236328125
505.219970703125 255.2942657470703 611.9405517578125 255.2942657470703 611.9405517578125 463.4874267578125 505.219970703125 463.4874267578125
505.35345458984375 253.40359497070312 612.311767578125 253.40359497070312 612.311767578125 462.0531005859375 505.35345458984375 462.0531005859375
505.75579833984375 254.5033416748047 614.0869598388672 254.5033416748047 614.0869598388672 466.5622100830078 505.75579833984375 466.5622100830078
500.2454528808594 253.5374755859375 608.3694610595703 253.5374755859375 608.3694610595703 465.6778106689453 500.2454528808594 465.6778106689453
499.40240478515625 254.38525390625 607.3609008789062 254.38525390625 607.3609008789062 467.1837921142578 499.40240478515625 467.1837921142578
496.862060546875 254.42617797851562 606.6084976196289 254.42617797851562 606.6084976196289 465.8289794921875 496.862060546875 465.8289794921875
495.35089111328125 255.71469116210938 603.9260101318359 255.71469116210938 603.9260101318359 465.6954040527344 495.35089111328125 465.6954040527344
493.84417724609375 255.70822143554688 602.3884048461914 255.70822143554688 602.3884048461914 465.24891662597656 493.84417724609375 465.24891662597656
491.1436462402344 257.2547302246094 596.3557281494141 257.2547302246094 596.3557281494141 462.3803405761719 491.1436462402344 462.3803405761719
491.347412109375 257.4638977050781 595.5791778564453 257.4638977050781 595.5791778564453 461.8688659667969 491.347412109375 461.8688659667969
491.05615234375 256.74853515625 596.4991455078125 256.74853515625 596.4991455078125 462.0274353027344 491.05615234375 462.0274353027344
490.60076904296875 255.539794921875 596.3849487304688 255.539794921875 596.3849487304688 461.2546081542969 490.60076904296875 461.2546081542969
490.0577087402344 256.0009765625 594.5934524536133 256.0009765625 594.5934524536133 460.9804992675781 490.0577087402344 460.9804992675781
489.57733154296875 255.26992797851562 594.4366683959961 255.26992797851562 594.4366683959961 460.9599151611328 489.57733154296875 460.9599151611328
489.0086364746094 253.7116241455078 594.3297576904297 253.7116241455078 594.3297576904297 462.163330078125 489.0086364746094 462.163330078125
488.073974609375 255.2332763671875 592.1070938110352 255.2332763671875 592.1070938110352 461.8094787597656 488.073974609375 461.8094787597656
486.7806701660156 255.8696746826172 591.6982574462891 255.8696746826172 591.6982574462891 462.5921630859375 486.7806701660156 462.5921630859375
485.54278564453125 254.10549926757812 590.6075897216797 254.10549926757812 590.6075897216797 460.70103454589844 485.54278564453125 460.70103454589844
484.75311279296875 256.19549560546875 590.4915390014648 256.19549560546875 590.4915390014648 460.7700500488281 484.75311279296875 460.7700500488281
483.9532775878906 256.95477294921875 587.0951995849609 256.95477294921875 587.0951995849609 459.57176208496094 483.9532775878906 459.57176208496094
483.1517639160156 254.3115234375 587.338508605957 254.3115234375 587.338508605957 460.5078430175781 483.1517639160156 460.5078430175781
482.6958923339844 255.45755004882812 587.7158126831055 255.45755004882812 587.7158126831055 463.29161071777344 482.6958923339844 463.29161071777344
481.25958251953125 255.3527374267578 586.3502960205078 255.3527374267578 586.3502960205078 462.6130676269531 481.25958251953125 462.6130676269531
480.0580139160156 257.3338317871094 584.5747375488281 257.3338317871094 584.5747375488281 463.1701354980469 480.0580139160156 463.1701354980469
480.4729919433594 255.6173095703125 583.9319000244141 255.6173095703125 583.9319000244141 464.3492736816406 480.4729919433594 464.3492736816406
479.98394775390625 257.78680419921875 581.6674728393555 257.78680419921875 581.6674728393555 464.8219909667969 479.98394775390625 464.8219909667969
479.31243896484375 257.954833984375 579.8590240478516 257.954833984375 579.8590240478516 460.6963195800781 479.31243896484375 460.6963195800781
477.4551696777344 260.04669189453125 579.1794586181641 260.04669189453125 579.1794586181641 461.1499481201172 477.4551696777344 461.1499481201172
476.366455078125 261.00897216796875 577.7537841796875 261.00897216796875 577.7537841796875 461.0857696533203 476.366455078125 461.0857696533203
474.3133239746094 262.0274963378906 575.5115585327148 262.0274963378906 575.5115585327148 462.2877502441406 474.3133239746094 462.2877502441406
473.17266845703125 260.29473876953125 575.6800079345703 260.29473876953125 575.6800079345703 464.592529296875 473.17266845703125 464.592529296875
473.16522216796875 260.5848693847656 575.7992095947266 260.5848693847656 575.7992095947266 464.0735778808594 473.16522216796875 464.0735778808594
471.2017517089844 261.2917785644531 574.9799346923828 261.2917785644531 574.9799346923828 463.5060272216797 471.2017517089844 463.5060272216797
469.16766357421875 261.2772521972656 573.5436172485352 261.2772521972656 573.5436172485352 462.24012756347656 469.16766357421875 462.24012756347656
466.91729736328125 263.05963134765625 571.4867553710938 263.05963134765625 571.4867553710938 462.69517517089844 466.91729736328125 462.69517517089844
465.621826171875 262.84124755859375 568.57275390625 262.84124755859375 568.57275390625 460.3424530029297 465.621826171875 460.3424530029297
465.041259765625 262.28643798828125 565.8120574951172 262.28643798828125 565.8120574951172 461.65374755859375 465.041259765625 461.65374755859375
462.79339599609375 261.455810546875 563.7632598876953 261.455810546875 563.7632598876953 457.5719299316406 462.79339599609375 457.5719299316406
462.4690856933594 262.0986328125 561.6672210693359 262.0986328125 561.6672210693359 455.349609375 462.4690856933594 455.349609375
461.2958984375 266.40069580078125 558.3599548339844 266.40069580078125 558.3599548339844 456.0049743652344 461.2958984375 456.0049743652344
459.7430725097656 262.5721740722656 558.3941345214844 262.5721740722656 558.3941345214844 454.86639404296875 459.7430725097656 454.86639404296875
458.79449462890625 263.3919982910156 557.5903167724609 263.3919982910156 557.5903167724609 455.1470642089844 458.79449462890625 455.1470642089844
456.8565979003906 259.96014404296875 557.8757247924805 259.96014404296875 557.8757247924805 454.8616638183594 456.8565979003906 454.8616638183594
456.135009765625 260.0559387207031 556.8816528320312 260.0559387207031 556.8816528320312 454.7968292236328 456.135009765625 454.7968292236328
456.12103271484375 256.9980163574219 556.799201965332 256.9980163574219 556.799201965332 453.15428161621094 456.12103271484375 453.15428161621094
455.45477294921875 259.81463623046875 556.1110916137695 259.81463623046875 556.1110916137695 456.0492706298828 455.45477294921875 456.0492706298828
455.3047790527344 258.90924072265625 556.3798294067383 258.90924072265625 556.3798294067383 456.2852020263672 455.3047790527344 456.2852020263672
455.54302978515625 257.8314514160156 556.7495727539062 257.8314514160156 556.7495727539062 455.90403747558594 455.54302978515625 455.90403747558594
455.22802734375 257.53167724609375 556.8923492431641 257.53167724609375 556.8923492431641 456.88525390625 455.22802734375 456.88525390625
455.578125 258.66717529296875 557.1030731201172 258.66717529296875 557.1030731201172 456.23109436035156 455.578125 456.23109436035156
455.6180114746094 258.957275390625 557.0947570800781 258.957275390625 557.0947570800781 454.88340759277344 455.6180114746094 454.88340759277344
456.11077880859375 256.92730712890625 558.1331024169922 256.92730712890625 558.1331024169922 455.28993225097656 456.11077880859375 455.28993225097656
456.0354919433594 259.00567626953125 556.5445327758789 259.00567626953125 556.5445327758789 455.0776824951172 456.0354919433594 455.0776824951172
456.70941162109375 260.44427490234375 558.9217071533203 260.44427490234375 558.9217071533203 458.6960144042969 456.70941162109375 458.6960144042969
456.157470703125 258.817138671875 558.8816680908203 258.817138671875 558.8816680908203 458.25946044921875 456.157470703125 458.25946044921875
456.708984375 255.9167022705078 559.8823623657227 255.9167022705078 559.8823623657227 456.7713317871094 456.708984375 456.7713317871094
456.63677978515625 256.72979736328125 559.3833618164062 256.72979736328125 559.3833618164062 457.73992919921875 456.63677978515625 457.73992919921875
457.35650634765625 256.205078125 558.9258193969727 256.205078125 558.9258193969727 456.3094787597656 457.35650634765625 456.3094787597656
459.588134765625 257.59814453125 561.0957183837891 257.59814453125 561.0957183837891 456.8486633300781 459.588134765625 456.8486633300781
457.40069580078125 260.1154479980469 557.2529449462891 260.1154479980469 557.2529449462891 456.4167175292969 457.40069580078125 456.4167175292969
459.65313720703125 258.2037048339844 561.422233581543 258.2037048339844 561.422233581543 457.89097595214844 459.65313720703125 457.89097595214844
461.01409912109375 255.27426147460938 561.2635955810547 255.27426147460938 561.2635955810547 451.5170135498047 461.01409912109375 451.5170135498047
461.0985412597656 261.29522705078125 559.9052658081055 261.29522705078125 559.9052658081055 455.26617431640625 461.0985412597656 455.26617431640625
461.99761962890625 255.6235809326172 559.6138076782227 255.6235809326172 559.6138076782227 452.46180725097656 461.99761962890625 452.46180725097656
462.46148681640625 258.04119873046875 560.0348663330078 258.04119873046875 560.0348663330078 455.5542907714844 462.46148681640625 455.5542907714844
462.1131896972656 257.81292724609375 563.0774154663086 257.81292724609375 563.0774154663086 456.7406768798828 462.1131896972656 456.7406768798828
462.9810485839844 257.6281433105469 563.0494537353516 257.6281433105469 563.0494537353516 456.1973114013672 462.9810485839844 456.1973114013672
463.23583984375 256.81646728515625 561.9843902587891 256.81646728515625 561.9843902587891 455.19776916503906 463.23583984375 455.19776916503906
463.5244140625 255.7570343017578 564.3878784179688 255.7570343017578 564.3878784179688 458.46514892578125 463.5244140625 458.46514892578125
464.0835876464844 256.8712463378906 562.3962249755859 256.8712463378906 562.3962249755859 459.32505798339844 464.0835876464844 459.32505798339844
464.13037109375 257.78680419921875 564.893310546875 257.78680419921875 564.893310546875 456.6777801513672 464.13037109375 456.6777801513672
466.71954345703125 257.6736755371094 566.3220443725586 257.6736755371094 566.3220443725586 461.5242614746094 466.71954345703125 461.5242614746094
467.584716796875 261.14349365234375 566.4154663085938 261.14349365234375 566.4154663085938 463.1238098144531 467.584716796875 463.1238098144531
470.7940979003906 256.09161376953125 572.0061950683594 256.09161376953125 572.0061950683594 457.46043395996094 470.7940979003906 457.46043395996094
471.0231018066406 260.2991638183594 571.4456634521484 260.2991638183594 571.4456634521484 460.38458251953125 471.0231018066406 460.38458251953125
473.28009033203125 263.3716735839844 573.0442657470703 263.3716735839844 573.0442657470703 462.3045349121094 473.28009033203125 462.3045349121094
476.74127197265625 259.98028564453125 576.6023406982422 259.98028564453125 576.6023406982422 457.6330871582031 476.74127197265625 457.6330871582031
476.97235107421875 263.53790283203125 577.0744247436523 263.53790283203125 577.0744247436523 456.22198486328125 476.97235107421875 456.22198486328125
475.85247802734375 265.2535705566406 575.6208114624023 265.2535705566406 575.6208114624023 457.56781005859375 475.85247802734375 457.56781005859375
476.75775146484375 262.2911682128906 577.196647644043 262.2911682128906 577.196647644043 456.1708679199219 476.75775146484375 456.1708679199219
479.62640380859375 263.06884765625 580.0067520141602 263.06884765625 580.0067520141602 458.5040588378906 479.62640380859375 458.5040588378906
482.02130126953125 264.74517822265625 581.4827346801758 264.74517822265625 581.4827346801758 460.47283935546875 482.02130126953125 460.47283935546875
483.26092529296875 257.2200927734375 584.0704727172852 257.2200927734375 584.0704727172852 454.2788391113281 483.26092529296875 454.2788391113281
482.9512634277344 262.5550842285156 583.5295944213867 262.5550842285156 583.5295944213867 457.45277404785156 482.9512634277344 457.45277404785156
485.5152282714844 261.2557067871094 584.15087890625 261.2557067871094 584.15087890625 456.109130859375 485.5152282714844 456.109130859375
488.52142333984375 258.1726379394531 586.7633056640625 258.1726379394531 586.7633056640625 452.9720001220703 488.52142333984375 452.9720001220703
488.6783142089844 261.2272033691406 586.1449432373047 261.2272033691406 586.1449432373047 451.5231018066406 488.6783142089844 451.5231018066406
490.1813049316406 256.7407531738281 588.6342468261719 256.7407531738281 588.6342468261719 449.0950012207031 490.1813049316406 449.0950012207031
492.65093994140625 260.2521667480469 590.6359252929688 260.2521667480469 590.6359252929688 450.1623992919922 492.65093994140625 450.1623992919922
491.97540283203125 260.2555236816406 589.3798370361328 260.2555236816406 589.3798370361328 448.6363830566406 491.97540283203125 448.6363830566406
491.7486877441406 256.0854187011719 588.4239959716797 256.0854187011719 588.4239959716797 443.4347839355469 491.7486877441406 443.4347839355469
493.438232421875 258.1143493652344 589.7857513427734 258.1143493652344 589.7857513427734 446.09716796875 493.438232421875 446.09716796875
493.654296875 259.3199768066406 589.4198913574219 259.3199768066406 589.4198913574219 445.4227752685547 493.654296875 445.4227752685547
495.63604736328125 260.77178955078125 589.691032409668 260.77178955078125 589.691032409668 449.61907958984375 495.63604736328125 449.61907958984375
493.9043884277344 260.44384765625 589.5780944824219 260.44384765625 589.5780944824219 448.0481414794922 493.9043884277344 448.0481414794922
496.82220458984375 261.78680419921875 590.5934677124023 261.78680419921875 590.5934677124023 452.5736999511719 496.82220458984375 452.5736999511719
496.0899963378906 259.5994567871094 590.4956588745117 259.5994567871094 590.4956588745117 455.3258514404297 496.0899963378906 455.3258514404297
497.56414794921875 258.3882751464844 592.134880065918 258.3882751464844 592.134880065918 454.2151641845703 497.56414794921875 454.2151641845703
496.75006103515625 260.01446533203125 590.0457992553711 260.01446533203125 590.0457992553711 457.64341735839844 496.75006103515625 457.64341735839844
497.2640075683594 260.1319885253906 590.5996704101562 260.1319885253906 590.5996704101562 457.55206298828125 497.2640075683594 457.55206298828125
497.16119384765625 258.272216796875 589.6362915039062 258.272216796875 589.6362915039062 460.0826110839844 497.16119384765625 460.0826110839844
496.41229248046875 261.8430480957031 589.7937088012695 261.8430480957031 589.7937088012695 456.7140808105469 496.41229248046875 456.7140808105469
494.30010986328125 263.09503173828125 589.0864562988281 263.09503173828125 589.0864562988281 456.3976593017578 494.30010986328125 456.3976593017578
494.51226806640625 260.4854431152344 588.3983001708984 260.4854431152344 588.3983001708984 456.7154846191406 494.51226806640625 456.7154846191406
494.99871826171875 263.41949462890625 588.4260406494141 263.41949462890625 588.4260406494141 459.9271240234375 494.99871826171875 459.9271240234375
495.2608337402344 261.0601806640625 589.1917572021484 261.0601806640625 589.1917572021484 461.0298156738281 495.2608337402344 461.0298156738281
496.94744873046875 260.47943115234375 590.1372680664062 260.47943115234375 590.1372680664062 460.57493591308594 496.94744873046875 460.57493591308594
496.09881591796875 260.94921875 588.4728164672852 260.94921875 588.4728164672852 456.2156677246094 496.09881591796875 456.2156677246094
499.52886962890625 259.56268310546875 590.9593276977539 259.56268310546875 590.9593276977539 462.3500671386719 499.52886962890625 462.3500671386719
497.5439453125 262.2852478027344 588.8587036132812 262.2852478027344 588.8587036132812 457.984375 497.5439453125 457.984375
497.2845764160156 261.56585693359375 589.6880798339844 261.56585693359375 589.6880798339844 456.2743835449219 497.2845764160156 456.2743835449219
499.11456298828125 262.3027038574219 590.821647644043 262.3027038574219 590.821647644043 456.3197937011719 499.11456298828125 456.3197937011719
500.0365295410156 264.7923889160156 592.7692947387695 264.7923889160156 592.7692947387695 456.03245544433594 500.0365295410156 456.03245544433594
499.65887451171875 264.7088317871094 591.3274765014648 264.7088317871094 591.3274765014648 454.0170440673828 499.65887451171875 454.0170440673828
499.28253173828125 262.14752197265625 590.9943237304688 262.14752197265625 590.9943237304688 452.10687255859375 499.28253173828125 452.10687255859375
500.3675231933594 262.03936767578125 589.7790222167969 262.03936767578125 589.7790222167969 458.7106170654297 500.3675231933594 458.7106170654297
503.50592041015625 260.28387451171875 592.2280349731445 260.28387451171875 592.2280349731445 457.57383728027344 503.50592041015625 457.57383728027344
503.233642578125 259.58795166015625 591.0998687744141 259.58795166015625 591.0998687744141 460.4886169433594 503.233642578125 460.4886169433594
503.3372497558594 260.532470703125 590.3467025756836 260.532470703125 590.3467025756836 461.0017852783203 503.3372497558594 461.0017852783203
504.0313415527344 259.3033752441406 591.3252716064453 259.3033752441406 591.3252716064453 460.7173767089844 504.0313415527344 460.7173767089844
504.8230895996094 260.6414794921875 592.9324111938477 260.6414794921875 592.9324111938477 458.1303253173828 504.8230895996094 458.1303253173828
505.19720458984375 260.8138427734375 593.4034652709961 260.8138427734375 593.4034652709961 457.2072296142578 505.19720458984375 457.2072296142578
503.0094299316406 262.766357421875 593.0438461303711 262.766357421875 593.0438461303711 456.9351348876953 503.0094299316406 456.9351348876953
505.1133728027344 263.35406494140625 592.9431838989258 263.35406494140625 592.9431838989258 459.12229919433594 505.1133728027344 459.12229919433594
506.347412109375 261.3248596191406 594.3911743164062 261.3248596191406 594.3911743164062 459.0903625488281 506.347412109375 459.0903625488281
504.97467041015625 260.4400634765625 593.8078460693359 260.4400634765625 593.8078460693359 458.4914245605469 504.97467041015625 458.4914245605469
509.0819396972656 264.58135986328125 598.0739440917969 264.58135986328125 598.0739440917969 461.4736022949219 509.0819396972656 461.4736022949219
506.12359619140625 266.85821533203125 598.8884429931641 266.85821533203125 598.8884429931641 453.5650329589844 506.12359619140625 453.5650329589844
506.22430419921875 267.8503112792969 599.9377365112305 267.8503112792969 599.9377365112305 449.20330810546875 506.22430419921875 449.20330810546875
509.219482421875 271.19146728515625 600.6111602783203 271.19146728515625 600.6111602783203 448.0514221191406 509.219482421875 448.0514221191406
508.1737365722656 271.68414306640625 600.743034362793 271.68414306640625 600.743034362793 450.82301330566406 508.1737365722656 450.82301330566406
511.91619873046875 267.93524169921875 604.6185684204102 267.93524169921875 604.6185684204102 447.3316345214844 511.91619873046875 447.3316345214844
513.3156127929688 268.65032958984375 606.1209106445312 268.65032958984375 606.1209106445312 448.2458953857422 513.3156127929688 448.2458953857422
513.51123046875 269.0389099121094 605.2418060302734 269.0389099121094 605.2418060302734 446.5546875 513.51123046875 446.5546875
512.6128540039062 268.10040283203125 604.8998565673828 268.10040283203125 604.8998565673828 446.69297790527344 512.6128540039062 446.69297790527344
514.3433837890625 266.43408203125 607.6231307983398 266.43408203125 607.6231307983398 446.9477996826172 514.3433837890625 446.9477996826172
515.8177490234375 261.7801818847656 610.3942413330078 261.7801818847656 610.3942413330078 444.8033447265625 515.8177490234375 444.8033447265625
514.6264038085938 261.38299560546875 611.0320663452148 261.38299560546875 611.0320663452148 447.9459533691406 514.6264038085938 447.9459533691406
517.6087036132812 260.5143737792969 613.9073715209961 260.5143737792969 613.9073715209961 448.75732421875 517.6087036132812 448.75732421875
517.7603759765625 264.4715270996094 614.1175689697266 264.4715270996094 614.1175689697266 450.94068908691406 517.7603759765625 450.94068908691406
522.7872314453125 265.3525390625 619.5515518188477 265.3525390625 619.5515518188477 452.60955810546875 522.7872314453125 452.60955810546875
523.7643432617188 260.471435546875 621.1217651367188 260.471435546875 621.1217651367188 448.87623596191406 523.7643432617188 448.87623596191406
524.4811401367188 266.688720703125 620.9931259155273 266.688720703125 620.9931259155273 452.0741729736328 524.4811401367188 452.0741729736328
535.26904296875 262.9803161621094 631.3891677856445 262.9803161621094 631.3891677856445 448.99072265625 535.26904296875 448.99072265625
536.48486328125 265.75726318359375 631.8322906494141 265.75726318359375 631.8322906494141 450.27235412597656 536.48486328125 450.27235412597656
544.5575561523438 259.754638671875 641.4109344482422 259.754638671875 641.4109344482422 447.18402099609375 544.5575561523438 447.18402099609375
545.37060546875 260.2147521972656 644.1223526000977 260.2147521972656 644.1223526000977 451.3178405761719 545.37060546875 451.3178405761719
552.0664672851562 260.9627990722656 653.8995742797852 260.9627990722656 653.8995742797852 458.0289001464844 552.0664672851562 458.0289001464844
555.3848876953125 265.98260498046875 658.5949935913086 265.98260498046875 658.5949935913086 460.4619445800781 555.3848876953125 460.4619445800781
559.4649658203125 259.1133117675781 661.2297134399414 259.1133117675781 661.2297134399414 456.04710388183594 559.4649658203125 456.04710388183594
567.20068359375 259.4774475097656 669.8573760986328 259.4774475097656 669.8573760986328 458.13731384277344 567.20068359375 458.13731384277344
576.7241821289062 257.922119140625 678.588264465332 257.922119140625 678.588264465332 455.0481262207031 576.7241821289062 455.0481262207031
583.7609252929688 258.0797424316406 685.0128326416016 258.0797424316406 685.0128326416016 454.02105712890625 583.7609252929688 454.02105712890625
583.6380615234375 261.85888671875 686.0607452392578 261.85888671875 686.0607452392578 454.050048828125 583.6380615234375 454.050048828125
584.373779296875 255.5089874267578 686.0291900634766 255.5089874267578 686.0291900634766 449.72166442871094 584.373779296875 449.72166442871094
587.7951049804688 261.3309020996094 688.7203979492188 261.3309020996094 688.7203979492188 454.5993957519531 587.7951049804688 454.5993957519531
591.8558349609375 255.25601196289062 692.0100326538086 255.25601196289062 692.0100326538086 448.515625 591.8558349609375 448.515625
592.0983276367188 258.4278259277344 693.2243576049805 258.4278259277344 693.2243576049805 451.8317565917969 592.0983276367188 451.8317565917969
595.4364013671875 257.13720703125 695.8953094482422 257.13720703125 695.8953094482422 451.7189636230469 595.4364013671875 451.7189636230469
596.1018676757812 255.13656616210938 695.6390228271484 255.13656616210938 695.6390228271484 451.44947814941406 596.1018676757812 451.44947814941406
599.392578125 258.6965026855469 698.0886611938477 258.6965026855469 698.0886611938477 452.5904846191406 599.392578125 452.5904846191406
598.6987915039062 258.3570861816406 696.1607055664062 258.3570861816406 696.1607055664062 451.5221862792969 598.6987915039062 451.5221862792969
598.4852294921875 254.4107666015625 696.9947738647461 254.4107666015625 696.9947738647461 450.4929962158203 598.4852294921875 450.4929962158203
603.0178833007812 256.4562072753906 698.9026031494141 256.4562072753906 698.9026031494141 453.45555114746094 603.0178833007812 453.45555114746094
605.7972412109375 257.24993896484375 701.05078125 257.24993896484375 701.05078125 451.3500518798828 605.7972412109375 451.3500518798828
606.871337890625 257.9377136230469 701.3092193603516 257.9377136230469 701.3092193603516 454.73675537109375 606.871337890625 454.73675537109375
606.5458984375 257.5020446777344 700.4656677246094 257.5020446777344 700.4656677246094 452.8086853027344 606.5458984375 452.8086853027344
606.6876220703125 260.3161926269531 699.163688659668 260.3161926269531 699.163688659668 451.4067077636719 606.6876220703125 451.4067077636719
609.4486694335938 261.69122314453125 701.3713760375977 261.69122314453125 701.3713760375977 451.80511474609375 609.4486694335938 451.80511474609375
607.6087646484375 257.8785400390625 700.5263290405273 257.8785400390625 700.5263290405273 444.7536315917969 607.6087646484375 444.7536315917969
608.9953002929688 258.0376892089844 703.1951675415039 258.0376892089844 703.1951675415039 448.0982208251953 608.9953002929688 448.0982208251953
613.036865234375 260.98681640625 706.2670593261719 260.98681640625 706.2670593261719 447.97991943359375 613.036865234375 447.97991943359375
611.8031616210938 259.17169189453125 701.2934112548828 259.17169189453125 701.2934112548828 447.4174499511719 611.8031616210938 447.4174499511719
613.5570068359375 263.6321716308594 703.505744934082 263.6321716308594 703.505744934082 447.47540283203125 613.5570068359375 447.47540283203125
610.373291015625 261.877197265625 702.0609436035156 261.877197265625 702.0609436035156 445.00804138183594 610.373291015625 445.00804138183594
609.2947998046875 268.09124755859375 701.8450317382812 268.09124755859375 701.8450317382812 447.19317626953125 609.2947998046875 447.19317626953125
611.5860595703125 266.213623046875 702.6618499755859 266.213623046875 702.6618499755859 443.23219299316406 611.5860595703125 443.23219299316406
613.5153198242188 267.572265625 705.1380615234375 267.572265625 705.1380615234375 444.8793182373047 613.5153198242188 444.8793182373047
619.2219848632812 268.4490051269531 711.0056381225586 268.4490051269531 711.0056381225586 446.06744384765625 619.2219848632812 446.06744384765625
617.4200439453125 268.9315490722656 709.9939651489258 268.9315490722656 709.9939651489258 448.0792999267578 617.4200439453125 448.0792999267578
619.5880126953125 271.3078918457031 711.322624206543 271.3078918457031 711.322624206543 448.8314208984375 619.5880126953125 448.8314208984375
618.3250122070312 269.7652282714844 711.2243423461914 269.7652282714844 711.2243423461914 449.54270935058594 618.3250122070312 449.54270935058594
622.7211303710938 267.3020935058594 715.6175994873047 267.3020935058594 715.6175994873047 447.07403564453125 622.7211303710938 447.07403564453125
625.7503051757812 270.1317443847656 719.8070983886719 270.1317443847656 719.8070983886719 452.1491394042969 625.7503051757812 452.1491394042969
624.3668212890625 267.9885559082031 718.2110137939453 267.9885559082031 718.2110137939453 449.59454345703125 624.3668212890625 449.59454345703125
622.8934936523438 269.01153564453125 716.3543701171875 269.01153564453125 716.3543701171875 449.87574768066406 622.8934936523438 449.87574768066406
624.7279052734375 266.43634033203125 718.3988494873047 266.43634033203125 718.3988494873047 447.7070770263672 624.7279052734375 447.7070770263672
625.65380859375 269.91168212890625 719.3228302001953 269.91168212890625 719.3228302001953 451.1786804199219 625.65380859375 451.1786804199219
626.7147216796875 263.4569396972656 721.1169662475586 263.4569396972656 721.1169662475586 446.1428680419922 626.7147216796875 446.1428680419922
625.3646850585938 269.2374267578125 719.3166656494141 269.2374267578125 719.3166656494141 451.052001953125 625.3646850585938 451.052001953125
626.1824951171875 267.9393005371094 721.2028884887695 267.9393005371094 721.2028884887695 451.8214416503906 626.1824951171875 451.8214416503906
631.8348388671875 265.2735290527344 727.407356262207 265.2735290527344 727.407356262207 450.22412109375 631.8348388671875 450.22412109375
633.0499267578125 267.1410827636719 728.6341323852539 267.1410827636719 728.6341323852539 452.11427307128906 633.0499267578125 452.11427307128906
631.65087890625 266.42755126953125 725.6773529052734 266.42755126953125 725.6773529052734 448.38624572753906 631.65087890625 448.38624572753906
633.239990234375 266.29705810546875 726.6868591308594 266.29705810546875 726.6868591308594 447.1341094970703 633.239990234375 447.1341094970703
636.2969360351562 265.655029296875 730.3758926391602 265.655029296875 730.3758926391602 447.7152862548828 636.2969360351562 447.7152862548828
638.691650390625 267.10150146484375 733.4237213134766 267.10150146484375 733.4237213134766 450.4256286621094 638.691650390625 450.4256286621094
635.7195434570312 266.14892578125 729.3330535888672 266.14892578125 729.3330535888672 447.3084411621094 635.7195434570312 447.3084411621094
638.5482177734375 268.47662353515625 732.5651702880859 268.47662353515625 732.5651702880859 450.4169006347656 638.5482177734375 450.4169006347656
635.9456787109375 268.57763671875 728.0058288574219 268.57763671875 728.0058288574219 446.7311553955078 635.9456787109375 446.7311553955078
637.4611206054688 272.7130126953125 729.1398696899414 272.7130126953125 729.1398696899414 450.12843322753906 637.4611206054688 450.12843322753906
637.5321044921875 267.6607360839844 728.5117111206055 267.6607360839844 728.5117111206055 443.7231750488281 637.5321044921875 443.7231750488281
633.2733154296875 269.3780212402344 723.9650802612305 269.3780212402344 723.9650802612305 444.88343811035156 633.2733154296875 444.88343811035156
629.2213134765625 271.0942687988281 720.1139297485352 271.0942687988281 720.1139297485352 446.98838806152344 629.2213134765625 446.98838806152344
630.7105102539062 274.04949951171875 722.1614608764648 274.04949951171875 722.1614608764648 451.02410888671875 630.7105102539062 451.02410888671875
630.2095947265625 272.71966552734375 722.3733062744141 272.71966552734375 722.3733062744141 451.07359313964844 630.2095947265625 451.07359313964844
623.40380859375 274.7408142089844 714.901481628418 274.7408142089844 714.901481628418 451.80584716796875 623.40380859375 451.80584716796875
625.6795654296875 276.1344909667969 716.9521636962891 276.1344909667969 716.9521636962891 452.7639465332031 625.6795654296875 452.7639465332031
624.7957763671875 277.482177734375 715.8813247680664 277.482177734375 715.8813247680664 453.7496337890625 624.7957763671875 453.7496337890625
623.0360107421875 273.644775390625 715.2459945678711 273.644775390625 715.2459945678711 452.0882110595703 623.0360107421875 452.0882110595703
621.6870727539062 271.58477783203125 715.8939590454102 271.58477783203125 715.8939590454102 453.89259338378906 621.6870727539062 453.89259338378906
621.5679321289062 273.7923889160156 716.2970199584961 273.7923889160156 716.2970199584961 457.11077880859375 621.5679321289062 457.11077880859375
621.2305297851562 273.97955322265625 715.1850662231445 273.97955322265625 715.1850662231445 455.7990417480469 621.2305297851562 455.7990417480469
619.099609375 270.9581298828125 712.8148345947266 270.9581298828125 712.8148345947266 452.3144836425781 619.099609375 452.3144836425781
616.1553955078125 270.6138916015625 710.0544204711914 270.6138916015625 710.0544204711914 452.325927734375 616.1553955078125 452.325927734375
611.2747802734375 268.4100646972656 706.748420715332 268.4100646972656 706.748420715332 453.1692810058594 611.2747802734375 453.1692810058594
609.7376098632812 271.9051208496094 705.3322982788086 271.9051208496094 705.3322982788086 456.8985900878906 609.7376098632812 456.8985900878906
606.7418212890625 271.5137634277344 702.1270751953125 271.5137634277344 702.1270751953125 456.10194396972656 606.7418212890625 456.10194396972656
606.4979248046875 271.4658508300781 703.0656509399414 271.4658508300781 703.0656509399414 458.3423309326172 606.4979248046875 458.3423309326172
603.9903564453125 272.0299377441406 700.8711547851562 272.0299377441406 700.8711547851562 459.5122833251953 603.9903564453125 459.5122833251953
603.5927124023438 263.72088623046875 700.8590698242188 263.72088623046875 700.8590698242188 451.9493713378906 603.5927124023438 451.9493713378906
598.5472412109375 269.94818115234375 697.1866683959961 269.94818115234375 697.1866683959961 460.8338165283203 598.5472412109375 460.8338165283203
595.1781616210938 269.1161193847656 693.4381256103516 269.1161193847656 693.4381256103516 459.2674102783203 595.1781616210938 459.2674102783203
589.7201538085938 267.541259765625 688.6787872314453 267.541259765625 688.6787872314453 459.0445861816406 589.7201538085938 459.0445861816406
589.80810546875 264.73004150390625 690.6739044189453 264.73004150390625 690.6739044189453 459.92408752441406 589.80810546875 459.92408752441406
583.0028076171875 259.45794677734375 686.3857879638672 259.45794677734375 686.3857879638672 459.52320861816406 583.0028076171875 459.52320861816406
583.819091796875 265.7121276855469 686.5958709716797 265.7121276855469 686.5958709716797 463.73748779296875 583.819091796875 463.73748779296875
583.8200073242188 244.89102172851562 687.5296783447266 244.89102172851562 687.5296783447266 445.54664611816406 583.8200073242188 445.54664611816406
580.2478637695312 248.08383178710938 687.2366714477539 248.08383178710938 687.2366714477539 448.55096435546875 580.2478637695312 448.55096435546875
578.22802734375 247.97314453125 683.5145645141602 247.97314453125 683.5145645141602 445.56353759765625 578.22802734375 445.56353759765625
577.585205078125 254.67514038085938 683.2831192016602 254.67514038085938 683.2831192016602 449.3660888671875 577.585205078125 449.3660888671875
576.8922729492188 247.58401489257812 683.3717422485352 247.58401489257812 683.3717422485352 446.781005859375 576.8922729492188 446.781005859375
574.1973876953125 252.0749969482422 681.8196411132812 252.0749969482422 681.8196411132812 450.52174377441406 574.1973876953125 450.52174377441406
575.7177734375 248.88107299804688 684.6486053466797 248.88107299804688 684.6486053466797 450.4891815185547 575.7177734375 450.4891815185547
573.7738037109375 243.6294708251953 682.0530624389648 243.6294708251953 682.0530624389648 446.2761688232422 573.7738037109375 446.2761688232422
573.517578125 246.45166015625 682.6142349243164 246.45166015625 682.6142349243164 451.62451171875 573.517578125 451.62451171875
570.5533447265625 239.3004913330078 678.4013214111328 239.3004913330078 678.4013214111328 447.3992919921875 570.5533447265625 447.3992919921875
569.6746215820312 244.7425079345703 678.670166015625 244.7425079345703 678.670166015625 454.3125305175781 569.6746215820312 454.3125305175781
564.9497680664062 247.33877563476562 677.6299057006836 247.33877563476562 677.6299057006836 460.10301208496094 564.9497680664062 460.10301208496094
564.9551391601562 246.42098999023438 678.9726409912109 246.42098999023438 678.9726409912109 460.583984375 564.9551391601562 460.583984375
560.9749145507812 248.1306610107422 678.0377044677734 248.1306610107422 678.0377044677734 462.79652404785156 560.9749145507812 462.79652404785156
561.681396484375 246.0811004638672 678.0365600585938 246.0811004638672 678.0365600585938 462.56044006347656 561.681396484375 462.56044006347656
560.5736083984375 246.345458984375 678.2128295898438 246.345458984375 678.2128295898438 465.4152069091797 560.5736083984375 465.4152069091797
556.2021484375 248.66659545898438 671.1582641601562 248.66659545898438 671.1582641601562 462.51214599609375 556.2021484375 462.51214599609375
555.7012939453125 246.6678924560547 667.7518310546875 246.6678924560547 667.7518310546875 460.95753479003906 555.7012939453125 460.95753479003906
562.38037109375 245.22769165039062 670.9220352172852 245.22769165039062 670.9220352172852 464.2291259765625 562.38037109375 464.2291259765625
557.4417724609375 244.90673828125 666.6048355102539 244.90673828125 666.6048355102539 462.6094665527344 557.4417724609375 462.6094665527344
558.9749755859375 247.57998657226562 668.4993438720703 247.57998657226562 668.4993438720703 465.7237091064453 558.9749755859375 465.7237091064453
554.9344482421875 250.6879425048828 666.8998794555664 250.6879425048828 666.8998794555664 467.7605438232422 554.9344482421875 467.7605438232422
554.24267578125 245.42276000976562 666.1209106445312 245.42276000976562 666.1209106445312 465.8226318359375 554.24267578125 465.8226318359375
549.2252197265625 248.76065063476562 664.1712493896484 248.76065063476562 664.1712493896484 469.1357421875 549.2252197265625 469.1357421875
535.96826171875 253.1350555419922 651.3109512329102 253.1350555419922 651.3109512329102 466.6220703125 535.96826171875 466.6220703125
536.90771484375 252.3660125732422 652.3198471069336 252.3660125732422 652.3198471069336 464.90478515625 536.90771484375 464.90478515625
536.084716796875 254.19189453125 653.5786972045898 254.19189453125 653.5786972045898 465.5517272949219 536.084716796875 465.5517272949219
532.5132446289062 255.7056427001953 648.0603256225586 255.7056427001953 648.0603256225586 462.5564422607422 532.5132446289062 462.5564422607422
530.102294921875 254.02517700195312 647.3056030273438 254.02517700195312 647.3056030273438 463.85789489746094 530.102294921875 463.85789489746094
526.7467041015625 252.1977996826172 643.2245330810547 252.1977996826172 643.2245330810547 461.1091766357422 526.7467041015625 461.1091766357422
522.3743896484375 254.08615112304688 638.6587753295898 254.08615112304688 638.6587753295898 462.8525390625 522.3743896484375 462.8525390625
515.0338134765625 250.756591796875 627.0243988037109 250.756591796875 627.0243988037109 461.3413543701172 515.0338134765625 461.3413543701172
511.4351501464844 251.08102416992188 624.9257659912109 251.08102416992188 624.9257659912109 463.44219970703125 511.4351501464844 463.44219970703125
513.41796875 251.18252563476562 628.3983535766602 251.18252563476562 628.3983535766602 466.89239501953125 513.41796875 466.89239501953125
508.63714599609375 246.3604736328125 622.6545639038086 246.3604736328125 622.6545639038086 456.8143310546875 508.63714599609375 456.8143310546875
506.27423095703125 246.64541625976562 623.3132934570312 246.64541625976562 623.3132934570312 459.9687042236328 506.27423095703125 459.9687042236328
494.7842712402344 245.5149383544922 605.7177886962891 245.5149383544922 605.7177886962891 460.022216796875 494.7842712402344 460.022216796875
492.268310546875 245.15658569335938 604.1037979125977 245.15658569335938 604.1037979125977 462.58106994628906 492.268310546875 462.58106994628906
497.84344482421875 238.1528778076172 608.1911163330078 238.1528778076172 608.1911163330078 461.5185241699219 497.84344482421875 461.5185241699219
528.7498779296875 243.39529418945312 634.7451019287109 243.39529418945312 634.7451019287109 467.51678466796875 528.7498779296875 467.51678466796875
536.5386962890625 242.4889373779297 638.3456649780273 242.4889373779297 638.3456649780273 464.9777526855469 536.5386962890625 464.9777526855469
533.8533935546875 247.6396026611328 640.6054840087891 247.6396026611328 640.6054840087891 468.159423828125 533.8533935546875 468.159423828125
524.8036499023438 246.5151824951172 636.7312240600586 246.5151824951172 636.7312240600586 470.69374084472656 524.8036499023438 470.69374084472656
523.7291870117188 242.1105499267578 634.3899536132812 242.1105499267578 634.3899536132812 470.164794921875 523.7291870117188 470.164794921875
536.5545654296875 240.33837890625 637.0743637084961 240.33837890625 637.0743637084961 466.0666961669922 536.5545654296875 466.0666961669922
529.6715698242188 240.32174682617188 633.2700805664062 240.32174682617188 633.2700805664062 468.5235595703125 529.6715698242188 468.5235595703125
527.6427612304688 241.5033416748047 631.0510482788086 241.5033416748047 631.0510482788086 468.8836212158203 527.6427612304688 468.8836212158203
527.7356567382812 239.53701782226562 630.3795776367188 239.53701782226562 630.3795776367188 467.06846618652344 527.7356567382812 467.06846618652344
529.7664794921875 241.01953125 630.0872039794922 241.01953125 630.0872039794922 469.1936798095703 529.7664794921875 469.1936798095703
534.2542724609375 241.35018920898438 631.6756439208984 241.35018920898438 631.6756439208984 464.5169372558594 534.2542724609375 464.5169372558594
540.4390869140625 247.51498413085938 633.2379379272461 247.51498413085938 633.2379379272461 462.20106506347656 540.4390869140625 462.20106506347656
535.2030029296875 245.6143035888672 630.8254852294922 245.6143035888672 630.8254852294922 461.6750946044922 535.2030029296875 461.6750946044922
537.1326904296875 248.3623504638672 632.9663925170898 248.3623504638672 632.9663925170898 462.66444396972656 537.1326904296875 462.66444396972656
540.8184814453125 250.2874755859375 636.0613632202148 250.2874755859375 636.0613632202148 464.5331115722656 540.8184814453125 464.5331115722656
539.5263671875 246.93124389648438 637.3245391845703 246.93124389648438 637.3245391845703 465.82557678222656 539.5263671875 465.82557678222656
535.8612060546875 249.55068969726562 636.9907836914062 249.55068969726562 636.9907836914062 469.2151184082031 535.8612060546875 469.2151184082031
537.1148681640625 250.3681640625 637.5427398681641 250.3681640625 637.5427398681641 466.8608856201172 537.1148681640625 466.8608856201172
539.1868896484375 250.75790405273438 639.7016983032227 250.75790405273438 639.7016983032227 466.263671875 539.1868896484375 466.263671875
540.3633422851562 249.9837188720703 641.2855377197266 249.9837188720703 641.2855377197266 466.5902557373047 540.3633422851562 466.5902557373047
540.857421875 248.268310546875 642.4678802490234 248.268310546875 642.4678802490234 464.4768371582031 540.857421875 464.4768371582031
540.6206665039062 249.43655395507812 641.0245208740234 249.43655395507812 641.0245208740234 463.61224365234375 540.6206665039062 463.61224365234375
543.6925048828125 246.7195281982422 644.1605377197266 246.7195281982422 644.1605377197266 463.3433837890625 543.6925048828125 463.3433837890625
543.8292236328125 243.461181640625 644.4080123901367 243.461181640625 644.4080123901367 463.3097381591797 543.8292236328125 463.3097381591797
544.1800537109375 243.2958221435547 645.196418762207 243.2958221435547 645.196418762207 462.3898468017578 544.1800537109375 462.3898468017578
545.7105712890625 242.34732055664062 647.8784790039062 242.34732055664062 647.8784790039062 459.72935485839844 545.7105712890625 459.72935485839844
544.7523803710938 243.1569061279297 649.8882217407227 243.1569061279297 649.8882217407227 460.1394805908203 544.7523803710938 460.1394805908203
541.6220703125 248.1575469970703 647.9475479125977 248.1575469970703 647.9475479125977 463.8818817138672 541.6220703125 463.8818817138672
543.2618408203125 247.27517700195312 651.1231842041016 247.27517700195312 651.1231842041016 462.14129638671875 543.2618408203125 462.14129638671875
546.46337890625 245.65890502929688 656.3761215209961 245.65890502929688 656.3761215209961 463.5653533935547 546.46337890625 463.5653533935547
547.4178466796875 245.2722625732422 659.0054473876953 245.2722625732422 659.0054473876953 463.8437194824219 547.4178466796875 463.8437194824219
547.4796142578125 248.2038116455078 658.5946044921875 248.2038116455078 658.5946044921875 462.0040283203125 547.4796142578125 462.0040283203125
549.53466796875 249.55484008789062 660.6355133056641 249.55484008789062 660.6355133056641 462.1344299316406 549.53466796875 462.1344299316406
550.2483520507812 248.84130859375 665.1243438720703 248.84130859375 665.1243438720703 463.7032165527344 550.2483520507812 463.7032165527344
549.9207153320312 249.9806671142578 664.3996429443359 249.9806671142578 664.3996429443359 465.80577087402344 549.9207153320312 465.80577087402344
550.5096435546875 251.36111450195312 666.2707977294922 251.36111450195312 666.2707977294922 466.14788818359375 550.5096435546875 466.14788818359375
550.9744873046875 252.56234741210938 665.6834487915039 252.56234741210938 665.6834487915039 465.60279846191406 550.9744873046875 465.60279846191406
553.1448364257812 253.2587127685547 668.4874725341797 253.2587127685547 668.4874725341797 464.93017578125 553.1448364257812 464.93017578125
556.236572265625 250.7688751220703 671.8117218017578 250.7688751220703 671.8117218017578 463.360595703125 556.236572265625 463.360595703125
557.4103393554688 250.4317626953125 673.2265472412109 250.4317626953125 673.2265472412109 463.5076446533203 557.4103393554688 463.5076446533203
556.1640625 254.09823608398438 672.8736953735352 254.09823608398438 672.8736953735352 464.24574279785156 556.1640625 464.24574279785156
557.8115844726562 252.3075714111328 674.1479873657227 252.3075714111328 674.1479873657227 464.1173858642578 557.8115844726562 464.1173858642578
559.5186767578125 250.77474975585938 674.9984130859375 250.77474975585938 674.9984130859375 464.2919616699219 559.5186767578125 464.2919616699219
561.6368408203125 250.542724609375 675.5380477905273 250.542724609375 675.5380477905273 463.8896179199219 561.6368408203125 463.8896179199219
559.0948486328125 251.3933563232422 673.5417327880859 251.3933563232422 673.5417327880859 463.2310485839844 559.0948486328125 463.2310485839844
557.93115234375 251.52297973632812 671.5636444091797 251.52297973632812 671.5636444091797 461.65838623046875 557.93115234375 461.65838623046875
560.8734741210938 249.94735717773438 672.9614715576172 249.94735717773438 672.9614715576172 460.3583221435547 560.8734741210938 460.3583221435547
558.8313598632812 250.79733276367188 671.8238906860352 250.79733276367188 671.8238906860352 460.7607421875 558.8313598632812 460.7607421875
560.7193603515625 250.5463409423828 672.7269439697266 250.5463409423828 672.7269439697266 459.0885467529297 560.7193603515625 459.0885467529297
561.6495361328125 249.96371459960938 673.8756256103516 249.96371459960938 673.8756256103516 459.00811767578125 561.6495361328125 459.00811767578125
561.6860961914062 247.24484252929688 674.7177505493164 247.24484252929688 674.7177505493164 459.4727020263672 561.6860961914062 459.4727020263672
559.6128540039062 247.7821044921875 672.2773666381836 247.7821044921875 672.2773666381836 458.9729919433594 559.6128540039062 458.9729919433594
558.7904663085938 247.283447265625 672.4771575927734 247.283447265625 672.4771575927734 458.8421630859375 558.7904663085938 458.8421630859375
562.7567138671875 244.762451171875 675.2091674804688 244.762451171875 675.2091674804688 460.5794372558594 562.7567138671875 460.5794372558594
563.0829467773438 243.8731689453125 676.9959564208984 243.8731689453125 676.9959564208984 460.5505828857422 563.0829467773438 460.5505828857422
562.5121459960938 245.00674438476562 676.564208984375 245.00674438476562 676.564208984375 463.88072204589844 562.5121459960938 463.88072204589844
558.1336059570312 245.9540252685547 674.0456924438477 245.9540252685547 674.0456924438477 464.1098327636719 558.1336059570312 464.1098327636719
554.9471435546875 248.5464324951172 668.2437744140625 248.5464324951172 668.2437744140625 463.4551239013672 554.9471435546875 463.4551239013672
551.3609008789062 245.5749969482422 666.5597534179688 245.5749969482422 666.5597534179688 459.71669006347656 551.3609008789062 459.71669006347656
550.5858764648438 246.18081665039062 666.3643341064453 246.18081665039062 666.3643341064453 461.37998962402344 550.5858764648438 461.37998962402344
549.982421875 247.1108856201172 664.2466583251953 247.1108856201172 664.2466583251953 459.3468780517578 549.982421875 459.3468780517578
547.626220703125 246.8231964111328 662.1431732177734 246.8231964111328 662.1431732177734 457.80284118652344 547.626220703125 457.80284118652344
548.6358642578125 246.6544952392578 662.0457763671875 246.6544952392578 662.0457763671875 458.1696319580078 548.6358642578125 458.1696319580078
545.497314453125 250.0472412109375 657.4999542236328 250.0472412109375 657.4999542236328 457.1909942626953 545.497314453125 457.1909942626953
548.9773559570312 247.522705078125 659.6319961547852 247.522705078125 659.6319961547852 456.7785949707031 548.9773559570312 456.7785949707031
550.414306640625 247.8094940185547 661.8424224853516 247.8094940185547 661.8424224853516 457.58949279785156 550.414306640625 457.58949279785156
549.478759765625 247.98837280273438 660.1817626953125 247.98837280273438 660.1817626953125 458.0760498046875 549.478759765625 458.0760498046875
551.71240234375 246.9571533203125 661.6985702514648 246.9571533203125 661.6985702514648 458.481201171875 551.71240234375 458.481201171875
551.7057495117188 246.5009002685547 661.4331436157227 246.5009002685547 661.4331436157227 461.4962921142578 551.7057495117188 461.4962921142578
555.760498046875 247.8059844970703 668.2961807250977 247.8059844970703 668.2961807250977 462.76817321777344 555.760498046875 462.76817321777344
550.5999755859375 249.38272094726562 664.9010391235352 249.38272094726562 664.9010391235352 463.7928771972656 550.5999755859375 463.7928771972656
552.9404296875 249.71127319335938 667.9572143554688 249.71127319335938 667.9572143554688 462.54798889160156 552.9404296875 462.54798889160156
556.6824951171875 250.35507202148438 671.2201690673828 250.35507202148438 671.2201690673828 460.24623107910156 556.6824951171875 460.24623107910156
557.9707641601562 250.54147338867188 672.3359146118164 250.54147338867188 672.3359146118164 459.6161804199219 557.9707641601562 459.6161804199219
558.5042724609375 251.9939422607422 672.9150009155273 251.9939422607422 672.9150009155273 459.6620788574219 558.5042724609375 459.6620788574219
561.3690185546875 251.31594848632812 673.4747543334961 251.31594848632812 673.4747543334961 457.5579833984375 561.3690185546875 457.5579833984375
559.1964721679688 256.1631164550781 672.9105377197266 256.1631164550781 672.9105377197266 457.3318786621094 559.1964721679688 457.3318786621094
561.896728515625 255.3269805908203 674.4655609130859 255.3269805908203 674.4655609130859 455.96337890625 561.896728515625 455.96337890625
558.1398315429688 258.2594299316406 672.0530853271484 258.2594299316406 672.0530853271484 457.19615173339844 558.1398315429688 457.19615173339844
563.0595092773438 256.25445556640625 673.5302505493164 256.25445556640625 673.5302505493164 457.3567199707031 563.0595092773438 457.3567199707031
565.3756103515625 254.7925262451172 675.7617645263672 254.7925262451172 675.7617645263672 457.4713897705078 565.3756103515625 457.4713897705078
561.8573608398438 252.8386993408203 672.5927505493164 252.8386993408203 672.5927505493164 457.3763122558594 561.8573608398438 457.3763122558594
564.7385864257812 255.3157501220703 672.4091415405273 255.3157501220703 672.4091415405273 458.2423553466797 564.7385864257812 458.2423553466797
563.3035888671875 255.09976196289062 672.2801055908203 255.09976196289062 672.2801055908203 459.41661071777344 563.3035888671875 459.41661071777344
565.2476806640625 252.5903778076172 673.4399185180664 252.5903778076172 673.4399185180664 459.49403381347656 565.2476806640625 459.49403381347656
562.2584228515625 254.494384765625 670.5050430297852 254.494384765625 670.5050430297852 459.4567108154297 562.2584228515625 459.4567108154297
563.4855346679688 252.5924835205078 672.580322265625 252.5924835205078 672.580322265625 459.8861083984375 563.4855346679688 459.8861083984375
561.3416748046875 252.9051513671875 670.6347503662109 252.9051513671875 670.6347503662109 463.3097839355469 561.3416748046875 463.3097839355469
560.6961059570312 255.0280303955078 672.6485977172852 255.0280303955078 672.6485977172852 464.276123046875 560.6961059570312 464.276123046875
561.8468017578125 253.6117706298828 673.0910415649414 253.6117706298828 673.0910415649414 463.5520324707031 561.8468017578125 463.5520324707031
562.3956909179688 252.70370483398438 672.0177612304688 252.70370483398438 672.0177612304688 462.9722595214844 562.3956909179688 462.9722595214844
561.6116943359375 254.732177734375 670.0802154541016 254.732177734375 670.0802154541016 462.6963806152344 561.6116943359375 462.6963806152344
558.4879760742188 255.7745819091797 667.0392303466797 255.7745819091797 667.0392303466797 461.31005859375 558.4879760742188 461.31005859375
561.138671875 252.3777313232422 666.2744369506836 252.3777313232422 666.2744369506836 455.79051208496094 561.138671875 455.79051208496094
562.3751220703125 255.4888916015625 665.9565887451172 255.4888916015625 665.9565887451172 459.2034912109375 562.3751220703125 459.2034912109375
560.9547119140625 254.76025390625 665.188720703125 254.76025390625 665.188720703125 456.84486389160156 560.9547119140625 456.84486389160156
561.8991088867188 256.59613037109375 665.50732421875 256.59613037109375 665.50732421875 457.2037658691406 561.8991088867188 457.2037658691406
561.8129272460938 258.05731201171875 665.3235321044922 258.05731201171875 665.3235321044922 457.4689483642578 561.8129272460938 457.4689483642578
562.4710083007812 259.75384521484375 664.6768951416016 259.75384521484375 664.6768951416016 456.1272430419922 562.4710083007812 456.1272430419922
559.7963256835938 259.48626708984375 661.5144653320312 259.48626708984375 661.5144653320312 454.9185485839844 559.7963256835938 454.9185485839844
556.5741577148438 262.534423828125 656.9169311523438 262.534423828125 656.9169311523438 457.1128692626953 556.5741577148438 457.1128692626953
556.616943359375 263.34820556640625 654.1144027709961 263.34820556640625 654.1144027709961 455.08099365234375 556.616943359375 455.08099365234375
554.1490478515625 264.25201416015625 650.5172882080078 264.25201416015625 650.5172882080078 453.5959014892578 554.1490478515625 453.5959014892578
553.6303100585938 264.5235290527344 649.1018218994141 264.5235290527344 649.1018218994141 453.7479705810547 553.6303100585938 453.7479705810547
545.4319458007812 265.47430419921875 641.9402313232422 265.47430419921875 641.9402313232422 452.0458526611328 545.4319458007812 452.0458526611328
543.80908203125 267.0672607421875 640.4091033935547 267.0672607421875 640.4091033935547 453.3625030517578 543.80908203125 453.3625030517578
537.5896606445312 265.03900146484375 635.1812744140625 265.03900146484375 635.1812744140625 447.8264923095703 537.5896606445312 447.8264923095703
531.8265380859375 265.97491455078125 631.2089920043945 265.97491455078125 631.2089920043945 446.76776123046875 531.8265380859375 446.76776123046875
530.7039794921875 265.46221923828125 628.6775970458984 265.46221923828125 628.6775970458984 449.3802490234375 530.7039794921875 449.3802490234375
529.1602172851562 264.4512939453125 626.1394424438477 264.4512939453125 626.1394424438477 455.7156677246094 529.1602172851562 455.7156677246094
534.0214233398438 261.33087158203125 630.3776702880859 261.33087158203125 630.3776702880859 456.4568176269531 534.0214233398438 456.4568176269531
528.6663818359375 260.8255920410156 625.2676239013672 260.8255920410156 625.2676239013672 455.3906707763672 528.6663818359375 455.3906707763672
525.3904418945312 266.19024658203125 623.7296447753906 266.19024658203125 623.7296447753906 458.8625793457031 525.3904418945312 458.8625793457031
522.2157592773438 265.92633056640625 622.3784942626953 265.92633056640625 622.3784942626953 459.3751678466797 522.2157592773438 459.3751678466797
523.271484375 263.1121520996094 623.0237655639648 263.1121520996094 623.0237655639648 458.3247528076172 523.271484375 458.3247528076172
518.6099853515625 264.949462890625 619.5540771484375 264.949462890625 619.5540771484375 460.70025634765625 518.6099853515625 460.70025634765625
515.6620483398438 269.4959411621094 619.22412109375 269.4959411621094 619.22412109375 464.46038818359375 515.6620483398438 464.46038818359375
513.9102783203125 267.7021484375 616.4040145874023 267.7021484375 616.4040145874023 465.19139099121094 513.9102783203125 465.19139099121094
510.14111328125 268.0888977050781 613.6894302368164 268.0888977050781 613.6894302368164 468.67388916015625 510.14111328125 468.67388916015625
504.434814453125 262.9900207519531 609.1612091064453 262.9900207519531 609.1612091064453 465.8790588378906 504.434814453125 465.8790588378906
495.14471435546875 260.0716552734375 599.6668548583984 260.0716552734375 599.6668548583984 462.3414764404297 495.14471435546875 462.3414764404297
495.3724670410156 258.1424560546875 600.5261993408203 258.1424560546875 600.5261993408203 461.6345520019531 495.3724670410156 461.6345520019531
488.5511779785156 257.7311096191406 594.8376007080078 257.7311096191406 594.8376007080078 462.51771545410156 488.5511779785156 462.51771545410156
487.5259704589844 254.86221313476562 592.1116027832031 254.86221313476562 592.1116027832031 459.35447692871094 487.5259704589844 459.35447692871094
484.07659912109375 254.4381866455078 589.7396621704102 254.4381866455078 589.7396621704102 458.9159698486328 484.07659912109375 458.9159698486328
479.322021484375 257.89117431640625 582.9419097900391 257.89117431640625 582.9419097900391 460.6809539794922 479.322021484375 460.6809539794922
477.3072204589844 255.1443634033203 578.8934478759766 255.1443634033203 578.8934478759766 458.42034912109375 477.3072204589844 458.42034912109375
477.09735107421875 256.40203857421875 575.4701843261719 256.40203857421875 575.4701843261719 457.5784606933594 477.09735107421875 457.5784606933594
473.8692321777344 262.01513671875 573.4082794189453 262.01513671875 573.4082794189453 456.67115783691406 473.8692321777344 456.67115783691406
471.76202392578125 256.2839660644531 572.8098297119141 256.2839660644531 572.8098297119141 451.83033752441406 471.76202392578125 451.83033752441406
470.74853515625 258.522216796875 570.8646621704102 258.522216796875 570.8646621704102 452.265625 470.74853515625 452.265625
468.4940490722656 259.6150817871094 568.7153396606445 259.6150817871094 568.7153396606445 453.56199645996094 468.4940490722656 453.56199645996094
473.7295837402344 261.01971435546875 571.8978958129883 261.01971435546875 571.8978958129883 450.9937438964844 473.7295837402344 450.9937438964844
467.19189453125 265.4872131347656 563.9923324584961 265.4872131347656 563.9923324584961 452.81414794921875 467.19189453125 452.81414794921875
465.06427001953125 260.8790283203125 561.7661437988281 260.8790283203125 561.7661437988281 448.0152282714844 465.06427001953125 448.0152282714844
459.39923095703125 263.38653564453125 554.73046875 263.38653564453125 554.73046875 447.8703155517578 459.39923095703125 447.8703155517578
461.55352783203125 270.9778137207031 555.7540664672852 270.9778137207031 555.7540664672852 452.74334716796875 461.55352783203125 452.74334716796875
464.6895446777344 269.20904541015625 556.8820037841797 269.20904541015625 556.8820037841797 448.97096252441406 464.6895446777344 448.97096252441406
459.6105041503906 271.6388244628906 552.0053329467773 271.6388244628906 552.0053329467773 450.4401092529297 459.6105041503906 450.4401092529297
457.98291015625 275.3780212402344 548.5374755859375 275.3780212402344 548.5374755859375 453.209716796875 457.98291015625 453.209716796875
456.64239501953125 277.56085205078125 546.3626861572266 277.56085205078125 546.3626861572266 453.5171203613281 456.64239501953125 453.5171203613281
455.457275390625 279.3086242675781 546.0287551879883 279.3086242675781 546.0287551879883 455.4465026855469 455.457275390625 455.4465026855469
450.42083740234375 272.3226623535156 541.3382568359375 272.3226623535156 541.3382568359375 448.26487731933594 450.42083740234375 448.26487731933594
451.0061950683594 278.60614013671875 540.9170379638672 278.60614013671875 540.9170379638672 452.60044860839844 451.0061950683594 452.60044860839844
448.2256774902344 272.3039245605469 537.0120620727539 272.3039245605469 537.0120620727539 444.1221923828125 448.2256774902344 444.1221923828125
447.50323486328125 271.68157958984375 538.6385345458984 271.68157958984375 538.6385345458984 448.0454406738281 447.50323486328125 448.0454406738281
444.84063720703125 271.1854248046875 535.9429550170898 271.1854248046875 535.9429550170898 447.48545837402344 444.84063720703125 447.48545837402344
446.3677673339844 270.54644775390625 536.0596160888672 270.54644775390625 536.0596160888672 446.4071044921875 446.3677673339844 446.4071044921875
448.28460693359375 274.5394592285156 534.5438079833984 274.5394592285156 534.5438079833984 452.7660217285156 448.28460693359375 452.7660217285156
447.6210021972656 271.75921630859375 531.9896697998047 271.75921630859375 531.9896697998047 448.77894592285156 447.6210021972656 448.77894592285156
450.565673828125 279.80059814453125 532.8441314697266 279.80059814453125 532.8441314697266 452.7443389892578 450.565673828125 452.7443389892578
449.64794921875 279.7783508300781 530.7574615478516 279.7783508300781 530.7574615478516 452.57435607910156 449.64794921875 452.57435607910156
447.2605895996094 277.61151123046875 529.348762512207 277.61151123046875 529.348762512207 446.80450439453125 447.2605895996094 446.80450439453125
441.30938720703125 272.1204528808594 526.4481582641602 272.1204528808594 526.4481582641602 443.34515380859375 441.30938720703125 443.34515380859375
442.75262451171875 272.46051025390625 528.9479064941406 272.46051025390625 528.9479064941406 445.80616760253906 442.75262451171875 445.80616760253906
442.0072326660156 269.30352783203125 529.7259368896484 269.30352783203125 529.7259368896484 442.83587646484375 442.0072326660156 442.83587646484375
442.31964111328125 276.0702209472656 528.8083038330078 276.0702209472656 528.8083038330078 453.1347198486328 442.31964111328125 453.1347198486328
440.11859130859375 271.87237548828125 528.3359985351562 271.87237548828125 528.3359985351562 445.7618103027344 440.11859130859375 445.7618103027344
441.4451599121094 277.87353515625 528.7840423583984 277.87353515625 528.7840423583984 449.6760711669922 441.4451599121094 449.6760711669922
444.27239990234375 278.8373107910156 529.3852386474609 278.8373107910156 529.3852386474609 454.42156982421875 444.27239990234375 454.42156982421875
441.18096923828125 271.70306396484375 529.5689468383789 271.70306396484375 529.5689468383789 442.75030517578125 441.18096923828125 442.75030517578125
437.9789123535156 272.13153076171875 526.1200180053711 272.13153076171875 526.1200180053711 442.70103454589844 437.9789123535156 442.70103454589844
442.20452880859375 276.120361328125 529.3856964111328 276.120361328125 529.3856964111328 444.8321838378906 442.20452880859375 444.8321838378906
440.68829345703125 276.85870361328125 526.2393035888672 276.85870361328125 526.2393035888672 446.38438415527344 440.68829345703125 446.38438415527344
440.9291076660156 270.685791015625 528.4612884521484 270.685791015625 528.4612884521484 440.0768585205078 440.9291076660156 440.0768585205078
435.9752502441406 274.8849182128906 523.8744201660156 274.8849182128906 523.8744201660156 444.98619079589844 435.9752502441406 444.98619079589844
437.57830810546875 276.0273132324219 525.7263946533203 276.0273132324219 525.7263946533203 446.61029052734375 437.57830810546875 446.61029052734375
438.9662170410156 277.00067138671875 527.3925247192383 277.00067138671875 527.3925247192383 448.12205505371094 438.9662170410156 448.12205505371094
439.0498046875 272.1668395996094 526.0618591308594 272.1668395996094 526.0618591308594 443.7723083496094 439.0498046875 443.7723083496094
441.98431396484375 275.7677307128906 527.5177307128906 275.7677307128906 527.5177307128906 448.692626953125 441.98431396484375 448.692626953125
441.7565002441406 273.4273986816406 526.4733123779297 273.4273986816406 526.4733123779297 449.2218933105469 441.7565002441406 449.2218933105469
440.4331970214844 275.3573303222656 525.1851577758789 275.3573303222656 525.1851577758789 450.9374084472656 440.4331970214844 450.9374084472656
441.3216247558594 275.6424865722656 528.0820159912109 275.6424865722656 528.0820159912109 447.60545349121094 441.3216247558594 447.60545349121094
442.9425354003906 275.1009826660156 528.1248779296875 275.1009826660156 528.1248779296875 447.4453125 442.9425354003906 447.4453125
441.45489501953125 272.60650634765625 526.9207077026367 272.60650634765625 526.9207077026367 446.8717346191406 441.45489501953125 446.8717346191406
441.38275146484375 275.96136474609375 527.3974456787109 275.96136474609375 527.3974456787109 451.13743591308594 441.38275146484375 451.13743591308594
438.929931640625 274.8953552246094 527.7959365844727 274.8953552246094 527.7959365844727 446.8676452636719 438.929931640625 446.8676452636719
437.9599609375 273.22528076171875 525.9772567749023 273.22528076171875 525.9772567749023 443.55516052246094 437.9599609375 443.55516052246094
434.9652404785156 272.52703857421875 523.7318267822266 272.52703857421875 523.7318267822266 444.3069610595703 434.9652404785156 444.3069610595703
436.59979248046875 271.4747009277344 525.8758163452148 271.4747009277344 525.8758163452148 444.240478515625 436.59979248046875 444.240478515625
437.77947998046875 272.06610107421875 526.8428497314453 272.06610107421875 526.8428497314453 444.42034912109375 437.77947998046875 444.42034912109375
433.83966064453125 265.490966796875 524.7911911010742 265.490966796875 524.7911911010742 441.4991760253906 433.83966064453125 441.4991760253906
437.1021423339844 274.61578369140625 528.2796630859375 274.61578369140625 528.2796630859375 451.0613098144531 437.1021423339844 451.0613098144531
435.84686279296875 268.4117126464844 526.9297027587891 268.4117126464844 526.9297027587891 444.67401123046875 435.84686279296875 444.67401123046875
431.5126037597656 267.59002685546875 522.7206573486328 267.59002685546875 522.7206573486328 444.0946502685547 431.5126037597656 444.0946502685547
431.18292236328125 268.9266357421875 521.3819961547852 268.9266357421875 521.3819961547852 443.47869873046875 431.18292236328125 443.47869873046875
430.7405700683594 269.3139343261719 522.0361480712891 269.3139343261719 522.0361480712891 445.9879608154297 430.7405700683594 445.9879608154297
430.8505859375 268.2987365722656 525.0884780883789 268.2987365722656 525.0884780883789 450.66668701171875 430.8505859375 450.66668701171875
430.5802307128906 262.0835266113281 526.1380081176758 262.0835266113281 526.1380081176758 447.0057067871094 430.5802307128906 447.0057067871094
431.9949645996094 266.97216796875 526.0606842041016 266.97216796875 526.0606842041016 449.0069274902344 431.9949645996094 449.0069274902344
433.56622314453125 265.707763671875 527.4977493286133 265.707763671875 527.4977493286133 447.4828186035156 433.56622314453125 447.4828186035156
431.91143798828125 266.6936950683594 527.1798400878906 266.6936950683594 527.1798400878906 451.05584716796875 431.91143798828125 451.05584716796875
433.4052734375 262.8170166015625 530.4090347290039 262.8170166015625 530.4090347290039 451.9803161621094 433.4052734375 451.9803161621094
432.56317138671875 261.9601135253906 530.1794891357422 261.9601135253906 530.1794891357422 450.8658905029297 432.56317138671875 450.8658905029297
436.86297607421875 264.4981384277344 535.4062347412109 264.4981384277344 535.4062347412109 455.1977233886719 436.86297607421875 455.1977233886719
434.83770751953125 262.5096435546875 533.7700805664062 262.5096435546875 533.7700805664062 452.71788024902344 434.83770751953125 452.71788024902344
436.16778564453125 261.39788818359375 537.0162353515625 261.39788818359375 537.0162353515625 455.3616027832031 436.16778564453125 455.3616027832031
435.330078125 260.9058837890625 535.9977874755859 260.9058837890625 535.9977874755859 455.7166442871094 435.330078125 455.7166442871094
437.91790771484375 259.5048522949219 538.7209777832031 259.5048522949219 538.7209777832031 456.33189392089844 437.91790771484375 456.33189392089844
437.2345275878906 258.4705505371094 537.5920639038086 258.4705505371094 537.5920639038086 452.6810607910156 437.2345275878906 452.6810607910156
438.6214294433594 261.3101501464844 538.4223327636719 261.3101501464844 538.4223327636719 454.59788513183594 438.6214294433594 454.59788513183594
442.2642517089844 264.9718322753906 543.1423187255859 264.9718322753906 543.1423187255859 460.3526306152344 442.2642517089844 460.3526306152344
441.9532165527344 258.6279602050781 544.0247344970703 258.6279602050781 544.0247344970703 456.1553497314453 441.9532165527344 456.1553497314453
446.03009033203125 260.76153564453125 547.5087966918945 260.76153564453125 547.5087966918945 457.1417236328125 446.03009033203125 457.1417236328125
452.37249755859375 261.7358703613281 554.093505859375 261.7358703613281 554.093505859375 458.5849609375 452.37249755859375 458.5849609375
451.354248046875 258.44000244140625 552.7902984619141 258.44000244140625 552.7902984619141 454.7376403808594 451.354248046875 454.7376403808594
453.6825256347656 259.8407897949219 555.6823577880859 259.8407897949219 555.6823577880859 457.2294616699219 453.6825256347656 457.2294616699219
456.596923828125 258.62030029296875 558.7252197265625 258.62030029296875 558.7252197265625 456.25758361816406 456.596923828125 456.25758361816406
458.24871826171875 259.3629150390625 561.4301605224609 259.3629150390625 561.4301605224609 459.0382385253906 458.24871826171875 459.0382385253906
462.5928649902344 260.54425048828125 565.7051467895508 260.54425048828125 565.7051467895508 460.08575439453125 462.5928649902344 460.08575439453125
464.04876708984375 255.51809692382812 568.6839141845703 255.51809692382812 568.6839141845703 458.0066375732422 464.04876708984375 458.0066375732422
467.7959899902344 258.87713623046875 573.4649505615234 258.87713623046875 573.4649505615234 463.3663024902344 467.7959899902344 463.3663024902344
467.82244873046875 255.9088134765625 574.1423187255859 255.9088134765625 574.1423187255859 462.5912780761719 467.82244873046875 462.5912780761719
469.351318359375 255.88265991210938 575.4583969116211 255.88265991210938 575.4583969116211 460.7537536621094 469.351318359375 460.7537536621094
468.07916259765625 254.54647827148438 572.5324554443359 254.54647827148438 572.5324554443359 458.9222717285156 468.07916259765625 458.9222717285156
474.5314025878906 255.2436981201172 577.1856231689453 255.2436981201172 577.1856231689453 461.5065460205078 474.5314025878906 461.5065460205078
476.08746337890625 254.82443237304688 575.8964385986328 254.82443237304688 575.8964385986328 462.6466522216797 476.08746337890625 462.6466522216797
479.17950439453125 255.46475219726562 578.8826904296875 255.46475219726562 578.8826904296875 462.1483917236328 479.17950439453125 462.1483917236328
479.1543884277344 255.46481323242188 579.400520324707 255.46481323242188 579.400520324707 462.26727294921875 479.1543884277344 462.26727294921875
479.2063903808594 254.7111358642578 579.3215789794922 254.7111358642578 579.3215789794922 462.3401336669922 479.2063903808594 462.3401336669922
480.2298889160156 255.2121124267578 581.4856414794922 255.2121124267578 581.4856414794922 458.07542419433594 480.2298889160156 458.07542419433594
481.46575927734375 258.88800048828125 580.7264251708984 258.88800048828125 580.7264251708984 463.51190185546875 481.46575927734375 463.51190185546875
479.87451171875 256.41888427734375 581.5186309814453 256.41888427734375 581.5186309814453 457.5071105957031 479.87451171875 457.5071105957031
480.04302978515625 256.75189208984375 581.0610580444336 256.75189208984375 581.0610580444336 458.6900329589844 480.04302978515625 458.6900329589844
484.6582946777344 257.53399658203125 585.3804321289062 257.53399658203125 585.3804321289062 457.536865234375 484.6582946777344 457.536865234375
481.667236328125 258.91754150390625 580.6740264892578 258.91754150390625 580.6740264892578 452.78810119628906 481.667236328125 452.78810119628906
484.08697509765625 262.2574157714844 581.8198089599609 262.2574157714844 581.8198089599609 454.7523498535156 484.08697509765625 454.7523498535156
485.29107666015625 258.0625305175781 583.7898864746094 258.0625305175781 583.7898864746094 453.87469482421875 485.29107666015625 453.87469482421875
483.62054443359375 255.4044189453125 582.3357315063477 255.4044189453125 582.3357315063477 456.0662536621094 483.62054443359375 456.0662536621094
483.15380859375 260.154052734375 583.1882019042969 260.154052734375 583.1882019042969 455.2253112792969 483.15380859375 455.2253112792969
480.69866943359375 258.3831787109375 581.4063873291016 258.3831787109375 581.4063873291016 454.0083312988281 480.69866943359375 454.0083312988281
484.6033630371094 259.2962951660156 586.0625762939453 259.2962951660156 586.0625762939453 457.0711212158203 484.6033630371094 457.0711212158203
481.24444580078125 252.31295776367188 585.1797943115234 252.31295776367188 585.1797943115234 453.44732666015625 481.24444580078125 453.44732666015625
484.322265625 257.85992431640625 587.6694107055664 257.85992431640625 587.6694107055664 458.5294189453125 484.322265625 458.5294189453125
482.282958984375 254.3846435546875 585.6963958740234 254.3846435546875 585.6963958740234 454.51243591308594 482.282958984375 454.51243591308594
485.57061767578125 259.212646484375 588.0153350830078 259.212646484375 588.0153350830078 457.34559631347656 485.57061767578125 457.34559631347656
488.0804748535156 256.6700744628906 591.2250823974609 256.6700744628906 591.2250823974609 458.4107666015625 488.0804748535156 458.4107666015625
489.7203063964844 258.76806640625 593.6079406738281 258.76806640625 593.6079406738281 459.8100891113281 489.7203063964844 459.8100891113281
490.32794189453125 258.04534912109375 592.8062744140625 258.04534912109375 592.8062744140625 458.1912384033203 490.32794189453125 458.1912384033203
491.03741455078125 259.1704406738281 592.4622650146484 259.1704406738281 592.4622650146484 455.4465026855469 491.03741455078125 455.4465026855469
494.19610595703125 256.44744873046875 595.0605316162109 256.44744873046875 595.0605316162109 451.63897705078125 494.19610595703125 451.63897705078125
494.76983642578125 259.54718017578125 595.5579528808594 259.54718017578125 595.5579528808594 454.59104919433594 494.76983642578125 454.59104919433594
495.68310546875 257.82672119140625 597.0226593017578 257.82672119140625 597.0226593017578 453.9377136230469 495.68310546875 453.9377136230469
500.3890686035156 259.5140380859375 601.3290634155273 259.5140380859375 601.3290634155273 454.8518371582031 500.3890686035156 454.8518371582031
499.86199951171875 256.34588623046875 602.5248870849609 256.34588623046875 602.5248870849609 455.017822265625 499.86199951171875 455.017822265625
499.95849609375 254.02627563476562 602.1053466796875 254.02627563476562 602.1053466796875 451.69960021972656 499.95849609375 451.69960021972656
504.22613525390625 253.82815551757812 605.6494598388672 253.82815551757812 605.6494598388672 450.101318359375 504.22613525390625 450.101318359375
502.2447814941406 256.8349304199219 605.700325012207 256.8349304199219 605.700325012207 457.0408172607422 502.2447814941406 457.0408172607422
506.11724853515625 251.8155975341797 610.5725479125977 251.8155975341797 610.5725479125977 455.44764709472656 506.11724853515625 455.44764709472656
506.25653076171875 253.0393524169922 609.6637954711914 253.0393524169922 609.6637954711914 453.1517791748047 506.25653076171875 453.1517791748047
510.434326171875 254.025634765625 613.6745834350586 254.025634765625 613.6745834350586 457.9418182373047 510.434326171875 457.9418182373047
515.5425415039062 251.99954223632812 616.3189926147461 251.99954223632812 616.3189926147461 457.18614196777344 515.5425415039062 457.18614196777344
516.2229614257812 255.0467071533203 617.7585906982422 255.0467071533203 617.7585906982422 458.4513397216797 516.2229614257812 458.4513397216797
514.1260375976562 254.9033966064453 615.8672256469727 254.9033966064453 615.8672256469727 455.25628662109375 514.1260375976562 455.25628662109375
515.5462646484375 256.4145202636719 616.6564483642578 256.4145202636719 616.6564483642578 452.08168029785156 515.5462646484375 452.08168029785156
515.1466674804688 259.25787353515625 616.3771362304688 259.25787353515625 616.3771362304688 457.4647521972656 515.1466674804688 457.4647521972656
518.7440185546875 254.5302276611328 618.900634765625 254.5302276611328 618.900634765625 458.2158660888672 518.7440185546875 458.2158660888672
515.9742431640625 256.61090087890625 616.8012771606445 256.61090087890625 616.8012771606445 455.9491882324219 515.9742431640625 455.9491882324219
519.2619018554688 258.09429931640625 617.7576675415039 258.09429931640625 617.7576675415039 459.9293975830078 519.2619018554688 459.9293975830078
517.0193481445312 256.15838623046875 616.5117416381836 256.15838623046875 616.5117416381836 462.3661193847656 517.0193481445312 462.3661193847656
521.2312622070312 255.47265625 619.2908782958984 255.47265625 619.2908782958984 457.3738250732422 521.2312622070312 457.3738250732422
520.116943359375 256.08380126953125 617.9021148681641 256.08380126953125 617.9021148681641 459.8317413330078 520.116943359375 459.8317413330078
522.4489135742188 253.971923828125 617.820182800293 253.971923828125 617.820182800293 462.4403381347656 522.4489135742188 462.4403381347656
522.3331298828125 252.15478515625 616.7314910888672 252.15478515625 616.7314910888672 459.9093780517578 522.3331298828125 459.9093780517578
523.6585693359375 253.7204132080078 615.4695434570312 253.7204132080078 615.4695434570312 463.66172790527344 523.6585693359375 463.66172790527344
525.5751342773438 253.52499389648438 616.5085830688477 253.52499389648438 616.5085830688477 460.87493896484375 525.5751342773438 460.87493896484375
524.8303833007812 251.41177368164062 616.7402572631836 251.41177368164062 616.7402572631836 457.0771026611328 524.8303833007812 457.0771026611328
528.3436279296875 257.51220703125 621.9676895141602 257.51220703125 621.9676895141602 455.21539306640625 528.3436279296875 455.21539306640625
527.3981323242188 256.8716735839844 621.8656692504883 256.8716735839844 621.8656692504883 452.69044494628906 527.3981323242188 452.69044494628906
529.5833740234375 259.67645263671875 625.2473983764648 259.67645263671875 625.2473983764648 452.0139465332031 529.5833740234375 452.0139465332031
528.96142578125 258.23260498046875 624.7492523193359 258.23260498046875 624.7492523193359 454.14430236816406 528.96142578125 454.14430236816406
527.8255615234375 257.81231689453125 623.6423721313477 257.81231689453125 623.6423721313477 447.24810791015625 527.8255615234375 447.24810791015625
527.92138671875 261.0735778808594 623.6452255249023 261.0735778808594 623.6452255249023 446.3171844482422 527.92138671875 446.3171844482422
529.8856201171875 259.1135559082031 623.8543548583984 259.1135559082031 623.8543548583984 445.4570617675781 529.8856201171875 445.4570617675781
531.1806030273438 262.05792236328125 625.8882064819336 262.05792236328125 625.8882064819336 448.14695739746094 531.1806030273438 448.14695739746094
531.1965942382812 260.3133239746094 625.7814407348633 260.3133239746094 625.7814407348633 447.82208251953125 531.1965942382812 447.82208251953125
532.1817626953125 260.8179931640625 626.3279495239258 260.8179931640625 626.3279495239258 443.00860595703125 532.1817626953125 443.00860595703125
533.0863647460938 258.7730407714844 628.2210540771484 258.7730407714844 628.2210540771484 442.87660217285156 533.0863647460938 442.87660217285156
535.678955078125 258.6015930175781 631.3234252929688 258.6015930175781 631.3234252929688 443.6916809082031 535.678955078125 443.6916809082031
538.7449951171875 254.4650421142578 633.8805694580078 254.4650421142578 633.8805694580078 438.57032775878906 538.7449951171875 438.57032775878906
542.60986328125 254.4395294189453 639.5688018798828 254.4395294189453 639.5688018798828 442.0733642578125 542.60986328125 442.0733642578125
538.6304321289062 257.0040588378906 637.0011367797852 257.0040588378906 637.0011367797852 447.36993408203125 538.6304321289062 447.36993408203125
539.0714111328125 254.36087036132812 639.4224395751953 254.36087036132812 639.4224395751953 448.5590362548828 539.0714111328125 448.5590362548828
538.00048828125 252.0011749267578 638.1297149658203 252.0011749267578 638.1297149658203 447.1597137451172 538.00048828125 447.1597137451172
544.52294921875 252.1964111328125 647.3967742919922 252.1964111328125 647.3967742919922 451.2767028808594 544.52294921875 451.2767028808594
546.3409423828125 250.6931610107422 649.2983779907227 250.6931610107422 649.2983779907227 449.9352569580078 546.3409423828125 449.9352569580078
550.72412109375 248.1190185546875 653.4332046508789 248.1190185546875 653.4332046508789 446.88050842285156 550.72412109375 446.88050842285156
553.3382568359375 250.69033813476562 656.7470703125 250.69033813476562 656.7470703125 450.8059387207031 553.3382568359375 450.8059387207031
561.0227661132812 245.6777801513672 665.7493896484375 245.6777801513672 665.7493896484375 450.34715270996094 561.0227661132812 450.34715270996094
558.9944458007812 243.091552734375 666.1198272705078 243.091552734375 666.1198272705078 450.4487609863281 558.9944458007812 450.4487609863281
567.4093627929688 243.34323120117188 674.4676055908203 243.34323120117188 674.4676055908203 450.5211639404297 567.4093627929688 450.5211639404297
568.4657592773438 242.9663543701172 676.7138671875 242.9663543701172 676.7138671875 452.4468994140625 568.4657592773438 452.4468994140625
569.1431884765625 240.09619140625 676.4062271118164 240.09619140625 676.4062271118164 453.7040252685547 569.1431884765625 453.7040252685547
566.8377685546875 245.7871551513672 675.1077880859375 245.7871551513672 675.1077880859375 456.99354553222656 566.8377685546875 456.99354553222656
573.6591796875 242.2373046875 681.2287368774414 242.2373046875 681.2287368774414 453.98291015625 573.6591796875 453.98291015625
578.8665771484375 237.6743621826172 683.9418563842773 237.6743621826172 683.9418563842773 454.7807159423828 578.8665771484375 454.7807159423828
581.4556884765625 239.39163208007812 688.0228271484375 239.39163208007812 688.0228271484375 454.80487060546875 581.4556884765625 454.80487060546875
581.942626953125 244.39883422851562 690.0518646240234 244.39883422851562 690.0518646240234 456.7776184082031 581.942626953125 456.7776184082031
579.2816162109375 236.95150756835938 685.9716415405273 236.95150756835938 685.9716415405273 454.70281982421875 579.2816162109375 454.70281982421875
580.6654052734375 240.49594116210938 690.1513061523438 240.49594116210938 690.1513061523438 458.53138732910156 580.6654052734375 458.53138732910156
579.7922973632812 241.414306640625 688.8648910522461 241.414306640625 688.8648910522461 454.4700012207031 579.7922973632812 454.4700012207031
577.0438842773438 238.26272583007812 687.5767593383789 238.26272583007812 687.5767593383789 452.1646728515625 577.0438842773438 452.1646728515625
574.1298828125 240.273681640625 686.1685180664062 240.273681640625 686.1685180664062 457.0895538330078 574.1298828125 457.0895538330078
585.1160888671875 244.0780487060547 694.75 244.0780487060547 694.75 456.2403106689453 585.1160888671875 456.2403106689453
590.1452026367188 240.1214599609375 698.2743072509766 240.1214599609375 698.2743072509766 452.5070343017578 590.1452026367188 452.5070343017578
590.8245849609375 236.37460327148438 695.9144058227539 236.37460327148438 695.9144058227539 451.719482421875 590.8245849609375 451.719482421875
593.1554565429688 231.6484375 699.4019393920898 231.6484375 699.4019393920898 447.9206848144531 593.1554565429688 447.9206848144531
593.3333740234375 253.54183959960938 701.6938323974609 253.54183959960938 701.6938323974609 463.23976135253906 593.3333740234375 463.23976135253906
594.217529296875 247.39120483398438 704.0050277709961 247.39120483398438 704.0050277709961 459.8507080078125 594.217529296875 459.8507080078125
568.3898315429688 240.64794921875 678.1943130493164 240.64794921875 678.1943130493164 460.7951965332031 568.3898315429688 460.7951965332031
567.5697021484375 238.8312225341797 678.3356475830078 238.8312225341797 678.3356475830078 460.38551330566406 567.5697021484375 460.38551330566406
564.3159790039062 237.0643768310547 679.6537475585938 237.0643768310547 679.6537475585938 463.8023681640625 564.3159790039062 463.8023681640625
562.97509765625 231.68820190429688 678.8392105102539 231.68820190429688 678.8392105102539 461.4425506591797 562.97509765625 461.4425506591797
557.0808715820312 233.4232177734375 677.0511856079102 233.4232177734375 677.0511856079102 466.537109375 557.0808715820312 466.537109375
559.8203125 229.87216186523438 680.7150650024414 229.87216186523438 680.7150650024414 464.82582092285156 559.8203125 464.82582092285156
563.9558715820312 230.5126953125 684.0238418579102 230.5126953125 684.0238418579102 466.5788116455078 563.9558715820312 466.5788116455078
564.6879272460938 231.37765502929688 682.6600341796875 231.37765502929688 682.6600341796875 465.8367156982422 564.6879272460938 465.8367156982422
565.7708129882812 235.406982421875 685.9267959594727 235.406982421875 685.9267959594727 468.05419921875 565.7708129882812 468.05419921875
569.9319458007812 233.62240600585938 690.34521484375 233.62240600585938 690.34521484375 468.0829315185547 569.9319458007812 468.0829315185547
575.4259033203125 231.052734375 695.3800201416016 231.052734375 695.3800201416016 464.4582824707031 575.4259033203125 464.4582824707031
578.4445190429688 235.9031219482422 699.24609375 235.9031219482422 699.24609375 466.3412322998047 578.4445190429688 466.3412322998047
579.21044921875 236.3433837890625 698.3157958984375 236.3433837890625 698.3157958984375 466.3419189453125 579.21044921875 466.3419189453125
583.8826904296875 234.2447509765625 702.3818359375 234.2447509765625 702.3818359375 464.099853515625 583.8826904296875 464.099853515625
587.7726440429688 230.1742706298828 704.4895477294922 230.1742706298828 704.4895477294922 465.2315673828125 587.7726440429688 465.2315673828125
581.608642578125 232.3023681640625 694.0958099365234 232.3023681640625 694.0958099365234 462.7701873779297 581.608642578125 462.7701873779297
581.118408203125 230.89736938476562 692.6456756591797 230.89736938476562 692.6456756591797 461.5244140625 581.118408203125 461.5244140625
583.4577026367188 231.71408081054688 694.1526260375977 231.71408081054688 694.1526260375977 462.6082000732422 583.4577026367188 462.6082000732422
584.9296875 233.1510467529297 694.6332855224609 233.1510467529297 694.6332855224609 464.1055450439453 584.9296875 464.1055450439453
584.7598876953125 234.1598663330078 695.0722503662109 234.1598663330078 695.0722503662109 466.7010803222656 584.7598876953125 466.7010803222656
585.534912109375 236.0110626220703 697.2294311523438 236.0110626220703 697.2294311523438 465.5740966796875 585.534912109375 465.5740966796875
583.5989990234375 237.8372039794922 695.2762298583984 237.8372039794922 695.2762298583984 464.80018615722656 583.5989990234375 464.80018615722656
586.7767333984375 236.0958251953125 696.5198364257812 236.0958251953125 696.5198364257812 466.4796447753906 586.7767333984375 466.4796447753906
591.3426513671875 232.55166625976562 697.6676254272461 232.55166625976562 697.6676254272461 464.44248962402344 591.3426513671875 464.44248962402344
591.1605224609375 229.92861938476562 697.3736953735352 229.92861938476562 697.3736953735352 467.08807373046875 591.1605224609375 467.08807373046875
590.4202270507812 230.48519897460938 697.1873626708984 230.48519897460938 697.1873626708984 468.1595153808594 590.4202270507812 468.1595153808594
590.7213745117188 225.4776153564453 696.4638061523438 225.4776153564453 696.4638061523438 467.8751220703125 590.7213745117188 467.8751220703125
590.5767822265625 227.71630859375 696.7081680297852 227.71630859375 696.7081680297852 467.5009307861328 590.5767822265625 467.5009307861328
593.6788330078125 224.954345703125 697.9475555419922 224.954345703125 697.9475555419922 467.8856201171875 593.6788330078125 467.8856201171875
588.8971557617188 227.0027313232422 696.6458511352539 227.0027313232422 696.6458511352539 468.427734375 588.8971557617188 468.427734375
593.3040161132812 227.97500610351562 699.6741943359375 227.97500610351562 699.6741943359375 468.4405059814453 593.3040161132812 468.4405059814453
594.56005859375 228.98672485351562 700.5867462158203 228.98672485351562 700.5867462158203 467.98846435546875 594.56005859375 467.98846435546875
594.6871948242188 229.3255615234375 700.3108291625977 229.3255615234375 700.3108291625977 467.2568359375 594.6871948242188 467.2568359375
593.9124755859375 228.31387329101562 698.8590545654297 228.31387329101562 698.8590545654297 464.2814025878906 593.9124755859375 464.2814025878906
592.3566284179688 229.6619873046875 699.6845550537109 229.6619873046875 699.6845550537109 466.5594940185547 592.3566284179688 466.5594940185547
594.3706665039062 230.38748168945312 700.1784210205078 230.38748168945312 700.1784210205078 464.91815185546875 594.3706665039062 464.91815185546875
594.5872802734375 232.58438110351562 700.4346694946289 232.58438110351562 700.4346694946289 464.1573791503906 594.5872802734375 464.1573791503906
588.4736938476562 234.300048828125 698.4587020874023 234.300048828125 698.4587020874023 463.2823791503906 588.4736938476562 463.2823791503906
591.0811767578125 236.90554809570312 700.9528350830078 236.90554809570312 700.9528350830078 466.24267578125 591.0811767578125 466.24267578125
590.5911254882812 238.2519073486328 700.6095428466797 238.2519073486328 700.6095428466797 465.4896697998047 590.5911254882812 465.4896697998047
594.8092041015625 243.00131225585938 702.5977020263672 243.00131225585938 702.5977020263672 466.379150390625 594.8092041015625 466.379150390625
591.477783203125 237.1591033935547 698.2415008544922 237.1591033935547 698.2415008544922 461.2943572998047 591.477783203125 461.2943572998047
591.1537475585938 238.4337158203125 698.448486328125 238.4337158203125 698.448486328125 463.5011291503906 591.1537475585938 463.5011291503906
592.8436279296875 234.26705932617188 699.2259292602539 234.26705932617188 699.2259292602539 462.87823486328125 592.8436279296875 462.87823486328125
592.2640380859375 234.9573516845703 699.3570709228516 234.9573516845703 699.3570709228516 465.5252685546875 592.2640380859375 465.5252685546875
593.3722534179688 234.28945922851562 699.4444961547852 234.28945922851562 699.4444961547852 465.4794006347656 593.3722534179688 465.4794006347656
593.4511108398438 235.8098602294922 696.0537948608398 235.8098602294922 696.0537948608398 462.6888122558594 593.4511108398438 462.6888122558594
595.23193359375 233.50674438476562 697.5257568359375 233.50674438476562 697.5257568359375 462.73931884765625 595.23193359375 462.73931884765625
597.2433471679688 232.59848022460938 701.8222045898438 232.59848022460938 701.8222045898438 464.936767578125 597.2433471679688 464.936767578125
597.427978515625 232.0889434814453 701.4558868408203 232.0889434814453 701.4558868408203 464.107177734375 597.427978515625 464.107177734375
594.6643676757812 234.013427734375 700.0726089477539 234.013427734375 700.0726089477539 463.8055114746094 594.6643676757812 463.8055114746094
593.940673828125 234.5310516357422 698.3245086669922 234.5310516357422 698.3245086669922 462.6986846923828 593.940673828125 462.6986846923828
595.7097778320312 231.5971221923828 700.2340850830078 231.5971221923828 700.2340850830078 460.7396697998047 595.7097778320312 460.7396697998047
599.7643432617188 235.3416748046875 704.2030868530273 235.3416748046875 704.2030868530273 462.0091094970703 599.7643432617188 462.0091094970703
600.1547241210938 236.89694213867188 704.010498046875 236.89694213867188 704.010498046875 462.51617431640625 600.1547241210938 462.51617431640625
600.3963012695312 239.0190887451172 702.9140625 239.0190887451172 702.9140625 462.63600158691406 600.3963012695312 462.63600158691406
600.8888549804688 235.5723419189453 703.7256317138672 235.5723419189453 703.7256317138672 460.8353271484375 600.8888549804688 460.8353271484375
604.0300903320312 238.97885131835938 707.8240966796875 238.97885131835938 707.8240966796875 463.5935516357422 604.0300903320312 463.5935516357422
599.672607421875 239.1658935546875 703.7725830078125 239.1658935546875 703.7725830078125 461.1664276123047 599.672607421875 461.1664276123047
600.4442138671875 240.19668579101562 705.5998153686523 240.19668579101562 705.5998153686523 463.046142578125 600.4442138671875 463.046142578125
593.37255859375 240.5924835205078 701.4272079467773 240.5924835205078 701.4272079467773 461.571044921875 593.37255859375 461.571044921875
594.3894653320312 239.39285278320312 700.9230804443359 239.39285278320312 700.9230804443359 462.0071563720703 594.3894653320312 462.0071563720703
590.5423583984375 240.22412109375 700.1924591064453 240.22412109375 700.1924591064453 461.6007385253906 590.5423583984375 461.6007385253906
584.9256591796875 237.99356079101562 696.2017059326172 237.99356079101562 696.2017059326172 459.7293243408203 584.9256591796875 459.7293243408203
583.7574462890625 238.37765502929688 696.7234878540039 238.37765502929688 696.7234878540039 458.87318420410156 583.7574462890625 458.87318420410156
583.4612426757812 240.46728515625 695.6479721069336 240.46728515625 695.6479721069336 461.7185363769531 583.4612426757812 461.7185363769531
577.9352416992188 239.74560546875 689.2692260742188 239.74560546875 689.2692260742188 462.6129608154297 577.9352416992188 462.6129608154297
572.7655029296875 237.1009063720703 686.9805297851562 237.1009063720703 686.9805297851562 461.652587890625 572.7655029296875 461.652587890625
574.2571411132812 238.41030883789062 687.2460708618164 238.41030883789062 687.2460708618164 462.93487548828125 574.2571411132812 462.93487548828125
576.1763916015625 238.7147216796875 686.8095245361328 238.7147216796875 686.8095245361328 464.6693878173828 576.1763916015625 464.6693878173828
573.3303833007812 240.31546020507812 682.9198837280273 240.31546020507812 682.9198837280273 465.7177734375 573.3303833007812 465.7177734375
570.3663330078125 239.034912109375 680.8595581054688 239.034912109375 680.8595581054688 464.948974609375 570.3663330078125 464.948974609375
564.4515380859375 240.24282836914062 676.694580078125 240.24282836914062 676.694580078125 464.07928466796875 564.4515380859375 464.07928466796875
560.2875366210938 238.70498657226562 674.2678604125977 238.70498657226562 674.2678604125977 463.4312744140625 560.2875366210938 463.4312744140625
558.9403076171875 239.6719207763672 671.900634765625 239.6719207763672 671.900634765625 465.0860137939453 558.9403076171875 465.0860137939453
555.3986206054688 238.7540283203125 669.2891998291016 238.7540283203125 669.2891998291016 463.5877685546875 555.3986206054688 463.5877685546875
552.2268676757812 243.66256713867188 665.7053451538086 243.66256713867188 665.7053451538086 466.0491943359375 552.2268676757812 466.0491943359375
551.11279296875 244.4902801513672 665.4882659912109 244.4902801513672 665.4882659912109 462.95166015625 551.11279296875 462.95166015625
550.2430419921875 241.2657470703125 664.2612152099609 241.2657470703125 664.2612152099609 461.8773193359375 550.2430419921875 461.8773193359375
546.9207763671875 237.7188262939453 661.7005004882812 237.7188262939453 661.7005004882812 458.7019805908203 546.9207763671875 458.7019805908203
543.6856689453125 240.20315551757812 661.2463760375977 240.20315551757812 661.2463760375977 459.13926696777344 543.6856689453125 459.13926696777344
544.0109252929688 233.1674041748047 658.7267456054688 233.1674041748047 658.7267456054688 455.1640319824219 544.0109252929688 455.1640319824219
536.8057250976562 235.3730926513672 653.7244110107422 235.3730926513672 653.7244110107422 461.6326904296875 536.8057250976562 461.6326904296875
540.926513671875 236.6037139892578 657.8035430908203 236.6037139892578 657.8035430908203 462.78269958496094 540.926513671875 462.78269958496094
539.4761352539062 238.91049194335938 655.6021118164062 238.91049194335938 655.6021118164062 460.92578125 539.4761352539062 460.92578125
535.7869873046875 238.7351531982422 649.9899673461914 238.7351531982422 649.9899673461914 458.2406463623047 535.7869873046875 458.2406463623047
535.8563232421875 243.0832977294922 650.6890716552734 243.0832977294922 650.6890716552734 462.5224151611328 535.8563232421875 462.5224151611328
533.50830078125 243.31265258789062 648.8466567993164 243.31265258789062 648.8466567993164 463.56732177734375 533.50830078125 463.56732177734375
532.0921630859375 243.35800170898438 646.0570831298828 243.35800170898438 646.0570831298828 462.18800354003906 532.0921630859375 462.18800354003906
531.6738891601562 241.986572265625 644.4205932617188 241.986572265625 644.4205932617188 460.1725311279297 531.6738891601562 460.1725311279297
526.87744140625 243.62841796875 641.2731170654297 243.62841796875 641.2731170654297 464.6340789794922 526.87744140625 464.6340789794922
522.320068359375 242.04434204101562 635.5056304931641 242.04434204101562 635.5056304931641 461.07957458496094 522.320068359375 461.07957458496094
521.180908203125 247.35043334960938 633.6585083007812 247.35043334960938 633.6585083007812 465.01564025878906 521.180908203125 465.01564025878906
517.7572631835938 248.2789764404297 630.7280883789062 248.2789764404297 630.7280883789062 466.8986511230469 517.7572631835938 466.8986511230469
518.4539184570312 248.85171508789062 630.470458984375 248.85171508789062 630.470458984375 465.6246643066406 518.4539184570312 465.6246643066406
522.3375854492188 246.3076934814453 633.8990325927734 246.3076934814453 633.8990325927734 462.199951171875 522.3375854492188 462.199951171875
518.2340698242188 244.816650390625 629.9852142333984 244.816650390625 629.9852142333984 461.0760040283203 518.2340698242188 461.0760040283203
516.661376953125 246.8298797607422 627.5882415771484 246.8298797607422 627.5882415771484 461.4941101074219 516.661376953125 461.4941101074219
515.908447265625 247.33419799804688 626.6688995361328 247.33419799804688 626.6688995361328 462.53114318847656 515.908447265625 462.53114318847656
513.0711669921875 245.58151245117188 623.1250457763672 245.58151245117188 623.1250457763672 462.69837951660156 513.0711669921875 462.69837951660156
510.8954162597656 244.0349578857422 620.4021301269531 244.0349578857422 620.4021301269531 461.8840789794922 510.8954162597656 461.8840789794922
509.3466796875 245.2008514404297 618.1921615600586 245.2008514404297 618.1921615600586 462.6903839111328 509.3466796875 462.6903839111328
509.11834716796875 242.9444122314453 616.8585586547852 242.9444122314453 616.8585586547852 463.67881774902344 509.11834716796875 463.67881774902344
506.62860107421875 243.85397338867188 612.8936386108398 243.85397338867188 612.8936386108398 461.39923095703125 506.62860107421875 461.39923095703125
508.71160888671875 244.85794067382812 614.3125839233398 244.85794067382812 614.3125839233398 461.74462890625 508.71160888671875 461.74462890625
507.00689697265625 244.1195831298828 613.1905288696289 244.1195831298828 613.1905288696289 460.2510986328125 507.00689697265625 460.2510986328125
508.361572265625 244.8940887451172 613.5059051513672 244.8940887451172 613.5059051513672 461.7852783203125 508.361572265625 461.7852783203125
508.2007751464844 245.5038604736328 613.3833084106445 245.5038604736328 613.3833084106445 461.9266357421875 508.2007751464844 461.9266357421875
506.29571533203125 246.6046905517578 613.4706802368164 246.6046905517578 613.4706802368164 462.2809143066406 506.29571533203125 462.2809143066406
506.8497619628906 247.4135284423828 612.3203201293945 247.4135284423828 612.3203201293945 463.7610626220703 506.8497619628906 463.7610626220703
506.55889892578125 249.2454071044922 611.6359634399414 249.2454071044922 611.6359634399414 463.02406311035156 506.55889892578125 463.02406311035156
507.47674560546875 246.060791015625 610.8903427124023 246.060791015625 610.8903427124023 462.6845703125 507.47674560546875 462.6845703125
505.2166442871094 245.7869873046875 610.0316619873047 245.7869873046875 610.0316619873047 460.5240936279297 505.2166442871094 460.5240936279297
501.9039611816406 247.50418090820312 607.6946563720703 247.50418090820312 607.6946563720703 457.68267822265625 501.9039611816406 457.68267822265625
504.82257080078125 247.0465545654297 611.8659820556641 247.0465545654297 611.8659820556641 458.2026062011719 504.82257080078125 458.2026062011719
501.69378662109375 247.53079223632812 608.4981460571289 247.53079223632812 608.4981460571289 459.5957794189453 501.69378662109375 459.5957794189453
503.84368896484375 249.15530395507812 612.0421295166016 249.15530395507812 612.0421295166016 461.5242004394531 503.84368896484375 461.5242004394531
500.4319763183594 250.4159698486328 608.004997253418 250.4159698486328 608.004997253418 460.628662109375 500.4319763183594 460.628662109375
497.8431091308594 250.6496124267578 605.9751052856445 250.6496124267578 605.9751052856445 462.4680938720703 497.8431091308594 462.4680938720703
499.4949645996094 252.5848388671875 606.0340728759766 252.5848388671875 606.0340728759766 458.7580261230469 499.4949645996094 458.7580261230469
491.3348693847656 254.04867553710938 599.4637985229492 254.04867553710938 599.4637985229492 462.7186737060547 491.3348693847656 462.7186737060547
489.44342041015625 253.2947235107422 595.0348129272461 253.2947235107422 595.0348129272461 457.6338806152344 489.44342041015625 457.6338806152344
487.2935485839844 256.483154296875 593.329475402832 256.483154296875 593.329475402832 461.6825714111328 487.2935485839844 461.6825714111328
485.5477600097656 253.9185028076172 591.2270355224609 253.9185028076172 591.2270355224609 458.1520690917969 485.5477600097656 458.1520690917969
484.3133239746094 258.25689697265625 589.9457473754883 258.25689697265625 589.9457473754883 461.76182556152344 484.3133239746094 461.76182556152344
480.5997619628906 254.54409790039062 585.1220245361328 254.54409790039062 585.1220245361328 456.81427001953125 480.5997619628906 456.81427001953125
480.55535888671875 255.5553436279297 583.7624969482422 255.5553436279297 583.7624969482422 456.91387939453125 480.55535888671875 456.91387939453125
478.23785400390625 254.1619110107422 581.0377807617188 254.1619110107422 581.0377807617188 457.1349792480469 478.23785400390625 457.1349792480469
477.4794921875 251.25643920898438 580.0866317749023 251.25643920898438 580.0866317749023 457.9263610839844 477.4794921875 457.9263610839844
477.45928955078125 249.6379852294922 575.8591232299805 249.6379852294922 575.8591232299805 456.9298553466797 477.45928955078125 456.9298553466797
471.7342224121094 251.86825561523438 564.0101852416992 251.86825561523438 564.0101852416992 453.33399963378906 471.7342224121094 453.33399963378906
464.6558532714844 258.2469787597656 556.407470703125 258.2469787597656 556.407470703125 453.49798583984375 464.6558532714844 453.49798583984375
460.27685546875 254.10751342773438 553.9968643188477 254.10751342773438 553.9968643188477 452.79473876953125 460.27685546875 452.79473876953125
456.2247009277344 250.9468536376953 554.9382019042969 250.9468536376953 554.9382019042969 454.3944854736328 456.2247009277344 454.3944854736328
452.853271484375 248.93814086914062 552.4744415283203 248.93814086914062 552.4744415283203 451.0755157470703 452.853271484375 451.0755157470703
449.35626220703125 255.2525177001953 550.6210327148438 255.2525177001953 550.6210327148438 457.3038635253906 449.35626220703125 457.3038635253906
447.30609130859375 255.12503051757812 548.2689666748047 255.12503051757812 548.2689666748047 458.0306091308594 447.30609130859375 458.0306091308594
444.4927673339844 256.26104736328125 545.1143264770508 256.26104736328125 545.1143264770508 456.8363800048828 444.4927673339844 456.8363800048828
444.355712890625 253.59091186523438 545.0752716064453 253.59091186523438 545.0752716064453 457.0370178222656 444.355712890625 457.0370178222656
443.83978271484375 254.537109375 545.564453125 254.537109375 545.564453125 459.1148681640625 443.83978271484375 459.1148681640625
439.9740295410156 253.9237823486328 544.1469650268555 253.9237823486328 544.1469650268555 458.39410400390625 439.9740295410156 458.39410400390625
440.5664978027344 256.03802490234375 544.9273147583008 256.03802490234375 544.9273147583008 461.0385437011719 440.5664978027344 461.0385437011719
435.75140380859375 257.31219482421875 541.2419662475586 257.31219482421875 541.2419662475586 458.8282165527344 435.75140380859375 458.8282165527344
435.99383544921875 259.8807067871094 542.7327041625977 259.8807067871094 542.7327041625977 462.889892578125 435.99383544921875 462.889892578125
428.88055419921875 260.3067626953125 536.2707901000977 260.3067626953125 536.2707901000977 459.4664764404297 428.88055419921875 459.4664764404297
425.9217834472656 263.36688232421875 531.2897033691406 263.36688232421875 531.2897033691406 457.74090576171875 425.9217834472656 457.74090576171875
425.02008056640625 266.64044189453125 529.93994140625 266.64044189453125 529.93994140625 459.6275329589844 425.02008056640625 459.6275329589844
418.26953125 264.0561828613281 523.4082260131836 264.0561828613281 523.4082260131836 457.1904602050781 418.26953125 457.1904602050781
422.05206298828125 262.5927734375 525.9193115234375 262.5927734375 525.9193115234375 458.3771057128906 422.05206298828125 458.3771057128906
418.2073669433594 264.0195617675781 521.1140594482422 264.0195617675781 521.1140594482422 461.41383361816406 418.2073669433594 461.41383361816406
417.6017150878906 262.4417419433594 517.1770706176758 262.4417419433594 517.1770706176758 461.0132293701172 417.6017150878906 461.0132293701172
417.13128662109375 255.49118041992188 517.2413177490234 255.49118041992188 517.2413177490234 454.39173889160156 417.13128662109375 454.39173889160156
421.043701171875 252.69277954101562 519.1738204956055 252.69277954101562 519.1738204956055 460.1580810546875 421.043701171875 460.1580810546875
418.92449951171875 255.33749389648438 518.5890655517578 255.33749389648438 518.5890655517578 458.5682830810547 418.92449951171875 458.5682830810547
416.331787109375 252.90689086914062 518.0656890869141 252.90689086914062 518.0656890869141 455.3590087890625 416.331787109375 455.3590087890625
416.65545654296875 253.69760131835938 516.8190155029297 253.69760131835938 516.8190155029297 462.4933319091797 416.65545654296875 462.4933319091797
417.4790954589844 251.0862274169922 519.8521575927734 251.0862274169922 519.8521575927734 464.7855682373047 417.4790954589844 464.7855682373047
417.4635314941406 251.03286743164062 519.4495391845703 251.03286743164062 519.4495391845703 464.6005401611328 417.4635314941406 464.6005401611328
419.4237365722656 250.8101043701172 520.9520416259766 250.8101043701172 520.9520416259766 465.6474304199219 419.4237365722656 465.6474304199219
421.52215576171875 250.07736206054688 523.2316970825195 250.07736206054688 523.2316970825195 467.0478515625 421.52215576171875 467.0478515625
421.276611328125 249.24658203125 525.4673309326172 249.24658203125 525.4673309326172 465.6646728515625 421.276611328125 465.6646728515625
423.0116271972656 251.95950317382812 528.3285369873047 251.95950317382812 528.3285369873047 463.2061309814453 423.0116271972656 463.2061309814453
421.673828125 247.5153045654297 524.6359710693359 247.5153045654297 524.6359710693359 464.2531433105469 421.673828125 464.2531433105469
422.8416442871094 249.60574340820312 525.8987884521484 249.60574340820312 525.8987884521484 468.78477478027344 422.8416442871094 468.78477478027344
424.9559631347656 247.5434112548828 527.8136520385742 247.5434112548828 527.8136520385742 464.1232452392578 424.9559631347656 464.1232452392578
425.37939453125 249.07241821289062 525.3436660766602 249.07241821289062 525.3436660766602 461.7716369628906 425.37939453125 461.7716369628906
428.4664001464844 247.4297332763672 526.410774230957 247.4297332763672 526.410774230957 463.5410614013672 428.4664001464844 463.5410614013672
429.97283935546875 250.2887420654297 522.5818328857422 250.2887420654297 522.5818328857422 460.55628967285156 429.97283935546875 460.55628967285156
429.4236755371094 247.34188842773438 521.5956649780273 247.34188842773438 521.5956649780273 457.0887451171875 429.4236755371094 457.0887451171875
432.18798828125 247.92477416992188 525.016731262207 247.92477416992188 525.016731262207 456.775146484375 432.18798828125 456.775146484375
431.97283935546875 248.31509399414062 528.2483444213867 248.31509399414062 528.2483444213867 459.6219024658203 431.97283935546875 459.6219024658203
432.6529846191406 251.0204620361328 532.0771026611328 251.0204620361328 532.0771026611328 457.9469299316406 432.6529846191406 457.9469299316406
432.58392333984375 253.05337524414062 529.1150131225586 253.05337524414062 529.1150131225586 457.641845703125 432.58392333984375 457.641845703125
433.93292236328125 252.11483764648438 531.3401107788086 252.11483764648438 531.3401107788086 462.8916931152344 433.93292236328125 462.8916931152344
432.865478515625 253.558837890625 532.1307220458984 253.558837890625 532.1307220458984 460.1045837402344 432.865478515625 460.1045837402344
435.78302001953125 251.5277862548828 534.0872497558594 251.5277862548828 534.0872497558594 463.5215148925781 435.78302001953125 463.5215148925781
437.97430419921875 249.6747589111328 541.3381729125977 249.6747589111328 541.3381729125977 461.2442932128906 437.97430419921875 461.2442932128906
437.1884765625 250.1416473388672 540.4858856201172 250.1416473388672 540.4858856201172 466.3419952392578 437.1884765625 466.3419952392578
438.256103515625 248.4581298828125 543.7816619873047 248.4581298828125 543.7816619873047 465.4402313232422 438.256103515625 465.4402313232422
438.096435546875 248.04794311523438 546.6514053344727 248.04794311523438 546.6514053344727 466.6369323730469 438.096435546875 466.6369323730469
438.2301330566406 244.8492431640625 549.4353942871094 244.8492431640625 549.4353942871094 464.6217498779297 438.2301330566406 464.6217498779297
438.24395751953125 242.2626953125 549.8738250732422 242.2626953125 549.8738250732422 463.095458984375 438.24395751953125 463.095458984375
441.6505432128906 242.40866088867188 554.7434997558594 242.40866088867188 554.7434997558594 462.6403045654297 441.6505432128906 462.6403045654297
438.7845153808594 245.3562774658203 550.7109832763672 245.3562774658203 550.7109832763672 462.5474395751953 438.7845153808594 462.5474395751953
446.9818420410156 242.962646484375 558.9871292114258 242.962646484375 558.9871292114258 459.3981170654297 446.9818420410156 459.3981170654297
448.56134033203125 243.51571655273438 560.6700897216797 243.51571655273438 560.6700897216797 460.65077209472656 448.56134033203125 460.65077209472656
448.6803283691406 240.61300659179688 561.8539581298828 240.61300659179688 561.8539581298828 459.85267639160156 448.6803283691406 459.85267639160156
451.2444763183594 238.6256561279297 563.842887878418 238.6256561279297 563.842887878418 456.5245361328125 451.2444763183594 456.5245361328125
455.2276916503906 240.51913452148438 566.275520324707 240.51913452148438 566.275520324707 455.4173583984375 455.2276916503906 455.4173583984375
454.78961181640625 245.0535888671875 565.6684799194336 245.0535888671875 565.6684799194336 459.6248474121094 454.78961181640625 459.6248474121094
457.17181396484375 241.25338745117188 567.8721160888672 241.25338745117188 567.8721160888672 455.4790954589844 457.17181396484375 455.4790954589844
456.19793701171875 244.1726531982422 568.5330581665039 244.1726531982422 568.5330581665039 461.56202697753906 456.19793701171875 461.56202697753906
456.10137939453125 243.09695434570312 568.8674087524414 243.09695434570312 568.8674087524414 462.52374267578125 456.10137939453125 462.52374267578125
459.99005126953125 237.16268920898438 573.4065399169922 237.16268920898438 573.4065399169922 456.64471435546875 459.99005126953125 456.64471435546875
465.6434020996094 237.6624298095703 576.8412933349609 237.6624298095703 576.8412933349609 452.85105895996094 465.6434020996094 452.85105895996094
470.50592041015625 237.651123046875 582.6969451904297 237.651123046875 582.6969451904297 454.7616424560547 470.50592041015625 454.7616424560547
465.033203125 238.7115020751953 576.5233917236328 238.7115020751953 576.5233917236328 454.4657440185547 465.033203125 454.4657440185547
464.43023681640625 238.7610321044922 573.690185546875 238.7610321044922 573.690185546875 450.1993408203125 464.43023681640625 450.1993408203125
465.01593017578125 240.33090209960938 574.5558090209961 240.33090209960938 574.5558090209961 452.31092834472656 465.01593017578125 452.31092834472656
463.62261962890625 242.59414672851562 572.2742080688477 242.59414672851562 572.2742080688477 452.85516357421875 463.62261962890625 452.85516357421875
465.7691345214844 241.9291229248047 576.9221115112305 241.9291229248047 576.9221115112305 457.0308074951172 465.7691345214844 457.0308074951172
472.13446044921875 238.9498291015625 583.2283706665039 238.9498291015625 583.2283706665039 453.9372100830078 472.13446044921875 453.9372100830078
470.32794189453125 239.8550262451172 581.4069213867188 239.8550262451172 581.4069213867188 454.8135223388672 470.32794189453125 454.8135223388672
475.44659423828125 236.22177124023438 588.1964721679688 236.22177124023438 588.1964721679688 454.4137878417969 475.44659423828125 454.4137878417969
471.14581298828125 234.78921508789062 584.9401245117188 234.78921508789062 584.9401245117188 455.0023956298828 471.14581298828125 455.0023956298828
473.0950622558594 234.4609375 585.6896667480469 234.4609375 585.6896667480469 458.0548858642578 473.0950622558594 458.0548858642578
473.81866455078125 237.3447265625 588.0416412353516 237.3447265625 588.0416412353516 458.387451171875 473.81866455078125 458.387451171875
473.35595703125 238.71426391601562 588.0435562133789 238.71426391601562 588.0435562133789 460.65611267089844 473.35595703125 460.65611267089844
477.2958984375 235.021240234375 590.4502716064453 235.021240234375 590.4502716064453 460.5459289550781 477.2958984375 460.5459289550781
474.03271484375 240.49609375 587.2168121337891 240.49609375 587.2168121337891 461.1201477050781 474.03271484375 461.1201477050781
476.44140625 237.4913787841797 588.6497039794922 237.4913787841797 588.6497039794922 465.2422332763672 476.44140625 465.2422332763672
474.54736328125 238.61572265625 585.9681549072266 238.61572265625 585.9681549072266 467.3841857910156 474.54736328125 467.3841857910156
475.712158203125 236.65457153320312 586.6978302001953 236.65457153320312 586.6978302001953 465.5417022705078 475.712158203125 465.5417022705078
474.9510803222656 239.3329620361328 586.7982635498047 239.3329620361328 586.7982635498047 464.3411865234375 474.9510803222656 464.3411865234375
473.69403076171875 244.1095733642578 586.5456161499023 244.1095733642578 586.5456161499023 462.4983367919922 473.69403076171875 462.4983367919922
476.8125 240.36019897460938 591.2839202880859 240.36019897460938 591.2839202880859 461.8836364746094 476.8125 461.8836364746094
473.8125 237.94265747070312 587.514404296875 237.94265747070312 587.514404296875 457.9769287109375 473.8125 457.9769287109375
477.29119873046875 239.88674926757812 590.2439575195312 239.88674926757812 590.2439575195312 458.28550720214844 477.29119873046875 458.28550720214844
478.24676513671875 237.2915496826172 593.8533325195312 237.2915496826172 593.8533325195312 461.0116729736328 478.24676513671875 461.0116729736328
475.834228515625 236.0573272705078 592.4925155639648 236.0573272705078 592.4925155639648 461.81272888183594 475.834228515625 461.81272888183594
479.5576171875 237.4668731689453 597.7951507568359 237.4668731689453 597.7951507568359 466.2783966064453 479.5576171875 466.2783966064453
479.20751953125 232.59579467773438 599.2934722900391 232.59579467773438 599.2934722900391 464.984375 479.20751953125 464.984375
481.7210388183594 235.05599975585938 601.1801605224609 235.05599975585938 601.1801605224609 466.2315368652344 481.7210388183594 466.2315368652344
491.4319763183594 235.5303497314453 610.5138397216797 235.5303497314453 610.5138397216797 465.975830078125 491.4319763183594 465.975830078125
493.990966796875 236.4720001220703 611.8726196289062 236.4720001220703 611.8726196289062 464.2951965332031 493.990966796875 464.2951965332031
494.4710998535156 236.8972625732422 613.5875930786133 236.8972625732422 613.5875930786133 465.6247100830078 494.4710998535156 465.6247100830078
499.1959533691406 235.07650756835938 615.3937911987305 235.07650756835938 615.3937911987305 460.9263610839844 499.1959533691406 460.9263610839844
502.209716796875 236.9115447998047 617.8495941162109 236.9115447998047 617.8495941162109 459.518310546875 502.209716796875 459.518310546875
507.8008728027344 241.4971466064453 623.2231292724609 241.4971466064453 623.2231292724609 464.8606262207031 507.8008728027344 464.8606262207031
507.7205505371094 240.9732666015625 622.3416900634766 240.9732666015625 622.3416900634766 462.4047393798828 507.7205505371094 462.4047393798828
513.3915405273438 238.73422241210938 629.0718002319336 238.73422241210938 629.0718002319336 462.5970153808594 513.3915405273438 462.5970153808594
517.2132568359375 240.0428009033203 631.8765411376953 240.0428009033203 631.8765411376953 461.9375457763672 517.2132568359375 461.9375457763672
520.2915649414062 238.186767578125 637.2587661743164 238.186767578125 637.2587661743164 464.5400085449219 520.2915649414062 464.5400085449219
517.3798217773438 242.04312133789062 633.8653182983398 242.04312133789062 633.8653182983398 467.46417236328125 517.3798217773438 467.46417236328125
528.3079833984375 239.6254119873047 641.2297515869141 239.6254119873047 641.2297515869141 465.23915100097656 528.3079833984375 465.23915100097656
527.6982421875 240.19479370117188 642.9483184814453 240.19479370117188 642.9483184814453 465.7288055419922 527.6982421875 465.7288055419922
530.8822021484375 244.3869171142578 644.9630508422852 244.3869171142578 644.9630508422852 470.2770080566406 530.8822021484375 470.2770080566406
525.7077026367188 245.94509887695312 639.69921875 245.94509887695312 639.69921875 470.4229278564453 525.7077026367188 470.4229278564453
530.1397094726562 244.75830078125 644.0795440673828 244.75830078125 644.0795440673828 471.0075225830078 530.1397094726562 471.0075225830078
526.8675537109375 237.99496459960938 640.6778945922852 237.99496459960938 640.6778945922852 461.0001220703125 526.8675537109375 461.0001220703125
531.1324462890625 241.7483367919922 645.5362548828125 241.7483367919922 645.5362548828125 465.8690185546875 531.1324462890625 465.8690185546875
531.9735717773438 238.89230346679688 647.7641143798828 238.89230346679688 647.7641143798828 470.1722412109375 531.9735717773438 470.1722412109375
532.3651123046875 239.35385131835938 646.6625747680664 239.35385131835938 646.6625747680664 467.5852508544922 532.3651123046875 467.5852508544922
534.6066284179688 240.53475952148438 647.3575592041016 240.53475952148438 647.3575592041016 466.3315887451172 534.6066284179688 466.3315887451172
531.287841796875 241.1321563720703 644.8663177490234 241.1321563720703 644.8663177490234 460.87791442871094 531.287841796875 460.87791442871094
532.7803955078125 241.3700714111328 645.0127334594727 241.3700714111328 645.0127334594727 460.6854248046875 532.7803955078125 460.6854248046875
534.349609375 237.84219360351562 644.6332168579102 237.84219360351562 644.6332168579102 460.9053497314453 534.349609375 460.9053497314453
533.0084838867188 238.6939697265625 644.9946670532227 238.6939697265625 644.9946670532227 463.1672058105469 533.0084838867188 463.1672058105469
534.0167236328125 236.53567504882812 643.8562469482422 236.53567504882812 643.8562469482422 463.9223937988281 534.0167236328125 463.9223937988281
536.1890869140625 237.09854125976562 644.4516983032227 237.09854125976562 644.4516983032227 463.291748046875 536.1890869140625 463.291748046875
536.4613037109375 236.5287628173828 644.8276977539062 236.5287628173828 644.8276977539062 460.9936981201172 536.4613037109375 460.9936981201172
538.3462524414062 234.66140747070312 643.5546112060547 234.66140747070312 643.5546112060547 463.6090393066406 538.3462524414062 463.6090393066406
536.1471557617188 237.03128051757812 644.9811630249023 237.03128051757812 644.9811630249023 462.3961944580078 536.1471557617188 462.3961944580078
540.2355346679688 237.61740112304688 646.4118194580078 237.61740112304688 646.4118194580078 465.3971405029297 540.2355346679688 465.3971405029297
538.4928588867188 238.621337890625 645.2201309204102 238.621337890625 645.2201309204102 465.8106994628906 538.4928588867188 465.8106994628906
538.7850341796875 238.8755645751953 645.6385879516602 238.8755645751953 645.6385879516602 465.264404296875 538.7850341796875 465.264404296875
539.1099853515625 237.087158203125 646.1436538696289 237.087158203125 646.1436538696289 465.1369171142578 539.1099853515625 465.1369171142578
537.0272216796875 239.467041015625 642.8348770141602 239.467041015625 642.8348770141602 464.5392608642578 537.0272216796875 464.5392608642578
539.2939453125 238.94107055664062 644.4875030517578 238.94107055664062 644.4875030517578 463.5758361816406 539.2939453125 463.5758361816406
538.0325927734375 239.7108917236328 643.6329193115234 239.7108917236328 643.6329193115234 464.1406555175781 538.0325927734375 464.1406555175781
533.5684814453125 241.4327850341797 641.2959747314453 241.4327850341797 641.2959747314453 464.54127502441406 533.5684814453125 464.54127502441406
536.5973510742188 238.5262908935547 643.4147796630859 238.5262908935547 643.4147796630859 464.36378479003906 536.5973510742188 464.36378479003906
534.4525146484375 238.9414520263672 641.15576171875 238.9414520263672 641.15576171875 463.4666748046875 534.4525146484375 463.4666748046875
538.0591430664062 239.1271209716797 644.0936660766602 239.1271209716797 644.0936660766602 463.9973907470703 538.0591430664062 463.9973907470703
535.311767578125 241.01382446289062 641.9997940063477 241.01382446289062 641.9997940063477 463.849853515625 535.311767578125 463.849853515625
535.4568481445312 243.614013671875 642.8960571289062 243.614013671875 642.8960571289062 463.0370178222656 535.4568481445312 463.0370178222656
541.5697021484375 237.5415496826172 646.8472137451172 237.5415496826172 646.8472137451172 464.2450866699219 541.5697021484375 464.2450866699219
541.2998046875 238.2378387451172 647.2675018310547 238.2378387451172 647.2675018310547 464.95948791503906 541.2998046875 464.95948791503906
537.5606079101562 241.6134490966797 642.9876937866211 241.6134490966797 642.9876937866211 464.4376220703125 537.5606079101562 464.4376220703125
537.9861450195312 239.8165740966797 644.1720352172852 239.8165740966797 644.1720352172852 463.62355041503906 537.9861450195312 463.62355041503906
535.2474975585938 240.89047241210938 641.5633163452148 240.89047241210938 641.5633163452148 464.00311279296875 535.2474975585938 464.00311279296875
538.5446166992188 239.6607208251953 646.2995834350586 239.6607208251953 646.2995834350586 465.406982421875 538.5446166992188 465.406982421875
536.8707885742188 241.0932159423828 644.2953643798828 241.0932159423828 644.2953643798828 464.9676971435547 536.8707885742188 464.9676971435547
537.06787109375 238.3826141357422 644.7640151977539 238.3826141357422 644.7640151977539 463.5141296386719 537.06787109375 463.5141296386719
532.7413330078125 241.393798828125 640.6265640258789 241.393798828125 640.6265640258789 462.958251953125 532.7413330078125 462.958251953125
535.00439453125 240.1085662841797 643.7122650146484 240.1085662841797 643.7122650146484 464.2132568359375 535.00439453125 464.2132568359375
537.972900390625 238.32986450195312 646.5716781616211 238.32986450195312 646.5716781616211 464.7890625 537.972900390625 464.7890625
536.939697265625 237.6349639892578 644.1037826538086 237.6349639892578 644.1037826538086 466.2530059814453 536.939697265625 466.2530059814453
537.6141357421875 236.6446990966797 645.2513885498047 236.6446990966797 645.2513885498047 466.1231231689453 537.6141357421875 466.1231231689453
537.94384765625 236.95645141601562 644.8822631835938 236.95645141601562 644.8822631835938 466.1308135986328 537.94384765625 466.1308135986328
537.2598876953125 237.98001098632812 644.6508026123047 237.98001098632812 644.6508026123047 464.92857360839844 537.2598876953125 464.92857360839844
536.8274536132812 238.72946166992188 644.7900848388672 238.72946166992188 644.7900848388672 462.53411865234375 536.8274536132812 462.53411865234375
539.3147583007812 238.07241821289062 645.6395111083984 238.07241821289062 645.6395111083984 465.3424835205078 539.3147583007812 465.3424835205078
536.9310913085938 237.53897094726562 643.8636932373047 237.53897094726562 643.8636932373047 463.1673889160156 536.9310913085938 463.1673889160156
539.3974609375 238.0153350830078 645.4202880859375 238.0153350830078 645.4202880859375 465.24253845214844 539.3974609375 465.24253845214844
539.8712768554688 238.7512969970703 645.6251373291016 238.7512969970703 645.6251373291016 465.3793029785156 539.8712768554688 465.3793029785156
539.4122924804688 238.65609741210938 644.0207061767578 238.65609741210938 644.0207061767578 465.03895568847656 539.4122924804688 465.03895568847656
537.5144653320312 241.1349639892578 643.0889511108398 241.1349639892578 643.0889511108398 460.01914978027344 537.5144653320312 460.01914978027344
539.8660278320312 239.59243774414062 646.2015228271484 239.59243774414062 646.2015228271484 462.02880859375 539.8660278320312 462.02880859375
538.3948974609375 238.388671875 643.2559967041016 238.388671875 643.2559967041016 460.4433135986328 538.3948974609375 460.4433135986328
537.5623168945312 241.0921630859375 641.3798675537109 241.0921630859375 641.3798675537109 461.5969696044922 537.5623168945312 461.5969696044922
539.7434692382812 239.9808807373047 639.7958221435547 239.9808807373047 639.7958221435547 461.0119171142578 539.7434692382812 461.0119171142578
538.1907348632812 241.55111694335938 638.8901519775391 241.55111694335938 638.8901519775391 459.81178283691406 538.1907348632812 459.81178283691406
540.168701171875 235.9405059814453 638.1236267089844 235.9405059814453 638.1236267089844 459.9656982421875 540.168701171875 459.9656982421875
540.5985717773438 237.853759765625 637.2546768188477 237.853759765625 637.2546768188477 457.8892517089844 540.5985717773438 457.8892517089844
537.4256591796875 238.9742431640625 635.6313858032227 238.9742431640625 635.6313858032227 455.5422058105469 537.4256591796875 455.5422058105469
537.2073974609375 239.95065307617188 636.1262054443359 239.95065307617188 636.1262054443359 455.9087371826172 537.2073974609375 455.9087371826172
537.8677368164062 241.2085418701172 637.0123519897461 241.2085418701172 637.0123519897461 457.6940612792969 537.8677368164062 457.6940612792969
537.7820434570312 242.99356079101562 638.5037689208984 242.99356079101562 638.5037689208984 457.2981262207031 537.7820434570312 457.2981262207031
538.654052734375 240.01699829101562 639.0066986083984 240.01699829101562 639.0066986083984 451.6505889892578 538.654052734375 451.6505889892578
535.8392333984375 241.67935180664062 639.6622161865234 241.67935180664062 639.6622161865234 448.0901184082031 535.8392333984375 448.0901184082031
535.6869506835938 241.3428497314453 638.9038314819336 241.3428497314453 638.9038314819336 453.09326171875 535.6869506835938 453.09326171875
532.3584594726562 240.8378448486328 637.5115356445312 240.8378448486328 637.5115356445312 447.78404235839844 532.3584594726562 447.78404235839844
533.23388671875 241.9905242919922 638.4538116455078 241.9905242919922 638.4538116455078 454.0854034423828 533.23388671875 454.0854034423828
528.4437255859375 245.2238311767578 635.3768310546875 245.2238311767578 635.3768310546875 462.6793975830078 528.4437255859375 462.6793975830078
531.7642822265625 240.66836547851562 636.1659927368164 240.66836547851562 636.1659927368164 463.2789306640625 531.7642822265625 463.2789306640625
529.2039184570312 242.18276977539062 631.4514312744141 242.18276977539062 631.4514312744141 465.7353515625 529.2039184570312 465.7353515625
531.9979248046875 245.010498046875 631.8275299072266 245.010498046875 631.8275299072266 467.5165710449219 531.9979248046875 467.5165710449219
532.8458862304688 241.94888305664062 630.8222427368164 241.94888305664062 630.8222427368164 463.91815185546875 532.8458862304688 463.91815185546875
532.1240234375 247.22900390625 630.8713455200195 247.22900390625 630.8713455200195 466.9423370361328 532.1240234375 466.9423370361328
533.5340576171875 244.25454711914062 632.8706588745117 244.25454711914062 632.8706588745117 465.19647216796875 533.5340576171875 465.19647216796875
532.8365478515625 245.7305145263672 632.6280059814453 245.7305145263672 632.6280059814453 465.4752960205078 532.8365478515625 465.4752960205078
534.4514770507812 244.3477783203125 637.0017700195312 244.3477783203125 637.0017700195312 465.2870788574219 534.4514770507812 465.2870788574219
533.5906982421875 244.2964630126953 633.3509979248047 244.2964630126953 633.3509979248047 461.84228515625 533.5906982421875 461.84228515625
531.2500610351562 244.5170440673828 629.4309997558594 244.5170440673828 629.4309997558594 462.8308563232422 531.2500610351562 462.8308563232422
528.4511108398438 244.36465454101562 629.8152618408203 244.36465454101562 629.8152618408203 462.2289581298828 528.4511108398438 462.2289581298828
528.5171508789062 242.79483032226562 633.5605697631836 242.79483032226562 633.5605697631836 461.21763610839844 528.5171508789062 461.21763610839844
526.503662109375 243.5936279296875 631.8525848388672 243.5936279296875 631.8525848388672 463.810302734375 526.503662109375 463.810302734375
524.8570556640625 245.02822875976562 630.4880981445312 245.02822875976562 630.4880981445312 460.51756286621094 524.8570556640625 460.51756286621094
523.0999755859375 246.32373046875 628.8121948242188 246.32373046875 628.8121948242188 458.7414093017578 523.0999755859375 458.7414093017578
521.13623046875 246.34414672851562 627.8727264404297 246.34414672851562 627.8727264404297 458.8604736328125 521.13623046875 458.8604736328125
515.8128662109375 244.4533233642578 623.9732818603516 244.4533233642578 623.9732818603516 455.70115661621094 515.8128662109375 455.70115661621094
517.8109130859375 243.63064575195312 625.7407684326172 243.63064575195312 625.7407684326172 460.24957275390625 517.8109130859375 460.24957275390625
512.5399780273438 247.54281616210938 622.5317153930664 247.54281616210938 622.5317153930664 462.03211975097656 512.5399780273438 462.03211975097656
514.267822265625 243.2416534423828 625.3966903686523 243.2416534423828 625.3966903686523 458.29649353027344 514.267822265625 458.29649353027344
511.8772888183594 241.83822631835938 621.9674987792969 241.83822631835938 621.9674987792969 454.883056640625 511.8772888183594 454.883056640625
510.63446044921875 245.9287872314453 620.3766860961914 245.9287872314453 620.3766860961914 458.3002014160156 510.63446044921875 458.3002014160156
507.43829345703125 245.694580078125 616.7946929931641 245.694580078125 616.7946929931641 457.3193664550781 507.43829345703125 457.3193664550781
509.2593688964844 246.12033081054688 618.7107849121094 246.12033081054688 618.7107849121094 457.9290008544922 509.2593688964844 457.9290008544922
505.4847717285156 243.202880859375 614.9924011230469 243.202880859375 614.9924011230469 455.1203308105469 505.4847717285156 455.1203308105469
506.328125 247.1425018310547 614.8763656616211 247.1425018310547 614.8763656616211 457.2033386230469 506.328125 457.2033386230469
508.61627197265625 249.7657012939453 614.399169921875 249.7657012939453 614.399169921875 454.47508239746094 508.61627197265625 454.47508239746094
506.302734375 249.4901885986328 612.0013275146484 249.4901885986328 612.0013275146484 454.0364227294922 506.302734375 454.0364227294922
504.6044921875 250.54867553710938 611.2251434326172 250.54867553710938 611.2251434326172 456.8792419433594 504.6044921875 456.8792419433594
497.24700927734375 246.70809936523438 602.3892822265625 246.70809936523438 602.3892822265625 450.17771911621094 497.24700927734375 450.17771911621094
493.3687438964844 252.1497802734375 598.3755645751953 252.1497802734375 598.3755645751953 455.3572692871094 493.3687438964844 455.3572692871094
488.85028076171875 250.38150024414062 593.7671279907227 250.38150024414062 593.7671279907227 453.4148712158203 488.85028076171875 453.4148712158203
480.2420349121094 252.70068359375 585.9095001220703 252.70068359375 585.9095001220703 457.18666076660156 480.2420349121094 457.18666076660156
477.7181091308594 254.9928741455078 584.380500793457 254.9928741455078 584.380500793457 461.4042053222656 477.7181091308594 461.4042053222656
472.5108337402344 249.6816864013672 579.3191452026367 249.6816864013672 579.3191452026367 456.3754119873047 472.5108337402344 456.3754119873047
475.8104553222656 252.3480224609375 583.8298034667969 252.3480224609375 583.8298034667969 461.3853302001953 475.8104553222656 461.3853302001953
473.45849609375 249.0967254638672 582.8380355834961 249.0967254638672 582.8380355834961 460.76625061035156 473.45849609375 460.76625061035156
465.3789978027344 246.93917846679688 576.6165008544922 246.93917846679688 576.6165008544922 462.2041931152344 465.3789978027344 462.2041931152344
463.6505432128906 247.88601684570312 575.3345260620117 247.88601684570312 575.3345260620117 464.3560791015625 463.6505432128906 464.3560791015625
462.61376953125 241.2707061767578 574.3978881835938 241.2707061767578 574.3978881835938 457.5935363769531 462.61376953125 457.5935363769531
462.3006896972656 242.35317993164062 574.2542037963867 242.35317993164062 574.2542037963867 461.58514404296875 462.3006896972656 461.58514404296875
462.3135681152344 244.4598388671875 572.3699417114258 244.4598388671875 572.3699417114258 460.6434020996094 462.3135681152344 460.6434020996094
462.28863525390625 245.2129669189453 572.1817779541016 245.2129669189453 572.1817779541016 463.264892578125 462.28863525390625 463.264892578125
461.34661865234375 242.74752807617188 571.36962890625 242.74752807617188 571.36962890625 460.99749755859375 461.34661865234375 460.99749755859375
461.0089416503906 244.7791290283203 572.2534255981445 244.7791290283203 572.2534255981445 460.0576629638672 461.0089416503906 460.0576629638672
464.1581115722656 244.2110137939453 575.2181701660156 244.2110137939453 575.2181701660156 459.1326446533203 464.1581115722656 459.1326446533203
455.69366455078125 243.13241577148438 565.4287490844727 243.13241577148438 565.4287490844727 455.4899597167969 455.69366455078125 455.4899597167969
461.05096435546875 245.85598754882812 571.9306259155273 245.85598754882812 571.9306259155273 460.4284973144531 461.05096435546875 460.4284973144531
461.95880126953125 241.56973266601562 572.8990936279297 241.56973266601562 572.8990936279297 456.25958251953125 461.95880126953125 456.25958251953125
466.127685546875 245.6666259765625 575.3491439819336 245.6666259765625 575.3491439819336 457.0302429199219 466.127685546875 457.0302429199219
454.50244140625 249.83535766601562 563.9364852905273 249.83535766601562 563.9364852905273 461.6103515625 454.50244140625 461.6103515625
456.11456298828125 251.57931518554688 566.5076141357422 251.57931518554688 566.5076141357422 465.21014404296875 456.11456298828125 465.21014404296875
458.6532287597656 248.66152954101562 571.7471466064453 248.66152954101562 571.7471466064453 467.51902770996094 458.6532287597656 467.51902770996094
465.38458251953125 239.2833251953125 578.4696884155273 239.2833251953125 578.4696884155273 458.1237487792969 465.38458251953125 458.1237487792969
461.8038635253906 239.750732421875 573.6105651855469 239.750732421875 573.6105651855469 456.1172180175781 461.8038635253906 456.1172180175781
450.2107849121094 251.2412567138672 562.6107330322266 251.2412567138672 562.6107330322266 468.7558135986328 450.2107849121094 468.7558135986328
442.272705078125 252.4810333251953 553.2666625976562 252.4810333251953 553.2666625976562 467.2747344970703 442.272705078125 467.2747344970703
445.5843811035156 244.09622192382812 556.0075759887695 244.09622192382812 556.0075759887695 451.7501983642578 445.5843811035156 451.7501983642578
456.3285217285156 245.33450317382812 571.1149215698242 245.33450317382812 571.1149215698242 454.26219177246094 456.3285217285156 454.26219177246094
452.93463134765625 246.47561645507812 566.3835067749023 246.47561645507812 566.3835067749023 457.7334747314453 452.93463134765625 457.7334747314453
449.7478942871094 243.797607421875 561.4764862060547 243.797607421875 561.4764862060547 455.9919891357422 449.7478942871094 455.9919891357422
451.33685302734375 247.75125122070312 562.9098968505859 247.75125122070312 562.9098968505859 458.608154296875 451.33685302734375 458.608154296875
450.97381591796875 243.40750122070312 561.6005020141602 243.40750122070312 561.6005020141602 457.4904327392578 450.97381591796875 457.4904327392578
453.34112548828125 245.56216430664062 564.2756958007812 245.56216430664062 564.2756958007812 460.24090576171875 453.34112548828125 460.24090576171875
455.64959716796875 246.93893432617188 567.5450897216797 246.93893432617188 567.5450897216797 463.47723388671875 455.64959716796875 463.47723388671875
457.34234619140625 242.8260955810547 568.7554321289062 242.8260955810547 568.7554321289062 458.4308624267578 457.34234619140625 458.4308624267578
462.60430908203125 250.9980010986328 573.5640487670898 250.9980010986328 573.5640487670898 465.72544860839844 462.60430908203125 465.72544860839844
462.10986328125 248.6724090576172 573.4259414672852 248.6724090576172 573.4259414672852 464.0894470214844 462.10986328125 464.0894470214844
465.01373291015625 247.720703125 576.3079223632812 247.720703125 576.3079223632812 463.0953674316406 465.01373291015625 463.0953674316406
468.1163024902344 248.5430450439453 578.5006866455078 248.5430450439453 578.5006866455078 464.2024383544922 468.1163024902344 464.2024383544922
466.9507751464844 252.68017578125 579.0221633911133 252.68017578125 579.0221633911133 465.3695831298828 466.9507751464844 465.3695831298828
471.848876953125 260.52294921875 583.0319595336914 260.52294921875 583.0319595336914 466.8157653808594 471.848876953125 466.8157653808594
473.5630798339844 257.2408142089844 583.0791473388672 257.2408142089844 583.0791473388672 463.98670959472656 473.5630798339844 463.98670959472656
480.14752197265625 260.6497497558594 587.7140274047852 260.6497497558594 587.7140274047852 462.88421630859375 480.14752197265625 462.88421630859375
483.3466796875 260.85614013671875 590.1586456298828 260.85614013671875 590.1586456298828 459.9608154296875 483.3466796875 459.9608154296875
486.9315490722656 261.3461608886719 592.9692840576172 261.3461608886719 592.9692840576172 459.8707275390625 486.9315490722656 459.8707275390625
490.61322021484375 254.055908203125 595.0650405883789 254.055908203125 595.0650405883789 455.7956237792969 490.61322021484375 455.7956237792969
494.52703857421875 256.4027404785156 598.515869140625 256.4027404785156 598.515869140625 454.45721435546875 494.52703857421875 454.45721435546875
494.99627685546875 255.95150756835938 597.0095138549805 255.95150756835938 597.0095138549805 450.46949768066406 494.99627685546875 450.46949768066406
507.42132568359375 257.92071533203125 609.3318023681641 257.92071533203125 609.3318023681641 453.90936279296875 507.42132568359375 453.90936279296875
512.386962890625 256.9164733886719 615.5347900390625 256.9164733886719 615.5347900390625 455.7470703125 512.386962890625 455.7470703125
516.8236083984375 260.2601013183594 619.0362701416016 260.2601013183594 619.0362701416016 458.06695556640625 516.8236083984375 458.06695556640625
522.3941040039062 260.72686767578125 621.7938766479492 260.72686767578125 621.7938766479492 453.08363342285156 522.3941040039062 453.08363342285156
529.2653198242188 266.5816955566406 625.7091445922852 266.5816955566406 625.7091445922852 453.2181396484375 529.2653198242188 453.2181396484375
537.2481689453125 258.75469970703125 633.1564483642578 258.75469970703125 633.1564483642578 444.3547668457031 537.2481689453125 444.3547668457031
539.0882568359375 252.84353637695312 635.8742294311523 252.84353637695312 635.8742294311523 440.14210510253906 539.0882568359375 440.14210510253906
547.1223754882812 259.21636962890625 642.5453262329102 259.21636962890625 642.5453262329102 443.8772277832031 547.1223754882812 443.8772277832031
545.9686279296875 258.9859924316406 642.9750900268555 258.9859924316406 642.9750900268555 449.8208770751953 545.9686279296875 449.8208770751953
557.116455078125 260.88360595703125 649.5893325805664 260.88360595703125 649.5893325805664 453.1310729980469 557.116455078125 453.1310729980469
559.5916137695312 257.8043212890625 657.9090805053711 257.8043212890625 657.9090805053711 448.0666198730469 559.5916137695312 448.0666198730469
565.1805419921875 254.9457550048828 663.2294158935547 254.9457550048828 663.2294158935547 444.6882781982422 565.1805419921875 444.6882781982422
570.5772705078125 259.50531005859375 667.7388076782227 259.50531005859375 667.7388076782227 446.4589385986328 570.5772705078125 446.4589385986328
580.359375 255.60791015625 676.890266418457 255.60791015625 676.890266418457 440.9554748535156 580.359375 440.9554748535156
579.8995361328125 257.58355712890625 674.7458801269531 257.58355712890625 674.7458801269531 441.1286163330078 579.8995361328125 441.1286163330078
584.9942626953125 263.857177734375 678.4005737304688 263.857177734375 678.4005737304688 444.6155090332031 584.9942626953125 444.6155090332031
590.5831298828125 265.62506103515625 682.1936721801758 265.62506103515625 682.1936721801758 442.9082489013672 590.5831298828125 442.9082489013672
598.901123046875 275.62322998046875 689.0912933349609 275.62322998046875 689.0912933349609 450.1577453613281 598.901123046875 450.1577453613281
602.9530639648438 279.8880920410156 692.9939117431641 279.8880920410156 692.9939117431641 454.1336364746094 602.9530639648438 454.1336364746094
603.4171752929688 285.5692443847656 692.0685882568359 285.5692443847656 692.0685882568359 457.1259765625 603.4171752929688 457.1259765625
601.2777099609375 294.34136962890625 688.2423629760742 294.34136962890625 688.2423629760742 462.6339111328125 601.2777099609375 462.6339111328125
606.3509521484375 289.96539306640625 692.0621795654297 289.96539306640625 692.0621795654297 455.8323059082031 606.3509521484375 455.8323059082031
608.1145629882812 289.77618408203125 692.5126724243164 289.77618408203125 692.5126724243164 453.1019592285156 608.1145629882812 453.1019592285156
611.1692504882812 287.35919189453125 695.8529891967773 287.35919189453125 695.8529891967773 451.2377166748047 611.1692504882812 451.2377166748047
609.0593872070312 293.53759765625 692.5269012451172 293.53759765625 692.5269012451172 455.0625 609.0593872070312 455.0625
610.9295654296875 293.6296691894531 694.2535934448242 293.6296691894531 694.2535934448242 454.8769073486328 610.9295654296875 454.8769073486328
612.9954223632812 291.84783935546875 695.8254013061523 291.84783935546875 695.8254013061523 452.1390075683594 612.9954223632812 452.1390075683594
604.2490234375 295.45965576171875 687.4443130493164 295.45965576171875 687.4443130493164 455.6231384277344 604.2490234375 455.6231384277344
635.9360961914062 289.52105712890625 718.1577758789062 289.52105712890625 718.1577758789062 448.6350402832031 635.9360961914062 448.6350402832031
696.8143310546875 269.5486755371094 771.0863494873047 269.5486755371094 771.0863494873047 433.8103485107422 696.8143310546875 433.8103485107422
698.45849609375 270.2790222167969 774.0646743774414 270.2790222167969 774.0646743774414 433.33331298828125 698.45849609375 433.33331298828125
701.170654296875 277.26336669921875 779.9884185791016 277.26336669921875 779.9884185791016 429.7901916503906 701.170654296875 429.7901916503906
708.1365966796875 278.10546875 786.3840408325195 278.10546875 786.3840408325195 429.52862548828125 708.1365966796875 429.52862548828125
713.6824340820312 281.65606689453125 790.8602981567383 281.65606689453125 790.8602981567383 429.50714111328125 713.6824340820312 429.50714111328125
718.3443603515625 283.51019287109375 794.8646469116211 283.51019287109375 794.8646469116211 431.59100341796875 718.3443603515625 431.59100341796875
725.4148559570312 290.0066223144531 799.9825592041016 290.0066223144531 799.9825592041016 434.30882263183594 725.4148559570312 434.30882263183594
731.6480102539062 292.22601318359375 804.7403182983398 292.22601318359375 804.7403182983398 433.6730499267578 731.6480102539062 433.6730499267578
734.3032836914062 288.3394470214844 807.3543395996094 288.3394470214844 807.3543395996094 429.7066650390625 734.3032836914062 429.7066650390625
742.1549072265625 286.3584899902344 815.3101501464844 286.3584899902344 815.3101501464844 427.9273223876953 742.1549072265625 427.9273223876953
744.943359375 286.4347229003906 817.2433929443359 286.4347229003906 817.2433929443359 426.34857177734375 744.943359375 426.34857177734375
747.347412109375 288.1629943847656 819.4930038452148 288.1629943847656 819.4930038452148 427.77796936035156 747.347412109375 427.77796936035156
760.697265625 290.83892822265625 831.5317993164062 290.83892822265625 831.5317993164062 427.91676330566406 760.697265625 427.91676330566406
763.5753784179688 293.5274353027344 833.7205963134766 293.5274353027344 833.7205963134766 429.27130126953125 763.5753784179688 429.27130126953125
772.4076538085938 296.4876403808594 842.6160202026367 296.4876403808594 842.6160202026367 432.3537139892578 772.4076538085938 432.3537139892578
775.1302490234375 297.26959228515625 845.4742584228516 297.26959228515625 845.4742584228516 433.3981628417969 775.1302490234375 433.3981628417969
784.7615966796875 296.34405517578125 854.1595687866211 296.34405517578125 854.1595687866211 430.6418762207031 784.7615966796875 430.6418762207031
791.689453125 299.02618408203125 859.7647476196289 299.02618408203125 859.7647476196289 430.7643737792969 791.689453125 430.7643737792969
796.15576171875 295.22821044921875 863.2652282714844 295.22821044921875 863.2652282714844 425.09735107421875 796.15576171875 425.09735107421875
800.4285278320312 292.7272033691406 866.9746932983398 292.7272033691406 866.9746932983398 421.5062561035156 800.4285278320312 421.5062561035156
805.9603271484375 290.0777893066406 872.5015869140625 290.0777893066406 872.5015869140625 418.84735107421875 805.9603271484375 418.84735107421875
809.504638671875 291.3585205078125 875.6895904541016 291.3585205078125 875.6895904541016 419.4385681152344 809.504638671875 419.4385681152344
813.9895629882812 295.96002197265625 879.6953353881836 295.96002197265625 879.6953353881836 423.1127700805664 813.9895629882812 423.1127700805664
819.6994018554688 299.83477783203125 884.0148696899414 299.83477783203125 884.0148696899414 424.29703521728516 819.6994018554688 424.29703521728516
825.9963989257812 300.2039794921875 890.0666961669922 300.2039794921875 890.0666961669922 424.19178771972656 825.9963989257812 424.19178771972656
825.8497314453125 303.29925537109375 890.2391204833984 303.29925537109375 890.2391204833984 427.90455627441406 825.8497314453125 427.90455627441406
832.7681884765625 303.1271057128906 897.0993041992188 303.1271057128906 897.0993041992188 427.61964416503906 832.7681884765625 427.61964416503906
834.7764892578125 301.6058349609375 898.077278137207 301.6058349609375 898.077278137207 424.10450744628906 834.7764892578125 424.10450744628906
838.7894287109375 300.5857238769531 901.8115463256836 300.5857238769531 901.8115463256836 422.5451202392578 838.7894287109375 422.5451202392578
841.5086669921875 299.0704650878906 904.7033920288086 299.0704650878906 904.7033920288086 421.36388397216797 841.5086669921875 421.36388397216797
846.9284057617188 297.3313293457031 911.3539352416992 297.3313293457031 911.3539352416992 422.00658416748047 846.9284057617188 422.00658416748047
849.0675048828125 297.2414855957031 913.7279052734375 297.2414855957031 913.7279052734375 422.3712692260742 849.0675048828125 422.3712692260742
850.5958862304688 296.0470886230469 915.962760925293 296.0470886230469 915.962760925293 422.5440368652344 850.5958862304688 422.5440368652344
852.2373046875 301.24493408203125 917.3424911499023 301.24493408203125 917.3424911499023 426.83787536621094 852.2373046875 426.83787536621094
857.3317260742188 300.8596496582031 922.6164398193359 300.8596496582031 922.6164398193359 427.1976013183594 857.3317260742188 427.1976013183594
858.1990356445312 305.416259765625 923.1484603881836 305.416259765625 923.1484603881836 432.47274017333984 858.1990356445312 432.47274017333984
859.74755859375 304.6810607910156 925.2566070556641 304.6810607910156 925.2566070556641 431.45314025878906 859.74755859375 431.45314025878906
859.7984619140625 303.495849609375 924.9795989990234 303.495849609375 924.9795989990234 429.27323150634766 859.7984619140625 429.27323150634766
854.6453857421875 300.82989501953125 921.0388412475586 300.82989501953125 921.0388412475586 428.29296875 854.6453857421875 428.29296875
860.2883911132812 298.04595947265625 927.710578918457 298.04595947265625 927.710578918457 428.52032470703125 860.2883911132812 428.52032470703125
851.7527465820312 301.8431091308594 920.3394012451172 301.8431091308594 920.3394012451172 434.57093811035156 851.7527465820312 434.57093811035156
856.9514770507812 302.0291442871094 926.0735397338867 302.0291442871094 926.0735397338867 436.5279541015625 856.9514770507812 436.5279541015625
854.57373046875 294.64141845703125 924.1091461181641 294.64141845703125 924.1091461181641 429.59996032714844 854.57373046875 429.59996032714844
852.4210815429688 298.7881774902344 920.7403717041016 298.7881774902344 920.7403717041016 432.89739990234375 852.4210815429688 432.89739990234375
858.3961181640625 299.190673828125 928.3212738037109 299.190673828125 928.3212738037109 435.5238800048828 858.3961181640625 435.5238800048828
858.8785400390625 296.20928955078125 928.5471954345703 296.20928955078125 928.5471954345703 433.1374206542969 858.8785400390625 433.1374206542969
862.2931518554688 295.318115234375 930.9649505615234 295.318115234375 930.9649505615234 432.7324676513672 862.2931518554688 432.7324676513672
866.1017456054688 292.68646240234375 936.4442443847656 292.68646240234375 936.4442443847656 434.26910400390625 866.1017456054688 434.26910400390625
868.0051879882812 289.1912536621094 935.7494430541992 289.1912536621094 935.7494430541992 433.0860290527344 868.0051879882812 433.0860290527344
863.1602783203125 288.9010925292969 931.5772018432617 288.9010925292969 931.5772018432617 428.8326721191406 863.1602783203125 428.8326721191406
862.9666137695312 291.79193115234375 929.8662185668945 291.79193115234375 929.8662185668945 429.6789245605469 862.9666137695312 429.6789245605469
860.8741455078125 291.58905029296875 926.6706924438477 291.58905029296875 926.6706924438477 426.7123718261719 860.8741455078125 426.7123718261719
859.4019775390625 294.8951721191406 925.9630813598633 294.8951721191406 925.9630813598633 428.88299560546875 859.4019775390625 428.88299560546875
861.4442138671875 290.7074279785156 929.4355316162109 290.7074279785156 929.4355316162109 426.99583435058594 861.4442138671875 426.99583435058594
860.93408203125 288.885498046875 928.8509674072266 288.885498046875 928.8509674072266 425.1922912597656 860.93408203125 425.1922912597656
858.81884765625 289.5762634277344 927.6211166381836 289.5762634277344 927.6211166381836 425.03778076171875 858.81884765625 425.03778076171875
863.3642578125 290.78753662109375 932.8793563842773 290.78753662109375 932.8793563842773 428.7350769042969 863.3642578125 428.7350769042969
859.6591796875 286.2759094238281 928.8621673583984 286.2759094238281 928.8621673583984 421.67669677734375 859.6591796875 421.67669677734375
860.98486328125 292.15411376953125 928.7226028442383 292.15411376953125 928.7226028442383 425.1095275878906 860.98486328125 425.1095275878906
857.984375 290.73858642578125 926.1514205932617 290.73858642578125 926.1514205932617 422.4990539550781 857.984375 422.4990539550781
859.5166015625 293.7318420410156 926.1459121704102 293.7318420410156 926.1459121704102 423.2083282470703 859.5166015625 423.2083282470703
856.9675903320312 292.89483642578125 923.2057342529297 292.89483642578125 923.2057342529297 421.5651397705078 856.9675903320312 421.5651397705078
855.88671875 299.6273498535156 923.1627960205078 299.6273498535156 923.1627960205078 429.6472473144531 855.88671875 429.6472473144531
848.5671997070312 303.27874755859375 913.8424453735352 303.27874755859375 913.8424453735352 431.5697326660156 848.5671997070312 431.5697326660156
831.8458251953125 303.30828857421875 898.9651412963867 303.30828857421875 898.9651412963867 433.30677795410156 831.8458251953125 433.30677795410156
823.2306518554688 304.4509582519531 890.4342269897461 304.4509582519531 890.4342269897461 433.20611572265625 823.2306518554688 433.20611572265625
822.0869140625 304.72125244140625 887.6042709350586 304.72125244140625 887.6042709350586 431.50936126708984 822.0869140625 431.50936126708984
810.0213623046875 307.52484130859375 875.5895233154297 307.52484130859375 875.5895233154297 433.00474548339844 810.0213623046875 433.00474548339844
804.6895141601562 310.82476806640625 867.9860458374023 310.82476806640625 867.9860458374023 432.81687927246094 804.6895141601562 432.81687927246094
809.4503784179688 310.9583435058594 872.1694221496582 310.9583435058594 872.1694221496582 432.3312072753906 809.4503784179688 432.3312072753906
809.8143310546875 312.0389099121094 872.0822563171387 312.0389099121094 872.0822563171387 432.5387725830078 809.8143310546875 432.5387725830078
797.7294311523438 309.082275390625 859.7414436340332 309.082275390625 859.7414436340332 429.0868911743164 797.7294311523438 429.0868911743164
793.9683227539062 302.7850036621094 856.0800552368164 302.7850036621094 856.0800552368164 422.9825897216797 793.9683227539062 422.9825897216797
792.7205810546875 303.29071044921875 854.6059379577637 303.29071044921875 854.6059379577637 423.0502166748047 792.7205810546875 423.0502166748047
778.0584716796875 301.14105224609375 840.3296318054199 301.14105224609375 840.3296318054199 421.64715576171875 778.0584716796875 421.64715576171875
772.8775634765625 301.86956787109375 835.0753059387207 301.86956787109375 835.0753059387207 422.2335968017578 772.8775634765625 422.2335968017578
766.5611572265625 301.78302001953125 829.7958793640137 301.78302001953125 829.7958793640137 424.15379333496094 766.5611572265625 424.15379333496094
761.6951293945312 307.7484130859375 824.030933380127 307.7484130859375 824.030933380127 428.3796157836914 761.6951293945312 428.3796157836914
759.6415405273438 311.2913513183594 821.7904357910156 311.2913513183594 821.7904357910156 431.5608444213867 759.6415405273438 431.5608444213867
756.6886596679688 306.09423828125 819.0372734069824 306.09423828125 819.0372734069824 426.7502212524414 756.6886596679688 426.7502212524414
749.2844848632812 304.43096923828125 811.5433349609375 304.43096923828125 811.5433349609375 424.91324615478516 749.2844848632812 424.91324615478516
743.4686279296875 298.59979248046875 805.0147323608398 298.59979248046875 805.0147323608398 417.7027816772461 743.4686279296875 417.7027816772461
733.08056640625 298.2335510253906 793.556282043457 298.2335510253906 793.556282043457 415.26514434814453 733.08056640625 415.26514434814453
727.8058471679688 301.03192138671875 787.7784538269043 301.03192138671875 787.7784538269043 417.08990478515625 727.8058471679688 417.08990478515625
721.9320068359375 292.1383361816406 781.53125 292.1383361816406 781.53125 407.4738006591797 721.9320068359375 407.4738006591797
713.049560546875 300.1080627441406 772.7958564758301 300.1080627441406 772.7958564758301 415.7281036376953 713.049560546875 415.7281036376953
711.1953125 302.0831298828125 771.4078598022461 302.0831298828125 771.4078598022461 418.60546875 711.1953125 418.60546875
707.0030517578125 302.79229736328125 765.8945846557617 302.79229736328125 765.8945846557617 416.75823974609375 707.0030517578125 416.75823974609375
700.1218872070312 305.39501953125 760.0995063781738 305.39501953125 760.0995063781738 421.46273040771484 700.1218872070312 421.46273040771484
699.3211669921875 303.37774658203125 758.449836730957 303.37774658203125 758.449836730957 417.8025894165039 699.3211669921875 417.8025894165039
700.5256958007812 298.64703369140625 759.1236190795898 298.64703369140625 759.1236190795898 412.0447769165039 700.5256958007812 412.0447769165039
695.3718872070312 298.6282653808594 755.0248794555664 298.6282653808594 755.0248794555664 414.06774139404297 695.3718872070312 414.06774139404297
682.8548583984375 297.4089050292969 743.6936416625977 297.4089050292969 743.6936416625977 415.1430969238281 682.8548583984375 415.1430969238281
675.6100463867188 296.88671875 737.2148513793945 296.88671875 737.2148513793945 416.1032943725586 675.6100463867188 416.1032943725586
665.3157958984375 298.4331970214844 728.437328338623 298.4331970214844 728.437328338623 420.5849151611328 665.3157958984375 420.5849151611328
659.3046264648438 302.56591796875 722.8950729370117 302.56591796875 722.8950729370117 425.6250762939453 659.3046264648438 425.6250762939453
653.1761474609375 303.5706481933594 716.7647323608398 303.5706481933594 716.7647323608398 426.62621307373047 653.1761474609375 426.62621307373047
649.8887329101562 304.3348388671875 713.52734375 304.3348388671875 713.52734375 427.4872055053711 649.8887329101562 427.4872055053711
649.649169921875 303.4234313964844 713.7460708618164 303.4234313964844 713.7460708618164 427.46266174316406 649.649169921875 427.46266174316406
642.0496826171875 299.2452697753906 706.8382186889648 299.2452697753906 706.8382186889648 424.62294006347656 642.0496826171875 424.62294006347656
637.1917724609375 298.78387451171875 703.4708099365234 298.78387451171875 703.4708099365234 427.0459442138672 637.1917724609375 427.0459442138672
633.4763793945312 293.0923767089844 701.3781433105469 293.0923767089844 701.3781433105469 424.4947052001953 633.4763793945312 424.4947052001953
631.521484375 288.22998046875 701.4828109741211 288.22998046875 701.4828109741211 423.6179504394531 631.521484375 423.6179504394531
623.53564453125 289.69854736328125 695.04443359375 289.69854736328125 695.04443359375 428.0811462402344 623.53564453125 428.0811462402344
619.8712158203125 291.5904846191406 691.0281219482422 291.5904846191406 691.0281219482422 429.2921447753906 619.8712158203125 429.2921447753906
616.4112548828125 291.4159851074219 687.7391357421875 291.4159851074219 687.7391357421875 429.44850158691406 616.4112548828125 429.44850158691406
607.8935546875 296.50433349609375 680.4602737426758 296.50433349609375 680.4602737426758 436.93421936035156 607.8935546875 436.93421936035156
605.1050415039062 296.1555480957031 677.2967071533203 296.1555480957031 677.2967071533203 435.85963439941406 605.1050415039062 435.85963439941406
605.09033203125 291.86297607421875 677.2664566040039 291.86297607421875 677.2664566040039 431.5369873046875 605.09033203125 431.5369873046875
601.7662353515625 287.0919189453125 674.0793228149414 287.0919189453125 674.0793228149414 427.0309753417969 601.7662353515625 427.0309753417969
600.1396484375 290.544677734375 673.1955108642578 290.544677734375 673.1955108642578 431.9211120605469 600.1396484375 431.9211120605469
593.74560546875 291.807373046875 667.701301574707 291.807373046875 667.701301574707 434.9251403808594 593.74560546875 434.9251403808594
590.5001831054688 296.0559997558594 662.7473754882812 296.0559997558594 662.7473754882812 435.8675231933594 590.5001831054688 435.8675231933594
588.8795166015625 294.94232177734375 662.2289581298828 294.94232177734375 662.2289581298828 436.88690185546875 588.8795166015625 436.88690185546875
585.6680908203125 292.68487548828125 659.2937393188477 292.68487548828125 659.2937393188477 435.1639709472656 585.6680908203125 435.1639709472656
579.5770874023438 291.5436096191406 653.6169967651367 291.5436096191406 653.6169967651367 434.8243713378906 579.5770874023438 434.8243713378906
574.2979736328125 291.58062744140625 648.7324142456055 291.58062744140625 648.7324142456055 435.62489318847656 574.2979736328125 435.62489318847656
574.3963012695312 289.6368103027344 649.7369232177734 289.6368103027344 649.7369232177734 435.43470764160156 574.3963012695312 435.43470764160156
566.692626953125 284.09088134765625 642.7427444458008 284.09088134765625 642.7427444458008 431.26177978515625 566.692626953125 431.26177978515625
559.7960205078125 282.381103515625 636.4453277587891 282.381103515625 636.4453277587891 430.7115478515625 559.7960205078125 430.7115478515625
553.11767578125 285.1037902832031 630.0691528320312 285.1037902832031 630.0691528320312 434.01898193359375 553.11767578125 434.01898193359375
550.8204956054688 287.25933837890625 628.7602081298828 287.25933837890625 628.7602081298828 438.0869445800781 550.8204956054688 438.0869445800781
541.4981079101562 289.2086486816406 620.129508972168 289.2086486816406 620.129508972168 441.37481689453125 541.4981079101562 441.37481689453125
538.6537475585938 293.7315368652344 616.1148223876953 293.7315368652344 616.1148223876953 443.6329040527344 538.6537475585938 443.6329040527344
535.2184448242188 290.22491455078125 612.6068878173828 290.22491455078125 612.6068878173828 439.98570251464844 535.2184448242188 439.98570251464844
533.4376220703125 285.7864074707031 610.9354858398438 285.7864074707031 610.9354858398438 435.7589569091797 533.4376220703125 435.7589569091797
532.4029541015625 288.75469970703125 609.5419692993164 288.75469970703125 609.5419692993164 438.0328063964844 532.4029541015625 438.0328063964844
520.6848754882812 289.3247985839844 597.6878204345703 289.3247985839844 597.6878204345703 438.339599609375 520.6848754882812 438.339599609375
515.9598388671875 285.79571533203125 593.1923370361328 285.79571533203125 593.1923370361328 435.2547302246094 515.9598388671875 435.2547302246094
510.91314697265625 285.21868896484375 588.912841796875 285.21868896484375 588.912841796875 436.1623840332031 510.91314697265625 436.1623840332031
511.35626220703125 286.3212890625 588.9955291748047 286.3212890625 588.9955291748047 436.5674743652344 511.35626220703125 436.5674743652344
508.26641845703125 285.17877197265625 587.5261383056641 285.17877197265625 587.5261383056641 438.5608215332031 508.26641845703125 438.5608215332031
504.7051696777344 287.9203186035156 584.9915924072266 287.9203186035156 584.9915924072266 443.2892150878906 504.7051696777344 443.2892150878906
499.5235290527344 283.13592529296875 581.2678680419922 283.13592529296875 581.2678680419922 441.32615661621094 499.5235290527344 441.32615661621094
495.8641662597656 278.1565856933594 578.9059524536133 278.1565856933594 578.9059524536133 438.85760498046875 495.8641662597656 438.85760498046875
490.3292541503906 276.8854064941406 573.8609466552734 276.8854064941406 573.8609466552734 438.53448486328125 490.3292541503906 438.53448486328125
486.0323181152344 272.7933044433594 569.8647842407227 272.7933044433594 569.8647842407227 435.02442932128906 486.0323181152344 435.02442932128906
482.5396423339844 270.14483642578125 567.426513671875 270.14483642578125 567.426513671875 434.41644287109375 482.5396423339844 434.41644287109375
474.1083984375 276.3592224121094 559.4308929443359 276.3592224121094 559.4308929443359 441.4738464355469 474.1083984375 441.4738464355469
472.9331970214844 273.1494140625 560.1997375488281 273.1494140625 560.1997375488281 442.026123046875 472.9331970214844 442.026123046875
466.34515380859375 275.8359375 554.2267379760742 275.8359375 554.2267379760742 445.9028778076172 466.34515380859375 445.9028778076172
461.04949951171875 279.56689453125 550.1627349853516 279.56689453125 550.1627349853516 450.9888000488281 461.04949951171875 450.9888000488281
454.83160400390625 273.84942626953125 544.3512573242188 273.84942626953125 544.3512573242188 447.0863342285156 454.83160400390625 447.0863342285156
449.80035400390625 269.4209899902344 540.0145721435547 269.4209899902344 540.0145721435547 444.00201416015625 449.80035400390625 444.00201416015625
452.328125 269.1312255859375 542.4330062866211 269.1312255859375 542.4330062866211 443.5006561279297 452.328125 443.5006561279297
450.39031982421875 270.25982666015625 539.4621124267578 270.25982666015625 539.4621124267578 442.63006591796875 450.39031982421875 442.63006591796875
446.37677001953125 266.7384338378906 536.908805847168 266.7384338378906 536.908805847168 441.93450927734375 446.37677001953125 441.93450927734375
440.11492919921875 271.7449645996094 530.3151016235352 271.7449645996094 530.3151016235352 446.298828125 440.11492919921875 446.298828125
434.842041015625 275.15252685546875 525.8526153564453 275.15252685546875 525.8526153564453 450.07269287109375 434.842041015625 450.07269287109375
436.00164794921875 269.854736328125 527.1985931396484 269.854736328125 527.1985931396484 445.32701110839844 436.00164794921875 445.32701110839844
431.33917236328125 275.00714111328125 522.6509552001953 275.00714111328125 522.6509552001953 449.3561096191406 431.33917236328125 449.3561096191406
430.11181640625 275.4259338378906 520.898551940918 275.4259338378906 520.898551940918 449.4588165283203 430.11181640625 449.4588165283203
426.87957763671875 269.7620849609375 517.7790679931641 269.7620849609375 517.7790679931641 446.7333679199219 426.87957763671875 446.7333679199219
425.9659118652344 262.7957458496094 516.4620208740234 262.7957458496094 516.4620208740234 444.63763427734375 425.9659118652344 444.63763427734375
421.16339111328125 263.36517333984375 511.7550048828125 263.36517333984375 511.7550048828125 440.8879089355469 421.16339111328125 440.8879089355469
418.7008361816406 266.21923828125 510.8711624145508 266.21923828125 510.8711624145508 444.1602478027344 418.7008361816406 444.1602478027344
410.977294921875 259.497802734375 503.97174072265625 259.497802734375 503.97174072265625 439.45912170410156 410.977294921875 439.45912170410156
411.179443359375 261.83984375 504.4851531982422 261.83984375 504.4851531982422 442.4035186767578 411.179443359375 442.4035186767578
408.1544494628906 261.54071044921875 501.85755157470703 261.54071044921875 501.85755157470703 442.87339782714844 408.1544494628906 442.87339782714844
405.8408203125 261.6517028808594 501.4449768066406 261.6517028808594 501.4449768066406 446.66326904296875 405.8408203125 446.66326904296875
398.99725341796875 259.2884826660156 495.71422576904297 259.2884826660156 495.71422576904297 446.4535675048828 398.99725341796875 446.4535675048828
394.7125244140625 258.4562683105469 492.75577545166016 258.4562683105469 492.75577545166016 448.18792724609375 394.7125244140625 448.18792724609375
398.40606689453125 260.6939697265625 496.23319244384766 260.6939697265625 496.23319244384766 451.13006591796875 398.40606689453125 451.13006591796875
393.63189697265625 258.14697265625 491.60935974121094 258.14697265625 491.60935974121094 448.4311981201172 393.63189697265625 448.4311981201172
388.84893798828125 257.423583984375 487.21678161621094 257.423583984375 487.21678161621094 448.6827392578125 388.84893798828125 448.6827392578125
386.10955810546875 257.41961669921875 483.94466400146484 257.41961669921875 483.94466400146484 448.24549865722656 386.10955810546875 448.24549865722656
386.32952880859375 259.930908203125 486.3218765258789 259.930908203125 486.3218765258789 451.5243225097656 386.32952880859375 451.5243225097656
384.40557861328125 262.31097412109375 485.7826385498047 262.31097412109375 485.7826385498047 452.1833190917969 384.40557861328125 452.1833190917969
383.4891662597656 260.63360595703125 486.5718078613281 260.63360595703125 486.5718078613281 456.89794921875 383.4891662597656 456.89794921875
386.31622314453125 260.3638610839844 487.64341735839844 260.3638610839844 487.64341735839844 457.3650207519531 386.31622314453125 457.3650207519531
384.5201110839844 258.43023681640625 486.2553253173828 258.43023681640625 486.2553253173828 456.53004455566406 384.5201110839844 456.53004455566406
384.680419921875 258.54791259765625 485.7625427246094 258.54791259765625 485.7625427246094 458.1405029296875 384.680419921875 458.1405029296875
382.63128662109375 261.3868103027344 481.8392639160156 261.3868103027344 481.8392639160156 460.1014099121094 382.63128662109375 460.1014099121094
380.94097900390625 261.0889587402344 481.8472213745117 261.0889587402344 481.8472213745117 458.59954833984375 380.94097900390625 458.59954833984375
380.7210388183594 264.0221252441406 481.8526153564453 264.0221252441406 481.8526153564453 458.3861083984375 380.7210388183594 458.3861083984375
381.2901611328125 257.02288818359375 481.89615631103516 257.02288818359375 481.89615631103516 455.1617431640625 381.2901611328125 455.1617431640625
380.61920166015625 257.88299560546875 482.9150848388672 257.88299560546875 482.9150848388672 455.2937927246094 380.61920166015625 455.2937927246094
382.67791748046875 252.8566436767578 483.04283142089844 252.8566436767578 483.04283142089844 454.78428649902344 382.67791748046875 454.78428649902344
380.9103088378906 253.25222778320312 482.9167785644531 253.25222778320312 482.9167785644531 457.7987060546875 380.9103088378906 457.7987060546875
380.94830322265625 250.11184692382812 482.8555374145508 250.11184692382812 482.8555374145508 456.654296875 380.94830322265625 456.654296875
382.84136962890625 250.7693634033203 485.98770904541016 250.7693634033203 485.98770904541016 453.34886169433594 382.84136962890625 453.34886169433594
378.6982727050781 253.5366973876953 482.3880081176758 253.5366973876953 482.3880081176758 457.1436767578125 378.6982727050781 457.1436767578125
376.51800537109375 254.4245147705078 480.75767517089844 254.4245147705078 480.75767517089844 458.3895263671875 376.51800537109375 458.3895263671875
374.3962707519531 257.10797119140625 479.89830017089844 257.10797119140625 479.89830017089844 461.11669921875 374.3962707519531 461.11669921875
374.796875 254.5260772705078 481.51680755615234 254.5260772705078 481.51680755615234 462.0011444091797 374.796875 462.0011444091797
375.93853759765625 250.66470336914062 484.8938217163086 250.66470336914062 484.8938217163086 457.30816650390625 375.93853759765625 457.30816650390625
377.3382873535156 247.1128692626953 484.4380569458008 247.1128692626953 484.4380569458008 454.3706359863281 377.3382873535156 454.3706359863281
376.2917785644531 249.9091796875 483.22362518310547 249.9091796875 483.22362518310547 456.8419952392578 376.2917785644531 456.8419952392578
376.06304931640625 252.74484252929688 481.923828125 252.74484252929688 481.923828125 457.60491943359375 376.06304931640625 457.60491943359375
373.8818359375 252.6201629638672 479.711669921875 252.6201629638672 479.711669921875 457.4203643798828 373.8818359375 457.4203643798828
372.3880310058594 251.8373260498047 478.0954284667969 251.8373260498047 478.0954284667969 455.3209533691406 372.3880310058594 455.3209533691406
373.9659423828125 250.2259521484375 481.21524810791016 250.2259521484375 481.21524810791016 457.7731018066406 373.9659423828125 457.7731018066406
372.12921142578125 243.82693481445312 479.76155853271484 243.82693481445312 479.76155853271484 452.11534118652344 372.12921142578125 452.11534118652344
376.6529541015625 247.2817840576172 483.83685302734375 247.2817840576172 483.83685302734375 454.7023620605469 376.6529541015625 454.7023620605469
375.0118713378906 248.3986358642578 483.0249557495117 248.3986358642578 483.0249557495117 457.423828125 375.0118713378906 457.423828125
378.49774169921875 253.93087768554688 484.3954315185547 253.93087768554688 484.3954315185547 458.8623962402344 378.49774169921875 458.8623962402344
387.76385498046875 255.67037963867188 492.50782775878906 255.67037963867188 492.50782775878906 460.4122314453125 387.76385498046875 460.4122314453125
387.88140869140625 250.9197998046875 493.8370819091797 250.9197998046875 493.8370819091797 454.78587341308594 387.88140869140625 454.78587341308594
386.25225830078125 253.0730438232422 492.5450897216797 253.0730438232422 492.5450897216797 458.7692413330078 386.25225830078125 458.7692413330078
392.73870849609375 249.4805450439453 500.9079132080078 249.4805450439453 500.9079132080078 458.80784606933594 392.73870849609375 458.80784606933594
388.7098388671875 247.23928833007812 498.6879425048828 247.23928833007812 498.6879425048828 460.067138671875 388.7098388671875 460.067138671875
388.8013916015625 246.30813598632812 502.78255462646484 246.30813598632812 502.78255462646484 460.2494201660156 388.8013916015625 460.2494201660156
392.1138610839844 245.93057250976562 508.61143493652344 245.93057250976562 508.61143493652344 462.61419677734375 392.1138610839844 462.61419677734375
396.23321533203125 242.6086883544922 513.025634765625 242.6086883544922 513.025634765625 465.18666076660156 396.23321533203125 465.18666076660156
400.63690185546875 237.38284301757812 516.4228973388672 237.38284301757812 516.4228973388672 465.75830078125 400.63690185546875 465.75830078125
399.20709228515625 237.18832397460938 515.9641952514648 237.18832397460938 515.9641952514648 465.32904052734375 399.20709228515625 465.32904052734375
398.9912109375 238.2212371826172 517.1595306396484 238.2212371826172 517.1595306396484 466.6776885986328 398.9912109375 466.6776885986328
400.77020263671875 236.74246215820312 518.8545303344727 236.74246215820312 518.8545303344727 466.26141357421875 400.77020263671875 466.26141357421875
403.10772705078125 240.8919677734375 522.7835540771484 240.8919677734375 522.7835540771484 468.9766845703125 403.10772705078125 468.9766845703125
404.6771545410156 239.74087524414062 525.1159210205078 239.74087524414062 525.1159210205078 470.84214782714844 404.6771545410156 470.84214782714844
406.1412658691406 237.646728515625 529.0253448486328 237.646728515625 529.0253448486328 472.2641296386719 406.1412658691406 472.2641296386719
404.883544921875 233.6667938232422 527.0260238647461 233.6667938232422 527.0260238647461 470.3892822265625 404.883544921875 470.3892822265625
408.82659912109375 238.56948852539062 530.7635498046875 238.56948852539062 530.7635498046875 473.45738220214844 408.82659912109375 473.45738220214844
406.43963623046875 236.6124725341797 527.9410018920898 236.6124725341797 527.9410018920898 474.4953155517578 406.43963623046875 474.4953155517578
408.4087829589844 229.5858917236328 533.9279479980469 229.5858917236328 533.9279479980469 473.33653259277344 408.4087829589844 473.33653259277344
408.70367431640625 228.3327178955078 536.2994232177734 228.3327178955078 536.2994232177734 471.6765594482422 408.70367431640625 471.6765594482422
409.2913818359375 233.8559112548828 535.4129867553711 233.8559112548828 535.4129867553711 469.030517578125 409.2913818359375 469.030517578125
411.89044189453125 229.54287719726562 537.5058364868164 229.54287719726562 537.5058364868164 467.3685302734375 411.89044189453125 467.3685302734375
414.913818359375 231.1617431640625 541.7796173095703 231.1617431640625 541.7796173095703 468.365478515625 414.913818359375 468.365478515625
414.59564208984375 233.43603515625 539.9531021118164 233.43603515625 539.9531021118164 467.57080078125 414.59564208984375 467.57080078125
415.6805725097656 233.3971710205078 539.2192840576172 233.3971710205078 539.2192840576172 466.462158203125 415.6805725097656 466.462158203125
420.71044921875 232.94247436523438 548.9680938720703 232.94247436523438 548.9680938720703 468.6976776123047 420.71044921875 468.6976776123047
426.3297424316406 228.8626708984375 552.7849655151367 228.8626708984375 552.7849655151367 473.5768585205078 426.3297424316406 473.5768585205078
426.8582458496094 229.17471313476562 553.9877395629883 229.17471313476562 553.9877395629883 475.1937255859375 426.8582458496094 475.1937255859375
428.6819763183594 222.080322265625 557.5218658447266 222.080322265625 557.5218658447266 471.4092712402344 428.6819763183594 471.4092712402344
431.51373291015625 218.4693603515625 562.0558776855469 218.4693603515625 562.0558776855469 471.0924987792969 431.51373291015625 471.0924987792969
434.80059814453125 223.7380828857422 564.2469329833984 223.7380828857422 564.2469329833984 476.8927917480469 434.80059814453125 476.8927917480469
435.27557373046875 221.99014282226562 565.1995697021484 221.99014282226562 565.1995697021484 473.41705322265625 435.27557373046875 473.41705322265625
437.1978454589844 226.43270874023438 564.3883514404297 226.43270874023438 564.3883514404297 472.0942840576172 437.1978454589844 472.0942840576172
440.2268981933594 223.93557739257812 568.650390625 223.93557739257812 568.650390625 468.49986267089844 440.2268981933594 468.49986267089844
442.3785705566406 226.4692840576172 571.8949279785156 226.4692840576172 571.8949279785156 470.09547424316406 442.3785705566406 470.09547424316406
445.1985778808594 219.6515350341797 573.3740692138672 219.6515350341797 573.3740692138672 467.0762634277344 445.1985778808594 467.0762634277344
449.14971923828125 226.105712890625 574.5299453735352 226.105712890625 574.5299453735352 469.56884765625 449.14971923828125 469.56884765625
450.6722717285156 227.36050415039062 575.4933929443359 227.36050415039062 575.4933929443359 474.0154113769531 450.6722717285156 474.0154113769531
452.22235107421875 224.0176239013672 577.6472930908203 224.0176239013672 577.6472930908203 472.52137756347656 452.22235107421875 472.52137756347656
454.8641662597656 221.6032257080078 577.5709533691406 221.6032257080078 577.5709533691406 475.8556213378906 454.8641662597656 475.8556213378906
456.8478088378906 222.21994018554688 575.4804534912109 222.21994018554688 575.4804534912109 473.9108123779297 456.8478088378906 473.9108123779297
457.10260009765625 224.43594360351562 576.0218734741211 224.43594360351562 576.0218734741211 474.3631134033203 457.10260009765625 474.3631134033203
456.69830322265625 221.562744140625 574.8945465087891 221.562744140625 574.8945465087891 468.77783203125 456.69830322265625 468.77783203125
452.2101135253906 217.5938720703125 574.3080902099609 217.5938720703125 574.3080902099609 463.8377227783203 452.2101135253906 463.8377227783203
449.3045349121094 221.9455108642578 570.9524459838867 221.9455108642578 570.9524459838867 467.1014709472656 449.3045349121094 467.1014709472656
444.5738220214844 225.5292205810547 569.2612380981445 225.5292205810547 569.2612380981445 466.8224639892578 444.5738220214844 466.8224639892578
446.93548583984375 219.84603881835938 572.6051788330078 219.84603881835938 572.6051788330078 463.0401611328125 446.93548583984375 463.0401611328125
443.2900390625 219.91552734375 569.7838516235352 219.91552734375 569.7838516235352 464.7044677734375 443.2900390625 464.7044677734375
447.55426025390625 221.9977569580078 575.0606307983398 221.9977569580078 575.0606307983398 468.74620056152344 447.55426025390625 468.74620056152344
443.4337463378906 212.71096801757812 572.9824523925781 212.71096801757812 572.9824523925781 463.4116973876953 443.4337463378906 463.4116973876953
444.51678466796875 220.8358154296875 574.5251312255859 220.8358154296875 574.5251312255859 472.4260559082031 444.51678466796875 472.4260559082031
442.0621032714844 215.2705535888672 573.9293212890625 215.2705535888672 573.9293212890625 470.45802307128906 442.0621032714844 470.45802307128906
439.705810546875 211.2096405029297 574.4002990722656 211.2096405029297 574.4002990722656 471.86839294433594 439.705810546875 471.86839294433594
434.63958740234375 213.96682739257812 570.1256103515625 213.96682739257812 570.1256103515625 476.1573486328125 434.63958740234375 476.1573486328125
438.39947509765625 211.4022674560547 575.3099822998047 211.4022674560547 575.3099822998047 476.34938049316406 438.39947509765625 476.34938049316406
433.6576232910156 210.5216827392578 572.9036102294922 210.5216827392578 572.9036102294922 479.98838806152344 433.6576232910156 479.98838806152344
426.4774475097656 211.8158721923828 566.2015838623047 211.8158721923828 566.2015838623047 482.20790100097656 426.4774475097656 482.20790100097656
421.6310119628906 214.5474090576172 563.6409149169922 214.5474090576172 563.6409149169922 485.0142364501953 421.6310119628906 485.0142364501953
419.4754943847656 216.8820037841797 562.6122436523438 216.8820037841797 562.6122436523438 485.16038513183594 419.4754943847656 485.16038513183594
415.15289306640625 215.7911376953125 555.7372436523438 215.7911376953125 555.7372436523438 481.0958251953125 415.15289306640625 481.0958251953125
411.1707458496094 216.60177612304688 551.5811462402344 216.60177612304688 551.5811462402344 479.83758544921875 411.1707458496094 479.83758544921875
409.4258728027344 214.4541015625 550.5523681640625 214.4541015625 550.5523681640625 478.233642578125 409.4258728027344 478.233642578125
404.77880859375 215.65310668945312 547.0295867919922 215.65310668945312 547.0295867919922 478.3397216796875 404.77880859375 478.3397216796875
400.0438537597656 216.6183624267578 542.0748901367188 216.6183624267578 542.0748901367188 482.36439514160156 400.0438537597656 482.36439514160156
397.6893615722656 211.23233032226562 538.8275146484375 211.23233032226562 538.8275146484375 478.49609375 397.6893615722656 478.49609375
394.213134765625 212.32546997070312 538.3174591064453 212.32546997070312 538.3174591064453 481.3086853027344 394.213134765625 481.3086853027344
397.07342529296875 207.0410614013672 542.1398315429688 207.0410614013672 542.1398315429688 481.40403747558594 397.07342529296875 481.40403747558594
393.9574279785156 209.97708129882812 538.7078094482422 209.97708129882812 538.7078094482422 483.9112243652344 393.9574279785156 483.9112243652344
393.394287109375 208.40896606445312 534.2476501464844 208.40896606445312 534.2476501464844 479.3733215332031 393.394287109375 479.3733215332031
393.85662841796875 210.9448699951172 535.6601867675781 210.9448699951172 535.6601867675781 480.49717712402344 393.85662841796875 480.49717712402344
394.82391357421875 208.8106689453125 537.8073883056641 208.8106689453125 537.8073883056641 479.417724609375 394.82391357421875 479.417724609375
399.27044677734375 211.04269409179688 541.2608795166016 211.04269409179688 541.2608795166016 479.5058288574219 399.27044677734375 479.5058288574219
397.0882263183594 211.5331268310547 539.2205200195312 211.5331268310547 539.2205200195312 481.38890075683594 397.0882263183594 481.38890075683594
399.7892150878906 210.9064483642578 540.7280120849609 210.9064483642578 540.7280120849609 478.8531036376953 399.7892150878906 478.8531036376953
403.7642517089844 207.8344268798828 543.9564208984375 207.8344268798828 543.9564208984375 478.27406311035156 403.7642517089844 478.27406311035156
405.5138854980469 207.12765502929688 546.7562713623047 207.12765502929688 546.7562713623047 480.0560607910156 405.5138854980469 480.0560607910156
408.7231140136719 205.621337890625 550.7037048339844 205.621337890625 550.7037048339844 481.7836608886719 408.7231140136719 481.7836608886719
410.7361755371094 206.66433715820312 553.0701599121094 206.66433715820312 553.0701599121094 481.94696044921875 410.7361755371094 481.94696044921875
415.858642578125 207.398681640625 558.9747314453125 207.398681640625 558.9747314453125 481.385498046875 415.858642578125 481.385498046875
419.7879943847656 204.85403442382812 561.4329071044922 204.85403442382812 561.4329071044922 480.8394470214844 419.7879943847656 480.8394470214844
417.7998046875 206.02047729492188 561.5222625732422 206.02047729492188 561.5222625732422 478.6186828613281 417.7998046875 478.6186828613281
419.6617126464844 205.2120361328125 564.5342559814453 205.2120361328125 564.5342559814453 479.55804443359375 419.6617126464844 479.55804443359375
425.2222595214844 211.29696655273438 565.0423736572266 211.29696655273438 565.0423736572266 477.5162658691406 425.2222595214844 477.5162658691406
425.4046936035156 209.9617919921875 563.4079132080078 209.9617919921875 563.4079132080078 476.117919921875 425.4046936035156 476.117919921875
428.2207946777344 210.62100219726562 565.9532623291016 210.62100219726562 565.9532623291016 471.6745300292969 428.2207946777344 471.6745300292969
426.5287170410156 214.2877655029297 566.3014068603516 214.2877655029297 566.3014068603516 477.38096618652344 426.5287170410156 477.38096618652344
429.0862731933594 212.53628540039062 568.6303100585938 212.53628540039062 568.6303100585938 473.0898132324219 429.0862731933594 473.0898132324219
427.0774841308594 211.57608032226562 567.5376892089844 211.57608032226562 567.5376892089844 474.0965270996094 427.0774841308594 474.0965270996094
428.49853515625 212.522216796875 568.9781799316406 212.522216796875 568.9781799316406 474.85296630859375 428.49853515625 474.85296630859375
430.89422607421875 213.7552947998047 569.7878112792969 213.7552947998047 569.7878112792969 474.5553741455078 430.89422607421875 474.5553741455078
427.9164123535156 210.649169921875 566.8105773925781 210.649169921875 566.8105773925781 473.7375793457031 427.9164123535156 473.7375793457031
429.5015563964844 211.69705200195312 568.687744140625 211.69705200195312 568.687744140625 477.42364501953125 429.5015563964844 477.42364501953125
428.236083984375 204.60279846191406 564.2033996582031 204.60279846191406 564.2033996582031 468.13551330566406 428.236083984375 468.13551330566406
433.8390197753906 211.1890106201172 567.5252990722656 211.1890106201172 567.5252990722656 469.7417755126953 433.8390197753906 469.7417755126953
433.83404541015625 207.206787109375 566.1029815673828 207.206787109375 566.1029815673828 462.8023681640625 433.83404541015625 462.8023681640625
431.48382568359375 214.7145538330078 562.3489074707031 214.7145538330078 562.3489074707031 468.6155242919922 431.48382568359375 468.6155242919922
426.7201232910156 211.30648803710938 559.5722503662109 211.30648803710938 559.5722503662109 468.3998107910156 426.7201232910156 468.3998107910156
429.260986328125 208.8772735595703 560.6256713867188 208.8772735595703 560.6256713867188 463.0921173095703 429.260986328125 463.0921173095703
420.8968811035156 212.15194702148438 553.8173828125 212.15194702148438 553.8173828125 469.9642028808594 420.8968811035156 469.9642028808594
419.67193603515625 212.04660034179688 551.0859527587891 212.04660034179688 551.0859527587891 468.9616394042969 419.67193603515625 468.9616394042969
422.1531677246094 212.5615234375 552.6232604980469 212.5615234375 552.6232604980469 467.3347625732422 422.1531677246094 467.3347625732422
416.4759826660156 212.50247192382812 545.0001831054688 212.50247192382812 545.0001831054688 469.8011474609375 416.4759826660156 469.8011474609375
419.79705810546875 211.05990600585938 550.1472473144531 211.05990600585938 550.1472473144531 467.7271423339844 419.79705810546875 467.7271423339844
415.07025146484375 213.75186157226562 543.0441284179688 213.75186157226562 543.0441284179688 472.1344909667969 415.07025146484375 472.1344909667969
416.2464294433594 211.1420440673828 545.9973907470703 211.1420440673828 545.9973907470703 470.2493438720703 416.2464294433594 470.2493438720703
416.8362731933594 207.73385620117188 547.7602233886719 207.73385620117188 547.7602233886719 461.0958251953125 416.8362731933594 461.0958251953125
416.28656005859375 212.4683074951172 548.7330017089844 212.4683074951172 548.7330017089844 471.5139923095703 416.28656005859375 471.5139923095703
423.3670959472656 208.7296142578125 554.5301361083984 208.7296142578125 554.5301361083984 462.5542755126953 423.3670959472656 462.5542755126953
418.76092529296875 209.032470703125 548.3924102783203 209.032470703125 548.3924102783203 464.9200134277344 418.76092529296875 464.9200134277344
423.6815490722656 209.0939483642578 556.1455078125 209.0939483642578 556.1455078125 466.03883361816406 423.6815490722656 466.03883361816406
422.5354919433594 210.7091064453125 556.4139709472656 210.7091064453125 556.4139709472656 469.3036804199219 422.5354919433594 469.3036804199219
423.21923828125 210.391357421875 559.4026031494141 210.391357421875 559.4026031494141 470.91339111328125 423.21923828125 470.91339111328125
424.8388671875 208.49649047851562 559.2176208496094 208.49649047851562 559.2176208496094 466.2620544433594 424.8388671875 466.2620544433594
428.20977783203125 206.6414031982422 563.1791076660156 206.6414031982422 563.1791076660156 467.83201599121094 428.20977783203125 467.83201599121094
423.89990234375 209.80435180664062 558.3258056640625 209.80435180664062 558.3258056640625 467.5845642089844 423.89990234375 467.5845642089844
427.251708984375 208.6502227783203 562.1460876464844 208.6502227783203 562.1460876464844 467.3731231689453 427.251708984375 467.3731231689453
428.62451171875 214.3711395263672 562.9564361572266 214.3711395263672 562.9564361572266 469.6766052246094 428.62451171875 469.6766052246094
430.587158203125 211.97872924804688 565.5753479003906 211.97872924804688 565.5753479003906 470.1007385253906 430.587158203125 470.1007385253906
430.2906188964844 213.2848663330078 565.8050842285156 213.2848663330078 565.8050842285156 472.1220245361328 430.2906188964844 472.1220245361328
427.3914489746094 209.76718139648438 560.2180633544922 209.76718139648438 560.2180633544922 467.2843933105469 427.3914489746094 467.2843933105469
427.77734375 209.43405151367188 557.1138763427734 209.43405151367188 557.1138763427734 461.291015625 427.77734375 461.291015625
429.067626953125 215.36166381835938 556.7531585693359 215.36166381835938 556.7531585693359 469.5997772216797 429.067626953125 469.5997772216797
430.6251525878906 212.4188995361328 560.4207916259766 212.4188995361328 560.4207916259766 469.77040100097656 430.6251525878906 469.77040100097656
431.00787353515625 212.1057891845703 559.6515960693359 212.1057891845703 559.6515960693359 469.46910095214844 431.00787353515625 469.46910095214844
428.8179626464844 213.0889434814453 555.9777679443359 213.0889434814453 555.9777679443359 469.6613006591797 428.8179626464844 469.6613006591797
427.0890197753906 212.8901824951172 551.1351776123047 212.8901824951172 551.1351776123047 470.23265075683594 427.0890197753906 470.23265075683594
427.5931091308594 212.6005096435547 551.7043151855469 212.6005096435547 551.7043151855469 470.87132263183594 427.5931091308594 470.87132263183594
425.53173828125 214.511474609375 547.5078353881836 214.511474609375 547.5078353881836 474.41107177734375 425.53173828125 474.41107177734375
425.96502685546875 212.6577911376953 550.9420166015625 212.6577911376953 550.9420166015625 478.90150451660156 425.96502685546875 478.90150451660156
421.7760314941406 212.194580078125 546.5798187255859 212.194580078125 546.5798187255859 474.5759582519531 421.7760314941406 474.5759582519531
421.37774658203125 214.0398406982422 548.1758575439453 214.0398406982422 548.1758575439453 479.41148376464844 421.37774658203125 479.41148376464844
419.5162048339844 215.00833129882812 544.223747253418 215.00833129882812 544.223747253418 481.1531066894531 419.5162048339844 481.1531066894531
421.03558349609375 213.6930694580078 543.8100814819336 213.6930694580078 543.8100814819336 479.64540100097656 421.03558349609375 479.64540100097656
421.3291015625 209.4541015625 544.6707534790039 209.4541015625 544.6707534790039 479.94256591796875 421.3291015625 479.94256591796875
420.8846130371094 207.7842559814453 547.5091094970703 207.7842559814453 547.5091094970703 481.03053283691406 420.8846130371094 481.03053283691406
421.09857177734375 203.63011169433594 546.5550537109375 203.63011169433594 546.5550537109375 478.81858825683594 421.09857177734375 478.81858825683594
420.0860900878906 205.0091094970703 546.0874786376953 205.0091094970703 546.0874786376953 478.1991424560547 420.0860900878906 478.1991424560547
417.5668029785156 205.604248046875 542.5968322753906 205.604248046875 542.5968322753906 478.0681457519531 417.5668029785156 478.0681457519531
418.44482421875 205.9557647705078 546.1390991210938 205.9557647705078 546.1390991210938 474.7656707763672 418.44482421875 474.7656707763672
419.86883544921875 209.68655395507812 553.5866546630859 209.68655395507812 553.5866546630859 477.3482971191406 419.86883544921875 477.3482971191406
421.68359375 210.66024780273438 556.9339294433594 210.66024780273438 556.9339294433594 474.0614318847656 421.68359375 474.0614318847656
427.0013122558594 214.16952514648438 564.8501129150391 214.16952514648438 564.8501129150391 471.752685546875 427.0013122558594 471.752685546875
428.80682373046875 214.6147918701172 567.2729644775391 214.6147918701172 567.2729644775391 472.8646697998047 428.80682373046875 472.8646697998047
433.9090270996094 215.07669067382812 571.9610595703125 215.07669067382812 571.9610595703125 471.8397216796875 433.9090270996094 471.8397216796875
430.2539978027344 213.6733856201172 569.4254302978516 213.6733856201172 569.4254302978516 470.52244567871094 430.2539978027344 470.52244567871094
430.30548095703125 214.08798217773438 569.5984039306641 214.08798217773438 569.5984039306641 471.6666564941406 430.30548095703125 471.6666564941406
432.5381774902344 210.9719696044922 575.6376953125 210.9719696044922 575.6376953125 472.3988800048828 432.5381774902344 472.3988800048828
434.63201904296875 207.3721160888672 575.6078186035156 207.3721160888672 575.6078186035156 474.4098663330078 434.63201904296875 474.4098663330078
438.78485107421875 209.74166870117188 579.1980895996094 209.74166870117188 579.1980895996094 473.7872009277344 438.78485107421875 473.7872009277344
442.5660095214844 214.1013641357422 581.4776000976562 214.1013641357422 581.4776000976562 477.15330505371094 442.5660095214844 477.15330505371094
444.3497009277344 209.6904296875 581.4227905273438 209.6904296875 581.4227905273438 474.9483337402344 444.3497009277344 474.9483337402344
446.34246826171875 215.48757934570312 580.5310516357422 215.48757934570312 580.5310516357422 477.75848388671875 446.34246826171875 477.75848388671875
444.4892578125 208.0606231689453 579.6470184326172 208.0606231689453 579.6470184326172 475.80860900878906 444.4892578125 475.80860900878906
446.43109130859375 207.10348510742188 579.8719024658203 207.10348510742188 579.8719024658203 476.4768371582031 446.43109130859375 476.4768371582031
446.5296936035156 205.2802276611328 579.6475372314453 205.2802276611328 579.6475372314453 473.94654846191406 446.5296936035156 473.94654846191406
450.1982421875 204.34994506835938 583.5403289794922 204.34994506835938 583.5403289794922 471.031005859375 450.1982421875 471.031005859375
443.56103515625 202.82485961914062 580.87158203125 202.82485961914062 580.87158203125 472.07659912109375 443.56103515625 472.07659912109375
447.669189453125 203.37579345703125 579.3221893310547 203.37579345703125 579.3221893310547 467.8858642578125 447.669189453125 467.8858642578125
443.39703369140625 207.3679962158203 576.9233703613281 207.3679962158203 576.9233703613281 465.76612854003906 443.39703369140625 465.76612854003906
454.683837890625 206.528076171875 589.8574676513672 206.528076171875 589.8574676513672 468.114013671875 454.683837890625 468.114013671875
439.18157958984375 213.6990203857422 573.3992767333984 213.6990203857422 573.3992767333984 473.43504333496094 439.18157958984375 473.43504333496094
456.23388671875 214.3679656982422 593.2850494384766 214.3679656982422 593.2850494384766 479.58726501464844 456.23388671875 479.58726501464844
467.37738037109375 213.2624969482422 602.5420227050781 213.2624969482422 602.5420227050781 474.83103942871094 467.37738037109375 474.83103942871094
475.7276916503906 216.43643188476562 609.0806884765625 216.43643188476562 609.0806884765625 474.4991149902344 475.7276916503906 474.4991149902344
493.16290283203125 213.27978515625 625.2161560058594 213.27978515625 625.2161560058594 468.8272247314453 493.16290283203125 468.8272247314453
404.7860412597656 227.5543212890625 535.5394897460938 227.5543212890625 535.5394897460938 470.9393768310547 404.7860412597656 470.9393768310547
411.25518798828125 222.39883422851562 545.0965423583984 222.39883422851562 545.0965423583984 473.4224395751953 411.25518798828125 473.4224395751953
408.04522705078125 222.8168487548828 539.3816986083984 222.8168487548828 539.3816986083984 476.9772033691406 408.04522705078125 476.9772033691406
410.0953063964844 227.2682342529297 541.3876953125 227.2682342529297 541.3876953125 472.57313537597656 410.0953063964844 472.57313537597656
420.04656982421875 224.2174530029297 551.9642028808594 224.2174530029297 551.9642028808594 471.7184600830078 420.04656982421875 471.7184600830078
423.7965393066406 222.4382781982422 555.4845733642578 222.4382781982422 555.4845733642578 471.4278564453125 423.7965393066406 471.4278564453125
426.25762939453125 216.9698028564453 557.8644561767578 216.9698028564453 557.8644561767578 472.6527404785156 426.25762939453125 472.6527404785156
425.8008728027344 215.947021484375 558.1357574462891 215.947021484375 558.1357574462891 472.81201171875 425.8008728027344 472.81201171875
425.29815673828125 218.5833282470703 556.9453277587891 218.5833282470703 556.9453277587891 471.87071228027344 425.29815673828125 471.87071228027344
425.704345703125 218.26663208007812 557.7238311767578 218.26663208007812 557.7238311767578 473.8069610595703 425.704345703125 473.8069610595703
423.7015686035156 219.224853515625 556.0558624267578 219.224853515625 556.0558624267578 474.7371520996094 423.7015686035156 474.7371520996094
426.5519104003906 218.25411987304688 558.0858001708984 218.25411987304688 558.0858001708984 473.947021484375 426.5519104003906 473.947021484375
422.43988037109375 218.3515167236328 555.3378601074219 218.3515167236328 555.3378601074219 477.6587371826172 422.43988037109375 477.6587371826172
422.97540283203125 221.9452362060547 557.0587005615234 221.9452362060547 557.0587005615234 477.7852783203125 422.97540283203125 477.7852783203125
425.17291259765625 220.21463012695312 558.3432922363281 220.21463012695312 558.3432922363281 477.95709228515625 425.17291259765625 477.95709228515625
424.0838928222656 218.4568328857422 558.29638671875 218.4568328857422 558.29638671875 477.07749938964844 424.0838928222656 477.07749938964844
423.37042236328125 220.79531860351562 556.7827758789062 220.79531860351562 556.7827758789062 479.1635437011719 423.37042236328125 479.1635437011719
421.3836364746094 217.59030151367188 553.2900390625 217.59030151367188 553.2900390625 474.3986511230469 421.3836364746094 474.3986511230469
423.34881591796875 218.97012329101562 555.9204254150391 218.97012329101562 555.9204254150391 477.2433776855469 423.34881591796875 477.2433776855469
421.26922607421875 221.2615203857422 554.6561584472656 221.2615203857422 554.6561584472656 478.7953643798828 421.26922607421875 478.7953643798828
423.77972412109375 216.90829467773438 555.6043548583984 216.90829467773438 555.6043548583984 476.7318115234375 423.77972412109375 476.7318115234375
425.1104431152344 221.3261260986328 557.9277038574219 221.3261260986328 557.9277038574219 477.88893127441406 425.1104431152344 477.88893127441406
424.74554443359375 216.2163543701172 556.2548522949219 216.2163543701172 556.2548522949219 476.49021911621094 424.74554443359375 476.49021911621094
426.609619140625 218.14175415039062 559.9704895019531 218.14175415039062 559.9704895019531 476.2397155761719 426.609619140625 476.2397155761719
424.42803955078125 216.52548217773438 557.8565979003906 216.52548217773438 557.8565979003906 477.4554748535156 424.42803955078125 477.4554748535156
422.17218017578125 218.1651611328125 556.2324676513672 218.1651611328125 556.2324676513672 477.1440734863281 422.17218017578125 477.1440734863281
422.31927490234375 216.7521514892578 556.3441162109375 216.7521514892578 556.3441162109375 475.2048797607422 422.31927490234375 475.2048797607422
421.23480224609375 216.71908569335938 555.9107666015625 216.71908569335938 555.9107666015625 476.97412109375 421.23480224609375 476.97412109375
418.6005859375 222.12826538085938 554.7750396728516 222.12826538085938 554.7750396728516 477.03468322753906 418.6005859375 477.03468322753906
418.99285888671875 224.3863067626953 553.3672790527344 224.3863067626953 553.3672790527344 478.8599395751953 418.99285888671875 478.8599395751953
412.8548889160156 226.99050903320312 546.9034271240234 226.99050903320312 546.9034271240234 477.76951599121094 412.8548889160156 477.76951599121094
420.70428466796875 223.15475463867188 551.0327301025391 223.15475463867188 551.0327301025391 475.40931701660156 420.70428466796875 475.40931701660156
423.6061096191406 226.5441131591797 553.5346069335938 226.5441131591797 553.5346069335938 478.5634765625 423.6061096191406 478.5634765625
419.38787841796875 224.4823455810547 552.0686950683594 224.4823455810547 552.0686950683594 477.5774688720703 419.38787841796875 477.5774688720703
420.993896484375 225.92330932617188 553.1945495605469 225.92330932617188 553.1945495605469 479.1167449951172 420.993896484375 479.1167449951172
419.2665100097656 222.90560913085938 553.6422424316406 222.90560913085938 553.6422424316406 477.6018524169922 419.2665100097656 477.6018524169922
414.1105041503906 222.38491821289062 549.1652221679688 222.38491821289062 549.1652221679688 477.77001953125 414.1105041503906 477.77001953125
418.19036865234375 221.5154266357422 552.7221984863281 221.5154266357422 552.7221984863281 476.7901306152344 418.19036865234375 476.7901306152344
414.54229736328125 220.21658325195312 549.3330688476562 220.21658325195312 549.3330688476562 474.6187744140625 414.54229736328125 474.6187744140625
419.0933532714844 220.5742950439453 553.2989196777344 220.5742950439453 553.2989196777344 476.4206848144531 419.0933532714844 476.4206848144531
418.849609375 218.798095703125 553.4173736572266 218.798095703125 553.4173736572266 474.944091796875 418.849609375 474.944091796875
416.27410888671875 220.6864776611328 552.5341033935547 220.6864776611328 552.5341033935547 477.33876037597656 416.27410888671875 477.33876037597656
418.14288330078125 219.9122314453125 554.2064819335938 219.9122314453125 554.2064819335938 476.8358459472656 418.14288330078125 476.8358459472656
416.2587890625 220.88986206054688 554.4365234375 220.88986206054688 554.4365234375 476.9262390136719 416.2587890625 476.9262390136719
416.07574462890625 219.69485473632812 552.5350494384766 219.69485473632812 552.5350494384766 475.3192138671875 416.07574462890625 475.3192138671875
416.6277770996094 219.92605590820312 552.0029907226562 219.92605590820312 552.0029907226562 474.87890625 416.6277770996094 474.87890625
419.7518615722656 222.5225830078125 554.4179229736328 222.5225830078125 554.4179229736328 475.7779083251953 419.7518615722656 475.7779083251953
415.36834716796875 223.0115203857422 550.4619750976562 223.0115203857422 550.4619750976562 473.7867126464844 415.36834716796875 473.7867126464844
420.2998046875 221.6798858642578 552.4771728515625 221.6798858642578 552.4771728515625 472.17771911621094 420.2998046875 472.17771911621094
423.16876220703125 220.22265625 555.2146606445312 220.22265625 555.2146606445312 472.48828125 423.16876220703125 472.48828125
416.4962463378906 220.75033569335938 550.8432464599609 220.75033569335938 550.8432464599609 472.28875732421875 416.4962463378906 472.28875732421875
415.6339416503906 223.8386993408203 552.2705993652344 223.8386993408203 552.2705993652344 477.1146240234375 415.6339416503906 477.1146240234375
420.3252868652344 221.11685180664062 553.0494689941406 221.11685180664062 553.0494689941406 474.77734375 420.3252868652344 474.77734375
417.84014892578125 223.01480102539062 552.2345886230469 223.01480102539062 552.2345886230469 482.3970642089844 417.84014892578125 482.3970642089844
412.64544677734375 226.76547241210938 549.8423919677734 226.76547241210938 549.8423919677734 485.3218688964844 412.64544677734375 485.3218688964844
414.9248046875 231.547607421875 551.4928283691406 231.547607421875 551.4928283691406 488.10675048828125 414.9248046875 488.10675048828125
407.9078063964844 235.7640838623047 546.6943359375 235.7640838623047 546.6943359375 493.79795837402344 407.9078063964844 493.79795837402344
409.535400390625 236.5565948486328 548.5012664794922 236.5565948486328 548.5012664794922 498.60459899902344 409.535400390625 498.60459899902344
408.6529846191406 238.82192993164062 548.7694702148438 238.82192993164062 548.7694702148438 503.7361755371094 408.6529846191406 503.7361755371094
412.08758544921875 235.5380401611328 551.6700744628906 235.5380401611328 551.6700744628906 503.6874542236328 412.08758544921875 503.6874542236328
410.52862548828125 235.31765747070312 549.2931213378906 235.31765747070312 549.2931213378906 508.50286865234375 410.52862548828125 508.50286865234375
411.3770446777344 229.50253295898438 548.9873962402344 229.50253295898438 548.9873962402344 505.11846923828125 411.3770446777344 505.11846923828125
411.25860595703125 215.7426300048828 548.5724182128906 215.7426300048828 548.5724182128906 495.24317932128906 411.25860595703125 495.24317932128906
408.2764892578125 210.86685180664062 546.9348449707031 210.86685180664062 546.9348449707031 492.5556640625 408.2764892578125 492.5556640625
414.6067810058594 198.1580810546875 551.0526580810547 198.1580810546875 551.0526580810547 485.9227294921875 414.6067810058594 485.9227294921875
409.76470947265625 190.72312927246094 549.1021118164062 190.72312927246094 549.1021118164062 479.5133514404297 409.76470947265625 479.5133514404297
412.19830322265625 192.91525268554688 552.1582183837891 192.91525268554688 552.1582183837891 473.4465026855469 412.19830322265625 473.4465026855469
412.94317626953125 176.63735961914062 549.6362915039062 176.63735961914062 549.6362915039062 463.6570129394531 412.94317626953125 463.6570129394531
414.14166259765625 179.61276245117188 550.8130340576172 179.61276245117188 550.8130340576172 464.379150390625 414.14166259765625 464.379150390625
411.06170654296875 174.16079711914062 546.6608734130859 174.16079711914062 546.6608734130859 455.2268981933594 411.06170654296875 455.2268981933594
411.7357482910156 179.09378051757812 549.4782257080078 179.09378051757812 549.4782257080078 457.5973815917969 411.7357482910156 457.5973815917969
413.5123596191406 176.38778686523438 550.3412780761719 176.38778686523438 550.3412780761719 458.12969970703125 413.5123596191406 458.12969970703125
418.0089416503906 180.9321746826172 553.8408050537109 180.9321746826172 553.8408050537109 461.10398864746094 418.0089416503906 461.10398864746094
414.23681640625 191.00953674316406 554.1284637451172 191.00953674316406 554.1284637451172 473.89524841308594 414.23681640625 473.89524841308594
410.24658203125 194.49588012695312 549.8725738525391 194.49588012695312 549.8725738525391 477.4372253417969 410.24658203125 477.4372253417969
417.29296875 199.2972869873047 554.9942626953125 199.2972869873047 554.9942626953125 478.06480407714844 417.29296875 478.06480407714844
418.79461669921875 203.26829528808594 558.9966735839844 203.26829528808594 558.9966735839844 481.09202575683594 418.79461669921875 481.09202575683594
404.3104553222656 207.4606475830078 549.0745849609375 207.4606475830078 549.0745849609375 480.00071716308594 404.3104553222656 480.00071716308594
409.3179626464844 206.3678436279297 554.7896575927734 206.3678436279297 554.7896575927734 481.7645721435547 409.3179626464844 481.7645721435547
410.1648864746094 203.39788818359375 554.6044616699219 203.39788818359375 554.6044616699219 483.181640625 410.1648864746094 483.181640625
400.124755859375 204.91171264648438 548.4914245605469 204.91171264648438 548.4914245605469 481.9287414550781 400.124755859375 481.9287414550781
405.1847229003906 204.35853576660156 549.2059936523438 204.35853576660156 549.2059936523438 483.5318145751953 405.1847229003906 483.5318145751953
402.43304443359375 204.078125 546.1870269775391 204.078125 546.1870269775391 482.7074279785156 402.43304443359375 482.7074279785156
401.9658203125 206.41006469726562 547.8909912109375 206.41006469726562 547.8909912109375 485.4674987792969 401.9658203125 485.4674987792969
398.61102294921875 204.43423461914062 543.4237670898438 204.43423461914062 543.4237670898438 484.92987060546875 398.61102294921875 484.92987060546875
397.84613037109375 200.5245361328125 544.3573760986328 200.5245361328125 544.3573760986328 487.03118896484375 397.84613037109375 487.03118896484375
394.9626159667969 201.9747314453125 540.7962341308594 201.9747314453125 540.7962341308594 484.5550231933594 394.9626159667969 484.5550231933594
392.5867004394531 205.2347412109375 538.5554351806641 205.2347412109375 538.5554351806641 484.3673095703125 392.5867004394531 484.3673095703125
392.69610595703125 206.75146484375 536.4553527832031 206.75146484375 536.4553527832031 486.5623779296875 392.69610595703125 486.5623779296875
387.9749450683594 207.75204467773438 528.7098999023438 207.75204467773438 528.7098999023438 484.544677734375 387.9749450683594 484.544677734375
384.3974914550781 206.71896362304688 526.48291015625 206.71896362304688 526.48291015625 484.7861328125 384.3974914550781 484.7861328125
384.17462158203125 203.37875366210938 525.2816467285156 203.37875366210938 525.2816467285156 484.87713623046875 384.17462158203125 484.87713623046875
381.70513916015625 213.10348510742188 518.7355499267578 213.10348510742188 518.7355499267578 485.1448059082031 381.70513916015625 485.1448059082031
383.75628662109375 211.386474609375 520.4818725585938 211.386474609375 520.4818725585938 487.63763427734375 383.75628662109375 487.63763427734375
380.0730285644531 213.30484008789062 516.9352111816406 213.30484008789062 516.9352111816406 486.2204895019531 380.0730285644531 486.2204895019531
381.3838806152344 208.322021484375 521.5275268554688 208.322021484375 521.5275268554688 490.18280029296875 381.3838806152344 490.18280029296875
378.7328186035156 205.1560516357422 518.4718627929688 205.1560516357422 518.4718627929688 488.5381622314453 378.7328186035156 488.5381622314453
379.81939697265625 204.1611785888672 518.1940612792969 204.1611785888672 518.1940612792969 486.9466094970703 379.81939697265625 486.9466094970703
380.636962890625 201.6728515625 520.6628112792969 201.6728515625 520.6628112792969 487.6752014160156 380.636962890625 487.6752014160156
380.40350341796875 205.2332000732422 520.8345336914062 205.2332000732422 520.8345336914062 484.53746032714844 380.40350341796875 484.53746032714844
378.07305908203125 202.8864288330078 515.8201751708984 202.8864288330078 515.8201751708984 482.86048889160156 378.07305908203125 482.86048889160156
380.146728515625 203.2476806640625 515.1145172119141 203.2476806640625 515.1145172119141 480.5296936035156 380.146728515625 480.5296936035156
377.3124084472656 205.11233520507812 506.8910675048828 205.11233520507812 506.8910675048828 478.446533203125 377.3124084472656 478.446533203125
378.5771484375 206.00259399414062 508.5990905761719 206.00259399414062 508.5990905761719 478.3713684082031 378.5771484375 478.3713684082031
378.45208740234375 204.65255737304688 507.36769104003906 204.65255737304688 507.36769104003906 479.22601318359375 378.45208740234375 479.22601318359375
377.4561462402344 207.93197631835938 509.6509246826172 207.93197631835938 509.6509246826172 479.1839904785156 377.4561462402344 479.1839904785156
371.72943115234375 209.6145477294922 506.5144348144531 209.6145477294922 506.5144348144531 478.1737518310547 371.72943115234375 478.1737518310547
371.113037109375 208.0030975341797 507.2604064941406 208.0030975341797 507.2604064941406 479.51380920410156 371.113037109375 479.51380920410156
371.6903381347656 208.23098754882812 507.2720489501953 208.23098754882812 507.2720489501953 480.1231994628906 371.6903381347656 480.1231994628906
367.7950134277344 208.36233520507812 504.59181213378906 208.36233520507812 504.59181213378906 480.29534912109375 367.7950134277344 480.29534912109375
367.8863525390625 210.26620483398438 505.0670928955078 210.26620483398438 505.0670928955078 485.4300231933594 367.8863525390625 485.4300231933594
364.3966369628906 211.87142944335938 506.26927185058594 211.87142944335938 506.26927185058594 485.3663635253906 364.3966369628906 485.3663635253906
364.9902038574219 213.25161743164062 503.93817138671875 213.25161743164062 503.93817138671875 485.2716979980469 364.9902038574219 485.2716979980469
364.56597900390625 214.01553344726562 501.86712646484375 214.01553344726562 501.86712646484375 484.2403259277344 364.56597900390625 484.2403259277344
364.0419006347656 213.8186798095703 501.54371643066406 213.8186798095703 501.54371643066406 484.18617248535156 364.0419006347656 484.18617248535156
360.68121337890625 211.13894653320312 499.62403869628906 211.13894653320312 499.62403869628906 485.82861328125 360.68121337890625 485.82861328125
360.21405029296875 215.3008575439453 500.2081604003906 215.3008575439453 500.2081604003906 488.66859436035156 360.21405029296875 488.66859436035156
360.4564514160156 207.88461303710938 498.1280517578125 207.88461303710938 498.1280517578125 486.9574890136719 360.4564514160156 486.9574890136719
358.79644775390625 209.91299438476562 492.8318176269531 209.91299438476562 492.8318176269531 483.0318908691406 358.79644775390625 483.0318908691406
359.0718688964844 205.7154998779297 492.58876037597656 205.7154998779297 492.58876037597656 482.42588806152344 359.0718688964844 482.42588806152344
354.54034423828125 205.452392578125 491.5952453613281 205.452392578125 491.5952453613281 480.27105712890625 354.54034423828125 480.27105712890625
358.1564025878906 204.94216918945312 496.02235412597656 204.94216918945312 496.02235412597656 476.13140869140625 358.1564025878906 476.13140869140625
353.87109375 203.96417236328125 492.535888671875 203.96417236328125 492.535888671875 478.7205810546875 353.87109375 478.7205810546875
354.45989990234375 209.00927734375 494.1689147949219 209.00927734375 494.1689147949219 483.53271484375 354.45989990234375 483.53271484375
355.313232421875 207.8834686279297 493.0442199707031 207.8834686279297 493.0442199707031 481.96302795410156 355.313232421875 481.96302795410156
354.10980224609375 204.65260314941406 492.28143310546875 204.65260314941406 492.28143310546875 477.5867462158203 354.10980224609375 477.5867462158203
352.36138916015625 207.23876953125 488.7578430175781 207.23876953125 488.7578430175781 481.00115966796875 352.36138916015625 481.00115966796875
349.7601013183594 206.07919311523438 484.83595275878906 206.07919311523438 484.83595275878906 482.4507141113281 349.7601013183594 482.4507141113281
350.1872863769531 209.2600860595703 484.7342071533203 209.2600860595703 484.7342071533203 481.46156311035156 350.1872863769531 481.46156311035156
350.69561767578125 205.8252410888672 486.21046447753906 205.8252410888672 486.21046447753906 482.12794494628906 350.69561767578125 482.12794494628906
343.63214111328125 208.38351440429688 482.17822265625 208.38351440429688 482.17822265625 485.21148681640625 343.63214111328125 485.21148681640625
340.453369140625 208.4723663330078 481.4331359863281 208.4723663330078 481.4331359863281 489.7368621826172 340.453369140625 489.7368621826172
336.54376220703125 206.46615600585938 477.9098205566406 206.46615600585938 477.9098205566406 490.93115234375 336.54376220703125 490.93115234375
336.9951477050781 208.54177856445312 476.70689392089844 208.54177856445312 476.70689392089844 490.3612365722656 336.9951477050781 490.3612365722656
334.9709777832031 209.02169799804688 473.7873992919922 209.02169799804688 473.7873992919922 486.74273681640625 334.9709777832031 486.74273681640625
332.57318115234375 214.3011474609375 472.4352722167969 214.3011474609375 472.4352722167969 485.910400390625 332.57318115234375 485.910400390625
331.94158935546875 212.01809692382812 471.10658264160156 212.01809692382812 471.10658264160156 485.8407897949219 331.94158935546875 485.8407897949219
331.14459228515625 212.6176300048828 468.6827087402344 212.6176300048828 468.6827087402344 484.59849548339844 331.14459228515625 484.59849548339844
330.7648010253906 212.5820770263672 467.0457763671875 212.5820770263672 467.0457763671875 483.98374938964844 330.7648010253906 483.98374938964844
332.59466552734375 211.5126495361328 466.02601623535156 211.5126495361328 466.02601623535156 484.34913635253906 332.59466552734375 484.34913635253906
331.82501220703125 212.12734985351562 464.7762145996094 212.12734985351562 464.7762145996094 483.93121337890625 331.82501220703125 483.93121337890625
330.7203063964844 214.6084442138672 460.86949157714844 214.6084442138672 460.86949157714844 484.7205047607422 330.7203063964844 484.7205047607422
332.23101806640625 215.9525146484375 462.13258361816406 215.9525146484375 462.13258361816406 484.5242919921875 332.23101806640625 484.5242919921875
333.1846923828125 216.46957397460938 461.3951721191406 216.46957397460938 461.3951721191406 484.6295471191406 333.1846923828125 484.6295471191406
330.1597595214844 221.2796173095703 459.86468505859375 221.2796173095703 459.86468505859375 487.4270477294922 330.1597595214844 487.4270477294922
328.5032653808594 219.2160186767578 458.72117614746094 219.2160186767578 458.72117614746094 486.09693908691406 328.5032653808594 486.09693908691406
330.0674743652344 222.92227172851562 463.42718505859375 222.92227172851562 463.42718505859375 488.91217041015625 330.0674743652344 488.91217041015625
331.2354736328125 223.2341766357422 465.3289031982422 223.2341766357422 465.3289031982422 490.33583068847656 331.2354736328125 490.33583068847656
332.41015625 226.11196899414062 468.5010070800781 226.11196899414062 468.5010070800781 493.8982238769531 332.41015625 493.8982238769531
333.0498962402344 228.05557250976562 468.4997253417969 228.05557250976562 468.4997253417969 491.1133728027344 333.0498962402344 491.1133728027344
334.4828186035156 231.80282592773438 472.7122497558594 231.80282592773438 472.7122497558594 489.1838684082031 334.4828186035156 489.1838684082031
338.2335510253906 230.7306671142578 477.34918212890625 230.7306671142578 477.34918212890625 486.6629943847656 338.2335510253906 486.6629943847656
343.706298828125 225.9647674560547 482.5290222167969 225.9647674560547 482.5290222167969 485.98521423339844 343.706298828125 485.98521423339844
343.5066833496094 227.1846160888672 484.8411865234375 227.1846160888672 484.8411865234375 488.27891540527344 343.5066833496094 488.27891540527344
345.89459228515625 225.91195678710938 486.18959045410156 225.91195678710938 486.18959045410156 489.3812255859375 345.89459228515625 489.3812255859375
349.85382080078125 222.90591430664062 490.9804382324219 222.90591430664062 490.9804382324219 489.6010437011719 349.85382080078125 489.6010437011719
350.4907531738281 221.5874786376953 492.875 221.5874786376953 492.875 488.16136169433594 350.4907531738281 488.16136169433594
352.42059326171875 226.77505493164062 493.18955993652344 226.77505493164062 493.18955993652344 484.602294921875 352.42059326171875 484.602294921875
355.51422119140625 228.89065551757812 490.3427429199219 228.89065551757812 490.3427429199219 482.453125 355.51422119140625 482.453125
359.79022216796875 227.26229858398438 491.16783142089844 227.26229858398438 491.16783142089844 483.1094970703125 359.79022216796875 483.1094970703125
366.50592041015625 224.6948699951172 499.70982360839844 224.6948699951172 499.70982360839844 485.65428161621094 366.50592041015625 485.65428161621094
366.47442626953125 229.90975952148438 503.1131286621094 229.90975952148438 503.1131286621094 481.2896423339844 366.47442626953125 481.2896423339844
373.8414611816406 228.1245574951172 511.49456787109375 228.1245574951172 511.49456787109375 484.0548553466797 373.8414611816406 484.0548553466797
377.8919982910156 230.4011993408203 512.0719604492188 230.4011993408203 512.0719604492188 483.5725402832031 377.8919982910156 483.5725402832031
380.26177978515625 235.75894165039062 513.3952026367188 235.75894165039062 513.3952026367188 482.95518493652344 380.26177978515625 482.95518493652344
381.0863342285156 236.4756622314453 511.52256774902344 236.4756622314453 511.52256774902344 482.2626190185547 381.0863342285156 482.2626190185547
382.31280517578125 240.6261749267578 511.3016052246094 240.6261749267578 511.3016052246094 483.5233154296875 382.31280517578125 483.5233154296875
384.352783203125 235.3030242919922 513.9544372558594 235.3030242919922 513.9544372558594 485.5010681152344 384.352783203125 485.5010681152344
383.57977294921875 235.645263671875 511.90553283691406 235.645263671875 511.90553283691406 484.0099639892578 383.57977294921875 484.0099639892578
386.8477478027344 235.0937957763672 514.7874908447266 235.0937957763672 514.7874908447266 484.6957244873047 386.8477478027344 484.6957244873047
386.7695617675781 235.35415649414062 513.681037902832 235.35415649414062 513.681037902832 479.0633087158203 386.7695617675781 479.0633087158203
388.3504333496094 233.7823486328125 512.4605178833008 233.7823486328125 512.4605178833008 475.5322570800781 388.3504333496094 475.5322570800781
383.38397216796875 245.95236206054688 511.1251449584961 245.95236206054688 511.1251449584961 479.6257019042969 383.38397216796875 479.6257019042969
385.4593200683594 255.21218872070312 513.9843597412109 255.21218872070312 513.9843597412109 485.6081848144531 385.4593200683594 485.6081848144531
382.70965576171875 258.4111022949219 507.60450744628906 258.4111022949219 507.60450744628906 479.6716003417969 382.70965576171875 479.6716003417969
379.3945617675781 250.3092041015625 497.4409713745117 250.3092041015625 497.4409713745117 470.7734069824219 379.3945617675781 470.7734069824219
389.17108154296875 253.3409423828125 506.37115478515625 253.3409423828125 506.37115478515625 473.7121276855469 389.17108154296875 473.7121276855469
387.07354736328125 247.9337158203125 500.5928726196289 247.9337158203125 500.5928726196289 465.6402282714844 387.07354736328125 465.6402282714844
395.4615783691406 246.42312622070312 507.98838806152344 246.42312622070312 507.98838806152344 466.84136962890625 395.4615783691406 466.84136962890625
402.418212890625 252.9550323486328 514.7243270874023 252.9550323486328 514.7243270874023 473.3819580078125 402.418212890625 473.3819580078125
397.46307373046875 254.2481231689453 509.11527252197266 254.2481231689453 509.11527252197266 471.87705993652344 397.46307373046875 471.87705993652344
402.02484130859375 254.44863891601562 512.146484375 254.44863891601562 512.146484375 471.8255157470703 402.02484130859375 471.8255157470703
407.9691162109375 254.06399536132812 515.1631622314453 254.06399536132812 515.1631622314453 472.16473388671875 407.9691162109375 472.16473388671875
411.2113342285156 257.1473388671875 516.0017013549805 257.1473388671875 516.0017013549805 475.2979736328125 411.2113342285156 475.2979736328125
417.12054443359375 257.1944885253906 520.3962631225586 257.1944885253906 520.3962631225586 474.7669219970703 417.12054443359375 474.7669219970703
419.3207092285156 257.50128173828125 527.662971496582 257.50128173828125 527.662971496582 477.1524353027344 419.3207092285156 477.1524353027344
417.5330505371094 252.7142333984375 525.8133850097656 252.7142333984375 525.8133850097656 473.9131774902344 417.5330505371094 473.9131774902344
417.62554931640625 254.44955444335938 529.7767715454102 254.44955444335938 529.7767715454102 474.88140869140625 417.62554931640625 474.88140869140625
419.5362243652344 250.40133666992188 529.079231262207 250.40133666992188 529.079231262207 468.0970458984375 419.5362243652344 468.0970458984375
418.9515075683594 255.24789428710938 527.8437423706055 255.24789428710938 527.8437423706055 469.4097900390625 418.9515075683594 469.4097900390625
425.82958984375 252.484130859375 532.5301513671875 252.484130859375 532.5301513671875 465.7845916748047 425.82958984375 465.7845916748047
428.0664978027344 256.20098876953125 531.4142608642578 256.20098876953125 531.4142608642578 465.4460144042969 428.0664978027344 465.4460144042969
428.68890380859375 254.45187377929688 532.3665008544922 254.45187377929688 532.3665008544922 463.17860412597656 428.68890380859375 463.17860412597656
429.5174865722656 252.5790557861328 534.0078201293945 252.5790557861328 534.0078201293945 461.4049530029297 429.5174865722656 461.4049530029297
425.3016662597656 257.2157287597656 525.9111404418945 257.2157287597656 525.9111404418945 465.6842346191406 425.3016662597656 465.6842346191406
428.3025817871094 253.3509979248047 528.545051574707 253.3509979248047 528.545051574707 462.771728515625 428.3025817871094 462.771728515625
424.975830078125 253.18466186523438 528.9237442016602 253.18466186523438 528.9237442016602 463.32476806640625 424.975830078125 463.32476806640625
422.61151123046875 258.4448547363281 527.2547988891602 258.4448547363281 527.2547988891602 469.6923370361328 422.61151123046875 469.6923370361328
424.42822265625 257.5125732421875 530.9828338623047 257.5125732421875 530.9828338623047 468.9573974609375 424.42822265625 468.9573974609375
418.39764404296875 262.3616638183594 523.6460952758789 262.3616638183594 523.6460952758789 470.1003875732422 418.39764404296875 470.1003875732422
419.0 262.9544982910156 522.5959243774414 262.9544982910156 522.5959243774414 470.9241027832031 419.0 470.9241027832031
410.05975341796875 261.58447265625 512.9193725585938 261.58447265625 512.9193725585938 468.3670349121094 410.05975341796875 468.3670349121094
409.63592529296875 259.63525390625 513.9186630249023 259.63525390625 513.9186630249023 469.0177764892578 409.63592529296875 469.0177764892578
407.3995056152344 260.0799255371094 512.1988067626953 260.0799255371094 512.1988067626953 470.08197021484375 407.3995056152344 470.08197021484375
404.7856140136719 255.601318359375 511.0679168701172 255.601318359375 511.0679168701172 469.7377471923828 404.7856140136719 469.7377471923828
407.72314453125 254.5602569580078 515.4645843505859 254.5602569580078 515.4645843505859 470.5742950439453 407.72314453125 470.5742950439453
406.00836181640625 252.05551147460938 514.7925872802734 252.05551147460938 514.7925872802734 469.4385986328125 406.00836181640625 469.4385986328125
404.86248779296875 252.41006469726562 517.0270385742188 252.41006469726562 517.0270385742188 469.33135986328125 404.86248779296875 469.33135986328125
416.78564453125 254.95034790039062 528.4034652709961 254.95034790039062 528.4034652709961 469.0213928222656 416.78564453125 469.0213928222656
498.4441833496094 243.27169799804688 607.4982147216797 243.27169799804688 607.4982147216797 468.5916748046875 498.4441833496094 468.5916748046875
495.047607421875 249.01779174804688 604.8963470458984 249.01779174804688 604.8963470458984 470.50958251953125 495.047607421875 470.50958251953125
496.17718505859375 253.08621215820312 605.8642120361328 253.08621215820312 605.8642120361328 472.44700622558594 496.17718505859375 472.44700622558594
503.85107421875 247.92626953125 614.3411254882812 247.92626953125 614.3411254882812 467.4259033203125 503.85107421875 467.4259033203125
496.7652282714844 255.19699096679688 609.6655197143555 255.19699096679688 609.6655197143555 473.67970275878906 496.7652282714844 473.67970275878906
500.59246826171875 252.6884765625 614.9974136352539 252.6884765625 614.9974136352539 474.0829620361328 500.59246826171875 474.0829620361328
503.5028381347656 252.23745727539062 616.8942947387695 252.23745727539062 616.8942947387695 471.67063903808594 503.5028381347656 471.67063903808594
506.94146728515625 257.9113464355469 618.4092788696289 257.9113464355469 618.4092788696289 473.6219177246094 506.94146728515625 473.6219177246094
508.3118591308594 253.6526641845703 618.7821502685547 253.6526641845703 618.7821502685547 467.432861328125 508.3118591308594 467.432861328125
511.6310119628906 254.8258819580078 620.5345764160156 254.8258819580078 620.5345764160156 468.19334411621094 511.6310119628906 468.19334411621094
511.54034423828125 254.3924560546875 620.9689788818359 254.3924560546875 620.9689788818359 466.1568908691406 511.54034423828125 466.1568908691406
518.9722900390625 253.22964477539062 621.9491424560547 253.22964477539062 621.9491424560547 467.931884765625 518.9722900390625 467.931884765625
527.1263427734375 250.26547241210938 623.2077178955078 250.26547241210938 623.2077178955078 464.5378875732422 527.1263427734375 464.5378875732422
537.3854370117188 251.89208984375 631.5037384033203 251.89208984375 631.5037384033203 462.8568420410156 537.3854370117188 462.8568420410156
535.8402099609375 253.2935028076172 630.3945617675781 253.2935028076172 630.3945617675781 461.6699981689453 535.8402099609375 461.6699981689453
539.4278564453125 251.92910766601562 635.0455169677734 251.92910766601562 635.0455169677734 460.00360107421875 539.4278564453125 460.00360107421875
543.6466064453125 254.6205596923828 638.6862640380859 254.6205596923828 638.6862640380859 460.0015869140625 543.6466064453125 460.0015869140625
545.0595092773438 256.9254150390625 640.3048477172852 256.9254150390625 640.3048477172852 458.7734375 545.0595092773438 458.7734375
545.5931396484375 260.09954833984375 642.7083053588867 260.09954833984375 642.7083053588867 456.3722381591797 545.5931396484375 456.3722381591797
553.5213623046875 259.046630859375 647.7331161499023 259.046630859375 647.7331161499023 456.5411071777344 553.5213623046875 456.5411071777344
557.6893310546875 259.1004943847656 651.0511856079102 259.1004943847656 651.0511856079102 457.3151092529297 557.6893310546875 457.3151092529297
563.0765991210938 260.6529541015625 660.1308212280273 260.6529541015625 660.1308212280273 450.5804748535156 563.0765991210938 450.5804748535156
564.9356689453125 261.2586669921875 662.9446868896484 261.2586669921875 662.9446868896484 450.92408752441406 564.9356689453125 450.92408752441406
571.50244140625 255.9921417236328 669.2219390869141 255.9921417236328 669.2219390869141 445.09727478027344 571.50244140625 445.09727478027344
570.9500732421875 258.6446838378906 667.3337631225586 258.6446838378906 667.3337631225586 445.164794921875 570.9500732421875 445.164794921875
576.18310546875 257.0111389160156 673.1790771484375 257.0111389160156 673.1790771484375 444.71612548828125 576.18310546875 444.71612548828125
580.2081298828125 258.1708984375 677.596061706543 258.1708984375 677.596061706543 446.6343994140625 580.2081298828125 446.6343994140625
586.8991088867188 264.73260498046875 682.4123992919922 264.73260498046875 682.4123992919922 449.56834411621094 586.8991088867188 449.56834411621094
588.103759765625 261.2054748535156 681.6540985107422 261.2054748535156 681.6540985107422 442.2425537109375 588.103759765625 442.2425537109375
589.7297973632812 266.5451965332031 684.0016479492188 266.5451965332031 684.0016479492188 448.9785461425781 589.7297973632812 448.9785461425781
592.7579956054688 265.27520751953125 685.1011734008789 265.27520751953125 685.1011734008789 443.97621154785156 592.7579956054688 443.97621154785156
594.7613525390625 266.6820373535156 686.8232574462891 266.6820373535156 686.8232574462891 444.83872985839844 594.7613525390625 444.83872985839844
600.5603637695312 270.21746826171875 692.3169784545898 270.21746826171875 692.3169784545898 447.78338623046875 600.5603637695312 447.78338623046875
601.1580810546875 268.72064208984375 692.3195877075195 268.72064208984375 692.3195877075195 445.1349182128906 601.1580810546875 445.1349182128906
605.5523681640625 265.2575378417969 697.9806365966797 265.2575378417969 697.9806365966797 448.2315673828125 605.5523681640625 448.2315673828125
612.3389282226562 267.00042724609375 707.1227035522461 267.00042724609375 707.1227035522461 450.4244689941406 612.3389282226562 450.4244689941406
614.0582885742188 269.91973876953125 710.7585144042969 269.91973876953125 710.7585144042969 457.05247497558594 614.0582885742188 457.05247497558594
615.9239501953125 269.4747619628906 711.040641784668 269.4747619628906 711.040641784668 453.54307556152344 615.9239501953125 453.54307556152344
616.76513671875 268.3039855957031 712.7238388061523 268.3039855957031 712.7238388061523 454.00177001953125 616.76513671875 454.00177001953125
619.7195434570312 267.0638732910156 715.996955871582 267.0638732910156 715.996955871582 453.37840270996094 619.7195434570312 453.37840270996094
621.9738159179688 267.41278076171875 718.6707992553711 267.41278076171875 718.6707992553711 454.5392761230469 621.9738159179688 454.5392761230469
626.0855712890625 269.63873291015625 721.2854461669922 269.63873291015625 721.2854461669922 455.2312927246094 626.0855712890625 455.2312927246094
626.7518310546875 270.21929931640625 720.8767242431641 270.21929931640625 720.8767242431641 452.36830139160156 626.7518310546875 452.36830139160156
630.3976440429688 270.40911865234375 724.078498840332 270.40911865234375 724.078498840332 455.8125305175781 630.3976440429688 455.8125305175781
633.8854370117188 270.4390869140625 727.0430908203125 270.4390869140625 727.0430908203125 453.1692199707031 633.8854370117188 453.1692199707031
635.279052734375 271.79034423828125 728.3920974731445 271.79034423828125 728.3920974731445 455.2193908691406 635.279052734375 455.2193908691406
636.5308227539062 268.45697021484375 730.3259735107422 268.45697021484375 730.3259735107422 452.41163635253906 636.5308227539062 452.41163635253906
635.3767700195312 268.59710693359375 729.4090576171875 268.59710693359375 729.4090576171875 450.56687927246094 635.3767700195312 450.56687927246094
638.2055053710938 271.64306640625 731.8176574707031 271.64306640625 731.8176574707031 455.2281188964844 638.2055053710938 455.2281188964844
639.9349975585938 266.61871337890625 733.9319915771484 266.61871337890625 733.9319915771484 451.07379150390625 639.9349975585938 451.07379150390625
639.4862060546875 269.212890625 734.2024078369141 269.212890625 734.2024078369141 452.5061340332031 639.4862060546875 452.5061340332031
640.921142578125 268.71405029296875 733.9913787841797 268.71405029296875 733.9913787841797 448.8220520019531 640.921142578125 448.8220520019531
638.6304931640625 269.40618896484375 732.3409423828125 269.40618896484375 732.3409423828125 450.7531280517578 638.6304931640625 450.7531280517578
641.7589721679688 272.01861572265625 735.5034255981445 272.01861572265625 735.5034255981445 455.9812927246094 641.7589721679688 455.9812927246094
643.2136840820312 268.975341796875 736.66943359375 268.975341796875 736.66943359375 452.1415252685547 643.2136840820312 452.1415252685547
641.3917846679688 272.6217041015625 735.5858306884766 272.6217041015625 735.5858306884766 454.9044647216797 641.3917846679688 454.9044647216797
645.7351684570312 269.0672912597656 739.294059753418 269.0672912597656 739.294059753418 450.12091064453125 645.7351684570312 450.12091064453125
646.5965576171875 273.24920654296875 741.6672134399414 273.24920654296875 741.6672134399414 457.2283630371094 646.5965576171875 457.2283630371094
647.7906494140625 267.8122863769531 743.7043609619141 267.8122863769531 743.7043609619141 453.4228973388672 647.7906494140625 453.4228973388672
647.6710815429688 269.0076599121094 743.60986328125 269.0076599121094 743.60986328125 454.6667938232422 647.6710815429688 454.6667938232422
648.8193969726562 269.6717834472656 746.0288696289062 269.6717834472656 746.0288696289062 457.7899475097656 648.8193969726562 457.7899475097656
649.5816650390625 264.59271240234375 748.7280654907227 264.59271240234375 748.7280654907227 456.4591979980469 649.5816650390625 456.4591979980469
645.48828125 260.8963317871094 746.0119934082031 260.8963317871094 746.0119934082031 456.15777587890625 645.48828125 456.15777587890625
648.8680419921875 258.42742919921875 749.1073150634766 258.42742919921875 749.1073150634766 454.4646911621094 648.8680419921875 454.4646911621094
649.4071044921875 263.97637939453125 747.2164077758789 263.97637939453125 747.2164077758789 462.5129699707031 649.4071044921875 462.5129699707031
651.3684692382812 262.2822570800781 748.3957672119141 262.2822570800781 748.3957672119141 460.91831970214844 651.3684692382812 460.91831970214844
648.9142456054688 261.49786376953125 746.7918548583984 261.49786376953125 746.7918548583984 460.1557159423828 648.9142456054688 460.1557159423828
649.25 263.9867248535156 747.5066528320312 263.9867248535156 747.5066528320312 460.668212890625 649.25 460.668212890625
647.7905883789062 265.2240295410156 747.4126358032227 265.2240295410156 747.4126358032227 461.60475158691406 647.7905883789062 461.60475158691406
647.04248046875 261.40679931640625 746.7883758544922 261.40679931640625 746.7883758544922 457.5030517578125 647.04248046875 457.5030517578125
643.1722412109375 264.7738342285156 742.4391326904297 264.7738342285156 742.4391326904297 459.2441711425781 643.1722412109375 459.2441711425781
640.9149169921875 265.118896484375 742.3898239135742 265.118896484375 742.3898239135742 462.6257629394531 640.9149169921875 462.6257629394531
639.1531372070312 261.56622314453125 741.5151596069336 261.56622314453125 741.5151596069336 463.13124084472656 639.1531372070312 463.13124084472656
632.6507568359375 260.94451904296875 735.0779190063477 260.94451904296875 735.0779190063477 461.5492401123047 632.6507568359375 461.5492401123047
633.5579223632812 262.4045715332031 737.6338272094727 262.4045715332031 737.6338272094727 464.2108612060547 633.5579223632812 464.2108612060547
627.7574462890625 262.66400146484375 731.0070037841797 262.66400146484375 731.0070037841797 462.47088623046875 627.7574462890625 462.47088623046875
626.3250732421875 263.85528564453125 729.2752304077148 263.85528564453125 729.2752304077148 463.0827941894531 626.3250732421875 463.0827941894531
618.64794921875 260.57403564453125 723.2519149780273 260.57403564453125 723.2519149780273 460.91729736328125 618.64794921875 460.91729736328125
614.1477661132812 261.6617126464844 720.0674209594727 261.6617126464844 720.0674209594727 464.0245361328125 614.1477661132812 464.0245361328125
610.9459228515625 262.8700866699219 715.6677627563477 262.8700866699219 715.6677627563477 463.99964904785156 610.9459228515625 463.99964904785156
606.6297607421875 264.99383544921875 709.8796157836914 264.99383544921875 709.8796157836914 463.0996856689453 606.6297607421875 463.0996856689453
604.3060302734375 263.2099609375 706.4914093017578 263.2099609375 706.4914093017578 461.93658447265625 604.3060302734375 461.93658447265625
600.7447509765625 262.5955505371094 702.9826126098633 262.5955505371094 702.9826126098633 461.39085388183594 600.7447509765625 461.39085388183594
598.8623657226562 261.4481506347656 700.4682159423828 261.4481506347656 700.4682159423828 459.65216064453125 598.8623657226562 459.65216064453125
595.1819458007812 259.9973449707031 698.2097320556641 259.9973449707031 698.2097320556641 459.559326171875 595.1819458007812 459.559326171875
591.5077514648438 255.8515167236328 695.0421600341797 255.8515167236328 695.0421600341797 459.7096252441406 591.5077514648438 459.7096252441406
588.8187866210938 257.85394287109375 692.5862579345703 257.85394287109375 692.5862579345703 463.91246032714844 588.8187866210938 463.91246032714844
588.5391845703125 255.3808135986328 694.3696517944336 255.3808135986328 694.3696517944336 461.6239013671875 588.5391845703125 461.6239013671875
585.0701293945312 253.4945068359375 690.2169952392578 253.4945068359375 690.2169952392578 465.4095916748047 585.0701293945312 465.4095916748047
582.4953002929688 252.0962371826172 685.9772567749023 252.0962371826172 685.9772567749023 463.49378967285156 582.4953002929688 463.49378967285156
580.3880615234375 254.0905303955078 680.6325836181641 254.0905303955078 680.6325836181641 464.38621520996094 580.3880615234375 464.38621520996094
580.8370361328125 255.5491485595703 678.1635131835938 255.5491485595703 678.1635131835938 463.10813903808594 580.8370361328125 463.10813903808594
578.0916748046875 255.13882446289062 677.3557586669922 255.13882446289062 677.3557586669922 461.423583984375 578.0916748046875 461.423583984375
572.7553100585938 253.2891387939453 673.1312713623047 253.2891387939453 673.1312713623047 463.61021423339844 572.7553100585938 463.61021423339844
571.2393188476562 254.0218048095703 671.96923828125 254.0218048095703 671.96923828125 463.7411193847656 571.2393188476562 463.7411193847656
568.0989990234375 252.7228546142578 670.2513885498047 252.7228546142578 670.2513885498047 464.00901794433594 568.0989990234375 464.00901794433594
563.77880859375 248.11947631835938 671.2305679321289 248.11947631835938 671.2305679321289 466.918701171875 563.77880859375 466.918701171875
562.5035400390625 253.9379425048828 667.4680023193359 253.9379425048828 667.4680023193359 469.0668029785156 562.5035400390625 469.0668029785156
556.944580078125 251.9084930419922 660.8959808349609 251.9084930419922 660.8959808349609 466.7921142578125 556.944580078125 466.7921142578125
554.1087646484375 253.2422637939453 657.3091430664062 253.2422637939453 657.3091430664062 465.8926086425781 554.1087646484375 465.8926086425781
546.5775146484375 256.01019287109375 648.9748992919922 256.01019287109375 648.9748992919922 466.83360290527344 546.5775146484375 466.83360290527344
545.94189453125 254.62060546875 647.4476776123047 254.62060546875 647.4476776123047 464.6076965332031 545.94189453125 464.6076965332031
544.4459228515625 257.2562561035156 644.6422348022461 257.2562561035156 644.6422348022461 465.7472686767578 544.4459228515625 465.7472686767578
543.7062377929688 256.87664794921875 643.4749603271484 256.87664794921875 643.4749603271484 466.8644104003906 543.7062377929688 466.8644104003906
537.295166015625 254.8020477294922 637.7278060913086 254.8020477294922 637.7278060913086 467.60133361816406 537.295166015625 467.60133361816406
533.5239868164062 257.1476745605469 634.2811050415039 257.1476745605469 634.2811050415039 469.7935791015625 533.5239868164062 469.7935791015625
532.1677856445312 254.118896484375 632.0732650756836 254.118896484375 632.0732650756836 466.9148406982422 532.1677856445312 466.9148406982422
524.6205444335938 253.385498046875 626.7460479736328 253.385498046875 626.7460479736328 469.109130859375 524.6205444335938 469.109130859375
522.747802734375 253.2427978515625 625.5491485595703 253.2427978515625 625.5491485595703 467.2594909667969 522.747802734375 467.2594909667969
519.2215576171875 255.27334594726562 622.5306777954102 255.27334594726562 622.5306777954102 468.7737579345703 519.2215576171875 468.7737579345703
518.0009765625 255.5623016357422 621.5847396850586 255.5623016357422 621.5847396850586 467.8218688964844 518.0009765625 467.8218688964844
519.4425659179688 257.676025390625 619.3912506103516 257.676025390625 619.3912506103516 467.9254455566406 519.4425659179688 467.9254455566406
516.3751220703125 258.8247985839844 619.2325592041016 258.8247985839844 619.2325592041016 472.0816345214844 516.3751220703125 472.0816345214844
515.5078125 261.26934814453125 619.6076431274414 261.26934814453125 619.6076431274414 473.57044982910156 515.5078125 473.57044982910156
513.77734375 257.65435791015625 614.4345779418945 257.65435791015625 614.4345779418945 465.52952575683594 513.77734375 465.52952575683594
506.19512939453125 256.31304931640625 616.226806640625 256.31304931640625 616.226806640625 469.24476623535156 506.19512939453125 469.24476623535156
500.40325927734375 260.2722473144531 604.1131439208984 260.2722473144531 604.1131439208984 465.9507141113281 500.40325927734375 465.9507141113281
501.306640625 259.4035339355469 602.4741058349609 259.4035339355469 602.4741058349609 467.5707244873047 501.306640625 467.5707244873047
496.6289978027344 260.380615234375 598.7123641967773 260.380615234375 598.7123641967773 470.3998107910156 496.6289978027344 470.3998107910156
495.64080810546875 266.36602783203125 597.4307479858398 266.36602783203125 597.4307479858398 470.73692321777344 495.64080810546875 470.73692321777344
490.14190673828125 262.67669677734375 598.1659927368164 262.67669677734375 598.1659927368164 471.72337341308594 490.14190673828125 471.72337341308594
490.021484375 266.7189025878906 590.9701690673828 266.7189025878906 590.9701690673828 467.0798797607422 490.021484375 467.0798797607422
492.59637451171875 269.7500915527344 590.8188323974609 269.7500915527344 590.8188323974609 466.30377197265625 492.59637451171875 466.30377197265625
490.3470764160156 266.38189697265625 587.6867370605469 266.38189697265625 587.6867370605469 463.77357482910156 490.3470764160156 463.77357482910156
481.9261169433594 277.24908447265625 581.6041717529297 277.24908447265625 581.6041717529297 474.38514709472656 481.9261169433594 474.38514709472656
481.26568603515625 274.65277099609375 580.9065475463867 274.65277099609375 580.9065475463867 471.73138427734375 481.26568603515625 471.73138427734375
481.64971923828125 275.23663330078125 585.3044891357422 275.23663330078125 585.3044891357422 475.827880859375 481.64971923828125 475.827880859375
486.5166015625 282.6915283203125 584.0129776000977 282.6915283203125 584.0129776000977 475.22972106933594 486.5166015625 475.22972106933594
492.32373046875 274.02374267578125 586.867301940918 274.02374267578125 586.867301940918 463.8896484375 492.32373046875 463.8896484375
487.69488525390625 270.2723693847656 579.0722198486328 270.2723693847656 579.0722198486328 473.9193115234375 487.69488525390625 473.9193115234375
488.91064453125 271.31756591796875 580.5651779174805 271.31756591796875 580.5651779174805 474.57301330566406 488.91064453125 474.57301330566406
491.005126953125 269.7486267089844 581.4580383300781 269.7486267089844 581.4580383300781 473.63294982910156 491.005126953125 473.63294982910156
486.6318359375 269.66143798828125 579.1371917724609 269.66143798828125 579.1371917724609 477.4336853027344 486.6318359375 477.4336853027344
482.8072204589844 265.6919250488281 584.3185272216797 265.6919250488281 584.3185272216797 471.53887939453125 482.8072204589844 471.53887939453125
487.2930603027344 271.1548767089844 585.9757537841797 271.1548767089844 585.9757537841797 472.77198791503906 487.2930603027344 472.77198791503906
493.75897216796875 267.1399841308594 587.6381378173828 267.1399841308594 587.6381378173828 467.3247985839844 493.75897216796875 467.3247985839844
497.0384826660156 271.22955322265625 589.2971954345703 271.22955322265625 589.2971954345703 469.14276123046875 497.0384826660156 469.14276123046875
489.544677734375 264.0 585.9541320800781 264.0 585.9541320800781 469.3193359375 489.544677734375 469.3193359375
489.2671813964844 267.69873046875 586.1872024536133 267.69873046875 586.1872024536133 471.3841857910156 489.2671813964844 471.3841857910156
484.72637939453125 269.23797607421875 584.4534454345703 269.23797607421875 584.4534454345703 473.6072692871094 484.72637939453125 473.6072692871094
488.4092712402344 268.82989501953125 586.6235122680664 268.82989501953125 586.6235122680664 473.22547912597656 488.4092712402344 473.22547912597656
479.9983825683594 262.35870361328125 583.4221649169922 262.35870361328125 583.4221649169922 472.95582580566406 479.9983825683594 472.95582580566406
483.35784912109375 264.5374755859375 585.719482421875 264.5374755859375 585.719482421875 474.3729248046875 483.35784912109375 474.3729248046875
483.9544982910156 265.01861572265625 586.6747131347656 265.01861572265625 586.6747131347656 475.46343994140625 483.9544982910156 475.46343994140625
481.976806640625 263.1334228515625 585.7011566162109 263.1334228515625 585.7011566162109 474.1850891113281 481.976806640625 474.1850891113281
481.0616760253906 261.2496032714844 586.0676345825195 261.2496032714844 586.0676345825195 473.3672790527344 481.0616760253906 473.3672790527344
480.0718688964844 259.3221435546875 585.2994918823242 259.3221435546875 585.2994918823242 472.9413299560547 480.0718688964844 472.9413299560547
487.1396484375 261.38787841796875 587.5444107055664 261.38787841796875 587.5444107055664 468.81732177734375 487.1396484375 468.81732177734375
483.680419921875 260.8690490722656 586.2042236328125 260.8690490722656 586.2042236328125 473.01512145996094 483.680419921875 473.01512145996094
483.07635498046875 257.59552001953125 586.4111938476562 257.59552001953125 586.4111938476562 470.49998474121094 483.07635498046875 470.49998474121094
486.6336364746094 259.03765869140625 588.8368682861328 259.03765869140625 588.8368682861328 471.77540588378906 486.6336364746094 471.77540588378906
481.63800048828125 252.78335571289062 587.7732772827148 252.78335571289062 587.7732772827148 472.1781768798828 481.63800048828125 472.1781768798828
481.3108825683594 250.1167449951172 587.2667922973633 250.1167449951172 587.2667922973633 471.2478942871094 481.3108825683594 471.2478942871094
473.0863342285156 247.4270477294922 581.8145904541016 247.4270477294922 581.8145904541016 476.6964874267578 473.0863342285156 476.6964874267578
477.55389404296875 248.00448608398438 582.7532958984375 248.00448608398438 582.7532958984375 474.0264892578125 477.55389404296875 474.0264892578125
471.62335205078125 244.0246124267578 579.7883682250977 244.0246124267578 579.7883682250977 479.41015625 471.62335205078125 479.41015625
473.57061767578125 245.15029907226562 582.6538925170898 245.15029907226562 582.6538925170898 477.02342224121094 473.57061767578125 477.02342224121094
477.0489807128906 243.81484985351562 587.987678527832 243.81484985351562 587.987678527832 471.66221618652344 477.0489807128906 471.66221618652344
477.6900939941406 248.0761260986328 585.4313812255859 248.0761260986328 585.4313812255859 477.28330993652344 477.6900939941406 477.28330993652344
476.51678466796875 246.43130493164062 582.2879791259766 246.43130493164062 582.2879791259766 478.26373291015625 476.51678466796875 478.26373291015625
476.982421875 242.92333984375 582.6710052490234 242.92333984375 582.6710052490234 475.5868682861328 476.982421875 475.5868682861328
477.71124267578125 251.91842651367188 587.1040802001953 251.91842651367188 587.1040802001953 472.87159729003906 477.71124267578125 472.87159729003906
480.3998107910156 254.0711212158203 589.5807800292969 254.0711212158203 589.5807800292969 473.5205383300781 480.3998107910156 473.5205383300781
484.2665100097656 257.97625732421875 593.0722198486328 257.97625732421875 593.0722198486328 475.10838317871094 484.2665100097656 475.10838317871094
487.6526794433594 255.5185546875 594.8082122802734 255.5185546875 594.8082122802734 473.7850646972656 487.6526794433594 473.7850646972656
488.50592041015625 259.03509521484375 596.5725326538086 259.03509521484375 596.5725326538086 471.72987365722656 488.50592041015625 471.72987365722656
492.9898376464844 258.82275390625 599.8442535400391 258.82275390625 599.8442535400391 469.0899658203125 492.9898376464844 469.0899658203125
501.7886657714844 258.26959228515625 605.3019866943359 258.26959228515625 605.3019866943359 465.18431091308594 501.7886657714844 465.18431091308594
505.23590087890625 256.2903747558594 611.4808959960938 256.2903747558594 611.4808959960938 465.0569763183594 505.23590087890625 465.0569763183594
506.09197998046875 260.2760925292969 614.3986663818359 260.2760925292969 614.3986663818359 468.32374572753906 506.09197998046875 468.32374572753906
509.894775390625 257.9800720214844 618.2867889404297 257.9800720214844 618.2867889404297 467.2720184326172 509.894775390625 467.2720184326172
512.3956909179688 256.89581298828125 618.8763046264648 256.89581298828125 618.8763046264648 466.1253967285156 512.3956909179688 466.1253967285156
517.91748046875 260.619140625 626.9306869506836 260.619140625 626.9306869506836 470.7572021484375 517.91748046875 470.7572021484375
523.0897216796875 257.44342041015625 630.3672332763672 257.44342041015625 630.3672332763672 463.41099548339844 523.0897216796875 463.41099548339844
524.6907958984375 263.64306640625 631.9086532592773 263.64306640625 631.9086532592773 468.5943298339844 524.6907958984375 468.5943298339844
536.4234619140625 259.18328857421875 641.5249786376953 259.18328857421875 641.5249786376953 462.57432556152344 536.4234619140625 462.57432556152344
543.1163940429688 260.9259338378906 648.4221801757812 260.9259338378906 648.4221801757812 462.290771484375 543.1163940429688 462.290771484375
549.8347778320312 260.17315673828125 653.4130096435547 260.17315673828125 653.4130096435547 460.6163635253906 549.8347778320312 460.6163635253906
556.9296875 260.4926452636719 660.8662872314453 260.4926452636719 660.8662872314453 459.8724822998047 556.9296875 459.8724822998047
557.538818359375 263.52496337890625 660.3835678100586 263.52496337890625 660.3835678100586 460.1781463623047 557.538818359375 460.1781463623047
563.4212646484375 261.1767883300781 665.2716598510742 261.1767883300781 665.2716598510742 457.88287353515625 563.4212646484375 457.88287353515625
566.7786254882812 261.42059326171875 667.810676574707 261.42059326171875 667.810676574707 457.31170654296875 566.7786254882812 457.31170654296875
568.0180053710938 256.5606384277344 668.4777984619141 256.5606384277344 668.4777984619141 454.7213592529297 568.0180053710938 454.7213592529297
574.3871459960938 260.12841796875 670.8059539794922 260.12841796875 670.8059539794922 456.6251525878906 574.3871459960938 456.6251525878906
582.4859619140625 257.92962646484375 676.4374542236328 257.92962646484375 676.4374542236328 452.7008361816406 582.4859619140625 452.7008361816406
585.0074462890625 262.51531982421875 676.0040664672852 262.51531982421875 676.0040664672852 455.09251403808594 585.0074462890625 455.09251403808594
588.69189453125 261.13525390625 683.9208755493164 261.13525390625 683.9208755493164 456.0341033935547 588.69189453125 456.0341033935547
590.8489990234375 255.91232299804688 687.7101135253906 255.91232299804688 687.7101135253906 452.5491638183594 590.8489990234375 452.5491638183594
596.0057983398438 261.03240966796875 691.7674255371094 261.03240966796875 691.7674255371094 458.3304748535156 596.0057983398438 458.3304748535156
598.8743286132812 259.9534606933594 693.7458953857422 259.9534606933594 693.7458953857422 458.37156677246094 598.8743286132812 458.37156677246094
601.1114501953125 256.34564208984375 695.2686614990234 256.34564208984375 695.2686614990234 453.4028015136719 601.1114501953125 453.4028015136719
605.2081298828125 257.66339111328125 700.3530883789062 257.66339111328125 700.3530883789062 454.6057434082031 605.2081298828125 454.6057434082031
607.8997192382812 256.1457824707031 704.2476196289062 256.1457824707031 704.2476196289062 455.69464111328125 607.8997192382812 455.69464111328125
608.6129760742188 257.58380126953125 706.0977249145508 257.58380126953125 706.0977249145508 454.02476501464844 608.6129760742188 454.02476501464844
608.95849609375 257.5699768066406 708.0726089477539 257.5699768066406 708.0726089477539 453.0277862548828 608.95849609375 453.0277862548828
611.0224609375 253.21658325195312 710.0363922119141 253.21658325195312 710.0363922119141 446.38970947265625 611.0224609375 446.38970947265625
610.5514526367188 254.27871704101562 710.7453155517578 254.27871704101562 710.7453155517578 448.6398468017578 610.5514526367188 448.6398468017578
618.0611572265625 256.4256896972656 717.4222564697266 256.4256896972656 717.4222564697266 451.03392028808594 618.0611572265625 451.03392028808594
624.0231323242188 256.67108154296875 719.8104629516602 256.67108154296875 719.8104629516602 455.3251037597656 624.0231323242188 455.3251037597656
626.0463256835938 255.9744110107422 720.3243637084961 255.9744110107422 720.3243637084961 456.3443145751953 626.0463256835938 456.3443145751953
627.263671875 256.3940124511719 720.2271270751953 256.3940124511719 720.2271270751953 456.07940673828125 627.263671875 456.07940673828125
630.276611328125 253.6966552734375 723.6902313232422 253.6966552734375 723.6902313232422 453.9364318847656 630.276611328125 453.9364318847656
628.7171020507812 256.82061767578125 722.5718994140625 256.82061767578125 722.5718994140625 455.11778259277344 628.7171020507812 455.11778259277344
627.2819213867188 262.09503173828125 721.6001663208008 262.09503173828125 721.6001663208008 456.9767761230469 627.2819213867188 456.9767761230469
625.8043823242188 264.91265869140625 720.6549224853516 264.91265869140625 720.6549224853516 456.9337463378906 625.8043823242188 456.9337463378906
629.8106079101562 264.7130126953125 724.4887847900391 264.7130126953125 724.4887847900391 455.9100341796875 629.8106079101562 455.9100341796875
634.4166259765625 264.43499755859375 727.5847015380859 264.43499755859375 727.5847015380859 457.35894775390625 634.4166259765625 457.35894775390625
634.4246826171875 263.331787109375 727.4248733520508 263.331787109375 727.4248733520508 455.53453063964844 634.4246826171875 455.53453063964844
633.9965209960938 262.52227783203125 730.7770462036133 262.52227783203125 730.7770462036133 450.30311584472656 633.9965209960938 450.30311584472656
639.7098388671875 259.92730712890625 737.5432891845703 259.92730712890625 737.5432891845703 449.90614318847656 639.7098388671875 449.90614318847656
641.395263671875 262.62286376953125 738.665397644043 262.62286376953125 738.665397644043 451.85694885253906 641.395263671875 451.85694885253906
646.4553833007812 266.426025390625 740.9611663818359 266.426025390625 740.9611663818359 456.3915252685547 646.4553833007812 456.3915252685547
647.464599609375 261.04925537109375 741.4036102294922 261.04925537109375 741.4036102294922 450.04173278808594 647.464599609375 450.04173278808594
652.8449096679688 260.8016662597656 746.1968994140625 260.8016662597656 746.1968994140625 451.1914367675781 652.8449096679688 451.1914367675781
656.7701416015625 258.19134521484375 749.3555068969727 258.19134521484375 749.3555068969727 451.5165100097656 656.7701416015625 451.5165100097656
660.6553344726562 258.5211486816406 754.0831909179688 258.5211486816406 754.0831909179688 450.68504333496094 660.6553344726562 450.68504333496094
665.3528442382812 260.5167236328125 761.4426498413086 260.5167236328125 761.4426498413086 448.5591125488281 665.3528442382812 448.5591125488281
657.08056640625 262.30120849609375 754.1672286987305 262.30120849609375 754.1672286987305 452.3229064941406 657.08056640625 452.3229064941406
666.3626708984375 268.1868896484375 764.1424560546875 268.1868896484375 764.1424560546875 453.24891662597656 666.3626708984375 453.24891662597656
666.1365966796875 263.268310546875 765.2563095092773 263.268310546875 765.2563095092773 450.4125061035156 666.1365966796875 450.4125061035156
668.1392211914062 262.5826416015625 766.5282745361328 262.5826416015625 766.5282745361328 450.4347381591797 668.1392211914062 450.4347381591797
666.5808715820312 266.45648193359375 766.7758026123047 266.45648193359375 766.7758026123047 453.4556884765625 666.5808715820312 453.4556884765625
669.2491455078125 266.34130859375 769.8273620605469 266.34130859375 769.8273620605469 453.7399139404297 669.2491455078125 453.7399139404297
670.60693359375 263.85870361328125 771.2912750244141 263.85870361328125 771.2912750244141 452.74969482421875 670.60693359375 452.74969482421875
672.1024169921875 266.515869140625 772.911979675293 266.515869140625 772.911979675293 456.0276794433594 672.1024169921875 456.0276794433594
673.7927856445312 262.3892517089844 774.1147079467773 262.3892517089844 774.1147079467773 453.11444091796875 673.7927856445312 453.11444091796875
680.4715576171875 261.0264587402344 779.0853042602539 261.0264587402344 779.0853042602539 452.0010223388672 680.4715576171875 452.0010223388672
681.2174072265625 262.61676025390625 778.0930633544922 262.61676025390625 778.0930633544922 451.89404296875 681.2174072265625 451.89404296875
683.4090576171875 256.6760559082031 782.4875717163086 256.6760559082031 782.4875717163086 450.8418884277344 683.4090576171875 450.8418884277344
683.9932861328125 256.4684143066406 783.664421081543 256.4684143066406 783.664421081543 451.8713684082031 683.9932861328125 451.8713684082031
683.1693115234375 256.2672119140625 784.8797454833984 256.2672119140625 784.8797454833984 450.6991271972656 683.1693115234375 450.6991271972656
689.6824951171875 254.3519744873047 790.3061752319336 254.3519744873047 790.3061752319336 449.3621063232422 689.6824951171875 449.3621063232422
689.8763427734375 255.92630004882812 790.5812149047852 255.92630004882812 790.5812149047852 452.52650451660156 689.8763427734375 452.52650451660156
693.8211669921875 257.8680725097656 794.6703262329102 257.8680725097656 794.6703262329102 454.0200653076172 693.8211669921875 454.0200653076172
694.0036010742188 256.53717041015625 795.6681060791016 256.53717041015625 795.6681060791016 456.1316680908203 694.0036010742188 456.1316680908203
695.6741943359375 252.385009765625 799.0734100341797 252.385009765625 799.0734100341797 454.0027770996094 695.6741943359375 454.0027770996094
694.1576538085938 258.01654052734375 798.5503311157227 258.01654052734375 798.5503311157227 459.26918029785156 694.1576538085938 459.26918029785156
697.2684326171875 259.0730285644531 801.0308456420898 259.0730285644531 801.0308456420898 457.24163818359375 697.2684326171875 457.24163818359375
701.3524780273438 251.78182983398438 805.8484344482422 251.78182983398438 805.8484344482422 452.309814453125 701.3524780273438 452.309814453125
704.3074951171875 253.1929931640625 806.6183013916016 253.1929931640625 806.6183013916016 451.8218994140625 704.3074951171875 451.8218994140625
705.2218627929688 252.8648223876953 806.98583984375 252.8648223876953 806.98583984375 452.154541015625 705.2218627929688 452.154541015625
707.8521728515625 255.0719451904297 808.6351318359375 255.0719451904297 808.6351318359375 453.49586486816406 707.8521728515625 453.49586486816406
710.7283325195312 257.01727294921875 810.3941802978516 257.01727294921875 810.3941802978516 455.1110076904297 710.7283325195312 455.1110076904297
710.67578125 258.7525634765625 809.9753570556641 258.7525634765625 809.9753570556641 452.97320556640625 710.67578125 452.97320556640625
712.4296264648438 258.73480224609375 810.2128067016602 258.73480224609375 810.2128067016602 452.3530578613281 712.4296264648438 452.3530578613281
713.1349487304688 257.99078369140625 810.4568023681641 257.99078369140625 810.4568023681641 453.4119567871094 713.1349487304688 453.4119567871094
713.1329345703125 257.5391540527344 810.1784515380859 257.5391540527344 810.1784515380859 449.4618225097656 713.1329345703125 449.4618225097656
714.05859375 258.9507141113281 810.2486419677734 258.9507141113281 810.2486419677734 452.580810546875 714.05859375 452.580810546875
715.0723876953125 258.9245300292969 811.6314926147461 258.9245300292969 811.6314926147461 452.1607666015625 715.0723876953125 452.1607666015625
718.2081298828125 259.3662109375 814.7057113647461 259.3662109375 814.7057113647461 454.9693603515625 718.2081298828125 454.9693603515625
718.0112915039062 260.823974609375 815.3020782470703 260.823974609375 815.3020782470703 453.4714660644531 718.0112915039062 453.4714660644531
716.5872192382812 259.36309814453125 815.1820297241211 259.36309814453125 815.1820297241211 452.6496887207031 716.5872192382812 452.6496887207031
715.4447631835938 254.995849609375 817.4534454345703 254.995849609375 817.4534454345703 455.25489807128906 715.4447631835938 455.25489807128906
711.4598999023438 256.08160400390625 813.6815338134766 256.08160400390625 813.6815338134766 455.301025390625 711.4598999023438 455.301025390625
711.8873901367188 252.58169555664062 813.7900772094727 252.58169555664062 813.7900772094727 451.4774475097656 711.8873901367188 451.4774475097656
711.3956298828125 257.02606201171875 811.5160522460938 257.02606201171875 811.5160522460938 452.79820251464844 711.3956298828125 452.79820251464844
709.518798828125 255.7244415283203 810.1214141845703 255.7244415283203 810.1214141845703 450.4093322753906 709.518798828125 450.4093322753906
707.7092895507812 257.4600830078125 807.3535537719727 257.4600830078125 807.3535537719727 450.2903747558594 707.7092895507812 450.2903747558594
705.1344604492188 253.74111938476562 805.0379180908203 253.74111938476562 805.0379180908203 447.07298278808594 705.1344604492188 447.07298278808594
703.2191162109375 255.5731201171875 803.3704071044922 255.5731201171875 803.3704071044922 450.6648406982422 703.2191162109375 450.6648406982422
699.5658569335938 255.65512084960938 801.8614807128906 255.65512084960938 801.8614807128906 453.61627197265625 699.5658569335938 453.61627197265625
698.5289306640625 257.83868408203125 800.670166015625 257.83868408203125 800.670166015625 458.1143035888672 698.5289306640625 458.1143035888672
693.4203491210938 254.9521942138672 796.1282577514648 254.9521942138672 796.1282577514648 455.10633850097656 693.4203491210938 455.10633850097656
690.71240234375 255.9968719482422 794.0883636474609 255.9968719482422 794.0883636474609 456.0487060546875 690.71240234375 456.0487060546875
686.6694946289062 258.8948059082031 791.5245819091797 258.8948059082031 791.5245819091797 461.7213592529297 686.6694946289062 461.7213592529297
685.3902587890625 256.4252014160156 788.8296890258789 256.4252014160156 788.8296890258789 462.01573181152344 685.3902587890625 462.01573181152344
682.0548095703125 255.1993865966797 787.1084442138672 255.1993865966797 787.1084442138672 462.9964141845703 682.0548095703125 462.9964141845703
676.7490234375 256.3475646972656 782.6823120117188 256.3475646972656 782.6823120117188 462.10081481933594 676.7490234375 462.10081481933594
678.9751586914062 256.2223815917969 785.0109252929688 256.2223815917969 785.0109252929688 462.1719970703125 678.9751586914062 462.1719970703125
673.9254150390625 256.666748046875 779.4716567993164 256.666748046875 779.4716567993164 463.9026336669922 673.9254150390625 463.9026336669922
672.2847900390625 256.7166748046875 777.1496963500977 256.7166748046875 777.1496963500977 463.6153106689453 672.2847900390625 463.6153106689453
670.0281982421875 255.172607421875 773.3478012084961 255.172607421875 773.3478012084961 462.6656799316406 670.0281982421875 462.6656799316406
667.7645263671875 255.80087280273438 770.8783340454102 255.80087280273438 770.8783340454102 462.87994384765625 667.7645263671875 462.87994384765625
663.8624877929688 252.265380859375 767.9944458007812 252.265380859375 767.9944458007812 460.7162628173828 663.8624877929688 460.7162628173828
663.5115356445312 254.4276123046875 766.0111312866211 254.4276123046875 766.0111312866211 461.6478271484375 663.5115356445312 461.6478271484375
661.2130126953125 254.5185089111328 764.7909393310547 254.5185089111328 764.7909393310547 463.46006774902344 661.2130126953125 463.46006774902344
658.518798828125 254.0645294189453 762.4282455444336 254.0645294189453 762.4282455444336 464.9833984375 658.518798828125 464.9833984375
654.718994140625 258.14764404296875 758.0874252319336 258.14764404296875 758.0874252319336 464.2001037597656 654.718994140625 464.2001037597656
651.0587158203125 256.5981140136719 756.5274276733398 256.5981140136719 756.5274276733398 464.5032958984375 651.0587158203125 464.5032958984375
648.8616333007812 259.13226318359375 752.5316925048828 259.13226318359375 752.5316925048828 464.47877502441406 648.8616333007812 464.47877502441406
646.1842651367188 256.85906982421875 749.4684600830078 256.85906982421875 749.4684600830078 464.03187561035156 646.1842651367188 464.03187561035156
641.7252807617188 255.8939666748047 743.7236938476562 255.8939666748047 743.7236938476562 463.2101745605469 641.7252807617188 463.2101745605469
638.4808349609375 254.6270751953125 741.3274383544922 254.6270751953125 741.3274383544922 461.1794738769531 638.4808349609375 461.1794738769531
634.8571166992188 257.3041687011719 739.4810333251953 257.3041687011719 739.4810333251953 464.5880126953125 634.8571166992188 464.5880126953125
629.811279296875 253.36367797851562 735.0630950927734 253.36367797851562 735.0630950927734 464.95103454589844 629.811279296875 464.95103454589844
626.0045166015625 254.0458984375 731.6317901611328 254.0458984375 731.6317901611328 466.861083984375 626.0045166015625 466.861083984375
621.7529907226562 257.0826721191406 728.8562393188477 257.0826721191406 728.8562393188477 467.1601867675781 621.7529907226562 467.1601867675781
618.0348510742188 252.72207641601562 725.4257049560547 252.72207641601562 725.4257049560547 462.9400177001953 618.0348510742188 462.9400177001953
613.3193359375 251.4118194580078 720.7356185913086 251.4118194580078 720.7356185913086 460.7760314941406 613.3193359375 460.7760314941406
608.2381591796875 251.52743530273438 716.2412261962891 251.52743530273438 716.2412261962891 462.8345642089844 608.2381591796875 462.8345642089844
605.6361083984375 254.66311645507812 712.5691757202148 254.66311645507812 712.5691757202148 466.9027099609375 605.6361083984375 466.9027099609375
599.1759643554688 250.59017944335938 706.2659759521484 250.59017944335938 706.2659759521484 464.0738525390625 599.1759643554688 464.0738525390625
595.2870483398438 253.99057006835938 701.9466400146484 253.99057006835938 701.9466400146484 464.1653289794922 595.2870483398438 464.1653289794922
592.7404174804688 256.51165771484375 700.3417129516602 256.51165771484375 700.3417129516602 468.58680725097656 592.7404174804688 468.58680725097656
585.1149291992188 252.31558227539062 692.8623428344727 252.31558227539062 692.8623428344727 466.03367614746094 585.1149291992188 466.03367614746094
579.5525512695312 249.5431365966797 689.2716522216797 249.5431365966797 689.2716522216797 467.48439025878906 579.5525512695312 467.48439025878906
568.9190063476562 246.9066619873047 680.0408782958984 246.9066619873047 680.0408782958984 467.2294158935547 568.9190063476562 467.2294158935547
568.0474243164062 249.05068969726562 677.4332046508789 249.05068969726562 677.4332046508789 469.2208557128906 568.0474243164062 469.2208557128906
561.7020874023438 248.22256469726562 672.3255386352539 248.22256469726562 672.3255386352539 468.9947814941406 561.7020874023438 468.9947814941406
558.9987182617188 246.1776580810547 667.8926239013672 246.1776580810547 667.8926239013672 468.9004821777344 558.9987182617188 468.9004821777344
554.6820678710938 246.89736938476562 660.4102401733398 246.89736938476562 660.4102401733398 469.7359924316406 554.6820678710938 469.7359924316406
551.8286743164062 246.5585479736328 657.4345550537109 246.5585479736328 657.4345550537109 472.29905700683594 551.8286743164062 472.29905700683594
548.741455078125 247.6593780517578 651.7933349609375 247.6593780517578 651.7933349609375 467.5693359375 548.741455078125 467.5693359375
547.4911499023438 246.6537322998047 650.2337646484375 246.6537322998047 650.2337646484375 466.6713104248047 547.4911499023438 466.6713104248047
542.0318603515625 252.15127563476562 643.1700668334961 252.15127563476562 643.1700668334961 465.83428955078125 542.0318603515625 465.83428955078125
539.4124755859375 253.1356964111328 640.7662353515625 253.1356964111328 640.7662353515625 467.02952575683594 539.4124755859375 467.02952575683594
541.4529418945312 254.04214477539062 639.3460540771484 254.04214477539062 639.3460540771484 465.34814453125 541.4529418945312 465.34814453125
540.71826171875 254.5525665283203 639.5493316650391 254.5525665283203 639.5493316650391 468.5369873046875 540.71826171875 468.5369873046875
532.2215576171875 255.5052032470703 635.2063827514648 255.5052032470703 635.2063827514648 467.8426971435547 532.2215576171875 467.8426971435547
528.2093505859375 254.50808715820312 634.9753189086914 254.50808715820312 634.9753189086914 472.28733825683594 528.2093505859375 472.28733825683594
526.021240234375 251.53268432617188 635.6224822998047 251.53268432617188 635.6224822998047 465.72547912597656 526.021240234375 465.72547912597656
528.2033081054688 255.7426300048828 637.1184234619141 255.7426300048828 637.1184234619141 466.5137481689453 528.2033081054688 466.5137481689453
520.35205078125 250.76882934570312 630.4005889892578 250.76882934570312 630.4005889892578 463.73333740234375 520.35205078125 463.73333740234375
517.0198974609375 254.7017364501953 628.4761505126953 254.7017364501953 628.4761505126953 470.3904266357422 517.0198974609375 470.3904266357422
515.9820556640625 252.4128875732422 627.6901626586914 252.4128875732422 627.6901626586914 468.5889587402344 515.9820556640625 468.5889587402344
515.5306396484375 253.7455596923828 629.0489044189453 253.7455596923828 629.0489044189453 473.4246063232422 515.5306396484375 473.4246063232422
513.9959106445312 254.1873016357422 626.1690444946289 254.1873016357422 626.1690444946289 471.2632751464844 513.9959106445312 471.2632751464844
511.598388671875 252.5546417236328 625.1505889892578 252.5546417236328 625.1505889892578 472.2993621826172 511.598388671875 472.2993621826172
509.11322021484375 250.98007202148438 623.0661239624023 250.98007202148438 623.0661239624023 471.500244140625 509.11322021484375 471.500244140625
507.41192626953125 247.52139282226562 620.7564849853516 247.52139282226562 620.7564849853516 466.86431884765625 507.41192626953125 466.86431884765625
504.742919921875 253.8459930419922 618.6108016967773 253.8459930419922 618.6108016967773 474.20166015625 504.742919921875 474.20166015625
505.56829833984375 250.0233917236328 620.8923492431641 250.0233917236328 620.8923492431641 472.4781494140625 505.56829833984375 472.4781494140625
504.11285400390625 249.47317504882812 619.9572525024414 249.47317504882812 619.9572525024414 473.1694641113281 504.11285400390625 473.1694641113281
505.5730895996094 252.0026397705078 622.4246063232422 252.0026397705078 622.4246063232422 476.9496612548828 505.5730895996094 476.9496612548828
505.9537048339844 248.89511108398438 620.7828063964844 248.89511108398438 620.7828063964844 474.8996276855469 505.9537048339844 474.8996276855469
504.76019287109375 248.52261352539062 619.0164566040039 248.52261352539062 619.0164566040039 472.66441345214844 504.76019287109375 472.66441345214844
503.1365661621094 248.66903686523438 617.5321350097656 248.66903686523438 617.5321350097656 473.9236297607422 503.1365661621094 473.9236297607422
505.3887634277344 250.3608856201172 619.7410430908203 250.3608856201172 619.7410430908203 474.5179138183594 505.3887634277344 474.5179138183594
505.87774658203125 250.4974365234375 619.6625137329102 250.4974365234375 619.6625137329102 473.8462677001953 505.87774658203125 473.8462677001953
505.79180908203125 247.7641143798828 619.3866577148438 247.7641143798828 619.3866577148438 472.9911346435547 505.79180908203125 472.9911346435547
505.36492919921875 248.97525024414062 620.3144683837891 248.97525024414062 620.3144683837891 473.19309997558594 505.36492919921875 473.19309997558594
503.99456787109375 250.7279510498047 618.5314712524414 250.7279510498047 618.5314712524414 475.6854248046875 503.99456787109375 475.6854248046875
501.943359375 251.23263549804688 616.8159561157227 251.23263549804688 616.8159561157227 474.62965393066406 501.943359375 474.62965393066406
502.28582763671875 248.88150024414062 616.8439178466797 248.88150024414062 616.8439178466797 470.5728302001953 502.28582763671875 470.5728302001953
503.93255615234375 251.4503173828125 617.1768646240234 251.4503173828125 617.1768646240234 470.2001953125 503.93255615234375 470.2001953125
504.3976135253906 249.9958953857422 615.9378967285156 249.9958953857422 615.9378967285156 465.84718322753906 504.3976135253906 465.84718322753906
508.468994140625 251.77078247070312 619.5470962524414 251.77078247070312 619.5470962524414 466.7276611328125 508.468994140625 466.7276611328125
509.10968017578125 253.06979370117188 619.7550201416016 253.06979370117188 619.7550201416016 467.189208984375 509.10968017578125 467.189208984375
507.46453857421875 252.89889526367188 618.4292755126953 252.89889526367188 618.4292755126953 467.6363983154297 507.46453857421875 467.6363983154297
507.85052490234375 251.3916015625 620.0924072265625 251.3916015625 620.0924072265625 468.3687286376953 507.85052490234375 468.3687286376953
510.04437255859375 250.03427124023438 620.0733032226562 250.03427124023438 620.0733032226562 465.4700927734375 510.04437255859375 465.4700927734375
508.59796142578125 250.1134033203125 619.2315902709961 250.1134033203125 619.2315902709961 466.7999572753906 508.59796142578125 466.7999572753906
506.577392578125 251.33364868164062 617.6627578735352 251.33364868164062 617.6627578735352 469.8712921142578 506.577392578125 469.8712921142578
508.441162109375 248.73464965820312 618.940673828125 248.73464965820312 618.940673828125 464.93499755859375 508.441162109375 464.93499755859375
511.92498779296875 251.66592407226562 624.3960571289062 251.66592407226562 624.3960571289062 472.3489532470703 511.92498779296875 472.3489532470703
513.714599609375 247.1331024169922 626.1612701416016 247.1331024169922 626.1612701416016 469.4710235595703 513.714599609375 469.4710235595703
511.18487548828125 252.78244018554688 623.9668579101562 252.78244018554688 623.9668579101562 471.3724365234375 511.18487548828125 471.3724365234375
510.42041015625 252.72915649414062 621.2835845947266 252.72915649414062 621.2835845947266 477.0216064453125 510.42041015625 477.0216064453125
508.238525390625 251.9540252685547 620.4701385498047 251.9540252685547 620.4701385498047 476.7281188964844 508.238525390625 476.7281188964844
503.131103515625 251.25363159179688 618.4085464477539 251.25363159179688 618.4085464477539 474.9500732421875 503.131103515625 474.9500732421875
502.39697265625 253.1665496826172 617.8866958618164 253.1665496826172 617.8866958618164 475.7397003173828 502.39697265625 475.7397003173828
506.5322265625 251.86038208007812 621.1449203491211 251.86038208007812 621.1449203491211 473.0336456298828 506.5322265625 473.0336456298828
503.838623046875 253.88479614257812 618.79248046875 253.88479614257812 618.79248046875 475.30723571777344 503.838623046875 475.30723571777344
504.1260681152344 255.34323120117188 621.316764831543 255.34323120117188 621.316764831543 477.2490234375 504.1260681152344 477.2490234375
495.733154296875 253.5828094482422 611.3650970458984 253.5828094482422 611.3650970458984 471.9698181152344 495.733154296875 471.9698181152344
500.68408203125 257.5296325683594 614.2422714233398 257.5296325683594 614.2422714233398 475.3179931640625 500.68408203125 475.3179931640625
494.422607421875 255.7039031982422 609.3551254272461 255.7039031982422 609.3551254272461 474.5835418701172 494.422607421875 474.5835418701172
486.37298583984375 254.6862030029297 600.1207733154297 254.6862030029297 600.1207733154297 474.8094024658203 486.37298583984375 474.8094024658203
477.0907287597656 257.37310791015625 592.7717361450195 257.37310791015625 592.7717361450195 481.23744201660156 477.0907287597656 481.23744201660156
473.5009765625 258.47869873046875 588.8203277587891 258.47869873046875 588.8203277587891 480.1938171386719 473.5009765625 480.1938171386719
473.98919677734375 254.81503295898438 588.4258651733398 254.81503295898438 588.4258651733398 476.2713317871094 473.98919677734375 476.2713317871094
472.47149658203125 251.2058868408203 584.6141738891602 251.2058868408203 584.6141738891602 468.222900390625 472.47149658203125 468.222900390625
469.0225524902344 252.6383819580078 579.7818298339844 252.6383819580078 579.7818298339844 466.978271484375 469.0225524902344 466.978271484375
466.86553955078125 254.33328247070312 576.8423233032227 254.33328247070312 576.8423233032227 467.1588897705078 466.86553955078125 467.1588897705078
469.99176025390625 258.89654541015625 579.8786239624023 258.89654541015625 579.8786239624023 471.54815673828125 469.99176025390625 471.54815673828125
471.38714599609375 261.76715087890625 581.4537124633789 261.76715087890625 581.4537124633789 474.76649475097656 471.38714599609375 474.76649475097656
435.34222412109375 254.9603729248047 547.3575439453125 254.9603729248047 547.3575439453125 471.7309265136719 435.34222412109375 471.7309265136719
428.38134765625 245.76150512695312 541.0464935302734 245.76150512695312 541.0464935302734 463.7895812988281 428.38134765625 463.7895812988281
427.7389221191406 247.9602508544922 541.7223434448242 247.9602508544922 541.7223434448242 468.53944396972656 427.7389221191406 468.53944396972656
433.0999450683594 253.702880859375 545.6285095214844 253.702880859375 545.6285095214844 471.4666442871094 433.0999450683594 471.4666442871094
428.80279541015625 255.60061645507812 542.2227172851562 255.60061645507812 542.2227172851562 475.0893096923828 428.80279541015625 475.0893096923828
427.1976013183594 255.0296630859375 539.6154632568359 255.0296630859375 539.6154632568359 472.5791473388672 427.1976013183594 472.5791473388672
427.0201721191406 255.1110382080078 539.7169342041016 255.1110382080078 539.7169342041016 469.2218475341797 427.0201721191406 469.2218475341797
425.78375244140625 257.4834899902344 539.6942520141602 257.4834899902344 539.6942520141602 471.56005859375 425.78375244140625 471.56005859375
424.349609375 255.6962127685547 538.7227554321289 255.6962127685547 538.7227554321289 471.9711608886719 424.349609375 471.9711608886719
424.8045959472656 258.32080078125 538.5460357666016 258.32080078125 538.5460357666016 472.6268310546875 424.8045959472656 472.6268310546875
424.72467041015625 256.22955322265625 536.8017730712891 256.22955322265625 536.8017730712891 473.1565246582031 424.72467041015625 473.1565246582031
421.58453369140625 255.12130737304688 533.2760238647461 255.12130737304688 533.2760238647461 471.9051971435547 421.58453369140625 471.9051971435547
417.37152099609375 259.20928955078125 529.4123916625977 259.20928955078125 529.4123916625977 471.67503356933594 417.37152099609375 471.67503356933594
416.84613037109375 262.32049560546875 523.9363861083984 262.32049560546875 523.9363861083984 469.83673095703125 416.84613037109375 469.83673095703125
413.87237548828125 262.8304443359375 520.7896347045898 262.8304443359375 520.7896347045898 470.9534912109375 413.87237548828125 470.9534912109375
412.8020935058594 262.9048767089844 518.7234420776367 262.9048767089844 518.7234420776367 470.2247009277344 412.8020935058594 470.2247009277344
409.56231689453125 265.4314270019531 514.6297760009766 265.4314270019531 514.6297760009766 469.24517822265625 409.56231689453125 469.24517822265625
408.104248046875 264.96563720703125 514.1553497314453 264.96563720703125 514.1553497314453 471.2169494628906 408.104248046875 471.2169494628906
401.7872009277344 261.58331298828125 508.7498321533203 261.58331298828125 508.7498321533203 468.75804138183594 401.7872009277344 468.75804138183594
401.0535888671875 264.75482177734375 508.46923828125 264.75482177734375 508.46923828125 473.2403259277344 401.0535888671875 473.2403259277344
398.9817810058594 260.01727294921875 506.0414352416992 260.01727294921875 506.0414352416992 471.34950256347656 398.9817810058594 471.34950256347656
395.926513671875 256.9371643066406 503.0231704711914 256.9371643066406 503.0231704711914 465.12811279296875 395.926513671875 465.12811279296875
394.3891906738281 262.0956115722656 501.2952423095703 262.0956115722656 501.2952423095703 469.1465148925781 394.3891906738281 469.1465148925781
392.1319274902344 256.5967712402344 498.41712951660156 256.5967712402344 498.41712951660156 462.2784118652344 392.1319274902344 462.2784118652344
392.22833251953125 262.6097106933594 496.67234802246094 262.6097106933594 496.67234802246094 467.58448791503906 392.22833251953125 467.58448791503906
389.9269104003906 261.9286804199219 493.1697540283203 261.9286804199219 493.1697540283203 466.4651794433594 389.9269104003906 466.4651794433594
390.29681396484375 261.2850036621094 492.36183166503906 261.2850036621094 492.36183166503906 460.8158874511719 390.29681396484375 460.8158874511719
391.1424255371094 260.7900390625 493.2019500732422 260.7900390625 493.2019500732422 460.20770263671875 391.1424255371094 460.20770263671875
389.26470947265625 261.90887451171875 490.6791763305664 261.90887451171875 490.6791763305664 461.19493103027344 389.26470947265625 461.19493103027344
388.50347900390625 263.67816162109375 489.94112396240234 263.67816162109375 489.94112396240234 462.74195861816406 388.50347900390625 462.74195861816406
385.08642578125 262.9556579589844 485.23690032958984 262.9556579589844 485.23690032958984 459.62220764160156 385.08642578125 459.62220764160156
385.8399353027344 266.51617431640625 485.26892852783203 266.51617431640625 485.26892852783203 462.96185302734375 385.8399353027344 462.96185302734375
385.4062194824219 264.68109130859375 483.79376220703125 264.68109130859375 483.79376220703125 456.42388916015625 385.4062194824219 456.42388916015625
385.100341796875 266.76690673828125 482.7335433959961 266.76690673828125 482.7335433959961 459.5260314941406 385.100341796875 459.5260314941406
385.14105224609375 266.36981201171875 482.6499938964844 266.36981201171875 482.6499938964844 457.29266357421875 385.14105224609375 457.29266357421875
383.86370849609375 267.8742980957031 480.0726776123047 267.8742980957031 480.0726776123047 462.9457244873047 383.86370849609375 462.9457244873047
382.799072265625 267.1286926269531 478.2053756713867 267.1286926269531 478.2053756713867 460.8281707763672 382.799072265625 460.8281707763672
382.35162353515625 267.7254943847656 477.3930206298828 267.7254943847656 477.3930206298828 455.1656494140625 382.35162353515625 455.1656494140625
382.2054138183594 264.76080322265625 478.1938247680664 264.76080322265625 478.1938247680664 450.5162658691406 382.2054138183594 450.5162658691406
381.57940673828125 266.78485107421875 477.93334197998047 266.78485107421875 477.93334197998047 453.24766540527344 381.57940673828125 453.24766540527344
378.0568542480469 266.7718200683594 474.23681640625 266.7718200683594 474.23681640625 452.89794921875 378.0568542480469 452.89794921875
380.00042724609375 268.17828369140625 476.1760940551758 268.17828369140625 476.1760940551758 454.29608154296875 380.00042724609375 454.29608154296875
381.38372802734375 265.72186279296875 476.8858337402344 265.72186279296875 476.8858337402344 450.5362091064453 381.38372802734375 450.5362091064453
377.60296630859375 265.9705505371094 474.3524627685547 265.9705505371094 474.3524627685547 453.1988220214844 377.60296630859375 453.1988220214844
378.95965576171875 263.9963073730469 478.6833801269531 263.9963073730469 478.6833801269531 456.9802703857422 378.95965576171875 456.9802703857422
375.17877197265625 264.4390869140625 477.0143280029297 264.4390869140625 477.0143280029297 461.5098419189453 375.17877197265625 461.5098419189453
372.9698791503906 264.6175231933594 476.2751007080078 264.6175231933594 476.2751007080078 464.53236389160156 372.9698791503906 464.53236389160156
370.7693176269531 264.2340393066406 475.9586486816406 264.2340393066406 475.9586486816406 467.79498291015625 370.7693176269531 467.79498291015625
368.32342529296875 266.54827880859375 472.97705078125 266.54827880859375 472.97705078125 469.0725402832031 368.32342529296875 469.0725402832031
365.3629150390625 261.63812255859375 470.88987731933594 261.63812255859375 470.88987731933594 465.8524475097656 365.3629150390625 465.8524475097656
362.0182189941406 266.2030334472656 467.8398132324219 266.2030334472656 467.8398132324219 470.9875183105469 362.0182189941406 470.9875183105469
358.8983459472656 262.6419677734375 464.89929962158203 262.6419677734375 464.89929962158203 467.7735290527344 358.8983459472656 467.7735290527344
358.41290283203125 266.4400329589844 464.74822998046875 266.4400329589844 464.74822998046875 472.2186737060547 358.41290283203125 472.2186737060547
354.9267578125 266.3831481933594 461.4076156616211 266.3831481933594 461.4076156616211 472.4434509277344 354.9267578125 472.4434509277344
352.6398620605469 267.3158874511719 461.0052795410156 267.3158874511719 461.0052795410156 470.87037658691406 352.6398620605469 470.87037658691406
349.32696533203125 267.43023681640625 454.1304931640625 267.43023681640625 454.1304931640625 469.30841064453125 349.32696533203125 469.30841064453125
350.70947265625 266.3874206542969 454.7398223876953 266.3874206542969 454.7398223876953 467.51837158203125 350.70947265625 467.51837158203125
350.2069396972656 268.4097595214844 454.5796203613281 268.4097595214844 454.5796203613281 469.36846923828125 350.2069396972656 469.36846923828125
347.671875 266.79779052734375 450.7391128540039 266.79779052734375 450.7391128540039 466.43629455566406 347.671875 466.43629455566406
345.2484436035156 264.97412109375 448.1660919189453 264.97412109375 448.1660919189453 465.9021759033203 345.2484436035156 465.9021759033203
347.1692199707031 268.2117614746094 449.9310989379883 268.2117614746094 449.9310989379883 469.1289978027344 347.1692199707031 469.1289978027344
348.27178955078125 268.0608825683594 452.27982330322266 268.0608825683594 452.27982330322266 470.79417419433594 348.27178955078125 470.79417419433594
346.5142517089844 265.77777099609375 453.57005310058594 265.77777099609375 453.57005310058594 471.89002990722656 346.5142517089844 471.89002990722656
346.81976318359375 267.07476806640625 452.88818359375 267.07476806640625 452.88818359375 472.3368835449219 346.81976318359375 472.3368835449219
346.6961364746094 264.9043884277344 452.7377166748047 264.9043884277344 452.7377166748047 470.1145477294922 346.6961364746094 470.1145477294922
346.1083068847656 266.14410400390625 451.35608673095703 266.14410400390625 451.35608673095703 469.81809997558594 346.1083068847656 469.81809997558594
350.3487854003906 265.7027587890625 455.09497833251953 265.7027587890625 455.09497833251953 468.4060974121094 350.3487854003906 468.4060974121094
348.3265380859375 261.049072265625 451.81900787353516 261.049072265625 451.81900787353516 460.2624969482422 348.3265380859375 460.2624969482422
349.87408447265625 263.4091491699219 452.53067779541016 263.4091491699219 452.53067779541016 462.06871032714844 349.87408447265625 462.06871032714844
351.6674499511719 259.5741271972656 455.30272674560547 259.5741271972656 455.30272674560547 460.12762451171875 351.6674499511719 460.12762451171875
351.3626403808594 265.36932373046875 454.10108947753906 265.36932373046875 454.10108947753906 462.77110290527344 351.3626403808594 462.77110290527344
350.14691162109375 257.7412414550781 452.97286224365234 257.7412414550781 452.97286224365234 456.7285461425781 350.14691162109375 456.7285461425781
352.398681640625 265.45037841796875 453.68421936035156 265.45037841796875 453.68421936035156 461.4566955566406 352.398681640625 461.4566955566406
354.5436706542969 263.8982238769531 456.63330841064453 263.8982238769531 456.63330841064453 461.46063232421875 354.5436706542969 461.46063232421875
356.2890625 260.9186096191406 458.7312774658203 260.9186096191406 458.7312774658203 459.163330078125 356.2890625 459.163330078125
356.06903076171875 264.2872619628906 461.85169982910156 264.2872619628906 461.85169982910156 468.9963836669922 356.06903076171875 468.9963836669922
359.34429931640625 263.7825622558594 466.86376953125 263.7825622558594 466.86376953125 471.85272216796875 359.34429931640625 471.85272216796875
367.685791015625 263.2462463378906 475.53646087646484 263.2462463378906 475.53646087646484 471.95733642578125 367.685791015625 471.95733642578125
372.2976379394531 258.4317321777344 480.22853088378906 258.4317321777344 480.22853088378906 467.2980651855469 372.2976379394531 467.2980651855469
379.0035705566406 253.7969970703125 488.1950378417969 253.7969970703125 488.1950378417969 465.102783203125 379.0035705566406 465.102783203125
377.9237060546875 257.15838623046875 487.5793228149414 257.15838623046875 487.5793228149414 469.36236572265625 377.9237060546875 469.36236572265625
380.26544189453125 258.6626892089844 490.18035888671875 258.6626892089844 490.18035888671875 471.36846923828125 380.26544189453125 471.36846923828125
381.62847900390625 258.02362060546875 491.07037353515625 258.02362060546875 491.07037353515625 469.8139953613281 381.62847900390625 469.8139953613281
382.5367431640625 255.5996551513672 493.56414794921875 255.5996551513672 493.56414794921875 469.80470275878906 382.5367431640625 469.80470275878906
388.65362548828125 255.625 497.966796875 255.625 497.966796875 467.166259765625 388.65362548828125 467.166259765625
386.1527404785156 258.62066650390625 498.27404022216797 258.62066650390625 498.27404022216797 471.9144592285156 386.1527404785156 471.9144592285156
390.6789245605469 253.1758575439453 501.4103317260742 253.1758575439453 501.4103317260742 467.461669921875 390.6789245605469 467.461669921875
389.74041748046875 255.1515655517578 500.3517303466797 255.1515655517578 500.3517303466797 469.1125946044922 389.74041748046875 469.1125946044922
395.0130615234375 258.8660888671875 504.63653564453125 258.8660888671875 504.63653564453125 469.9812469482422 395.0130615234375 469.9812469482422
396.5670471191406 252.71102905273438 506.16063690185547 252.71102905273438 506.16063690185547 464.7949676513672 396.5670471191406 464.7949676513672
396.1092224121094 259.225341796875 504.5766143798828 259.225341796875 504.5766143798828 470.7176055908203 396.1092224121094 470.7176055908203
403.4111328125 259.5630798339844 508.0046157836914 259.5630798339844 508.0046157836914 470.54823303222656 403.4111328125 470.54823303222656
404.24810791015625 260.495361328125 510.75081634521484 260.495361328125 510.75081634521484 468.0315246582031 404.24810791015625 468.0315246582031
408.3440856933594 261.7024230957031 511.11888122558594 261.7024230957031 511.11888122558594 471.44761657714844 408.3440856933594 471.44761657714844
413.85205078125 261.02447509765625 514.202995300293 261.02447509765625 514.202995300293 471.78749084472656 413.85205078125 471.78749084472656
418.7154235839844 261.9075622558594 519.2990264892578 261.9075622558594 519.2990264892578 472.5900573730469 418.7154235839844 472.5900573730469
420.50811767578125 263.3268127441406 520.904052734375 263.3268127441406 520.904052734375 466.99974060058594 420.50811767578125 466.99974060058594
421.1273498535156 263.67620849609375 519.9760131835938 263.67620849609375 519.9760131835938 465.99913024902344 421.1273498535156 465.99913024902344
426.48095703125 260.29571533203125 523.6562347412109 260.29571533203125 523.6562347412109 467.77989196777344 426.48095703125 467.77989196777344
431.2216796875 261.2481994628906 526.0570373535156 261.2481994628906 526.0570373535156 468.4833526611328 431.2216796875 468.4833526611328
431.60205078125 260.647216796875 526.4507064819336 260.647216796875 526.4507064819336 468.3259735107422 431.60205078125 468.3259735107422
437.4012756347656 260.4332580566406 530.2738723754883 260.4332580566406 530.2738723754883 468.0700225830078 437.4012756347656 468.0700225830078
439.2015686035156 259.4837951660156 531.5439300537109 259.4837951660156 531.5439300537109 466.10435485839844 439.2015686035156 466.10435485839844
443.18560791015625 258.9518127441406 534.8431396484375 258.9518127441406 534.8431396484375 466.050048828125 443.18560791015625 466.050048828125
446.01165771484375 261.009765625 541.9511871337891 261.009765625 541.9511871337891 463.0498352050781 446.01165771484375 463.0498352050781
447.60870361328125 260.61419677734375 546.4032821655273 260.61419677734375 546.4032821655273 465.0514678955078 447.60870361328125 465.0514678955078
450.47637939453125 259.62396240234375 552.1234512329102 259.62396240234375 552.1234512329102 459.2347106933594 450.47637939453125 459.2347106933594
449.9359436035156 259.67999267578125 552.1995010375977 259.67999267578125 552.1995010375977 459.6184997558594 449.9359436035156 459.6184997558594
455.220703125 257.60198974609375 554.4940643310547 257.60198974609375 554.4940643310547 455.2379608154297 455.220703125 455.2379608154297
456.97808837890625 259.777587890625 556.3042449951172 259.777587890625 556.3042449951172 458.3036346435547 456.97808837890625 458.3036346435547
457.82952880859375 258.35723876953125 558.6075897216797 258.35723876953125 558.6075897216797 453.38148498535156 457.82952880859375 453.38148498535156
461.7330017089844 259.26409912109375 562.6564636230469 259.26409912109375 562.6564636230469 454.5697326660156 461.7330017089844 454.5697326660156
464.974609375 258.70843505859375 564.7948989868164 258.70843505859375 564.7948989868164 451.8792266845703 464.974609375 451.8792266845703
464.5279235839844 261.0425109863281 565.5655212402344 261.0425109863281 565.5655212402344 456.5690155029297 464.5279235839844 456.5690155029297
465.50042724609375 261.537353515625 567.8060989379883 261.537353515625 567.8060989379883 459.51780700683594 465.50042724609375 459.51780700683594
469.5294494628906 260.53936767578125 573.281852722168 260.53936767578125 573.281852722168 461.31951904296875 469.5294494628906 461.31951904296875
472.84466552734375 259.5862121582031 578.1074829101562 259.5862121582031 578.1074829101562 462.9482879638672 472.84466552734375 462.9482879638672
478.12530517578125 255.73580932617188 584.0386199951172 255.73580932617188 584.0386199951172 460.69775390625 478.12530517578125 460.69775390625
478.43768310546875 255.5635528564453 583.6349334716797 255.5635528564453 583.6349334716797 459.1398010253906 478.43768310546875 459.1398010253906
483.12969970703125 258.0123291015625 589.3861236572266 258.0123291015625 589.3861236572266 463.6382598876953 483.12969970703125 463.6382598876953
485.555908203125 259.30120849609375 593.9813842773438 259.30120849609375 593.9813842773438 469.12464904785156 485.555908203125 469.12464904785156
487.0810546875 254.86727905273438 595.986572265625 254.86727905273438 595.986572265625 464.1630554199219 487.0810546875 464.1630554199219
492.83551025390625 256.9356689453125 601.8109283447266 256.9356689453125 601.8109283447266 467.8233642578125 492.83551025390625 467.8233642578125
499.0340270996094 254.9303741455078 608.7543792724609 254.9303741455078 608.7543792724609 467.25962829589844 499.0340270996094 467.25962829589844
501.2945251464844 256.3955993652344 610.108528137207 256.3955993652344 610.108528137207 465.166259765625 501.2945251464844 465.166259765625
506.83123779296875 255.62454223632812 616.6089935302734 255.62454223632812 616.6089935302734 465.6826934814453 506.83123779296875 465.6826934814453
506.18341064453125 256.2310485839844 615.0536270141602 256.2310485839844 615.0536270141602 464.1705017089844 506.18341064453125 464.1705017089844
508.812255859375 253.52291870117188 619.4278564453125 253.52291870117188 619.4278564453125 464.3759460449219 508.812255859375 464.3759460449219
508.3907775878906 256.95428466796875 620.5623245239258 256.95428466796875 620.5623245239258 465.74403381347656 508.3907775878906 465.74403381347656
511.50885009765625 255.59823608398438 622.5909652709961 255.59823608398438 622.5909652709961 465.6861267089844 511.50885009765625 465.6861267089844
511.84466552734375 256.8634338378906 624.2266006469727 256.8634338378906 624.2266006469727 468.1920166015625 511.84466552734375 468.1920166015625
514.6608276367188 257.84210205078125 625.8490447998047 257.84210205078125 625.8490447998047 466.71900939941406 514.6608276367188 466.71900939941406
515.2567749023438 255.2106170654297 625.3676986694336 255.2106170654297 625.3676986694336 468.3898468017578 515.2567749023438 468.3898468017578
514.4195556640625 255.1262664794922 623.8068008422852 255.1262664794922 623.8068008422852 465.2211151123047 514.4195556640625 465.2211151123047
517.1828002929688 258.6961669921875 625.9153823852539 258.6961669921875 625.9153823852539 468.7706756591797 517.1828002929688 468.7706756591797
518.0855712890625 256.42523193359375 625.0633697509766 256.42523193359375 625.0633697509766 465.5916442871094 518.0855712890625 465.5916442871094
519.7620849609375 260.359375 625.6982192993164 260.359375 625.6982192993164 465.95361328125 519.7620849609375 465.95361328125
516.8349609375 257.385009765625 623.2711563110352 257.385009765625 623.2711563110352 463.9460144042969 516.8349609375 463.9460144042969
517.9019775390625 259.03240966796875 624.6691513061523 259.03240966796875 624.6691513061523 467.43316650390625 517.9019775390625 467.43316650390625
518.630859375 256.6902770996094 624.9780731201172 256.6902770996094 624.9780731201172 462.4918212890625 518.630859375 462.4918212890625
519.1454467773438 257.8042297363281 625.0476455688477 257.8042297363281 625.0476455688477 464.4787139892578 519.1454467773438 464.4787139892578
518.6300659179688 258.9586181640625 626.5489044189453 258.9586181640625 626.5489044189453 468.8432922363281 518.6300659179688 468.8432922363281
518.0050048828125 257.0980224609375 625.3122329711914 257.0980224609375 625.3122329711914 466.8512725830078 518.0050048828125 466.8512725830078
520.0757446289062 257.1827087402344 625.5897674560547 257.1827087402344 625.5897674560547 461.3718719482422 520.0757446289062 461.3718719482422
518.6866455078125 256.56787109375 623.4332427978516 256.56787109375 623.4332427978516 461.7270965576172 518.6866455078125 461.7270965576172
518.2476806640625 255.81558227539062 623.7871322631836 255.81558227539062 623.7871322631836 460.053955078125 518.2476806640625 460.053955078125
517.6427612304688 261.4165344238281 621.9715118408203 261.4165344238281 621.9715118408203 463.3119659423828 517.6427612304688 463.3119659423828
517.7062377929688 258.4141540527344 621.1239013671875 258.4141540527344 621.1239013671875 458.5464630126953 517.7062377929688 458.5464630126953
515.88916015625 258.715576171875 618.5292205810547 258.715576171875 618.5292205810547 457.3430938720703 515.88916015625 457.3430938720703
514.2577514648438 257.00616455078125 616.225456237793 257.00616455078125 616.225456237793 454.3325500488281 514.2577514648438 454.3325500488281
519.8743286132812 264.2236328125 619.4273529052734 264.2236328125 619.4273529052734 456.8771667480469 519.8743286132812 456.8771667480469
515.8548583984375 258.2340393066406 615.6400756835938 258.2340393066406 615.6400756835938 451.3369140625 515.8548583984375 451.3369140625
515.7734375 258.9300231933594 616.5917434692383 258.9300231933594 616.5917434692383 454.03211975097656 515.7734375 454.03211975097656
516.8865356445312 259.13653564453125 617.7495727539062 259.13653564453125 617.7495727539062 454.32518005371094 516.8865356445312 454.32518005371094
515.7788696289062 258.20941162109375 617.8128662109375 258.20941162109375 617.8128662109375 455.6640930175781 515.7788696289062 455.6640930175781
516.3807373046875 259.359130859375 618.4930267333984 259.359130859375 618.4930267333984 456.96533203125 516.3807373046875 456.96533203125
512.865478515625 256.27252197265625 617.2790985107422 256.27252197265625 617.2790985107422 458.3322448730469 512.865478515625 458.3322448730469
517.1525268554688 255.2145538330078 622.1857147216797 255.2145538330078 622.1857147216797 458.4732360839844 517.1525268554688 458.4732360839844
515.7583618164062 255.03207397460938 619.9789810180664 255.03207397460938 619.9789810180664 458.6040496826172 515.7583618164062 458.6040496826172
517.7686767578125 261.67999267578125 622.9380493164062 261.67999267578125 622.9380493164062 465.2022399902344 517.7686767578125 465.2022399902344
513.9348754882812 257.416748046875 618.8735733032227 257.416748046875 618.8735733032227 460.4925842285156 513.9348754882812 460.4925842285156
512.9287719726562 254.88290405273438 617.5875015258789 254.88290405273438 617.5875015258789 457.4169616699219 512.9287719726562 457.4169616699219
514.5349731445312 256.6851806640625 618.5424041748047 256.6851806640625 618.5424041748047 457.95887756347656 514.5349731445312 457.95887756347656
512.8391723632812 256.41912841796875 617.0035552978516 256.41912841796875 617.0035552978516 457.9965515136719 512.8391723632812 457.9965515136719
513.6007080078125 259.857421875 618.2443084716797 259.857421875 618.2443084716797 462.3622283935547 513.6007080078125 462.3622283935547
518.9260864257812 259.4605407714844 623.4365081787109 259.4605407714844 623.4365081787109 461.7076416015625 518.9260864257812 461.7076416015625
513.8778076171875 256.9339599609375 617.7573471069336 256.9339599609375 617.7573471069336 457.96018981933594 513.8778076171875 457.96018981933594
516.7283935546875 259.35699462890625 619.4133682250977 259.35699462890625 619.4133682250977 458.0715026855469 516.7283935546875 458.0715026855469
517.8768310546875 256.6850891113281 620.8687362670898 256.6850891113281 620.8687362670898 455.9935607910156 517.8768310546875 455.9935607910156
515.2410278320312 258.24945068359375 617.7324066162109 258.24945068359375 617.7324066162109 456.5893249511719 515.2410278320312 456.5893249511719
513.6567993164062 257.948974609375 616.3463516235352 257.948974609375 616.3463516235352 456.6723327636719 513.6567993164062 456.6723327636719
517.7008056640625 260.679443359375 619.7710952758789 260.679443359375 619.7710952758789 458.20440673828125 517.7008056640625 458.20440673828125
513.98046875 255.78689575195312 616.8734359741211 255.78689575195312 616.8734359741211 454.90386962890625 513.98046875 454.90386962890625
512.4578857421875 258.4151306152344 617.3120880126953 258.4151306152344 617.3120880126953 461.32745361328125 512.4578857421875 461.32745361328125
513.8919067382812 258.83941650390625 617.6237182617188 258.83941650390625 617.6237182617188 459.57969665527344 513.8919067382812 459.57969665527344
514.9935302734375 256.454345703125 618.9751968383789 256.454345703125 618.9751968383789 457.6781311035156 514.9935302734375 457.6781311035156
518.7716064453125 262.4471130371094 622.0906829833984 262.4471130371094 622.0906829833984 464.71925354003906 518.7716064453125 464.71925354003906
512.5697021484375 258.830322265625 616.5721435546875 258.830322265625 616.5721435546875 460.0943298339844 512.5697021484375 460.0943298339844
514.9025268554688 260.3499450683594 618.3834457397461 260.3499450683594 618.3834457397461 460.60472106933594 514.9025268554688 460.60472106933594
512.6641845703125 255.5648956298828 617.2248077392578 255.5648956298828 617.2248077392578 457.9091033935547 512.6641845703125 457.9091033935547
514.8151245117188 256.928955078125 619.1497955322266 256.928955078125 619.1497955322266 458.8359069824219 514.8151245117188 458.8359069824219
512.8900146484375 258.9955139160156 616.8083343505859 258.9955139160156 616.8083343505859 460.0967712402344 512.8900146484375 460.0967712402344
515.18994140625 256.6244201660156 620.2968978881836 256.6244201660156 620.2968978881836 460.0259246826172 515.18994140625 460.0259246826172
517.469482421875 259.2607727050781 621.4924774169922 259.2607727050781 621.4924774169922 460.5646057128906 517.469482421875 460.5646057128906
514.7688598632812 255.25039672851562 619.3391876220703 255.25039672851562 619.3391876220703 457.6134338378906 514.7688598632812 457.6134338378906
514.82568359375 256.243408203125 617.3262481689453 256.243408203125 617.3262481689453 454.60107421875 514.82568359375 454.60107421875
515.6931762695312 259.63238525390625 617.8191299438477 259.63238525390625 617.8191299438477 457.2651062011719 515.6931762695312 457.2651062011719
516.6926879882812 257.43902587890625 619.6583404541016 257.43902587890625 619.6583404541016 456.69671630859375 516.6926879882812 456.69671630859375
516.2632446289062 260.7083435058594 618.6925888061523 260.7083435058594 618.6925888061523 458.9281921386719 516.2632446289062 458.9281921386719
517.9835205078125 259.6532287597656 621.7598419189453 259.6532287597656 621.7598419189453 460.479736328125 517.9835205078125 460.479736328125
520.4952392578125 255.58309936523438 623.4720077514648 255.58309936523438 623.4720077514648 456.9278564453125 520.4952392578125 456.9278564453125
519.427490234375 255.89804077148438 624.3726043701172 255.89804077148438 624.3726043701172 458.9864044189453 519.427490234375 458.9864044189453
520.0374755859375 258.03448486328125 625.4199371337891 258.03448486328125 625.4199371337891 461.83209228515625 520.0374755859375 461.83209228515625
517.7708740234375 256.17694091796875 623.0799713134766 256.17694091796875 623.0799713134766 461.70692443847656 517.7708740234375 461.70692443847656
519.0059814453125 256.9763488769531 626.5096588134766 256.9763488769531 626.5096588134766 464.8999328613281 519.0059814453125 464.8999328613281
516.548828125 257.667236328125 624.4198150634766 257.667236328125 624.4198150634766 467.113037109375 516.548828125 467.113037109375
520.7440185546875 258.2621154785156 627.4793090820312 258.2621154785156 627.4793090820312 466.69712829589844 520.7440185546875 466.69712829589844
520.13037109375 258.2535400390625 627.9902954101562 258.2535400390625 627.9902954101562 466.9825439453125 520.13037109375 466.9825439453125
518.3291015625 260.58062744140625 625.8814697265625 260.58062744140625 625.8814697265625 468.7144470214844 518.3291015625 468.7144470214844
517.8197021484375 256.8625183105469 625.1784820556641 256.8625183105469 625.1784820556641 465.17730712890625 517.8197021484375 465.17730712890625
516.5130004882812 257.2685852050781 622.6158294677734 257.2685852050781 622.6158294677734 462.5973205566406 516.5130004882812 462.5973205566406
514.82568359375 260.5445251464844 620.47900390625 260.5445251464844 620.47900390625 465.00335693359375 514.82568359375 465.00335693359375
515.0740966796875 260.03167724609375 621.2936019897461 260.03167724609375 621.2936019897461 465.58616638183594 515.0740966796875 465.58616638183594
513.7083129882812 257.48394775390625 621.6145782470703 257.48394775390625 621.6145782470703 466.30262756347656 513.7083129882812 466.30262756347656
509.1539611816406 260.0611877441406 617.5745162963867 260.0611877441406 617.5745162963867 469.87510681152344 509.1539611816406 469.87510681152344
508.89111328125 261.9970397949219 616.7214965820312 261.9970397949219 616.7214965820312 470.6688690185547 508.89111328125 470.6688690185547
507.702392578125 260.204833984375 615.3426742553711 260.204833984375 615.3426742553711 468.5087890625 507.702392578125 468.5087890625
504.13702392578125 261.8730163574219 611.5558929443359 261.8730163574219 611.5558929443359 469.74847412109375 504.13702392578125 469.74847412109375
499.15643310546875 257.56439208984375 607.8805923461914 257.56439208984375 607.8805923461914 466.76934814453125 499.15643310546875 466.76934814453125
499.137939453125 258.9202880859375 606.90771484375 258.9202880859375 606.90771484375 466.7076873779297 499.137939453125 466.7076873779297
497.4249572753906 258.06036376953125 604.7674407958984 258.06036376953125 604.7674407958984 465.4100036621094 497.4249572753906 465.4100036621094
497.94122314453125 256.84149169921875 604.7721328735352 256.84149169921875 604.7721328735352 463.3412170410156 497.94122314453125 463.3412170410156
497.1693420410156 258.7233581542969 602.9211883544922 258.7233581542969 602.9211883544922 462.87635803222656 497.1693420410156 462.87635803222656
498.67108154296875 255.7364044189453 603.2011566162109 255.7364044189453 603.2011566162109 458.0215301513672 498.67108154296875 458.0215301513672
496.759521484375 262.13323974609375 601.0311889648438 262.13323974609375 601.0311889648438 463.95497131347656 496.759521484375 463.95497131347656
495.6730041503906 258.11700439453125 601.3776702880859 258.11700439453125 601.3776702880859 462.6751403808594 495.6730041503906 462.6751403808594
498.60968017578125 257.7657165527344 604.1719512939453 257.7657165527344 604.1719512939453 462.5018005371094 498.60968017578125 462.5018005371094
499.36669921875 259.8621826171875 603.2344207763672 259.8621826171875 603.2344207763672 462.52940368652344 499.36669921875 462.52940368652344
496.2259216308594 259.5662536621094 601.3870391845703 259.5662536621094 601.3870391845703 463.07249450683594 496.2259216308594 463.07249450683594
497.63104248046875 256.44573974609375 603.10009765625 256.44573974609375 603.10009765625 460.54791259765625 497.63104248046875 460.54791259765625
496.78985595703125 258.5904846191406 600.8272933959961 258.5904846191406 600.8272933959961 459.92222595214844 496.78985595703125 459.92222595214844
499.34478759765625 260.1194152832031 604.1329498291016 260.1194152832031 604.1329498291016 462.9039611816406 499.34478759765625 462.9039611816406
501.7091369628906 260.13482666015625 605.3144226074219 260.13482666015625 605.3144226074219 460.6302947998047 501.7091369628906 460.6302947998047
501.50555419921875 258.865234375 606.5661773681641 258.865234375 606.5661773681641 461.8760528564453 501.50555419921875 461.8760528564453
504.9435119628906 257.223876953125 610.6200866699219 257.223876953125 610.6200866699219 461.7276916503906 504.9435119628906 461.7276916503906
502.88165283203125 258.52471923828125 608.7187118530273 258.52471923828125 608.7187118530273 463.33912658691406 502.88165283203125 463.33912658691406
505.298095703125 261.4457092285156 611.5582656860352 261.4457092285156 611.5582656860352 467.07891845703125 505.298095703125 467.07891845703125
508.9996032714844 256.71575927734375 614.5026168823242 256.71575927734375 614.5026168823242 460.88372802734375 508.9996032714844 460.88372802734375
507.9969787597656 258.68646240234375 613.2439880371094 258.68646240234375 613.2439880371094 462.35902404785156 507.9969787597656 462.35902404785156
509.901611328125 255.8874053955078 614.2702178955078 255.8874053955078 614.2702178955078 457.860107421875 509.901611328125 457.860107421875
508.30908203125 259.2221374511719 612.8828735351562 259.2221374511719 612.8828735351562 461.5919189453125 508.30908203125 461.5919189453125
508.4261779785156 258.01629638671875 611.4651031494141 258.01629638671875 611.4651031494141 457.41583251953125 508.4261779785156 457.41583251953125
511.2579040527344 259.9562683105469 615.3876876831055 259.9562683105469 615.3876876831055 461.4668426513672 511.2579040527344 461.4668426513672
509.47528076171875 257.14276123046875 614.2566299438477 257.14276123046875 614.2566299438477 459.9142303466797 509.47528076171875 459.9142303466797
512.4160766601562 260.3413391113281 616.5961685180664 260.3413391113281 616.5961685180664 461.9492492675781 512.4160766601562 461.9492492675781
511.76171875 258.9268493652344 615.9045639038086 258.9268493652344 615.9045639038086 460.4626922607422 511.76171875 460.4626922607422
513.4320678710938 262.98138427734375 616.5781631469727 262.98138427734375 616.5781631469727 462.5883483886719 513.4320678710938 462.5883483886719
512.3229370117188 262.573974609375 615.3704223632812 262.573974609375 615.3704223632812 461.9901123046875 512.3229370117188 461.9901123046875
512.1978759765625 266.50177001953125 614.72802734375 266.50177001953125 614.72802734375 464.9167785644531 512.1978759765625 464.9167785644531
511.4945373535156 272.94635009765625 614.5622711181641 272.94635009765625 614.5622711181641 472.4017028808594 511.4945373535156 472.4017028808594
511.85565185546875 278.19805908203125 615.7415542602539 278.19805908203125 615.7415542602539 479.2367248535156 511.85565185546875 479.2367248535156
519.0946655273438 282.332275390625 622.0319671630859 282.332275390625 622.0319671630859 486.60011291503906 519.0946655273438 486.60011291503906
517.75634765625 285.6665954589844 621.62060546875 285.6665954589844 621.62060546875 486.6633758544922 517.75634765625 486.6633758544922
512.9737548828125 290.2065124511719 615.9756851196289 290.2065124511719 615.9756851196289 489.5345001220703 512.9737548828125 489.5345001220703
512.7996826171875 287.83392333984375 616.3785858154297 287.83392333984375 616.3785858154297 488.2784881591797 512.7996826171875 488.2784881591797
513.49755859375 297.4002990722656 617.5451202392578 297.4002990722656 617.5451202392578 498.7517852783203 513.49755859375 498.7517852783203
513.1187133789062 296.068359375 616.7999267578125 296.068359375 616.7999267578125 496.7108917236328 513.1187133789062 496.7108917236328
513.5230712890625 303.63470458984375 616.9687042236328 303.63470458984375 616.9687042236328 503.8213195800781 513.5230712890625 503.8213195800781
514.4781494140625 310.48895263671875 618.0996932983398 310.48895263671875 618.0996932983398 511.01600646972656 514.4781494140625 511.01600646972656
516.2769775390625 309.98431396484375 618.7790756225586 309.98431396484375 618.7790756225586 513.3079528808594 516.2769775390625 513.3079528808594
514.8447265625 315.58038330078125 617.5622787475586 315.58038330078125 617.5622787475586 514.3580322265625 514.8447265625 514.3580322265625
514.3146362304688 312.88165283203125 617.5442733764648 312.88165283203125 617.5442733764648 520.2920074462891 514.3146362304688 520.2920074462891
513.9385986328125 312.1007080078125 615.5987014770508 312.1007080078125 615.5987014770508 521.7615966796875 513.9385986328125 521.7615966796875
515.3990478515625 313.706787109375 616.5544586181641 313.706787109375 616.5544586181641 522.5651550292969 515.3990478515625 522.5651550292969
515.10498046875 312.7423095703125 617.8124618530273 312.7423095703125 617.8124618530273 515.8128204345703 515.10498046875 515.8128204345703
514.5393676757812 312.26904296875 616.707763671875 312.26904296875 616.707763671875 513.6381988525391 514.5393676757812 513.6381988525391
512.7103881835938 308.33099365234375 615.6396484375 308.33099365234375 615.6396484375 507.5183410644531 512.7103881835938 507.5183410644531
513.2034912109375 312.79931640625 615.9010467529297 312.79931640625 615.9010467529297 511.5382843017578 513.2034912109375 511.5382843017578
513.730224609375 311.19415283203125 618.0623321533203 311.19415283203125 618.0623321533203 513.0962982177734 513.730224609375 513.0962982177734
515.4872436523438 309.4803771972656 618.7263565063477 309.4803771972656 618.7263565063477 513.7232360839844 515.4872436523438 513.7232360839844
515.2132568359375 305.00433349609375 619.5981826782227 305.00433349609375 619.5981826782227 507.00865173339844 515.2132568359375 507.00865173339844
513.6024169921875 304.2300720214844 618.6077041625977 304.2300720214844 618.6077041625977 507.4349060058594 513.6024169921875 507.4349060058594
515.3514404296875 304.07159423828125 620.5497283935547 304.07159423828125 620.5497283935547 507.6499328613281 515.3514404296875 507.6499328613281
516.7924194335938 306.4961242675781 619.9911651611328 306.4961242675781 619.9911651611328 506.2049865722656 516.7924194335938 506.2049865722656
516.8189697265625 306.8946228027344 621.2892303466797 306.8946228027344 621.2892303466797 509.0640869140625 516.8189697265625 509.0640869140625
513.9916381835938 307.1549377441406 619.2958831787109 307.1549377441406 619.2958831787109 510.9383544921875 513.9916381835938 510.9383544921875
514.465576171875 306.3952941894531 620.2264404296875 306.3952941894531 620.2264404296875 511.0623474121094 514.465576171875 511.0623474121094
517.7418823242188 302.3898010253906 622.8693084716797 302.3898010253906 622.8693084716797 505.8310241699219 517.7418823242188 505.8310241699219
514.5845947265625 300.5280456542969 619.5383071899414 300.5280456542969 619.5383071899414 503.6331024169922 514.5845947265625 503.6331024169922
515.8468017578125 297.0714416503906 622.4111557006836 297.0714416503906 622.4111557006836 503.2934112548828 515.8468017578125 503.2934112548828
515.7904663085938 299.8758544921875 621.4018783569336 299.8758544921875 621.4018783569336 504.2536926269531 515.7904663085938 504.2536926269531
516.8692016601562 293.6523742675781 624.2518310546875 293.6523742675781 624.2518310546875 501.4578399658203 516.8692016601562 501.4578399658203
518.193359375 307.682373046875 623.6935272216797 307.682373046875 623.6935272216797 511.8449249267578 518.193359375 511.8449249267578
516.4060668945312 301.8394775390625 622.3361587524414 301.8394775390625 622.3361587524414 506.8340301513672 516.4060668945312 506.8340301513672
517.204345703125 307.4461364746094 622.04345703125 307.4461364746094 622.04345703125 510.32945251464844 517.204345703125 510.32945251464844
516.0369873046875 304.30950927734375 620.892822265625 304.30950927734375 620.892822265625 507.2251892089844 516.0369873046875 507.2251892089844
519.39013671875 303.19293212890625 624.8089828491211 303.19293212890625 624.8089828491211 507.1981506347656 519.39013671875 507.1981506347656
517.125732421875 309.4251708984375 622.9108428955078 309.4251708984375 622.9108428955078 514.1391754150391 517.125732421875 514.1391754150391
516.34326171875 308.4192199707031 622.2623062133789 308.4192199707031 622.2623062133789 513.3923950195312 516.34326171875 513.3923950195312
521.0888671875 305.7323303222656 628.2105712890625 305.7323303222656 628.2105712890625 513.0328674316406 521.0888671875 513.0328674316406
520.003662109375 305.9727783203125 626.0063095092773 305.9727783203125 626.0063095092773 518.4327392578125 520.003662109375 518.4327392578125
516.45068359375 306.25506591796875 623.3200454711914 306.25506591796875 623.3200454711914 513.0672760009766 516.45068359375 513.0672760009766
516.0294189453125 301.7185363769531 623.6871719360352 301.7185363769531 623.6871719360352 510.0564270019531 516.0294189453125 510.0564270019531
516.8140869140625 303.95428466796875 624.2972412109375 303.95428466796875 624.2972412109375 515.2740325927734 516.8140869140625 515.2740325927734
520.4063110351562 303.928955078125 627.1511077880859 303.928955078125 627.1511077880859 516.3486022949219 520.4063110351562 516.3486022949219
520.6253051757812 304.22821044921875 630.0392837524414 304.22821044921875 630.0392837524414 515.9647064208984 520.6253051757812 515.9647064208984
519.680419921875 299.85711669921875 626.7079467773438 299.85711669921875 626.7079467773438 514.2711334228516 519.680419921875 514.2711334228516
517.5738525390625 305.3746643066406 626.0535049438477 305.3746643066406 626.0535049438477 515.3030548095703 517.5738525390625 515.3030548095703
517.9215698242188 308.5563049316406 624.9365615844727 308.5563049316406 624.9365615844727 515.6502990722656 517.9215698242188 515.6502990722656
518.5177612304688 304.78082275390625 625.8367538452148 304.78082275390625 625.8367538452148 512.4631500244141 518.5177612304688 512.4631500244141
517.8621215820312 307.06634521484375 623.6088104248047 307.06634521484375 623.6088104248047 515.0324401855469 517.8621215820312 515.0324401855469
516.604736328125 306.3017578125 622.5368194580078 306.3017578125 622.5368194580078 514.9803161621094 516.604736328125 514.9803161621094
519.5541381835938 304.8080139160156 626.4311370849609 304.8080139160156 626.4311370849609 514.6014251708984 519.5541381835938 514.6014251708984
515.242431640625 304.0426940917969 622.8780288696289 304.0426940917969 622.8780288696289 512.3377075195312 515.242431640625 512.3377075195312
516.1944580078125 303.0498046875 622.9968490600586 303.0498046875 622.9968490600586 509.732421875 516.1944580078125 509.732421875
514.001708984375 309.18646240234375 621.7993392944336 309.18646240234375 621.7993392944336 517.7950286865234 514.001708984375 517.7950286865234
517.9290161132812 304.17193603515625 627.1680450439453 304.17193603515625 627.1680450439453 515.5698852539062 517.9290161132812 515.5698852539062
515.6776123046875 304.58441162109375 624.0040283203125 304.58441162109375 624.0040283203125 514.2162933349609 515.6776123046875 514.2162933349609
516.8697509765625 301.4665222167969 625.1444320678711 301.4665222167969 625.1444320678711 513.2298583984375 516.8697509765625 513.2298583984375
517.95947265625 297.512939453125 627.2185516357422 297.512939453125 627.2185516357422 508.94970703125 517.95947265625 508.94970703125
519.63818359375 297.620849609375 629.5157318115234 297.620849609375 629.5157318115234 512.21630859375 519.63818359375 512.21630859375
517.3370971679688 296.1053161621094 626.9459609985352 296.1053161621094 626.9459609985352 510.4170379638672 517.3370971679688 510.4170379638672
521.0526123046875 295.80108642578125 631.7575302124023 295.80108642578125 631.7575302124023 513.5639953613281 521.0526123046875 513.5639953613281
517.3952026367188 296.126220703125 629.1893157958984 296.126220703125 629.1893157958984 514.5198516845703 517.3952026367188 514.5198516845703
515.3427734375 299.93341064453125 627.5070190429688 299.93341064453125 627.5070190429688 518.3456726074219 515.3427734375 518.3456726074219
517.4169311523438 298.28369140625 630.8612213134766 298.28369140625 630.8612213134766 518.7690887451172 517.4169311523438 518.7690887451172
517.5655517578125 301.5572509765625 630.1120147705078 301.5572509765625 630.1120147705078 521.5252685546875 517.5655517578125 521.5252685546875
516.8543701171875 303.0705871582031 628.7520599365234 303.0705871582031 628.7520599365234 520.1852569580078 516.8543701171875 520.1852569580078
516.8648681640625 298.2728271484375 631.0212631225586 298.2728271484375 631.0212631225586 518.9076843261719 516.8648681640625 518.9076843261719
517.3360595703125 300.33917236328125 630.9030151367188 300.33917236328125 630.9030151367188 521.0507965087891 517.3360595703125 521.0507965087891
514.8943481445312 299.16180419921875 627.6844482421875 299.16180419921875 627.6844482421875 518.8363647460938 514.8943481445312 518.8363647460938
515.888671875 295.8674011230469 629.1366348266602 295.8674011230469 629.1366348266602 517.9559783935547 515.888671875 517.9559783935547
516.901611328125 297.88214111328125 631.4669570922852 297.88214111328125 631.4669570922852 520.1121215820312 516.901611328125 520.1121215820312
513.089111328125 293.93115234375 626.5071868896484 293.93115234375 626.5071868896484 514.9641571044922 513.089111328125 514.9641571044922
513.3245849609375 298.6714782714844 625.7062759399414 298.6714782714844 625.7062759399414 517.3168334960938 513.3245849609375 517.3168334960938
515.6627197265625 297.7327575683594 628.2393646240234 297.7327575683594 628.2393646240234 517.6520233154297 515.6627197265625 517.6520233154297
515.0239868164062 298.7164611816406 627.1330413818359 298.7164611816406 627.1330413818359 515.8152923583984 515.0239868164062 515.8152923583984
513.9569702148438 299.4227600097656 626.4437484741211 299.4227600097656 626.4437484741211 519.6779327392578 513.9569702148438 519.6779327392578
513.7311401367188 301.37200927734375 623.9171752929688 301.37200927734375 623.9171752929688 519.1977844238281 513.7311401367188 519.1977844238281
514.1867065429688 300.46771240234375 624.4602813720703 300.46771240234375 624.4602813720703 519.6109313964844 514.1867065429688 519.6109313964844
513.9627075195312 299.7010803222656 623.2339248657227 299.7010803222656 623.2339248657227 519.6804046630859 513.9627075195312 519.6804046630859
513.079345703125 301.808349609375 619.4523086547852 301.808349609375 619.4523086547852 516.8588104248047 513.079345703125 516.8588104248047
512.1251831054688 301.2757263183594 615.2866821289062 301.2757263183594 615.2866821289062 515.3766021728516 512.1251831054688 515.3766021728516
513.0584716796875 300.5320739746094 614.5634536743164 300.5320739746094 614.5634536743164 513.7945709228516 513.0584716796875 513.7945709228516
512.4447631835938 299.5837707519531 613.8520278930664 299.5837707519531 613.8520278930664 511.96539306640625 512.4447631835938 511.96539306640625
510.88470458984375 301.00787353515625 610.9242401123047 301.00787353515625 610.9242401123047 511.02716064453125 510.88470458984375 511.02716064453125
511.39251708984375 299.4198303222656 609.5020294189453 299.4198303222656 609.5020294189453 510.5460968017578 511.39251708984375 510.5460968017578
508.65716552734375 299.8248291015625 607.2098770141602 299.8248291015625 607.2098770141602 510.6811828613281 508.65716552734375 510.6811828613281
508.9708557128906 299.83880615234375 607.2598724365234 299.83880615234375 607.2598724365234 510.45054626464844 508.9708557128906 510.45054626464844
508.75164794921875 299.34808349609375 606.4915008544922 299.34808349609375 606.4915008544922 508.9322204589844 508.75164794921875 508.9322204589844
508.0845642089844 299.7549743652344 606.3468246459961 299.7549743652344 606.3468246459961 509.9075927734375 508.0845642089844 509.9075927734375
510.3363342285156 300.427001953125 607.5653533935547 300.427001953125 607.5653533935547 508.8116149902344 510.3363342285156 508.8116149902344
509.9117126464844 298.7032165527344 606.4700164794922 298.7032165527344 606.4700164794922 508.36920166015625 509.9117126464844 508.36920166015625
511.6375427246094 301.4544677734375 607.8022003173828 301.4544677734375 607.8022003173828 508.4674987792969 511.6375427246094 508.4674987792969
509.292724609375 301.6774597167969 606.6361083984375 301.6774597167969 606.6361083984375 509.1613006591797 509.292724609375 509.1613006591797
509.50701904296875 302.57220458984375 607.7826080322266 302.57220458984375 607.7826080322266 509.3229064941406 509.50701904296875 509.3229064941406
507.888671875 302.22406005859375 607.0041961669922 302.22406005859375 607.0041961669922 508.9468688964844 507.888671875 508.9468688964844
508.0545959472656 305.25677490234375 607.0622253417969 305.25677490234375 607.0622253417969 510.4664611816406 508.0545959472656 510.4664611816406
507.009521484375 303.05328369140625 606.6533355712891 303.05328369140625 606.6533355712891 511.2129821777344 507.009521484375 511.2129821777344
504.99139404296875 307.1536560058594 604.7822875976562 307.1536560058594 604.7822875976562 511.0660705566406 504.99139404296875 511.0660705566406
505.01043701171875 302.87591552734375 605.0039291381836 302.87591552734375 605.0039291381836 499.9100646972656 505.01043701171875 499.9100646972656
503.474609375 305.56890869140625 603.5654144287109 305.56890869140625 603.5654144287109 506.67962646484375 503.474609375 506.67962646484375
503.88311767578125 302.60821533203125 605.4614486694336 302.60821533203125 605.4614486694336 505.604736328125 503.88311767578125 505.604736328125
503.8245544433594 302.56976318359375 604.5152969360352 302.56976318359375 604.5152969360352 507.98272705078125 503.8245544433594 507.98272705078125
502.2021484375 301.25640869140625 604.2782135009766 301.25640869140625 604.2782135009766 508.5867614746094 502.2021484375 508.5867614746094
501.8878479003906 296.9933166503906 603.2692413330078 296.9933166503906 603.2692413330078 509.0134582519531 501.8878479003906 509.0134582519531
500.5989685058594 296.6755676269531 601.9270172119141 296.6755676269531 601.9270172119141 507.2716827392578 500.5989685058594 507.2716827392578
503.2124938964844 296.87457275390625 600.9932098388672 296.87457275390625 600.9932098388672 505.58128356933594 503.2124938964844 505.58128356933594
502.1204528808594 297.55609130859375 600.5712203979492 297.55609130859375 600.5712203979492 505.5899353027344 502.1204528808594 505.5899353027344
501.95367431640625 297.53826904296875 601.0570220947266 297.53826904296875 601.0570220947266 506.17816162109375 501.95367431640625 506.17816162109375
499.3284606933594 295.20269775390625 600.684944152832 295.20269775390625 600.684944152832 503.8399963378906 499.3284606933594 503.8399963378906
500.7236328125 296.39276123046875 603.0628814697266 296.39276123046875 603.0628814697266 505.46226501464844 500.7236328125 505.46226501464844
501.6939392089844 296.6716003417969 605.2314758300781 296.6716003417969 605.2314758300781 502.6232604980469 501.6939392089844 502.6232604980469
498.73291015625 300.25689697265625 602.488037109375 300.25689697265625 602.488037109375 502.0278015136719 498.73291015625 502.0278015136719
496.8126525878906 295.002197265625 600.764274597168 295.002197265625 600.764274597168 497.0919952392578 496.8126525878906 497.0919952392578
495.6991271972656 300.2945251464844 599.9741134643555 300.2945251464844 599.9741134643555 502.8269348144531 495.6991271972656 502.8269348144531
490.7574157714844 296.9906005859375 595.5230255126953 296.9906005859375 595.5230255126953 501.8058319091797 490.7574157714844 501.8058319091797
486.57928466796875 294.9238586425781 591.681884765625 294.9238586425781 591.681884765625 500.5880432128906 486.57928466796875 500.5880432128906
489.1329650878906 296.850830078125 593.7820129394531 296.850830078125 593.7820129394531 500.91734313964844 489.1329650878906 500.91734313964844
484.31573486328125 294.9820861816406 589.1166610717773 294.9820861816406 589.1166610717773 498.4410400390625 484.31573486328125 498.4410400390625
483.4237365722656 296.37005615234375 589.3520431518555 296.37005615234375 589.3520431518555 501.6850891113281 483.4237365722656 501.6850891113281
482.0677795410156 296.2059631347656 588.3258819580078 296.2059631347656 588.3258819580078 499.2929229736328 482.0677795410156 499.2929229736328
481.4886779785156 297.5308532714844 587.4907379150391 297.5308532714844 587.4907379150391 501.6499786376953 481.4886779785156 501.6499786376953
478.8601989746094 301.88671875 584.3915863037109 301.88671875 584.3915863037109 505.5982360839844 478.8601989746094 505.5982360839844
477.1050720214844 299.3791809082031 582.8267517089844 299.3791809082031 582.8267517089844 503.9704132080078 477.1050720214844 503.9704132080078
476.4205017089844 301.93255615234375 581.1179656982422 301.93255615234375 581.1179656982422 507.98451232910156 476.4205017089844 507.98451232910156
479.39947509765625 305.42181396484375 585.735107421875 305.42181396484375 585.735107421875 511.20115661621094 479.39947509765625 511.20115661621094
477.5479431152344 307.9403381347656 584.6597747802734 307.9403381347656 584.6597747802734 515.2217864990234 477.5479431152344 515.2217864990234
481.64691162109375 311.84881591796875 587.27001953125 311.84881591796875 587.27001953125 518.8064270019531 481.64691162109375 518.8064270019531
481.13134765625 311.36065673828125 586.3517837524414 311.36065673828125 586.3517837524414 521.1021575927734 481.13134765625 521.1021575927734
481.5435485839844 312.36822509765625 585.7379608154297 312.36822509765625 585.7379608154297 523.0866394042969 481.5435485839844 523.0866394042969
484.4397888183594 321.1400146484375 589.1072463989258 321.1400146484375 589.1072463989258 525.1797332763672 484.4397888183594 525.1797332763672
484.3233947753906 325.1493225097656 588.1042556762695 325.1493225097656 588.1042556762695 525.9847259521484 484.3233947753906 525.9847259521484
486.03631591796875 327.2540283203125 589.1412506103516 327.2540283203125 589.1412506103516 526.7813568115234 486.03631591796875 526.7813568115234
484.0882873535156 335.478515625 584.0503692626953 335.478515625 584.0503692626953 528.923828125 484.0882873535156 528.923828125
489.2337951660156 334.18359375 588.2243881225586 334.18359375 588.2243881225586 525.7489013671875 489.2337951660156 525.7489013671875
485.69866943359375 332.2708740234375 585.2040863037109 332.2708740234375 585.2040863037109 524.8324737548828 485.69866943359375 524.8324737548828
487.4690856933594 330.05029296875 587.6681213378906 330.05029296875 587.6681213378906 523.9541625976562 487.4690856933594 523.9541625976562
488.1119689941406 330.6655578613281 588.7598419189453 330.6655578613281 588.7598419189453 525.4380035400391 488.1119689941406 525.4380035400391
491.1332092285156 330.0269470214844 589.5625076293945 330.0269470214844 589.5625076293945 520.5060272216797 491.1332092285156 520.5060272216797
490.2835388183594 328.7445068359375 588.666374206543 328.7445068359375 588.666374206543 520.5162048339844 490.2835388183594 520.5162048339844
486.99981689453125 327.27496337890625 587.0338363647461 327.27496337890625 587.0338363647461 520.8594970703125 486.99981689453125 520.8594970703125
486.75799560546875 325.60333251953125 587.7630462646484 325.60333251953125 587.7630462646484 521.0670013427734 486.75799560546875 521.0670013427734
490.44708251953125 323.108642578125 589.4091339111328 323.108642578125 589.4091339111328 523.7133331298828 490.44708251953125 523.7133331298828
493.80523681640625 321.0570068359375 592.5367889404297 321.0570068359375 592.5367889404297 525.0496520996094 493.80523681640625 525.0496520996094
488.3504333496094 317.8539123535156 589.2693328857422 317.8539123535156 589.2693328857422 518.0009613037109 488.3504333496094 518.0009613037109
487.3190002441406 316.0552062988281 586.8344039916992 316.0552062988281 586.8344039916992 513.9108276367188 487.3190002441406 513.9108276367188
490.8601989746094 314.3021240234375 589.9826812744141 314.3021240234375 589.9826812744141 506.12266540527344 490.8601989746094 506.12266540527344
490.8042907714844 315.43231201171875 587.9844207763672 315.43231201171875 587.9844207763672 509.0967102050781 490.8042907714844 509.0967102050781
492.0225524902344 310.4662170410156 592.4428634643555 310.4662170410156 592.4428634643555 504.7982940673828 492.0225524902344 504.7982940673828
490.3131408691406 310.51629638671875 587.9395446777344 310.51629638671875 587.9395446777344 505.47215270996094 490.3131408691406 505.47215270996094
491.3251953125 313.69488525390625 589.5951156616211 313.69488525390625 589.5951156616211 503.8655700683594 491.3251953125 503.8655700683594
490.5990295410156 305.8447265625 589.0083312988281 305.8447265625 589.0083312988281 496.2851257324219 490.5990295410156 496.2851257324219
486.3189392089844 300.65380859375 584.0943145751953 300.65380859375 584.0943145751953 496.27964782714844 486.3189392089844 496.27964782714844
486.5655822753906 300.8240661621094 581.6377716064453 300.8240661621094 581.6377716064453 500.8284912109375 486.5655822753906 500.8284912109375
488.1009826660156 302.98150634765625 584.4510879516602 302.98150634765625 584.4510879516602 500.4358215332031 488.1009826660156 500.4358215332031
486.90185546875 301.2381896972656 584.8695449829102 301.2381896972656 584.8695449829102 501.2721405029297 486.90185546875 501.2721405029297
482.41265869140625 299.2967834472656 581.9865188598633 299.2967834472656 581.9865188598633 496.4396057128906 482.41265869140625 496.4396057128906
484.476806640625 298.70196533203125 585.3496475219727 298.70196533203125 585.3496475219727 497.4727478027344 484.476806640625 497.4727478027344
479.3004455566406 298.77178955078125 580.8221893310547 298.77178955078125 580.8221893310547 495.23536682128906 479.3004455566406 495.23536682128906
475.7435607910156 298.1845703125 578.569938659668 298.1845703125 578.569938659668 497.17286682128906 475.7435607910156 497.17286682128906
478.89581298828125 296.03173828125 582.5169906616211 296.03173828125 582.5169906616211 496.5581359863281 478.89581298828125 496.5581359863281
477.2992248535156 297.468994140625 579.1916275024414 297.468994140625 579.1916275024414 494.6498718261719 477.2992248535156 494.6498718261719
476.7251892089844 299.22064208984375 579.5299377441406 299.22064208984375 579.5299377441406 498.1670837402344 476.7251892089844 498.1670837402344
474.73150634765625 300.9537658691406 579.1990127563477 300.9537658691406 579.1990127563477 504.5231475830078 474.73150634765625 504.5231475830078
473.7894592285156 302.37445068359375 577.7836456298828 302.37445068359375 577.7836456298828 503.6226806640625 473.7894592285156 503.6226806640625
472.8268127441406 298.38531494140625 575.0861282348633 298.38531494140625 575.0861282348633 496.27626037597656 472.8268127441406 496.27626037597656
477.9491271972656 293.7666931152344 580.744255065918 293.7666931152344 580.744255065918 492.6945343017578 477.9491271972656 492.6945343017578
471.3585510253906 293.49072265625 573.5548400878906 293.49072265625 573.5548400878906 492.4563446044922 471.3585510253906 492.4563446044922
472.45654296875 300.91180419921875 574.1539459228516 300.91180419921875 574.1539459228516 497.84442138671875 472.45654296875 497.84442138671875
469.1610412597656 298.5633239746094 570.9503936767578 298.5633239746094 570.9503936767578 496.5959014892578 469.1610412597656 496.5959014892578
467.70574951171875 299.5931701660156 571.4152603149414 299.5931701660156 571.4152603149414 500.29052734375 467.70574951171875 500.29052734375
468.84063720703125 295.848388671875 572.7106781005859 295.848388671875 572.7106781005859 496.8564147949219 468.84063720703125 496.8564147949219
464.76495361328125 297.4151306152344 568.0563583374023 297.4151306152344 568.0563583374023 497.30340576171875 464.76495361328125 497.30340576171875
460.1705627441406 298.260498046875 564.440788269043 298.260498046875 564.440788269043 500.04298400878906 460.1705627441406 500.04298400878906
460.59857177734375 297.0707092285156 565.3576507568359 297.0707092285156 565.3576507568359 499.7992248535156 460.59857177734375 499.7992248535156
456.5653381347656 292.1598205566406 560.3560638427734 292.1598205566406 560.3560638427734 496.0107116699219 456.5653381347656 496.0107116699219
453.895263671875 293.097900390625 558.5363388061523 293.097900390625 558.5363388061523 495.5980529785156 453.895263671875 495.5980529785156
451.22357177734375 286.81982421875 554.3127822875977 286.81982421875 554.3127822875977 494.6344757080078 451.22357177734375 494.6344757080078
451.8021545410156 283.69873046875 552.3212738037109 283.69873046875 552.3212738037109 495.1737518310547 451.8021545410156 495.1737518310547
448.0640563964844 282.9687805175781 549.1958312988281 282.9687805175781 549.1958312988281 490.12841796875 448.0640563964844 490.12841796875
445.6951599121094 288.05145263671875 547.0615463256836 288.05145263671875 547.0615463256836 491.5778503417969 445.6951599121094 491.5778503417969
444.395263671875 290.7222900390625 543.98583984375 290.7222900390625 543.98583984375 493.3113250732422 444.395263671875 493.3113250732422
444.02655029296875 288.25579833984375 538.53076171875 288.25579833984375 538.53076171875 493.93418884277344 444.02655029296875 493.93418884277344
441.4717712402344 291.46026611328125 538.2450103759766 291.46026611328125 538.2450103759766 492.66893005371094 441.4717712402344 492.66893005371094
440.2044982910156 288.9435119628906 533.5130081176758 288.9435119628906 533.5130081176758 488.36846923828125 440.2044982910156 488.36846923828125
439.26361083984375 289.2887268066406 533.4365692138672 289.2887268066406 533.4365692138672 489.03668212890625 439.26361083984375 489.03668212890625
440.06195068359375 292.2056579589844 536.4664764404297 292.2056579589844 536.4664764404297 489.87440490722656 440.06195068359375 489.87440490722656
437.73956298828125 290.12969970703125 533.6423034667969 290.12969970703125 533.6423034667969 489.1028137207031 437.73956298828125 489.1028137207031
436.2384338378906 291.61920166015625 526.7079162597656 291.61920166015625 526.7079162597656 492.90673828125 436.2384338378906 492.90673828125
438.449462890625 289.516357421875 529.1709747314453 289.516357421875 529.1709747314453 493.68914794921875 438.449462890625 493.68914794921875
435.2897033691406 290.53143310546875 525.884407043457 290.53143310546875 525.884407043457 494.8879699707031 435.2897033691406 494.8879699707031
436.30621337890625 283.3843688964844 526.0495147705078 283.3843688964844 526.0495147705078 491.21173095703125 436.30621337890625 491.21173095703125
433.24853515625 284.4653625488281 524.3491668701172 284.4653625488281 524.3491668701172 490.9168701171875 433.24853515625 490.9168701171875
432.5064392089844 288.3036193847656 522.9326248168945 288.3036193847656 522.9326248168945 492.81072998046875 432.5064392089844 492.81072998046875
433.6407165527344 288.38372802734375 524.5056686401367 288.38372802734375 524.5056686401367 490.9409942626953 433.6407165527344 490.9409942626953
434.0255432128906 286.79522705078125 525.7423629760742 286.79522705078125 525.7423629760742 489.6313934326172 434.0255432128906 489.6313934326172
433.1432189941406 287.7403869628906 526.3632202148438 287.7403869628906 526.3632202148438 491.12579345703125 433.1432189941406 491.12579345703125
431.0928649902344 290.8116760253906 524.0029983520508 290.8116760253906 524.0029983520508 493.17347717285156 431.0928649902344 493.17347717285156
431.2694396972656 290.72601318359375 524.2445220947266 290.72601318359375 524.2445220947266 494.4087219238281 431.2694396972656 494.4087219238281
432.43853759765625 287.63311767578125 527.016716003418 287.63311767578125 527.016716003418 493.0770568847656 432.43853759765625 493.0770568847656
428.995361328125 288.42218017578125 523.4659805297852 288.42218017578125 523.4659805297852 494.9399719238281 428.995361328125 494.9399719238281
431.32421875 290.86767578125 524.7813339233398 290.86767578125 524.7813339233398 496.9751892089844 431.32421875 496.9751892089844
429.224365234375 289.98944091796875 522.3999938964844 289.98944091796875 522.3999938964844 496.43714904785156 429.224365234375 496.43714904785156
429.32415771484375 289.68841552734375 521.3459091186523 289.68841552734375 521.3459091186523 496.33177185058594 429.32415771484375 496.33177185058594
432.5704650878906 288.0729064941406 524.6179809570312 288.0729064941406 524.6179809570312 493.4164123535156 432.5704650878906 493.4164123535156
432.8475646972656 290.29132080078125 524.8452682495117 290.29132080078125 524.8452682495117 493.363037109375 432.8475646972656 493.363037109375
433.3338928222656 289.2567443847656 524.9640350341797 289.2567443847656 524.9640350341797 492.3052215576172 433.3338928222656 492.3052215576172
432.6109924316406 288.6168518066406 524.3656692504883 288.6168518066406 524.3656692504883 493.2325744628906 432.6109924316406 493.2325744628906
434.09033203125 287.1456298828125 525.3917465209961 287.1456298828125 525.3917465209961 492.1057891845703 434.09033203125 492.1057891845703
435.36572265625 284.35333251953125 526.5250396728516 284.35333251953125 526.5250396728516 492.2246398925781 435.36572265625 492.2246398925781
434.3270568847656 283.34332275390625 524.8346710205078 283.34332275390625 524.8346710205078 492.6261901855469 434.3270568847656 492.6261901855469
434.0113830566406 285.59625244140625 523.2984390258789 285.59625244140625 523.2984390258789 492.8821105957031 434.0113830566406 492.8821105957031
433.70208740234375 286.40472412109375 523.1630172729492 286.40472412109375 523.1630172729492 492.8009948730469 433.70208740234375 492.8009948730469
435.92718505859375 284.06927490234375 525.6432876586914 284.06927490234375 525.6432876586914 493.2698669433594 435.92718505859375 493.2698669433594
434.0901794433594 285.84356689453125 522.6782302856445 285.84356689453125 522.6782302856445 493.5307922363281 434.0901794433594 493.5307922363281
432.4693298339844 285.9933166503906 522.3222274780273 285.9933166503906 522.3222274780273 492.93260192871094 432.4693298339844 492.93260192871094
432.48516845703125 286.863037109375 522.1768569946289 286.863037109375 522.1768569946289 492.0539245605469 432.48516845703125 492.0539245605469
435.0664978027344 288.1631164550781 524.8914031982422 288.1631164550781 524.8914031982422 493.2957763671875 435.0664978027344 493.2957763671875
434.43438720703125 284.67950439453125 524.7667694091797 284.67950439453125 524.7667694091797 492.49859619140625 434.43438720703125 492.49859619140625
432.442626953125 287.78759765625 522.7544708251953 287.78759765625 522.7544708251953 495.4116516113281 432.442626953125 495.4116516113281
434.3202209472656 289.34051513671875 525.4040908813477 289.34051513671875 525.4040908813477 496.19012451171875 434.3202209472656 496.19012451171875
436.4916076660156 291.0874938964844 528.4122009277344 291.0874938964844 528.4122009277344 493.8664855957031 436.4916076660156 493.8664855957031
431.910888671875 292.83404541015625 526.3329315185547 292.83404541015625 526.3329315185547 493.41014099121094 431.910888671875 493.41014099121094
432.8612365722656 292.4393615722656 527.5557403564453 292.4393615722656 527.5557403564453 492.7794494628906 432.8612365722656 492.7794494628906
432.1155700683594 292.421630859375 527.3891296386719 292.421630859375 527.3891296386719 493.1542053222656 432.1155700683594 493.1542053222656
432.3111877441406 293.82830810546875 527.5328140258789 293.82830810546875 527.5328140258789 493.65711975097656 432.3111877441406 493.65711975097656
429.3448181152344 294.1484375 525.6024398803711 294.1484375 525.6024398803711 495.4851989746094 429.3448181152344 495.4851989746094
429.90625 293.38800048828125 527.7710342407227 293.38800048828125 527.7710342407227 493.6630554199219 429.90625 493.6630554199219
427.99993896484375 296.55743408203125 527.6862258911133 296.55743408203125 527.6862258911133 491.90379333496094 427.99993896484375 491.90379333496094
427.7732849121094 293.58807373046875 528.172477722168 293.58807373046875 528.172477722168 487.8794250488281 427.7732849121094 487.8794250488281
430.244140625 296.4404296875 530.2043075561523 296.4404296875 530.2043075561523 489.8821716308594 430.244140625 489.8821716308594
428.8258361816406 294.68768310546875 529.9088134765625 294.68768310546875 529.9088134765625 490.3022766113281 428.8258361816406 490.3022766113281
430.2942810058594 295.4505615234375 530.4794998168945 295.4505615234375 530.4794998168945 489.3278045654297 430.2942810058594 489.3278045654297
429.094482421875 294.59527587890625 527.0340118408203 294.59527587890625 527.0340118408203 484.1266784667969 429.094482421875 484.1266784667969
426.4102478027344 293.89593505859375 526.5471954345703 293.89593505859375 526.5471954345703 487.67974853515625 426.4102478027344 487.67974853515625
426.86370849609375 293.9635925292969 528.7484436035156 293.9635925292969 528.7484436035156 491.12969970703125 426.86370849609375 491.12969970703125
426.5519104003906 293.1822814941406 529.5065383911133 293.1822814941406 529.5065383911133 495.9607696533203 426.5519104003906 495.9607696533203
426.20574951171875 291.0059509277344 530.5832748413086 291.0059509277344 530.5832748413086 496.1027069091797 426.20574951171875 496.1027069091797
425.3992614746094 289.6673278808594 528.7189178466797 289.6673278808594 528.7189178466797 493.45562744140625 425.3992614746094 493.45562744140625
427.6891174316406 292.71356201171875 529.6721572875977 292.71356201171875 529.6721572875977 500.79864501953125 427.6891174316406 500.79864501953125
425.4449157714844 290.0503845214844 530.7024993896484 290.0503845214844 530.7024993896484 497.136474609375 425.4449157714844 497.136474609375
424.37322998046875 290.94293212890625 529.8429794311523 290.94293212890625 529.8429794311523 499.61817932128906 424.37322998046875 499.61817932128906
420.80889892578125 291.6957092285156 526.1636123657227 291.6957092285156 526.1636123657227 497.98724365234375 420.80889892578125 497.98724365234375
423.4686584472656 292.30010986328125 528.2310028076172 292.30010986328125 528.2310028076172 499.09913635253906 423.4686584472656 499.09913635253906
419.441650390625 293.2681579589844 527.0065307617188 293.2681579589844 527.0065307617188 503.79071044921875 419.441650390625 503.79071044921875
418.9312438964844 291.86944580078125 526.2103958129883 291.86944580078125 526.2103958129883 502.24945068359375 418.9312438964844 502.24945068359375
415.39495849609375 293.05133056640625 521.9852066040039 293.05133056640625 521.9852066040039 499.25926208496094 415.39495849609375 499.25926208496094
412.71673583984375 291.8201599121094 520.5716552734375 291.8201599121094 520.5716552734375 500.152587890625 412.71673583984375 500.152587890625
411.58428955078125 290.40521240234375 519.8105316162109 290.40521240234375 519.8105316162109 499.5208435058594 411.58428955078125 499.5208435058594
410.1277770996094 291.6810607910156 518.5962600708008 291.6810607910156 518.5962600708008 502.6728515625 410.1277770996094 502.6728515625
408.4959716796875 288.9237976074219 516.4778213500977 288.9237976074219 516.4778213500977 499.9067840576172 408.4959716796875 499.9067840576172
409.13153076171875 289.29791259765625 516.5044937133789 289.29791259765625 516.5044937133789 499.25604248046875 409.13153076171875 499.25604248046875
408.10076904296875 290.7381286621094 515.4057998657227 290.7381286621094 515.4057998657227 500.929931640625 408.10076904296875 500.929931640625
408.672119140625 291.5808410644531 515.0705337524414 291.5808410644531 515.0705337524414 500.4756622314453 408.672119140625 500.4756622314453
408.1693115234375 291.1855163574219 514.5422210693359 291.1855163574219 514.5422210693359 499.0701141357422 408.1693115234375 499.0701141357422
404.3987121582031 286.5907287597656 510.7281799316406 286.5907287597656 510.7281799316406 494.4176788330078 404.3987121582031 494.4176788330078
405.06805419921875 292.22515869140625 511.14207458496094 292.22515869140625 511.14207458496094 496.45941162109375 405.06805419921875 496.45941162109375
402.6515808105469 292.0120544433594 507.5985565185547 292.0120544433594 507.5985565185547 495.10418701171875 402.6515808105469 495.10418701171875
402.96710205078125 294.8099060058594 508.0083999633789 294.8099060058594 508.0083999633789 498.013671875 402.96710205078125 498.013671875
403.83819580078125 291.7262268066406 506.8247528076172 291.7262268066406 506.8247528076172 491.02459716796875 403.83819580078125 491.02459716796875
403.4241638183594 290.4905700683594 505.65675354003906 290.4905700683594 505.65675354003906 488.3298797607422 403.4241638183594 488.3298797607422
401.09136962890625 291.5409851074219 503.24693298339844 291.5409851074219 503.24693298339844 489.23121643066406 401.09136962890625 489.23121643066406
399.33099365234375 289.8250732421875 501.8212432861328 289.8250732421875 501.8212432861328 488.1629943847656 399.33099365234375 488.1629943847656
397.58123779296875 291.5608825683594 501.4502944946289 291.5608825683594 501.4502944946289 490.6648406982422 397.58123779296875 490.6648406982422
400.376708984375 290.461669921875 503.0300064086914 290.461669921875 503.0300064086914 489.0866241455078 400.376708984375 489.0866241455078
396.84918212890625 293.6758728027344 500.12162017822266 293.6758728027344 500.12162017822266 493.5274658203125 396.84918212890625 493.5274658203125
394.4676513671875 290.3484191894531 498.38209533691406 290.3484191894531 498.38209533691406 491.44239807128906 394.4676513671875 491.44239807128906
398.1797790527344 288.71435546875 502.0373992919922 288.71435546875 502.0373992919922 489.6983642578125 398.1797790527344 489.6983642578125
396.3871154785156 289.68109130859375 499.5472946166992 289.68109130859375 499.5472946166992 489.3154296875 396.3871154785156 489.3154296875
393.2479553222656 288.97039794921875 496.37596130371094 288.97039794921875 496.37596130371094 488.54246520996094 393.2479553222656 488.54246520996094
395.86016845703125 292.7686462402344 499.71726989746094 292.7686462402344 499.71726989746094 494.361328125 395.86016845703125 494.361328125
395.98541259765625 291.0432434082031 500.0426254272461 291.0432434082031 500.0426254272461 493.8936462402344 395.98541259765625 493.8936462402344
391.9496154785156 290.09405517578125 496.0012512207031 290.09405517578125 496.0012512207031 491.45350646972656 391.9496154785156 491.45350646972656
393.3959655761719 287.16241455078125 497.79859924316406 287.16241455078125 497.79859924316406 489.20111083984375 393.3959655761719 489.20111083984375
394.0921936035156 291.5023498535156 497.34790802001953 291.5023498535156 497.34790802001953 495.17913818359375 394.0921936035156 495.17913818359375
391.7447509765625 293.1694030761719 494.44368743896484 293.1694030761719 494.44368743896484 493.71185302734375 391.7447509765625 493.71185302734375
392.0960388183594 294.4842834472656 493.99729919433594 294.4842834472656 493.99729919433594 495.465087890625 392.0960388183594 495.465087890625
392.7805480957031 289.98046875 496.7522506713867 289.98046875 496.7522506713867 492.4128723144531 392.7805480957031 492.4128723144531
388.9202575683594 292.8893737792969 493.5140914916992 292.8893737792969 493.5140914916992 494.7948913574219 388.9202575683594 494.7948913574219
389.6311950683594 292.745849609375 494.5264358520508 292.745849609375 494.5264358520508 495.8429412841797 389.6311950683594 495.8429412841797
390.4276428222656 289.966552734375 496.2569274902344 289.966552734375 496.2569274902344 493.4288787841797 390.4276428222656 493.4288787841797
387.7183837890625 289.33807373046875 491.60569763183594 289.33807373046875 491.60569763183594 490.37950134277344 387.7183837890625 490.37950134277344
387.85491943359375 291.41314697265625 492.1418228149414 291.41314697265625 492.1418228149414 493.2278747558594 387.85491943359375 493.2278747558594
388.5333557128906 290.8139343261719 492.6157760620117 290.8139343261719 492.6157760620117 492.2329559326172 388.5333557128906 492.2329559326172
388.41668701171875 289.92437744140625 492.5911407470703 289.92437744140625 492.5911407470703 491.521484375 388.41668701171875 491.521484375
384.0689392089844 293.88287353515625 489.79734802246094 293.88287353515625 489.79734802246094 497.823486328125 384.0689392089844 497.823486328125
385.2792053222656 291.7359313964844 492.5328063964844 291.7359313964844 492.5328063964844 499.2917938232422 385.2792053222656 499.2917938232422
384.3484802246094 290.5130615234375 491.38966369628906 290.5130615234375 491.38966369628906 497.1457977294922 384.3484802246094 497.1457977294922
382.03656005859375 289.20050048828125 486.77357482910156 289.20050048828125 486.77357482910156 491.88629150390625 382.03656005859375 491.88629150390625
386.66851806640625 290.11334228515625 493.18951416015625 290.11334228515625 493.18951416015625 496.25148010253906 386.66851806640625 496.25148010253906
387.1117858886719 284.55706787109375 494.1693572998047 284.55706787109375 494.1693572998047 491.73358154296875 387.1117858886719 491.73358154296875
386.02838134765625 289.2720947265625 493.3397674560547 289.2720947265625 493.3397674560547 496.9397888183594 386.02838134765625 496.9397888183594
382.47235107421875 291.480712890625 489.84818267822266 291.480712890625 489.84818267822266 500.077880859375 382.47235107421875 500.077880859375
383.60150146484375 291.24664306640625 490.71697998046875 291.24664306640625 490.71697998046875 500.90264892578125 383.60150146484375 500.90264892578125
382.36480712890625 291.5828552246094 489.7536849975586 291.5828552246094 489.7536849975586 500.6649169921875 382.36480712890625 500.6649169921875
381.1908874511719 289.43511962890625 488.4377899169922 289.43511962890625 488.4377899169922 498.39678955078125 381.1908874511719 498.39678955078125
382.4598083496094 292.9507141113281 489.2942352294922 292.9507141113281 489.2942352294922 503.08689880371094 382.4598083496094 503.08689880371094
381.30157470703125 292.2516174316406 488.58072662353516 292.2516174316406 488.58072662353516 504.08189392089844 381.30157470703125 504.08189392089844
381.7333068847656 292.9251403808594 489.2861022949219 292.9251403808594 489.2861022949219 504.9915008544922 381.7333068847656 504.9915008544922
382.7005615234375 292.62664794921875 489.25223541259766 292.62664794921875 489.25223541259766 503.65296936035156 382.7005615234375 503.65296936035156
382.7776184082031 292.6968688964844 489.19725036621094 292.6968688964844 489.19725036621094 499.56072998046875 382.7776184082031 499.56072998046875
383.2828063964844 290.4198913574219 488.4446258544922 290.4198913574219 488.4446258544922 495.1764373779297 383.2828063964844 495.1764373779297
382.6353454589844 291.35675048828125 486.63417053222656 291.35675048828125 486.63417053222656 495.7683410644531 382.6353454589844 495.7683410644531
383.3237609863281 292.8426208496094 487.95323944091797 292.8426208496094 487.95323944091797 498.8503875732422 383.3237609863281 498.8503875732422
382.6330261230469 291.0996398925781 487.7822952270508 291.0996398925781 487.7822952270508 498.1446838378906 382.6330261230469 498.1446838378906
385.0587463378906 292.5804138183594 490.6880569458008 292.5804138183594 490.6880569458008 496.992919921875 385.0587463378906 496.992919921875
383.3065185546875 294.14251708984375 488.9125213623047 294.14251708984375 488.9125213623047 500.29774475097656 383.3065185546875 500.29774475097656
382.79779052734375 293.7696533203125 487.67222595214844 293.7696533203125 487.67222595214844 499.3987731933594 382.79779052734375 499.3987731933594
382.69219970703125 294.3756408691406 488.34527587890625 294.3756408691406 488.34527587890625 500.78672790527344 382.69219970703125 500.78672790527344
384.81591796875 290.6248474121094 490.5549774169922 290.6248474121094 490.5549774169922 496.3475036621094 384.81591796875 496.3475036621094
379.6170654296875 295.3735046386719 484.7345428466797 295.3735046386719 484.7345428466797 502.3050231933594 379.6170654296875 502.3050231933594
384.55096435546875 295.4677734375 489.53826904296875 295.4677734375 489.53826904296875 501.0796203613281 384.55096435546875 501.0796203613281
381.48797607421875 293.060302734375 486.64998626708984 293.060302734375 486.64998626708984 498.5751953125 381.48797607421875 498.5751953125
380.9183044433594 294.318603515625 485.4315872192383 294.318603515625 485.4315872192383 498.20159912109375 380.9183044433594 498.20159912109375
378.4576721191406 295.76019287109375 482.7693176269531 295.76019287109375 482.7693176269531 502.50120544433594 378.4576721191406 502.50120544433594
379.1617736816406 296.028564453125 483.8089141845703 296.028564453125 483.8089141845703 503.6177673339844 379.1617736816406 503.6177673339844
379.27789306640625 294.6344299316406 482.7445068359375 294.6344299316406 482.7445068359375 500.47801208496094 379.27789306640625 500.47801208496094
379.0966796875 295.8055114746094 481.580078125 295.8055114746094 481.580078125 503.4794616699219 379.0966796875 503.4794616699219
380.52911376953125 292.4962158203125 484.05001068115234 292.4962158203125 484.05001068115234 497.12939453125 380.52911376953125 497.12939453125
381.83331298828125 293.78607177734375 483.87611389160156 293.78607177734375 483.87611389160156 501.40374755859375 381.83331298828125 501.40374755859375
380.96759033203125 294.4700622558594 483.17398834228516 294.4700622558594 483.17398834228516 503.397216796875 380.96759033203125 503.397216796875
379.03802490234375 295.13189697265625 480.72406005859375 295.13189697265625 480.72406005859375 505.61976623535156 379.03802490234375 505.61976623535156
379.283203125 296.6422424316406 481.8048553466797 296.6422424316406 481.8048553466797 505.27935791015625 379.283203125 505.27935791015625
378.2669982910156 295.500244140625 480.7623825073242 295.500244140625 480.7623825073242 506.1287536621094 378.2669982910156 506.1287536621094
378.5765686035156 293.1988525390625 481.2360382080078 293.1988525390625 481.2360382080078 502.6813659667969 378.5765686035156 502.6813659667969
377.54315185546875 296.3974304199219 479.42704010009766 296.3974304199219 479.42704010009766 505.90673828125 377.54315185546875 505.90673828125
376.73883056640625 296.0536193847656 478.8632583618164 296.0536193847656 478.8632583618164 503.76866149902344 376.73883056640625 503.76866149902344
378.16973876953125 297.76690673828125 478.94278717041016 297.76690673828125 478.94278717041016 505.06385803222656 378.16973876953125 505.06385803222656
378.155029296875 297.53094482421875 476.99647521972656 297.53094482421875 476.99647521972656 502.6249084472656 378.155029296875 502.6249084472656
380.04107666015625 299.12469482421875 478.9689178466797 299.12469482421875 478.9689178466797 500.12213134765625 380.04107666015625 500.12213134765625
380.8192443847656 297.76104736328125 477.422119140625 297.76104736328125 477.422119140625 498.30296325683594 380.8192443847656 498.30296325683594
380.2195129394531 296.6111755371094 478.98548126220703 296.6111755371094 478.98548126220703 496.6122283935547 380.2195129394531 496.6122283935547
382.0220947265625 296.6059875488281 481.436767578125 296.6059875488281 481.436767578125 497.7657470703125 382.0220947265625 497.7657470703125
380.9259033203125 300.242919921875 481.5425262451172 300.242919921875 481.5425262451172 498.5674591064453 380.9259033203125 498.5674591064453
383.8796081542969 294.83251953125 483.9291229248047 294.83251953125 483.9291229248047 493.70143127441406 383.8796081542969 493.70143127441406
388.9413146972656 296.34552001953125 489.7047576904297 296.34552001953125 489.7047576904297 494.79217529296875 388.9413146972656 494.79217529296875
390.63726806640625 296.35736083984375 490.4658889770508 296.35736083984375 490.4658889770508 492.61395263671875 390.63726806640625 492.61395263671875
392.4856872558594 293.7847900390625 494.3604507446289 293.7847900390625 494.3604507446289 492.0755310058594 392.4856872558594 492.0755310058594
396.2726135253906 292.0638732910156 497.31656646728516 292.0638732910156 497.31656646728516 491.1302490234375 396.2726135253906 491.1302490234375
399.21783447265625 294.33465576171875 501.27201080322266 294.33465576171875 501.27201080322266 493.2242126464844 399.21783447265625 493.2242126464844
406.6824951171875 295.278076171875 506.4849853515625 295.278076171875 506.4849853515625 495.0541534423828 406.6824951171875 495.0541534423828
409.7483825683594 290.6815490722656 509.55043029785156 290.6815490722656 509.55043029785156 495.2618103027344 409.7483825683594 495.2618103027344
412.27490234375 290.9788513183594 509.4124069213867 290.9788513183594 509.4124069213867 496.33375549316406 412.27490234375 496.33375549316406
415.4261779785156 293.47686767578125 513.0897903442383 293.47686767578125 513.0897903442383 497.52964782714844 415.4261779785156 497.52964782714844
417.8009338378906 295.0029602050781 515.539794921875 295.0029602050781 515.539794921875 496.7645263671875 417.8009338378906 496.7645263671875
419.8056640625 295.38916015625 517.4073791503906 295.38916015625 517.4073791503906 496.7428283691406 419.8056640625 496.7428283691406
423.27239990234375 294.941650390625 518.388557434082 294.941650390625 518.388557434082 496.6962585449219 423.27239990234375 496.6962585449219
425.6619567871094 296.35443115234375 521.2088623046875 296.35443115234375 521.2088623046875 497.19566345214844 425.6619567871094 497.19566345214844
427.76593017578125 294.93798828125 523.1974029541016 294.93798828125 523.1974029541016 497.03651428222656 427.76593017578125 497.03651428222656
429.3402404785156 295.20703125 525.6634902954102 295.20703125 525.6634902954102 496.8430938720703 429.3402404785156 496.8430938720703
431.093017578125 296.35113525390625 527.8148345947266 296.35113525390625 527.8148345947266 497.1393127441406 431.093017578125 497.1393127441406
429.9371643066406 294.90765380859375 525.9052429199219 294.90765380859375 525.9052429199219 495.2955780029297 429.9371643066406 495.2955780029297
435.7691345214844 296.0067138671875 529.2608795166016 296.0067138671875 529.2608795166016 494.4954376220703 435.7691345214844 494.4954376220703
437.11126708984375 290.98931884765625 531.5240325927734 290.98931884765625 531.5240325927734 492.3657531738281 437.11126708984375 492.3657531738281
437.7456970214844 290.20684814453125 530.9169387817383 290.20684814453125 530.9169387817383 492.5125427246094 437.7456970214844 492.5125427246094
438.33563232421875 286.38330078125 533.2149658203125 286.38330078125 533.2149658203125 494.0855407714844 438.33563232421875 494.0855407714844
439.27947998046875 287.811279296875 532.4491958618164 287.811279296875 532.4491958618164 494.1221618652344 439.27947998046875 494.1221618652344
442.74114990234375 287.7508544921875 536.8755035400391 287.7508544921875 536.8755035400391 491.19126892089844 442.74114990234375 491.19126892089844
443.52032470703125 286.53564453125 535.1356735229492 286.53564453125 535.1356735229492 492.1271057128906 443.52032470703125 492.1271057128906
440.7022399902344 288.1192626953125 532.9884872436523 288.1192626953125 532.9884872436523 490.0164489746094 440.7022399902344 490.0164489746094
442.0187072753906 290.5188293457031 534.2410125732422 290.5188293457031 534.2410125732422 489.29425048828125 442.0187072753906 489.29425048828125
443.2103576660156 289.0472412109375 536.7214736938477 289.0472412109375 536.7214736938477 490.0610046386719 443.2103576660156 490.0610046386719
442.82159423828125 292.31011962890625 537.0835571289062 292.31011962890625 537.0835571289062 489.7653350830078 442.82159423828125 489.7653350830078
440.32489013671875 293.4237060546875 534.2582778930664 293.4237060546875 534.2582778930664 489.0780944824219 440.32489013671875 489.0780944824219
438.6134338378906 297.8210144042969 531.1201095581055 297.8210144042969 531.1201095581055 488.5123291015625 438.6134338378906 488.5123291015625
443.7442932128906 305.4095458984375 536.4563293457031 305.4095458984375 536.4563293457031 492.4114685058594 443.7442932128906 492.4114685058594
439.63751220703125 301.7543029785156 533.6137924194336 301.7543029785156 533.6137924194336 490.69000244140625 439.63751220703125 490.69000244140625
433.78759765625 300.538330078125 530.0916595458984 300.538330078125 530.0916595458984 489.2166442871094 433.78759765625 489.2166442871094
428.62200927734375 292.9541015625 528.0789337158203 292.9541015625 528.0789337158203 485.42193603515625 428.62200927734375 485.42193603515625
423.29376220703125 286.24359130859375 522.7599945068359 286.24359130859375 522.7599945068359 478.7294464111328 423.29376220703125 478.7294464111328
418.5430603027344 281.03240966796875 518.7665176391602 281.03240966796875 518.7665176391602 474.98362731933594 418.5430603027344 474.98362731933594
417.78656005859375 281.4473571777344 520.2598876953125 281.4473571777344 520.2598876953125 479.1438903808594 417.78656005859375 479.1438903808594
411.5018005371094 284.6073303222656 512.8851547241211 284.6073303222656 512.8851547241211 480.5962219238281 411.5018005371094 480.5962219238281
402.64727783203125 281.4629211425781 504.443603515625 281.4629211425781 504.443603515625 477.8762512207031 402.64727783203125 477.8762512207031
404.748046875 282.7274475097656 506.7584762573242 282.7274475097656 506.7584762573242 480.1367645263672 404.748046875 480.1367645263672
399.20501708984375 284.0701904296875 500.1270523071289 284.0701904296875 500.1270523071289 479.3732604980469 399.20501708984375 479.3732604980469
397.06805419921875 280.8229064941406 496.6981887817383 280.8229064941406 496.6981887817383 473.62591552734375 397.06805419921875 473.62591552734375
393.9717102050781 286.2538757324219 493.90441131591797 286.2538757324219 493.90441131591797 477.03692626953125 393.9717102050781 477.03692626953125
389.96307373046875 282.25067138671875 488.6434860229492 282.25067138671875 488.6434860229492 473.2157897949219 389.96307373046875 473.2157897949219
380.006103515625 285.07122802734375 479.4098205566406 285.07122802734375 479.4098205566406 477.4360656738281 380.006103515625 477.4360656738281
378.693359375 293.0181884765625 478.45677185058594 293.0181884765625 478.45677185058594 486.0791015625 378.693359375 486.0791015625
373.192138671875 291.7109069824219 473.8207550048828 291.7109069824219 473.8207550048828 486.4461669921875 373.192138671875 486.4461669921875
367.0960998535156 286.61669921875 469.25486755371094 286.61669921875 469.25486755371094 484.31309509277344 367.0960998535156 484.31309509277344
368.1009826660156 281.21356201171875 471.6304016113281 281.21356201171875 471.6304016113281 483.0425720214844 368.1009826660156 483.0425720214844
364.1357727050781 269.79974365234375 467.9825973510742 269.79974365234375 467.9825973510742 470.76283264160156 364.1357727050781 470.76283264160156
360.5854797363281 274.8895568847656 464.77342224121094 274.8895568847656 464.77342224121094 478.39414978027344 360.5854797363281 478.39414978027344
357.7138671875 269.0075378417969 461.7592010498047 269.0075378417969 461.7592010498047 472.6233673095703 357.7138671875 472.6233673095703
353.9762268066406 266.6118469238281 458.2193908691406 266.6118469238281 458.2193908691406 468.3419189453125 353.9762268066406 468.3419189453125
350.0039367675781 272.29681396484375 453.51023864746094 272.29681396484375 453.51023864746094 473.77056884765625 350.0039367675781 473.77056884765625
345.17730712890625 272.3927307128906 449.90885162353516 272.3927307128906 449.90885162353516 475.06793212890625 345.17730712890625 475.06793212890625
344.56561279296875 276.7680969238281 448.02779388427734 276.7680969238281 448.02779388427734 483.5942687988281 344.56561279296875 483.5942687988281
339.13946533203125 282.20123291015625 438.08104705810547 282.20123291015625 438.08104705810547 494.99952697753906 339.13946533203125 494.99952697753906
326.8049011230469 282.54534912109375 433.5076599121094 282.54534912109375 433.5076599121094 489.5603332519531 326.8049011230469 489.5603332519531
318.0043640136719 286.99713134765625 425.50170135498047 286.99713134765625 425.50170135498047 495.0246887207031 318.0043640136719 495.0246887207031
314.05853271484375 285.2789611816406 421.27496337890625 285.2789611816406 421.27496337890625 492.76292419433594 314.05853271484375 492.76292419433594
310.69036865234375 280.10565185546875 418.68475341796875 280.10565185546875 418.68475341796875 489.09510803222656 310.69036865234375 489.09510803222656
301.2128601074219 274.4373474121094 410.0830383300781 274.4373474121094 410.0830383300781 485.12159729003906 301.2128601074219 485.12159729003906
299.37115478515625 267.0857238769531 409.34617614746094 267.0857238769531 409.34617614746094 479.90806579589844 299.37115478515625 479.90806579589844
295.79522705078125 273.3604736328125 406.3544921875 273.3604736328125 406.3544921875 487.3134307861328 295.79522705078125 487.3134307861328
291.19158935546875 261.1930847167969 402.6015853881836 261.1930847167969 402.6015853881836 476.79237365722656 291.19158935546875 476.79237365722656
281.57244873046875 259.89990234375 396.2114715576172 259.89990234375 396.2114715576172 481.7479553222656 281.57244873046875 481.7479553222656
278.28790283203125 262.0575256347656 395.11187744140625 262.0575256347656 395.11187744140625 488.1338653564453 278.28790283203125 488.1338653564453
272.58380126953125 268.75390625 392.0335693359375 268.75390625 392.0335693359375 499.9116516113281 272.58380126953125 499.9116516113281
253.3075714111328 260.73870849609375 374.7303009033203 260.73870849609375 374.7303009033203 495.71449279785156 253.3075714111328 495.71449279785156
250.5915069580078 262.57122802734375 373.7054748535156 262.57122802734375 373.7054748535156 500.81988525390625 250.5915069580078 500.81988525390625
237.46670532226562 262.92242431640625 362.21472930908203 262.92242431640625 362.21472930908203 504.3332824707031 237.46670532226562 504.3332824707031
225.21865844726562 259.6528015136719 349.9867630004883 259.6528015136719 349.9867630004883 501.1025390625 225.21865844726562 501.1025390625
218.3978271484375 254.043701171875 347.064453125 254.043701171875 347.064453125 503.0377960205078 218.3978271484375 503.0377960205078
212.39590454101562 247.9528350830078 342.04002380371094 247.9528350830078 342.04002380371094 498.8385467529297 212.39590454101562 498.8385467529297
203.13595581054688 245.82919311523438 332.71478271484375 245.82919311523438 332.71478271484375 496.58856201171875 203.13595581054688 496.58856201171875
200.83895874023438 247.75503540039062 332.25274658203125 247.75503540039062 332.25274658203125 502.0653839111328 200.83895874023438 502.0653839111328
191.77542114257812 248.98654174804688 322.0068664550781 248.98654174804688 322.0068664550781 501.0088348388672 191.77542114257812 501.0088348388672
191.07481384277344 253.5614471435547 323.6570587158203 253.5614471435547 323.6570587158203 510.1329803466797 191.07481384277344 510.1329803466797
185.7978515625 251.65933227539062 321.2098388671875 251.65933227539062 321.2098388671875 513.7070007324219 185.7978515625 513.7070007324219
177.79490661621094 248.1807403564453 313.9820251464844 248.1807403564453 313.9820251464844 511.7284393310547 177.79490661621094 511.7284393310547
172.6139373779297 243.79959106445312 310.9296569824219 243.79959106445312 310.9296569824219 511.4665832519531 172.6139373779297 511.4665832519531
166.94772338867188 251.63442993164062 307.83604431152344 251.63442993164062 307.83604431152344 524.2798767089844 166.94772338867188 524.2798767089844
157.08438110351562 255.79476928710938 301.77508544921875 255.79476928710938 301.77508544921875 529.8874816894531 157.08438110351562 529.8874816894531
146.9232177734375 255.7146759033203 290.1305389404297 255.7146759033203 290.1305389404297 529.4294281005859 146.9232177734375 529.4294281005859
147.6771240234375 240.26876831054688 292.2056121826172 240.26876831054688 292.2056121826172 519.9586486816406 147.6771240234375 519.9586486816406
146.0701904296875 243.0527801513672 288.99110412597656 243.0527801513672 288.99110412597656 519.6316986083984 146.0701904296875 519.6316986083984
139.7239990234375 234.6912841796875 284.2483825683594 234.6912841796875 284.2483825683594 514.3732299804688 139.7239990234375 514.3732299804688
132.57077026367188 235.74545288085938 278.66175842285156 235.74545288085938 278.66175842285156 518.4590759277344 132.57077026367188 518.4590759277344
124.49713134765625 234.39675903320312 273.4698181152344 234.39675903320312 273.4698181152344 522.6869812011719 124.49713134765625 522.6869812011719
120.0238037109375 228.91580200195312 270.04396057128906 228.91580200195312 270.04396057128906 519.2330932617188 120.0238037109375 519.2330932617188
118.08683776855469 229.6285858154297 265.90174865722656 229.6285858154297 265.90174865722656 515.6783294677734 118.08683776855469 515.6783294677734
111.75550842285156 232.93777465820312 259.30531311035156 232.93777465820312 259.30531311035156 518.4744873046875 111.75550842285156 518.4744873046875
106.1977310180664 229.80453491210938 254.0854721069336 229.80453491210938 254.0854721069336 515.9952392578125 106.1977310180664 515.9952392578125
95.61713409423828 231.24093627929688 241.05059051513672 231.24093627929688 241.05059051513672 515.0243225097656 95.61713409423828 515.0243225097656
82.65725708007812 238.4782257080078 226.628662109375 238.4782257080078 226.628662109375 521.3602447509766 82.65725708007812 521.3602447509766
79.7033462524414 239.1500244140625 222.66040802001953 239.1500244140625 222.66040802001953 524.2119750976562 79.7033462524414 524.2119750976562
81.41127014160156 228.74472045898438 223.77593994140625 228.74472045898438 223.77593994140625 520.8471069335938 81.41127014160156 520.8471069335938
73.10050964355469 226.4446563720703 218.125 226.4446563720703 218.125 520.4810333251953 73.10050964355469 520.4810333251953
69.39861297607422 222.6407012939453 213.1360855102539 222.6407012939453 213.1360855102539 519.6477813720703 69.39861297607422 519.6477813720703
66.0542984008789 218.3701171875 207.73235321044922 218.3701171875 207.73235321044922 520.0426635742188 66.0542984008789 520.0426635742188
63.41107177734375 217.7526397705078 203.12660217285156 217.7526397705078 203.12660217285156 519.3712310791016 63.41107177734375 519.3712310791016
66.2116470336914 218.5552978515625 204.60279083251953 218.5552978515625 204.60279083251953 520.2849731445312 66.2116470336914 520.2849731445312
63.11232376098633 219.94711303710938 203.95187759399414 219.94711303710938 203.95187759399414 525.8926086425781 63.11232376098633 525.8926086425781
64.13761138916016 222.0704803466797 205.34972381591797 222.0704803466797 205.34972381591797 534.8821868896484 64.13761138916016 534.8821868896484
62.05853271484375 222.1687469482422 207.63735961914062 222.1687469482422 207.63735961914062 539.4413909912109 62.05853271484375 539.4413909912109
63.921409606933594 220.7010955810547 212.78545379638672 220.7010955810547 212.78545379638672 537.3664398193359 63.921409606933594 537.3664398193359
65.52111053466797 222.85287475585938 219.84612274169922 222.85287475585938 219.84612274169922 542.7137756347656 65.52111053466797 542.7137756347656
68.34050750732422 218.02529907226562 223.84693145751953 218.02529907226562 223.84693145751953 542.6440124511719 68.34050750732422 542.6440124511719
65.1581802368164 215.763427734375 225.5884780883789 215.763427734375 225.5884780883789 536.7605895996094 65.1581802368164 536.7605895996094
67.89376831054688 218.83425903320312 222.89598083496094 218.83425903320312 222.89598083496094 541.5720520019531 67.89376831054688 541.5720520019531
69.02523040771484 216.18417358398438 225.09925079345703 216.18417358398438 225.09925079345703 536.1763000488281 69.02523040771484 536.1763000488281
77.61974334716797 215.98977661132812 232.87352752685547 215.98977661132812 232.87352752685547 531.8144226074219 77.61974334716797 531.8144226074219
77.85890197753906 212.85195922851562 233.6101531982422 212.85195922851562 233.6101531982422 533.433837890625 77.85890197753906 533.433837890625
79.53642272949219 220.6598663330078 235.22877502441406 220.6598663330078 235.22877502441406 536.8644561767578 79.53642272949219 536.8644561767578
85.12318420410156 214.56137084960938 240.94078063964844 214.56137084960938 240.94078063964844 535.2337951660156 85.12318420410156 535.2337951660156
86.34364318847656 213.47598266601562 241.8832244873047 213.47598266601562 241.8832244873047 532.7137145996094 86.34364318847656 532.7137145996094
91.84479522705078 218.09872436523438 248.37540435791016 218.09872436523438 248.37540435791016 529.0260925292969 91.84479522705078 529.0260925292969
92.02243041992188 219.5373077392578 243.5430450439453 219.5373077392578 243.5430450439453 534.8280181884766 92.02243041992188 534.8280181884766
96.02979278564453 210.1933135986328 251.95825958251953 210.1933135986328 251.95825958251953 523.7360382080078 96.02979278564453 523.7360382080078
95.1249771118164 214.8698272705078 248.30986785888672 214.8698272705078 248.30986785888672 535.0799713134766 95.1249771118164 535.0799713134766
95.05498504638672 209.1450958251953 249.6337661743164 209.1450958251953 249.6337661743164 533.1641693115234 95.05498504638672 533.1641693115234
98.3180160522461 216.1049346923828 253.40479278564453 216.1049346923828 253.40479278564453 530.3594818115234 98.3180160522461 530.3594818115234
100.83036804199219 210.44888305664062 254.83212280273438 210.44888305664062 254.83212280273438 531.1316528320312 100.83036804199219 531.1316528320312
103.13240051269531 210.2156982421875 251.9114532470703 210.2156982421875 251.9114532470703 534.7314758300781 103.13240051269531 534.7314758300781
103.74296569824219 213.48770141601562 252.91583251953125 213.48770141601562 252.91583251953125 539.0398864746094 103.74296569824219 539.0398864746094
107.25091552734375 213.5601348876953 255.84234619140625 213.5601348876953 255.84234619140625 539.1821441650391 107.25091552734375 539.1821441650391
107.5093994140625 215.7974853515625 260.86842346191406 215.7974853515625 260.86842346191406 537.5227355957031 107.5093994140625 537.5227355957031
106.41048431396484 216.19140625 261.10779571533203 216.19140625 261.10779571533203 535.5368041992188 106.41048431396484 535.5368041992188
110.9379653930664 217.8079071044922 264.5624313354492 217.8079071044922 264.5624313354492 536.7148895263672 110.9379653930664 536.7148895263672
113.60395812988281 215.9459228515625 265.0548400878906 215.9459228515625 265.0548400878906 532.69091796875 113.60395812988281 532.69091796875
114.067626953125 221.3300018310547 268.1409149169922 221.3300018310547 268.1409149169922 531.0744781494141 114.067626953125 531.0744781494141
119.92061614990234 218.41201782226562 268.68859100341797 218.41201782226562 268.68859100341797 538.1264953613281 119.92061614990234 538.1264953613281
117.6212158203125 217.6723175048828 270.6599426269531 217.6723175048828 270.6599426269531 528.1923675537109 117.6212158203125 528.1923675537109
119.940673828125 219.10769653320312 268.857177734375 219.10769653320312 268.857177734375 542.45654296875 119.940673828125 542.45654296875
122.96053314208984 222.69778442382812 271.72164154052734 222.69778442382812 271.72164154052734 543.7104187011719 122.96053314208984 543.7104187011719
126.81294250488281 221.55319213867188 273.33135986328125 221.55319213867188 273.33135986328125 543.9949035644531 126.81294250488281 543.9949035644531
129.66232299804688 223.79183959960938 274.6916046142578 223.79183959960938 274.6916046142578 542.5932006835938 129.66232299804688 542.5932006835938
132.552001953125 226.6040496826172 277.7429504394531 226.6040496826172 277.7429504394531 541.6844329833984 132.552001953125 541.6844329833984
133.57510375976562 226.65823364257812 279.4932861328125 226.65823364257812 279.4932861328125 542.4601135253906 133.57510375976562 542.4601135253906
133.740966796875 228.38412475585938 278.70257568359375 228.38412475585938 278.70257568359375 541.7328491210938 133.740966796875 541.7328491210938
138.0521240234375 227.9969940185547 281.03314208984375 227.9969940185547 281.03314208984375 540.3299713134766 138.0521240234375 540.3299713134766
138.93350219726562 229.9930877685547 281.4582061767578 229.9930877685547 281.4582061767578 538.0740814208984 138.93350219726562 538.0740814208984
137.55593872070312 228.9095458984375 281.4407958984375 228.9095458984375 281.4407958984375 538.8601989746094 137.55593872070312 538.8601989746094
138.26779174804688 229.4610137939453 281.13380432128906 229.4610137939453 281.13380432128906 537.8932952880859 138.26779174804688 537.8932952880859
139.75106811523438 229.2845001220703 282.91123962402344 229.2845001220703 282.91123962402344 535.7463226318359 139.75106811523438 535.7463226318359
140.18862915039062 227.2542266845703 285.5550994873047 227.2542266845703 285.5550994873047 535.4662322998047 140.18862915039062 535.4662322998047
139.069091796875 224.593994140625 285.4262237548828 224.593994140625 285.4262237548828 535.2640991210938 139.069091796875 535.2640991210938
139.7916717529297 214.0474395751953 286.8739471435547 214.0474395751953 286.8739471435547 534.9989166259766 139.7916717529297 534.9989166259766
138.98898315429688 212.05282592773438 286.1583251953125 212.05282592773438 286.1583251953125 532.0813293457031 138.98898315429688 532.0813293457031
136.72299194335938 212.66793823242188 283.9780731201172 212.66793823242188 283.9780731201172 533.9740295410156 136.72299194335938 533.9740295410156
140.03131103515625 212.0597381591797 284.76219177246094 212.0597381591797 284.76219177246094 532.6290435791016 140.03131103515625 532.6290435791016
139.23248291015625 220.187744140625 285.8392639160156 220.187744140625 285.8392639160156 532.0320434570312 139.23248291015625 532.0320434570312
142.175537109375 218.3970184326172 290.0841064453125 218.3970184326172 290.0841064453125 534.7266998291016 142.175537109375 534.7266998291016
138.9403076171875 218.8751220703125 286.82652282714844 218.8751220703125 286.82652282714844 531.6750793457031 138.9403076171875 531.6750793457031
134.2317352294922 219.4739990234375 286.8242492675781 219.4739990234375 286.8242492675781 528.2076110839844 134.2317352294922 528.2076110839844
135.75796508789062 216.2862548828125 286.9519805908203 216.2862548828125 286.9519805908203 525.7085571289062 135.75796508789062 525.7085571289062
139.35061645507812 230.8943634033203 282.59539794921875 230.8943634033203 282.59539794921875 518.1201629638672 139.35061645507812 518.1201629638672
141.70291137695312 233.0545196533203 281.6919860839844 233.0545196533203 281.6919860839844 521.4170989990234 141.70291137695312 521.4170989990234
135.998779296875 230.19570922851562 278.3734893798828 230.19570922851562 278.3734893798828 517.8676147460938 135.998779296875 517.8676147460938
139.81201171875 237.09609985351562 287.6956329345703 237.09609985351562 287.6956329345703 526.244384765625 139.81201171875 526.244384765625
139.4633331298828 247.25857543945312 284.828857421875 247.25857543945312 284.828857421875 528.6899108886719 139.4633331298828 528.6899108886719
135.78712463378906 255.0779266357422 280.2677917480469 255.0779266357422 280.2677917480469 533.6459808349609 135.78712463378906 533.6459808349609
130.3583221435547 258.7087707519531 269.5822296142578 258.7087707519531 269.5822296142578 532.5776672363281 130.3583221435547 532.5776672363281
134.81631469726562 262.517333984375 273.18751525878906 262.517333984375 273.18751525878906 534.0984802246094 134.81631469726562 534.0984802246094
125.76715087890625 263.13238525390625 270.8503723144531 263.13238525390625 270.8503723144531 536.3771667480469 125.76715087890625 536.3771667480469
121.05741119384766 259.1414794921875 268.8039016723633 259.1414794921875 268.8039016723633 535.4497680664062 121.05741119384766 535.4497680664062
116.09632873535156 254.91958618164062 267.8566589355469 254.91958618164062 267.8566589355469 534.0341796875 116.09632873535156 534.0341796875
111.0597152709961 254.3845672607422 265.00011444091797 254.3845672607422 265.00011444091797 536.7802581787109 111.0597152709961 536.7802581787109
99.41584777832031 256.22332763671875 258.1533966064453 256.22332763671875 258.1533966064453 534.7072143554688 99.41584777832031 534.7072143554688
93.53632354736328 246.21548461914062 247.34467315673828 246.21548461914062 247.34467315673828 538.2454528808594 93.53632354736328 538.2454528808594
84.53495788574219 250.8979034423828 244.71905517578125 250.8979034423828 244.71905517578125 533.7704010009766 84.53495788574219 533.7704010009766
74.11671447753906 233.21286010742188 226.52601623535156 233.21286010742188 226.52601623535156 528.1537780761719 74.11671447753906 528.1537780761719
55.05143356323242 232.858154296875 209.68456649780273 232.858154296875 209.68456649780273 532.1026000976562 55.05143356323242 532.1026000976562
36.293704986572266 225.3675079345703 193.08391189575195 225.3675079345703 193.08391189575195 528.7862701416016 36.293704986572266 528.7862701416016
24.89566421508789 229.82730102539062 186.8596534729004 229.82730102539062 186.8596534729004 543.25830078125 24.89566421508789 543.25830078125
9.01469898223877 223.33798217773438 171.91045093536377 223.33798217773438 171.91045093536377 538.5721435546875 9.01469898223877 538.5721435546875
0.0 235.2754669189453 169.6258087158203 235.2754669189453 169.6258087158203 552.4675445556641 0.0 552.4675445556641
0.0 240.6337127685547 181.30694580078125 240.6337127685547 181.30694580078125 557.1495208740234 0.0 557.1495208740234
0.0 237.44912719726562 171.57415771484375 237.44912719726562 171.57415771484375 559.6394958496094 0.0 559.6394958496094
2.1120147705078125 251.64144897460938 158.6696014404297 251.64144897460938 158.6696014404297 562.6045227050781 2.1120147705078125 562.6045227050781
0.0 240.06643676757812 171.08062744140625 240.06643676757812 171.08062744140625 571.1398010253906 0.0 571.1398010253906
3.7730515003204346 239.65866088867188 177.0591537952423 239.65866088867188 177.0591537952423 575.0000305175781 3.7730515003204346 575.0000305175781
0.0 0.0 169.30303955078125 0.0 169.30303955078125 327.6333923339844 0.0 327.6333923339844
30.512155532836914 264.4727478027344 166.8891544342041 264.4727478027344 166.8891544342041 545.8799133300781 30.512155532836914 545.8799133300781
0.0 243.14163208007812 167.18768310546875 243.14163208007812 167.18768310546875 566.681396484375 0.0 566.681396484375
25.368431091308594 266.31622314453125 158.07573699951172 266.31622314453125 158.07573699951172 541.2431335449219 25.368431091308594 541.2431335449219
28.556289672851562 269.03619384765625 160.89764404296875 269.03619384765625 160.89764404296875 538.8978881835938 28.556289672851562 538.8978881835938
30.74916648864746 268.85943603515625 162.42149925231934 268.85943603515625 162.42149925231934 538.2839965820312 30.74916648864746 538.2839965820312
38.80244064331055 270.98919677734375 169.19915390014648 270.98919677734375 169.19915390014648 537.4422302246094 38.80244064331055 537.4422302246094
38.85780715942383 274.2840881347656 169.0683479309082 274.2840881347656 169.0683479309082 536.5492858886719 38.85780715942383 536.5492858886719
34.112586975097656 276.1754455566406 164.38489532470703 276.1754455566406 164.38489532470703 538.2579040527344 34.112586975097656 538.2579040527344
32.7559814453125 275.29083251953125 165.0422821044922 275.29083251953125 165.0422821044922 539.625244140625 32.7559814453125 539.625244140625
34.64473342895508 269.77691650390625 171.0687141418457 269.77691650390625 171.0687141418457 538.8294677734375 34.64473342895508 538.8294677734375
25.153404235839844 262.7315979003906 160.19054412841797 262.7315979003906 160.19054412841797 536.3570251464844 25.153404235839844 536.3570251464844
26.13692855834961 261.8204040527344 160.1098747253418 261.8204040527344 160.1098747253418 534.5051574707031 26.13692855834961 534.5051574707031
28.8317813873291 263.2475280761719 162.7453556060791 263.2475280761719 162.7453556060791 534.8995666503906 28.8317813873291 534.8995666503906
0.0 235.31591796875 175.5301513671875 235.31591796875 175.5301513671875 575.0000305175781 0.0 575.0000305175781
0.0 234.8292999267578 175.78158569335938 234.8292999267578 175.78158569335938 575.0000152587891 0.0 575.0000152587891
0.0 235.1165771484375 175.63311767578125 235.1165771484375 175.63311767578125 574.9999694824219 0.0 574.9999694824219
0.0 234.2946014404297 176.05789184570312 234.2946014404297 176.05789184570312 574.9999847412109 0.0 574.9999847412109
7.978628635406494 241.2609405517578 175.13870859146118 241.2609405517578 175.13870859146118 567.1903533935547 7.978628635406494 567.1903533935547
0.36131590604782104 236.0128936767578 175.53129881620407 236.0128936767578 175.53129881620407 575.0000152587891 0.36131590604782104 575.0000152587891
8.4766845703125 241.96371459960938 174.41619873046875 241.96371459960938 174.41619873046875 566.6720275878906 8.4766845703125 566.6720275878906
16.723644256591797 240.96243286132812 183.49857711791992 240.96243286132812 183.49857711791992 566.8480224609375 16.723644256591797 566.8480224609375
31.6461124420166 254.88882446289062 179.0833225250244 254.88882446289062 179.0833225250244 551.3581237792969 31.6461124420166 551.3581237792969
21.022808074951172 241.89535522460938 186.97660446166992 241.89535522460938 186.97660446166992 566.88037109375 21.022808074951172 566.88037109375
10.339961051940918 232.95925903320312 187.08784008026123 232.95925903320312 187.08784008026123 575.0000305175781 10.339961051940918 575.0000305175781
3.877584934234619 230.6910858154297 181.79750680923462 230.6910858154297 181.79750680923462 574.9999847412109 3.877584934234619 574.9999847412109
0.0 227.85708618164062 179.3843994140625 227.85708618164062 179.3843994140625 575.0000305175781 0.0 575.0000305175781
0.0 226.302734375 180.18759155273438 226.302734375 180.18759155273438 575.0 0.0 575.0
0.0 227.08303833007812 179.7843780517578 227.08303833007812 179.7843780517578 574.9999694824219 0.0 574.9999694824219
0.0 227.8699951171875 179.3777313232422 227.8699951171875 179.3777313232422 574.9999694824219 0.0 574.9999694824219
0.0 227.90512084960938 179.35958862304688 227.90512084960938 179.35958862304688 575.0 0.0 575.0
0.0 229.5309295654297 178.5194549560547 229.5309295654297 178.5194549560547 574.9999847412109 0.0 574.9999847412109
0.0 226.16738891601562 180.25755310058594 226.16738891601562 180.25755310058594 575.0 0.0 575.0
0.0 226.13687133789062 180.27334594726562 226.13687133789062 180.27334594726562 575.0000305175781 0.0 575.0000305175781
0.0 226.5531463623047 180.05821228027344 226.5531463623047 180.05821228027344 574.9999847412109 0.0 574.9999847412109
0.0 230.18630981445312 178.18081665039062 230.18630981445312 178.18081665039062 575.0 0.0 575.0
0.0 229.61929321289062 178.4738311767578 229.61929321289062 178.4738311767578 575.0 0.0 575.0
0.0 227.28091430664062 179.6821746826172 227.28091430664062 179.6821746826172 575.0 0.0 575.0
0.0 228.22695922851562 179.1933135986328 228.22695922851562 179.1933135986328 574.9999694824219 0.0 574.9999694824219
0.0 228.77783203125 178.90866088867188 228.77783203125 178.90866088867188 575.0 0.0 575.0
0.0 228.67898559570312 178.959716796875 228.67898559570312 178.959716796875 574.9999694824219 0.0 574.9999694824219
0.0 228.3085479736328 179.15115356445312 228.3085479736328 179.15115356445312 574.9999847412109 0.0 574.9999847412109
0.0 227.8518524169922 179.38717651367188 227.8518524169922 179.38717651367188 574.9999847412109 0.0 574.9999847412109
0.0 227.63754272460938 179.4979248046875 227.63754272460938 179.4979248046875 575.0000305175781 0.0 575.0000305175781
0.0 228.11270141601562 179.25238037109375 228.11270141601562 179.25238037109375 575.0 0.0 575.0
0.0 224.28939819335938 181.2280731201172 224.28939819335938 181.2280731201172 575.0 0.0 575.0
0.0 224.28500366210938 181.23036193847656 224.28500366210938 181.23036193847656 575.0000305175781 0.0 575.0000305175781
0.0 226.0036163330078 180.34226989746094 226.0036163330078 180.34226989746094 575.0000152587891 0.0 575.0000152587891
0.0 225.7679901123047 180.46401977539062 225.7679901123047 180.46401977539062 574.9999847412109 0.0 574.9999847412109
0.007695007137954235 232.9489288330078 176.76102142315358 232.9489288330078 176.76102142315358 574.9999847412109 0.007695007137954235 574.9999847412109
0.0 232.75546264648438 176.85330200195312 232.75546264648438 176.85330200195312 575.0 0.0 575.0
0.0 231.3627166748047 177.572998046875 231.3627166748047 177.572998046875 574.9999847412109 0.0 574.9999847412109
0.0 228.7582244873047 178.91885375976562 228.7582244873047 178.91885375976562 574.9999847412109 0.0 574.9999847412109
0.21461181342601776 230.22793579101562 178.21255187690258 230.22793579101562 178.21255187690258 574.6875305175781 0.21461181342601776 574.6875305175781
4.734283447265625 239.9423065185547 172.73509216308594 239.9423065185547 172.73509216308594 566.3571319580078 4.734283447265625 566.3571319580078
0.0 232.6575164794922 176.90394592285156 232.6575164794922 176.90394592285156 574.9999847412109 0.0 574.9999847412109
0.0 233.8121337890625 176.30731201171875 233.8121337890625 176.30731201171875 575.0 0.0 575.0
4.266474723815918 241.681396484375 171.50487804412842 241.681396484375 171.50487804412842 566.4312133789062 4.266474723815918 566.4312133789062
0.0 229.77377319335938 177.90093994140625 229.77377319335938 177.90093994140625 574.045654296875 0.0 574.045654296875
0.0 227.7937469482422 178.8343048095703 227.7937469482422 178.8343048095703 573.8718414306641 0.0 573.8718414306641
0.0 227.61276245117188 179.5107879638672 227.61276245117188 179.5107879638672 575.0 0.0 575.0
0.0 228.05728149414062 179.28109741210938 228.05728149414062 179.28109741210938 574.9999694824219 0.0 574.9999694824219
0.0 227.0560760498047 179.12857055664062 227.0560760498047 179.12857055664062 573.7035980224609 0.0 573.7035980224609
0.0 226.9735870361328 179.2112579345703 226.9735870361328 179.2112579345703 573.7811126708984 0.0 573.7811126708984
0.0 228.9351348876953 178.82748413085938 228.9351348876953 178.82748413085938 575.0000152587891 0.0 575.0000152587891
0.0 228.6986846923828 178.9496612548828 228.6986846923828 178.9496612548828 575.0000152587891 0.0 575.0000152587891
0.0 227.1746368408203 178.585205078125 227.1746368408203 178.585205078125 572.7707061767578 0.0 572.7707061767578
0.0 227.492919921875 179.11105346679688 227.492919921875 179.11105346679688 574.1065979003906 0.0 574.1065979003906
0.0 228.74588012695312 178.92526245117188 228.74588012695312 178.92526245117188 575.0 0.0 575.0
0.0 228.0553741455078 178.9390106201172 228.0553741455078 178.9390106201172 574.3361358642578 0.0 574.3361358642578
0.0 225.22891235351562 178.64971923828125 225.22891235351562 178.64971923828125 570.9498291015625 0.0 570.9498291015625
13.396284103393555 252.3366241455078 162.38081169128418 252.3366241455078 162.38081169128418 547.9589080810547 13.396284103393555 547.9589080810547
13.482150077819824 253.5609893798828 162.4910764694214 253.5609893798828 162.4910764694214 549.2187042236328 13.482150077819824 549.2187042236328
21.802406311035156 269.4349060058594 150.51311492919922 269.4349060058594 150.51311492919922 531.6916198730469 21.802406311035156 531.6916198730469
22.111251831054688 269.1619873046875 151.7626495361328 269.1619873046875 151.7626495361328 533.0501098632812 22.111251831054688 533.0501098632812
21.63468360900879 269.1165466308594 150.95803260803223 269.1165466308594 150.95803260803223 532.7946166992188 21.63468360900879 532.7946166992188
21.890085220336914 268.65264892578125 150.92832374572754 268.65264892578125 150.92832374572754 532.4488525390625 21.890085220336914 532.4488525390625
22.066415786743164 267.0604248046875 152.6448154449463 267.0604248046875 152.6448154449463 531.6895141601562 22.066415786743164 531.6895141601562
17.175451278686523 259.8828430175781 155.8449306488037 259.8828430175781 155.8449306488037 537.9922790527344 17.175451278686523 537.9922790527344
0.0 232.357177734375 176.0558624267578 232.357177734375 176.0558624267578 573.05859375 0.0 573.05859375
0.0 229.2415313720703 176.73385620117188 229.2415313720703 176.73385620117188 571.2549591064453 0.0 571.2549591064453
0.0 235.6650848388672 175.34971618652344 235.6650848388672 175.34971618652344 574.9999847412109 0.0 574.9999847412109
0.0 228.65234375 177.20510864257812 228.65234375 177.20510864257812 571.5777587890625 0.0 571.5777587890625
0.0 235.9295196533203 175.2130889892578 235.9295196533203 175.2130889892578 575.0000152587891 0.0 575.0000152587891
0.21953734755516052 234.9208221435547 175.34522399306297 234.9208221435547 175.34522399306297 573.8221893310547 0.21953734755516052 573.8221893310547
0.0 233.2301025390625 176.125244140625 233.2301025390625 176.125244140625 574.0658264160156 0.0 574.0658264160156
4.682660102844238 243.20718383789062 169.8605318069458 243.20718383789062 169.8605318069458 567.0549621582031 4.682660102844238 567.0549621582031
9.607773780822754 248.5096435546875 165.84329319000244 248.5096435546875 165.84329319000244 558.9275207519531 9.607773780822754 558.9275207519531
9.595704078674316 243.3275604248047 166.75421237945557 243.3275604248047 166.75421237945557 555.5962982177734 9.595704078674316 555.5962982177734
4.868741035461426 233.1309051513672 172.96073627471924 233.1309051513672 172.96073627471924 563.0842437744141 4.868741035461426 563.0842437744141
0.0 222.72451782226562 179.4759521484375 222.72451782226562 179.4759521484375 570.0444946289062 0.0 570.0444946289062
0.0 224.42031860351562 178.711181640625 224.42031860351562 178.711181640625 570.2603149414062 0.0 570.2603149414062
0.0 225.4788818359375 178.01449584960938 225.4788818359375 178.01449584960938 569.9706726074219 0.0 569.9706726074219
5.03971004486084 229.9620361328125 173.18965816497803 229.9620361328125 173.18965816497803 560.3231506347656 5.03971004486084 560.3231506347656
0.0 230.6188507080078 177.16061401367188 230.6188507080078 177.16061401367188 573.4582061767578 0.0 573.4582061767578
0.0 227.481201171875 177.8115692138672 227.481201171875 177.8115692138672 571.5802612304688 0.0 571.5802612304688
0.0 226.1253662109375 175.88461303710938 226.1253662109375 175.88461303710938 566.4953918457031 0.0 566.4953918457031
5.017918586730957 236.15658569335938 171.03361988067627 236.15658569335938 171.03361988067627 562.3747863769531 5.017918586730957 562.3747863769531
0.0 228.1634521484375 176.6341094970703 228.1634521484375 176.6341094970703 569.9838562011719 0.0 569.9838562011719
5.209896087646484 234.84555053710938 171.7536735534668 234.84555053710938 171.7536735534668 562.7142028808594 5.209896087646484 562.7142028808594
0.0 228.37442016601562 175.00344848632812 228.37442016601562 175.00344848632812 567.0391845703125 0.0 567.0391845703125
0.0 231.850341796875 175.32205200195312 231.850341796875 175.32205200195312 571.1316833496094 0.0 571.1316833496094
0.0 234.9647979736328 175.7116241455078 234.9647979736328 175.7116241455078 575.0000152587891 0.0 575.0000152587891
9.976174354553223 241.86868286132812 167.26221561431885 241.86868286132812 167.26221561431885 556.3759460449219 9.976174354553223 556.3759460449219
4.937375545501709 239.59811401367188 168.40485906600952 239.59811401367188 168.40485906600952 561.1221008300781 4.937375545501709 561.1221008300781
20.42226219177246 257.86822509765625 154.51756858825684 257.86822509765625 154.51756858825684 539.3397521972656 20.42226219177246 539.3397521972656
15.161811828613281 250.40780639648438 159.38541412353516 250.40780639648438 159.38541412353516 545.4193420410156 15.161811828613281 545.4193420410156
10.665544509887695 245.5065460205078 163.18298530578613 245.5065460205078 163.18298530578613 553.2381134033203 10.665544509887695 553.2381134033203
16.571361541748047 246.41738891601562 160.0122947692871 246.41738891601562 160.0122947692871 543.940673828125 16.571361541748047 543.940673828125
23.512340545654297 250.8539581298828 156.30346298217773 250.8539581298828 156.30346298217773 539.8870086669922 23.512340545654297 539.8870086669922
29.331796646118164 252.5745086669922 156.07940101623535 252.5745086669922 156.07940101623535 531.0594329833984 29.331796646118164 531.0594329833984
24.58011245727539 254.274169921875 154.02350234985352 254.274169921875 154.02350234985352 535.2921752929688 24.58011245727539 535.2921752929688
20.361080169677734 249.3045654296875 154.99100875854492 249.3045654296875 154.99100875854492 533.4241638183594 20.361080169677734 533.4241638183594
11.950053215026855 243.3070831298828 156.63776683807373 243.3070831298828 156.63776683807373 543.2437896728516 11.950053215026855 543.2437896728516
7.488503932952881 237.0334930419922 154.41625356674194 237.0334930419922 154.41625356674194 540.6566925048828 7.488503932952881 540.6566925048828
0.0 216.46743774414062 160.56546020507812 216.46743774414062 160.56546020507812 541.7147521972656 0.0 541.7147521972656
0.0 206.64453125 168.74598693847656 206.64453125 168.74598693847656 540.7787475585938 0.0 540.7787475585938
0.0 203.1318359375 175.41879272460938 203.1318359375 175.41879272460938 547.7466430664062 0.0 547.7466430664062
1.647303819656372 207.8583526611328 177.1993362903595 207.8583526611328 177.1993362903595 554.4971160888672 1.647303819656372 554.4971160888672
8.836880683898926 203.6635284423828 184.4292573928833 203.6635284423828 184.4292573928833 556.4160003662109 8.836880683898926 556.4160003662109
31.41619300842285 217.75405883789062 195.5849552154541 217.75405883789062 195.5849552154541 558.573974609375 31.41619300842285 558.573974609375
41.701927185058594 212.9195098876953 211.12853240966797 212.9195098876953 211.12853240966797 569.0783233642578 41.701927185058594 569.0783233642578
49.58061981201172 213.19442749023438 216.9655990600586 213.19442749023438 216.9655990600586 567.8210754394531 49.58061981201172 567.8210754394531
60.03296661376953 205.29837036132812 228.31237030029297 205.29837036132812 228.31237030029297 563.3877868652344 60.03296661376953 563.3877868652344
62.2962760925293 200.88980102539062 233.26777267456055 200.88980102539062 233.26777267456055 560.9239807128906 62.2962760925293 560.9239807128906
71.23055267333984 202.89407348632812 237.70391082763672 202.89407348632812 237.70391082763672 556.2080688476562 71.23055267333984 556.2080688476562
80.46530151367188 199.1890106201172 248.2019805908203 199.1890106201172 248.2019805908203 551.9247894287109 80.46530151367188 551.9247894287109
87.90323638916016 204.4736328125 254.89559173583984 204.4736328125 254.89559173583984 545.1559448242188 87.90323638916016 545.1559448242188
94.70399475097656 204.30862426757812 261.83213806152344 204.30862426757812 261.83213806152344 543.3251647949219 94.70399475097656 543.3251647949219
100.76918029785156 207.61807250976562 267.4389953613281 207.61807250976562 267.4389953613281 545.2734069824219 100.76918029785156 545.2734069824219
111.62321472167969 212.2164764404297 274.8310852050781 212.2164764404297 274.8310852050781 548.2140960693359 111.62321472167969 548.2140960693359
117.5852279663086 217.195068359375 281.51456451416016 217.195068359375 281.51456451416016 551.9283142089844 117.5852279663086 551.9283142089844
126.6798095703125 223.9753875732422 291.78965759277344 223.9753875732422 291.78965759277344 548.8679656982422 126.6798095703125 548.8679656982422
131.62472534179688 232.22482299804688 298.4903106689453 232.22482299804688 298.4903106689453 547.0822143554688 131.62472534179688 547.0822143554688
140.2631072998047 232.9822998046875 315.4270477294922 232.9822998046875 315.4270477294922 547.0633544921875 140.2631072998047 547.0633544921875
143.45774841308594 219.31057739257812 318.91998291015625 219.31057739257812 318.91998291015625 548.0574035644531 143.45774841308594 548.0574035644531
149.09652709960938 210.2308349609375 326.2100830078125 210.2308349609375 326.2100830078125 538.700927734375 149.09652709960938 538.700927734375
146.83761596679688 209.92410278320312 328.1874694824219 209.92410278320312 328.1874694824219 534.6991882324219 146.83761596679688 534.6991882324219
144.18893432617188 213.9239501953125 321.41883850097656 213.9239501953125 321.41883850097656 530.9867553710938 144.18893432617188 530.9867553710938
145.9307403564453 224.286376953125 327.4076385498047 224.286376953125 327.4076385498047 543.5208740234375 145.9307403564453 543.5208740234375
0.0 228.66030883789062 178.9694061279297 228.66030883789062 178.9694061279297 575.0 0.0 575.0
0.0 226.9870147705078 179.83409118652344 226.9870147705078 179.83409118652344 575.0000152587891 0.0 575.0000152587891
0.0 222.25106811523438 177.8278045654297 222.25106811523438 177.8278045654297 566.3815307617188 0.0 566.3815307617188
0.0 232.8249053955078 176.81736755371094 232.8249053955078 176.81736755371094 575.0000152587891 0.0 575.0000152587891
11.357902526855469 242.50473022460938 168.90071868896484 242.50473022460938 168.90071868896484 557.4901123046875 11.357902526855469 557.4901123046875
34.0735969543457 246.9842071533203 169.29330825805664 246.9842071533203 169.29330825805664 538.4008026123047 34.0735969543457 538.4008026123047
162.33694458007812 216.1846466064453 346.5927429199219 216.1846466064453 346.5927429199219 565.9621734619141 162.33694458007812 565.9621734619141
206.38442993164062 211.3215789794922 364.55418395996094 211.3215789794922 364.55418395996094 548.2532501220703 206.38442993164062 548.2532501220703
214.370361328125 216.5684356689453 363.94068908691406 216.5684356689453 363.94068908691406 539.5149078369141 214.370361328125 539.5149078369141
216.41909790039062 214.9091796875 366.3480682373047 214.9091796875 366.3480682373047 535.4620056152344 216.41909790039062 535.4620056152344
216.73031616210938 226.41586303710938 365.2414093017578 226.41586303710938 365.2414093017578 534.3994445800781 216.73031616210938 534.3994445800781
218.4697265625 230.67556762695312 369.8080749511719 230.67556762695312 369.8080749511719 537.3219909667969 218.4697265625 537.3219909667969
236.61837768554688 223.76473999023438 385.42628479003906 223.76473999023438 385.42628479003906 536.7727966308594 236.61837768554688 536.7727966308594
233.76187133789062 229.93197631835938 384.9908905029297 229.93197631835938 384.9908905029297 539.4324035644531 233.76187133789062 539.4324035644531
239.9683074951172 229.79544067382812 386.42015075683594 229.79544067382812 386.42015075683594 535.1137390136719 239.9683074951172 535.1137390136719
238.9193572998047 229.6783905029297 387.1477813720703 229.6783905029297 387.1477813720703 532.1735076904297 238.9193572998047 532.1735076904297
234.78182983398438 231.18392944335938 382.9116668701172 231.18392944335938 382.9116668701172 529.9703979492188 234.78182983398438 529.9703979492188
235.72998046875 233.0006866455078 382.2900695800781 233.0006866455078 382.2900695800781 528.0802459716797 235.72998046875 528.0802459716797
233.6669921875 232.5778045654297 382.8319091796875 232.5778045654297 382.8319091796875 527.1911163330078 233.6669921875 527.1911163330078
233.9140167236328 232.7146453857422 383.6099548339844 232.7146453857422 383.6099548339844 523.2161712646484 233.9140167236328 523.2161712646484
236.14627075195312 236.1162567138672 384.12896728515625 236.1162567138672 384.12896728515625 525.1036224365234 236.14627075195312 525.1036224365234
236.8255157470703 232.6451416015625 387.0400695800781 232.6451416015625 387.0400695800781 528.0014343261719 236.8255157470703 528.0014343261719
235.8550262451172 226.87655639648438 390.20989990234375 226.87655639648438 390.20989990234375 531.9078063964844 235.8550262451172 531.9078063964844
238.47628784179688 228.22970581054688 393.7625732421875 228.22970581054688 393.7625732421875 535.8372802734375 238.47628784179688 535.8372802734375
239.7504119873047 223.4942626953125 396.65748596191406 223.4942626953125 396.65748596191406 536.4277954101562 239.7504119873047 536.4277954101562
243.1578369140625 227.264404296875 404.97216796875 227.264404296875 404.97216796875 539.2014770507812 243.1578369140625 539.2014770507812
244.1725616455078 232.45504760742188 401.51661682128906 232.45504760742188 401.51661682128906 534.3848266601562 244.1725616455078 534.3848266601562
248.30221557617188 234.7471160888672 402.89111328125 234.7471160888672 402.89111328125 531.4591522216797 248.30221557617188 531.4591522216797
247.7314453125 241.8912811279297 398.4718780517578 241.8912811279297 398.4718780517578 529.1566314697266 247.7314453125 529.1566314697266
248.9166717529297 234.1829071044922 401.6380615234375 234.1829071044922 401.6380615234375 526.0729827880859 248.9166717529297 526.0729827880859
248.3327178955078 231.0958251953125 400.8564453125 231.0958251953125 400.8564453125 526.2185668945312 248.3327178955078 526.2185668945312
251.01882934570312 228.8957061767578 403.24005126953125 228.8957061767578 403.24005126953125 526.6544342041016 251.01882934570312 526.6544342041016
248.61276245117188 227.3186492919922 402.0211639404297 227.3186492919922 402.0211639404297 525.4852142333984 248.61276245117188 525.4852142333984
247.58847045898438 229.3920440673828 400.9026794433594 229.3920440673828 400.9026794433594 526.7117767333984 247.58847045898438 526.7117767333984
244.85922241210938 233.97579956054688 398.44219970703125 233.97579956054688 398.44219970703125 528.5987854003906 244.85922241210938 528.5987854003906
242.672119140625 227.2475128173828 397.6709289550781 227.2475128173828 397.6709289550781 527.6986541748047 242.672119140625 527.6986541748047
238.871337890625 222.77816772460938 394.95753479003906 222.77816772460938 394.95753479003906 525.9487609863281 238.871337890625 525.9487609863281
238.8557891845703 229.07687377929688 393.5081024169922 229.07687377929688 393.5081024169922 528.0492248535156 238.8557891845703 528.0492248535156
238.1025848388672 234.96630859375 391.7865447998047 234.96630859375 391.7865447998047 528.9773559570312 238.1025848388672 528.9773559570312
232.47830200195312 237.1433563232422 389.0484619140625 237.1433563232422 389.0484619140625 526.7538909912109 232.47830200195312 526.7538909912109
233.5845489501953 234.2891387939453 388.8407745361328 234.2891387939453 388.8407745361328 526.2885284423828 233.5845489501953 526.2885284423828
229.84423828125 235.32754516601562 383.5331115722656 235.32754516601562 383.5331115722656 524.8255310058594 229.84423828125 524.8255310058594
228.5793914794922 238.85281372070312 381.60980224609375 238.85281372070312 381.60980224609375 528.1852722167969 228.5793914794922 528.1852722167969
224.7713623046875 238.98794555664062 375.7372741699219 238.98794555664062 375.7372741699219 527.1941833496094 224.7713623046875 527.1941833496094
224.49185180664062 238.08950805664062 374.6117858886719 238.08950805664062 374.6117858886719 527.8209533691406 224.49185180664062 527.8209533691406
226.4404754638672 235.7812042236328 376.5054931640625 235.7812042236328 376.5054931640625 528.1811676025391 226.4404754638672 528.1811676025391
223.87228393554688 235.8190155029297 374.8385009765625 235.8190155029297 374.8385009765625 529.2413482666016 223.87228393554688 529.2413482666016
218.77880859375 238.3542022705078 365.6062316894531 238.3542022705078 365.6062316894531 524.9567413330078 218.77880859375 524.9567413330078
221.160888671875 237.14376831054688 369.43846130371094 237.14376831054688 369.43846130371094 526.7663879394531 221.160888671875 526.7663879394531
223.49801635742188 239.38916015625 372.9947509765625 239.38916015625 372.9947509765625 526.4398803710938 223.49801635742188 526.4398803710938
219.030029296875 240.67788696289062 371.6986999511719 240.67788696289062 371.6986999511719 528.1322021484375 219.030029296875 528.1322021484375
219.4000244140625 240.4174041748047 372.1822052001953 240.4174041748047 372.1822052001953 528.2317962646484 219.4000244140625 528.2317962646484
228.2503662109375 237.98568725585938 381.52239990234375 237.98568725585938 381.52239990234375 531.8822326660156 228.2503662109375 531.8822326660156
224.18209838867188 236.81430053710938 380.4080810546875 236.81430053710938 380.4080810546875 528.8485412597656 224.18209838867188 528.8485412597656
227.16488647460938 234.7841796875 384.18218994140625 234.7841796875 384.18218994140625 526.7216186523438 227.16488647460938 526.7216186523438
227.80569458007812 234.9918975830078 387.57452392578125 234.9918975830078 387.57452392578125 529.0217742919922 227.80569458007812 529.0217742919922
233.6901092529297 236.9084014892578 392.0626983642578 236.9084014892578 392.0626983642578 531.4829254150391 233.6901092529297 531.4829254150391
233.6047821044922 234.4709930419922 391.4454040527344 234.4709930419922 391.4454040527344 528.9782562255859 233.6047821044922 528.9782562255859
240.480712890625 235.0702667236328 397.3195495605469 235.0702667236328 397.3195495605469 527.7352752685547 240.480712890625 527.7352752685547
241.0888671875 232.8365020751953 398.4652404785156 232.8365020751953 398.4652404785156 527.3306121826172 241.0888671875 527.3306121826172
239.0510711669922 236.2353515625 396.7515411376953 236.2353515625 396.7515411376953 525.6757202148438 239.0510711669922 525.6757202148438
239.8456573486328 237.14633178710938 396.5608825683594 237.14633178710938 396.5608825683594 525.9175109863281 239.8456573486328 525.9175109863281
246.01364135742188 238.9256591796875 403.41851806640625 238.9256591796875 403.41851806640625 529.7972106933594 246.01364135742188 529.7972106933594
244.08291625976562 239.91989135742188 402.16156005859375 239.91989135742188 402.16156005859375 529.7364196777344 244.08291625976562 529.7364196777344
242.75296020507812 239.86141967773438 402.114501953125 239.86141967773438 402.114501953125 532.1386108398438 242.75296020507812 532.1386108398438
241.95840454101562 240.24356079101562 402.79551696777344 240.24356079101562 402.79551696777344 533.4099731445312 241.95840454101562 533.4099731445312
240.9781036376953 235.2657928466797 402.70204162597656 235.2657928466797 402.70204162597656 529.6327972412109 240.9781036376953 529.6327972412109
239.5271453857422 235.6554718017578 396.65875244140625 235.6554718017578 396.65875244140625 529.4984588623047 239.5271453857422 529.4984588623047
241.8732452392578 241.49331665039062 395.4688262939453 241.49331665039062 395.4688262939453 530.7612915039062 241.8732452392578 530.7612915039062
243.1499481201172 239.1619110107422 396.45135498046875 239.1619110107422 396.45135498046875 530.0578155517578 243.1499481201172 530.0578155517578
235.71810913085938 239.43368530273438 389.4161376953125 239.43368530273438 389.4161376953125 527.4434814453125 235.71810913085938 527.4434814453125
238.02658081054688 241.16903686523438 388.854248046875 241.16903686523438 388.854248046875 529.7366333007812 238.02658081054688 529.7366333007812
231.457763671875 241.75625610351562 381.0783233642578 241.75625610351562 381.0783233642578 528.46533203125 231.457763671875 528.46533203125
230.4474334716797 243.62118530273438 379.2921905517578 243.62118530273438 379.2921905517578 533.3410034179688 230.4474334716797 533.3410034179688
225.042236328125 244.17654418945312 374.7417755126953 244.17654418945312 374.7417755126953 533.2499084472656 225.042236328125 533.2499084472656
225.46353149414062 243.4370574951172 374.78684997558594 243.4370574951172 374.78684997558594 532.4796600341797 225.46353149414062 532.4796600341797
229.38613891601562 241.5247344970703 376.9042053222656 241.5247344970703 376.9042053222656 530.7150726318359 229.38613891601562 530.7150726318359
229.5085906982422 243.79135131835938 376.86749267578125 243.79135131835938 376.86749267578125 531.8373718261719 229.5085906982422 531.8373718261719
232.77682495117188 241.3556671142578 381.20245361328125 241.3556671142578 381.20245361328125 532.6719207763672 232.77682495117188 532.6719207763672
229.7088165283203 243.4011688232422 377.68714904785156 243.4011688232422 377.68714904785156 532.1868743896484 229.7088165283203 532.1868743896484
228.24099731445312 241.4503631591797 375.88194274902344 241.4503631591797 375.88194274902344 532.4488067626953 228.24099731445312 532.4488067626953
232.12875366210938 241.53555297851562 380.9334259033203 241.53555297851562 380.9334259033203 534.5892333984375 232.12875366210938 534.5892333984375
230.9935302734375 238.4297332763672 381.3633117675781 238.4297332763672 381.3633117675781 536.5678863525391 230.9935302734375 536.5678863525391
235.76651000976562 236.8719024658203 386.0115509033203 236.8719024658203 386.0115509033203 534.4118499755859 235.76651000976562 534.4118499755859
235.5656280517578 240.6265411376953 386.68359375 240.6265411376953 386.68359375 538.2818756103516 235.5656280517578 538.2818756103516
235.3582000732422 240.6309814453125 388.5436096191406 240.6309814453125 388.5436096191406 536.60595703125 235.3582000732422 536.60595703125
239.02462768554688 240.95150756835938 394.03271484375 240.95150756835938 394.03271484375 539.3233032226562 239.02462768554688 539.3233032226562
239.4443817138672 238.5489959716797 396.14686584472656 238.5489959716797 396.14686584472656 537.5317840576172 239.4443817138672 537.5317840576172
241.9620361328125 238.0905303955078 398.2602081298828 238.0905303955078 398.2602081298828 537.3526763916016 241.9620361328125 537.3526763916016
242.67648315429688 238.23275756835938 397.58314514160156 238.23275756835938 397.58314514160156 535.97802734375 242.67648315429688 535.97802734375
243.1365966796875 238.49801635742188 397.4314422607422 238.49801635742188 397.4314422607422 537.2362060546875 243.1365966796875 537.2362060546875
246.1326141357422 235.51852416992188 402.18968200683594 235.51852416992188 402.18968200683594 533.6142883300781 246.1326141357422 533.6142883300781
245.89871215820312 239.5922393798828 403.2116241455078 239.5922393798828 403.2116241455078 534.2525482177734 245.89871215820312 534.2525482177734
247.09555053710938 237.6921844482422 405.7911376953125 237.6921844482422 405.7911376953125 533.6975555419922 247.09555053710938 533.6975555419922
246.84310913085938 233.5890655517578 404.17555236816406 233.5890655517578 404.17555236816406 530.2746734619141 246.84310913085938 530.2746734619141
241.41311645507812 237.232421875 401.0137481689453 237.232421875 401.0137481689453 531.3639831542969 241.41311645507812 531.3639831542969
246.8690948486328 235.3428497314453 404.05833435058594 235.3428497314453 404.05833435058594 532.3698577880859 246.8690948486328 532.3698577880859
247.64102172851562 236.43798828125 404.1427001953125 236.43798828125 404.1427001953125 532.4889221191406 247.64102172851562 532.4889221191406
238.43740844726562 231.7314453125 400.08030700683594 231.7314453125 400.08030700683594 533.3127746582031 238.43740844726562 533.3127746582031
243.99349975585938 234.1339874267578 402.4397430419922 234.1339874267578 402.4397430419922 533.0658111572266 243.99349975585938 533.0658111572266
240.97268676757812 227.83251953125 399.0332489013672 227.83251953125 399.0332489013672 529.1015930175781 240.97268676757812 529.1015930175781
239.69223022460938 233.1780242919922 394.2823791503906 233.1780242919922 394.2823791503906 531.7534637451172 239.69223022460938 531.7534637451172
237.3914794921875 234.3192901611328 392.43165588378906 234.3192901611328 392.43165588378906 531.1138458251953 237.3914794921875 531.1138458251953
236.17724609375 236.30471801757812 390.3148498535156 236.30471801757812 390.3148498535156 531.8537902832031 236.17724609375 531.8537902832031
234.85964965820312 237.0601348876953 389.5360565185547 237.0601348876953 389.5360565185547 532.8467864990234 234.85964965820312 532.8467864990234
234.08627319335938 234.556640625 389.51336669921875 234.556640625 389.51336669921875 531.7879333496094 234.08627319335938 531.7879333496094
232.2251739501953 238.5475616455078 386.93724060058594 238.5475616455078 386.93724060058594 532.6526336669922 232.2251739501953 532.6526336669922
228.9055938720703 239.65933227539062 383.0812225341797 239.65933227539062 383.0812225341797 533.839111328125 228.9055938720703 533.839111328125
230.6083526611328 239.9475860595703 383.7703857421875 239.9475860595703 383.7703857421875 533.2790374755859 230.6083526611328 533.2790374755859
226.87466430664062 241.44677734375 379.1716613769531 241.44677734375 379.1716613769531 533.9507446289062 226.87466430664062 533.9507446289062
225.63552856445312 236.90695190429688 378.40899658203125 236.90695190429688 378.40899658203125 532.7981262207031 225.63552856445312 532.7981262207031
226.7985382080078 238.5959014892578 380.8149108886719 238.5959014892578 380.8149108886719 536.0009002685547 226.7985382080078 536.0009002685547
226.8549346923828 241.03933715820312 380.99388122558594 241.03933715820312 380.99388122558594 534.8835144042969 226.8549346923828 534.8835144042969
229.88522338867188 242.5977325439453 383.6204833984375 242.5977325439453 383.6204833984375 534.3586273193359 229.88522338867188 534.3586273193359
228.1645965576172 243.6912078857422 382.2522735595703 243.6912078857422 382.2522735595703 534.2186126708984 228.1645965576172 534.2186126708984
224.6768341064453 239.9934844970703 377.0515441894531 239.9934844970703 377.0515441894531 531.6510162353516 224.6768341064453 531.6510162353516
225.60501098632812 244.5715789794922 378.51947021484375 244.5715789794922 378.51947021484375 535.4361419677734 225.60501098632812 535.4361419677734
227.4141845703125 244.20657348632812 378.5381164550781 244.20657348632812 378.5381164550781 533.7767028808594 227.4141845703125 533.7767028808594
228.2368927001953 245.77371215820312 379.2635803222656 245.77371215820312 379.2635803222656 533.0521240234375 228.2368927001953 533.0521240234375
229.4341583251953 244.21798706054688 380.32948303222656 244.21798706054688 380.32948303222656 532.4549865722656 229.4341583251953 532.4549865722656
227.77719116210938 243.1635284423828 378.0243835449219 243.1635284423828 378.0243835449219 532.5249481201172 227.77719116210938 532.5249481201172
224.99386596679688 244.02279663085938 375.23992919921875 244.02279663085938 375.23992919921875 532.1383666992188 224.99386596679688 532.1383666992188
227.02197265625 242.95510864257812 377.71034240722656 242.95510864257812 377.71034240722656 530.8584594726562 227.02197265625 530.8584594726562
226.2872314453125 245.993896484375 375.60888671875 245.993896484375 375.60888671875 530.8565979003906 226.2872314453125 530.8565979003906
227.0018310546875 242.4852752685547 376.6056671142578 242.4852752685547 376.6056671142578 528.8672637939453 227.0018310546875 528.8672637939453
227.4247283935547 239.02291870117188 377.5790710449219 239.02291870117188 377.5790710449219 527.8477783203125 227.4247283935547 527.8477783203125
227.60739135742188 244.7195281982422 378.18560791015625 244.7195281982422 378.18560791015625 532.3453826904297 227.60739135742188 532.3453826904297
228.5719757080078 242.9244842529297 378.1319580078125 242.9244842529297 378.1319580078125 531.0516204833984 228.5719757080078 531.0516204833984
223.8380584716797 243.8224639892578 374.6642303466797 243.8224639892578 374.6642303466797 531.6752471923828 223.8380584716797 531.6752471923828
220.5676727294922 244.2129364013672 370.6217956542969 244.2129364013672 370.6217956542969 530.2801666259766 220.5676727294922 530.2801666259766
228.05722045898438 241.6138458251953 378.97100830078125 241.6138458251953 378.97100830078125 529.5202484130859 228.05722045898438 529.5202484130859
226.7978973388672 245.85543823242188 377.2842254638672 245.85543823242188 377.2842254638672 530.7314147949219 226.7978973388672 530.7314147949219
228.1189727783203 242.8261260986328 378.9453887939453 242.8261260986328 378.9453887939453 530.6147003173828 228.1189727783203 530.6147003173828
229.31643676757812 239.1127471923828 380.024169921875 239.1127471923828 380.024169921875 529.2648773193359 229.31643676757812 529.2648773193359
224.07937622070312 243.4493408203125 374.56842041015625 243.4493408203125 374.56842041015625 530.5670166015625 224.07937622070312 530.5670166015625
227.172119140625 238.46841430664062 377.7857208251953 238.46841430664062 377.7857208251953 528.103759765625 227.172119140625 528.103759765625
230.231689453125 243.8734130859375 380.1175231933594 243.8734130859375 380.1175231933594 529.9711608886719 230.231689453125 529.9711608886719
223.03909301757812 241.2340087890625 373.7696838378906 241.2340087890625 373.7696838378906 529.428955078125 223.03909301757812 529.428955078125
228.7232208251953 242.90628051757812 379.2578887939453 242.90628051757812 379.2578887939453 530.9630432128906 228.7232208251953 530.9630432128906
229.6036376953125 238.01473999023438 380.5094451904297 238.01473999023438 380.5094451904297 530.6725158691406 229.6036376953125 530.6725158691406
225.43978881835938 241.59561157226562 375.67730712890625 241.59561157226562 375.67730712890625 532.03759765625 225.43978881835938 532.03759765625
228.71923828125 240.114990234375 379.69354248046875 240.114990234375 379.69354248046875 532.2432250976562 228.71923828125 532.2432250976562
225.6783905029297 240.82510375976562 377.79942321777344 240.82510375976562 377.79942321777344 532.6415710449219 225.6783905029297 532.6415710449219
226.4130401611328 238.7166748046875 378.25621032714844 238.7166748046875 378.25621032714844 530.1167297363281 226.4130401611328 530.1167297363281
227.9322967529297 234.9069061279297 380.8840026855469 234.9069061279297 380.8840026855469 528.6414642333984 227.9322967529297 528.6414642333984
224.72109985351562 238.9164581298828 378.0732421875 238.9164581298828 378.0732421875 532.6197662353516 224.72109985351562 532.6197662353516
229.55691528320312 235.7203826904297 383.24525451660156 235.7203826904297 383.24525451660156 531.3649139404297 229.55691528320312 531.3649139404297
226.2445831298828 241.5137176513672 379.50257873535156 241.5137176513672 379.50257873535156 531.3272857666016 226.2445831298828 531.3272857666016
231.5005340576172 241.9793701171875 385.95245361328125 241.9793701171875 385.95245361328125 535.4789123535156 231.5005340576172 535.4789123535156
230.12149047851562 243.5185089111328 382.6573791503906 243.5185089111328 382.6573791503906 533.7894439697266 230.12149047851562 533.7894439697266
231.12661743164062 245.3950653076172 385.3959045410156 245.3950653076172 385.3959045410156 536.3075408935547 231.12661743164062 536.3075408935547
229.20535278320312 242.8448028564453 386.82684326171875 242.8448028564453 386.82684326171875 535.8925628662109 229.20535278320312 535.8925628662109
224.4117889404297 241.6161346435547 383.8400573730469 241.6161346435547 383.8400573730469 529.0305023193359 224.4117889404297 529.0305023193359
226.08944702148438 240.6046600341797 384.5448455810547 240.6046600341797 384.5448455810547 531.3909149169922 226.08944702148438 531.3909149169922
230.3237762451172 239.38589477539062 384.7764129638672 239.38589477539062 384.7764129638672 528.385986328125 230.3237762451172 528.385986328125
228.6011962890625 238.9190673828125 382.9132537841797 238.9190673828125 382.9132537841797 526.5123291015625 228.6011962890625 526.5123291015625
232.7844696044922 237.9932098388672 386.3939971923828 237.9932098388672 386.3939971923828 529.4270172119141 232.7844696044922 529.4270172119141
230.2353515625 238.09689331054688 382.3916015625 238.09689331054688 382.3916015625 524.9151916503906 230.2353515625 524.9151916503906
229.9477081298828 237.92391967773438 380.2881317138672 237.92391967773438 380.2881317138672 520.7832641601562 229.9477081298828 520.7832641601562
235.55307006835938 241.31576538085938 384.8343048095703 241.31576538085938 384.8343048095703 518.8798217773438 235.55307006835938 518.8798217773438
236.59738159179688 242.7981719970703 386.0533752441406 242.7981719970703 386.0533752441406 519.6136322021484 236.59738159179688 519.6136322021484
231.7874755859375 247.24185180664062 385.1133728027344 247.24185180664062 385.1133728027344 523.5435485839844 231.7874755859375 523.5435485839844
230.2169189453125 247.94369506835938 382.3939666748047 247.94369506835938 382.3939666748047 522.200439453125 230.2169189453125 522.200439453125
233.37869262695312 244.5856170654297 385.60906982421875 244.5856170654297 385.60906982421875 521.1505584716797 233.37869262695312 521.1505584716797
235.64053344726562 245.9381561279297 387.6235046386719 245.9381561279297 387.6235046386719 521.6294403076172 235.64053344726562 521.6294403076172
234.62820434570312 245.87149047851562 383.8281707763672 245.87149047851562 383.8281707763672 519.66015625 234.62820434570312 519.66015625
237.1834716796875 246.6875457763672 385.8929748535156 246.6875457763672 385.8929748535156 519.6911163330078 237.1834716796875 519.6911163330078
233.9833984375 250.5177001953125 383.4026336669922 250.5177001953125 383.4026336669922 522.4155578613281 233.9833984375 522.4155578613281
233.06454467773438 249.1925506591797 381.35618591308594 249.1925506591797 381.35618591308594 520.9571685791016 233.06454467773438 520.9571685791016
234.63916015625 249.65579223632812 383.7131652832031 249.65579223632812 383.7131652832031 521.1209411621094 234.63916015625 521.1209411621094
236.3196563720703 249.8163604736328 385.7018585205078 249.8163604736328 385.7018585205078 525.0803070068359 236.3196563720703 525.0803070068359
238.70010375976562 244.14111328125 387.81138610839844 244.14111328125 387.81138610839844 523.6111450195312 238.70010375976562 523.6111450195312
234.6910400390625 242.67626953125 384.03489685058594 242.67626953125 384.03489685058594 521.081787109375 234.6910400390625 521.081787109375
236.6083984375 245.0858612060547 385.802001953125 245.0858612060547 385.802001953125 521.9279937744141 236.6083984375 521.9279937744141
234.1425323486328 245.4480743408203 385.28077697753906 245.4480743408203 385.28077697753906 522.9496002197266 234.1425323486328 522.9496002197266
230.85531616210938 250.58328247070312 380.29840087890625 250.58328247070312 380.29840087890625 524.0044860839844 230.85531616210938 524.0044860839844
232.97958374023438 248.1466827392578 382.8455810546875 248.1466827392578 382.8455810546875 522.7746734619141 232.97958374023438 522.7746734619141
233.89199829101562 246.4402618408203 382.16050720214844 246.4402618408203 382.16050720214844 520.1916656494141 233.89199829101562 520.1916656494141
234.5891876220703 244.5791778564453 379.73236083984375 244.5791778564453 379.73236083984375 517.7805633544922 234.5891876220703 517.7805633544922
238.25521850585938 245.8238525390625 384.51429748535156 245.8238525390625 384.51429748535156 518.9927978515625 238.25521850585938 518.9927978515625
236.47183227539062 249.93362426757812 385.2804260253906 249.93362426757812 385.2804260253906 519.0283508300781 236.47183227539062 519.0283508300781
236.5119171142578 247.6949920654297 385.5386199951172 247.6949920654297 385.5386199951172 520.8433990478516 236.5119171142578 520.8433990478516
234.4091033935547 248.09896850585938 382.3251190185547 248.09896850585938 382.3251190185547 520.27734375 234.4091033935547 520.27734375
236.1744384765625 249.2439422607422 383.0815734863281 249.2439422607422 383.0815734863281 520.6309356689453 236.1744384765625 520.6309356689453
235.94241333007812 242.6011962890625 383.66717529296875 242.6011962890625 383.66717529296875 518.5911865234375 235.94241333007812 518.5911865234375
236.80606079101562 247.33642578125 386.1540069580078 247.33642578125 386.1540069580078 522.6154479980469 236.80606079101562 522.6154479980469
234.30538940429688 246.92550659179688 382.69647216796875 246.92550659179688 382.69647216796875 521.7109680175781 234.30538940429688 521.7109680175781
239.1763458251953 242.34017944335938 385.83287048339844 242.34017944335938 385.83287048339844 519.4444274902344 239.1763458251953 519.4444274902344
232.4570770263672 247.5409698486328 380.1819152832031 247.5409698486328 380.1819152832031 519.9052276611328 232.4570770263672 519.9052276611328
233.24642944335938 250.0463104248047 381.32208251953125 250.0463104248047 381.32208251953125 521.9682769775391 233.24642944335938 521.9682769775391
234.5078582763672 250.49319458007812 382.93836975097656 250.49319458007812 382.93836975097656 524.2544860839844 234.5078582763672 524.2544860839844
234.3959503173828 250.9168701171875 382.1874084472656 250.9168701171875 382.1874084472656 524.3507690429688 234.3959503173828 524.3507690429688
233.81973266601562 249.1046142578125 381.42547607421875 249.1046142578125 381.42547607421875 524.1593322753906 233.81973266601562 524.1593322753906
235.99276733398438 253.7125701904297 384.3544616699219 253.7125701904297 384.3544616699219 525.2115020751953 235.99276733398438 525.2115020751953
234.5369110107422 253.8626708984375 382.8306884765625 253.8626708984375 382.8306884765625 523.7764892578125 234.5369110107422 523.7764892578125
235.82131958007812 250.0103759765625 383.2200469970703 250.0103759765625 383.2200469970703 523.61328125 235.82131958007812 523.61328125
237.04776000976562 251.1801300048828 383.90081787109375 251.1801300048828 383.90081787109375 525.0974578857422 237.04776000976562 525.0974578857422
236.3844757080078 252.1745147705078 383.9283905029297 252.1745147705078 383.9283905029297 525.4295806884766 236.3844757080078 525.4295806884766
236.06442260742188 254.95443725585938 381.9002380371094 254.95443725585938 381.9002380371094 524.6376647949219 236.06442260742188 524.6376647949219
230.6966552734375 256.0957946777344 377.3791809082031 256.0957946777344 377.3791809082031 525.2264404296875 230.6966552734375 525.2264404296875
232.9933624267578 256.1189880371094 378.3716125488281 256.1189880371094 378.3716125488281 524.2716369628906 232.9933624267578 524.2716369628906
233.3076934814453 253.70413208007812 379.1671142578125 253.70413208007812 379.1671142578125 522.1515502929688 233.3076934814453 522.1515502929688
230.3610076904297 251.4901885986328 376.79039001464844 251.4901885986328 376.79039001464844 522.3902435302734 230.3610076904297 522.3902435302734
231.222412109375 248.8768768310547 378.0027313232422 248.8768768310547 378.0027313232422 523.5483551025391 231.222412109375 523.5483551025391
230.85751342773438 249.4483184814453 376.0028991699219 249.4483184814453 376.0028991699219 521.7689361572266 230.85751342773438 521.7689361572266
234.814697265625 247.4388427734375 379.8587341308594 247.4388427734375 379.8587341308594 523.4891967773438 234.814697265625 523.4891967773438
229.2908172607422 249.26162719726562 373.6470031738281 249.26162719726562 373.6470031738281 521.9969177246094 229.2908172607422 521.9969177246094
233.666015625 246.5917510986328 377.0306091308594 246.5917510986328 377.0306091308594 520.9726715087891 233.666015625 520.9726715087891
232.2611541748047 246.0923309326172 376.0636749267578 246.0923309326172 376.0636749267578 524.2623443603516 232.2611541748047 524.2623443603516
232.55355834960938 245.0699005126953 375.66937255859375 245.0699005126953 375.66937255859375 521.2220611572266 232.55355834960938 521.2220611572266
232.14852905273438 247.5918426513672 375.66949462890625 247.5918426513672 375.66949462890625 527.6999664306641 232.14852905273438 527.6999664306641
238.47866821289062 242.79867553710938 380.206298828125 242.79867553710938 380.206298828125 527.345458984375 238.47866821289062 527.345458984375
233.6261749267578 242.6976318359375 377.4999084472656 242.6976318359375 377.4999084472656 528.0670776367188 233.6261749267578 528.0670776367188
240.0029754638672 242.9197235107422 381.736572265625 242.9197235107422 381.736572265625 530.3662567138672 240.0029754638672 530.3662567138672
236.21658325195312 239.9358673095703 376.86302185058594 239.9358673095703 376.86302185058594 526.1446685791016 236.21658325195312 526.1446685791016
232.70046997070312 246.10037231445312 373.1845703125 246.10037231445312 373.1845703125 527.8194885253906 232.70046997070312 527.8194885253906
237.4908905029297 245.9738006591797 377.9864807128906 245.9738006591797 377.9864807128906 529.1631011962891 237.4908905029297 529.1631011962891
237.52932739257812 246.91757202148438 378.01690673828125 246.91757202148438 378.01690673828125 529.9481506347656 237.52932739257812 529.9481506347656
237.24929809570312 247.3551025390625 378.4698486328125 247.3551025390625 378.4698486328125 532.0436706542969 237.24929809570312 532.0436706542969
237.7962188720703 246.83871459960938 378.1092987060547 246.83871459960938 378.1092987060547 528.9331665039062 237.7962188720703 528.9331665039062
229.8451385498047 246.09768676757812 372.3446044921875 246.09768676757812 372.3446044921875 526.5826416015625 229.8451385498047 526.5826416015625
236.3809051513672 250.8607177734375 377.0898132324219 250.8607177734375 377.0898132324219 528.5545654296875 236.3809051513672 528.5545654296875
236.7481231689453 247.5046844482422 377.135986328125 247.5046844482422 377.135986328125 528.5433502197266 236.7481231689453 528.5433502197266
233.66049194335938 245.6595001220703 375.44529724121094 245.6595001220703 375.44529724121094 526.8549041748047 233.66049194335938 526.8549041748047
234.7591552734375 250.07504272460938 376.59869384765625 250.07504272460938 376.59869384765625 530.4166870117188 234.7591552734375 530.4166870117188
234.9930877685547 245.7594451904297 377.2758331298828 245.7594451904297 377.2758331298828 530.9833831787109 234.9930877685547 530.9833831787109
234.609619140625 251.9546661376953 376.61253356933594 251.9546661376953 376.61253356933594 531.1522369384766 234.609619140625 531.1522369384766
234.8245086669922 256.3067321777344 377.20802307128906 256.3067321777344 377.20802307128906 535.6440124511719 234.8245086669922 535.6440124511719
235.90554809570312 256.7654724121094 376.08612060546875 256.7654724121094 376.08612060546875 539.0821838378906 235.90554809570312 539.0821838378906
236.03506469726562 263.5108947753906 378.581787109375 263.5108947753906 378.581787109375 545.837646484375 236.03506469726562 545.837646484375
241.1686553955078 264.5419006347656 381.3713684082031 264.5419006347656 381.3713684082031 547.4682006835938 241.1686553955078 547.4682006835938
242.7295684814453 263.2568359375 383.19471740722656 263.2568359375 383.19471740722656 547.8882446289062 242.7295684814453 547.8882446289062
243.8114471435547 265.4776611328125 382.74656677246094 265.4776611328125 382.74656677246094 544.201416015625 243.8114471435547 544.201416015625
245.02792358398438 265.98382568359375 386.1376037597656 265.98382568359375 386.1376037597656 546.395751953125 245.02792358398438 546.395751953125
243.1775360107422 260.62420654296875 385.5453338623047 260.62420654296875 385.5453338623047 543.8294067382812 243.1775360107422 543.8294067382812
241.2798614501953 252.114990234375 387.62762451171875 252.114990234375 387.62762451171875 540.4571228027344 241.2798614501953 540.4571228027344
234.75149536132812 242.1497802734375 384.6830139160156 242.1497802734375 384.6830139160156 532.8465576171875 234.75149536132812 532.8465576171875
235.1784210205078 229.6940460205078 386.8871765136719 229.6940460205078 386.8871765136719 527.7350006103516 235.1784210205078 527.7350006103516
228.766845703125 218.4724578857422 386.1687774658203 218.4724578857422 386.1687774658203 522.7868499755859 228.766845703125 522.7868499755859
235.3966064453125 209.9704132080078 393.0980224609375 209.9704132080078 393.0980224609375 516.3991851806641 235.3966064453125 516.3991851806641
233.88613891601562 199.22665405273438 388.7259521484375 199.22665405273438 388.7259521484375 509.97222900390625 233.88613891601562 509.97222900390625
231.78335571289062 195.13633728027344 382.4039764404297 195.13633728027344 382.4039764404297 506.2830047607422 231.78335571289062 506.2830047607422
239.8854217529297 193.30795288085938 390.0645751953125 193.30795288085938 390.0645751953125 504.50372314453125 239.8854217529297 504.50372314453125
243.7528076171875 198.67361450195312 393.4456481933594 198.67361450195312 393.4456481933594 506.77392578125 243.7528076171875 506.77392578125
241.3994140625 203.38182067871094 391.18641662597656 203.38182067871094 391.18641662597656 509.4832305908203 241.3994140625 509.4832305908203
246.87509155273438 201.37379455566406 396.7206115722656 201.37379455566406 396.7206115722656 515.0688323974609 246.87509155273438 515.0688323974609
235.2604522705078 212.7488555908203 383.8740234375 212.7488555908203 383.8740234375 520.7762298583984 235.2604522705078 520.7762298583984
239.2357177734375 221.383056640625 384.3976745605469 221.383056640625 384.3976745605469 524.8555603027344 239.2357177734375 524.8555603027344
239.91903686523438 237.86984252929688 386.1912384033203 237.86984252929688 386.1912384033203 534.2608947753906 239.91903686523438 534.2608947753906
246.92117309570312 243.7289581298828 394.1813659667969 243.7289581298828 394.1813659667969 537.4871978759766 246.92117309570312 537.4871978759766
248.1898193359375 245.559326171875 394.4970397949219 245.559326171875 394.4970397949219 537.1105346679688 248.1898193359375 537.1105346679688
248.867919921875 255.740478515625 394.8337707519531 255.740478515625 394.8337707519531 537.1328430175781 248.867919921875 537.1328430175781
255.1372833251953 250.6951141357422 401.1477813720703 250.6951141357422 401.1477813720703 536.7808074951172 255.1372833251953 536.7808074951172
252.8013153076172 244.8410186767578 398.07460021972656 244.8410186767578 398.07460021972656 533.3590850830078 252.8013153076172 533.3590850830078
250.73568725585938 252.0106964111328 398.8382568359375 252.0106964111328 398.8382568359375 533.8769073486328 250.73568725585938 533.8769073486328
248.7958526611328 243.01626586914062 396.870361328125 243.01626586914062 396.870361328125 529.9750366210938 248.7958526611328 529.9750366210938
247.3365020751953 247.9630126953125 395.092041015625 247.9630126953125 395.092041015625 531.8292846679688 247.3365020751953 531.8292846679688
252.8153076171875 252.7577667236328 396.4424591064453 252.7577667236328 396.4424591064453 529.9563446044922 252.8153076171875 529.9563446044922
249.57748413085938 252.61489868164062 393.424560546875 252.61489868164062 393.424560546875 528.7599792480469 249.57748413085938 528.7599792480469
247.5718231201172 251.08108520507812 389.81202697753906 251.08108520507812 389.81202697753906 529.7784118652344 247.5718231201172 529.7784118652344
259.2980651855469 248.29562377929688 400.906494140625 248.29562377929688 400.906494140625 530.1458129882812 259.2980651855469 530.1458129882812
245.8119354248047 253.1425323486328 387.98846435546875 253.1425323486328 387.98846435546875 528.6884307861328 245.8119354248047 528.6884307861328
251.34811401367188 251.79940795898438 394.3970489501953 251.79940795898438 394.3970489501953 528.3205871582031 251.34811401367188 528.3205871582031
250.6840362548828 245.35128784179688 395.70384216308594 245.35128784179688 395.70384216308594 526.4685363769531 250.6840362548828 526.4685363769531
247.267822265625 248.9413299560547 396.5273742675781 248.9413299560547 396.5273742675781 530.3706817626953 247.267822265625 530.3706817626953
245.79306030273438 246.73019409179688 396.20806884765625 246.73019409179688 396.20806884765625 532.1454162597656 245.79306030273438 532.1454162597656
240.1298065185547 249.6858673095703 391.04783630371094 249.6858673095703 391.04783630371094 532.4257965087891 240.1298065185547 532.4257965087891
247.4701385498047 255.1946563720703 396.3113708496094 255.1946563720703 396.3113708496094 534.6815643310547 247.4701385498047 534.6815643310547
248.6537628173828 251.3030242919922 395.1312713623047 251.3030242919922 395.1312713623047 532.9629974365234 248.6537628173828 532.9629974365234
250.071533203125 249.6998291015625 394.4385070800781 249.6998291015625 394.4385070800781 529.86376953125 250.071533203125 529.86376953125
246.42056274414062 248.3866424560547 390.8037872314453 248.3866424560547 390.8037872314453 530.6694183349609 246.42056274414062 530.6694183349609
246.48486328125 245.9131622314453 390.940185546875 245.9131622314453 390.940185546875 530.7655181884766 246.48486328125 530.7655181884766
243.02737426757812 244.56912231445312 389.3417510986328 244.56912231445312 389.3417510986328 531.2395935058594 243.02737426757812 531.2395935058594
244.22097778320312 249.05654907226562 392.255126953125 249.05654907226562 392.255126953125 530.5582885742188 244.22097778320312 530.5582885742188
244.2764434814453 249.83438110351562 391.92625427246094 249.83438110351562 391.92625427246094 529.2023620605469 244.2764434814453 529.2023620605469
247.22537231445312 247.83480834960938 394.0323028564453 247.83480834960938 394.0323028564453 528.6331176757812 247.22537231445312 528.6331176757812
246.2330780029297 246.97219848632812 394.95579528808594 246.97219848632812 394.95579528808594 529.7983093261719 246.2330780029297 529.7983093261719
245.71603393554688 247.4112091064453 394.6674041748047 247.4112091064453 394.6674041748047 529.7148590087891 245.71603393554688 529.7148590087891
243.7767791748047 247.80654907226562 392.6476135253906 247.80654907226562 392.6476135253906 527.2683410644531 243.7767791748047 527.2683410644531
240.1785888671875 245.78604125976562 391.0099182128906 245.78604125976562 391.0099182128906 527.0629577636719 240.1785888671875 527.0629577636719
239.540771484375 252.24362182617188 394.10536193847656 252.24362182617188 394.10536193847656 528.7666320800781 239.540771484375 528.7666320800781
232.35302734375 248.2842254638672 387.32952880859375 248.2842254638672 387.32952880859375 526.7647247314453 232.35302734375 526.7647247314453
226.09420776367188 244.61801147460938 380.5478210449219 244.61801147460938 380.5478210449219 523.9683532714844 226.09420776367188 523.9683532714844
219.3279266357422 253.064453125 379.6335906982422 253.064453125 379.6335906982422 530.4612426757812 219.3279266357422 530.4612426757812
213.8587188720703 255.21688842773438 377.91481018066406 255.21688842773438 377.91481018066406 533.1365051269531 213.8587188720703 533.1365051269531
209.6051025390625 261.13018798828125 373.116943359375 261.13018798828125 373.116943359375 534.609130859375 209.6051025390625 534.609130859375
204.25538635253906 263.5691223144531 362.0075988769531 263.5691223144531 362.0075988769531 536.0927124023438 204.25538635253906 536.0927124023438
204.79393005371094 264.66912841796875 364.92681884765625 264.66912841796875 364.92681884765625 534.3270874023438 204.79393005371094 534.3270874023438
197.91091918945312 268.21246337890625 353.9891357421875 268.21246337890625 353.9891357421875 533.0293884277344 197.91091918945312 533.0293884277344
197.2471923828125 260.07684326171875 354.7530517578125 260.07684326171875 354.7530517578125 530.650390625 197.2471923828125 530.650390625
195.92132568359375 260.59967041015625 350.793701171875 260.59967041015625 350.793701171875 532.6775207519531 195.92132568359375 532.6775207519531
196.1932830810547 262.62310791015625 347.1250915527344 262.62310791015625 347.1250915527344 532.933837890625 196.1932830810547 532.933837890625
193.24436950683594 260.6809997558594 343.5823516845703 260.6809997558594 343.5823516845703 532.054931640625 193.24436950683594 532.054931640625
187.49732971191406 259.7865295410156 339.09315490722656 259.7865295410156 339.09315490722656 533.1253356933594 187.49732971191406 533.1253356933594
189.11102294921875 262.2152099609375 334.11158752441406 262.2152099609375 334.11158752441406 531.0555419921875 189.11102294921875 531.0555419921875
182.7645263671875 260.55657958984375 328.5937957763672 260.55657958984375 328.5937957763672 529.5753173828125 182.7645263671875 529.5753173828125
181.91653442382812 266.4114685058594 325.69520568847656 266.4114685058594 325.69520568847656 532.7772521972656 181.91653442382812 532.7772521972656
179.2158660888672 266.5141906738281 323.6425476074219 266.5141906738281 323.6425476074219 532.700927734375 179.2158660888672 532.700927734375
176.67843627929688 266.78936767578125 318.80377197265625 266.78936767578125 318.80377197265625 530.5953369140625 176.67843627929688 530.5953369140625
170.09292602539062 265.04010009765625 313.5367126464844 265.04010009765625 313.5367126464844 527.85791015625 170.09292602539062 527.85791015625
168.11512756347656 263.06085205078125 309.3747253417969 263.06085205078125 309.3747253417969 530.1046142578125 168.11512756347656 530.1046142578125
163.59292602539062 265.35455322265625 306.29884338378906 265.35455322265625 306.29884338378906 530.6383056640625 163.59292602539062 530.6383056640625
157.251708984375 264.5694274902344 299.4126281738281 264.5694274902344 299.4126281738281 527.6240539550781 157.251708984375 527.6240539550781
154.34359741210938 265.5431823730469 297.11456298828125 265.5431823730469 297.11456298828125 525.4309387207031 154.34359741210938 525.4309387207031
148.31240844726562 267.8896179199219 290.43690490722656 267.8896179199219 290.43690490722656 524.7462463378906 148.31240844726562 524.7462463378906
147.6200408935547 263.1729431152344 287.99884033203125 263.1729431152344 287.99884033203125 522.3805541992188 147.6200408935547 522.3805541992188
143.28515625 262.895263671875 282.1563415527344 262.895263671875 282.1563415527344 521.1197509765625 143.28515625 521.1197509765625
140.84548950195312 267.1085510253906 279.4376983642578 267.1085510253906 279.4376983642578 521.0745697021484 140.84548950195312 521.0745697021484
140.80523681640625 269.002197265625 276.25811767578125 269.002197265625 276.25811767578125 522.6105194091797 140.80523681640625 522.6105194091797
140.60916137695312 271.88970947265625 274.7362823486328 271.88970947265625 274.7362823486328 522.0815124511719 140.60916137695312 522.0815124511719
131.8973846435547 274.5337219238281 270.16603088378906 274.5337219238281 270.16603088378906 524.6128234863281 131.8973846435547 524.6128234863281
126.3575439453125 275.7065124511719 266.2572937011719 275.7065124511719 266.2572937011719 525.3554382324219 126.3575439453125 525.3554382324219
120.0768051147461 275.11773681640625 264.0322952270508 275.11773681640625 264.0322952270508 530.6158294677734 120.0768051147461 530.6158294677734
104.75440979003906 273.583984375 252.41053771972656 273.583984375 252.41053771972656 531.1550903320312 104.75440979003906 531.1550903320312
103.42234802246094 275.42303466796875 248.84532165527344 275.42303466796875 248.84532165527344 535.7324829101562 103.42234802246094 535.7324829101562
92.01996612548828 272.33856201171875 236.91300201416016 272.33856201171875 236.91300201416016 530.7193603515625 92.01996612548828 530.7193603515625
84.15594482421875 272.50274658203125 225.26779174804688 272.50274658203125 225.26779174804688 532.2134399414062 84.15594482421875 532.2134399414062
85.8255386352539 268.5409240722656 226.08893585205078 268.5409240722656 226.08893585205078 533.8693237304688 85.8255386352539 533.8693237304688
77.96067810058594 269.82391357421875 217.4320831298828 269.82391357421875 217.4320831298828 533.9487609863281 77.96067810058594 533.9487609863281
74.67548370361328 262.7474670410156 215.77909088134766 262.7474670410156 215.77909088134766 531.5654602050781 74.67548370361328 531.5654602050781
69.92058563232422 262.4809265136719 210.88919830322266 262.4809265136719 210.88919830322266 531.4595031738281 69.92058563232422 531.4595031738281
65.49400329589844 272.9762268066406 202.4181671142578 272.9762268066406 202.4181671142578 535.8425903320312 65.49400329589844 535.8425903320312
58.3849983215332 275.77886962890625 199.17590713500977 275.77886962890625 199.17590713500977 536.847900390625 58.3849983215332 536.847900390625
53.353172302246094 270.4305419921875 193.49523162841797 270.4305419921875 193.49523162841797 536.5290222167969 53.353172302246094 536.5290222167969
51.63024139404297 272.5140380859375 190.23302459716797 272.5140380859375 190.23302459716797 538.3054809570312 51.63024139404297 538.3054809570312
48.66160202026367 274.9551696777344 186.94672775268555 274.9551696777344 186.94672775268555 536.79638671875 48.66160202026367 536.79638671875
47.84489059448242 271.60601806640625 183.28583908081055 271.60601806640625 183.28583908081055 536.0654907226562 47.84489059448242 536.0654907226562
46.36664962768555 270.20355224609375 178.70359420776367 270.20355224609375 178.70359420776367 536.3571166992188 46.36664962768555 536.3571166992188
43.6497688293457 266.035888671875 175.33282852172852 266.035888671875 175.33282852172852 536.0848388671875 43.6497688293457 536.0848388671875
40.44952392578125 265.9892272949219 170.50706481933594 265.9892272949219 170.50706481933594 532.2266845703125 40.44952392578125 532.2266845703125
35.04713821411133 268.53521728515625 167.96518325805664 268.53521728515625 167.96518325805664 532.7589721679688 35.04713821411133 532.7589721679688
34.875484466552734 268.9078674316406 167.66178512573242 268.9078674316406 167.66178512573242 532.5541076660156 34.875484466552734 532.5541076660156
32.98015594482422 271.2782897949219 164.89563751220703 271.2782897949219 164.89563751220703 529.1027526855469 32.98015594482422 529.1027526855469
28.813695907592773 265.9649658203125 161.4608669281006 265.9649658203125 161.4608669281006 530.5509643554688 28.813695907592773 530.5509643554688
26.442636489868164 265.0411682128906 158.93128395080566 265.0411682128906 158.93128395080566 531.8447570800781 26.442636489868164 531.8447570800781
23.700862884521484 265.47076416015625 155.95681381225586 265.47076416015625 155.95681381225586 533.9542541503906 23.700862884521484 533.9542541503906
22.457469940185547 265.16925048828125 154.58388900756836 265.16925048828125 154.58388900756836 532.7541198730469 22.457469940185547 532.7541198730469
17.18734359741211 262.5841979980469 149.38259506225586 262.5841979980469 149.38259506225586 536.2826232910156 17.18734359741211 536.2826232910156
14.283480644226074 266.7814636230469 147.0487241744995 266.7814636230469 147.0487241744995 536.3809814453125 14.283480644226074 536.3809814453125
5.096627712249756 264.81805419921875 138.82041311264038 264.81805419921875 138.82041311264038 539.8756713867188 5.096627712249756 539.8756713867188
3.6854629516601562 267.3883056640625 138.29222869873047 267.3883056640625 138.29222869873047 540.7735595703125 3.6854629516601562 540.7735595703125
2.2846617698669434 267.5178527832031 136.61545705795288 267.5178527832031 136.61545705795288 541.1976928710938 2.2846617698669434 541.1976928710938
0.0 266.15570068359375 133.03700256347656 266.15570068359375 133.03700256347656 542.9804992675781 0.0 542.9804992675781
0.0 269.7549743652344 132.2676544189453 269.7549743652344 132.2676544189453 541.7681579589844 0.0 541.7681579589844
0.0 274.2459411621094 134.65859985351562 274.2459411621094 134.65859985351562 534.8362121582031 0.0 534.8362121582031
0.0 275.0272521972656 134.1351776123047 275.0272521972656 134.1351776123047 541.7469787597656 0.0 541.7469787597656
0.0 275.5601806640625 130.02395629882812 275.5601806640625 130.02395629882812 541.0138549804688 0.0 541.0138549804688
0.0 279.83416748046875 128.90524291992188 279.83416748046875 128.90524291992188 540.9205932617188 0.0 540.9205932617188
0.0 285.05181884765625 124.21944427490234 285.05181884765625 124.21944427490234 535.9735412597656 0.0 535.9735412597656
0.0 286.92376708984375 119.3401870727539 286.92376708984375 119.3401870727539 530.9314575195312 0.0 530.9314575195312
0.0 290.05731201171875 118.48429107666016 290.05731201171875 118.48429107666016 531.2668609619141 0.0 531.2668609619141
0.0 293.29571533203125 117.7564697265625 293.29571533203125 117.7564697265625 529.8773498535156 0.0 529.8773498535156
0.0 297.8666076660156 120.18453216552734 297.8666076660156 120.18453216552734 530.4467315673828 0.0 530.4467315673828
0.0 295.1148376464844 119.18815612792969 295.1148376464844 119.18815612792969 525.7668151855469 0.0 525.7668151855469
0.0 297.05615234375 116.8512954711914 297.05615234375 116.8512954711914 523.1858673095703 0.0 523.1858673095703
0.0 299.02044677734375 112.48442077636719 299.02044677734375 112.48442077636719 516.6994018554688 0.0 516.6994018554688
0.0 295.651611328125 109.14505767822266 295.651611328125 109.14505767822266 506.8682556152344 0.0 506.8682556152344
0.0 296.6786193847656 106.2319107055664 296.6786193847656 106.2319107055664 502.2577667236328 0.0 502.2577667236328
0.0 295.13043212890625 106.4676513671875 295.13043212890625 106.4676513671875 501.16578674316406 0.0 501.16578674316406
0.0 293.64788818359375 107.6502914428711 293.64788818359375 107.6502914428711 501.97190856933594 0.0 501.97190856933594
0.0 290.2357482910156 108.10307312011719 290.2357482910156 108.10307312011719 499.43601989746094 0.0 499.43601989746094
0.0 291.8844299316406 108.3050308227539 291.8844299316406 108.3050308227539 501.4754943847656 0.0 501.4754943847656
0.2081153839826584 289.4820861816406 108.90086440742016 289.4820861816406 108.90086440742016 499.82347106933594 0.2081153839826584 499.82347106933594
0.0 296.96099853515625 108.53178405761719 296.96099853515625 108.53178405761719 506.9908752441406 0.0 506.9908752441406
0.0 292.32830810546875 107.46763610839844 292.32830810546875 107.46763610839844 500.2988586425781 0.0 500.2988586425781
0.0 291.5515441894531 105.80696868896484 291.5515441894531 105.80696868896484 496.3083953857422 0.0 496.3083953857422
0.0 293.19610595703125 108.65250396728516 293.19610595703125 108.65250396728516 503.4596252441406 0.0 503.4596252441406
0.0 297.93017578125 108.11378479003906 297.93017578125 108.11378479003906 507.1511688232422 0.0 507.1511688232422
0.0 297.72918701171875 108.8149185180664 297.72918701171875 108.8149185180664 508.30702209472656 0.0 508.30702209472656
0.0 297.4844055175781 112.1043701171875 297.4844055175781 112.1043701171875 514.4279632568359 0.0 514.4279632568359
0.0 301.42669677734375 113.48905944824219 301.42669677734375 113.48905944824219 521.0499114990234 0.0 521.0499114990234
0.0 302.9085693359375 111.92659759521484 302.9085693359375 111.92659759521484 519.5081329345703 0.0 519.5081329345703
0.0 302.9585876464844 108.12799072265625 302.9585876464844 108.12799072265625 512.2071228027344 0.0 512.2071228027344
0.0 309.5647888183594 109.89404296875 309.5647888183594 109.89404296875 522.2309722900391 0.0 522.2309722900391
0.0 311.39599609375 109.79618835449219 311.39599609375 109.79618835449219 523.8728332519531 0.0 523.8728332519531
0.0 309.32196044921875 108.7892837524414 309.32196044921875 108.7892837524414 519.8502349853516 0.0 519.8502349853516
0.0 308.76556396484375 108.5944595336914 308.76556396484375 108.5944595336914 518.9168090820312 0.0 518.9168090820312
0.0 304.47576904296875 107.59456634521484 304.47576904296875 107.59456634521484 512.6920318603516 0.0 512.6920318603516
0.0 292.1290588378906 109.7959213256836 292.1290588378906 109.7959213256836 504.6053771972656 0.0 504.6053771972656
0.0 291.97076416015625 108.254150390625 291.97076416015625 108.254150390625 501.46348571777344 0.0 501.46348571777344
0.0 293.6016845703125 107.82374572753906 293.6016845703125 107.82374572753906 502.261474609375 0.0 502.261474609375
0.0 293.7376708984375 107.99281311035156 293.7376708984375 107.99281311035156 502.7246398925781 0.0 502.7246398925781
0.0 295.2455139160156 106.75830078125 295.2455139160156 106.75830078125 501.84344482421875 0.0 501.84344482421875
0.0 295.5521545410156 104.8901596069336 295.5521545410156 104.8901596069336 498.53485107421875 0.0 498.53485107421875
0.0 294.0941467285156 105.53468322753906 294.0941467285156 105.53468322753906 498.32411193847656 0.0 498.32411193847656
0.0 292.03350830078125 108.40682220458984 292.03350830078125 108.40682220458984 501.82164001464844 0.0 501.82164001464844
0.0 306.47210693359375 108.92989349365234 306.47210693359375 108.92989349365234 517.2724914550781 0.0 517.2724914550781
0.0 303.64202880859375 110.6119384765625 303.64202880859375 110.6119384765625 517.6974945068359 0.0 517.6974945068359
0.0 289.44378662109375 109.77116394042969 289.44378662109375 109.77116394042969 501.87217712402344 0.0 501.87217712402344
0.0 299.7174377441406 109.09297180175781 299.7174377441406 109.09297180175781 510.8334045410156 0.0 510.8334045410156
0.0 309.6226806640625 107.38067626953125 309.6226806640625 107.38067626953125 517.4250183105469 0.0 517.4250183105469
0.0 301.3734436035156 108.65998840332031 301.3734436035156 108.65998840332031 511.6514892578125 0.0 511.6514892578125
0.0 301.9122009277344 111.4454574584961 301.9122009277344 111.4454574584961 517.5806884765625 0.0 517.5806884765625
0.0 303.0395812988281 111.01948547363281 303.0395812988281 111.01948547363281 517.8837432861328 0.0 517.8837432861328
0.0 300.8408203125 112.040771484375 300.8408203125 112.040771484375 517.661376953125 0.0 517.661376953125
0.0 298.426513671875 111.75541687011719 298.426513671875 111.75541687011719 514.6948547363281 0.0 514.6948547363281
0.0 297.1576232910156 113.03459167480469 297.1576232910156 113.03459167480469 515.9014282226562 0.0 515.9014282226562
0.0 291.02532958984375 114.53118896484375 291.02532958984375 114.53118896484375 512.6653137207031 0.0 512.6653137207031
0.0 291.7311096191406 114.6640625 291.7311096191406 114.6640625 513.6282348632812 0.0 513.6282348632812
0.069208525121212 292.0133361816406 117.25548782199621 292.0133361816406 117.25548782199621 518.7914428710938 0.069208525121212 518.7914428710938
0.1215362548828125 288.09295654296875 121.164794921875 288.09295654296875 121.164794921875 522.3350677490234 0.1215362548828125 522.3350677490234
0.0 290.3343811035156 123.31434631347656 290.3343811035156 123.31434631347656 528.9714965820312 0.0 528.9714965820312
0.0 291.53704833984375 124.72154235839844 291.53704833984375 124.72154235839844 532.8973541259766 0.0 532.8973541259766
0.0 286.4356689453125 126.8838119506836 286.4356689453125 126.8838119506836 531.9803771972656 0.0 531.9803771972656
0.0 288.81524658203125 125.5530776977539 288.81524658203125 125.5530776977539 531.7847595214844 0.0 531.7847595214844
0.0 288.7341003417969 125.80074310302734 288.7341003417969 125.80074310302734 532.1829223632812 0.0 532.1829223632812
0.0 287.72320556640625 123.76991271972656 287.72320556640625 123.76991271972656 527.2419586181641 0.0 527.2419586181641
0.04460296779870987 291.179443359375 123.0696502700448 291.179443359375 123.0696502700448 529.2567443847656 0.04460296779870987 529.2567443847656
0.0 293.0823669433594 121.8621597290039 293.0823669433594 121.8621597290039 528.9092407226562 0.0 528.9092407226562
0.0 296.7220153808594 120.59207916259766 296.7220153808594 120.59207916259766 530.0910339355469 0.0 530.0910339355469
0.0 290.7264709472656 122.3851318359375 290.7264709472656 122.3851318359375 527.5654144287109 0.0 527.5654144287109
0.0 291.9222717285156 123.32368469238281 291.9222717285156 123.32368469238281 530.5774993896484 0.0 530.5774993896484
0.0 292.1951599121094 120.11561584472656 292.1951599121094 120.11561584472656 524.6421356201172 0.0 524.6421356201172
0.0 295.9913330078125 117.75362396240234 295.9913330078125 117.75362396240234 523.8674011230469 0.0 523.8674011230469
0.0 296.9246520996094 116.98648834228516 296.9246520996094 116.98648834228516 523.316162109375 0.0 523.316162109375
0.0 301.99859619140625 113.67437744140625 301.99859619140625 113.67437744140625 521.9805297851562 0.0 521.9805297851562
0.0 300.4192810058594 112.0003890991211 300.4192810058594 112.0003890991211 517.1617431640625 0.0 517.1617431640625
0.0 301.30242919921875 112.3239974975586 301.30242919921875 112.3239974975586 518.6711273193359 0.0 518.6711273193359
0.0 297.9536437988281 109.76768493652344 297.9536437988281 109.76768493652344 510.3753662109375 0.0 510.3753662109375
0.0 292.27923583984375 108.29520416259766 292.27923583984375 108.29520416259766 501.8514099121094 0.0 501.8514099121094
0.0 291.9466247558594 110.64033508300781 291.9466247558594 110.64033508300781 506.05706787109375 0.0 506.05706787109375
0.0 295.04486083984375 109.96207427978516 295.04486083984375 109.96207427978516 507.84271240234375 0.0 507.84271240234375
0.0 304.20098876953125 110.0167007446289 304.20098876953125 110.0167007446289 517.1045532226562 0.0 517.1045532226562
0.0 293.582763671875 111.2818832397461 293.582763671875 111.2818832397461 508.9347229003906 0.0 508.9347229003906
0.0 298.1279602050781 112.22587585449219 298.1279602050781 112.22587585449219 515.3067169189453 0.0 515.3067169189453
0.0 295.3243408203125 111.11982727050781 295.3243408203125 111.11982727050781 510.3627014160156 0.0 510.3627014160156
0.0 299.7689514160156 114.3164291381836 299.7689514160156 114.3164291381836 520.9933471679688 0.0 520.9933471679688
0.0 294.77264404296875 116.86505126953125 294.77264404296875 116.86505126953125 520.9291076660156 0.0 520.9291076660156
0.0 295.21875 117.82719421386719 295.21875 117.82719421386719 523.2371368408203 0.0 523.2371368408203
1.8430160284042358 292.8578796386719 123.58001554012299 292.8578796386719 123.58001554012299 528.4425048828125 1.8430160284042358 528.4425048828125
0.0 287.8988342285156 124.86515808105469 287.8988342285156 124.86515808105469 529.5370483398438 0.0 529.5370483398438
0.0 286.3909606933594 123.83213806152344 286.3909606933594 123.83213806152344 533.4949340820312 0.0 533.4949340820312
0.38282090425491333 284.7052001953125 123.75714951753616 284.7052001953125 123.75714951753616 532.5848388671875 0.38282090425491333 532.5848388671875
0.2315421998500824 279.8569030761719 121.93240889906883 279.8569030761719 121.93240889906883 534.2185211181641 0.2315421998500824 534.2185211181641
0.9451309442520142 281.49267578125 120.97628176212311 281.49267578125 120.97628176212311 534.36181640625 0.9451309442520142 534.36181640625
2.003584384918213 280.93890380859375 121.07815408706665 280.93890380859375 121.07815408706665 534.6980285644531 2.003584384918213 534.6980285644531
2.0656540393829346 281.28277587890625 120.4339554309845 281.28277587890625 120.4339554309845 535.2869720458984 2.0656540393829346 535.2869720458984
2.0989410877227783 280.88067626953125 119.95121312141418 280.88067626953125 119.95121312141418 535.3252258300781 2.0989410877227783 535.3252258300781
2.2381560802459717 281.6205749511719 121.50166010856628 281.6205749511719 121.50166010856628 533.2301940917969 2.2381560802459717 533.2301940917969
0.43794479966163635 283.07171630859375 119.61195603013039 283.07171630859375 119.61195603013039 534.7387084960938 0.43794479966163635 534.7387084960938
0.1824348419904709 281.69635009765625 122.04038314521313 281.69635009765625 122.04038314521313 536.0623168945312 0.1824348419904709 536.0623168945312
0.0 286.15325927734375 125.30265808105469 286.15325927734375 125.30265808105469 533.9780578613281 0.0 533.9780578613281
0.6745818853378296 284.6554260253906 125.94693601131439 284.6554260253906 125.94693601131439 531.1893615722656 0.6745818853378296 531.1893615722656
0.6424163579940796 283.8153076171875 128.43919217586517 283.8153076171875 128.43919217586517 535.7960662841797 0.6424163579940796 535.7960662841797
0.0 280.88580322265625 125.13456726074219 280.88580322265625 125.13456726074219 535.5495910644531 0.0 535.5495910644531
0.0 281.6788330078125 127.06166076660156 281.6788330078125 127.06166076660156 534.3297424316406 0.0 534.3297424316406
0.0 280.31256103515625 128.20941162109375 280.31256103515625 128.20941162109375 535.3619537353516 0.0 535.3619537353516
0.0 282.5296325683594 130.50009155273438 282.5296325683594 130.50009155273438 535.0725708007812 0.0 535.0725708007812
0.0 279.4339294433594 128.87860107421875 279.4339294433594 128.87860107421875 536.4501037597656 0.0 536.4501037597656
0.0 279.72125244140625 125.07655334472656 279.72125244140625 125.07655334472656 536.3458251953125 0.0 536.3458251953125
0.0 277.13995361328125 126.48298645019531 277.13995361328125 126.48298645019531 528.8666381835938 0.0 528.8666381835938
0.0 276.28173828125 119.27608489990234 276.28173828125 119.27608489990234 539.0912170410156 0.0 539.0912170410156
0.1849265992641449 276.06939697265625 116.50318679213524 276.06939697265625 116.50318679213524 538.4286804199219 0.1849265992641449 538.4286804199219
0.6956619024276733 277.9320373535156 118.42544400691986 277.9320373535156 118.42544400691986 534.4821472167969 0.6956619024276733 534.4821472167969
0.5311561822891235 281.07525634765625 117.03756487369537 281.07525634765625 117.03756487369537 531.2685852050781 0.5311561822891235 531.2685852050781
0.7301391363143921 285.52557373046875 119.23896634578705 285.52557373046875 119.23896634578705 528.7126770019531 0.7301391363143921 528.7126770019531
3.188495635986328 280.86346435546875 113.78479385375977 280.86346435546875 113.78479385375977 532.7111206054688 3.188495635986328 532.7111206054688
2.585867404937744 287.62274169921875 119.06898355484009 287.62274169921875 119.06898355484009 529.2423248291016 2.585867404937744 529.2423248291016
5.072144985198975 283.3909606933594 118.25895833969116 283.3909606933594 118.25895833969116 534.8492889404297 5.072144985198975 534.8492889404297
2.3342621326446533 285.29510498046875 118.16498875617981 285.29510498046875 118.16498875617981 532.4409790039062 2.3342621326446533 532.4409790039062
1.5103362798690796 289.8671569824219 117.06852567195892 289.8671569824219 117.06852567195892 528.4280395507812 1.5103362798690796 528.4280395507812
0.2978370785713196 295.7637023925781 118.70304948091507 295.7637023925781 118.70304948091507 524.9005889892578 0.2978370785713196 524.9005889892578
0.0 294.0010986328125 121.3812484741211 294.0010986328125 121.3812484741211 528.8971862792969 0.0 528.8971862792969
0.0 294.423583984375 118.04158782958984 294.423583984375 118.04158782958984 522.8567810058594 0.0 522.8567810058594
2.558789014816284 295.95391845703125 121.21152186393738 295.95391845703125 121.21152186393738 525.5697937011719 2.558789014816284 525.5697937011719
5.840670585632324 295.896240234375 125.45099925994873 295.896240234375 125.45099925994873 527.365234375 5.840670585632324 527.365234375
6.318873405456543 294.7475891113281 125.61806774139404 294.7475891113281 125.61806774139404 525.6144866943359 6.318873405456543 525.6144866943359
3.331911563873291 295.7381591796875 124.6186089515686 295.7381591796875 124.6186089515686 530.4512634277344 3.331911563873291 530.4512634277344
5.945195198059082 291.0152282714844 127.8771562576294 291.0152282714844 127.8771562576294 526.97705078125 5.945195198059082 526.97705078125
9.893362045288086 287.93646240234375 132.00666618347168 287.93646240234375 132.00666618347168 524.2492065429688 9.893362045288086 524.2492065429688
3.5921096801757812 291.9518737792969 125.06958770751953 291.9518737792969 125.06958770751953 529.0108795166016 3.5921096801757812 529.0108795166016
4.77731466293335 295.07025146484375 124.5851378440857 295.07025146484375 124.5851378440857 526.9214782714844 4.77731466293335 526.9214782714844
8.704057693481445 292.335205078125 125.74491310119629 292.335205078125 125.74491310119629 528.1013488769531 8.704057693481445 528.1013488769531
7.7355194091796875 292.70574951171875 127.0704345703125 292.70574951171875 127.0704345703125 529.2610015869141 7.7355194091796875 529.2610015869141
15.137660026550293 289.186279296875 134.66203594207764 289.186279296875 134.66203594207764 523.4817352294922 15.137660026550293 523.4817352294922
12.20511245727539 293.0018310546875 130.86274337768555 293.0018310546875 130.86274337768555 529.5084686279297 12.20511245727539 529.5084686279297
14.917831420898438 287.0034484863281 134.52793884277344 287.0034484863281 134.52793884277344 524.5228271484375 14.917831420898438 524.5228271484375
9.448968887329102 289.630126953125 128.6715259552002 289.630126953125 128.6715259552002 529.2610321044922 9.448968887329102 529.2610321044922
13.531835556030273 290.04144287109375 132.42980766296387 290.04144287109375 132.42980766296387 525.3823852539062 13.531835556030273 525.3823852539062
9.618464469909668 292.24664306640625 129.01191997528076 292.24664306640625 129.01191997528076 531.5544738769531 9.618464469909668 531.5544738769531
14.444958686828613 292.1318359375 134.8663911819458 292.1318359375 134.8663911819458 527.8802947998047 14.444958686828613 527.8802947998047
11.888622283935547 292.6630554199219 132.03564071655273 292.6630554199219 132.03564071655273 525.1706237792969 11.888622283935547 525.1706237792969
15.576913833618164 293.5526428222656 134.25052070617676 293.5526428222656 134.25052070617676 523.2088470458984 15.576913833618164 523.2088470458984
14.633115768432617 300.6456604003906 131.55523490905762 300.6456604003906 131.55523490905762 526.9124145507812 14.633115768432617 526.9124145507812
15.403964042663574 298.1585998535156 130.3179807662964 298.1585998535156 130.3179807662964 520.5392608642578 15.403964042663574 520.5392608642578
18.16019058227539 295.4962463378906 133.94707107543945 295.4962463378906 133.94707107543945 519.5660400390625 18.16019058227539 519.5660400390625
7.425678253173828 294.110595703125 122.50420761108398 294.110595703125 122.50420761108398 516.8096008300781 7.425678253173828 516.8096008300781
4.854718208312988 299.9630432128906 119.2819185256958 299.9630432128906 119.2819185256958 521.4015655517578 4.854718208312988 521.4015655517578
0.0 302.19219970703125 113.55084228515625 302.19219970703125 113.55084228515625 521.9347991943359 0.0 521.9347991943359
4.9476318359375 303.23797607421875 117.69453430175781 303.23797607421875 117.69453430175781 521.4247894287109 4.9476318359375 521.4247894287109
3.1983046531677246 304.1142578125 114.85105276107788 304.1142578125 114.85105276107788 520.1836700439453 3.1983046531677246 520.1836700439453
2.160736083984375 300.20062255859375 115.18495178222656 300.20062255859375 115.18495178222656 518.9240875244141 2.160736083984375 518.9240875244141
2.245555877685547 299.8563537597656 116.54333114624023 299.8563537597656 116.54333114624023 522.5587768554688 2.245555877685547 522.5587768554688
0.3213661313056946 297.21697998046875 116.34507066011429 297.21697998046875 116.34507066011429 521.7450256347656 0.3213661313056946 521.7450256347656
0.03765258938074112 301.4311218261719 118.00648651272058 301.4311218261719 118.00648651272058 529.7233581542969 0.03765258938074112 529.7233581542969
0.0 302.58770751953125 115.39036560058594 302.58770751953125 115.39036560058594 525.8901214599609 0.0 525.8901214599609
0.0 305.75140380859375 113.49520111083984 305.75140380859375 113.49520111083984 525.3863220214844 0.0 525.3863220214844
1.699547529220581 308.6238098144531 115.37237620353699 308.6238098144531 115.37237620353699 528.6024780273438 1.699547529220581 528.6024780273438
6.663303375244141 314.5646667480469 118.4780387878418 314.5646667480469 118.4780387878418 530.9475555419922 6.663303375244141 530.9475555419922
12.431504249572754 317.23675537109375 123.09678745269775 317.23675537109375 123.09678745269775 531.3952484130859 12.431504249572754 531.3952484130859
3.7989096641540527 322.743896484375 112.41186285018921 322.743896484375 112.41186285018921 533.8832550048828 3.7989096641540527 533.8832550048828
7.338106632232666 323.58251953125 116.0885796546936 323.58251953125 116.0885796546936 534.0354919433594 7.338106632232666 534.0354919433594
2.5080056190490723 324.0580749511719 110.16293573379517 324.0580749511719 110.16293573379517 532.3909912109375 2.5080056190490723 532.3909912109375
2.8441193103790283 318.03887939453125 110.95585179328918 318.03887939453125 110.95585179328918 527.2558288574219 2.8441193103790283 527.2558288574219
0.3853622376918793 312.0697937011719 108.19969329237938 312.0697937011719 108.19969329237938 520.7112274169922 0.3853622376918793 520.7112274169922
0.0 316.1588439941406 107.8240737915039 316.1588439941406 107.8240737915039 524.8191223144531 0.0 524.8191223144531
0.0 315.9696350097656 107.51495361328125 315.9696350097656 107.51495361328125 524.0316925048828 0.0 524.0316925048828
19.01211166381836 313.2926940917969 125.1539421081543 313.2926940917969 125.1539421081543 518.6975250244141 19.01211166381836 518.6975250244141
22.683917999267578 304.04901123046875 129.95041275024414 304.04901123046875 129.95041275024414 511.6302795410156 22.683917999267578 511.6302795410156
18.635616302490234 302.3639221191406 127.08793258666992 302.3639221191406 127.08793258666992 512.2399749755859 18.635616302490234 512.2399749755859
10.76496696472168 303.95135498046875 118.91021537780762 303.95135498046875 118.91021537780762 513.2331695556641 10.76496696472168 513.2331695556641
9.148880958557129 303.77288818359375 117.36683750152588 303.77288818359375 117.36683750152588 513.1954193115234 9.148880958557129 513.1954193115234
9.082551956176758 301.22528076171875 117.55972480773926 301.22528076171875 117.55972480773926 511.14947509765625 9.082551956176758 511.14947509765625
19.437654495239258 303.8880615234375 127.83757209777832 303.8880615234375 127.83757209777832 513.6627655029297 19.437654495239258 513.6627655029297
16.832500457763672 305.6962585449219 123.83321762084961 305.6962585449219 123.83321762084961 512.7632446289062 16.832500457763672 512.7632446289062
20.653331756591797 304.048583984375 127.57857894897461 304.048583984375 127.57857894897461 510.9695129394531 20.653331756591797 510.9695129394531
24.253984451293945 294.9134521484375 130.92022132873535 294.9134521484375 130.92022132873535 501.3331298828125 24.253984451293945 501.3331298828125
23.59537124633789 295.5100402832031 130.14068222045898 295.5100402832031 130.14068222045898 501.6956787109375 23.59537124633789 501.6956787109375
22.676513671875 292.50732421875 129.43131256103516 292.50732421875 129.43131256103516 503.7665252685547 22.676513671875 503.7665252685547
20.347436904907227 288.8641662597656 128.63781929016113 288.8641662597656 128.63781929016113 503.69580078125 20.347436904907227 503.69580078125
20.21932029724121 293.0646667480469 129.77067375183105 293.0646667480469 129.77067375183105 505.0675506591797 20.21932029724121 505.0675506591797
24.63161277770996 286.66717529296875 128.9257869720459 286.66717529296875 128.9257869720459 508.7324523925781 24.63161277770996 508.7324523925781
26.864044189453125 287.28057861328125 128.59888458251953 287.28057861328125 128.59888458251953 510.17848205566406 26.864044189453125 510.17848205566406
31.067249298095703 288.0460510253906 130.5801124572754 288.0460510253906 130.5801124572754 511.55967712402344 31.067249298095703 511.55967712402344
30.8624210357666 284.8511657714844 132.306001663208 284.8511657714844 132.306001663208 510.31752014160156 30.8624210357666 510.31752014160156
30.23797035217285 287.27227783203125 135.00027656555176 287.27227783203125 135.00027656555176 509.75885009765625 30.23797035217285 509.75885009765625
27.609119415283203 287.2936096191406 131.1192970275879 287.2936096191406 131.1192970275879 512.3723907470703 27.609119415283203 512.3723907470703
28.0183162689209 288.66259765625 131.9605541229248 288.66259765625 131.9605541229248 515.1426544189453 28.0183162689209 515.1426544189453
28.603240966796875 288.917724609375 132.2432098388672 288.917724609375 132.2432098388672 513.3346710205078 28.603240966796875 513.3346710205078
25.607751846313477 289.22247314453125 133.22437477111816 289.22247314453125 133.22437477111816 513.3395080566406 25.607751846313477 513.3395080566406
23.234848022460938 288.2843322753906 134.3792724609375 288.2843322753906 134.3792724609375 510.4558410644531 23.234848022460938 510.4558410644531
20.658374786376953 287.9476623535156 131.1097297668457 287.9476623535156 131.1097297668457 515.8471984863281 20.658374786376953 515.8471984863281
23.240806579589844 285.9014587402344 133.79630279541016 285.9014587402344 133.79630279541016 517.5717163085938 23.240806579589844 517.5717163085938
21.753559112548828 283.5260009765625 131.69968795776367 283.5260009765625 131.69968795776367 517.3207092285156 21.753559112548828 517.3207092285156
20.680221557617188 282.7994079589844 133.66490173339844 282.7994079589844 133.66490173339844 513.5862274169922 20.680221557617188 513.5862274169922
19.090721130371094 286.3941955566406 135.02289581298828 286.3941955566406 135.02289581298828 510.7452392578125 19.090721130371094 510.7452392578125
20.69046401977539 287.8391418457031 133.65297317504883 287.8391418457031 133.65297317504883 514.8010101318359 20.69046401977539 514.8010101318359
17.542667388916016 288.13824462890625 128.61442184448242 288.13824462890625 128.61442184448242 517.4747467041016 17.542667388916016 517.4747467041016
20.894424438476562 286.6031799316406 132.8954620361328 286.6031799316406 132.8954620361328 515.9764709472656 20.894424438476562 515.9764709472656
22.239131927490234 285.634521484375 134.06707382202148 285.634521484375 134.06707382202148 514.400390625 22.239131927490234 514.400390625
20.564590454101562 283.9384765625 133.25543212890625 283.9384765625 133.25543212890625 514.5640106201172 20.564590454101562 514.5640106201172
16.289106369018555 285.383544921875 130.63214683532715 285.383544921875 130.63214683532715 517.1664733886719 16.289106369018555 517.1664733886719
20.8641300201416 284.0528259277344 137.5192813873291 284.0528259277344 137.5192813873291 516.5839080810547 20.8641300201416 516.5839080810547
15.404230117797852 283.6210021972656 132.9477939605713 283.6210021972656 132.9477939605713 517.3409729003906 15.404230117797852 517.3409729003906
18.136682510375977 282.1799011230469 136.25012397766113 282.1799011230469 136.25012397766113 515.8652801513672 18.136682510375977 515.8652801513672
21.90703010559082 286.3984375 139.52696418762207 286.3984375 139.52696418762207 516.4004211425781 21.90703010559082 516.4004211425781
16.74520492553711 287.12689208984375 133.7701301574707 287.12689208984375 133.7701301574707 517.9422302246094 16.74520492553711 517.9422302246094
12.9370756149292 283.5848693847656 132.7151746749878 283.5848693847656 132.7151746749878 518.8259887695312 12.9370756149292 518.8259887695312
12.447874069213867 287.1768493652344 132.95495414733887 287.1768493652344 132.95495414733887 520.3812713623047 12.447874069213867 520.3812713623047
17.073015213012695 286.1678771972656 136.9696979522705 286.1678771972656 136.9696979522705 518.1910705566406 17.073015213012695 518.1910705566406
12.726056098937988 286.0352478027344 131.70937824249268 286.0352478027344 131.70937824249268 516.2909393310547 12.726056098937988 516.2909393310547
10.799506187438965 287.64398193359375 130.53827571868896 287.64398193359375 130.53827571868896 519.3616027832031 10.799506187438965 519.3616027832031
10.225992202758789 286.87249755859375 131.32114601135254 286.87249755859375 131.32114601135254 521.2149810791016 10.225992202758789 521.2149810791016
12.18470573425293 289.1126708984375 133.27206993103027 289.1126708984375 133.27206993103027 523.4400939941406 12.18470573425293 523.4400939941406
13.0891695022583 288.3185119628906 133.07167530059814 288.3185119628906 133.07167530059814 520.5078430175781 13.0891695022583 520.5078430175781
14.470568656921387 290.10101318359375 134.13965892791748 290.10101318359375 134.13965892791748 521.6838226318359 14.470568656921387 521.6838226318359
8.964993476867676 288.93255615234375 127.79792499542236 288.93255615234375 127.79792499542236 518.8972320556641 8.964993476867676 518.8972320556641
11.281110763549805 286.69879150390625 130.17936515808105 286.69879150390625 130.17936515808105 516.7898864746094 11.281110763549805 516.7898864746094
5.62301778793335 289.18182373046875 127.45692586898804 289.18182373046875 127.45692586898804 524.9539947509766 5.62301778793335 524.9539947509766
8.441364288330078 285.1381530761719 131.38718032836914 285.1381530761719 131.38718032836914 523.0620727539062 8.441364288330078 523.0620727539062
9.097786903381348 287.2539978027344 130.772629737854 287.2539978027344 130.772629737854 522.3272705078125 9.097786903381348 522.3272705078125
4.595965385437012 285.274658203125 128.216570854187 285.274658203125 128.216570854187 524.2431335449219 4.595965385437012 524.2431335449219
2.5826637744903564 282.4071350097656 127.2355797290802 282.4071350097656 127.2355797290802 524.9629669189453 2.5826637744903564 524.9629669189453
1.857569932937622 281.02191162109375 127.56672215461731 281.02191162109375 127.56672215461731 525.4563140869141 1.857569932937622 525.4563140869141
0.5332809686660767 279.8033142089844 126.60151827335358 279.8033142089844 126.60151827335358 526.0078582763672 0.5332809686660767 526.0078582763672
3.2314345836639404 279.6649475097656 128.27508997917175 279.6649475097656 128.27508997917175 526.2429046630859 3.2314345836639404 526.2429046630859
1.7553421258926392 280.1319274902344 126.08214724063873 280.1319274902344 126.08214724063873 525.2081909179688 1.7553421258926392 525.2081909179688
0.0 280.31817626953125 123.9831314086914 280.31817626953125 123.9831314086914 525.1882171630859 0.0 525.1882171630859
4.568224906921387 283.27569580078125 128.32837963104248 283.27569580078125 128.32837963104248 525.9418029785156 4.568224906921387 525.9418029785156
1.6725631952285767 281.1589050292969 126.57315218448639 281.1589050292969 126.57315218448639 524.0725250244141 1.6725631952285767 524.0725250244141
0.0 280.71356201171875 124.75701904296875 280.71356201171875 124.75701904296875 527.0630187988281 0.0 527.0630187988281
0.49658888578414917 278.8271484375 124.31648939847946 278.8271484375 124.31648939847946 525.1298828125 0.49658888578414917 525.1298828125
0.624053955078125 281.30517578125 124.00188446044922 281.30517578125 124.00188446044922 524.6410675048828 0.624053955078125 524.6410675048828
0.0 285.2308044433594 122.7859878540039 285.2308044433594 122.7859878540039 522.8455200195312 0.0 522.8455200195312
2.453587293624878 284.38995361328125 124.70476984977722 284.38995361328125 124.70476984977722 520.9697113037109 2.453587293624878 520.9697113037109
0.0 283.9910583496094 121.43499755859375 283.9910583496094 121.43499755859375 521.0501861572266 0.0 521.0501861572266
2.580721378326416 282.90325927734375 123.54789972305298 282.90325927734375 123.54789972305298 519.4206237792969 2.580721378326416 519.4206237792969
1.6749420166015625 285.6230163574219 122.61087799072266 285.6230163574219 122.61087799072266 519.6575164794922 1.6749420166015625 519.6575164794922
1.5494468212127686 285.4783630371094 122.81211924552917 285.4783630371094 122.81211924552917 520.1451568603516 1.5494468212127686 520.1451568603516
0.7798271179199219 282.30963134765625 123.84704208374023 282.30963134765625 123.84704208374023 520.4685668945312 0.7798271179199219 520.4685668945312
0.0 280.79632568359375 122.0880355834961 280.79632568359375 122.0880355834961 519.4528656005859 0.0 519.4528656005859
1.2481368780136108 283.796142578125 123.00735318660736 283.796142578125 123.00735318660736 519.423828125 1.2481368780136108 519.423828125
0.0 284.1859130859375 120.61347961425781 284.1859130859375 120.61347961425781 517.5963439941406 0.0 517.5963439941406
0.900957465171814 283.8628234863281 119.558229804039 283.8628234863281 119.558229804039 513.4876251220703 0.900957465171814 513.4876251220703
1.4697250127792358 289.12939453125 117.25954282283783 289.12939453125 117.25954282283783 513.2051239013672 1.4697250127792358 513.2051239013672
1.3574981689453125 291.16436767578125 115.664306640625 291.16436767578125 115.664306640625 512.3702087402344 1.3574981689453125 512.3702087402344
0.0 291.2225036621094 114.92134857177734 291.2225036621094 114.92134857177734 513.6175994873047 0.0 513.6175994873047
0.2543846070766449 291.35931396484375 114.86231002211571 291.35931396484375 114.86231002211571 513.1478576660156 0.2543846070766449 513.1478576660156
0.0 290.6489562988281 115.20195007324219 290.6489562988281 115.20195007324219 513.5870361328125 0.0 513.5870361328125
0.0 290.0089416503906 114.5518798828125 290.0089416503906 114.5518798828125 511.68902587890625 0.0 511.68902587890625
0.0 290.681640625 114.13079833984375 290.681640625 114.13079833984375 511.5468444824219 0.0 511.5468444824219
0.0 293.0806579589844 112.98193359375 293.0806579589844 112.98193359375 511.72259521484375 0.0 511.72259521484375
0.7702598571777344 290.6487731933594 114.94474411010742 290.6487731933594 114.94474411010742 511.5985565185547 0.7702598571777344 511.5985565185547
0.15076522529125214 293.9066162109375 111.97774581611156 293.9066162109375 111.97774581611156 510.3135223388672 0.15076522529125214 510.3135223388672
0.0 293.8955383300781 112.48590087890625 293.8955383300781 112.48590087890625 511.57757568359375 0.0 511.57757568359375
1.4457671642303467 292.2227478027344 114.36019587516785 292.2227478027344 114.36019587516785 510.73406982421875 1.4457671642303467 510.73406982421875
0.0 293.27117919921875 112.2064437866211 293.27117919921875 112.2064437866211 510.41241455078125 0.0 510.41241455078125
0.5338172912597656 293.20025634765625 112.0499153137207 293.20025634765625 112.0499153137207 509.0055236816406 0.5338172912597656 509.0055236816406
0.3525253236293793 290.50872802734375 113.61657866835594 290.50872802734375 113.61657866835594 509.6966247558594 0.3525253236293793 509.6966247558594
0.0 292.3629455566406 111.93769836425781 292.3629455566406 111.93769836425781 508.9840850830078 0.0 508.9840850830078
0.0 290.37872314453125 112.4403076171875 290.37872314453125 112.4403076171875 507.9725036621094 0.0 507.9725036621094
0.0 291.4637145996094 112.95880126953125 291.4637145996094 112.95880126953125 510.0608825683594 0.0 510.0608825683594
0.0 289.52459716796875 114.10836029052734 289.52459716796875 114.10836029052734 510.3464050292969 0.0 510.3464050292969
0.0 289.86566162109375 113.73388671875 289.86566162109375 113.73388671875 509.96278381347656 0.0 509.96278381347656
0.0 289.67919921875 113.8768310546875 289.67919921875 113.8768310546875 510.0529327392578 0.0 510.0529327392578
0.0 287.1130676269531 115.67802429199219 287.1130676269531 115.67802429199219 510.97247314453125 0.0 510.97247314453125
0.13030242919921875 285.81219482421875 117.09593963623047 285.81219482421875 117.09593963623047 512.1633911132812 0.13030242919921875 512.1633911132812
0.0 285.94427490234375 117.16474914550781 285.94427490234375 117.16474914550781 512.6808013916016 0.0 512.6808013916016
0.0 287.39898681640625 115.94356536865234 287.39898681640625 115.94356536865234 511.77227783203125 0.0 511.77227783203125
0.0 287.27984619140625 116.61214447021484 287.27984619140625 116.61214447021484 512.9469909667969 0.0 512.9469909667969
0.0 286.62615966796875 114.6756362915039 286.62615966796875 114.6756362915039 508.54579162597656 0.0 508.54579162597656
0.0 286.8243408203125 115.60916900634766 286.8243408203125 115.60916900634766 510.550537109375 0.0 510.550537109375
0.0 284.76519775390625 118.45235443115234 284.76519775390625 118.45235443115234 513.9935150146484 0.0 513.9935150146484
0.0 285.40521240234375 117.64288330078125 285.40521240234375 117.64288330078125 513.0670471191406 0.0 513.0670471191406
0.0 284.8504943847656 118.6482162475586 284.8504943847656 118.6482162475586 514.4578247070312 0.0 514.4578247070312
0.4026504456996918 287.5135803222656 118.49782714247704 287.5135803222656 118.49782714247704 516.0506896972656 0.4026504456996918 516.0506896972656
0.353311151266098 283.6935729980469 121.10347136855125 283.6935729980469 121.10347136855125 517.3685760498047 0.353311151266098 517.3685760498047
0.2836814820766449 285.97869873046875 120.77496871352196 285.97869873046875 120.77496871352196 519.1527404785156 0.2836814820766449 519.1527404785156
0.0 288.857177734375 118.59517669677734 288.857177734375 118.59517669677734 518.3618621826172 0.0 518.3618621826172
0.0 290.1750183105469 120.13456726074219 290.1750183105469 120.13456726074219 522.6587066650391 0.0 522.6587066650391
0.0 287.66021728515625 120.73521423339844 287.66021728515625 120.73521423339844 521.3062896728516 0.0 521.3062896728516
0.1458076536655426 290.01751708984375 120.05222550034523 290.01751708984375 120.05222550034523 522.0597076416016 0.1458076536655426 522.0597076416016
0.4345512390136719 295.5059814453125 116.97491073608398 295.5059814453125 116.97491073608398 521.0341796875 0.4345512390136719 521.0341796875
4.5585761070251465 297.02252197265625 120.31696081161499 297.02252197265625 120.31696081161499 521.0374603271484 4.5585761070251465 521.0374603271484
7.473824501037598 305.8537902832031 120.65320682525635 305.8537902832031 120.65320682525635 524.8778686523438 7.473824501037598 524.8778686523438
14.817626953125 309.67962646484375 126.41680908203125 309.67962646484375 126.41680908203125 525.6456909179688 14.817626953125 525.6456909179688
17.980487823486328 309.66143798828125 129.01630020141602 309.66143798828125 129.01630020141602 524.5372924804688 17.980487823486328 524.5372924804688
20.590187072753906 312.60906982421875 129.5726547241211 312.60906982421875 129.5726547241211 523.5113220214844 20.590187072753906 523.5113220214844
24.292879104614258 316.63421630859375 133.36736488342285 316.63421630859375 133.36736488342285 527.7145690917969 24.292879104614258 527.7145690917969
24.60646629333496 311.82696533203125 134.58398246765137 311.82696533203125 134.58398246765137 524.6548767089844 24.60646629333496 524.6548767089844
27.040700912475586 303.36761474609375 137.08729362487793 303.36761474609375 137.08729362487793 516.3291931152344 27.040700912475586 516.3291931152344
29.876495361328125 308.95965576171875 137.9026336669922 308.95965576171875 137.9026336669922 518.0112457275391 29.876495361328125 518.0112457275391
33.83322525024414 305.9839172363281 141.87786483764648 305.9839172363281 141.87786483764648 515.0713195800781 33.83322525024414 515.0713195800781
33.790103912353516 295.71417236328125 141.20206832885742 295.71417236328125 141.20206832885742 503.57720947265625 33.790103912353516 503.57720947265625
35.29508590698242 284.3885192871094 145.88225936889648 284.3885192871094 145.88225936889648 498.3962097167969 35.29508590698242 498.3962097167969
32.481773376464844 272.76104736328125 145.20831298828125 272.76104736328125 145.20831298828125 490.90882873535156 32.481773376464844 490.90882873535156
37.57119369506836 257.4837341308594 152.2038459777832 257.4837341308594 152.2038459777832 479.32020568847656 37.57119369506836 479.32020568847656
38.79648208618164 255.24740600585938 152.90050888061523 255.24740600585938 152.90050888061523 476.06085205078125 38.79648208618164 476.06085205078125
35.59987258911133 256.38238525390625 150.28625869750977 256.38238525390625 150.28625869750977 478.32281494140625 35.59987258911133 478.32281494140625
42.34364700317383 253.54373168945312 157.81962203979492 253.54373168945312 157.81962203979492 477.0121612548828 42.34364700317383 477.0121612548828
35.257781982421875 257.1474304199219 153.10787963867188 257.1474304199219 153.10787963867188 485.2102508544922 35.257781982421875 485.2102508544922
32.81402587890625 251.6009521484375 153.6848602294922 251.6009521484375 153.6848602294922 485.5094909667969 32.81402587890625 485.5094909667969
40.21924591064453 255.57803344726562 162.7926254272461 255.57803344726562 162.7926254272461 492.7813262939453 40.21924591064453 492.7813262939453
40.40972137451172 260.4571533203125 162.71041870117188 260.4571533203125 162.71041870117188 497.1327667236328 40.40972137451172 497.1327667236328
40.63444519042969 261.78143310546875 161.76717376708984 261.78143310546875 161.76717376708984 496.19679260253906 40.63444519042969 496.19679260253906
38.23645782470703 265.5351257324219 158.16028594970703 265.5351257324219 158.16028594970703 497.61102294921875 38.23645782470703 497.61102294921875
41.51787567138672 263.4495544433594 161.01175689697266 263.4495544433594 161.01175689697266 494.69342041015625 41.51787567138672 494.69342041015625
41.564178466796875 262.8290100097656 162.30123901367188 262.8290100097656 162.30123901367188 496.4786376953125 41.564178466796875 496.4786376953125
48.84991455078125 259.6068420410156 169.9488296508789 259.6068420410156 169.9488296508789 493.95672607421875 48.84991455078125 493.95672607421875
48.94649887084961 263.40362548828125 169.32378005981445 263.40362548828125 169.32378005981445 496.35699462890625 48.94649887084961 496.35699462890625
48.97467041015625 262.03265380859375 169.9613037109375 262.03265380859375 169.9613037109375 500.3550109863281 48.97467041015625 500.3550109863281
54.18437576293945 264.83526611328125 174.57754135131836 264.83526611328125 174.57754135131836 499.63262939453125 54.18437576293945 499.63262939453125
52.6106071472168 263.6186218261719 172.11516952514648 263.6186218261719 172.11516952514648 494.8831481933594 52.6106071472168 494.8831481933594
52.75774383544922 268.01287841796875 170.64454650878906 268.01287841796875 170.64454650878906 496.14671325683594 52.75774383544922 496.14671325683594
65.53163146972656 268.67547607421875 181.9828872680664 268.67547607421875 181.9828872680664 494.03123474121094 65.53163146972656 494.03123474121094
71.82747650146484 263.8655700683594 187.56531524658203 263.8655700683594 187.56531524658203 487.8407440185547 71.82747650146484 487.8407440185547
75.07481384277344 269.2403259277344 191.61444091796875 269.2403259277344 191.61444091796875 494.7671356201172 75.07481384277344 494.7671356201172
77.80353546142578 270.0719299316406 193.9380111694336 270.0719299316406 193.9380111694336 494.814697265625 77.80353546142578 494.814697265625
81.52095794677734 269.95538330078125 199.30164337158203 269.95538330078125 199.30164337158203 497.88389587402344 81.52095794677734 497.88389587402344
84.37918853759766 264.7185363769531 202.6907958984375 264.7185363769531 202.6907958984375 493.67449951171875 84.37918853759766 493.67449951171875
86.09158325195312 268.92681884765625 204.94178009033203 268.92681884765625 204.94178009033203 498.92506408691406 86.09158325195312 498.92506408691406
88.10347747802734 265.4822692871094 205.34085845947266 265.4822692871094 205.34085845947266 492.3594207763672 88.10347747802734 492.3594207763672
96.01576232910156 271.90142822265625 212.21561431884766 271.90142822265625 212.21561431884766 496.77073669433594 96.01576232910156 496.77073669433594
110.81184387207031 270.30145263671875 226.05321502685547 270.30145263671875 226.05321502685547 493.31593322753906 110.81184387207031 493.31593322753906
113.77301025390625 273.81732177734375 224.53050231933594 273.81732177734375 224.53050231933594 488.1546325683594 113.77301025390625 488.1546325683594
122.7087631225586 275.28497314453125 233.4119110107422 275.28497314453125 233.4119110107422 489.5171203613281 122.7087631225586 489.5171203613281
126.43623352050781 271.629638671875 237.31173706054688 271.629638671875 237.31173706054688 486.1953430175781 126.43623352050781 486.1953430175781
127.18766784667969 271.2770690917969 238.11190795898438 271.2770690917969 238.11190795898438 485.9371032714844 127.18766784667969 485.9371032714844
135.93301391601562 269.096923828125 248.90232849121094 269.096923828125 248.90232849121094 487.714599609375 135.93301391601562 487.714599609375
141.65377807617188 274.0757751464844 253.46625518798828 274.0757751464844 253.46625518798828 490.4547576904297 141.65377807617188 490.4547576904297
143.5350799560547 274.81512451171875 254.46088409423828 274.81512451171875 254.46088409423828 489.47821044921875 143.5350799560547 489.47821044921875
149.29013061523438 275.49102783203125 259.73351287841797 275.49102783203125 259.73351287841797 489.2205505371094 149.29013061523438 489.2205505371094
159.83306884765625 282.03851318359375 271.77408599853516 282.03851318359375 271.77408599853516 498.66627502441406 159.83306884765625 498.66627502441406
161.2130126953125 282.8127136230469 273.2154312133789 282.8127136230469 273.2154312133789 499.5592956542969 161.2130126953125 499.5592956542969
165.93081665039062 281.77508544921875 277.3265686035156 281.77508544921875 277.3265686035156 497.34767150878906 165.93081665039062 497.34767150878906
171.10842895507812 281.9242248535156 282.66651916503906 281.9242248535156 282.66651916503906 497.81097412109375 171.10842895507812 497.81097412109375
173.04312133789062 282.3774719238281 285.15917205810547 282.3774719238281 285.15917205810547 499.343994140625 173.04312133789062 499.343994140625
174.97618103027344 280.76495361328125 289.27608489990234 280.76495361328125 289.27608489990234 503.3511657714844 174.97618103027344 503.3511657714844
175.7671356201172 276.06097412109375 290.75708770751953 276.06097412109375 290.75708770751953 502.09336853027344 175.7671356201172 502.09336853027344
173.61570739746094 278.6251220703125 288.31771087646484 278.6251220703125 288.31771087646484 501.0658721923828 173.61570739746094 501.0658721923828
178.56150817871094 272.51312255859375 291.5099182128906 272.51312255859375 291.5099182128906 491.8309020996094 178.56150817871094 491.8309020996094
176.11099243164062 275.0854187011719 285.8396682739258 275.0854187011719 285.8396682739258 492.71693420410156 176.11099243164062 492.71693420410156
178.08322143554688 277.11834716796875 288.70482635498047 277.11834716796875 288.70482635498047 494.6564025878906 178.08322143554688 494.6564025878906
179.27896118164062 272.3260498046875 291.5459747314453 272.3260498046875 291.5459747314453 493.7317810058594 179.27896118164062 493.7317810058594
177.21163940429688 275.742919921875 287.2042770385742 275.742919921875 287.2042770385742 495.4477233886719 177.21163940429688 495.4477233886719
178.68728637695312 277.2370300292969 286.3950881958008 277.2370300292969 286.3950881958008 496.92681884765625 178.68728637695312 496.92681884765625
177.9038543701172 275.5195617675781 285.51180267333984 275.5195617675781 285.51180267333984 495.1543273925781 177.9038543701172 495.1543273925781
176.15823364257812 282.5956115722656 287.23240661621094 282.5956115722656 287.23240661621094 499.08123779296875 176.15823364257812 499.08123779296875
176.9231719970703 282.0948181152344 288.1226119995117 282.0948181152344 288.1226119995117 499.2500915527344 176.9231719970703 499.2500915527344
174.40573120117188 287.41815185546875 282.8324508666992 287.41815185546875 282.8324508666992 502.93983459472656 174.40573120117188 502.93983459472656
168.64553833007812 283.1663818359375 277.3992385864258 283.1663818359375 277.3992385864258 499.8999328613281 168.64553833007812 499.8999328613281
163.75048828125 279.98358154296875 272.96630859375 279.98358154296875 272.96630859375 494.4779357910156 163.75048828125 494.4779357910156
158.88729858398438 284.42645263671875 267.2048797607422 284.42645263671875 267.2048797607422 495.80072021484375 158.88729858398438 495.80072021484375
158.28994750976562 274.5469665527344 268.9610290527344 274.5469665527344 268.9610290527344 488.71717834472656 158.28994750976562 488.71717834472656
156.51992797851562 279.1925354003906 266.2145309448242 279.1925354003906 266.2145309448242 491.47308349609375 156.51992797851562 491.47308349609375
152.3847198486328 270.0855712890625 262.1055221557617 270.0855712890625 262.1055221557617 482.4168243408203 152.3847198486328 482.4168243408203
145.29678344726562 272.6537170410156 254.72959899902344 272.6537170410156 254.72959899902344 484.4276428222656 145.29678344726562 484.4276428222656
143.2485809326172 270.37225341796875 254.6127166748047 270.37225341796875 254.6127166748047 485.88368225097656 143.2485809326172 485.88368225097656
138.7097930908203 279.7526550292969 249.39761352539062 279.7526550292969 249.39761352539062 493.9552917480469 138.7097930908203 493.9552917480469
127.86308288574219 283.4481506347656 239.75228881835938 283.4481506347656 239.75228881835938 499.9757385253906 127.86308288574219 499.9757385253906
124.57673645019531 282.7626037597656 237.0977554321289 282.7626037597656 237.0977554321289 500.51287841796875 124.57673645019531 500.51287841796875
123.0319595336914 283.1697998046875 237.5923614501953 283.1697998046875 237.5923614501953 504.8666687011719 123.0319595336914 504.8666687011719
110.6943359375 278.9861755371094 225.62294006347656 278.9861755371094 225.62294006347656 501.39556884765625 110.6943359375 501.39556884765625
97.45712280273438 286.33953857421875 214.0590057373047 286.33953857421875 214.0590057373047 511.98704528808594 97.45712280273438 511.98704528808594
85.14676666259766 283.5635070800781 203.2486114501953 283.5635070800781 203.2486114501953 512.1137542724609 85.14676666259766 512.1137542724609
75.31233978271484 281.5822448730469 192.95099639892578 281.5822448730469 192.95099639892578 509.4880065917969 75.31233978271484 509.4880065917969
70.87256622314453 280.7813415527344 188.9934539794922 280.7813415527344 188.9934539794922 509.36846923828125 70.87256622314453 509.36846923828125
64.09268188476562 279.36578369140625 183.01170349121094 279.36578369140625 183.01170349121094 509.49745178222656 64.09268188476562 509.49745178222656
57.25959396362305 274.72772216796875 176.1482048034668 274.72772216796875 176.1482048034668 504.80055236816406 57.25959396362305 504.80055236816406
52.418731689453125 277.5395812988281 168.47441864013672 277.5395812988281 168.47441864013672 505.0907745361328 52.418731689453125 505.0907745361328
51.277305603027344 273.48089599609375 161.87862396240234 273.48089599609375 161.87862396240234 507.9555969238281 51.277305603027344 507.9555969238281
47.30720901489258 274.4414978027344 155.01269912719727 274.4414978027344 155.01269912719727 511.8160858154297 47.30720901489258 511.8160858154297
45.130531311035156 270.55731201171875 154.30052947998047 270.55731201171875 154.30052947998047 514.7757415771484 45.130531311035156 514.7757415771484
35.318580627441406 275.39202880859375 145.73770904541016 275.39202880859375 145.73770904541016 516.3477630615234 35.318580627441406 516.3477630615234
19.61260986328125 273.97418212890625 138.2138671875 273.97418212890625 138.2138671875 514.2433929443359 19.61260986328125 514.2433929443359
0.7692397832870483 275.35308837890625 125.79277646541595 275.35308837890625 125.79277646541595 517.2982482910156 0.7692397832870483 517.2982482910156
0.0 271.4624328613281 125.48411560058594 271.4624328613281 125.48411560058594 514.2989044189453 0.0 514.2989044189453
0.0 275.9981994628906 123.0567855834961 275.9981994628906 123.0567855834961 514.1373138427734 0.0 514.1373138427734
