554.0 305.0 578.0 305.0 578.0 366.0 554.0 366.0
554.8546752929688 305.17388916015625 578.0157508850098 305.17388916015625 578.0157508850098 366.05988693237305 554.8546752929688 366.05988693237305
555.698486328125 304.91571044921875 578.1488609313965 304.91571044921875 578.1488609313965 367.53319549560547 555.698486328125 367.53319549560547
556.0740356445312 306.25726318359375 579.5639553070068 306.25726318359375 579.5639553070068 368.45536041259766 556.0740356445312 368.45536041259766
557.1307983398438 304.8884582519531 579.5568313598633 304.8884582519531 579.5568313598633 369.8674850463867 557.1307983398438 369.8674850463867
558.0044555664062 306.5641784667969 580.5111198425293 306.5641784667969 580.5111198425293 371.5631408691406 558.0044555664062 371.5631408691406
558.7999267578125 306.25128173828125 581.8731727600098 306.25128173828125 581.8731727600098 369.0125732421875 558.7999267578125 369.0125732421875
559.127197265625 307.7691955566406 582.143102645874 307.7691955566406 582.143102645874 368.6121597290039 559.127197265625 368.6121597290039
553.8258056640625 305.3882141113281 578.3033351898193 305.3882141113281 578.3033351898193 367.60193634033203 553.8258056640625 367.60193634033203
559.2529296875 304.33721923828125 583.812105178833 304.33721923828125 583.812105178833 368.02655029296875 559.2529296875 368.02655029296875
560.7444458007812 305.3357849121094 584.5201873779297 305.3357849121094 584.5201873779297 370.1375198364258 560.7444458007812 370.1375198364258
562.2196044921875 305.45458984375 585.644172668457 305.45458984375 585.644172668457 370.2179260253906 562.2196044921875 370.2179260253906
563.1282958984375 306.64404296875 585.5066795349121 306.64404296875 585.5066795349121 372.6298370361328 563.1282958984375 372.6298370361328
564.57177734375 306.89984130859375 587.4892997741699 306.89984130859375 587.4892997741699 371.5978546142578 564.57177734375 371.5978546142578
565.5479736328125 306.0087890625 588.0793857574463 306.0087890625 588.0793857574463 370.4920883178711 565.5479736328125 370.4920883178711
566.63916015625 306.04205322265625 588.1748638153076 306.04205322265625 588.1748638153076 369.05968475341797 566.63916015625 369.05968475341797
567.5382690429688 305.43157958984375 588.3702201843262 305.43157958984375 588.3702201843262 369.3752861022949 567.5382690429688 369.3752861022949
567.7623901367188 305.7574768066406 588.787561416626 305.7574768066406 588.787561416626 369.47364044189453 567.7623901367188 369.47364044189453
568.7106323242188 304.7156677246094 589.6005764007568 304.7156677246094 589.6005764007568 371.6186981201172 568.7106323242188 371.6186981201172
569.4560546875 305.6792907714844 590.0907821655273 305.6792907714844 590.0907821655273 371.35582733154297 569.4560546875 371.35582733154297
570.2896728515625 306.4083557128906 591.4028968811035 306.4083557128906 591.4028968811035 371.65321350097656 570.2896728515625 371.65321350097656
570.8082885742188 306.82855224609375 592.4662780761719 306.82855224609375 592.4662780761719 371.65401458740234 570.8082885742188 371.65401458740234
571.6797485351562 306.0082702636719 593.2090702056885 306.0082702636719 593.2090702056885 371.5155715942383 571.6797485351562 371.5155715942383
571.7581176757812 305.46405029296875 594.5089435577393 305.46405029296875 594.5089435577393 371.4737777709961 571.7581176757812 371.4737777709961
573.2005615234375 305.526123046875 595.3269214630127 305.526123046875 595.3269214630127 370.3006896972656 573.2005615234375 370.3006896972656
574.2891845703125 306.1195373535156 596.4605617523193 306.1195373535156 596.4605617523193 370.9522705078125 574.2891845703125 370.9522705078125
574.35791015625 305.3370056152344 596.8890151977539 305.3370056152344 596.8890151977539 370.22096252441406 574.35791015625 370.22096252441406
574.9724731445312 304.2724304199219 597.648509979248 304.2724304199219 597.648509979248 372.31858825683594 574.9724731445312 372.31858825683594
576.3551025390625 305.8277893066406 598.2552680969238 305.8277893066406 598.2552680969238 375.05191802978516 576.3551025390625 375.05191802978516
577.481201171875 304.750244140625 599.456470489502 304.750244140625 599.456470489502 376.4474182128906 577.481201171875 376.4474182128906
577.6897583007812 305.6449279785156 600.2665691375732 305.6449279785156 600.2665691375732 376.20072174072266 577.6897583007812 376.20072174072266
577.7906494140625 306.32171630859375 601.2625255584717 306.32171630859375 601.2625255584717 375.40830993652344 577.7906494140625 375.40830993652344
577.2675170898438 304.965576171875 602.370756149292 304.965576171875 602.370756149292 375.327392578125 577.2675170898438 375.327392578125
578.8460693359375 305.6834411621094 604.330358505249 305.6834411621094 604.330358505249 375.19847869873047 578.8460693359375 375.19847869873047
579.3627319335938 303.935302734375 605.5016422271729 303.935302734375 605.5016422271729 373.67921447753906 579.3627319335938 373.67921447753906
580.8636474609375 304.5794372558594 606.2031593322754 304.5794372558594 606.2031593322754 376.3182144165039 580.8636474609375 376.3182144165039
582.7905883789062 305.8055419921875 606.7231178283691 305.8055419921875 606.7231178283691 376.85986328125 582.7905883789062 376.85986328125
584.2261962890625 305.16241455078125 607.7290992736816 305.16241455078125 607.7290992736816 377.11354064941406 584.2261962890625 377.11354064941406
585.0452880859375 304.80792236328125 609.2168769836426 304.80792236328125 609.2168769836426 373.8002395629883 585.0452880859375 373.8002395629883
585.9810180664062 306.236083984375 609.9773960113525 306.236083984375 609.9773960113525 373.1507034301758 585.9810180664062 373.1507034301758
587.3638305664062 306.08441162109375 610.4245433807373 306.08441162109375 610.4245433807373 373.24668884277344 587.3638305664062 373.24668884277344
588.3017578125 306.400634765625 610.5064353942871 306.400634765625 610.5064353942871 373.2497024536133 588.3017578125 373.2497024536133
589.1380615234375 306.9765319824219 611.3996391296387 306.9765319824219 611.3996391296387 373.5989761352539 589.1380615234375 373.5989761352539
589.8771362304688 307.12591552734375 612.1584739685059 307.12591552734375 612.1584739685059 375.1647033691406 589.8771362304688 375.1647033691406
590.6804809570312 308.35162353515625 612.672815322876 308.35162353515625 612.672815322876 374.9579315185547 590.6804809570312 374.9579315185547
591.2078857421875 308.2962341308594 613.951473236084 308.2962341308594 613.951473236084 375.23937225341797 591.2078857421875 375.23937225341797
592.2092895507812 308.2476501464844 614.9655609130859 308.2476501464844 614.9655609130859 374.26709747314453 592.2092895507812 374.26709747314453
593.1763916015625 308.7386169433594 616.2006683349609 308.7386169433594 616.2006683349609 374.87821197509766 593.1763916015625 374.87821197509766
593.885498046875 307.905517578125 617.7935829162598 307.905517578125 617.7935829162598 374.2793197631836 593.885498046875 374.2793197631836
594.8570556640625 307.245361328125 618.8745174407959 307.245361328125 618.8745174407959 373.2830047607422 594.8570556640625 373.2830047607422
596.140380859375 306.6120910644531 619.7445793151855 306.6120910644531 619.7445793151855 372.9166564941406 596.140380859375 372.9166564941406
597.0651245117188 305.907470703125 620.8039608001709 305.907470703125 620.8039608001709 374.66844177246094 597.0651245117188 374.66844177246094
598.1989135742188 306.07427978515625 620.9964504241943 306.07427978515625 620.9964504241943 378.81421661376953 598.1989135742188 378.81421661376953
598.7692260742188 306.6357421875 621.8388481140137 306.6357421875 621.8388481140137 381.1867370605469 598.7692260742188 381.1867370605469
599.3572998046875 308.07568359375 622.5948905944824 308.07568359375 622.5948905944824 380.0019760131836 599.3572998046875 380.0019760131836
599.6978759765625 308.64459228515625 623.8375511169434 308.64459228515625 623.8375511169434 379.5961685180664 599.6978759765625 379.5961685180664
599.9385986328125 308.73223876953125 624.6134490966797 308.73223876953125 624.6134490966797 380.5195083618164 599.9385986328125 380.5195083618164
600.1104736328125 308.40704345703125 625.794469833374 308.40704345703125 625.794469833374 380.3979187011719 600.1104736328125 380.3979187011719
600.628173828125 307.77081298828125 626.976842880249 307.77081298828125 626.976842880249 380.2850570678711 600.628173828125 380.2850570678711
603.0590209960938 308.6717834472656 627.4056072235107 308.6717834472656 627.4056072235107 380.4243927001953 603.0590209960938 380.4243927001953
604.5950927734375 309.2349548339844 628.7492504119873 309.2349548339844 628.7492504119873 380.20106506347656 604.5950927734375 380.20106506347656
606.1248168945312 310.35784912109375 629.8185768127441 310.35784912109375 629.8185768127441 380.457763671875 606.1248168945312 380.457763671875
606.9293212890625 309.11346435546875 630.9646339416504 309.11346435546875 630.9646339416504 380.583740234375 606.9293212890625 380.583740234375
607.91015625 310.22833251953125 632.1077289581299 310.22833251953125 632.1077289581299 378.17675018310547 607.91015625 378.17675018310547
608.5671997070312 310.6953430175781 631.5332717895508 310.6953430175781 631.5332717895508 377.01487731933594 608.5671997070312 377.01487731933594
609.8131713867188 311.0889587402344 631.8200187683105 311.0889587402344 631.8200187683105 376.31837463378906 609.8131713867188 376.31837463378906
609.920166015625 310.0682067871094 632.0503177642822 310.0682067871094 632.0503177642822 376.66068267822266 609.920166015625 376.66068267822266
610.5831298828125 311.57098388671875 632.7448616027832 311.57098388671875 632.7448616027832 377.2979736328125 610.5831298828125 377.2979736328125
610.9264526367188 311.19366455078125 633.2748908996582 311.19366455078125 633.2748908996582 377.12864685058594 610.9264526367188 377.12864685058594
611.6130981445312 311.06817626953125 634.6449489593506 311.06817626953125 634.6449489593506 377.68563079833984 611.6130981445312 377.68563079833984
612.5410766601562 311.8963928222656 635.4811782836914 311.8963928222656 635.4811782836914 377.70848083496094 612.5410766601562 377.70848083496094
613.2019653320312 312.1000671386719 635.8662528991699 312.1000671386719 635.8662528991699 378.3439178466797 613.2019653320312 378.3439178466797
613.473388671875 311.732177734375 637.1945304870605 311.732177734375 637.1945304870605 378.42083740234375 613.473388671875 378.42083740234375
614.0736083984375 311.9579772949219 637.844310760498 311.9579772949219 637.844310760498 378.80408477783203 614.0736083984375 378.80408477783203
614.9115600585938 310.15643310546875 638.588960647583 310.15643310546875 638.588960647583 379.49080657958984 614.9115600585938 379.49080657958984
615.6990966796875 311.07568359375 638.8973789215088 311.07568359375 638.8973789215088 381.05918884277344 615.6990966796875 381.05918884277344
617.02587890625 310.9367370605469 639.2360172271729 310.9367370605469 639.2360172271729 384.49375915527344 617.02587890625 384.49375915527344
616.985595703125 310.9068908691406 639.2233543395996 310.9068908691406 639.2233543395996 385.7390670776367 616.985595703125 385.7390670776367
617.3287353515625 310.0736999511719 640.567008972168 310.0736999511719 640.567008972168 385.44202423095703 617.3287353515625 385.44202423095703
617.7105712890625 309.90069580078125 641.0083961486816 309.90069580078125 641.0083961486816 384.38645935058594 617.7105712890625 384.38645935058594
617.1873168945312 311.33514404296875 642.105806350708 311.33514404296875 642.105806350708 383.89611053466797 617.1873168945312 383.89611053466797
618.7801513671875 311.3428039550781 643.3499355316162 311.3428039550781 643.3499355316162 385.2466278076172 618.7801513671875 385.2466278076172
619.0509643554688 310.685302734375 644.0816879272461 310.685302734375 644.0816879272461 386.4955062866211 619.0509643554688 386.4955062866211
620.5338745117188 311.3907165527344 644.9610786437988 311.3907165527344 644.9610786437988 386.20542907714844 620.5338745117188 386.20542907714844
622.296875 311.7657165527344 645.9385013580322 311.7657165527344 645.9385013580322 384.3858947753906 622.296875 384.3858947753906
622.7799072265625 310.6141357421875 646.9169178009033 310.6141357421875 646.9169178009033 384.99146270751953 622.7799072265625 384.99146270751953
623.7975463867188 310.1254577636719 647.425952911377 310.1254577636719 647.425952911377 385.21240234375 623.7975463867188 385.21240234375
623.9671020507812 309.7085266113281 648.2808666229248 309.7085266113281 648.2808666229248 383.85008239746094 623.9671020507812 383.85008239746094
624.835205078125 310.0349426269531 648.4282646179199 310.0349426269531 648.4282646179199 383.0698776245117 624.835205078125 383.0698776245117
626.3031616210938 309.8058166503906 648.5897731781006 309.8058166503906 648.5897731781006 381.8849639892578 626.3031616210938 381.8849639892578
626.0455932617188 309.7463073730469 649.7272033691406 309.7463073730469 649.7272033691406 382.53538513183594 626.0455932617188 382.53538513183594
625.4879150390625 308.7665100097656 651.1340637207031 308.7665100097656 651.1340637207031 384.0558166503906 625.4879150390625 384.0558166503906
627.9439697265625 311.1705627441406 649.4467315673828 311.1705627441406 649.4467315673828 382.51126861572266 627.9439697265625 382.51126861572266
628.32275390625 310.34075927734375 650.4941596984863 310.34075927734375 650.4941596984863 382.7472457885742 628.32275390625 382.7472457885742
629.4083862304688 311.4427795410156 651.6446361541748 311.4427795410156 651.6446361541748 383.8256149291992 629.4083862304688 383.8256149291992
630.274658203125 311.6264343261719 652.5163116455078 311.6264343261719 652.5163116455078 383.3396530151367 630.274658203125 383.3396530151367
631.0231323242188 311.1665954589844 653.8167915344238 311.1665954589844 653.8167915344238 383.6366424560547 631.0231323242188 383.6366424560547
631.4580078125 311.42767333984375 655.0719223022461 311.42767333984375 655.0719223022461 383.97193145751953 631.4580078125 383.97193145751953
631.939208984375 311.5819396972656 656.3421535491943 311.5819396972656 656.3421535491943 383.5314178466797 631.939208984375 383.5314178466797
632.8411865234375 310.93408203125 657.5869178771973 310.93408203125 657.5869178771973 383.60325622558594 632.8411865234375 383.60325622558594
633.3521728515625 310.9154357910156 657.7115993499756 310.9154357910156 657.7115993499756 384.7003860473633 633.3521728515625 384.7003860473633
634.8363037109375 312.4139099121094 657.6891441345215 312.4139099121094 657.6891441345215 387.8366394042969 634.8363037109375 387.8366394042969
635.2673950195312 312.5167541503906 657.9412422180176 312.5167541503906 657.9412422180176 389.04972076416016 635.2673950195312 389.04972076416016
634.9541625976562 312.2410583496094 658.2992095947266 312.2410583496094 658.2992095947266 390.3188018798828 634.9541625976562 390.3188018798828
635.1104125976562 310.3721008300781 659.921236038208 310.3721008300781 659.921236038208 389.99117279052734 635.1104125976562 389.99117279052734
635.2528076171875 311.21990966796875 661.0169486999512 311.21990966796875 661.0169486999512 390.11793518066406 635.2528076171875 390.11793518066406
635.6558227539062 311.9954833984375 661.773265838623 311.9954833984375 661.773265838623 390.44395446777344 635.6558227539062 390.44395446777344
636.1453247070312 311.0787658691406 662.7320747375488 311.0787658691406 662.7320747375488 390.68605041503906 636.1453247070312 390.68605041503906
637.6451416015625 310.8914489746094 663.9542541503906 310.8914489746094 663.9542541503906 390.76631927490234 637.6451416015625 390.76631927490234
640.0363159179688 311.33343505859375 664.8985729217529 311.33343505859375 664.8985729217529 390.0115661621094 640.0363159179688 390.0115661621094
640.9886474609375 311.0460510253906 666.1376495361328 311.0460510253906 666.1376495361328 390.8202209472656 640.9886474609375 390.8202209472656
642.1810302734375 310.97235107421875 667.0999794006348 310.97235107421875 667.0999794006348 389.32469177246094 642.1810302734375 389.32469177246094
642.6795654296875 310.30010986328125 668.1724338531494 310.30010986328125 668.1724338531494 388.9770812988281 642.6795654296875 388.9770812988281
643.3660278320312 310.68377685546875 668.8062324523926 310.68377685546875 668.8062324523926 387.29540252685547 643.3660278320312 387.29540252685547
644.9615478515625 312.141357421875 669.1379890441895 312.141357421875 669.1379890441895 385.59322357177734 644.9615478515625 385.59322357177734
644.2828979492188 311.64752197265625 670.205379486084 311.64752197265625 670.205379486084 386.96968841552734 644.2828979492188 386.96968841552734
645.1183471679688 310.0726318359375 672.6235542297363 310.0726318359375 672.6235542297363 388.69187927246094 645.1183471679688 388.69187927246094
646.2351684570312 312.504150390625 672.0216426849365 312.504150390625 672.0216426849365 388.65631103515625 646.2351684570312 388.65631103515625
647.0675048828125 313.3114318847656 671.9799289703369 313.3114318847656 671.9799289703369 388.5664520263672 647.0675048828125 388.5664520263672
648.4737548828125 314.2121276855469 673.3356628417969 314.2121276855469 673.3356628417969 388.6022491455078 648.4737548828125 388.6022491455078
649.220703125 314.28741455078125 673.9323310852051 314.28741455078125 673.9323310852051 387.7424850463867 649.220703125 387.7424850463867
650.2940673828125 315.42498779296875 675.2006988525391 315.42498779296875 675.2006988525391 388.54234313964844 650.2940673828125 388.54234313964844
651.1181640625 315.99591064453125 675.9614543914795 315.99591064453125 675.9614543914795 388.47620391845703 651.1181640625 388.47620391845703
651.9474487304688 314.8396911621094 677.1833343505859 314.8396911621094 677.1833343505859 387.83629608154297 651.9474487304688 387.83629608154297
653.2130737304688 314.2265930175781 678.4397583007812 314.2265930175781 678.4397583007812 386.75818634033203 653.2130737304688 386.75818634033203
654.0173950195312 312.94354248046875 678.8480491638184 312.94354248046875 678.8480491638184 386.7852020263672 654.0173950195312 386.7852020263672
653.7337646484375 312.70062255859375 679.5174160003662 312.70062255859375 679.5174160003662 389.50083923339844 653.7337646484375 389.50083923339844
655.7791748046875 314.3671569824219 679.2748126983643 314.3671569824219 679.2748126983643 391.4881896972656 655.7791748046875 391.4881896972656
656.0037841796875 313.8079528808594 679.9139347076416 313.8079528808594 679.9139347076416 394.40026092529297 656.0037841796875 394.40026092529297
656.3072509765625 312.7885437011719 680.9760246276855 312.7885437011719 680.9760246276855 395.4518737792969 656.3072509765625 395.4518737792969
656.218994140625 312.70416259765625 681.387996673584 312.70416259765625 681.387996673584 395.38497161865234 656.218994140625 395.38497161865234
656.9392700195312 313.020751953125 682.4210815429688 313.020751953125 682.4210815429688 395.0847930908203 656.9392700195312 395.0847930908203
656.8946533203125 312.1083679199219 683.1624202728271 312.1083679199219 683.1624202728271 395.81407928466797 656.8946533203125 395.81407928466797
657.8551635742188 313.890380859375 684.0078735351562 313.890380859375 684.0078735351562 395.15858459472656 657.8551635742188 395.15858459472656
658.2476806640625 311.19256591796875 685.3860530853271 311.19256591796875 685.3860530853271 396.1380386352539 658.2476806640625 396.1380386352539
660.0446166992188 312.2375183105469 686.259578704834 312.2375183105469 686.259578704834 396.5017318725586 660.0446166992188 396.5017318725586
662.2279663085938 313.5112609863281 687.1651058197021 313.5112609863281 687.1651058197021 394.7173385620117 662.2279663085938 394.7173385620117
662.9364013671875 314.77099609375 688.2370624542236 314.77099609375 688.2370624542236 394.6271743774414 662.9364013671875 394.6271743774414
663.1533203125 312.4964599609375 688.5212955474854 312.4964599609375 688.5212955474854 394.5083770751953 663.1533203125 394.5083770751953
664.3099365234375 314.46185302734375 690.1242942810059 314.46185302734375 690.1242942810059 391.5652618408203 664.3099365234375 391.5652618408203
665.8045043945312 315.84002685546875 690.3610954284668 315.84002685546875 690.3610954284668 391.11641693115234 665.8045043945312 391.11641693115234
666.7947998046875 315.91583251953125 690.7985801696777 315.91583251953125 690.7985801696777 391.1280822753906 666.7947998046875 391.1280822753906
666.1439208984375 315.6050109863281 692.1504821777344 315.6050109863281 692.1504821777344 393.5355987548828 666.1439208984375 393.5355987548828
666.8981323242188 315.045654296875 692.7358055114746 315.045654296875 692.7358055114746 393.22792053222656 666.8981323242188 393.22792053222656
668.3326416015625 317.2331237792969 692.8063144683838 317.2331237792969 692.8063144683838 392.0000228881836 668.3326416015625 392.0000228881836
668.542724609375 314.88604736328125 695.1221218109131 314.88604736328125 695.1221218109131 393.72859954833984 668.542724609375 393.72859954833984
670.4632568359375 317.1228332519531 694.826732635498 317.1228332519531 694.826732635498 392.8073196411133 670.4632568359375 392.8073196411133
670.7750244140625 316.60028076171875 695.4256744384766 316.60028076171875 695.4256744384766 392.3719940185547 670.7750244140625 392.3719940185547
671.8678588867188 317.70318603515625 696.7761363983154 317.70318603515625 696.7761363983154 392.2355422973633 671.8678588867188 392.2355422973633
673.3052978515625 315.25946044921875 699.1089782714844 315.25946044921875 699.1089782714844 391.552978515625 673.3052978515625 391.552978515625
673.8292846679688 315.646240234375 699.7627811431885 315.646240234375 699.7627811431885 390.8063278198242 673.8292846679688 390.8063278198242
674.9078979492188 316.0233459472656 700.3083152770996 316.0233459472656 700.3083152770996 390.4022216796875 674.9078979492188 390.4022216796875
675.998046875 317.171875 700.446662902832 317.171875 700.446662902832 391.5380401611328 675.998046875 391.5380401611328
677.1063232421875 316.5232849121094 700.8102512359619 316.5232849121094 700.8102512359619 394.85706329345703 677.1063232421875 394.85706329345703
677.924560546875 317.28173828125 701.9769020080566 317.28173828125 701.9769020080566 399.4932861328125 677.924560546875 399.4932861328125
675.6612548828125 311.88525390625 704.0714416503906 311.88525390625 704.0714416503906 397.6675109863281 675.6612548828125 397.6675109863281
678.50341796875 315.76177978515625 703.8166351318359 315.76177978515625 703.8166351318359 399.8144073486328 678.50341796875 399.8144073486328
678.5319213867188 315.9584655761719 704.840799331665 315.9584655761719 704.840799331665 399.80713653564453 678.5319213867188 399.80713653564453
678.9681396484375 317.0696716308594 705.6890144348145 317.0696716308594 705.6890144348145 399.79210662841797 678.9681396484375 399.79210662841797
679.2141723632812 315.99981689453125 706.6062870025635 315.99981689453125 706.6062870025635 400.21484375 679.2141723632812 400.21484375
679.87353515625 315.3609619140625 706.9659729003906 315.3609619140625 706.9659729003906 399.67069244384766 679.87353515625 399.67069244384766
681.4601440429688 316.9390869140625 708.0163154602051 316.9390869140625 708.0163154602051 400.0147018432617 681.4601440429688 400.0147018432617
684.2188720703125 318.2088317871094 709.933277130127 318.2088317871094 709.933277130127 399.87542724609375 684.2188720703125 399.87542724609375
684.6973876953125 318.33489990234375 710.394588470459 318.33489990234375 710.394588470459 398.84373474121094 684.6973876953125 398.84373474121094
685.70361328125 318.33697509765625 712.2330169677734 318.33697509765625 712.2330169677734 398.46270751953125 685.70361328125 398.46270751953125
686.8897705078125 319.1694641113281 712.5969295501709 319.1694641113281 712.5969295501709 396.77635192871094 686.8897705078125 396.77635192871094
687.5565185546875 319.63995361328125 713.891284942627 319.63995361328125 713.891284942627 398.01744842529297 687.5565185546875 398.01744842529297
689.2666625976562 319.0035400390625 713.7757415771484 319.0035400390625 713.7757415771484 395.6459732055664 689.2666625976562 395.6459732055664
689.5053100585938 318.2353210449219 714.3643417358398 318.2353210449219 714.3643417358398 396.33172607421875 689.5053100585938 396.33172607421875
690.5615234375 319.0150451660156 715.1527652740479 319.0150451660156 715.1527652740479 397.7494659423828 690.5615234375 397.7494659423828
690.9039916992188 319.9017028808594 716.3439083099365 319.9017028808594 716.3439083099365 398.0373840332031 690.9039916992188 398.0373840332031
691.5510864257812 319.22979736328125 717.5819492340088 319.22979736328125 717.5819492340088 397.9246063232422 691.5510864257812 397.9246063232422
692.186279296875 319.5806884765625 718.6471614837646 319.5806884765625 718.6471614837646 397.74076080322266 692.186279296875 397.74076080322266
692.8333740234375 319.9375 719.0644283294678 319.9375 719.0644283294678 397.22276306152344 692.8333740234375 397.22276306152344
693.6749267578125 319.24591064453125 720.6091346740723 319.24591064453125 720.6091346740723 398.1904754638672 693.6749267578125 398.1904754638672
695.2437744140625 320.1426696777344 721.4878692626953 320.1426696777344 721.4878692626953 398.2586669921875 695.2437744140625 398.2586669921875
696.29541015625 320.71270751953125 722.4628410339355 320.71270751953125 722.4628410339355 397.50467681884766 696.29541015625 397.50467681884766
697.362060546875 320.80206298828125 723.3900051116943 320.80206298828125 723.3900051116943 396.65882873535156 697.362060546875 396.65882873535156
697.64990234375 320.6556701660156 725.1888980865479 320.6556701660156 725.1888980865479 398.82635498046875 697.64990234375 398.82635498046875
699.0899658203125 319.1580505371094 725.0836944580078 319.1580505371094 725.0836944580078 396.2399139404297 699.0899658203125 396.2399139404297
700.0729370117188 319.6907043457031 725.933177947998 319.6907043457031 725.933177947998 397.7007293701172 700.0729370117188 397.7007293701172
701.0830688476562 319.5824890136719 726.1246585845947 319.5824890136719 726.1246585845947 401.05010986328125 701.0830688476562 401.05010986328125
702.0133666992188 319.64947509765625 727.233829498291 319.64947509765625 727.233829498291 403.1393280029297 702.0133666992188 403.1393280029297
702.055419921875 319.60833740234375 727.5566921234131 319.60833740234375 727.5566921234131 403.7619400024414 702.055419921875 403.7619400024414
701.8262329101562 318.03509521484375 728.6857566833496 318.03509521484375 728.6857566833496 404.8638153076172 701.8262329101562 404.8638153076172
702.1845092773438 318.08795166015625 729.1216926574707 318.08795166015625 729.1216926574707 405.21250915527344 702.1845092773438 405.21250915527344
702.3862915039062 318.2686462402344 729.6730842590332 318.2686462402344 729.6730842590332 403.7730941772461 702.3862915039062 403.7730941772461
702.9969482421875 318.0477294921875 730.368824005127 318.0477294921875 730.368824005127 403.4984893798828 702.9969482421875 403.4984893798828
703.4926147460938 318.1163024902344 731.5936393737793 318.1163024902344 731.5936393737793 403.74732971191406 703.4926147460938 403.74732971191406
704.279296875 318.1351013183594 733.0018577575684 318.1351013183594 733.0018577575684 404.14952087402344 704.279296875 404.14952087402344
704.335205078125 317.3126220703125 733.7065277099609 317.3126220703125 733.7065277099609 404.36612701416016 704.335205078125 404.36612701416016
707.1771240234375 319.5669860839844 735.8434867858887 319.5669860839844 735.8434867858887 404.42413330078125 707.1771240234375 404.42413330078125
708.667724609375 320.30218505859375 736.6474266052246 320.30218505859375 736.6474266052246 404.94884490966797 708.667724609375 404.94884490966797
710.3177490234375 319.45587158203125 737.4091033935547 319.45587158203125 737.4091033935547 404.61248779296875 710.3177490234375 404.61248779296875
712.2137451171875 320.67205810546875 738.8221893310547 320.67205810546875 738.8221893310547 404.6172103881836 712.2137451171875 404.6172103881836
713.1583251953125 321.03570556640625 739.8279361724854 321.03570556640625 739.8279361724854 404.64673614501953 713.1583251953125 404.64673614501953
713.1251220703125 320.797119140625 739.9586639404297 320.797119140625 739.9586639404297 404.1548843383789 713.1251220703125 404.1548843383789
713.2576904296875 322.456298828125 740.9352722167969 322.456298828125 740.9352722167969 402.91741943359375 713.2576904296875 402.91741943359375
713.7845458984375 321.76092529296875 741.7580375671387 321.76092529296875 741.7580375671387 401.7309036254883 713.7845458984375 401.7309036254883
714.4779663085938 319.84210205078125 743.7582702636719 319.84210205078125 743.7582702636719 402.51790618896484 714.4779663085938 402.51790618896484
711.4424438476562 318.2076721191406 746.6039123535156 318.2076721191406 746.6039123535156 410.41546630859375 711.4424438476562 410.41546630859375
713.8739013671875 319.05108642578125 747.1374626159668 319.05108642578125 747.1374626159668 409.04261779785156 713.8739013671875 409.04261779785156
716.658935546875 323.0037536621094 745.2320213317871 323.0037536621094 745.2320213317871 406.3684616088867 716.658935546875 406.3684616088867
716.6563110351562 322.28704833984375 745.7317962646484 322.28704833984375 745.7317962646484 407.02947998046875 716.6563110351562 407.02947998046875
718.4270629882812 322.12060546875 745.4195289611816 322.12060546875 745.4195289611816 404.5432815551758 718.4270629882812 404.5432815551758
719.3892822265625 322.6113586425781 746.9503536224365 322.6113586425781 746.9503536224365 405.27980041503906 719.3892822265625 405.27980041503906
719.7482299804688 323.4532775878906 749.3217506408691 323.4532775878906 749.3217506408691 407.26575469970703 719.7482299804688 407.26575469970703
720.89990234375 324.09173583984375 749.9365291595459 324.09173583984375 749.9365291595459 407.0954132080078 720.89990234375 407.0954132080078
722.8069458007812 323.51483154296875 749.4823188781738 323.51483154296875 749.4823188781738 404.3970718383789 722.8069458007812 404.3970718383789
722.23974609375 321.0462341308594 753.2637882232666 321.0462341308594 753.2637882232666 406.9223098754883 722.23974609375 406.9223098754883
721.0025634765625 318.8489685058594 756.7116470336914 318.8489685058594 756.7116470336914 412.0787811279297 721.0025634765625 412.0787811279297
720.3622436523438 318.8647766113281 757.8322639465332 318.8647766113281 757.8322639465332 414.10105895996094 720.3622436523438 414.10105895996094
722.7882690429688 317.31878662109375 756.0369682312012 317.31878662109375 756.0369682312012 406.9617919921875 722.7882690429688 406.9617919921875
722.2457275390625 316.9563293457031 757.6520538330078 316.9563293457031 757.6520538330078 409.77452087402344 722.2457275390625 409.77452087402344
727.6879272460938 321.7044372558594 755.4734916687012 321.7044372558594 755.4734916687012 409.62549591064453 727.6879272460938 409.62549591064453
729.9082641601562 320.6357421875 755.6100101470947 320.6357421875 755.6100101470947 410.2240753173828 729.9082641601562 410.2240753173828
729.6936645507812 319.7699279785156 755.9074764251709 319.7699279785156 755.9074764251709 412.4759826660156 729.6936645507812 412.4759826660156
730.5189208984375 318.7795715332031 757.2208595275879 318.7795715332031 757.2208595275879 412.3687210083008 730.5189208984375 412.3687210083008
730.6141357421875 319.1768493652344 758.2026767730713 319.1768493652344 758.2026767730713 411.13399505615234 730.6141357421875 411.13399505615234
730.88818359375 317.74609375 759.6055793762207 317.74609375 759.6055793762207 410.6280059814453 730.88818359375 410.6280059814453
731.85888671875 317.71038818359375 760.7718696594238 317.71038818359375 760.7718696594238 410.0006790161133 731.85888671875 410.0006790161133
733.0725708007812 317.09130859375 762.1143913269043 317.09130859375 762.1143913269043 410.36083984375 733.0725708007812 410.36083984375
733.61474609375 318.0139465332031 763.068531036377 318.0139465332031 763.068531036377 410.5718460083008 733.61474609375 410.5718460083008
736.2399291992188 318.02813720703125 764.737756729126 318.02813720703125 764.737756729126 411.75138092041016 736.2399291992188 411.75138092041016
738.4694213867188 319.3473815917969 766.6600494384766 319.3473815917969 766.6600494384766 411.7734603881836 738.4694213867188 411.7734603881836
739.6856689453125 318.57891845703125 767.8175964355469 318.57891845703125 767.8175964355469 412.14453125 739.6856689453125 412.14453125
739.85693359375 320.162841796875 768.475772857666 320.162841796875 768.475772857666 410.8097915649414 739.85693359375 410.8097915649414
739.7473754882812 318.870849609375 769.1638793945312 318.870849609375 769.1638793945312 410.79051208496094 739.7473754882812 410.79051208496094
741.0676879882812 321.7988586425781 769.7181053161621 321.7988586425781 769.7181053161621 410.1592712402344 741.0676879882812 410.1592712402344
738.1807250976562 320.1165466308594 769.7544040679932 320.1165466308594 769.7544040679932 410.0611572265625 738.1807250976562 410.0611572265625
734.000244140625 322.5513610839844 762.8791809082031 322.5513610839844 762.8791809082031 408.42628479003906 734.000244140625 408.42628479003906
725.8857421875 323.37103271484375 755.1091957092285 323.37103271484375 755.1091957092285 409.04762268066406 725.8857421875 409.04762268066406
716.8033447265625 322.9117126464844 746.1087398529053 322.9117126464844 746.1087398529053 408.07395935058594 716.8033447265625 408.07395935058594
708.6825561523438 321.6874694824219 738.2498416900635 321.6874694824219 738.2498416900635 409.17198944091797 708.6825561523438 409.17198944091797
701.7623901367188 324.3031005859375 731.608715057373 324.3031005859375 731.608715057373 410.4795913696289 701.7623901367188 410.4795913696289
697.5460205078125 324.3661804199219 726.4275703430176 324.3661804199219 726.4275703430176 409.1227722167969 697.5460205078125 409.1227722167969
696.0001831054688 324.6166076660156 724.2935943603516 324.6166076660156 724.2935943603516 409.4193801879883 696.0001831054688 409.4193801879883
696.3781127929688 326.9833984375 723.9141044616699 326.9833984375 723.9141044616699 410.0663299560547 696.3781127929688 410.0663299560547
696.9051513671875 326.0684509277344 724.1638584136963 326.0684509277344 724.1638584136963 410.1112823486328 696.9051513671875 410.1112823486328
698.0548706054688 324.75848388671875 726.9867210388184 324.75848388671875 726.9867210388184 410.77347564697266 698.0548706054688 410.77347564697266
698.0728759765625 324.2079772949219 729.3414421081543 324.2079772949219 729.3414421081543 413.00465393066406 698.0728759765625 413.00465393066406
700.311767578125 322.90777587890625 729.0609645843506 322.90777587890625 729.0609645843506 409.66766357421875 700.311767578125 409.66766357421875
701.240478515625 320.86651611328125 730.0724334716797 320.86651611328125 730.0724334716797 410.1407470703125 701.240478515625 410.1407470703125
702.5599975585938 320.4961853027344 729.374755859375 320.4961853027344 729.374755859375 408.7025833129883 702.5599975585938 408.7025833129883
704.3709716796875 323.14361572265625 730.7317447662354 323.14361572265625 730.7317447662354 411.72159576416016 704.3709716796875 411.72159576416016
705.6973876953125 319.9363708496094 731.956787109375 319.9363708496094 731.956787109375 415.6161651611328 705.6973876953125 415.6161651611328
706.3123779296875 319.7502136230469 733.6618537902832 319.7502136230469 733.6618537902832 416.7588119506836 706.3123779296875 416.7588119506836
706.8275146484375 319.4517822265625 734.517370223999 319.4517822265625 734.517370223999 415.8981704711914 706.8275146484375 415.8981704711914
706.7562866210938 316.15557861328125 734.8811588287354 316.15557861328125 734.8811588287354 416.0432662963867 706.7562866210938 416.0432662963867
706.9569091796875 315.3169250488281 736.0172176361084 315.3169250488281 736.0172176361084 417.3708190917969 706.9569091796875 417.3708190917969
707.6842041015625 316.955810546875 736.8060054779053 316.955810546875 736.8060054779053 416.9025421142578 707.6842041015625 416.9025421142578
708.3009643554688 316.7563781738281 737.9854011535645 316.7563781738281 737.9854011535645 416.42433166503906 708.3009643554688 416.42433166503906
708.4256591796875 315.79534912109375 738.2476768493652 315.79534912109375 738.2476768493652 417.0910873413086 708.4256591796875 417.0910873413086
710.9293212890625 318.30816650390625 739.7404689788818 318.30816650390625 739.7404689788818 416.3945007324219 710.9293212890625 416.3945007324219
711.0510864257812 319.4732666015625 742.7791404724121 319.4732666015625 742.7791404724121 417.99749755859375 711.0510864257812 417.99749755859375
713.2415161132812 323.0010681152344 742.4160919189453 323.0010681152344 742.4160919189453 416.0124053955078 713.2415161132812 416.0124053955078
711.4779052734375 320.94281005859375 745.687183380127 320.94281005859375 745.687183380127 418.4337387084961 711.4779052734375 418.4337387084961
712.8340454101562 320.6163635253906 748.0069808959961 320.6163635253906 748.0069808959961 418.8611297607422 712.8340454101562 418.8611297607422
711.4528198242188 319.7035827636719 752.1601371765137 319.7035827636719 752.1601371765137 423.16795349121094 711.4528198242188 423.16795349121094
713.7786865234375 319.8026428222656 754.1425666809082 319.8026428222656 754.1425666809082 422.3940963745117 713.7786865234375 422.3940963745117
715.336669921875 317.5691833496094 755.7025833129883 317.5691833496094 755.7025833129883 420.16578674316406 715.336669921875 420.16578674316406
715.2877197265625 315.9764404296875 756.0708618164062 315.9764404296875 756.0708618164062 419.6334991455078 715.2877197265625 419.6334991455078
717.8250732421875 319.15771484375 758.6928253173828 319.15771484375 758.6928253173828 423.02982330322266 717.8250732421875 423.02982330322266
717.1723022460938 321.9275817871094 755.7176361083984 321.9275817871094 755.7176361083984 422.726318359375 717.1723022460938 422.726318359375
719.5548095703125 324.18768310546875 752.9776916503906 324.18768310546875 752.9776916503906 418.31732177734375 719.5548095703125 418.31732177734375
721.2186279296875 324.66156005859375 754.2936592102051 324.66156005859375 754.2936592102051 418.9511260986328 721.2186279296875 418.9511260986328
719.5400390625 320.10845947265625 760.2723083496094 320.10845947265625 760.2723083496094 423.63621520996094 719.5400390625 423.63621520996094
722.9385986328125 321.4638366699219 758.9035530090332 321.4638366699219 758.9035530090332 419.31473541259766 722.9385986328125 419.31473541259766
721.1016845703125 320.4198303222656 761.5554313659668 320.4198303222656 761.5554313659668 423.2396774291992 721.1016845703125 423.2396774291992
722.6043701171875 318.84710693359375 762.8005180358887 318.84710693359375 762.8005180358887 421.01222229003906 722.6043701171875 421.01222229003906
724.2339477539062 319.5948791503906 764.5737228393555 319.5948791503906 764.5737228393555 422.1250457763672 724.2339477539062 422.1250457763672
726.8810424804688 320.923583984375 761.8240394592285 320.923583984375 761.8240394592285 418.02166748046875 726.8810424804688 418.02166748046875
727.0057373046875 322.91021728515625 757.8971214294434 322.91021728515625 757.8971214294434 414.5080337524414 727.0057373046875 414.5080337524414
728.205810546875 324.3968200683594 759.1660194396973 324.3968200683594 759.1660194396973 414.26446533203125 728.205810546875 414.26446533203125
731.0240478515625 323.5838928222656 758.4107398986816 323.5838928222656 758.4107398986816 415.99607849121094 731.0240478515625 415.99607849121094
734.6785278320312 323.6395568847656 762.5854587554932 323.6395568847656 762.5854587554932 419.1631622314453 734.6785278320312 419.1631622314453
735.5443115234375 324.751708984375 764.3820457458496 324.751708984375 764.3820457458496 418.8959197998047 735.5443115234375 418.8959197998047
735.94970703125 324.53424072265625 765.2266597747803 324.53424072265625 765.2266597747803 420.8564910888672 735.94970703125 420.8564910888672
736.4757080078125 324.9137268066406 765.0741519927979 324.9137268066406 765.0741519927979 422.7510528564453 736.4757080078125 422.7510528564453
736.8621826171875 327.096435546875 765.2265872955322 327.096435546875 765.2265872955322 423.51255798339844 736.8621826171875 423.51255798339844
736.1911010742188 321.880126953125 766.032922744751 321.880126953125 766.032922744751 422.4358367919922 736.1911010742188 422.4358367919922
736.5838012695312 323.71026611328125 764.917444229126 323.71026611328125 764.917444229126 423.33184814453125 736.5838012695312 423.33184814453125
739.6624145507812 323.87322998046875 768.488805770874 323.87322998046875 768.488805770874 419.95176696777344 739.6624145507812 419.95176696777344
739.2604370117188 325.23577880859375 768.9161338806152 325.23577880859375 768.9161338806152 423.0106506347656 739.2604370117188 423.0106506347656
738.599609375 326.1800231933594 769.1709842681885 326.1800231933594 769.1709842681885 424.27049255371094 738.599609375 424.27049255371094
739.1749877929688 331.11883544921875 770.3662166595459 331.11883544921875 770.3662166595459 427.4159927368164 739.1749877929688 427.4159927368164
740.31494140625 336.8443603515625 771.7938632965088 336.8443603515625 771.7938632965088 428.71653747558594 740.31494140625 428.71653747558594
741.6271362304688 332.43695068359375 773.3161678314209 332.43695068359375 773.3161678314209 431.61620330810547 741.6271362304688 431.61620330810547
745.6348266601562 334.236328125 777.6275825500488 334.236328125 777.6275825500488 434.94374084472656 745.6348266601562 434.94374084472656
745.5225219726562 333.47607421875 779.5503845214844 333.47607421875 779.5503845214844 435.3887939453125 745.5225219726562 435.3887939453125
750.6361083984375 337.77801513671875 786.4879150390625 337.77801513671875 786.4879150390625 431.01184844970703 750.6361083984375 431.01184844970703
758.2742919921875 338.4346618652344 794.5421257019043 338.4346618652344 794.5421257019043 427.8800811767578 758.2742919921875 427.8800811767578
762.6837768554688 339.9360046386719 798.2243576049805 339.9360046386719 798.2243576049805 428.4529495239258 762.6837768554688 428.4529495239258
762.8740844726562 341.77734375 796.8653869628906 341.77734375 796.8653869628906 430.19093322753906 762.8740844726562 430.19093322753906
766.2825927734375 338.04913330078125 801.4280776977539 338.04913330078125 801.4280776977539 432.047607421875 766.2825927734375 432.047607421875
768.6387939453125 327.7101745605469 811.7978897094727 327.7101745605469 811.7978897094727 437.40613555908203 768.6387939453125 437.40613555908203
770.3963623046875 324.50115966796875 814.4836921691895 324.50115966796875 814.4836921691895 436.5563735961914 770.3963623046875 436.5563735961914
770.7410278320312 326.57489013671875 807.9175186157227 326.57489013671875 807.9175186157227 432.24015045166016 770.7410278320312 432.24015045166016
770.2267456054688 329.10968017578125 802.9399528503418 329.10968017578125 802.9399528503418 427.32139587402344 770.2267456054688 427.32139587402344
772.3084106445312 329.313232421875 805.3704490661621 329.313232421875 805.3704490661621 429.98207092285156 772.3084106445312 429.98207092285156
781.3988037109375 328.7132873535156 813.4101982116699 328.7132873535156 813.4101982116699 428.5837860107422 781.3988037109375 428.5837860107422
786.1366577148438 331.52978515625 820.5515518188477 331.52978515625 820.5515518188477 433.27565002441406 786.1366577148438 433.27565002441406
790.7169189453125 335.0713806152344 823.4799728393555 335.0713806152344 823.4799728393555 433.5808792114258 790.7169189453125 433.5808792114258
793.9332885742188 334.38763427734375 827.7220878601074 334.38763427734375 827.7220878601074 431.55252838134766 793.9332885742188 431.55252838134766
796.5266723632812 337.88934326171875 830.0974922180176 337.88934326171875 830.0974922180176 430.4298629760742 796.5266723632812 430.4298629760742
798.6123657226562 330.77301025390625 837.713264465332 330.77301025390625 837.713264465332 435.9436492919922 798.6123657226562 435.9436492919922
799.7894287109375 326.77215576171875 844.4051132202148 326.77215576171875 844.4051132202148 440.1702880859375 799.7894287109375 440.1702880859375
799.8582763671875 326.01861572265625 845.0099449157715 326.01861572265625 845.0099449157715 440.77903747558594 799.8582763671875 440.77903747558594
800.9166259765625 323.5888671875 846.0155067443848 323.5888671875 846.0155067443848 438.21512603759766 800.9166259765625 438.21512603759766
801.39892578125 323.9956970214844 846.1783676147461 323.9956970214844 846.1783676147461 437.81005096435547 801.39892578125 437.81005096435547
803.4786987304688 320.3869323730469 848.5542449951172 320.3869323730469 848.5542449951172 434.95387268066406 803.4786987304688 434.95387268066406
804.1129150390625 323.0003356933594 849.0537147521973 323.0003356933594 849.0537147521973 437.2247848510742 804.1129150390625 437.2247848510742
801.2177734375 323.8955993652344 846.6955909729004 323.8955993652344 846.6955909729004 439.48497009277344 801.2177734375 439.48497009277344
799.23876953125 327.64581298828125 842.7212028503418 327.64581298828125 842.7212028503418 440.40614318847656 799.23876953125 440.40614318847656
799.2633666992188 326.19549560546875 845.1243095397949 326.19549560546875 845.1243095397949 442.75865173339844 799.2633666992188 442.75865173339844
798.1531372070312 334.01129150390625 837.463451385498 334.01129150390625 837.463451385498 439.9354705810547 798.1531372070312 439.9354705810547
802.2536010742188 335.29425048828125 842.408332824707 335.29425048828125 842.408332824707 442.6629867553711 802.2536010742188 442.6629867553711
806.9187622070312 338.1599426269531 844.6559295654297 338.1599426269531 844.6559295654297 435.7052536010742 806.9187622070312 435.7052536010742
807.2955932617188 340.1156311035156 844.1618385314941 340.1156311035156 844.1618385314941 436.04737854003906 807.2955932617188 436.04737854003906
808.07861328125 340.3392639160156 844.9735412597656 340.3392639160156 844.9735412597656 436.69654846191406 808.07861328125 436.69654846191406
807.5733642578125 337.4442138671875 845.092887878418 337.4442138671875 845.092887878418 438.46722412109375 807.5733642578125 438.46722412109375
808.7205200195312 330.7889099121094 855.9355163574219 330.7889099121094 855.9355163574219 450.79359436035156 808.7205200195312 450.79359436035156
811.1973876953125 331.29010009765625 858.4413528442383 331.29010009765625 858.4413528442383 451.368408203125 811.1973876953125 451.368408203125
811.420166015625 327.7684020996094 858.2423973083496 327.7684020996094 858.2423973083496 446.77479553222656 811.420166015625 446.77479553222656
813.9537353515625 325.7940979003906 860.6585731506348 325.7940979003906 860.6585731506348 444.5021286010742 813.9537353515625 444.5021286010742
816.089111328125 324.021484375 862.5231018066406 324.021484375 862.5231018066406 442.04112243652344 816.089111328125 442.04112243652344
816.9378662109375 327.0738525390625 858.4759864807129 327.0738525390625 858.4759864807129 438.2821044921875 816.9378662109375 438.2821044921875
815.1865844726562 326.2659606933594 859.3072738647461 326.2659606933594 859.3072738647461 440.6332473754883 815.1865844726562 440.6332473754883
808.7200927734375 338.7505187988281 844.5120544433594 338.7505187988281 844.5120544433594 440.9079284667969 808.7200927734375 440.9079284667969
807.7702026367188 339.2361145019531 843.3783569335938 339.2361145019531 843.3783569335938 441.4377975463867 807.7702026367188 441.4377975463867
804.9266357421875 342.895751953125 841.898307800293 342.895751953125 841.898307800293 439.26902770996094 804.9266357421875 439.26902770996094
806.7958374023438 342.36846923828125 843.5714340209961 342.36846923828125 843.5714340209961 437.05763244628906 806.7958374023438 437.05763244628906
809.6300048828125 343.1166076660156 845.9933052062988 343.1166076660156 845.9933052062988 436.13694763183594 809.6300048828125 436.13694763183594
812.8702392578125 342.22332763671875 849.8871688842773 342.22332763671875 849.8871688842773 440.1665802001953 812.8702392578125 440.1665802001953
814.7682495117188 336.529052734375 856.2824172973633 336.529052734375 856.2824172973633 444.84686279296875 814.7682495117188 444.84686279296875
814.1857299804688 333.93072509765625 857.5816917419434 333.93072509765625 857.5816917419434 447.01954650878906 814.1857299804688 447.01954650878906
811.7448120117188 339.3116760253906 843.4442138671875 339.3116760253906 843.4442138671875 439.9995574951172 811.7448120117188 439.9995574951172
808.2345581054688 334.31805419921875 844.3167266845703 334.31805419921875 844.3167266845703 439.73191833496094 808.2345581054688 439.73191833496094
802.4173583984375 331.75787353515625 847.4582252502441 331.75787353515625 847.4582252502441 446.2366485595703 802.4173583984375 446.2366485595703
799.8743896484375 332.90435791015625 844.7909278869629 332.90435791015625 844.7909278869629 447.06712341308594 799.8743896484375 447.06712341308594
794.5950927734375 334.3226318359375 839.4250717163086 334.3226318359375 839.4250717163086 448.26539611816406 794.5950927734375 448.26539611816406
790.1217041015625 340.6263427734375 829.6626205444336 340.6263427734375 829.6626205444336 444.17325592041016 790.1217041015625 444.17325592041016
794.8448486328125 342.9997863769531 830.3610534667969 342.9997863769531 830.3610534667969 441.54420471191406 794.8448486328125 441.54420471191406
800.2664184570312 341.2969970703125 839.727710723877 341.2969970703125 839.727710723877 447.1893768310547 800.2664184570312 447.1893768310547
802.5855712890625 348.06158447265625 839.316276550293 348.06158447265625 839.316276550293 443.9614715576172 802.5855712890625 443.9614715576172
805.4337768554688 349.64813232421875 841.9025840759277 349.64813232421875 841.9025840759277 443.66048431396484 805.4337768554688 443.66048431396484
803.72900390625 347.63043212890625 840.930103302002 347.63043212890625 840.930103302002 447.2295684814453 803.72900390625 447.2295684814453
802.8272094726562 347.60894775390625 836.0775260925293 347.60894775390625 836.0775260925293 443.8121109008789 802.8272094726562 443.8121109008789
802.5659790039062 345.76171875 838.4671859741211 345.76171875 838.4671859741211 444.7563247680664 802.5659790039062 444.7563247680664
797.1111450195312 338.01611328125 841.8014030456543 338.01611328125 841.8014030456543 451.60377502441406 797.1111450195312 451.60377502441406
791.2893676757812 336.71405029296875 836.0979995727539 336.71405029296875 836.0979995727539 450.60257720947266 791.2893676757812 450.60257720947266
790.77783203125 335.77081298828125 836.3277015686035 335.77081298828125 836.3277015686035 451.54331970214844 790.77783203125 451.54331970214844
786.2816772460938 345.27593994140625 828.4443740844727 345.27593994140625 828.4443740844727 456.3719940185547 786.2816772460938 456.3719940185547
792.2699584960938 340.46197509765625 838.026050567627 340.46197509765625 838.026050567627 457.83841705322266 792.2699584960938 457.83841705322266
795.6827392578125 341.2790832519531 844.807502746582 341.2790832519531 844.807502746582 466.1377716064453 795.6827392578125 466.1377716064453
804.9094848632812 334.98089599609375 854.2806243896484 334.98089599609375 854.2806243896484 460.46578216552734 804.9094848632812 460.46578216552734
808.1524658203125 335.6234436035156 859.0861053466797 335.6234436035156 859.0861053466797 465.07969665527344 808.1524658203125 465.07969665527344
811.713623046875 337.58349609375 860.760082244873 337.58349609375 860.760082244873 460.6862564086914 811.713623046875 460.6862564086914
814.0494384765625 335.0689392089844 863.5229568481445 335.0689392089844 863.5229568481445 458.6382141113281 814.0494384765625 458.6382141113281
809.9783935546875 335.3487548828125 861.487548828125 335.3487548828125 861.487548828125 466.2677764892578 809.9783935546875 466.2677764892578
810.4694213867188 337.8661193847656 860.0526924133301 337.8661193847656 860.0526924133301 464.1271286010742 810.4694213867188 464.1271286010742
805.2001953125 340.0433044433594 857.06689453125 340.0433044433594 857.06689453125 471.87109375 805.2001953125 471.87109375
805.6136474609375 341.9697570800781 858.3629760742188 341.9697570800781 858.3629760742188 476.0408935546875 805.6136474609375 476.0408935546875
804.988037109375 341.78033447265625 857.8209457397461 341.78033447265625 857.8209457397461 476.0639190673828 804.988037109375 476.0639190673828
805.0209350585938 335.61639404296875 858.8731002807617 335.61639404296875 858.8731002807617 472.4906005859375 805.0209350585938 472.4906005859375
810.6931762695312 337.99127197265625 865.0016708374023 337.99127197265625 865.0016708374023 476.02532958984375 810.6931762695312 476.02532958984375
811.3928833007812 336.94281005859375 866.2358627319336 336.94281005859375 866.2358627319336 476.33534240722656 811.3928833007812 476.33534240722656
818.7527465820312 338.6242370605469 872.6456909179688 338.6242370605469 872.6456909179688 475.60211181640625 818.7527465820312 475.60211181640625
826.7298583984375 337.5638122558594 881.4400863647461 337.5638122558594 881.4400863647461 476.61895751953125 826.7298583984375 476.61895751953125
834.5760498046875 346.1409912109375 884.7075386047363 346.1409912109375 884.7075386047363 469.7030792236328 834.5760498046875 469.7030792236328
839.5079345703125 352.23101806640625 883.5615005493164 352.23101806640625 883.5615005493164 456.32952880859375 839.5079345703125 456.32952880859375
839.7275390625 353.8055725097656 886.1385116577148 353.8055725097656 886.1385116577148 456.5971984863281 839.7275390625 456.5971984863281
836.5885620117188 348.513916015625 884.087890625 348.513916015625 884.087890625 457.10677337646484 836.5885620117188 457.10677337646484
836.8193359375 336.38470458984375 889.0165824890137 336.38470458984375 889.0165824890137 467.66432189941406 836.8193359375 467.66432189941406
833.5330200195312 335.95587158203125 888.4315414428711 335.95587158203125 888.4315414428711 475.4895935058594 833.5330200195312 475.4895935058594
833.1246948242188 334.9690856933594 888.2264785766602 334.9690856933594 888.2264785766602 475.0194396972656 833.1246948242188 475.0194396972656
833.3699340820312 337.0619201660156 888.7320747375488 337.0619201660156 888.7320747375488 477.7740020751953 833.3699340820312 477.7740020751953
830.6263427734375 332.357666015625 886.5511856079102 332.357666015625 886.5511856079102 474.4999542236328 830.6263427734375 474.4999542236328
833.1636962890625 330.71624755859375 889.5806274414062 330.71624755859375 889.5806274414062 474.1092529296875 833.1636962890625 474.1092529296875
834.0076293945312 330.2734680175781 890.3418502807617 330.2734680175781 890.3418502807617 473.4562530517578 834.0076293945312 473.4562530517578
844.3576049804688 330.3285217285156 900.9575424194336 330.3285217285156 900.9575424194336 474.1866760253906 844.3576049804688 474.1866760253906
851.8037109375 329.4671325683594 909.0791244506836 329.4671325683594 909.0791244506836 475.04212951660156 851.8037109375 475.04212951660156
857.0237426757812 330.13409423828125 914.2792129516602 330.13409423828125 914.2792129516602 475.65838623046875 857.0237426757812 475.65838623046875
861.3366088867188 329.700439453125 918.0271911621094 329.700439453125 918.0271911621094 473.7889709472656 861.3366088867188 473.7889709472656
865.326171875 329.5840148925781 922.5521774291992 329.5840148925781 922.5521774291992 475.03343200683594 865.326171875 475.03343200683594
869.8834838867188 334.8468017578125 926.5203132629395 334.8468017578125 926.5203132629395 478.79872131347656 869.8834838867188 478.79872131347656
871.5271606445312 332.07794189453125 928.3388557434082 332.07794189453125 928.3388557434082 476.4743347167969 871.5271606445312 476.4743347167969
871.6885986328125 327.94097900390625 928.3718566894531 327.94097900390625 928.3718566894531 472.01092529296875 871.6885986328125 472.01092529296875
872.0323486328125 329.517333984375 928.9686050415039 329.517333984375 928.9686050415039 474.2303161621094 872.0323486328125 474.2303161621094
874.1282958984375 327.29840087890625 931.9131050109863 327.29840087890625 931.9131050109863 474.16810607910156 874.1282958984375 474.16810607910156
874.5472412109375 327.59100341796875 932.2611618041992 327.59100341796875 932.2611618041992 474.28053283691406 874.5472412109375 474.28053283691406
879.4988403320312 329.9432067871094 937.557689666748 329.9432067871094 937.557689666748 477.5094299316406 879.4988403320312 477.5094299316406
882.2306518554688 331.16729736328125 939.1982498168945 331.16729736328125 939.1982498168945 475.9599304199219 882.2306518554688 475.9599304199219
885.3436279296875 332.67694091796875 942.0960578918457 332.67694091796875 942.0960578918457 476.9226989746094 885.3436279296875 476.9226989746094
896.8195190429688 331.03533935546875 954.2082405090332 331.03533935546875 954.2082405090332 476.89833068847656 896.8195190429688 476.89833068847656
902.7520751953125 327.57342529296875 959.0000610351562 327.57342529296875 959.0000610351562 470.53704833984375 902.7520751953125 470.53704833984375
906.4566650390625 341.8150939941406 956.6361923217773 341.8150939941406 956.6361923217773 465.8205032348633 906.4566650390625 465.8205032348633
910.2080078125 353.80316162109375 953.3512916564941 353.80316162109375 953.3512916564941 452.24666595458984 910.2080078125 452.24666595458984
910.74560546875 348.410888671875 955.873950958252 348.410888671875 955.873950958252 456.2188949584961 910.74560546875 456.2188949584961
913.8612060546875 355.6468200683594 952.5780601501465 355.6468200683594 952.5780601501465 455.4826354980469 913.8612060546875 455.4826354980469
915.8552856445312 364.2881774902344 951.3139114379883 364.2881774902344 951.3139114379883 464.77134704589844 915.8552856445312 464.77134704589844
913.7579956054688 364.55865478515625 957.4645767211914 364.55865478515625 957.4645767211914 478.13230895996094 913.7579956054688 478.13230895996094
918.1686401367188 377.8975524902344 953.1123886108398 377.8975524902344 953.1123886108398 475.27538299560547 918.1686401367188 475.27538299560547
918.8658447265625 385.43682861328125 953.9280090332031 385.43682861328125 953.9280090332031 479.76893615722656 918.8658447265625 479.76893615722656
920.40087890625 385.3552551269531 954.0753631591797 385.3552551269531 954.0753631591797 478.6415252685547 920.40087890625 478.6415252685547
916.7799072265625 380.6421203613281 958.0832481384277 380.6421203613281 958.0832481384277 486.0770721435547 916.7799072265625 486.0770721435547
920.9534912109375 385.353271484375 955.1532173156738 385.353271484375 955.1532173156738 472.09837341308594 920.9534912109375 472.09837341308594
914.6179809570312 375.32061767578125 950.4039421081543 375.32061767578125 950.4039421081543 469.99681091308594 914.6179809570312 469.99681091308594
894.8466796875 375.34783935546875 934.5419616699219 375.34783935546875 934.5419616699219 465.7819595336914 894.8466796875 465.7819595336914
876.3408203125 368.0905456542969 914.8277359008789 368.0905456542969 914.8277359008789 460.258544921875 876.3408203125 460.258544921875
848.6525268554688 369.4444274902344 886.5359382629395 369.4444274902344 886.5359382629395 456.19764709472656 848.6525268554688 456.19764709472656
844.0684814453125 362.81378173828125 882.4977378845215 362.81378173828125 882.4977378845215 452.4945373535156 844.0684814453125 452.4945373535156
836.5255126953125 359.47650146484375 873.062873840332 359.47650146484375 873.062873840332 448.7693862915039 836.5255126953125 448.7693862915039
824.40771484375 361.9498291015625 860.1584930419922 361.9498291015625 860.1584930419922 450.6050033569336 824.40771484375 450.6050033569336
812.091796875 360.20928955078125 846.9134902954102 360.20928955078125 846.9134902954102 449.3458251953125 812.091796875 449.3458251953125
799.9855346679688 359.2988586425781 835.2191352844238 359.2988586425781 835.2191352844238 450.1835632324219 799.9855346679688 450.1835632324219
789.5208129882812 358.74365234375 825.221996307373 358.74365234375 825.221996307373 451.1266632080078 789.5208129882812 451.1266632080078
779.7649536132812 355.6556701660156 817.2332458496094 355.6556701660156 817.2332458496094 452.47462463378906 779.7649536132812 452.47462463378906
772.3507080078125 349.0689697265625 813.3196487426758 349.0689697265625 813.3196487426758 455.1772003173828 772.3507080078125 455.1772003173828
766.451171875 347.83026123046875 808.0627670288086 347.83026123046875 808.0627670288086 456.50089263916016 766.451171875 456.50089263916016
758.0274047851562 350.1806335449219 799.8732147216797 350.1806335449219 799.8732147216797 458.9288787841797 758.0274047851562 458.9288787841797
759.78466796875 356.9599609375 792.9632034301758 356.9599609375 792.9632034301758 451.1164855957031 759.78466796875 451.1164855957031
759.3776245117188 355.0028381347656 797.0463638305664 355.0028381347656 797.0463638305664 451.7923889160156 759.3776245117188 451.7923889160156
749.9571533203125 356.3362731933594 788.4693832397461 356.3362731933594 788.4693832397461 450.3924102783203 749.9571533203125 450.3924102783203
746.3778076171875 357.6335754394531 784.0166854858398 357.6335754394531 784.0166854858398 450.74878692626953 746.3778076171875 450.74878692626953
746.3448486328125 351.1246643066406 788.0159568786621 351.1246643066406 788.0159568786621 456.84447479248047 746.3448486328125 456.84447479248047
730.24462890625 344.7235412597656 773.9516868591309 344.7235412597656 773.9516868591309 457.6309127807617 730.24462890625 457.6309127807617
729.2030029296875 343.68426513671875 769.7566070556641 343.68426513671875 769.7566070556641 455.97674560546875 729.2030029296875 455.97674560546875
725.55322265625 337.26202392578125 775.0526008605957 337.26202392578125 775.0526008605957 463.07298278808594 725.55322265625 463.07298278808594
720.154541015625 335.0549011230469 769.9884300231934 335.0549011230469 769.9884300231934 461.71607208251953 720.154541015625 461.71607208251953
719.6111450195312 335.901611328125 766.731559753418 335.901611328125 766.731559753418 457.8890609741211 719.6111450195312 457.8890609741211
717.3128051757812 338.23638916015625 768.0836410522461 338.23638916015625 768.0836410522461 467.2789611816406 717.3128051757812 467.2789611816406
715.8639526367188 335.6623840332031 766.9064254760742 335.6623840332031 766.9064254760742 465.39537048339844 715.8639526367188 465.39537048339844
718.10595703125 339.3138427734375 769.1544303894043 339.3138427734375 769.1544303894043 469.06207275390625 718.10595703125 469.06207275390625
723.8934326171875 340.5895080566406 774.9123764038086 340.5895080566406 774.9123764038086 470.26268005371094 723.8934326171875 470.26268005371094
726.1678466796875 340.3341369628906 777.1705589294434 340.3341369628906 777.1705589294434 469.966064453125 726.1678466796875 469.966064453125
718.427734375 340.14764404296875 769.3897552490234 340.14764404296875 769.3897552490234 469.67616271972656 718.427734375 469.67616271972656
718.072265625 334.56939697265625 770.0033073425293 334.56939697265625 770.0033073425293 466.5608367919922 718.072265625 466.5608367919922
714.7469482421875 334.21551513671875 766.4209785461426 334.21551513671875 766.4209785461426 465.55372619628906 714.7469482421875 465.55372619628906
706.9478149414062 338.2501525878906 757.0271606445312 338.2501525878906 757.0271606445312 463.3467330932617 706.9478149414062 463.3467330932617
697.3798828125 330.5477294921875 749.7995376586914 330.5477294921875 749.7995376586914 463.7810974121094 697.3798828125 463.7810974121094
692.938720703125 336.8378601074219 739.408260345459 336.8378601074219 739.408260345459 452.54344177246094 692.938720703125 452.54344177246094
694.5841064453125 345.03948974609375 735.5060653686523 345.03948974609375 735.5060653686523 447.76019287109375 694.5841064453125 447.76019287109375
693.6815185546875 335.82012939453125 740.7170791625977 335.82012939453125 740.7170791625977 457.06260681152344 693.6815185546875 457.06260681152344
694.3831787109375 328.7310485839844 747.0175666809082 328.7310485839844 747.0175666809082 462.51019287109375 694.3831787109375 462.51019287109375
695.7020263671875 327.7093811035156 749.0096817016602 327.7093811035156 749.0096817016602 463.1997375488281 695.7020263671875 463.1997375488281
697.6566162109375 330.0555419921875 751.487232208252 330.0555419921875 751.487232208252 466.8750762939453 697.6566162109375 466.8750762939453
702.8948364257812 332.99310302734375 756.2326889038086 332.99310302734375 756.2326889038086 468.56019592285156 702.8948364257812 468.56019592285156
679.3694458007812 343.5514221191406 732.9114456176758 343.5514221191406 732.9114456176758 479.63739013671875 679.3694458007812 479.63739013671875
679.7366943359375 360.35052490234375 728.1584320068359 360.35052490234375 728.1584320068359 475.10831451416016 679.7366943359375 475.10831451416016
681.8419799804688 364.66180419921875 727.1861457824707 364.66180419921875 727.1861457824707 465.4951934814453 681.8419799804688 465.4951934814453
687.5634155273438 354.5970458984375 736.5220031738281 354.5970458984375 736.5220031738281 472.1224365234375 687.5634155273438 472.1224365234375
684.2907104492188 352.6203308105469 737.0119705200195 352.6203308105469 737.0119705200195 486.62025451660156 684.2907104492188 486.62025451660156
682.2821044921875 353.0163879394531 734.9429550170898 353.0163879394531 734.9429550170898 486.8627624511719 682.2821044921875 486.8627624511719
693.4736328125 350.36468505859375 745.7935562133789 350.36468505859375 745.7935562133789 483.34454345703125 693.4736328125 483.34454345703125
721.0217895507812 346.31549072265625 770.9743270874023 346.31549072265625 770.9743270874023 472.3001937866211 721.0217895507812 472.3001937866211
723.0479736328125 363.302978515625 766.8184700012207 363.302978515625 766.8184700012207 467.32759857177734 723.0479736328125 467.32759857177734
708.5499877929688 355.1690368652344 754.6458549499512 355.1690368652344 754.6458549499512 469.52257537841797 708.5499877929688 469.52257537841797
713.6847534179688 354.66278076171875 760.2325248718262 354.66278076171875 760.2325248718262 470.36131286621094 713.6847534179688 470.36131286621094
706.0849609375 348.62603759765625 756.9802322387695 348.62603759765625 756.9802322387695 477.0785369873047 706.0849609375 477.0785369873047
721.5678100585938 351.447509765625 768.148811340332 351.447509765625 768.148811340332 468.2286148071289 721.5678100585938 468.2286148071289
732.5131225585938 343.20062255859375 785.990406036377 343.20062255859375 785.990406036377 479.1221618652344 732.5131225585938 479.1221618652344
724.5288696289062 350.2127380371094 776.0826301574707 350.2127380371094 776.0826301574707 478.9647216796875 724.5288696289062 478.9647216796875
741.1973876953125 367.63580322265625 787.4201965332031 367.63580322265625 787.4201965332031 468.07972717285156 741.1973876953125 468.07972717285156
746.8824462890625 364.7679443359375 793.0530014038086 364.7679443359375 793.0530014038086 467.0580825805664 746.8824462890625 467.0580825805664
745.6109619140625 367.22174072265625 791.0422134399414 367.22174072265625 791.0422134399414 468.92505645751953 745.6109619140625 468.92505645751953
729.8010864257812 349.3797302246094 783.0827407836914 349.3797302246094 783.0827407836914 484.80401611328125 729.8010864257812 484.80401611328125
740.6109619140625 347.45867919921875 791.7737045288086 347.45867919921875 791.7737045288086 476.8623352050781 740.6109619140625 476.8623352050781
724.9853515625 346.5105285644531 778.2510681152344 346.5105285644531 778.2510681152344 481.89430236816406 724.9853515625 481.89430236816406
722.0366821289062 348.97796630859375 775.480884552002 348.97796630859375 775.480884552002 484.8153991699219 722.0366821289062 484.8153991699219
706.4384765625 348.15838623046875 759.7407150268555 348.15838623046875 759.7407150268555 483.63499450683594 706.4384765625 483.63499450683594
710.0735473632812 344.41314697265625 763.8976211547852 344.41314697265625 763.8976211547852 481.21607971191406 710.0735473632812 481.21607971191406
710.2724609375 348.69189453125 763.6010818481445 348.69189453125 763.6010818481445 484.2355651855469 710.2724609375 484.2355651855469
704.0574951171875 353.2742614746094 756.9608993530273 353.2742614746094 756.9608993530273 487.73716735839844 704.0574951171875 487.73716735839844
692.60107421875 354.30645751953125 745.1286201477051 354.30645751953125 745.1286201477051 487.8140563964844 692.60107421875 487.8140563964844
682.8844604492188 349.7068786621094 735.7040824890137 349.7068786621094 735.7040824890137 483.95684814453125 682.8844604492188 483.95684814453125
680.0291137695312 353.3078918457031 730.0546035766602 353.3078918457031 730.0546035766602 474.8349075317383 680.0291137695312 474.8349075317383
670.3887939453125 356.63262939453125 719.3447113037109 356.63262939453125 719.3447113037109 475.8978500366211 670.3887939453125 475.8978500366211
656.11181640625 356.30767822265625 707.1119499206543 356.30767822265625 707.1119499206543 483.7966537475586 656.11181640625 483.7966537475586
641.9205322265625 357.74176025390625 694.6761703491211 357.74176025390625 694.6761703491211 491.82911682128906 641.9205322265625 491.82911682128906
635.0633544921875 362.18798828125 686.5468368530273 362.18798828125 686.5468368530273 490.74278259277344 635.0633544921875 490.74278259277344
642.0467529296875 357.0885009765625 694.6703491210938 357.0885009765625 694.6703491210938 490.8402404785156 642.0467529296875 490.8402404785156
637.5113525390625 354.29449462890625 689.6525764465332 354.29449462890625 689.6525764465332 486.82020568847656 637.5113525390625 486.82020568847656
640.2297973632812 364.53741455078125 682.9653739929199 364.53741455078125 682.9653739929199 473.3580780029297 640.2297973632812 473.3580780029297
629.9987182617188 370.9901123046875 672.1282081604004 370.9901123046875 672.1282081604004 474.59761810302734 629.9987182617188 474.59761810302734
627.0343017578125 371.1128845214844 670.692325592041 371.1128845214844 670.692325592041 473.42772674560547 627.0343017578125 473.42772674560547
628.8344116210938 371.7457580566406 669.724925994873 371.7457580566406 669.724925994873 473.35655212402344 628.8344116210938 473.35655212402344
628.61865234375 372.39312744140625 668.9631271362305 372.39312744140625 668.9631271362305 474.2475814819336 628.61865234375 474.2475814819336
626.8629760742188 372.36236572265625 668.3089065551758 372.36236572265625 668.3089065551758 471.7608184814453 626.8629760742188 471.7608184814453
617.2593994140625 364.04669189453125 665.1452674865723 364.04669189453125 665.1452674865723 480.86812591552734 617.2593994140625 480.86812591552734
615.5123291015625 368.0419616699219 659.1140899658203 368.0419616699219 659.1140899658203 468.5839309692383 615.5123291015625 468.5839309692383
614.8873901367188 354.84857177734375 663.3275260925293 354.84857177734375 663.3275260925293 475.66580963134766 614.8873901367188 475.66580963134766
617.59130859375 354.0254821777344 665.2678909301758 354.0254821777344 665.2678909301758 475.11500549316406 617.59130859375 475.11500549316406
620.037841796875 349.7601013183594 665.867000579834 349.7601013183594 665.867000579834 466.8812561035156 620.037841796875 466.8812561035156
620.2482299804688 348.1813659667969 664.148624420166 348.1813659667969 664.148624420166 460.1468963623047 620.2482299804688 460.1468963623047
622.5079345703125 348.37017822265625 665.5369186401367 348.37017822265625 665.5369186401367 455.42183685302734 622.5079345703125 455.42183685302734
617.176025390625 348.76019287109375 662.4692459106445 348.76019287109375 662.4692459106445 456.09303283691406 617.176025390625 456.09303283691406
624.2310791015625 345.81756591796875 668.4555435180664 345.81756591796875 668.4555435180664 453.99058532714844 624.2310791015625 453.99058532714844
618.6590576171875 346.2137756347656 665.3997421264648 346.2137756347656 665.3997421264648 456.1633834838867 618.6590576171875 456.1633834838867
615.6272583007812 340.55755615234375 667.2256088256836 340.55755615234375 667.2256088256836 469.83946228027344 615.6272583007812 469.83946228027344
613.751953125 336.1336364746094 666.6283645629883 336.1336364746094 666.6283645629883 469.87176513671875 613.751953125 469.87176513671875
609.2742309570312 346.1028747558594 657.5287246704102 346.1028747558594 657.5287246704102 460.4417419433594 609.2742309570312 460.4417419433594
605.1035766601562 349.26025390625 653.0334663391113 349.26025390625 653.0334663391113 455.97874450683594 605.1035766601562 455.97874450683594
606.8089599609375 345.65771484375 654.2506332397461 345.65771484375 654.2506332397461 454.3972930908203 606.8089599609375 454.3972930908203
607.0828857421875 342.9248352050781 654.9285049438477 342.9248352050781 654.9285049438477 454.5610046386719 607.0828857421875 454.5610046386719
610.2047729492188 347.10186767578125 657.0088386535645 347.10186767578125 657.0088386535645 457.4464340209961 610.2047729492188 457.4464340209961
607.4020385742188 336.0350646972656 660.9060859680176 336.0350646972656 660.9060859680176 469.3686828613281 607.4020385742188 469.3686828613281
606.4111328125 330.4947509765625 665.3045463562012 330.4947509765625 665.3045463562012 480.1822814941406 606.4111328125 480.1822814941406
611.1158447265625 331.16119384765625 670.2717514038086 331.16119384765625 670.2717514038086 481.5158996582031 611.1158447265625 481.5158996582031
606.1817626953125 333.15155029296875 665.2953605651855 333.15155029296875 665.2953605651855 483.3987121582031 606.1817626953125 483.3987121582031
603.9456176757812 332.6087341308594 663.3950386047363 332.6087341308594 663.3950386047363 483.7094421386719 603.9456176757812 483.7094421386719
587.8690185546875 338.5793151855469 646.9034423828125 338.5793151855469 646.9034423828125 488.62522888183594 587.8690185546875 488.62522888183594
575.2137451171875 337.79608154296875 629.08935546875 337.79608154296875 629.08935546875 473.4228820800781 575.2137451171875 473.4228820800781
561.5982666015625 341.627685546875 615.0251693725586 341.627685546875 615.0251693725586 475.13429260253906 561.5982666015625 475.13429260253906
559.9000244140625 335.9916076660156 615.2224426269531 335.9916076660156 615.2224426269531 477.0443115234375 559.9000244140625 477.0443115234375
560.0936279296875 330.3142395019531 617.9876937866211 330.3142395019531 617.9876937866211 477.4617462158203 560.0936279296875 477.4617462158203
567.9822998046875 343.38043212890625 616.8769912719727 343.38043212890625 616.8769912719727 455.7428207397461 567.9822998046875 455.7428207397461
572.1040649414062 344.0759582519531 620.4793281555176 344.0759582519531 620.4793281555176 458.03199005126953 572.1040649414062 458.03199005126953
570.6060791015625 338.2552490234375 625.2729988098145 338.2552490234375 625.2729988098145 474.9663391113281 570.6060791015625 474.9663391113281
569.7029418945312 345.68963623046875 619.6600570678711 345.68963623046875 619.6600570678711 471.9086685180664 569.7029418945312 471.9086685180664
563.4781494140625 343.53369140625 616.1008071899414 343.53369140625 616.1008071899414 478.0391845703125 563.4781494140625 478.0391845703125
559.0393676757812 337.602294921875 617.2356033325195 337.602294921875 617.2356033325195 486.59706115722656 559.0393676757812 486.59706115722656
559.9537353515625 346.18231201171875 608.0810928344727 346.18231201171875 608.0810928344727 465.9355010986328 559.9537353515625 465.9355010986328
561.654541015625 337.75714111328125 608.3990058898926 337.75714111328125 608.3990058898926 461.3804702758789 561.654541015625 461.3804702758789
560.5615234375 329.840576171875 618.2619934082031 329.840576171875 618.2619934082031 478.4167938232422 560.5615234375 478.4167938232422
560.8253173828125 332.7052307128906 621.3834342956543 332.7052307128906 621.3834342956543 486.62391662597656 560.8253173828125 486.62391662597656
563.0045776367188 338.5586242675781 623.1946411132812 338.5586242675781 623.1946411132812 491.5418395996094 563.0045776367188 491.5418395996094
566.1490478515625 339.46063232421875 626.6847152709961 339.46063232421875 626.6847152709961 493.32225036621094 566.1490478515625 493.32225036621094
575.4374389648438 350.45062255859375 624.4317893981934 350.45062255859375 624.4317893981934 473.4217758178711 575.4374389648438 473.4217758178711
575.3138427734375 344.41204833984375 625.1078567504883 344.41204833984375 625.1078567504883 469.39207458496094 575.3138427734375 469.39207458496094
574.0670166015625 342.1337890625 623.8656959533691 342.1337890625 623.8656959533691 467.8998260498047 574.0670166015625 467.8998260498047
580.026123046875 339.83453369140625 628.0662994384766 339.83453369140625 628.0662994384766 467.2431411743164 580.026123046875 467.2431411743164
577.4862670898438 338.1744079589844 623.7899589538574 338.1744079589844 623.7899589538574 466.6178894042969 577.4862670898438 466.6178894042969
573.7260131835938 332.21600341796875 631.8744430541992 332.21600341796875 631.8744430541992 481.8889617919922 573.7260131835938 481.8889617919922
577.20556640625 334.18023681640625 624.7256393432617 334.18023681640625 624.7256393432617 466.671630859375 577.20556640625 466.671630859375
573.3139038085938 328.69744873046875 628.7155532836914 328.69744873046875 628.7155532836914 475.8212127685547 573.3139038085938 475.8212127685547
571.3148193359375 331.83074951171875 631.0482368469238 331.83074951171875 631.0482368469238 484.89585876464844 571.3148193359375 484.89585876464844
572.5448608398438 328.84893798828125 635.0679016113281 328.84893798828125 635.0679016113281 487.7617950439453 572.5448608398438 487.7617950439453
573.2673950195312 327.9140930175781 635.8928833007812 327.9140930175781 635.8928833007812 487.08734130859375 573.2673950195312 487.08734130859375
574.3213500976562 331.46466064453125 634.1064682006836 331.46466064453125 634.1064682006836 484.7405242919922 574.3213500976562 484.7405242919922
573.7340087890625 327.7603454589844 635.8053398132324 327.7603454589844 635.8053398132324 485.525146484375 573.7340087890625 485.525146484375
571.89599609375 329.5690612792969 631.4269714355469 329.5690612792969 631.4269714355469 480.2406311035156 571.89599609375 480.2406311035156
572.4783325195312 330.0419616699219 631.8647232055664 330.0419616699219 631.8647232055664 480.60289001464844 572.4783325195312 480.60289001464844
568.5704956054688 337.2325439453125 623.4175720214844 337.2325439453125 623.4175720214844 473.2020721435547 568.5704956054688 473.2020721435547
553.98291015625 331.51202392578125 614.1550064086914 331.51202392578125 614.1550064086914 483.4757995605469 553.98291015625 483.4757995605469
546.3156127929688 344.44183349609375 599.9054565429688 344.44183349609375 599.9054565429688 470.44759368896484 546.3156127929688 470.44759368896484
534.8621215820312 333.0463562011719 587.3273315429688 333.0463562011719 587.3273315429688 461.5700988769531 534.8621215820312 461.5700988769531
527.3713989257812 332.519287109375 575.8738899230957 332.519287109375 575.8738899230957 453.3538589477539 527.3713989257812 453.3538589477539
524.1583251953125 327.7359313964844 570.3124465942383 327.7359313964844 570.3124465942383 448.4994430541992 524.1583251953125 448.4994430541992
522.7799072265625 322.87860107421875 572.1338653564453 322.87860107421875 572.1338653564453 450.3094482421875 522.7799072265625 450.3094482421875
519.6090087890625 320.1919860839844 578.9759902954102 320.1919860839844 578.9759902954102 471.083251953125 519.6090087890625 471.083251953125
521.6197509765625 323.35455322265625 580.6577987670898 323.35455322265625 580.6577987670898 473.4097900390625 521.6197509765625 473.4097900390625
524.8170776367188 327.40283203125 585.1744384765625 327.40283203125 585.1744384765625 480.8113250732422 524.8170776367188 480.8113250732422
527.1802368164062 326.64935302734375 588.4281120300293 326.64935302734375 588.4281120300293 482.3212585449219 527.1802368164062 482.3212585449219
527.8895263671875 324.9904479980469 585.5607414245605 324.9904479980469 585.5607414245605 473.57102966308594 527.8895263671875 473.57102966308594
530.6682739257812 328.56103515625 588.5060195922852 328.56103515625 588.5060195922852 476.4588317871094 530.6682739257812 476.4588317871094
538.377197265625 335.68048095703125 586.2130966186523 335.68048095703125 586.2130966186523 459.03285217285156 538.377197265625 459.03285217285156
539.2396850585938 332.5804748535156 591.886547088623 332.5804748535156 591.886547088623 468.74986267089844 539.2396850585938 468.74986267089844
540.0807495117188 320.07879638671875 595.21337890625 320.07879638671875 595.21337890625 468.6881866455078 540.0807495117188 468.6881866455078
544.3407592773438 323.32879638671875 595.5978164672852 323.32879638671875 595.5978164672852 465.14048767089844 544.3407592773438 465.14048767089844
543.4273071289062 317.6285705566406 601.6303482055664 317.6285705566406 601.6303482055664 469.55201721191406 543.4273071289062 469.55201721191406
548.7448120117188 321.56610107421875 600.8469009399414 321.56610107421875 600.8469009399414 461.9660949707031 548.7448120117188 461.9660949707031
545.9542236328125 316.09344482421875 607.0552368164062 316.09344482421875 607.0552368164062 471.39210510253906 545.9542236328125 471.39210510253906
553.7189331054688 319.1825256347656 608.3620681762695 319.1825256347656 608.3620681762695 461.0527648925781 553.7189331054688 461.0527648925781
553.25048828125 319.21905517578125 611.4517593383789 319.21905517578125 611.4517593383789 468.8988342285156 553.25048828125 468.8988342285156
557.3204956054688 322.3756103515625 607.3371238708496 322.3756103515625 607.3371238708496 456.1491394042969 557.3204956054688 456.1491394042969
561.8635864257812 320.56396484375 611.3523864746094 320.56396484375 611.3523864746094 453.5046081542969 561.8635864257812 453.5046081542969
565.1245727539062 324.38421630859375 615.4253158569336 324.38421630859375 615.4253158569336 454.40118408203125 565.1245727539062 454.40118408203125
563.7263793945312 320.80963134765625 613.8465309143066 320.80963134765625 613.8465309143066 453.2931365966797 563.7263793945312 453.2931365966797
562.8619995117188 324.22174072265625 615.141674041748 324.22174072265625 615.141674041748 459.34681701660156 562.8619995117188 459.34681701660156
565.1810302734375 325.7460632324219 615.7926788330078 325.7460632324219 615.7926788330078 455.2060089111328 565.1810302734375 455.2060089111328
565.5308837890625 321.7059020996094 615.4173812866211 321.7059020996094 615.4173812866211 450.88238525390625 565.5308837890625 450.88238525390625
567.3240966796875 321.19873046875 616.310619354248 321.19873046875 616.310619354248 451.06776428222656 567.3240966796875 451.06776428222656
564.8138427734375 315.14398193359375 619.1142501831055 315.14398193359375 619.1142501831055 456.6597595214844 564.8138427734375 456.6597595214844
565.6922607421875 309.559814453125 617.3192939758301 309.559814453125 617.3192939758301 444.1531219482422 565.6922607421875 444.1531219482422
560.7744750976562 302.5232849121094 624.1159057617188 302.5232849121094 624.1159057617188 463.5163879394531 560.7744750976562 463.5163879394531
560.0177001953125 302.2757263183594 623.685619354248 302.2757263183594 623.685619354248 464.0986785888672 560.0177001953125 464.0986785888672
561.8414306640625 308.7432861328125 625.4671936035156 308.7432861328125 625.4671936035156 470.4591064453125 561.8414306640625 470.4591064453125
562.4408569335938 305.5367736816406 626.4377670288086 305.5367736816406 626.4377670288086 468.19593811035156 562.4408569335938 468.19593811035156
565.54248046875 311.51129150390625 629.7262496948242 311.51129150390625 629.7262496948242 474.6453857421875 565.54248046875 474.6453857421875
569.8966064453125 310.1414794921875 631.252857208252 310.1414794921875 631.252857208252 467.8644104003906 569.8966064453125 467.8644104003906
571.7658081054688 315.8805847167969 627.3647079467773 315.8805847167969 627.3647079467773 460.0646667480469 571.7658081054688 460.0646667480469
574.6888427734375 312.6408386230469 630.8563461303711 312.6408386230469 630.8563461303711 460.6565399169922 574.6888427734375 460.6565399169922
574.0294189453125 310.0308532714844 634.4094657897949 310.0308532714844 634.4094657897949 466.7087860107422 574.0294189453125 466.7087860107422
578.8372192382812 312.29071044921875 631.4485664367676 312.29071044921875 631.4485664367676 456.7841491699219 578.8372192382812 456.7841491699219
577.3323364257812 310.80377197265625 633.0500106811523 310.80377197265625 633.0500106811523 459.0787353515625 577.3323364257812 459.0787353515625
575.8895263671875 306.2406311035156 639.6770553588867 306.2406311035156 639.6770553588867 468.36761474609375 575.8895263671875 468.36761474609375
578.7367553710938 303.2198791503906 639.5431442260742 303.2198791503906 639.5431442260742 459.8717956542969 578.7367553710938 459.8717956542969
580.2210693359375 309.708740234375 640.9274826049805 309.708740234375 640.9274826049805 466.4009094238281 580.2210693359375 466.4009094238281
581.840576171875 297.31182861328125 645.8268852233887 297.31182861328125 645.8268852233887 459.9440612792969 581.840576171875 459.9440612792969
581.72509765625 301.34832763671875 645.3929214477539 301.34832763671875 645.3929214477539 463.1710510253906 581.72509765625 463.1710510253906
584.5477294921875 302.5758972167969 647.5617980957031 302.5758972167969 647.5617980957031 462.73699951171875 584.5477294921875 462.73699951171875
588.1863403320312 304.48016357421875 645.3322525024414 304.48016357421875 645.3322525024414 454.8135070800781 588.1863403320312 454.8135070800781
590.46337890625 303.62274169921875 644.7716674804688 303.62274169921875 644.7716674804688 449.55885314941406 590.46337890625 449.55885314941406
592.7593383789062 312.6095886230469 640.6417541503906 312.6095886230469 640.6417541503906 445.60821533203125 592.7593383789062 445.60821533203125
592.8801879882812 311.4549865722656 640.9562683105469 311.4549865722656 640.9562683105469 444.62159729003906 592.8801879882812 444.62159729003906
592.8789672851562 310.5114440917969 642.1214904785156 310.5114440917969 642.1214904785156 442.25982666015625 592.8789672851562 442.25982666015625
586.0565185546875 294.75433349609375 652.3585662841797 294.75433349609375 652.3585662841797 463.2724304199219 586.0565185546875 463.2724304199219
588.8692626953125 295.0981750488281 655.9580001831055 295.0981750488281 655.9580001831055 465.61578369140625 588.8692626953125 465.61578369140625
589.2754516601562 295.07257080078125 655.5419540405273 295.07257080078125 655.5419540405273 463.5003356933594 589.2754516601562 463.5003356933594
589.271484375 292.2955017089844 656.4112548828125 292.2955017089844 656.4112548828125 462.94281005859375 589.271484375 462.94281005859375
589.681884765625 291.1361083984375 656.9137420654297 291.1361083984375 656.9137420654297 462.0174560546875 589.681884765625 462.0174560546875
594.3579711914062 291.91265869140625 660.5751266479492 291.91265869140625 660.5751266479492 460.21498107910156 594.3579711914062 460.21498107910156
594.06591796875 293.2679748535156 662.1049346923828 293.2679748535156 662.1049346923828 466.20086669921875 594.06591796875 466.20086669921875
593.65087890625 292.97149658203125 662.6381149291992 292.97149658203125 662.6381149291992 468.31446838378906 593.65087890625 468.31446838378906
591.8968505859375 289.98272705078125 661.4159469604492 289.98272705078125 661.4159469604492 466.6775207519531 591.8968505859375 466.6775207519531
592.0296630859375 291.7523498535156 660.7368469238281 291.7523498535156 660.7368469238281 466.383544921875 592.0296630859375 466.383544921875
593.300048828125 292.38385009765625 662.5360565185547 292.38385009765625 662.5360565185547 468.35914611816406 593.300048828125 468.35914611816406
592.8635864257812 291.94305419921875 661.5189208984375 291.94305419921875 661.5189208984375 466.44248962402344 592.8635864257812 466.44248962402344
595.984375 292.96234130859375 664.0465698242188 292.96234130859375 664.0465698242188 465.95420837402344 595.984375 465.95420837402344
595.6090087890625 294.3835754394531 662.8217620849609 294.3835754394531 662.8217620849609 465.21644592285156 595.6090087890625 465.21644592285156
597.3282470703125 293.8664245605469 664.2360610961914 293.8664245605469 664.2360610961914 463.9242248535156 597.3282470703125 463.9242248535156
594.6534423828125 291.23968505859375 662.0649642944336 291.23968505859375 662.0649642944336 462.5777282714844 594.6534423828125 462.5777282714844
595.81591796875 293.47235107421875 664.6382446289062 293.47235107421875 664.6382446289062 468.3962097167969 595.81591796875 468.3962097167969
596.0057983398438 290.0503234863281 665.1936569213867 290.0503234863281 665.1936569213867 465.90325927734375 596.0057983398438 465.90325927734375
600.406005859375 293.54852294921875 669.0478973388672 293.54852294921875 669.0478973388672 468.01377868652344 600.406005859375 468.01377868652344
599.9405517578125 290.94024658203125 668.9454803466797 290.94024658203125 668.9454803466797 466.3282165527344 599.9405517578125 466.3282165527344
597.8021240234375 285.85418701171875 667.5139083862305 285.85418701171875 667.5139083862305 463.03875732421875 597.8021240234375 463.03875732421875
597.7428588867188 286.37811279296875 668.1899566650391 286.37811279296875 668.1899566650391 465.4316101074219 597.7428588867188 465.4316101074219
597.5670166015625 292.04376220703125 667.7094116210938 292.04376220703125 667.7094116210938 470.3227996826172 597.5670166015625 470.3227996826172
597.490234375 289.8051452636719 667.6857452392578 289.8051452636719 667.6857452392578 468.2192077636719 597.490234375 468.2192077636719
596.1713256835938 285.2996826171875 666.5896759033203 285.2996826171875 666.5896759033203 464.2801208496094 596.1713256835938 464.2801208496094
600.577880859375 283.63165283203125 670.7686614990234 283.63165283203125 670.7686614990234 462.03370666503906 600.577880859375 462.03370666503906
598.7686157226562 285.0632629394531 668.8146743774414 285.0632629394531 668.8146743774414 463.09747314453125 598.7686157226562 463.09747314453125
599.0318603515625 289.39483642578125 665.603401184082 289.39483642578125 665.603401184082 461.0291442871094 599.0318603515625 461.0291442871094
598.1922607421875 292.425537109375 667.7481231689453 292.425537109375 667.7481231689453 469.2138214111328 598.1922607421875 469.2138214111328
601.2899780273438 290.9640808105469 664.5830078125 290.9640808105469 664.5830078125 456.155517578125 601.2899780273438 456.155517578125
604.6179809570312 300.71710205078125 661.9265060424805 300.71710205078125 661.9265060424805 448.5392303466797 604.6179809570312 448.5392303466797
602.0513305664062 294.39495849609375 665.4368896484375 294.39495849609375 665.4368896484375 456.89776611328125 602.0513305664062 456.89776611328125
600.0494384765625 290.177978515625 669.8603591918945 290.177978515625 669.8603591918945 467.61451721191406 600.0494384765625 467.61451721191406
600.7744140625 297.3435363769531 664.5946769714355 297.3435363769531 664.5946769714355 459.5761260986328 600.7744140625 459.5761260986328
601.9368286132812 294.76177978515625 669.7177352905273 294.76177978515625 669.7177352905273 466.4321594238281 601.9368286132812 466.4321594238281
608.2980346679688 300.21466064453125 673.1775817871094 300.21466064453125 673.1775817871094 461.9848327636719 608.2980346679688 461.9848327636719
608.9893188476562 298.90313720703125 673.6099472045898 298.90313720703125 673.6099472045898 460.66896057128906 608.9893188476562 460.66896057128906
607.6912841796875 292.2716979980469 677.9242248535156 292.2716979980469 677.9242248535156 470.78089904785156 607.6912841796875 470.78089904785156
607.9596557617188 296.6643371582031 672.5350112915039 296.6643371582031 672.5350112915039 459.76947021484375 607.9596557617188 459.76947021484375
602.8695678710938 291.2039794921875 673.2518920898438 291.2039794921875 673.2518920898438 470.0928649902344 602.8695678710938 470.0928649902344
606.9560546875 297.67584228515625 671.7358016967773 297.67584228515625 671.7358016967773 462.56361389160156 606.9560546875 462.56361389160156
606.6025390625 305.3492736816406 661.3369636535645 305.3492736816406 661.3369636535645 447.64442443847656 606.6025390625 447.64442443847656
606.142578125 300.75213623046875 666.9578056335449 300.75213623046875 666.9578056335449 457.4917297363281 606.142578125 457.4917297363281
601.6322021484375 294.8358459472656 665.4010848999023 294.8358459472656 665.4010848999023 460.93443298339844 601.6322021484375 460.93443298339844
600.2706298828125 292.5009460449219 666.3192291259766 292.5009460449219 666.3192291259766 463.2914276123047 600.2706298828125 463.2914276123047
603.6890258789062 294.9877014160156 669.8314361572266 294.9877014160156 669.8314361572266 465.0404510498047 603.6890258789062 465.0404510498047
602.099609375 290.57305908203125 671.9708862304688 290.57305908203125 671.9708862304688 468.16302490234375 602.099609375 468.16302490234375
605.5855712890625 292.34869384765625 672.8208160400391 292.34869384765625 672.8208160400391 464.3730926513672 605.5855712890625 464.3730926513672
603.782958984375 284.2619323730469 674.2956314086914 284.2619323730469 674.2956314086914 463.48211669921875 603.782958984375 463.48211669921875
604.6170654296875 289.796630859375 675.3635101318359 289.796630859375 675.3635101318359 469.61097717285156 604.6170654296875 469.61097717285156
602.1124267578125 299.3123474121094 662.5969314575195 299.3123474121094 662.5969314575195 456.1654510498047 602.1124267578125 456.1654510498047
600.716064453125 294.3312072753906 667.9088745117188 294.3312072753906 667.9088745117188 466.0863037109375 600.716064453125 466.0863037109375
602.7236938476562 298.24359130859375 669.4073944091797 298.24359130859375 669.4073944091797 466.30360412597656 602.7236938476562 466.30360412597656
607.1993408203125 302.172119140625 669.2650260925293 302.172119140625 669.2650260925293 451.05238342285156 607.1993408203125 451.05238342285156
610.491455078125 300.1971435546875 675.2399749755859 300.1971435546875 675.2399749755859 460.7381286621094 610.491455078125 460.7381286621094
611.6044921875 293.9410705566406 677.9747772216797 293.9410705566406 677.9747772216797 461.931396484375 611.6044921875 461.931396484375
617.0017700195312 303.0408630371094 677.95947265625 303.0408630371094 677.95947265625 458.0862274169922 617.0017700195312 458.0862274169922
620.5081787109375 303.23211669921875 679.0253067016602 303.23211669921875 679.0253067016602 456.30543518066406 620.5081787109375 456.30543518066406
622.2218017578125 298.20135498046875 687.405143737793 298.20135498046875 687.405143737793 467.06834411621094 622.2218017578125 467.06834411621094
623.6788330078125 293.7826232910156 692.1527099609375 293.7826232910156 692.1527099609375 469.6067352294922 623.6788330078125 469.6067352294922
621.6799926757812 300.48431396484375 684.4844741821289 300.48431396484375 684.4844741821289 462.0900421142578 621.6799926757812 462.0900421142578
624.9192504882812 294.27288818359375 692.0383148193359 294.27288818359375 692.0383148193359 467.9230499267578 624.9192504882812 467.9230499267578
623.0477905273438 287.8492126464844 698.1560974121094 287.8492126464844 698.1560974121094 478.75 623.0477905273438 478.75
620.6563720703125 284.9321594238281 695.0535202026367 284.9321594238281 695.0535202026367 474.02540588378906 620.6563720703125 474.02540588378906
624.3088989257812 289.84393310546875 698.2498245239258 289.84393310546875 698.2498245239258 477.7776184082031 624.3088989257812 477.7776184082031
628.8079833984375 291.03497314453125 703.254768371582 291.03497314453125 703.254768371582 480.25439453125 628.8079833984375 480.25439453125
628.5986328125 288.3946228027344 703.6366653442383 288.3946228027344 703.6366653442383 479.1168212890625 628.5986328125 479.1168212890625
631.2698974609375 291.54315185546875 706.2973556518555 291.54315185546875 706.2973556518555 482.2384948730469 631.2698974609375 482.2384948730469
633.6776123046875 290.8390197753906 707.9098663330078 290.8390197753906 707.9098663330078 479.5132293701172 633.6776123046875 479.5132293701172
631.7276000976562 291.5688781738281 706.5032119750977 291.5688781738281 706.5032119750977 481.6241455078125 631.7276000976562 481.6241455078125
637.3629150390625 288.63763427734375 711.2257308959961 288.63763427734375 711.2257308959961 476.3728790283203 637.3629150390625 476.3728790283203
636.477783203125 288.68084716796875 711.2182006835938 288.68084716796875 711.2182006835938 478.64666748046875 636.477783203125 478.64666748046875
638.6615600585938 291.30865478515625 711.0393753051758 291.30865478515625 711.0393753051758 473.52032470703125 638.6615600585938 473.52032470703125
641.0303955078125 294.61859130859375 710.8087310791016 294.61859130859375 710.8087310791016 468.33860778808594 641.0303955078125 468.33860778808594
646.1002197265625 291.68475341796875 719.7655029296875 291.68475341796875 719.7655029296875 476.6918640136719 646.1002197265625 476.6918640136719
647.2059326171875 285.14630126953125 724.6980743408203 285.14630126953125 724.6980743408203 482.1061248779297 647.2059326171875 482.1061248779297
650.8944702148438 286.570068359375 726.9060363769531 286.570068359375 726.9060363769531 480.11314392089844 650.8944702148438 480.11314392089844
650.8741455078125 279.79730224609375 729.6146392822266 279.79730224609375 729.6146392822266 479.93003845214844 650.8741455078125 479.93003845214844
654.8207397460938 287.54571533203125 730.2727203369141 287.54571533203125 730.2727203369141 479.1925964355469 654.8207397460938 479.1925964355469
652.4314575195312 281.85888671875 732.517692565918 281.85888671875 732.517692565918 485.4120635986328 652.4314575195312 485.4120635986328
649.8543090820312 285.0096740722656 729.8496856689453 285.0096740722656 729.8496856689453 488.3319091796875 649.8543090820312 488.3319091796875
654.1017456054688 286.2451171875 729.2524261474609 286.2451171875 729.2524261474609 480.3220672607422 654.1017456054688 480.3220672607422
653.444091796875 285.16436767578125 732.493537902832 285.16436767578125 732.493537902832 486.0823059082031 653.444091796875 486.0823059082031
655.1268310546875 284.7789001464844 730.5472717285156 284.7789001464844 730.5472717285156 480.5950927734375 655.1268310546875 480.5950927734375
655.1207885742188 282.4422302246094 734.1023254394531 282.4422302246094 734.1023254394531 483.18756103515625 655.1207885742188 483.18756103515625
658.554931640625 285.02813720703125 737.5805053710938 285.02813720703125 737.5805053710938 485.88539123535156 658.554931640625 485.88539123535156
660.2350463867188 280.24224853515625 739.82666015625 280.24224853515625 739.82666015625 482.53819274902344 660.2350463867188 482.53819274902344
666.5220336914062 286.4007263183594 739.0572662353516 286.4007263183594 739.0572662353516 472.14308166503906 666.5220336914062 472.14308166503906
667.9375610351562 277.5128479003906 749.0730819702148 277.5128479003906 749.0730819702148 483.73289489746094 667.9375610351562 483.73289489746094
669.9320068359375 271.5528259277344 751.8414764404297 271.5528259277344 751.8414764404297 479.74000549316406 669.9320068359375 479.74000549316406
675.7101440429688 279.45611572265625 755.1548538208008 279.45611572265625 755.1548538208008 480.87120056152344 675.7101440429688 480.87120056152344
680.1763916015625 283.3055725097656 754.8493499755859 283.3055725097656 754.8493499755859 475.56407165527344 680.1763916015625 475.56407165527344
679.3519897460938 277.8028869628906 757.7206878662109 277.8028869628906 757.7206878662109 478.99066162109375 679.3519897460938 478.99066162109375
682.1614990234375 283.678955078125 756.6631240844727 283.678955078125 756.6631240844727 474.9853210449219 682.1614990234375 474.9853210449219
686.2811279296875 288.9587097167969 758.0256652832031 288.9587097167969 758.0256652832031 470.3792724609375 686.2811279296875 470.3792724609375
686.9995727539062 277.8480529785156 770.31201171875 277.8480529785156 770.31201171875 489.60107421875 686.9995727539062 489.60107421875
690.7869873046875 281.3345947265625 767.4555206298828 281.3345947265625 767.4555206298828 475.5112609863281 690.7869873046875 475.5112609863281
691.7254638671875 275.4499206542969 775.0853729248047 275.4499206542969 775.0853729248047 487.3235778808594 691.7254638671875 487.3235778808594
696.2935791015625 277.68096923828125 775.5365219116211 277.68096923828125 775.5365219116211 478.1627960205078 696.2935791015625 478.1627960205078
703.7244873046875 275.73193359375 780.8665313720703 275.73193359375 780.8665313720703 471.4895935058594 703.7244873046875 471.4895935058594
703.6373291015625 282.367919921875 783.5455703735352 282.367919921875 783.5455703735352 485.46852111816406 703.6373291015625 485.46852111816406
711.1123046875 293.5802917480469 781.7991485595703 293.5802917480469 781.7991485595703 470.0910186767578 711.1123046875 470.0910186767578
712.2752685546875 287.0472717285156 789.3368911743164 287.0472717285156 789.3368911743164 482.79388427734375 712.2752685546875 482.79388427734375
712.719482421875 278.80499267578125 792.6182861328125 278.80499267578125 792.6182861328125 481.88157653808594 712.719482421875 481.88157653808594
713.6639404296875 281.4929504394531 792.8969039916992 281.4929504394531 792.8969039916992 482.87718200683594 713.6639404296875 482.87718200683594
710.66650390625 284.148193359375 790.3634414672852 284.148193359375 790.3634414672852 486.7117156982422 710.66650390625 486.7117156982422
712.7863159179688 274.23101806640625 792.7496337890625 274.23101806640625 792.7496337890625 477.4715881347656 712.7863159179688 477.4715881347656
713.5076904296875 282.0538635253906 793.9768142700195 282.0538635253906 793.9768142700195 486.58001708984375 713.5076904296875 486.58001708984375
719.6853637695312 278.5465087890625 799.6955108642578 278.5465087890625 799.6955108642578 481.9060974121094 719.6853637695312 481.9060974121094
718.0737915039062 276.71466064453125 798.5329971313477 276.71466064453125 798.5329971313477 481.21559143066406 718.0737915039062 481.21559143066406
724.04931640625 285.8810119628906 796.5332565307617 285.8810119628906 796.5332565307617 471.8454895019531 724.04931640625 471.8454895019531
722.9924926757812 274.83428955078125 802.8951187133789 274.83428955078125 802.8951187133789 477.9205627441406 722.9924926757812 477.9205627441406
723.2642822265625 280.9814758300781 796.1232452392578 280.9814758300781 796.1232452392578 469.1717834472656 723.2642822265625 469.1717834472656
724.4881591796875 280.537841796875 804.6212310791016 280.537841796875 804.6212310791016 484.20985412597656 724.4881591796875 484.20985412597656
724.233154296875 282.6631164550781 803.5397491455078 282.6631164550781 803.5397491455078 484.2344970703125 724.233154296875 484.2344970703125
724.7511596679688 278.97235107421875 803.4559936523438 278.97235107421875 803.4559936523438 479.0142517089844 724.7511596679688 479.0142517089844
729.61083984375 284.6641845703125 807.4558944702148 284.6641845703125 807.4558944702148 482.5208282470703 729.61083984375 482.5208282470703
735.4522705078125 281.8481750488281 812.4450912475586 281.8481750488281 812.4450912475586 477.5387268066406 735.4522705078125 477.5387268066406
737.9680786132812 287.8584289550781 811.8054504394531 287.8584289550781 811.8054504394531 477.53944396972656 737.9680786132812 477.53944396972656
739.4817504882812 283.55133056640625 816.6007919311523 283.55133056640625 816.6007919311523 479.5626983642578 739.4817504882812 479.5626983642578
742.5130615234375 283.56658935546875 820.3524932861328 283.56658935546875 820.3524932861328 481.408935546875 742.5130615234375 481.408935546875
745.0138549804688 281.80126953125 822.587028503418 281.80126953125 822.587028503418 478.9668731689453 745.0138549804688 478.9668731689453
747.8773803710938 282.07464599609375 825.0653381347656 282.07464599609375 825.0653381347656 478.2611541748047 747.8773803710938 478.2611541748047
751.1572265625 282.0227966308594 826.8242340087891 282.0227966308594 826.8242340087891 474.34356689453125 751.1572265625 474.34356689453125
753.4468994140625 283.7223205566406 828.7869873046875 283.7223205566406 828.7869873046875 475.212158203125 753.4468994140625 475.212158203125
757.7661743164062 287.05865478515625 832.9989624023438 287.05865478515625 832.9989624023438 478.27577209472656 757.7661743164062 478.27577209472656
759.3348999023438 286.89837646484375 834.6903991699219 286.89837646484375 834.6903991699219 478.4273986816406 759.3348999023438 478.4273986816406
759.9720458984375 284.874755859375 835.2709197998047 284.874755859375 835.2709197998047 476.2598571777344 759.9720458984375 476.2598571777344
762.9364624023438 281.3608703613281 839.1729965209961 281.3608703613281 839.1729965209961 475.12921142578125 762.9364624023438 475.12921142578125
766.9527587890625 291.68780517578125 838.8841323852539 291.68780517578125 838.8841323852539 474.63938903808594 766.9527587890625 474.63938903808594
769.2060546875 290.80047607421875 838.6548614501953 290.80047607421875 838.6548614501953 467.36865234375 769.2060546875 467.36865234375
767.3777465820312 285.81585693359375 843.440185546875 285.81585693359375 843.440185546875 479.14166259765625 767.3777465820312 479.14166259765625
769.7503662109375 285.27911376953125 845.8802032470703 285.27911376953125 845.8802032470703 478.7762145996094 769.7503662109375 478.7762145996094
769.4766235351562 284.04547119140625 846.8903198242188 284.04547119140625 846.8903198242188 480.80572509765625 769.4766235351562 480.80572509765625
768.4011840820312 281.603271484375 845.8366088867188 281.603271484375 845.8366088867188 478.4187316894531 768.4011840820312 478.4187316894531
769.0855712890625 283.0692443847656 846.2293243408203 283.0692443847656 846.2293243408203 479.1433868408203 769.0855712890625 479.1433868408203
766.6050415039062 283.92620849609375 844.0143203735352 283.92620849609375 844.0143203735352 480.6752166748047 766.6050415039062 480.6752166748047
770.6393432617188 283.0829162597656 847.6528778076172 283.0829162597656 847.6528778076172 478.8260498046875 770.6393432617188 478.8260498046875
770.6943359375 283.7116394042969 847.202995300293 283.7116394042969 847.202995300293 478.1715545654297 770.6943359375 478.1715545654297
772.1782836914062 284.12176513671875 848.6278076171875 284.12176513671875 848.6278076171875 478.4313659667969 772.1782836914062 478.4313659667969
771.9873657226562 286.03094482421875 848.1106109619141 286.03094482421875 848.1106109619141 479.5112609863281 771.9873657226562 479.5112609863281
774.0198364257812 287.89288330078125 846.4131698608398 287.89288330078125 846.4131698608398 475.7088317871094 774.0198364257812 475.7088317871094
775.9650268554688 286.52099609375 851.4337158203125 286.52099609375 851.4337158203125 478.337646484375 775.9650268554688 478.337646484375
780.4517211914062 287.95513916015625 851.8601150512695 287.95513916015625 851.8601150512695 472.3709411621094 780.4517211914062 472.3709411621094
780.8688354492188 285.08343505859375 856.0015563964844 285.08343505859375 856.0015563964844 476.04615783691406 780.8688354492188 476.04615783691406
784.6614379882812 286.82379150390625 859.7442779541016 286.82379150390625 859.7442779541016 477.6597595214844 784.6614379882812 477.6597595214844
786.95458984375 287.74554443359375 862.2842330932617 287.74554443359375 862.2842330932617 479.2088165283203 786.95458984375 479.2088165283203
790.9874877929688 286.353515625 865.3033065795898 286.353515625 865.3033065795898 475.2399597167969 790.9874877929688 475.2399597167969
798.2899169921875 293.25543212890625 868.8728637695312 293.25543212890625 868.8728637695312 472.8927764892578 798.2899169921875 472.8927764892578
799.9924926757812 288.13787841796875 873.2344436645508 288.13787841796875 873.2344436645508 474.2948913574219 799.9924926757812 474.2948913574219
797.8345947265625 287.82330322265625 872.0188369750977 287.82330322265625 872.0188369750977 476.3752899169922 797.8345947265625 476.3752899169922
798.9384155273438 286.19915771484375 873.5765838623047 286.19915771484375 873.5765838623047 475.9048767089844 798.9384155273438 475.9048767089844
802.7501831054688 287.68902587890625 877.2306976318359 287.68902587890625 877.2306976318359 476.9940490722656 802.7501831054688 476.9940490722656
802.6590576171875 284.71832275390625 877.0890960693359 284.71832275390625 877.0890960693359 473.8950500488281 802.6590576171875 473.8950500488281
799.4597778320312 283.5921325683594 874.0248870849609 283.5921325683594 874.0248870849609 473.1121520996094 799.4597778320312 473.1121520996094
801.6514892578125 287.1346740722656 876.3369522094727 287.1346740722656 876.3369522094727 476.9606018066406 801.6514892578125 476.9606018066406
802.3687744140625 285.5784606933594 877.9949188232422 285.5784606933594 877.9949188232422 477.79530334472656 802.3687744140625 477.79530334472656
804.5634155273438 287.94439697265625 878.7859649658203 287.94439697265625 878.7859649658203 476.5937805175781 804.5634155273438 476.5937805175781
801.8040771484375 287.78265380859375 876.1727447509766 287.78265380859375 876.1727447509766 476.8034210205078 801.8040771484375 476.8034210205078
802.9962158203125 287.336181640625 877.6763610839844 287.336181640625 877.6763610839844 477.1486358642578 802.9962158203125 477.1486358642578
803.1157836914062 287.0067138671875 875.9612884521484 287.0067138671875 875.9612884521484 472.1560974121094 803.1157836914062 472.1560974121094
803.397216796875 285.7244873046875 876.7745895385742 285.7244873046875 876.7745895385742 472.2257080078125 803.397216796875 472.2257080078125
804.8012084960938 282.88055419921875 877.7730255126953 282.88055419921875 877.7730255126953 468.3509826660156 804.8012084960938 468.3509826660156
803.49951171875 289.8233337402344 875.8346786499023 289.8233337402344 875.8346786499023 473.67559814453125 803.49951171875 473.67559814453125
804.7763671875 289.73370361328125 876.4335861206055 289.73370361328125 876.4335861206055 471.86285400390625 804.7763671875 471.86285400390625
804.0184936523438 289.4676513671875 876.2519989013672 289.4676513671875 876.2519989013672 473.0615539550781 804.0184936523438 473.0615539550781
803.5596923828125 290.45794677734375 874.5781936645508 290.45794677734375 874.5781936645508 470.9637145996094 803.5596923828125 470.9637145996094
803.8215942382812 289.5636901855469 876.264762878418 289.5636901855469 876.264762878418 473.69049072265625 803.8215942382812 473.69049072265625
806.5274658203125 290.31451416015625 878.0509262084961 290.31451416015625 878.0509262084961 472.10369873046875 806.5274658203125 472.10369873046875
806.8138427734375 292.81280517578125 879.2372589111328 292.81280517578125 879.2372589111328 476.8893737792969 806.8138427734375 476.8893737792969
812.8717041015625 293.687255859375 878.0966339111328 293.687255859375 878.0966339111328 463.76841735839844 812.8717041015625 463.76841735839844
813.9364013671875 297.4326171875 881.5039291381836 297.4326171875 881.5039291381836 470.3079833984375 813.9364013671875 470.3079833984375
818.4646606445312 304.6002197265625 879.044506072998 304.6002197265625 879.044506072998 461.6234588623047 818.4646606445312 461.6234588623047
822.3597412109375 302.6563415527344 884.1825370788574 302.6563415527344 884.1825370788574 461.4761199951172 822.3597412109375 461.4761199951172
828.4347534179688 306.1360778808594 883.5183296203613 306.1360778808594 883.5183296203613 449.3922119140625 828.4347534179688 449.3922119140625
830.1376953125 295.6219482421875 897.0789260864258 295.6219482421875 897.0789260864258 466.5299377441406 830.1376953125 466.5299377441406
834.6539916992188 302.1004943847656 891.7743911743164 302.1004943847656 891.7743911743164 452.75718688964844 834.6539916992188 452.75718688964844
832.7994995117188 287.8426818847656 902.5003967285156 287.8426818847656 902.5003967285156 464.9994659423828 832.7994995117188 464.9994659423828
832.1741943359375 291.04644775390625 901.6337661743164 291.04644775390625 901.6337661743164 467.58985900878906 832.1741943359375 467.58985900878906
833.9109497070312 291.9208068847656 903.4545364379883 291.9208068847656 903.4545364379883 468.67774963378906 833.9109497070312 468.67774963378906
831.5714721679688 290.4057312011719 901.5173187255859 290.4057312011719 901.5173187255859 468.1851043701172 831.5714721679688 468.1851043701172
832.4306640625 286.03643798828125 904.6185150146484 286.03643798828125 904.6185150146484 469.5142517089844 832.4306640625 469.5142517089844
830.9329833984375 287.7080383300781 903.5021209716797 287.7080383300781 903.5021209716797 472.1549377441406 830.9329833984375 472.1549377441406
830.3587646484375 287.2674865722656 902.7269668579102 287.2674865722656 902.7269668579102 471.20367431640625 830.3587646484375 471.20367431640625
830.1295166015625 288.9942321777344 902.8416900634766 288.9942321777344 902.8416900634766 473.80470275878906 830.1295166015625 473.80470275878906
828.12158203125 292.2779846191406 900.0596771240234 292.2779846191406 900.0596771240234 475.1210174560547 828.12158203125 475.1210174560547
829.2950439453125 289.81231689453125 901.8712158203125 289.81231689453125 901.8712158203125 474.2771301269531 829.2950439453125 474.2771301269531
829.08203125 295.685791015625 897.9644317626953 295.685791015625 897.9644317626953 472.7469482421875 829.08203125 472.7469482421875
829.41357421875 291.5526428222656 902.2133941650391 291.5526428222656 902.2133941650391 476.5858917236328 829.41357421875 476.5858917236328
829.7093505859375 289.57501220703125 903.0402603149414 289.57501220703125 903.0402603149414 475.9580993652344 829.7093505859375 475.9580993652344
832.32568359375 293.6297912597656 901.4939117431641 293.6297912597656 901.4939117431641 471.10105895996094 832.32568359375 471.10105895996094
829.0421752929688 290.88116455078125 904.0364837646484 290.88116455078125 904.0364837646484 481.4920349121094 829.0421752929688 481.4920349121094
828.5437622070312 289.5003356933594 904.0888519287109 289.5003356933594 904.0888519287109 481.5111083984375 828.5437622070312 481.5111083984375
829.4403076171875 290.27093505859375 904.8575057983398 290.27093505859375 904.8575057983398 481.9566345214844 829.4403076171875 481.9566345214844
833.3548583984375 297.11865234375 902.9305877685547 297.11865234375 902.9305877685547 476.9854431152344 833.3548583984375 476.9854431152344
827.3541870117188 292.39422607421875 903.8328399658203 292.39422607421875 903.8328399658203 486.77777099609375 827.3541870117188 486.77777099609375
835.1173706054688 290.6346130371094 909.8292388916016 290.6346130371094 909.8292388916016 480.5275573730469 835.1173706054688 480.5275573730469
841.7222900390625 299.022216796875 906.9468383789062 299.022216796875 906.9468383789062 465.9232177734375 841.7222900390625 465.9232177734375
836.5167236328125 291.8155212402344 908.4287109375 291.8155212402344 908.4287109375 474.95599365234375 836.5167236328125 474.95599365234375
841.1783447265625 290.17999267578125 913.0224304199219 290.17999267578125 913.0224304199219 472.8589782714844 841.1783447265625 472.8589782714844
846.5836181640625 303.95318603515625 909.2890090942383 303.95318603515625 909.2890090942383 460.8460388183594 846.5836181640625 460.8460388183594
846.34619140625 294.9811096191406 918.0315399169922 294.9811096191406 918.0315399169922 478.77935791015625 846.34619140625 478.77935791015625
852.0182495117188 303.7855529785156 920.7939605712891 303.7855529785156 920.7939605712891 481.5629425048828 852.0182495117188 481.5629425048828
867.9505615234375 321.2456970214844 930.954761505127 321.2456970214844 930.954761505127 473.384033203125 867.9505615234375 473.384033203125
884.9002685546875 318.74945068359375 948.4726448059082 318.74945068359375 948.4726448059082 472.90003967285156 884.9002685546875 472.90003967285156
888.0413818359375 304.0756530761719 958.9999237060547 304.0756530761719 958.9999237060547 484.4288635253906 888.0413818359375 484.4288635253906
886.767578125 391.40924072265625 958.9999160766602 391.40924072265625 958.9999160766602 575.0000152587891 886.767578125 575.0000152587891
888.1578369140625 394.9425048828125 959.0000381469727 394.9425048828125 959.0000381469727 575.0 888.1578369140625 575.0
887.2364501953125 392.60064697265625 959.0000457763672 392.60064697265625 959.0000457763672 575.0000152587891 887.2364501953125 575.0000152587891
887.8248291015625 394.09625244140625 958.9999847412109 394.09625244140625 958.9999847412109 574.9999847412109 887.8248291015625 574.9999847412109
876.7068481445312 326.12994384765625 947.1191558837891 326.12994384765625 947.1191558837891 505.0947570800781 876.7068481445312 505.0947570800781
889.35791015625 290.4410400390625 959.0000076293945 290.4410400390625 959.0000076293945 467.44822692871094 889.35791015625 467.44822692871094
890.44580078125 297.35528564453125 958.9999847412109 297.35528564453125 958.9999847412109 471.59735107421875 890.44580078125 471.59735107421875
891.8679809570312 295.66961669921875 959.0000991821289 295.66961669921875 959.0000991821289 466.2972717285156 891.8679809570312 466.2972717285156
891.5057373046875 297.60748291015625 959.0000152587891 297.60748291015625 959.0000152587891 469.1556091308594 891.5057373046875 469.1556091308594
784.7677001953125 294.09613037109375 851.7654876708984 294.09613037109375 851.7654876708984 464.38233947753906 784.7677001953125 464.38233947753906
780.2156372070312 290.914306640625 846.5773696899414 290.914306640625 846.5773696899414 459.5838623046875 780.2156372070312 459.5838623046875
804.7587890625 288.6619567871094 870.2751693725586 288.6619567871094 870.2751693725586 455.1829071044922 804.7587890625 455.1829071044922
799.8451538085938 221.88034057617188 865.1601333618164 221.88034057617188 865.1601333618164 387.88938903808594 799.8451538085938 387.88938903808594
834.6187744140625 189.08505249023438 899.6332092285156 189.08505249023438 899.6332092285156 354.3302307128906 834.6187744140625 354.3302307128906
843.7186279296875 54.239288330078125 907.3141059875488 54.239288330078125 907.3141059875488 215.87796020507812 843.7186279296875 215.87796020507812
875.69873046875 32.54248046875 939.3577995300293 32.54248046875 939.3577995300293 194.3427734375 875.69873046875 194.3427734375
894.8898315429688 9.967785835266113 959.0 9.967785835266113 959.0 172.91463947296143 894.8898315429688 172.91463947296143
895.1273193359375 9.11677074432373 958.9999885559082 9.11677074432373 958.9999885559082 171.45997142791748 895.1273193359375 171.45997142791748
895.7164916992188 9.410896301269531 958.9999771118164 9.410896301269531 958.9999771118164 170.25658416748047 895.7164916992188 170.25658416748047
849.3389892578125 51.75468063354492 911.8076782226562 51.75468063354492 911.8076782226562 210.5294303894043 849.3389892578125 210.5294303894043
871.8822021484375 28.851062774658203 933.6540031433105 28.851062774658203 933.6540031433105 185.85455703735352 871.8822021484375 185.85455703735352
859.3375244140625 27.86678123474121 921.4233627319336 27.86678123474121 921.4233627319336 185.6684627532959 859.3375244140625 185.6684627532959
848.4323120117188 49.141014099121094 909.4476509094238 49.141014099121094 909.4476509094238 204.2218246459961 848.4323120117188 204.2218246459961
888.6624755859375 24.59322738647461 947.9316291809082 24.59322738647461 947.9316291809082 175.23583602905273 888.6624755859375 175.23583602905273
845.9681396484375 115.38584899902344 905.5380249023438 115.38584899902344 905.5380249023438 266.7928161621094 845.9681396484375 266.7928161621094
792.3182373046875 204.5266571044922 851.6738700866699 204.5266571044922 851.6738700866699 355.3890686035156 792.3182373046875 355.3890686035156
816.052001953125 285.9949645996094 875.5291633605957 285.9949645996094 875.5291633605957 437.166259765625 816.052001953125 437.166259765625
812.6734619140625 303.694091796875 863.4973983764648 303.694091796875 863.4973983764648 434.8594055175781 812.6734619140625 434.8594055175781
809.8580322265625 302.76348876953125 860.388256072998 302.76348876953125 860.388256072998 430.69937896728516 809.8580322265625 430.69937896728516
809.9158935546875 299.0240173339844 861.8108024597168 299.0240173339844 861.8108024597168 430.1290740966797 809.9158935546875 430.1290740966797
811.8175659179688 300.64385986328125 862.7130813598633 300.64385986328125 862.7130813598633 427.84627532958984 811.8175659179688 427.84627532958984
813.6170043945312 301.9446716308594 863.549991607666 301.9446716308594 863.549991607666 425.7511444091797 813.6170043945312 425.7511444091797
809.4351806640625 301.9921875 861.3473701477051 301.9921875 861.3473701477051 425.38392639160156 809.4351806640625 425.38392639160156
811.5584716796875 301.7183532714844 864.2490005493164 301.7183532714844 864.2490005493164 425.99279022216797 811.5584716796875 425.99279022216797
809.3701171875 299.7170104980469 862.5087776184082 299.7170104980469 862.5087776184082 425.1772766113281 809.3701171875 425.1772766113281
809.5477294921875 301.5473937988281 861.4931259155273 301.5473937988281 861.4931259155273 423.4686737060547 809.5477294921875 423.4686737060547
810.1751708984375 300.6515808105469 861.0438613891602 300.6515808105469 861.0438613891602 422.2226867675781 810.1751708984375 422.2226867675781
811.7772216796875 301.32940673828125 861.9707679748535 301.32940673828125 861.9707679748535 422.99806213378906 811.7772216796875 422.99806213378906
810.1285400390625 299.2837829589844 860.7104377746582 299.2837829589844 860.7104377746582 419.7329635620117 810.1285400390625 419.7329635620117
814.1959838867188 298.2273864746094 863.5824661254883 298.2273864746094 863.5824661254883 417.6111297607422 814.1959838867188 417.6111297607422
815.6422729492188 298.23388671875 864.6588745117188 298.23388671875 864.6588745117188 419.2751235961914 815.6422729492188 419.2751235961914
817.3809814453125 301.6869201660156 865.7299728393555 301.6869201660156 865.7299728393555 418.8627243041992 817.3809814453125 418.8627243041992
821.8682861328125 301.6020202636719 871.3040809631348 301.6020202636719 871.3040809631348 422.7325134277344 821.8682861328125 422.7325134277344
826.4537353515625 300.5545349121094 876.7068138122559 300.5545349121094 876.7068138122559 423.34190368652344 826.4537353515625 423.34190368652344
833.3869018554688 299.4072265625 884.2115440368652 299.4072265625 884.2115440368652 423.1282501220703 833.3869018554688 423.1282501220703
833.95849609375 295.48553466796875 886.1102066040039 295.48553466796875 886.1102066040039 421.1410675048828 833.95849609375 421.1410675048828
841.3011474609375 301.96002197265625 889.1584281921387 301.96002197265625 889.1584281921387 423.50958251953125 841.3011474609375 423.50958251953125
842.2311401367188 306.0175476074219 890.876823425293 306.0175476074219 890.876823425293 424.7790985107422 842.2311401367188 424.7790985107422
835.9840087890625 299.28033447265625 887.8491592407227 299.28033447265625 887.8491592407227 423.02976989746094 835.9840087890625 423.02976989746094
834.8342895507812 297.90667724609375 885.3556098937988 297.90667724609375 885.3556098937988 422.6119613647461 834.8342895507812 422.6119613647461
870.3056640625 296.21856689453125 919.4270095825195 296.21856689453125 919.4270095825195 421.41622161865234 870.3056640625 421.41622161865234
898.2517700195312 289.1302795410156 948.7107391357422 289.1302795410156 948.7107391357422 415.94263458251953 898.2517700195312 415.94263458251953
892.23193359375 292.4794006347656 942.9655532836914 292.4794006347656 942.9655532836914 417.41075897216797 892.23193359375 417.41075897216797
888.20703125 294.5921936035156 938.0903167724609 294.5921936035156 938.0903167724609 417.24475860595703 888.20703125 417.24475860595703
883.5328979492188 299.34417724609375 934.2985916137695 299.34417724609375 934.2985916137695 418.1233139038086 883.5328979492188 418.1233139038086
880.1549072265625 299.23223876953125 931.4553718566895 299.23223876953125 931.4553718566895 420.7777099609375 880.1549072265625 420.7777099609375
881.9449462890625 298.6592712402344 932.5281600952148 298.6592712402344 932.5281600952148 422.26221466064453 881.9449462890625 422.26221466064453
877.67333984375 294.7895202636719 928.2422370910645 294.7895202636719 928.2422370910645 420.7996368408203 877.67333984375 420.7996368408203
872.4691162109375 294.2011413574219 924.0003280639648 294.2011413574219 924.0003280639648 418.6999053955078 872.4691162109375 418.6999053955078
873.9815673828125 294.2440490722656 926.3443298339844 294.2440490722656 926.3443298339844 418.6713104248047 873.9815673828125 418.6713104248047
873.1405029296875 294.9190368652344 926.5834884643555 294.9190368652344 926.5834884643555 418.4363098144531 873.1405029296875 418.4363098144531
869.5572509765625 290.83953857421875 924.0343437194824 290.83953857421875 924.0343437194824 417.3606414794922 869.5572509765625 417.3606414794922
869.1100463867188 292.4388732910156 923.0054740905762 292.4388732910156 923.0054740905762 417.5551300048828 869.1100463867188 417.5551300048828
869.0076293945312 290.484130859375 922.1336288452148 290.484130859375 922.1336288452148 416.87457275390625 869.0076293945312 416.87457275390625
869.1585693359375 289.4289855957031 921.0724182128906 289.4289855957031 921.0724182128906 416.9492874145508 869.1585693359375 416.9492874145508
866.8193359375 287.2664794921875 919.0051155090332 287.2664794921875 919.0051155090332 414.59136962890625 866.8193359375 414.59136962890625
868.6135864257812 289.90655517578125 919.0903129577637 289.90655517578125 919.0903129577637 414.12506103515625 868.6135864257812 414.12506103515625
864.4228515625 289.26629638671875 916.6010971069336 289.26629638671875 916.6010971069336 413.18907165527344 864.4228515625 413.18907165527344
864.4240112304688 288.2380065917969 916.025318145752 288.2380065917969 916.025318145752 414.7977828979492 864.4240112304688 414.7977828979492
866.3269653320312 290.0704650878906 917.0635108947754 290.0704650878906 917.0635108947754 415.77708435058594 866.3269653320312 415.77708435058594
859.9362182617188 287.5951232910156 911.7977905273438 287.5951232910156 911.7977905273438 414.5934143066406 859.9362182617188 414.5934143066406
859.40966796875 293.5008239746094 912.8553352355957 293.5008239746094 912.8553352355957 419.9934768676758 859.40966796875 419.9934768676758
851.6529541015625 294.994384765625 904.7563400268555 294.994384765625 904.7563400268555 420.57755279541016 851.6529541015625 420.57755279541016
849.7613525390625 295.26544189453125 903.9843940734863 295.26544189453125 903.9843940734863 420.759765625 849.7613525390625 420.759765625
847.7197265625 295.3635559082031 902.6205024719238 295.3635559082031 902.6205024719238 420.3702926635742 847.7197265625 420.3702926635742
848.2235107421875 295.6009826660156 901.7944412231445 295.6009826660156 901.7944412231445 420.3423538208008 848.2235107421875 420.3423538208008
846.90380859375 294.8326110839844 898.9247627258301 294.8326110839844 898.9247627258301 416.03356170654297 846.90380859375 416.03356170654297
846.3297119140625 296.4774475097656 899.5191955566406 296.4774475097656 899.5191955566406 417.1446228027344 846.3297119140625 417.1446228027344
840.5335693359375 296.6479187011719 895.3409805297852 296.6479187011719 895.3409805297852 417.4124298095703 840.5335693359375 417.4124298095703
846.2293090820312 299.3927307128906 899.0588264465332 299.3927307128906 899.0588264465332 416.00074768066406 846.2293090820312 416.00074768066406
835.7294921875 303.51434326171875 887.2374382019043 303.51434326171875 887.2374382019043 417.2371368408203 835.7294921875 417.2371368408203
838.7702026367188 279.93157958984375 894.2651557922363 279.93157958984375 894.2651557922363 420.98138427734375 838.7702026367188 420.98138427734375
838.2259521484375 304.51776123046875 887.3418998718262 304.51776123046875 887.3418998718262 418.22532653808594 838.2259521484375 418.22532653808594
835.6209106445312 302.531005859375 884.8748550415039 302.531005859375 884.8748550415039 417.7926788330078 835.6209106445312 417.7926788330078
835.09521484375 300.22894287109375 883.8694763183594 300.22894287109375 883.8694763183594 417.48238372802734 835.09521484375 417.48238372802734
831.1441650390625 279.6387634277344 888.151123046875 279.6387634277344 888.151123046875 424.5315856933594 831.1441650390625 424.5315856933594
840.1261596679688 300.89593505859375 889.2403106689453 300.89593505859375 889.2403106689453 415.4815444946289 840.1261596679688 415.4815444946289
833.9669799804688 301.4405212402344 884.3568725585938 301.4405212402344 884.3568725585938 416.6904983520508 833.9669799804688 416.6904983520508
869.2550048828125 290.8013000488281 920.5122375488281 290.8013000488281 920.5122375488281 413.95568084716797 869.2550048828125 413.95568084716797
855.2374877929688 294.80938720703125 905.9934883117676 294.80938720703125 905.9934883117676 414.63639068603516 855.2374877929688 414.63639068603516
879.6370239257812 288.7657775878906 927.679515838623 288.7657775878906 927.679515838623 411.2024383544922 879.6370239257812 411.2024383544922
872.9915161132812 291.09014892578125 919.3013114929199 291.09014892578125 919.3013114929199 411.2109603881836 872.9915161132812 411.2109603881836
872.5984497070312 289.48797607421875 919.3286552429199 289.48797607421875 919.3286552429199 410.211181640625 872.5984497070312 410.211181640625
871.7989501953125 291.84454345703125 918.1338539123535 291.84454345703125 918.1338539123535 410.4182586669922 871.7989501953125 410.4182586669922
870.99267578125 290.803955078125 918.7523765563965 290.803955078125 918.7523765563965 412.3402328491211 870.99267578125 412.3402328491211
873.0558471679688 293.6310729980469 920.0611381530762 293.6310729980469 920.0611381530762 411.60279083251953 873.0558471679688 411.60279083251953
869.6544189453125 290.430908203125 916.6808891296387 290.430908203125 916.6808891296387 412.8059310913086 869.6544189453125 412.8059310913086
867.7081909179688 288.99237060546875 912.4256401062012 288.99237060546875 912.4256401062012 411.76002502441406 867.7081909179688 411.76002502441406
868.9207153320312 292.48907470703125 911.9790840148926 292.48907470703125 911.9790840148926 411.3965301513672 868.9207153320312 411.3965301513672
870.7487182617188 295.7947692871094 913.4036483764648 295.7947692871094 913.4036483764648 412.32678985595703 870.7487182617188 412.32678985595703
868.7408447265625 297.446044921875 910.4909477233887 297.446044921875 910.4909477233887 410.67252349853516 868.7408447265625 410.67252349853516
869.7424926757812 299.5484924316406 911.5044937133789 299.5484924316406 911.5044937133789 409.7477264404297 869.7424926757812 409.7477264404297
861.52001953125 305.08221435546875 904.4446792602539 305.08221435546875 904.4446792602539 411.8120574951172 861.52001953125 411.8120574951172
859.7658081054688 302.6156921386719 903.7959175109863 302.6156921386719 903.7959175109863 411.5630187988281 859.7658081054688 411.5630187988281
887.2985229492188 303.60693359375 932.7348327636719 303.60693359375 932.7348327636719 411.214111328125 887.2985229492188 411.214111328125
897.9782104492188 303.84271240234375 943.4459915161133 303.84271240234375 943.4459915161133 411.00628662109375 897.9782104492188 411.00628662109375
898.96484375 306.00592041015625 943.0403785705566 306.00592041015625 943.0403785705566 410.62530517578125 898.96484375 410.62530517578125
899.5582275390625 303.26568603515625 943.7267608642578 303.26568603515625 943.7267608642578 411.13907623291016 899.5582275390625 411.13907623291016
901.57080078125 303.0006408691406 944.9204025268555 303.0006408691406 944.9204025268555 410.9331359863281 901.57080078125 410.9331359863281
903.1475830078125 301.1791687011719 947.1340026855469 301.1791687011719 947.1340026855469 412.2591857910156 903.1475830078125 412.2591857910156
902.0328369140625 300.63861083984375 946.30126953125 300.63861083984375 946.30126953125 411.87416076660156 902.0328369140625 411.87416076660156
900.7634887695312 280.8450622558594 953.2986831665039 280.8450622558594 953.2986831665039 414.3721160888672 900.7634887695312 414.3721160888672
885.3253173828125 299.93341064453125 930.3064765930176 299.93341064453125 930.3064765930176 409.45965576171875 885.3253173828125 409.45965576171875
896.9462890625 299.89337158203125 941.833065032959 299.89337158203125 941.833065032959 407.744140625 896.9462890625 407.744140625
894.6632080078125 302.0231018066406 940.1804885864258 302.0231018066406 940.1804885864258 408.0427551269531 894.6632080078125 408.0427551269531
888.5438232421875 299.66180419921875 935.6266632080078 299.66180419921875 935.6266632080078 407.97755432128906 888.5438232421875 407.97755432128906
869.6490478515625 280.99725341796875 922.826042175293 280.99725341796875 922.826042175293 416.1555633544922 869.6490478515625 416.1555633544922
882.69970703125 298.71014404296875 930.6018600463867 298.71014404296875 930.6018600463867 407.0103988647461 882.69970703125 407.0103988647461
880.3619384765625 298.4881286621094 928.8204650878906 298.4881286621094 928.8204650878906 406.7074890136719 880.3619384765625 406.7074890136719
880.6591796875 298.4250793457031 929.9491577148438 298.4250793457031 929.9491577148438 406.97642517089844 880.6591796875 406.97642517089844
878.06982421875 298.96923828125 926.8585739135742 298.96923828125 926.8585739135742 407.232421875 878.06982421875 407.232421875
880.2518310546875 300.3584289550781 928.0083656311035 300.3584289550781 928.0083656311035 407.2664337158203 880.2518310546875 407.2664337158203
877.48779296875 298.30621337890625 926.2969779968262 298.30621337890625 926.2969779968262 407.98177337646484 877.48779296875 407.98177337646484
875.5930786132812 295.6558532714844 925.7881355285645 295.6558532714844 925.7881355285645 407.3243865966797 875.5930786132812 407.3243865966797
875.8889770507812 295.5079040527344 926.6064224243164 295.5079040527344 926.6064224243164 407.5833206176758 875.8889770507812 407.5833206176758
875.0823974609375 299.4955139160156 925.4570808410645 299.4955139160156 925.4570808410645 408.4552764892578 875.0823974609375 408.4552764892578
873.5587158203125 299.24713134765625 924.880729675293 299.24713134765625 924.880729675293 408.38916015625 873.5587158203125 408.38916015625
875.6082153320312 300.7409362792969 925.2341003417969 300.7409362792969 925.2341003417969 409.03550720214844 875.6082153320312 409.03550720214844
875.4027099609375 298.9949035644531 924.8010406494141 298.9949035644531 924.8010406494141 408.8647155761719 875.4027099609375 408.8647155761719
870.11328125 302.0194396972656 918.3500671386719 302.0194396972656 918.3500671386719 410.11082458496094 870.11328125 410.11082458496094
880.7140502929688 300.2637634277344 932.147876739502 300.2637634277344 932.147876739502 409.61497497558594 880.7140502929688 409.61497497558594
892.4088134765625 298.6875915527344 948.2241706848145 298.6875915527344 948.2241706848145 406.45082092285156 892.4088134765625 406.45082092285156
892.5946044921875 297.73529052734375 948.0249252319336 297.73529052734375 948.0249252319336 407.00355529785156 892.5946044921875 407.00355529785156
895.3824462890625 297.9230651855469 950.3399467468262 297.9230651855469 950.3399467468262 406.1221008300781 895.3824462890625 406.1221008300781
889.453125 296.7018127441406 944.3298873901367 296.7018127441406 944.3298873901367 406.7062530517578 889.453125 406.7062530517578
886.92578125 274.0889587402344 942.7612915039062 274.0889587402344 942.7612915039062 416.0042724609375 886.92578125 416.0042724609375
892.7369995117188 293.0761413574219 948.3166007995605 293.0761413574219 948.3166007995605 407.55091857910156 892.7369995117188 407.55091857910156
895.8111572265625 294.3551940917969 951.3223876953125 294.3551940917969 951.3223876953125 409.2859344482422 895.8111572265625 409.2859344482422
889.0494995117188 293.74700927734375 942.4060668945312 293.74700927734375 942.4060668945312 410.14112854003906 889.0494995117188 410.14112854003906
885.9267578125 295.0843811035156 939.4125747680664 295.0843811035156 939.4125747680664 410.7357482910156 885.9267578125 410.7357482910156
883.3154296875 295.1429748535156 936.2003707885742 295.1429748535156 936.2003707885742 411.73865509033203 883.3154296875 411.73865509033203
877.6641845703125 294.2353515625 930.0859146118164 294.2353515625 930.0859146118164 412.6782989501953 877.6641845703125 412.6782989501953
881.4698486328125 294.6016540527344 934.055290222168 294.6016540527344 934.055290222168 411.9359817504883 881.4698486328125 411.9359817504883
880.4402465820312 293.29779052734375 932.9340705871582 293.29779052734375 932.9340705871582 410.9558334350586 880.4402465820312 410.9558334350586
878.2076416015625 293.11639404296875 930.2195014953613 293.11639404296875 930.2195014953613 412.59254455566406 878.2076416015625 412.59254455566406
882.8014526367188 294.45947265625 935.803150177002 294.45947265625 935.803150177002 412.88751220703125 882.8014526367188 412.88751220703125
885.0084228515625 295.5317077636719 936.7050285339355 295.5317077636719 936.7050285339355 411.8002624511719 885.0084228515625 411.8002624511719
875.8646240234375 295.7862548828125 926.2878456115723 295.7862548828125 926.2878456115723 410.07984924316406 875.8646240234375 410.07984924316406
890.9314575195312 299.5525817871094 940.6846885681152 299.5525817871094 940.6846885681152 409.0997619628906 890.9314575195312 409.0997619628906
888.7308349609375 298.4354553222656 938.5651779174805 298.4354553222656 938.5651779174805 409.0417938232422 888.7308349609375 409.0417938232422
887.71435546875 297.2779235839844 937.3401679992676 297.2779235839844 937.3401679992676 409.2570037841797 887.71435546875 409.2570037841797
883.0791015625 297.6041564941406 933.057731628418 297.6041564941406 933.057731628418 409.89759826660156 883.0791015625 409.89759826660156
886.98779296875 300.90887451171875 937.6926040649414 300.90887451171875 937.6926040649414 410.63720703125 886.98779296875 410.63720703125
889.9091796875 302.07708740234375 940.779655456543 302.07708740234375 940.779655456543 410.96502685546875 889.9091796875 410.96502685546875
892.5099487304688 299.8050537109375 942.1113662719727 299.8050537109375 942.1113662719727 409.5718765258789 892.5099487304688 409.5718765258789
890.0924072265625 300.6664733886719 939.2978858947754 300.6664733886719 939.2978858947754 410.1866149902344 890.0924072265625 410.1866149902344
893.9439697265625 299.45947265625 942.5222663879395 299.45947265625 942.5222663879395 409.82896423339844 893.9439697265625 409.82896423339844
892.0651245117188 302.3526611328125 939.44921875 302.3526611328125 939.44921875 410.5124740600586 892.0651245117188 410.5124740600586
889.7122192382812 299.5704345703125 937.1736335754395 299.5704345703125 937.1736335754395 410.42667388916016 889.7122192382812 410.42667388916016
893.1121826171875 296.38348388671875 942.9147682189941 296.38348388671875 942.9147682189941 408.76161193847656 893.1121826171875 408.76161193847656
897.53466796875 294.9276428222656 949.7694511413574 294.9276428222656 949.7694511413574 407.5718231201172 897.53466796875 407.5718231201172
900.9713134765625 291.0265808105469 953.2727851867676 291.0265808105469 953.2727851867676 405.9363098144531 900.9713134765625 405.9363098144531
890.9251098632812 296.02740478515625 940.6121292114258 296.02740478515625 940.6121292114258 411.69940185546875 890.9251098632812 411.69940185546875
892.0247192382812 294.2732849121094 943.216121673584 294.2732849121094 943.216121673584 412.37022399902344 892.0247192382812 412.37022399902344
885.646484375 293.7449645996094 937.2783699035645 293.7449645996094 937.2783699035645 416.64490509033203 885.646484375 416.64490509033203
887.1510620117188 293.87518310546875 939.0842704772949 293.87518310546875 939.0842704772949 416.8426971435547 887.1510620117188 416.8426971435547
882.8165893554688 293.19793701171875 935.0939559936523 293.19793701171875 935.0939559936523 416.71327209472656 882.8165893554688 416.71327209472656
882.166015625 286.7477722167969 937.4901504516602 286.7477722167969 937.4901504516602 415.41160583496094 882.166015625 415.41160583496094
876.2897338867188 287.7536315917969 932.2673110961914 287.7536315917969 932.2673110961914 417.5132598876953 876.2897338867188 417.5132598876953
889.9822998046875 285.764892578125 943.1075057983398 285.764892578125 943.1075057983398 415.8229522705078 889.9822998046875 415.8229522705078
891.2850341796875 267.3455810546875 947.7556686401367 267.3455810546875 947.7556686401367 410.87513732910156 891.2850341796875 410.87513732910156
902.8883056640625 267.74432373046875 959.0000228881836 267.74432373046875 959.0000228881836 410.3616485595703 902.8883056640625 410.3616485595703
899.9767456054688 271.9464111328125 956.461353302002 271.9464111328125 956.461353302002 415.5115051269531 899.9767456054688 415.5115051269531
902.4176025390625 291.1754150390625 954.6131973266602 291.1754150390625 954.6131973266602 419.3318786621094 902.4176025390625 419.3318786621094
902.1119995117188 272.4320373535156 958.5817756652832 272.4320373535156 958.5817756652832 415.9594268798828 902.1119995117188 415.9594268798828
904.50634765625 293.43170166015625 957.2508773803711 293.43170166015625 957.2508773803711 420.8113250732422 904.50634765625 420.8113250732422
904.9207763671875 294.0933532714844 957.2026062011719 294.0933532714844 957.2026062011719 421.90331268310547 904.9207763671875 421.90331268310547
903.0988159179688 295.169189453125 958.818733215332 295.169189453125 958.818733215332 419.5826873779297 903.0988159179688 419.5826873779297
901.1356201171875 297.3772888183594 958.175365447998 297.3772888183594 958.175365447998 423.0315399169922 901.1356201171875 423.0315399169922
