215.0 29.0 315.0 29.0 315.0 436.0 215.0 436.0
215.0873260498047 31.0836181640625 314.7698669433594 31.0836181640625 314.7698669433594 435.18853759765625 215.0873260498047 435.18853759765625
213.2328643798828 30.26358413696289 313.02635955810547 30.26358413696289 313.02635955810547 437.27084732055664 213.2328643798828 437.27084732055664
213.09814453125 29.834884643554688 312.37413787841797 29.834884643554688 312.37413787841797 435.6468048095703 213.09814453125 435.6468048095703
212.6843719482422 29.6876220703125 312.1291275024414 29.6876220703125 312.1291275024414 435.59503173828125 212.6843719482422 435.59503173828125
212.6208038330078 30.890878677368164 311.43614959716797 30.890878677368164 311.43614959716797 436.7428684234619 212.6208038330078 436.7428684234619
211.9904327392578 30.862552642822266 311.64403533935547 30.862552642822266 311.64403533935547 437.1361427307129 211.9904327392578 437.1361427307129
212.0731964111328 32.900917053222656 310.96240997314453 32.900917053222656 310.96240997314453 438.14212799072266 212.0731964111328 438.14212799072266
211.3743133544922 31.22378158569336 310.5746154785156 31.22378158569336 310.5746154785156 438.66845321655273 211.3743133544922 438.66845321655273
210.34323120117188 31.043521881103516 310.05206298828125 31.043521881103516 310.05206298828125 439.69308853149414 210.34323120117188 439.69308853149414
209.40060424804688 29.958087921142578 309.40721130371094 29.958087921142578 309.40721130371094 439.5237007141113 209.40060424804688 439.5237007141113
208.7360382080078 29.83577537536621 308.7265319824219 29.83577537536621 308.7265319824219 441.1219997406006 208.7360382080078 441.1219997406006
208.2062530517578 30.798818588256836 308.2983856201172 30.798818588256836 308.2983856201172 440.0276393890381 208.2062530517578 440.0276393890381
207.09939575195312 30.681842803955078 307.8480682373047 30.681842803955078 307.8480682373047 439.84306716918945 207.09939575195312 439.84306716918945
206.2494354248047 29.4182186126709 307.33980560302734 29.4182186126709 307.33980560302734 438.9232234954834 206.2494354248047 438.9232234954834
206.4287567138672 32.10167694091797 307.0852355957031 32.10167694091797 307.0852355957031 439.3221664428711 206.4287567138672 439.3221664428711
205.99142456054688 31.095449447631836 305.9318389892578 31.095449447631836 305.9318389892578 442.12245750427246 205.99142456054688 442.12245750427246
207.15725708007812 30.93659019470215 305.58313751220703 30.93659019470215 305.58313751220703 441.9796504974365 207.15725708007812 441.9796504974365
207.036376953125 29.92946434020996 306.8126220703125 29.92946434020996 306.8126220703125 444.2873134613037 207.036376953125 444.2873134613037
207.353759765625 29.771469116210938 307.15904235839844 29.771469116210938 307.15904235839844 444.88050842285156 207.353759765625 444.88050842285156
207.7714385986328 26.180530548095703 307.3668975830078 26.180530548095703 307.3668975830078 446.59013748168945 207.7714385986328 446.59013748168945
205.1704864501953 28.91739845275879 305.7349853515625 28.91739845275879 305.7349853515625 443.5775547027588 205.1704864501953 443.5775547027588
202.3684539794922 26.93514060974121 304.4498825073242 26.93514060974121 304.4498825073242 446.7985134124756 202.3684539794922 446.7985134124756
201.40882873535156 26.60626792907715 303.39788818359375 26.60626792907715 303.39788818359375 447.4580135345459 201.40882873535156 447.4580135345459
201.31808471679688 26.743392944335938 303.0569305419922 26.743392944335938 303.0569305419922 448.65476989746094 201.31808471679688 448.65476989746094
202.204833984375 27.290639877319336 302.3739013671875 27.290639877319336 302.3739013671875 449.5609951019287 202.204833984375 449.5609951019287
202.49258422851562 26.948772430419922 301.9087600708008 26.948772430419922 301.9087600708008 451.1973686218262 202.49258422851562 451.1973686218262
203.59103393554688 27.828044891357422 302.0154113769531 27.828044891357422 302.0154113769531 451.2275505065918 203.59103393554688 451.2275505065918
203.23971557617188 28.529027938842773 302.79515075683594 28.529027938842773 302.79515075683594 452.425329208374 203.23971557617188 452.425329208374
202.63400268554688 29.09866714477539 302.65198516845703 29.09866714477539 302.65198516845703 456.25046157836914 202.63400268554688 456.25046157836914
201.93838500976562 32.82063674926758 301.9378204345703 32.82063674926758 301.9378204345703 455.8803596496582 201.93838500976562 455.8803596496582
199.98638916015625 32.17200469970703 302.01439666748047 32.17200469970703 302.01439666748047 459.01404571533203 199.98638916015625 459.01404571533203
199.23187255859375 33.36110305786133 302.80587005615234 33.36110305786133 302.80587005615234 463.4450874328613 199.23187255859375 463.4450874328613
197.9900360107422 33.20622253417969 304.07430267333984 33.20622253417969 304.07430267333984 465.79856872558594 197.9900360107422 465.79856872558594
197.8497314453125 33.244754791259766 305.45577239990234 33.244754791259766 305.45577239990234 463.63611221313477 197.8497314453125 463.63611221313477
198.04896545410156 31.145687103271484 305.15164947509766 31.145687103271484 305.15164947509766 461.45324325561523 198.04896545410156 461.45324325561523
194.47999572753906 28.775320053100586 304.7465591430664 28.775320053100586 304.7465591430664 459.17418479919434 194.47999572753906 459.17418479919434
191.00778198242188 28.568286895751953 303.5489196777344 28.568286895751953 303.5489196777344 461.0391731262207 191.00778198242188 461.0391731262207
188.12925720214844 29.12007713317871 302.37579345703125 29.12007713317871 302.37579345703125 463.0276393890381 188.12925720214844 463.0276393890381
187.8319091796875 27.697933197021484 302.59230041503906 27.697933197021484 302.59230041503906 463.53478622436523 187.8319091796875 463.53478622436523
185.9881591796875 29.339405059814453 302.82276916503906 29.339405059814453 302.82276916503906 463.6857795715332 185.9881591796875 463.6857795715332
183.9467010498047 29.857173919677734 303.5698547363281 29.857173919677734 303.5698547363281 463.42788314819336 183.9467010498047 463.42788314819336
185.19436645507812 26.826892852783203 305.6585998535156 26.826892852783203 305.6585998535156 464.1923713684082 185.19436645507812 464.1923713684082
185.94293212890625 24.244054794311523 305.88768005371094 24.244054794311523 305.88768005371094 465.4996089935303 185.94293212890625 465.4996089935303
186.6519317626953 25.05221939086914 305.8610382080078 25.05221939086914 305.8610382080078 465.63473892211914 186.6519317626953 465.63473892211914
185.53408813476562 26.72457504272461 306.2785949707031 26.72457504272461 306.2785949707031 464.50136947631836 185.53408813476562 464.50136947631836
185.21717834472656 25.58864974975586 306.4029235839844 25.58864974975586 306.4029235839844 464.05163192749023 185.21717834472656 464.05163192749023
187.67312622070312 26.668933868408203 307.6346130371094 26.668933868408203 307.6346130371094 464.5108222961426 187.67312622070312 464.5108222961426
191.08998107910156 29.9920654296875 307.9829864501953 29.9920654296875 307.9829864501953 466.65740966796875 191.08998107910156 466.65740966796875
191.52200317382812 32.23004913330078 309.83140563964844 32.23004913330078 309.83140563964844 465.02954864501953 191.52200317382812 465.02954864501953
194.20114135742188 32.78742980957031 309.8237991333008 32.78742980957031 309.8237991333008 465.45960998535156 194.20114135742188 465.45960998535156
197.51026916503906 33.87419509887695 310.1673583984375 33.87419509887695 310.1673583984375 467.3393440246582 197.51026916503906 467.3393440246582
201.23277282714844 35.909751892089844 310.4096374511719 35.909751892089844 310.4096374511719 469.5953903198242 201.23277282714844 469.5953903198242
204.52719116210938 35.14751434326172 310.86875915527344 35.14751434326172 310.86875915527344 469.49190521240234 204.52719116210938 469.49190521240234
206.3999481201172 35.944236755371094 310.751708984375 35.944236755371094 310.751708984375 469.05281829833984 206.3999481201172 469.05281829833984
209.81503295898438 35.694007873535156 311.75926971435547 35.694007873535156 311.75926971435547 465.7956314086914 209.81503295898438 465.7956314086914
211.11947631835938 39.411521911621094 311.2586364746094 39.411521911621094 311.2586364746094 461.90462493896484 211.11947631835938 461.90462493896484
212.71875 39.82522201538086 311.3607635498047 39.82522201538086 311.3607635498047 462.4300193786621 212.71875 462.4300193786621
213.19580078125 40.670955657958984 311.2618865966797 40.670955657958984 311.2618865966797 465.45299911499023 213.19580078125 465.45299911499023
213.83389282226562 42.011714935302734 310.67543029785156 42.011714935302734 310.67543029785156 464.33388900756836 213.83389282226562 464.33388900756836
215.9420928955078 38.617008209228516 310.1346206665039 38.617008209228516 310.1346206665039 463.66769790649414 215.9420928955078 463.66769790649414
217.91622924804688 38.67033767700195 310.96192932128906 38.67033767700195 310.96192932128906 464.65251541137695 217.91622924804688 464.65251541137695
218.08126831054688 40.39240646362305 309.47633361816406 40.39240646362305 309.47633361816406 459.6800651550293 218.08126831054688 459.6800651550293
217.58193969726562 42.24796676635742 308.0138397216797 42.24796676635742 308.0138397216797 461.7879447937012 217.58193969726562 461.7879447937012
217.423583984375 42.36724090576172 307.65174865722656 42.36724090576172 307.65174865722656 464.9878463745117 217.423583984375 464.9878463745117
217.2912139892578 39.82017135620117 306.1740417480469 39.82017135620117 306.1740417480469 465.8299980163574 217.2912139892578 465.8299980163574
216.71737670898438 36.09113311767578 306.1377258300781 36.09113311767578 306.1377258300781 465.8215103149414 216.71737670898438 465.8215103149414
218.25045776367188 34.03114700317383 307.2217330932617 34.03114700317383 307.2217330932617 466.6832466125488 218.25045776367188 466.6832466125488
217.11074829101562 37.24477767944336 308.83070373535156 37.24477767944336 308.83070373535156 467.728816986084 217.11074829101562 467.728816986084
218.7557830810547 29.138336181640625 320.6382293701172 29.138336181640625 320.6382293701172 472.3522644042969 218.7557830810547 472.3522644042969
221.37857055664062 29.605175018310547 327.29856872558594 29.605175018310547 327.29856872558594 472.3318901062012 221.37857055664062 472.3318901062012
223.4972686767578 23.5002384185791 333.0620422363281 23.5002384185791 333.0620422363281 467.06731605529785 223.4972686767578 467.06731605529785
226.4977264404297 17.18802833557129 340.92401123046875 17.18802833557129 340.92401123046875 466.03391456604004 226.4977264404297 466.03391456604004
228.341064453125 19.084842681884766 341.7878875732422 19.084842681884766 341.7878875732422 473.76559829711914 228.341064453125 473.76559829711914
230.13723754882812 15.376849174499512 345.67676544189453 15.376849174499512 345.67676544189453 479.9155149459839 230.13723754882812 479.9155149459839
230.99008178710938 15.997403144836426 347.22191619873047 15.997403144836426 347.22191619873047 485.98119831085205 230.99008178710938 485.98119831085205
231.15097045898438 16.643199920654297 351.94444274902344 16.643199920654297 351.94444274902344 488.53608322143555 231.15097045898438 488.53608322143555
232.2789306640625 19.58529281616211 355.33831787109375 19.58529281616211 355.33831787109375 489.46596908569336 232.2789306640625 489.46596908569336
233.4313201904297 23.826526641845703 357.49713134765625 23.826526641845703 357.49713134765625 491.40117263793945 233.4313201904297 491.40117263793945
239.01687622070312 21.954395294189453 365.88756561279297 21.954395294189453 365.88756561279297 491.1185188293457 239.01687622070312 491.1185188293457
243.05264282226562 19.158374786376953 374.2377166748047 19.158374786376953 374.2377166748047 489.7188301086426 243.05264282226562 489.7188301086426
246.5995330810547 23.092947006225586 378.4322052001953 23.092947006225586 378.4322052001953 490.08058738708496 246.5995330810547 490.08058738708496
248.0787811279297 20.451374053955078 380.92518615722656 20.451374053955078 380.92518615722656 490.16655349731445 248.0787811279297 490.16655349731445
249.67178344726562 19.479446411132812 381.1906280517578 19.479446411132812 381.1906280517578 488.41908264160156 249.67178344726562 488.41908264160156
251.10836791992188 15.95373821258545 384.5286407470703 15.95373821258545 384.5286407470703 487.8686857223511 251.10836791992188 487.8686857223511
250.7145233154297 16.217931747436523 385.0398254394531 16.217931747436523 385.0398254394531 487.1445369720459 250.7145233154297 487.1445369720459
250.2229766845703 19.0750675201416 383.2841339111328 19.0750675201416 383.2841339111328 480.3357181549072 250.2229766845703 480.3357181549072
249.57601928710938 15.115277290344238 384.96331787109375 15.115277290344238 384.96331787109375 481.90937519073486 249.57601928710938 481.90937519073486
248.91622924804688 14.019811630249023 382.85870361328125 14.019811630249023 382.85870361328125 481.66815757751465 248.91622924804688 481.66815757751465
249.8633270263672 12.08788776397705 385.0804748535156 12.08788776397705 385.0804748535156 476.6187105178833 249.8633270263672 476.6187105178833
250.01498413085938 10.225781440734863 387.12294006347656 10.225781440734863 387.12294006347656 477.4323854446411 250.01498413085938 477.4323854446411
252.3072967529297 10.033947944641113 386.7103729248047 10.033947944641113 386.7103729248047 474.67252826690674 252.3072967529297 474.67252826690674
248.64059448242188 12.3079195022583 382.9920196533203 12.3079195022583 382.9920196533203 482.06908893585205 248.64059448242188 482.06908893585205
249.5712890625 10.4750394821167 385.4536895751953 10.4750394821167 385.4536895751953 479.5575590133667 249.5712890625 479.5575590133667
248.22433471679688 8.687588691711426 387.6072540283203 8.687588691711426 387.6072540283203 479.48852252960205 248.22433471679688 479.48852252960205
245.03958129882812 18.285999298095703 378.71466064453125 18.285999298095703 378.71466064453125 483.33977127075195 245.03958129882812 483.33977127075195
244.48715209960938 19.469600677490234 379.5802307128906 19.469600677490234 379.5802307128906 486.53225326538086 244.48715209960938 486.53225326538086
247.39956665039062 18.355728149414062 386.94374084472656 18.355728149414062 386.94374084472656 485.4257354736328 247.39956665039062 485.4257354736328
246.2777099609375 21.20724105834961 386.5326843261719 21.20724105834961 386.5326843261719 490.83913803100586 246.2777099609375 490.83913803100586
255.2344512939453 20.41617774963379 395.38328552246094 20.41617774963379 395.38328552246094 489.5510959625244 255.2344512939453 489.5510959625244
250.26303100585938 22.1104736328125 390.6554412841797 22.1104736328125 390.6554412841797 489.08099365234375 250.26303100585938 489.08099365234375
252.9626007080078 19.094161987304688 390.1819305419922 19.094161987304688 390.1819305419922 490.4564666748047 252.9626007080078 490.4564666748047
254.98837280273438 16.655624389648438 391.79656982421875 16.655624389648438 391.79656982421875 487.7067108154297 254.98837280273438 487.7067108154297
253.73348999023438 16.160335540771484 393.71226501464844 16.160335540771484 393.71226501464844 491.4683494567871 253.73348999023438 491.4683494567871
255.3806610107422 18.139957427978516 394.93359375 18.139957427978516 394.93359375 491.93738174438477 255.3806610107422 491.93738174438477
255.771728515625 19.426830291748047 396.8775939941406 19.426830291748047 396.8775939941406 490.1546745300293 255.771728515625 490.1546745300293
263.10455322265625 18.240314483642578 399.4719543457031 18.240314483642578 399.4719543457031 485.7976875305176 263.10455322265625 485.7976875305176
266.6332702636719 13.190765380859375 408.4676513671875 13.190765380859375 408.4676513671875 484.6695251464844 266.6332702636719 484.6695251464844
271.50067138671875 2.6871795654296875 422.1611022949219 2.6871795654296875 422.1611022949219 477.2789764404297 271.50067138671875 477.2789764404297
274.7574768066406 3.7714905738830566 427.4809112548828 3.7714905738830566 427.4809112548828 479.01254892349243 274.7574768066406 479.01254892349243
277.74853515625 3.915213108062744 434.4584045410156 3.915213108062744 434.4584045410156 480.3152070045471 277.74853515625 480.3152070045471
277.82305908203125 5.371767997741699 449.9656677246094 5.371767997741699 449.9656677246094 477.10791301727295 277.82305908203125 477.10791301727295
284.3289794921875 2.17047119140625 452.4872741699219 2.17047119140625 452.4872741699219 476.5035705566406 284.3289794921875 476.5035705566406
287.2474670410156 5.32037353515625 455.51353454589844 5.32037353515625 455.51353454589844 474.8993225097656 287.2474670410156 474.8993225097656
289.43817138671875 5.38177490234375 460.3459777832031 5.38177490234375 460.3459777832031 473.3106384277344 289.43817138671875 473.3106384277344
292.91778564453125 3.168774366378784 466.7327423095703 3.168774366378784 466.7327423095703 470.70801997184753 292.91778564453125 470.70801997184753
294.0902404785156 2.4343597888946533 471.84893798828125 2.4343597888946533 471.84893798828125 474.4264557361603 294.0902404785156 474.4264557361603
296.207275390625 4.390188694000244 470.4506378173828 4.390188694000244 470.4506378173828 471.44658517837524 296.207275390625 471.44658517837524
298.8800048828125 1.6730315685272217 475.0226287841797 1.6730315685272217 475.0226287841797 473.875851392746 298.8800048828125 473.875851392746
302.11871337890625 0.0 481.0130157470703 0.0 481.0130157470703 479.93402099609375 302.11871337890625 479.93402099609375
299.72344970703125 0.0 484.5309295654297 0.0 484.5309295654297 473.2383728027344 299.72344970703125 473.2383728027344
304.83013916015625 0.0 492.25608825683594 0.0 492.25608825683594 473.19482421875 304.83013916015625 473.19482421875
310.5291442871094 0.0 497.47523498535156 0.0 497.47523498535156 475.00408935546875 310.5291442871094 475.00408935546875
316.150146484375 0.0 503.91925048828125 0.0 503.91925048828125 477.4795837402344 316.150146484375 477.4795837402344
319.216796875 0.0 506.1279602050781 0.0 506.1279602050781 474.31085205078125 319.216796875 474.31085205078125
312.17034912109375 0.15253600478172302 493.9866027832031 0.15253600478172302 493.9866027832031 463.9657684266567 312.17034912109375 463.9657684266567
312.43438720703125 4.3665313720703125 496.16209411621094 4.3665313720703125 496.16209411621094 465.04197692871094 312.43438720703125 465.04197692871094
310.9476318359375 4.071035861968994 495.4928436279297 4.071035861968994 495.4928436279297 469.7520966529846 310.9476318359375 469.7520966529846
313.75970458984375 3.1499266624450684 499.74224853515625 3.1499266624450684 499.74224853515625 466.27355337142944 313.75970458984375 466.27355337142944
316.699462890625 7.127172946929932 499.36866760253906 7.127172946929932 499.36866760253906 468.7540650367737 316.699462890625 468.7540650367737
317.15673828125 10.511709213256836 494.48023986816406 10.511709213256836 494.48023986816406 459.6135768890381 317.15673828125 459.6135768890381
313.57720947265625 6.111727714538574 495.4084014892578 6.111727714538574 495.4084014892578 459.0773649215698 313.57720947265625 459.0773649215698
314.0192565917969 10.783300399780273 493.57647705078125 10.783300399780273 493.57647705078125 459.0144100189209 314.0192565917969 459.0144100189209
311.02154541015625 10.604886054992676 490.3593444824219 10.604886054992676 490.3593444824219 459.7149934768677 311.02154541015625 459.7149934768677
314.0486755371094 18.14467430114746 489.9775390625 18.14467430114746 489.9775390625 460.5202236175537 314.0486755371094 460.5202236175537
316.9314880371094 23.261327743530273 489.4275360107422 23.261327743530273 489.4275360107422 456.544713973999 316.9314880371094 456.544713973999
314.9871520996094 7.851724147796631 488.46485900878906 7.851724147796631 488.46485900878906 448.38443899154663 314.9871520996094 448.38443899154663
317.1180725097656 6.825512886047363 488.90049743652344 6.825512886047363 488.90049743652344 447.6060914993286 317.1180725097656 447.6060914993286
310.8708190917969 3.6190032958984375 482.3071594238281 3.6190032958984375 482.3071594238281 446.3956756591797 310.8708190917969 446.3956756591797
307.4639587402344 6.721365451812744 473.8859405517578 6.721365451812744 473.8859405517578 442.578360080719 307.4639587402344 442.578360080719
304.2527770996094 4.362143039703369 469.340087890625 4.362143039703369 469.340087890625 439.0680146217346 304.2527770996094 439.0680146217346
304.26263427734375 4.10919189453125 470.7918243408203 4.10919189453125 470.7918243408203 442.4388732910156 304.26263427734375 442.4388732910156
302.52581787109375 3.958026170730591 470.81260681152344 3.958026170730591 470.81260681152344 442.2736999988556 302.52581787109375 442.2736999988556
300.305419921875 4.243490695953369 473.3957214355469 4.243490695953369 473.3957214355469 445.7237763404846 300.305419921875 445.7237763404846
299.15960693359375 3.7846527099609375 472.0415954589844 3.7846527099609375 472.0415954589844 440.25355529785156 299.15960693359375 440.25355529785156
293.2303161621094 5.74908447265625 467.6630096435547 5.74908447265625 467.6630096435547 443.59033203125 293.2303161621094 443.59033203125
291.903076171875 1.7525726556777954 467.4291687011719 1.7525726556777954 467.4291687011719 436.65961611270905 291.903076171875 436.65961611270905
292.24371337890625 16.411828994750977 464.8218688964844 16.411828994750977 464.8218688964844 444.317346572876 292.24371337890625 444.317346572876
291.6797790527344 22.72137451171875 465.0293884277344 22.72137451171875 465.0293884277344 450.85247802734375 291.6797790527344 450.85247802734375
296.9434509277344 56.3869743347168 460.5752410888672 56.3869743347168 460.5752410888672 466.0954704284668 296.9434509277344 466.0954704284668
298.6246643066406 64.50479888916016 462.3227233886719 64.50479888916016 462.3227233886719 467.1482925415039 298.6246643066406 467.1482925415039
293.2193298339844 60.222145080566406 456.86285400390625 60.222145080566406 456.86285400390625 459.0933609008789 293.2193298339844 459.0933609008789
293.15252685546875 53.90081787109375 457.65696716308594 53.90081787109375 457.65696716308594 450.10992431640625 293.15252685546875 450.10992431640625
291.6793518066406 54.94205856323242 447.77130126953125 54.94205856323242 447.77130126953125 447.33613204956055 291.6793518066406 447.33613204956055
292.5284423828125 49.27728271484375 448.0721740722656 49.27728271484375 448.0721740722656 444.08734130859375 292.5284423828125 444.08734130859375
285.59881591796875 50.92751693725586 438.17852783203125 50.92751693725586 438.17852783203125 437.7721519470215 285.59881591796875 437.7721519470215
290.31451416015625 45.70758819580078 437.8481750488281 45.70758819580078 437.8481750488281 432.7758255004883 290.31451416015625 432.7758255004883
287.936767578125 48.124420166015625 436.4125061035156 48.124420166015625 436.4125061035156 438.2920837402344 287.936767578125 438.2920837402344
287.4321594238281 55.02013397216797 439.72393798828125 55.02013397216797 439.72393798828125 435.93074798583984 287.4321594238281 435.93074798583984
280.4990234375 65.44859313964844 433.9198760986328 65.44859313964844 433.9198760986328 433.36143493652344 280.4990234375 433.36143493652344
271.0663757324219 63.2855339050293 426.5841369628906 63.2855339050293 426.5841369628906 436.2269096374512 271.0663757324219 436.2269096374512
269.58294677734375 61.1644287109375 420.9398956298828 61.1644287109375 420.9398956298828 424.1279296875 269.58294677734375 424.1279296875
269.4670715332031 65.93028259277344 420.0728759765625 65.93028259277344 420.0728759765625 427.09251403808594 269.4670715332031 427.09251403808594
260.16436767578125 73.1765365600586 410.383544921875 73.1765365600586 410.383544921875 433.41161346435547 260.16436767578125 433.41161346435547
255.4774627685547 86.2267074584961 402.5504455566406 86.2267074584961 402.5504455566406 438.91698455810547 255.4774627685547 438.91698455810547
252.52249145507812 81.55309295654297 393.14051818847656 81.55309295654297 393.14051818847656 425.00206756591797 252.52249145507812 425.00206756591797
246.8341522216797 92.93055725097656 385.28248596191406 92.93055725097656 385.28248596191406 424.9384002685547 246.8341522216797 424.9384002685547
240.18276977539062 84.407958984375 376.853759765625 84.407958984375 376.853759765625 415.35076904296875 240.18276977539062 415.35076904296875
239.329345703125 84.21983337402344 376.3648986816406 84.21983337402344 376.3648986816406 412.83970642089844 239.329345703125 412.83970642089844
241.1109619140625 85.0180892944336 376.6000061035156 85.0180892944336 376.6000061035156 409.92931365966797 241.1109619140625 409.92931365966797
233.0780792236328 91.38507080078125 366.58616638183594 91.38507080078125 366.58616638183594 411.5458068847656 233.0780792236328 411.5458068847656
232.4972381591797 87.77070617675781 364.1046600341797 87.77070617675781 364.1046600341797 403.37355041503906 232.4972381591797 403.37355041503906
229.8719024658203 85.47346496582031 359.5401916503906 85.47346496582031 359.5401916503906 396.42613220214844 229.8719024658203 396.42613220214844
228.9204559326172 88.18446350097656 353.9186706542969 88.18446350097656 353.9186706542969 396.2532196044922 228.9204559326172 396.2532196044922
229.2821807861328 92.00401306152344 353.11415100097656 92.00401306152344 353.11415100097656 388.96083068847656 229.2821807861328 388.96083068847656
224.2977752685547 94.6875 345.6164245605469 94.6875 345.6164245605469 385.6172180175781 224.2977752685547 385.6172180175781
220.2446746826172 87.32298278808594 340.67845153808594 87.32298278808594 340.67845153808594 382.7410125732422 220.2446746826172 382.7410125732422
220.18490600585938 82.29078674316406 337.16065979003906 82.29078674316406 337.16065979003906 384.12159729003906 220.18490600585938 384.12159729003906
222.35037231445312 84.68339538574219 339.45850372314453 84.68339538574219 339.45850372314453 380.21507263183594 222.35037231445312 380.21507263183594
221.46109008789062 99.93814849853516 340.42932891845703 99.93814849853516 340.42932891845703 385.2314224243164 221.46109008789062 385.2314224243164
230.8726043701172 101.23567199707031 346.1126708984375 101.23567199707031 346.1126708984375 394.3505096435547 230.8726043701172 394.3505096435547
233.24630737304688 97.21883392333984 349.15708923339844 97.21883392333984 349.15708923339844 387.7486801147461 233.24630737304688 387.7486801147461
237.47067260742188 104.3017807006836 353.0234680175781 104.3017807006836 353.0234680175781 387.36983489990234 237.47067260742188 387.36983489990234
236.5939483642578 105.9383316040039 349.3570327758789 105.9383316040039 349.3570327758789 382.8877944946289 236.5939483642578 382.8877944946289
238.2759246826172 103.54063415527344 354.1556091308594 103.54063415527344 354.1556091308594 381.42735290527344 238.2759246826172 381.42735290527344
239.1203155517578 118.24125671386719 354.8618698120117 118.24125671386719 354.8618698120117 395.79673767089844 239.1203155517578 395.79673767089844
241.2930908203125 123.00382995605469 355.64669036865234 123.00382995605469 355.64669036865234 397.2308807373047 241.2930908203125 397.2308807373047
243.31784057617188 112.77934265136719 355.7126159667969 112.77934265136719 355.7126159667969 382.3090057373047 243.31784057617188 382.3090057373047
243.4662628173828 129.08352661132812 355.5237121582031 129.08352661132812 355.5237121582031 397.8042907714844 243.4662628173828 397.8042907714844
246.94577026367188 122.3387680053711 358.44447326660156 122.3387680053711 358.44447326660156 389.7196578979492 246.94577026367188 389.7196578979492
246.3560791015625 109.03765869140625 352.05467224121094 109.03765869140625 352.05467224121094 391.1007080078125 246.3560791015625 391.1007080078125
250.17227172851562 108.1263656616211 354.40440368652344 108.1263656616211 354.40440368652344 384.62825775146484 250.17227172851562 384.62825775146484
251.4780731201172 118.44374084472656 351.2868118286133 118.44374084472656 351.2868118286133 395.5215301513672 251.4780731201172 395.5215301513672
252.74484252929688 114.4364242553711 353.1313781738281 114.4364242553711 353.1313781738281 401.1526107788086 252.74484252929688 401.1526107788086
251.0564422607422 126.25933837890625 355.15281677246094 126.25933837890625 355.15281677246094 394.78509521484375 251.0564422607422 394.78509521484375
254.1369171142578 135.6360321044922 358.6427536010742 135.6360321044922 358.6427536010742 395.14646911621094 254.1369171142578 395.14646911621094
254.8010711669922 136.98733520507812 358.5557556152344 136.98733520507812 358.5557556152344 394.7135925292969 254.8010711669922 394.7135925292969
257.97589111328125 135.3474578857422 360.38484954833984 135.3474578857422 360.38484954833984 395.66221618652344 257.97589111328125 395.66221618652344
259.56903076171875 131.7832794189453 363.4112319946289 131.7832794189453 363.4112319946289 387.57664489746094 259.56903076171875 387.57664489746094
258.60467529296875 137.7301483154297 361.92433166503906 137.7301483154297 361.92433166503906 385.4971923828125 258.60467529296875 385.4971923828125
261.5498962402344 142.4422607421875 363.42950439453125 142.4422607421875 363.42950439453125 386.7559814453125 261.5498962402344 386.7559814453125
260.1433410644531 139.78082275390625 361.55872344970703 139.78082275390625 361.55872344970703 382.9812927246094 260.1433410644531 382.9812927246094
261.0865783691406 142.5128631591797 362.64693450927734 142.5128631591797 362.64693450927734 386.0609893798828 261.0865783691406 386.0609893798828
260.81781005859375 137.77047729492188 361.4859313964844 137.77047729492188 361.4859313964844 379.178955078125 260.81781005859375 379.178955078125
260.4471740722656 140.45880126953125 362.19822692871094 140.45880126953125 362.19822692871094 384.46421813964844 260.4471740722656 384.46421813964844
261.0958557128906 141.38487243652344 363.5641555786133 141.38487243652344 363.5641555786133 387.1103057861328 261.0958557128906 387.1103057861328
261.0925598144531 144.00225830078125 363.1506576538086 144.00225830078125 363.1506576538086 388.74400329589844 261.0925598144531 388.74400329589844
261.425537109375 135.99758911132812 364.4282684326172 135.99758911132812 364.4282684326172 383.00462341308594 261.425537109375 383.00462341308594
262.2150573730469 141.60438537597656 362.0234832763672 141.60438537597656 362.0234832763672 389.7447967529297 262.2150573730469 389.7447967529297
260.3539123535156 139.5274200439453 363.0204315185547 139.5274200439453 363.0204315185547 385.7281799316406 260.3539123535156 385.7281799316406
260.2064208984375 138.70068359375 361.94139862060547 138.70068359375 361.94139862060547 382.6675262451172 260.2064208984375 382.6675262451172
263.03680419921875 137.8689727783203 366.51898193359375 137.8689727783203 366.51898193359375 386.0257110595703 263.03680419921875 386.0257110595703
265.6383361816406 138.22500610351562 368.9055709838867 138.22500610351562 368.9055709838867 385.8662872314453 265.6383361816406 385.8662872314453
265.69696044921875 136.63217163085938 369.38551330566406 136.63217163085938 369.38551330566406 385.2838134765625 265.69696044921875 385.2838134765625
266.78546142578125 144.7769775390625 370.5213623046875 144.7769775390625 370.5213623046875 393.5421600341797 266.78546142578125 393.5421600341797
270.4498596191406 135.37152099609375 376.03746795654297 135.37152099609375 376.03746795654297 388.57720947265625 270.4498596191406 388.57720947265625
270.2425842285156 137.080078125 375.0775833129883 137.080078125 375.0775833129883 388.48095703125 270.2425842285156 388.48095703125
273.5935363769531 140.9245147705078 375.92396545410156 140.9245147705078 375.92396545410156 386.3192901611328 273.5935363769531 386.3192901611328
278.46881103515625 152.13388061523438 379.34912109375 152.13388061523438 379.34912109375 394.05116271972656 278.46881103515625 394.05116271972656
282.0321960449219 149.366455078125 379.5509796142578 149.366455078125 379.5509796142578 383.2226104736328 282.0321960449219 383.2226104736328
284.35955810546875 151.516357421875 380.84476470947266 151.516357421875 380.84476470947266 386.7122344970703 284.35955810546875 386.7122344970703
286.7764587402344 141.1706085205078 383.2662811279297 141.1706085205078 383.2662811279297 376.6343994140625 286.7764587402344 376.6343994140625
291.85137939453125 160.15866088867188 385.79552459716797 160.15866088867188 385.79552459716797 393.880126953125 291.85137939453125 393.880126953125
291.1391296386719 152.71255493164062 382.8854522705078 152.71255493164062 382.8854522705078 392.898681640625 291.1391296386719 392.898681640625
298.3956298828125 162.0496063232422 394.0986557006836 162.0496063232422 394.0986557006836 395.4203338623047 298.3956298828125 395.4203338623047
297.5484924316406 165.6532440185547 391.6110534667969 165.6532440185547 391.6110534667969 395.9797821044922 297.5484924316406 395.9797821044922
300.1553649902344 168.02072143554688 395.66735076904297 168.02072143554688 395.66735076904297 401.32989501953125 300.1553649902344 401.32989501953125
301.74493408203125 170.7146759033203 398.47293853759766 170.7146759033203 398.47293853759766 402.6743927001953 301.74493408203125 402.6743927001953
304.72174072265625 162.77655029296875 401.81658935546875 162.77655029296875 401.81658935546875 395.61598205566406 304.72174072265625 395.61598205566406
305.4773864746094 164.2717742919922 403.22537994384766 164.2717742919922 403.22537994384766 398.677490234375 305.4773864746094 398.677490234375
308.5486755371094 173.27272033691406 405.2200469970703 173.27272033691406 405.2200469970703 405.0966491699219 308.5486755371094 405.0966491699219
310.06964111328125 171.82330322265625 406.26573944091797 171.82330322265625 406.26573944091797 401.92645263671875 310.06964111328125 401.92645263671875
313.21612548828125 164.0872802734375 406.99517822265625 164.0872802734375 406.99517822265625 390.7044677734375 313.21612548828125 390.7044677734375
316.100830078125 173.5424041748047 409.4097900390625 173.5424041748047 409.4097900390625 398.3073425292969 316.100830078125 398.3073425292969
317.7187805175781 168.83131408691406 411.2611541748047 168.83131408691406 411.2611541748047 396.34605407714844 317.7187805175781 396.34605407714844
322.0538635253906 167.58065795898438 414.83020782470703 167.58065795898438 414.83020782470703 399.3162841796875 322.0538635253906 399.3162841796875
322.08209228515625 161.66873168945312 418.7537384033203 161.66873168945312 418.7537384033203 397.78497314453125 322.08209228515625 397.78497314453125
325.8426818847656 168.79220581054688 417.80847930908203 168.79220581054688 417.80847930908203 400.17189025878906 325.8426818847656 400.17189025878906
328.8405456542969 168.9314422607422 421.1987762451172 168.9314422607422 421.1987762451172 400.5742950439453 328.8405456542969 400.5742950439453
329.8619079589844 174.73947143554688 418.3025665283203 174.73947143554688 418.3025665283203 405.390625 329.8619079589844 405.390625
330.91387939453125 174.57504272460938 419.00215911865234 174.57504272460938 419.00215911865234 402.8665008544922 330.91387939453125 402.8665008544922
330.45538330078125 175.3656768798828 415.5277557373047 175.3656768798828 415.5277557373047 399.9356231689453 330.45538330078125 399.9356231689453
328.68536376953125 173.7283172607422 414.0616760253906 173.7283172607422 414.0616760253906 399.89649963378906 328.68536376953125 399.89649963378906
328.2931213378906 173.19784545898438 414.4419174194336 173.19784545898438 414.4419174194336 398.31439208984375 328.2931213378906 398.31439208984375
327.500732421875 180.3833770751953 411.9766387939453 180.3833770751953 411.9766387939453 401.8860626220703 327.500732421875 401.8860626220703
327.3992004394531 178.55169677734375 415.1066131591797 178.55169677734375 415.1066131591797 400.70220947265625 327.3992004394531 400.70220947265625
322.2245788574219 177.09722900390625 408.73583984375 177.09722900390625 408.73583984375 399.51365661621094 322.2245788574219 399.51365661621094
322.7229919433594 180.25265502929688 410.78257751464844 180.25265502929688 410.78257751464844 402.96522521972656 322.7229919433594 402.96522521972656
323.40557861328125 180.32418823242188 412.0950164794922 180.32418823242188 412.0950164794922 396.8876190185547 323.40557861328125 396.8876190185547
322.13385009765625 178.487548828125 410.00533294677734 178.487548828125 410.00533294677734 392.2293701171875 322.13385009765625 392.2293701171875
320.38226318359375 178.59188842773438 406.70955657958984 178.59188842773438 406.70955657958984 392.19989013671875 320.38226318359375 392.19989013671875
320.5966796875 173.46255493164062 405.28157806396484 173.46255493164062 405.28157806396484 385.5452423095703 320.5966796875 385.5452423095703
317.07867431640625 169.6781005859375 400.19166564941406 169.6781005859375 400.19166564941406 380.4495544433594 317.07867431640625 380.4495544433594
318.14434814453125 168.94271850585938 402.86488342285156 168.94271850585938 402.86488342285156 380.64112854003906 318.14434814453125 380.64112854003906
317.1210021972656 172.02212524414062 401.7355422973633 172.02212524414062 401.7355422973633 383.1524963378906 317.1210021972656 383.1524963378906
317.0322570800781 170.16419982910156 401.96580505371094 170.16419982910156 401.96580505371094 379.0913543701172 317.0322570800781 379.0913543701172
316.67889404296875 173.12637329101562 399.4663619995117 173.12637329101562 399.4663619995117 378.703125 316.67889404296875 378.703125
315.8296813964844 167.74411010742188 400.5794219970703 167.74411010742188 400.5794219970703 372.94146728515625 315.8296813964844 372.94146728515625
314.80633544921875 169.98190307617188 398.8375549316406 169.98190307617188 398.8375549316406 375.0861511230469 314.80633544921875 375.0861511230469
314.6412658691406 171.14791870117188 397.51593017578125 171.14791870117188 397.51593017578125 373.0476837158203 314.6412658691406 373.0476837158203
314.9608459472656 174.12869262695312 398.33631134033203 174.12869262695312 398.33631134033203 374.1533660888672 314.9608459472656 374.1533660888672
314.30108642578125 170.5374755859375 394.6708297729492 170.5374755859375 394.6708297729492 366.69627380371094 314.30108642578125 366.69627380371094
314.9233093261719 168.02169799804688 399.1299591064453 168.02169799804688 399.1299591064453 372.0973815917969 314.9233093261719 372.0973815917969
317.5980224609375 172.4670867919922 403.48734283447266 172.4670867919922 403.48734283447266 379.0404052734375 317.5980224609375 379.0404052734375
321.79339599609375 164.62368774414062 409.57259368896484 164.62368774414062 409.57259368896484 375.1236114501953 321.79339599609375 375.1236114501953
321.54010009765625 164.22491455078125 409.69493103027344 164.22491455078125 409.69493103027344 376.00006103515625 321.54010009765625 376.00006103515625
322.50323486328125 163.21714782714844 410.72633361816406 163.21714782714844 410.72633361816406 374.78155517578125 322.50323486328125 374.78155517578125
323.3951721191406 163.7381134033203 412.4115753173828 163.7381134033203 412.4115753173828 377.2049102783203 323.3951721191406 377.2049102783203
324.04852294921875 165.6016082763672 413.5096435546875 165.6016082763672 413.5096435546875 380.2231903076172 324.04852294921875 380.2231903076172
323.4307556152344 163.19610595703125 413.7749481201172 163.19610595703125 413.7749481201172 380.4903869628906 323.4307556152344 380.4903869628906
320.08209228515625 165.0525665283203 410.3210906982422 165.0525665283203 410.3210906982422 382.51976013183594 320.08209228515625 382.51976013183594
319.43121337890625 168.25949096679688 407.2129135131836 168.25949096679688 407.2129135131836 378.76544189453125 319.43121337890625 378.76544189453125
314.71875 167.58946228027344 403.5284957885742 167.58946228027344 403.5284957885742 380.56072998046875 314.71875 380.56072998046875
313.6888122558594 177.6107635498047 401.14039611816406 177.6107635498047 401.14039611816406 387.3250732421875 313.6888122558594 387.3250732421875
311.09527587890625 178.42941284179688 398.66666412353516 178.42941284179688 398.66666412353516 388.4310302734375 311.09527587890625 388.4310302734375
312.5230712890625 175.3036651611328 399.3397445678711 175.3036651611328 399.3397445678711 383.4954376220703 312.5230712890625 383.4954376220703
312.39337158203125 181.72488403320312 399.8308334350586 181.72488403320312 399.8308334350586 391.4053497314453 312.39337158203125 391.4053497314453
312.040283203125 171.58779907226562 398.5500259399414 171.58779907226562 398.5500259399414 381.19232177734375 312.040283203125 381.19232177734375
314.24456787109375 168.5214385986328 399.8857650756836 168.5214385986328 399.8857650756836 377.510498046875 314.24456787109375 377.510498046875
314.8730163574219 169.44564819335938 398.6520538330078 169.44564819335938 398.6520538330078 375.4116668701172 314.8730163574219 375.4116668701172
318.428955078125 172.0398406982422 400.0728302001953 172.0398406982422 400.0728302001953 371.3184814453125 318.428955078125 371.3184814453125
318.311767578125 167.99497985839844 401.0203399658203 167.99497985839844 401.0203399658203 369.55458068847656 318.311767578125 369.55458068847656
321.1878356933594 158.41598510742188 403.0884704589844 158.41598510742188 403.0884704589844 357.1304016113281 321.1878356933594 357.1304016113281
327.0273742675781 163.64877319335938 406.22474670410156 163.64877319335938 406.22474670410156 358.07884216308594 327.0273742675781 358.07884216308594
327.299072265625 166.63485717773438 404.6323471069336 166.63485717773438 404.6323471069336 362.26605224609375 327.299072265625 362.26605224609375
329.19561767578125 166.2838897705078 404.2806854248047 166.2838897705078 404.2806854248047 362.4317626953125 329.19561767578125 362.4317626953125
328.9859313964844 166.22450256347656 398.54895782470703 166.22450256347656 398.54895782470703 364.14817810058594 328.9859313964844 364.14817810058594
324.728271484375 174.7126922607422 398.46580505371094 174.7126922607422 398.46580505371094 371.07948303222656 324.728271484375 371.07948303222656
322.9361877441406 176.03427124023438 396.26768493652344 176.03427124023438 396.26768493652344 376.97259521484375 322.9361877441406 376.97259521484375
321.59796142578125 173.1329345703125 397.7152633666992 173.1329345703125 397.7152633666992 364.4626922607422 321.59796142578125 364.4626922607422
325.5128173828125 181.0959930419922 398.7678985595703 181.0959930419922 398.7678985595703 373.42832946777344 325.5128173828125 373.42832946777344
325.5701599121094 185.87599182128906 398.0894546508789 185.87599182128906 398.0894546508789 373.8574676513672 325.5701599121094 373.8574676513672
322.7406311035156 193.37680053710938 396.7109909057617 193.37680053710938 396.7109909057617 380.22801208496094 322.7406311035156 380.22801208496094
321.168212890625 194.169189453125 397.6484909057617 194.169189453125 397.6484909057617 377.5737609863281 321.168212890625 377.5737609863281
319.9964294433594 194.10980224609375 393.8240280151367 194.10980224609375 393.8240280151367 379.2028503417969 319.9964294433594 379.2028503417969
317.04071044921875 196.03855895996094 390.9939956665039 196.03855895996094 390.9939956665039 377.38018798828125 317.04071044921875 377.38018798828125
316.10791015625 193.336181640625 389.2236862182617 193.336181640625 389.2236862182617 374.8627166748047 316.10791015625 374.8627166748047
312.74658203125 192.13790893554688 387.69737243652344 192.13790893554688 387.69737243652344 375.8165740966797 312.74658203125 375.8165740966797
315.0475158691406 187.82272338867188 388.44105529785156 187.82272338867188 388.44105529785156 369.6191711425781 315.0475158691406 369.6191711425781
313.7490234375 188.00157165527344 387.83616638183594 188.00157165527344 387.83616638183594 371.0304718017578 313.7490234375 371.0304718017578
313.51373291015625 187.9501495361328 388.85223388671875 187.9501495361328 388.85223388671875 373.9050598144531 313.51373291015625 373.9050598144531
313.9979553222656 190.61956787109375 389.20792388916016 190.61956787109375 389.20792388916016 370.4042663574219 313.9979553222656 370.4042663574219
313.18408203125 193.1341552734375 386.82000732421875 193.1341552734375 386.82000732421875 372.7252960205078 313.18408203125 372.7252960205078
314.8883972167969 194.72732543945312 387.98292541503906 194.72732543945312 387.98292541503906 370.4889678955078 314.8883972167969 370.4889678955078
316.1767578125 197.89144897460938 388.0778121948242 197.89144897460938 388.0778121948242 369.07920837402344 316.1767578125 369.07920837402344
316.63909912109375 196.37332153320312 386.9079895019531 196.37332153320312 386.9079895019531 365.6863708496094 316.63909912109375 365.6863708496094
320.4753112792969 193.4871063232422 391.98863220214844 193.4871063232422 391.98863220214844 364.47959899902344 320.4753112792969 364.47959899902344
324.49432373046875 194.99757385253906 396.1380844116211 194.99757385253906 396.1380844116211 366.74468994140625 324.49432373046875 366.74468994140625
322.28466796875 196.70816040039062 391.6838150024414 196.70816040039062 391.6838150024414 369.9314270019531 322.28466796875 369.9314270019531
324.418212890625 189.40660095214844 396.44737243652344 189.40660095214844 396.44737243652344 371.2574005126953 324.418212890625 371.2574005126953
324.1889343261719 189.98355102539062 396.1809616088867 189.98355102539062 396.1809616088867 371.22308349609375 324.1889343261719 371.22308349609375
325.3968811035156 185.64187622070312 395.71942138671875 185.64187622070312 395.71942138671875 371.4541015625 325.3968811035156 371.4541015625
325.9287109375 185.3572235107422 394.99415588378906 185.3572235107422 394.99415588378906 369.0530242919922 325.9287109375 369.0530242919922
328.1844787597656 193.45367431640625 397.18841552734375 193.45367431640625 397.18841552734375 373.2847595214844 328.1844787597656 373.2847595214844
328.5963134765625 190.56423950195312 399.009521484375 190.56423950195312 399.009521484375 368.3659362792969 328.5963134765625 368.3659362792969
330.4827575683594 191.58226013183594 401.82704162597656 191.58226013183594 401.82704162597656 367.12391662597656 330.4827575683594 367.12391662597656
332.91839599609375 195.69168090820312 404.5114974975586 195.69168090820312 404.5114974975586 368.66307067871094 332.91839599609375 368.66307067871094
334.15484619140625 197.3402557373047 405.0448989868164 197.3402557373047 405.0448989868164 367.3390655517578 334.15484619140625 367.3390655517578
332.99151611328125 199.01022338867188 403.73020935058594 199.01022338867188 403.73020935058594 368.64605712890625 332.99151611328125 368.64605712890625
334.47833251953125 197.58273315429688 405.93470764160156 197.58273315429688 405.93470764160156 368.93959045410156 334.47833251953125 368.93959045410156
332.4544982910156 195.99984741210938 404.1558380126953 195.99984741210938 404.1558380126953 367.94415283203125 332.4544982910156 367.94415283203125
334.26995849609375 200.0359344482422 404.9175262451172 200.0359344482422 404.9175262451172 373.8500518798828 334.26995849609375 373.8500518798828
333.2939453125 196.22544860839844 403.2573699951172 196.22544860839844 403.2573699951172 372.85858154296875 333.2939453125 372.85858154296875
335.926513671875 197.3732452392578 408.02384185791016 197.3732452392578 408.02384185791016 372.0335235595703 335.926513671875 372.0335235595703
337.48089599609375 200.99581909179688 409.42508697509766 200.99581909179688 409.42508697509766 374.32855224609375 337.48089599609375 374.32855224609375
338.27813720703125 200.45594787597656 411.5960235595703 200.45594787597656 411.5960235595703 376.27679443359375 338.27813720703125 376.27679443359375
340.3310546875 198.37782287597656 414.5760040283203 198.37782287597656 414.5760040283203 376.42181396484375 340.3310546875 376.42181396484375
344.2640380859375 197.9658660888672 419.13011169433594 197.9658660888672 419.13011169433594 377.4993438720703 344.2640380859375 377.4993438720703
345.9660339355469 200.4369659423828 421.97119903564453 200.4369659423828 421.97119903564453 382.70204162597656 345.9660339355469 382.70204162597656
344.94244384765625 198.0538787841797 420.9420623779297 198.0538787841797 420.9420623779297 380.3056640625 344.94244384765625 380.3056640625
345.58721923828125 195.74551391601562 422.02049255371094 195.74551391601562 422.02049255371094 379.03724670410156 345.58721923828125 379.03724670410156
345.37451171875 194.69625854492188 421.5633544921875 194.69625854492188 421.5633544921875 377.40184020996094 345.37451171875 377.40184020996094
348.4297180175781 198.9680633544922 425.6190872192383 198.9680633544922 425.6190872192383 381.1660614013672 348.4297180175781 381.1660614013672
349.4576110839844 193.45541381835938 427.45030212402344 193.45541381835938 427.45030212402344 377.5711364746094 349.4576110839844 377.5711364746094
349.5350646972656 198.49998474121094 427.12257385253906 198.49998474121094 427.12257385253906 380.1986389160156 349.5350646972656 380.1986389160156
351.11236572265625 196.83692932128906 426.89408111572266 196.83692932128906 426.89408111572266 379.73509216308594 351.11236572265625 379.73509216308594
349.8090515136719 200.7213897705078 425.59081268310547 200.7213897705078 425.59081268310547 382.57017517089844 349.8090515136719 382.57017517089844
348.1524963378906 198.05087280273438 422.0471725463867 198.05087280273438 422.0471725463867 383.6219482421875 348.1524963378906 383.6219482421875
348.04559326171875 198.12387084960938 421.28150939941406 198.12387084960938 421.28150939941406 384.2703857421875 348.04559326171875 384.2703857421875
346.3484802246094 194.90765380859375 420.05165100097656 194.90765380859375 420.05165100097656 378.83062744140625 346.3484802246094 378.83062744140625
347.70550537109375 198.49761962890625 418.98909759521484 198.49761962890625 418.98909759521484 377.40045166015625 347.70550537109375 377.40045166015625
351.09844970703125 198.54598999023438 423.6907043457031 198.54598999023438 423.6907043457031 376.272705078125 351.09844970703125 376.272705078125
348.87701416015625 195.1578369140625 422.4807586669922 195.1578369140625 422.4807586669922 373.0467224121094 348.87701416015625 373.0467224121094
349.6792297363281 193.6987762451172 425.7620544433594 193.6987762451172 425.7620544433594 376.58033752441406 349.6792297363281 376.58033752441406
350.51544189453125 187.3071746826172 425.8663101196289 187.3071746826172 425.8663101196289 370.93507385253906 350.51544189453125 370.93507385253906
350.2501525878906 185.6465606689453 425.33741760253906 185.6465606689453 425.33741760253906 371.4786682128906 350.2501525878906 371.4786682128906
350.62567138671875 192.84005737304688 426.8122329711914 192.84005737304688 426.8122329711914 379.51878356933594 350.62567138671875 379.51878356933594
346.69598388671875 189.8365478515625 423.6731948852539 189.8365478515625 423.6731948852539 378.4311828613281 346.69598388671875 378.4311828613281
344.00567626953125 188.81768798828125 421.0568161010742 188.81768798828125 421.0568161010742 379.8909606933594 344.00567626953125 379.8909606933594
344.874755859375 190.92202758789062 421.14579010009766 190.92202758789062 421.14579010009766 379.25537109375 344.874755859375 379.25537109375
344.1938781738281 190.59535217285156 421.35035705566406 190.59535217285156 421.35035705566406 380.2737274169922 344.1938781738281 380.2737274169922
340.8709716796875 190.30416870117188 417.1840057373047 190.30416870117188 417.1840057373047 378.35260009765625 340.8709716796875 378.35260009765625
341.3902282714844 191.09707641601562 419.4890899658203 191.09707641601562 419.4890899658203 377.9420928955078 341.3902282714844 377.9420928955078
340.69232177734375 187.42311096191406 420.62310791015625 187.42311096191406 420.62310791015625 377.2663269042969 340.69232177734375 377.2663269042969
339.61492919921875 186.32009887695312 418.9237289428711 186.32009887695312 418.9237289428711 374.7899627685547 339.61492919921875 374.7899627685547
338.46307373046875 185.18768310546875 418.3229217529297 185.18768310546875 418.3229217529297 373.1030578613281 338.46307373046875 373.1030578613281
337.78192138671875 188.362060546875 418.4890594482422 188.362060546875 418.4890594482422 377.6045227050781 337.78192138671875 377.6045227050781
334.73260498046875 186.76809692382812 414.80120849609375 186.76809692382812 414.80120849609375 378.77757263183594 334.73260498046875 378.77757263183594
330.755126953125 183.08840942382812 411.7882385253906 183.08840942382812 411.7882385253906 377.4108428955078 330.755126953125 377.4108428955078
327.65716552734375 186.56771850585938 407.3830108642578 186.56771850585938 407.3830108642578 377.7552490234375 327.65716552734375 377.7552490234375
323.6702575683594 188.78115844726562 402.84559631347656 188.78115844726562 402.84559631347656 380.0978546142578 323.6702575683594 380.0978546142578
318.9407958984375 188.81964111328125 399.1653594970703 188.81964111328125 399.1653594970703 381.20310974121094 318.9407958984375 381.20310974121094
319.1829833984375 188.47640991210938 395.0484085083008 188.47640991210938 395.0484085083008 382.35516357421875 319.1829833984375 382.35516357421875
316.74554443359375 180.2002410888672 391.75977325439453 180.2002410888672 391.75977325439453 376.8359680175781 316.74554443359375 376.8359680175781
313.56329345703125 179.82632446289062 389.88682556152344 179.82632446289062 389.88682556152344 376.0725860595703 313.56329345703125 376.0725860595703
313.7883605957031 173.81106567382812 389.6734161376953 173.81106567382812 389.6734161376953 369.3225860595703 313.7883605957031 369.3225860595703
313.33544921875 171.40420532226562 388.88731384277344 171.40420532226562 388.88731384277344 362.3101806640625 313.33544921875 362.3101806640625
311.3888244628906 175.38177490234375 386.2125930786133 175.38177490234375 386.2125930786133 363.2959899902344 311.3888244628906 363.2959899902344
307.50677490234375 174.134521484375 383.5508575439453 174.134521484375 383.5508575439453 362.5610656738281 307.50677490234375 362.5610656738281
303.07415771484375 176.65139770507812 378.22389221191406 176.65139770507812 378.22389221191406 369.1363525390625 303.07415771484375 369.1363525390625
304.99847412109375 178.83290100097656 378.1871871948242 178.83290100097656 378.1871871948242 367.9376678466797 304.99847412109375 367.9376678466797
303.7577209472656 182.73788452148438 378.09435272216797 182.73788452148438 378.09435272216797 373.31407165527344 303.7577209472656 373.31407165527344
302.18682861328125 186.1600341796875 376.6840133666992 186.1600341796875 376.6840133666992 375.1579132080078 302.18682861328125 375.1579132080078
302.39715576171875 191.2996826171875 374.96971130371094 191.2996826171875 374.96971130371094 376.65476989746094 302.39715576171875 376.65476989746094
299.8043518066406 182.5164337158203 374.6417999267578 182.5164337158203 374.6417999267578 376.35113525390625 299.8043518066406 376.35113525390625
297.17413330078125 188.5087432861328 371.4042282104492 188.5087432861328 371.4042282104492 379.31578063964844 297.17413330078125 379.31578063964844
294.08612060546875 185.89199829101562 369.4805374145508 185.89199829101562 369.4805374145508 376.27093505859375 294.08612060546875 376.27093505859375
291.6993103027344 183.35012817382812 368.1378631591797 183.35012817382812 368.1378631591797 374.97894287109375 291.6993103027344 374.97894287109375
287.30712890625 193.03475952148438 363.51493072509766 193.03475952148438 363.51493072509766 380.8870849609375 287.30712890625 380.8870849609375
285.01593017578125 193.99427795410156 362.5139617919922 193.99427795410156 362.5139617919922 387.7042694091797 285.01593017578125 387.7042694091797
286.65777587890625 198.75784301757812 360.18737030029297 198.75784301757812 360.18737030029297 389.61460876464844 286.65777587890625 389.61460876464844
289.8067321777344 205.3804168701172 363.83811950683594 205.3804168701172 363.83811950683594 388.6375274658203 289.8067321777344 388.6375274658203
295.02056884765625 203.8832550048828 369.67811584472656 203.8832550048828 369.67811584472656 388.17396545410156 295.02056884765625 388.17396545410156
318.4505615234375 202.25440979003906 394.6370391845703 202.25440979003906 394.6370391845703 384.9672546386719 318.4505615234375 384.9672546386719
330.3589782714844 198.02053833007812 406.6607208251953 198.02053833007812 406.6607208251953 379.8915252685547 330.3589782714844 379.8915252685547
348.98675537109375 197.38058471679688 424.89563751220703 197.38058471679688 424.89563751220703 381.3841247558594 348.98675537109375 381.3841247558594
360.6579284667969 195.84613037109375 437.1808319091797 195.84613037109375 437.1808319091797 383.2886199951172 360.6579284667969 383.2886199951172
368.031982421875 194.93019104003906 446.179443359375 194.93019104003906 446.179443359375 385.53363037109375 368.031982421875 385.53363037109375
387.95013427734375 195.94857788085938 464.9598693847656 195.94857788085938 464.9598693847656 387.26063537597656 387.95013427734375 387.26063537597656
391.6841125488281 198.30014038085938 470.4092559814453 198.30014038085938 470.4092559814453 387.087890625 391.6841125488281 387.087890625
391.8858337402344 184.13186645507812 463.5133056640625 184.13186645507812 463.5133056640625 382.0435028076172 391.8858337402344 382.0435028076172
385.4299621582031 172.4910430908203 461.0943603515625 172.4910430908203 461.0943603515625 365.8809814453125 385.4299621582031 365.8809814453125
379.95477294921875 161.17620849609375 457.8331756591797 161.17620849609375 457.8331756591797 353.25718688964844 379.95477294921875 353.25718688964844
370.8541564941406 136.83531188964844 448.27162170410156 136.83531188964844 448.27162170410156 327.8518829345703 370.8541564941406 327.8518829345703
371.6575927734375 123.95677185058594 449.0001983642578 123.95677185058594 449.0001983642578 317.3997497558594 371.6575927734375 317.3997497558594
374.2264099121094 117.79148864746094 450.21668243408203 117.79148864746094 450.21668243408203 307.0140838623047 374.2264099121094 307.0140838623047
377.05364990234375 112.52125549316406 453.1427230834961 112.52125549316406 453.1427230834961 300.7024841308594 377.05364990234375 300.7024841308594
384.5149841308594 113.13922119140625 458.4394836425781 113.13922119140625 458.4394836425781 302.0857238769531 384.5149841308594 302.0857238769531
399.4284973144531 112.3924331665039 474.16954040527344 112.3924331665039 474.16954040527344 300.1108169555664 399.4284973144531 300.1108169555664
405.3986511230469 111.9474868774414 478.5048065185547 111.9474868774414 478.5048065185547 300.6856460571289 405.3986511230469 300.6856460571289
412.24334716796875 106.3156967163086 483.3608703613281 106.3156967163086 483.3608703613281 292.3995895385742 412.24334716796875 292.3995895385742
413.82470703125 103.98545837402344 488.49949645996094 103.98545837402344 488.49949645996094 294.1885528564453 413.82470703125 294.1885528564453
416.38800048828125 94.66508483886719 489.8987808227539 94.66508483886719 489.8987808227539 291.1784362792969 416.38800048828125 291.1784362792969
420.72930908203125 75.0741958618164 490.876708984375 75.0741958618164 490.876708984375 268.5763626098633 420.72930908203125 268.5763626098633
422.2850036621094 69.81449890136719 495.57330322265625 69.81449890136719 495.57330322265625 268.31129455566406 422.2850036621094 268.31129455566406
424.3555603027344 61.99903106689453 495.53614807128906 61.99903106689453 495.53614807128906 254.79663848876953 424.3555603027344 254.79663848876953
424.27655029296875 60.050743103027344 495.5137252807617 60.050743103027344 495.5137252807617 255.50151824951172 424.27655029296875 255.50151824951172
427.58740234375 56.80048370361328 500.2292709350586 56.80048370361328 500.2292709350586 256.38939666748047 427.58740234375 256.38939666748047
432.564697265625 67.76443481445312 503.3582000732422 67.76443481445312 503.3582000732422 267.06285095214844 432.564697265625 267.06285095214844
435.1766662597656 72.91545104980469 507.80128479003906 72.91545104980469 507.80128479003906 273.80043029785156 435.1766662597656 273.80043029785156
438.30133056640625 80.3416519165039 510.84141540527344 80.3416519165039 510.84141540527344 282.2716751098633 438.30133056640625 282.2716751098633
441.6942443847656 77.59436798095703 515.2780303955078 77.59436798095703 515.2780303955078 286.79651641845703 441.6942443847656 286.79651641845703
440.17279052734375 87.47856140136719 514.2017364501953 87.47856140136719 514.2017364501953 298.3488311767578 440.17279052734375 298.3488311767578
437.17083740234375 102.98460388183594 517.5677337646484 102.98460388183594 517.5677337646484 302.14430236816406 437.17083740234375 302.14430236816406
431.44488525390625 104.4537124633789 513.7273559570312 104.4537124633789 513.7273559570312 301.77222442626953 431.44488525390625 301.77222442626953
427.1436462402344 113.1142349243164 507.32994079589844 113.1142349243164 507.32994079589844 309.7337417602539 427.1436462402344 309.7337417602539
424.7405700683594 119.9493408203125 504.21556854248047 119.9493408203125 504.21556854248047 317.6482849121094 424.7405700683594 317.6482849121094
423.32244873046875 120.61149597167969 499.3472366333008 120.61149597167969 499.3472366333008 326.4176483154297 423.32244873046875 326.4176483154297
422.7505798339844 131.28236389160156 499.13526153564453 131.28236389160156 499.13526153564453 335.0746307373047 422.7505798339844 335.0746307373047
422.93402099609375 133.71554565429688 499.21573638916016 133.71554565429688 499.21573638916016 335.95391845703125 422.93402099609375 335.95391845703125
425.04400634765625 140.47946166992188 500.27867126464844 140.47946166992188 500.27867126464844 340.8236389160156 425.04400634765625 340.8236389160156
427.4647521972656 135.59349060058594 501.2501220703125 135.59349060058594 501.2501220703125 339.8214416503906 427.4647521972656 339.8214416503906
428.66168212890625 136.7344970703125 503.4529266357422 136.7344970703125 503.4529266357422 338.6302185058594 428.66168212890625 338.6302185058594
429.641845703125 138.45034790039062 501.6582794189453 138.45034790039062 501.6582794189453 339.8152618408203 429.641845703125 339.8152618408203
432.0787048339844 138.91871643066406 504.4267883300781 138.91871643066406 504.4267883300781 342.23680114746094 432.0787048339844 342.23680114746094
430.7740783691406 146.00729370117188 502.98323822021484 146.00729370117188 502.98323822021484 350.3954772949219 430.7740783691406 350.3954772949219
429.21923828125 149.3269805908203 504.71446228027344 149.3269805908203 504.71446228027344 356.0571746826172 429.21923828125 356.0571746826172
426.43487548828125 152.51747131347656 505.50931549072266 152.51747131347656 505.50931549072266 355.8687744140625 426.43487548828125 355.8687744140625
427.41436767578125 162.2553253173828 507.94151306152344 162.2553253173828 507.94151306152344 365.1197509765625 427.41436767578125 365.1197509765625
431.3948669433594 165.8607177734375 513.1230545043945 165.8607177734375 513.1230545043945 371.6040802001953 431.3948669433594 371.6040802001953
432.5521545410156 166.58761596679688 515.4636993408203 166.58761596679688 515.4636993408203 374.76136779785156 432.5521545410156 374.76136779785156
431.99957275390625 167.32595825195312 517.468620300293 167.32595825195312 517.468620300293 372.2861328125 431.99957275390625 372.2861328125
434.8226013183594 165.9451446533203 521.5239486694336 165.9451446533203 521.5239486694336 373.8604736328125 434.8226013183594 373.8604736328125
431.54461669921875 159.6035614013672 520.2763824462891 159.6035614013672 520.2763824462891 372.387939453125 431.54461669921875 372.387939453125
429.0787048339844 154.92379760742188 518.815559387207 154.92379760742188 518.815559387207 370.11842346191406 429.0787048339844 370.11842346191406
426.4913635253906 155.11318969726562 514.637939453125 155.11318969726562 514.637939453125 366.4942169189453 426.4913635253906 366.4942169189453
426.54534912109375 148.46176147460938 515.3217239379883 148.46176147460938 515.3217239379883 361.35308837890625 426.54534912109375 361.35308837890625
422.613037109375 149.3724822998047 511.63458251953125 149.3724822998047 511.63458251953125 362.8517608642578 422.613037109375 362.8517608642578
425.0748596191406 160.2449951171875 512.9197769165039 160.2449951171875 512.9197769165039 370.9026336669922 425.0748596191406 370.9026336669922
426.4598083496094 165.4618682861328 515.2268447875977 165.4618682861328 515.2268447875977 378.330810546875 426.4598083496094 378.330810546875
425.9483337402344 168.96865844726562 515.2313079833984 168.96865844726562 515.2313079833984 383.0748596191406 425.9483337402344 383.0748596191406
427.04180908203125 169.58572387695312 517.8347778320312 169.58572387695312 517.8347778320312 387.31298828125 427.04180908203125 387.31298828125
431.14532470703125 172.4358673095703 520.9202880859375 172.4358673095703 520.9202880859375 390.5146484375 431.14532470703125 390.5146484375
439.01904296875 170.3290557861328 528.7816543579102 170.3290557861328 528.7816543579102 385.5854797363281 439.01904296875 385.5854797363281
438.578857421875 164.42733764648438 528.8142700195312 164.42733764648438 528.8142700195312 381.7227020263672 438.578857421875 381.7227020263672
438.28662109375 166.05274963378906 527.8035125732422 166.05274963378906 527.8035125732422 380.7199401855469 438.28662109375 380.7199401855469
437.54632568359375 168.66677856445312 527.0480499267578 168.66677856445312 527.0480499267578 384.28062438964844 437.54632568359375 384.28062438964844
433.0587463378906 167.133544921875 523.2664413452148 167.133544921875 523.2664413452148 383.4573211669922 433.0587463378906 383.4573211669922
430.39825439453125 168.65237426757812 520.6579284667969 168.65237426757812 520.6579284667969 386.4995422363281 430.39825439453125 386.4995422363281
428.0025939941406 175.65164184570312 520.6024322509766 175.65164184570312 520.6024322509766 398.40550231933594 428.0025939941406 398.40550231933594
422.4793395996094 176.460693359375 514.9115219116211 176.460693359375 514.9115219116211 396.6193084716797 422.4793395996094 396.6193084716797
414.91619873046875 177.77969360351562 508.5599594116211 177.77969360351562 508.5599594116211 402.3433380126953 414.91619873046875 402.3433380126953
409.69757080078125 174.91226196289062 504.82996368408203 174.91226196289062 504.82996368408203 403.1192626953125 409.69757080078125 403.1192626953125
400.2198791503906 173.7781524658203 497.4523468017578 173.7781524658203 497.4523468017578 404.7699737548828 400.2198791503906 404.7699737548828
395.6080627441406 166.67721557617188 493.45740509033203 166.67721557617188 493.45740509033203 401.3260955810547 395.6080627441406 401.3260955810547
394.412353515625 168.805419921875 493.20286560058594 168.805419921875 493.20286560058594 405.7112731933594 394.412353515625 405.7112731933594
391.568603515625 167.086669921875 490.77105712890625 167.086669921875 490.77105712890625 404.9803924560547 391.568603515625 404.9803924560547
391.26043701171875 162.44371032714844 492.04613494873047 162.44371032714844 492.04613494873047 404.13417053222656 391.26043701171875 404.13417053222656
387.57330322265625 159.01025390625 489.85201263427734 159.01025390625 489.85201263427734 404.2810516357422 387.57330322265625 404.2810516357422
388.9245910644531 152.7940673828125 488.05187225341797 152.7940673828125 488.05187225341797 393.423583984375 388.9245910644531 393.423583984375
389.34765625 151.72561645507812 489.3383560180664 151.72561645507812 489.3383560180664 391.5095977783203 389.34765625 391.5095977783203
388.994384765625 154.23269653320312 486.7322540283203 154.23269653320312 486.7322540283203 392.41302490234375 388.994384765625 392.41302490234375
387.34783935546875 166.74801635742188 485.0422134399414 166.74801635742188 485.0422134399414 404.5969696044922 387.34783935546875 404.5969696044922
388.2720031738281 171.4619903564453 484.72169494628906 171.4619903564453 484.72169494628906 417.0995330810547 388.2720031738281 417.0995330810547
387.1990966796875 172.4680633544922 482.41634368896484 172.4680633544922 482.41634368896484 418.9985046386719 387.1990966796875 418.9985046386719
386.10003662109375 171.5167236328125 479.33616638183594 171.5167236328125 479.33616638183594 415.9714660644531 386.10003662109375 415.9714660644531
383.9677734375 180.7384490966797 478.3843536376953 180.7384490966797 478.3843536376953 424.1221466064453 383.9677734375 424.1221466064453
379.3480224609375 177.83389282226562 470.0078125 177.83389282226562 470.0078125 418.50572204589844 379.3480224609375 418.50572204589844
371.9317321777344 178.1046142578125 462.37351989746094 178.1046142578125 462.37351989746094 419.4073486328125 371.9317321777344 419.4073486328125
368.42572021484375 181.6126251220703 457.3113098144531 181.6126251220703 457.3113098144531 421.9912109375 368.42572021484375 421.9912109375
363.7654724121094 188.0480194091797 453.42787170410156 188.0480194091797 453.42787170410156 430.9136657714844 363.7654724121094 430.9136657714844
360.5234375 176.2932891845703 448.52393341064453 176.2932891845703 448.52393341064453 424.3678741455078 360.5234375 424.3678741455078
361.9119567871094 178.14190673828125 451.04991149902344 178.14190673828125 451.04991149902344 426.53819274902344 361.9119567871094 426.53819274902344
362.142578125 171.83908081054688 455.0396423339844 171.83908081054688 455.0396423339844 422.9232177734375 362.142578125 422.9232177734375
365.3061218261719 163.67877197265625 460.61661529541016 163.67877197265625 460.61661529541016 416.7021179199219 365.3061218261719 416.7021179199219
368.25714111328125 153.056884765625 463.17332458496094 153.056884765625 463.17332458496094 412.8062438964844 368.25714111328125 412.8062438964844
368.8960876464844 148.69874572753906 465.82776641845703 148.69874572753906 465.82776641845703 414.5714569091797 368.8960876464844 414.5714569091797
372.323486328125 150.71836853027344 468.79383850097656 150.71836853027344 468.79383850097656 413.61253356933594 372.323486328125 413.61253356933594
377.725341796875 162.01455688476562 472.17103576660156 162.01455688476562 472.17103576660156 439.8041687011719 377.725341796875 439.8041687011719
380.5322265625 166.80465698242188 478.27352142333984 166.80465698242188 478.27352142333984 445.6960754394531 380.5322265625 445.6960754394531
382.4085693359375 182.93594360351562 479.89331817626953 182.93594360351562 479.89331817626953 457.2645263671875 382.4085693359375 457.2645263671875
383.26446533203125 183.17535400390625 484.35536193847656 183.17535400390625 484.35536193847656 458.77886962890625 383.26446533203125 458.77886962890625
383.34906005859375 187.7022705078125 484.1387481689453 187.7022705078125 484.1387481689453 461.86285400390625 383.34906005859375 461.86285400390625
385.0065002441406 187.26780700683594 495.85950469970703 187.26780700683594 495.85950469970703 453.10035705566406 385.0065002441406 453.10035705566406
392.812744140625 188.14962768554688 501.63382720947266 188.14962768554688 501.63382720947266 449.1094970703125 392.812744140625 449.1094970703125
395.09130859375 180.52943420410156 505.5572738647461 180.52943420410156 505.5572738647461 445.43382263183594 395.09130859375 445.43382263183594
398.03704833984375 174.00071716308594 511.034912109375 174.00071716308594 511.034912109375 444.9767608642578 398.03704833984375 444.9767608642578
402.0127868652344 174.3553924560547 513.509651184082 174.3553924560547 513.509651184082 441.73191833496094 402.0127868652344 441.73191833496094
400.92529296875 186.01739501953125 512.9537582397461 186.01739501953125 512.9537582397461 454.6687316894531 400.92529296875 454.6687316894531
399.0133361816406 202.64158630371094 512.8425369262695 202.64158630371094 512.8425369262695 475.61119079589844 399.0133361816406 475.61119079589844
389.4097595214844 202.45672607421875 504.7291946411133 202.45672607421875 504.7291946411133 479.0 389.4097595214844 479.0
371.9542236328125 197.83828735351562 486.2013702392578 197.83828735351562 486.2013702392578 471.8101501464844 371.9542236328125 471.8101501464844
370.92999267578125 196.23043823242188 485.2645034790039 196.23043823242188 485.2645034790039 474.8952941894531 370.92999267578125 474.8952941894531
372.6473083496094 198.7079620361328 481.8750762939453 198.7079620361328 481.8750762939453 474.9482879638672 372.6473083496094 474.9482879638672
374.17120361328125 202.15313720703125 489.6172332763672 202.15313720703125 489.6172332763672 479.0 374.17120361328125 479.0
368.28839111328125 200.27932739257812 484.51580810546875 200.27932739257812 484.51580810546875 479.0 368.28839111328125 479.0
365.47137451171875 199.52093505859375 481.30558013916016 199.52093505859375 481.30558013916016 478.4564514160156 365.47137451171875 478.4564514160156
356.34930419921875 201.29092407226562 470.86556243896484 201.29092407226562 470.86556243896484 478.2226257324219 356.34930419921875 478.2226257324219
345.9980773925781 202.3383331298828 456.4501037597656 202.3383331298828 456.4501037597656 476.86170959472656 345.9980773925781 476.86170959472656
338.62567138671875 202.62103271484375 448.99122619628906 202.62103271484375 448.99122619628906 475.3775634765625 338.62567138671875 475.3775634765625
329.4744567871094 204.10812377929688 440.4450988769531 204.10812377929688 440.4450988769531 476.31597900390625 329.4744567871094 476.31597900390625
319.9978942871094 205.40347290039062 429.3200149536133 205.40347290039062 429.3200149536133 475.2004699707031 319.9978942871094 475.2004699707031
317.7133483886719 203.5439453125 424.1491012573242 203.5439453125 424.1491012573242 474.6279602050781 317.7133483886719 474.6279602050781
307.1429748535156 189.61009216308594 408.5994415283203 189.61009216308594 408.5994415283203 475.6202850341797 307.1429748535156 475.6202850341797
306.81439208984375 182.67489624023438 413.09423828125 182.67489624023438 413.09423828125 468.1306457519531 306.81439208984375 468.1306457519531
302.76495361328125 151.2206268310547 406.4204330444336 151.2206268310547 406.4204330444336 454.31483459472656 302.76495361328125 454.31483459472656
296.42230224609375 142.48532104492188 397.59883880615234 142.48532104492188 397.59883880615234 450.0085754394531 296.42230224609375 450.0085754394531
288.65228271484375 123.3711929321289 394.40633392333984 123.3711929321289 394.40633392333984 430.81668853759766 288.65228271484375 430.81668853759766
277.4452209472656 104.3293228149414 383.64464569091797 104.3293228149414 383.64464569091797 409.3643569946289 277.4452209472656 409.3643569946289
272.4922180175781 101.70845031738281 387.09447479248047 101.70845031738281 387.09447479248047 398.36647033691406 272.4922180175781 398.36647033691406
272.55438232421875 96.5801773071289 385.16038513183594 96.5801773071289 385.16038513183594 399.65360260009766 272.55438232421875 399.65360260009766
270.177001953125 113.6969223022461 392.05296325683594 113.6969223022461 392.05296325683594 405.9630355834961 270.177001953125 405.9630355834961
270.6016540527344 115.95503234863281 391.52269744873047 115.95503234863281 391.52269744873047 415.75743103027344 270.6016540527344 415.75743103027344
273.5571594238281 118.4363784790039 393.21852111816406 118.4363784790039 393.21852111816406 422.3473587036133 273.5571594238281 422.3473587036133
270.0560607910156 109.35243225097656 389.7075500488281 109.35243225097656 389.7075500488281 422.9816436767578 270.0560607910156 422.9816436767578
266.2172546386719 125.76123046875 392.65452575683594 125.76123046875 392.65452575683594 428.96563720703125 266.2172546386719 428.96563720703125
261.0636901855469 105.1963119506836 388.1479949951172 105.1963119506836 388.1479949951172 409.95235443115234 261.0636901855469 409.95235443115234
255.06997680664062 111.6829605102539 379.8196258544922 111.6829605102539 379.8196258544922 428.7663040161133 255.06997680664062 428.7663040161133
245.9427490234375 113.1431884765625 374.9615173339844 113.1431884765625 374.9615173339844 422.53814697265625 245.9427490234375 422.53814697265625
242.804931640625 108.314453125 367.66204833984375 108.314453125 367.66204833984375 436.8362121582031 242.804931640625 436.8362121582031
247.7622833251953 94.1673355102539 363.39952850341797 94.1673355102539 363.39952850341797 445.64649200439453 247.7622833251953 445.64649200439453
234.9816436767578 99.43721771240234 354.11962890625 99.43721771240234 354.11962890625 433.27782440185547 234.9816436767578 433.27782440185547
250.09652709960938 90.11311340332031 360.7369689941406 90.11311340332031 360.7369689941406 433.4416046142578 250.09652709960938 433.4416046142578
245.1426239013672 93.24115753173828 356.4309310913086 93.24115753173828 356.4309310913086 437.02442169189453 245.1426239013672 437.02442169189453
250.11544799804688 112.4438247680664 373.40746307373047 112.4438247680664 373.40746307373047 437.24124908447266 250.11544799804688 437.24124908447266
255.68954467773438 113.46484375 374.1016387939453 113.46484375 374.1016387939453 457.8223571777344 255.68954467773438 457.8223571777344
264.620361328125 117.49188232421875 382.41761779785156 117.49188232421875 382.41761779785156 461.4267883300781 264.620361328125 461.4267883300781
269.2174987792969 123.95125579833984 387.42051696777344 123.95125579833984 387.42051696777344 458.9899215698242 269.2174987792969 458.9899215698242
270.65234375 120.2839584350586 390.70621490478516 120.2839584350586 390.70621490478516 460.50289154052734 270.65234375 460.50289154052734
270.15631103515625 114.3715591430664 391.31170654296875 114.3715591430664 391.31170654296875 462.1192398071289 270.15631103515625 462.1192398071289
274.361083984375 109.51668548583984 395.3584976196289 109.51668548583984 395.3584976196289 462.1137008666992 274.361083984375 462.1137008666992
277.4737243652344 109.86051940917969 405.31858825683594 109.86051940917969 405.31858825683594 462.7051544189453 277.4737243652344 462.7051544189453
281.53875732421875 106.09781646728516 411.2583312988281 106.09781646728516 411.2583312988281 460.4227066040039 281.53875732421875 460.4227066040039
281.3839111328125 101.38777923583984 408.2269058227539 101.38777923583984 408.2269058227539 460.01253509521484 281.3839111328125 460.01253509521484
278.64105224609375 107.33067321777344 397.7032241821289 107.33067321777344 397.7032241821289 460.15040588378906 278.64105224609375 460.15040588378906
281.9524841308594 113.47132873535156 397.85144805908203 113.47132873535156 397.85144805908203 462.5275421142578 281.9524841308594 462.5275421142578
287.1753845214844 123.03800964355469 403.2948684692383 123.03800964355469 403.2948684692383 467.82579040527344 287.1753845214844 467.82579040527344
291.11029052734375 127.69169616699219 403.8112335205078 127.69169616699219 403.8112335205078 470.36585998535156 291.11029052734375 470.36585998535156
257.32244873046875 134.38040161132812 401.02996826171875 134.38040161132812 401.02996826171875 478.9999694824219 257.32244873046875 478.9999694824219
299.4415588378906 108.4301528930664 411.8702926635742 108.4301528930664 411.8702926635742 452.9402847290039 299.4415588378906 452.9402847290039
286.3546447753906 111.85008239746094 400.9060592651367 111.85008239746094 400.9060592651367 455.50852966308594 286.3546447753906 455.50852966308594
285.16693115234375 107.9850082397461 403.26641845703125 107.9850082397461 403.26641845703125 448.85961151123047 285.16693115234375 448.85961151123047
329.2313232421875 131.0909881591797 472.1119079589844 131.0909881591797 472.1119079589844 473.72752380371094 329.2313232421875 473.72752380371094
338.65447998046875 135.27944946289062 481.11573791503906 135.27944946289062 481.11573791503906 476.9103698730469 338.65447998046875 476.9103698730469
328.5687561035156 134.46031188964844 472.24298095703125 134.46031188964844 472.24298095703125 479.00001525878906 328.5687561035156 479.00001525878906
326.97357177734375 140.29293823242188 468.1115417480469 140.29293823242188 468.1115417480469 478.7506103515625 326.97357177734375 478.7506103515625
334.96759033203125 139.1904754638672 476.2637939453125 139.1904754638672 476.2637939453125 478.0276336669922 334.96759033203125 478.0276336669922
326.5721130371094 131.76376342773438 470.8013153076172 131.76376342773438 470.8013153076172 477.6344299316406 326.5721130371094 477.6344299316406
328.6749572753906 128.10289001464844 475.0001983642578 128.10289001464844 475.0001983642578 478.9999542236328 328.6749572753906 478.9999542236328
328.0433654785156 122.73027038574219 476.0079803466797 122.73027038574219 476.0079803466797 477.5586395263672 328.0433654785156 477.5586395263672
331.7029724121094 96.64897155761719 471.63775634765625 96.64897155761719 471.63775634765625 458.2301788330078 331.7029724121094 458.2301788330078
338.0102844238281 98.6957778930664 476.44358825683594 98.6957778930664 476.44358825683594 457.68802642822266 338.0102844238281 457.68802642822266
339.4249572753906 111.5592269897461 479.68292236328125 111.5592269897461 479.68292236328125 462.3290023803711 339.4249572753906 462.3290023803711
337.84857177734375 136.02468872070312 479.2367248535156 136.02468872070312 479.2367248535156 475.0822448730469 337.84857177734375 475.0822448730469
339.7281799316406 133.45248413085938 483.37158203125 133.45248413085938 483.37158203125 477.91827392578125 339.7281799316406 477.91827392578125
336.2485046386719 132.55784606933594 480.716064453125 132.55784606933594 480.716064453125 479.00001525878906 336.2485046386719 479.00001525878906
339.3094482421875 123.94293212890625 486.1860046386719 123.94293212890625 486.1860046386719 476.1620178222656 339.3094482421875 476.1620178222656
343.4842224121094 129.61618041992188 488.8385925292969 129.61618041992188 488.8385925292969 478.1849670410156 343.4842224121094 478.1849670410156
342.0704040527344 124.60477447509766 488.2117919921875 124.60477447509766 488.2117919921875 475.0608901977539 342.0704040527344 475.0608901977539
342.298583984375 125.0338363647461 487.40802001953125 125.0338363647461 487.40802001953125 473.0152816772461 342.298583984375 473.0152816772461
343.1889343261719 126.1365966796875 487.5380554199219 126.1365966796875 487.5380554199219 472.29473876953125 343.1889343261719 472.29473876953125
344.5425720214844 123.4022216796875 490.79296875 123.4022216796875 490.79296875 474.11968994140625 344.5425720214844 474.11968994140625
341.08648681640625 109.63240051269531 490.28570556640625 109.63240051269531 490.28570556640625 467.4213409423828 341.08648681640625 467.4213409423828
339.98016357421875 120.30879974365234 488.41302490234375 120.30879974365234 488.41302490234375 476.25997161865234 339.98016357421875 476.25997161865234
337.2314453125 108.15779876708984 486.0113830566406 108.15779876708984 486.0113830566406 464.9413070678711 337.2314453125 464.9413070678711
337.4169616699219 105.71315002441406 488.6270751953125 105.71315002441406 488.6270751953125 468.3243865966797 337.4169616699219 468.3243865966797
333.0748596191406 114.91607666015625 482.7327423095703 114.91607666015625 482.7327423095703 473.8049621582031 333.0748596191406 473.8049621582031
331.21466064453125 112.9551773071289 482.7619323730469 112.9551773071289 482.7619323730469 476.3749465942383 331.21466064453125 476.3749465942383
328.6112365722656 116.93949890136719 479.01316833496094 116.93949890136719 479.01316833496094 477.61265563964844 328.6112365722656 477.61265563964844
327.4605407714844 113.413818359375 476.9986572265625 113.413818359375 476.9986572265625 472.01544189453125 327.4605407714844 472.01544189453125
327.00970458984375 113.93009948730469 478.6832733154297 113.93009948730469 478.6832733154297 477.6526641845703 327.00970458984375 477.6526641845703
325.43792724609375 106.6622085571289 480.70408630371094 106.6622085571289 480.70408630371094 479.00000762939453 325.43792724609375 479.00000762939453
321.8161926269531 101.9303207397461 479.05555725097656 101.9303207397461 479.05555725097656 478.99996185302734 321.8161926269531 478.99996185302734
314.0666809082031 97.7374038696289 473.0545196533203 97.7374038696289 473.0545196533203 479.00000762939453 314.0666809082031 479.00000762939453
313.21514892578125 96.6842269897461 471.9316711425781 96.6842269897461 471.9316711425781 477.2961654663086 313.21514892578125 477.2961654663086
311.71612548828125 97.74727630615234 470.6998596191406 97.74727630615234 470.6998596191406 479.0000228881836 311.71612548828125 479.0000228881836
307.32489013671875 92.10420989990234 468.6617736816406 92.10420989990234 468.6617736816406 478.99999237060547 307.32489013671875 478.99999237060547
306.67437744140625 96.77278900146484 465.1539611816406 96.77278900146484 465.1539611816406 476.8165817260742 306.67437744140625 476.8165817260742
306.4620666503906 98.41650390625 465.1667022705078 98.41650390625 465.1667022705078 479.0 306.4620666503906 479.0
307.4574279785156 99.82781982421875 465.57354736328125 99.82781982421875 465.57354736328125 479.0 307.4574279785156 479.0
307.19171142578125 94.58543395996094 467.343017578125 94.58543395996094 467.343017578125 478.6381072998047 307.19171142578125 478.6381072998047
297.34527587890625 89.663330078125 459.38063049316406 89.663330078125 459.38063049316406 478.2340393066406 297.34527587890625 478.2340393066406
291.1703186035156 82.60618591308594 456.4679412841797 82.60618591308594 456.4679412841797 478.99998474121094 291.1703186035156 478.99998474121094
284.70147705078125 76.31794738769531 451.3043518066406 76.31794738769531 451.3043518066406 475.84178161621094 284.70147705078125 475.84178161621094
283.197509765625 79.95381164550781 449.5444030761719 79.95381164550781 449.5444030761719 478.8637237548828 283.197509765625 478.8637237548828
277.43377685546875 86.72831726074219 441.0124969482422 86.72831726074219 441.0124969482422 478.99998474121094 277.43377685546875 478.99998474121094
278.73382568359375 90.79447174072266 440.61695861816406 90.79447174072266 440.61695861816406 478.9999771118164 278.73382568359375 478.9999771118164
280.4560546875 89.47108459472656 442.7234191894531 89.47108459472656 442.7234191894531 478.59803771972656 280.4560546875 478.59803771972656
278.8631896972656 90.81819152832031 440.73643493652344 90.81819152832031 440.73643493652344 479.00001525878906 278.8631896972656 479.00001525878906
278.38446044921875 86.4971694946289 442.05958557128906 86.4971694946289 442.05958557128906 479.00000762939453 278.38446044921875 479.00000762939453
279.24285888671875 85.01234436035156 443.5371551513672 85.01234436035156 443.5371551513672 479.00001525878906 279.24285888671875 479.00001525878906
279.4677429199219 82.84073638916016 444.6676025390625 82.84073638916016 444.6676025390625 479.00000762939453 279.4677429199219 479.00000762939453
275.6976013183594 81.15779113769531 441.5992431640625 81.15779113769531 441.5992431640625 479.00001525878906 275.6976013183594 479.00001525878906
276.90948486328125 82.53089141845703 442.23309326171875 82.53089141845703 442.23309326171875 478.98694610595703 276.90948486328125 478.98694610595703
277.4370422363281 82.5438003540039 442.7607116699219 82.5438003540039 442.7607116699219 479.00003814697266 277.4370422363281 479.00003814697266
277.9733581542969 84.54097747802734 442.28912353515625 84.54097747802734 442.28912353515625 478.58019256591797 277.9733581542969 478.58019256591797
271.7694396972656 76.15861511230469 439.7557373046875 76.15861511230469 439.7557373046875 478.99998474121094 271.7694396972656 478.99998474121094
277.29290771484375 70.11871337890625 447.7978820800781 70.11871337890625 447.7978820800781 479.0 277.29290771484375 479.0
283.4239807128906 63.51850509643555 456.68125915527344 63.51850509643555 456.68125915527344 479.0000114440918 283.4239807128906 479.0000114440918
285.45867919921875 53.2785530090332 462.9860382080078 53.2785530090332 462.9860382080078 478.9999885559082 285.45867919921875 478.9999885559082
286.4832763671875 50.20488739013672 464.6960754394531 50.20488739013672 464.6960754394531 477.57003021240234 286.4832763671875 477.57003021240234
286.21221923828125 35.60219955444336 471.1106872558594 35.60219955444336 471.1106872558594 478.99999618530273 286.21221923828125 478.99999618530273
292.0240173339844 26.194814682006836 480.84539794921875 26.194814682006836 480.84539794921875 478.99999046325684 292.0240173339844 478.99999046325684
295.3731994628906 14.405889511108398 488.7022399902344 14.405889511108398 488.7022399902344 477.199987411499 295.3731994628906 477.199987411499
291.17889404296875 14.452929496765137 486.22398376464844 14.452929496765137 486.22398376464844 478.9999876022339 291.17889404296875 478.9999876022339
295.16290283203125 19.115398406982422 488.36595153808594 19.115398406982422 488.36595153808594 478.3756523132324 295.16290283203125 478.3756523132324
294.97467041015625 13.251421928405762 492.38584899902344 13.251421928405762 492.38584899902344 479.000018119812 294.97467041015625 479.000018119812
298.65911865234375 10.039636611938477 497.96080017089844 10.039636611938477 497.96080017089844 477.1999759674072 298.65911865234375 477.1999759674072
303.3711853027344 9.0 509.39581298828125 9.0 509.39581298828125 479.0 303.3711853027344 479.0
305.5245666503906 6.003100395202637 515.730224609375 6.003100395202637 515.730224609375 474.8793821334839 305.5245666503906 474.8793821334839
310.14794921875 10.427480697631836 519.24560546875 10.427480697631836 519.24560546875 474.7351589202881 310.14794921875 474.7351589202881
309.62158203125 6.767035007476807 521.2408752441406 6.767035007476807 521.2408752441406 473.59998178482056 309.62158203125 473.59998178482056
313.47943115234375 9.888501167297363 524.0032806396484 9.888501167297363 524.0032806396484 474.304913520813 313.47943115234375 474.304913520813
315.85888671875 4.940557956695557 529.3351745605469 4.940557956695557 529.3351745605469 473.59998178482056 315.85888671875 473.59998178482056
315.92230224609375 12.803637504577637 529.2738647460938 12.803637504577637 529.2738647460938 476.511492729187 315.92230224609375 476.511492729187
314.4336853027344 10.702611923217773 529.3780212402344 10.702611923217773 529.3780212402344 476.8514461517334 314.4336853027344 476.8514461517334
314.1529846191406 13.30413818359375 528.5447082519531 13.30413818359375 528.5447082519531 475.4000244140625 314.1529846191406 475.4000244140625
308.3006591796875 9.982043266296387 529.4542694091797 9.982043266296387 529.4542694091797 477.19999980926514 308.3006591796875 477.19999980926514
305.5398864746094 21.7149658203125 522.2983856201172 21.7149658203125 522.2983856201172 477.29193115234375 305.5398864746094 477.29193115234375
306.0057678222656 18.0827579498291 526.1002197265625 18.0827579498291 526.1002197265625 478.9999942779541 306.0057678222656 478.9999942779541
304.17120361328125 15.814489364624023 526.4841613769531 15.814489364624023 526.4841613769531 478.9999752044678 304.17120361328125 478.9999752044678
307.9806213378906 22.866954803466797 526.9086456298828 22.866954803466797 526.9086456298828 479.0000114440918 307.9806213378906 479.0000114440918
304.2275390625 19.174341201782227 524.9278869628906 19.174341201782227 524.9278869628906 478.999963760376 304.2275390625 478.999963760376
302.20556640625 10.604516983032227 527.176513671875 10.604516983032227 527.176513671875 477.2000370025635 302.20556640625 477.2000370025635
307.925048828125 14.325262069702148 531.9698791503906 14.325262069702148 531.9698791503906 478.9999752044678 307.925048828125 478.9999752044678
309.40118408203125 11.582928657531738 535.6599731445312 11.582928657531738 535.6599731445312 479.0000123977661 309.40118408203125 479.0000123977661
307.0118713378906 12.741754531860352 532.9962463378906 12.741754531860352 532.9962463378906 478.9999942779541 307.0118713378906 478.9999942779541
300.3109130859375 13.171239852905273 528.6425323486328 13.171239852905273 528.6425323486328 479.0000057220459 300.3109130859375 479.0000057220459
297.21551513671875 11.283594131469727 529.3573150634766 11.283594131469727 529.3573150634766 478.9999942779541 297.21551513671875 478.9999942779541
296.802734375 12.461822509765625 532.1291809082031 12.461822509765625 532.1291809082031 479.0 296.802734375 479.0
288.0065002441406 13.077428817749023 522.5938110351562 13.077428817749023 522.5938110351562 474.1772212982178 288.0065002441406 474.1772212982178
275.9895935058594 0.0 516.1343231201172 0.0 516.1343231201172 468.50042724609375 275.9895935058594 468.50042724609375
277.5892639160156 2.818188428878784 522.9285430908203 2.818188428878784 522.9285430908203 471.8000304698944 277.5892639160156 471.8000304698944
276.36871337890625 2.322610378265381 521.2397766113281 2.322610378265381 521.2397766113281 473.93937063217163 276.36871337890625 473.93937063217163
272.3460388183594 5.919140815734863 513.2693328857422 5.919140815734863 513.2693328857422 474.19999408721924 272.3460388183594 474.19999408721924
263.16961669921875 14.294415473937988 513.2798767089844 14.294415473937988 513.2798767089844 475.39997577667236 263.16961669921875 475.39997577667236
269.4304504394531 12.604974746704102 520.2475891113281 12.604974746704102 520.2475891113281 474.8641605377197 269.4304504394531 474.8641605377197
265.48297119140625 3.025494337081909 521.1174163818359 3.025494337081909 521.1174163818359 471.7999999523163 265.48297119140625 471.7999999523163
257.938232421875 4.902056694030762 519.0296020507812 4.902056694030762 519.0296020507812 474.514178276062 257.938232421875 474.514178276062
296.7519226074219 15.408990859985352 555.7481994628906 15.408990859985352 555.7481994628906 478.9999942779541 296.7519226074219 478.9999942779541
299.2054138183594 20.228321075439453 557.3831176757812 20.228321075439453 557.3831176757812 478.9999885559082 299.2054138183594 478.9999885559082
310.0549011230469 24.597763061523438 565.773681640625 24.597763061523438 565.773681640625 479.00001525878906 310.0549011230469 479.00001525878906
305.8247985839844 30.449310302734375 558.2505493164062 30.449310302734375 558.2505493164062 479.0 305.8247985839844 479.0
298.4076843261719 23.845163345336914 553.1237182617188 23.845163345336914 553.1237182617188 476.4656162261963 298.4076843261719 476.4656162261963
299.0210876464844 3.4359679222106934 562.9914855957031 3.4359679222106934 562.9914855957031 470.90929555892944 299.0210876464844 470.90929555892944
280.96820068359375 6.565118312835693 545.480712890625 6.565118312835693 545.480712890625 473.6000304222107 280.96820068359375 473.6000304222107
272.68048095703125 7.199999809265137 546.7319030761719 7.199999809265137 546.7319030761719 477.19999980926514 272.68048095703125 477.19999980926514
268.1375427246094 5.400000095367432 549.1711120605469 5.400000095367432 549.1711120605469 475.40000009536743 268.1375427246094 475.40000009536743
262.4716796875 7.07806396484375 547.4391174316406 7.07806396484375 547.4391174316406 475.3999938964844 262.4716796875 475.3999938964844
270.2464904785156 6.395123481750488 560.4335632324219 6.395123481750488 560.4335632324219 473.60001850128174 270.2464904785156 473.60001850128174
267.8976135253906 14.714849472045898 556.8091735839844 14.714849472045898 556.8091735839844 479.0000057220459 267.8976135253906 479.0000057220459
263.28570556640625 10.537487983703613 559.0309753417969 10.537487983703613 559.0309753417969 478.999981880188 263.28570556640625 478.999981880188
266.2676086425781 11.264654159545898 563.0857543945312 11.264654159545898 563.0857543945312 479.0000057220459 266.2676086425781 479.0000057220459
265.314453125 7.199999809265137 567.8753051757812 7.199999809265137 567.8753051757812 477.19999980926514 265.314453125 477.19999980926514
266.56591796875 7.841119289398193 574.4444274902344 7.841119289398193 574.4444274902344 477.2000060081482 266.56591796875 477.2000060081482
263.4394836425781 7.947076320648193 575.2999877929688 7.947076320648193 575.2999877929688 477.1221251487732 263.4394836425781 477.1221251487732
264.9554748535156 9.37231731414795 579.6743469238281 9.37231731414795 579.6743469238281 478.4680814743042 264.9554748535156 478.4680814743042
264.3078918457031 9.0 584.6105346679688 9.0 584.6105346679688 479.0 264.3078918457031 479.0
266.4544372558594 7.607003688812256 596.9296875 7.607003688812256 596.9296875 477.60700368881226 266.4544372558594 477.60700368881226
265.3412170410156 1.7999999523162842 607.5193481445312 1.7999999523162842 607.5193481445312 471.7999999523163 265.3412170410156 471.7999999523163
264.4463806152344 1.7999999523162842 619.0779724121094 1.7999999523162842 619.0779724121094 471.7999999523163 264.4463806152344 471.7999999523163
260.4885559082031 0.0 626.9276123046875 0.0 626.9276123046875 470.0 260.4885559082031 470.0
248.44265747070312 0.0 629.0000305175781 0.0 629.0000305175781 470.0 248.44265747070312 470.0
247.9615936279297 0.0 628.9999847412109 0.0 628.9999847412109 470.0 247.9615936279297 470.0
249.2546844482422 0.0 628.9999847412109 0.0 628.9999847412109 468.36895751953125 249.2546844482422 468.36895751953125
244.47122192382812 0.0 629.0 0.0 629.0 470.0 244.47122192382812 470.0
239.4282684326172 9.0 628.6484222412109 9.0 628.6484222412109 479.0 239.4282684326172 479.0
233.6204071044922 0.0 601.9584808349609 0.0 601.9584808349609 471.0 233.6204071044922 471.0
231.7666778564453 0.0 601.4553680419922 0.0 601.4553680419922 471.0 231.7666778564453 471.0
231.37112426757812 0.0 601.7305603027344 0.0 601.7305603027344 471.0 231.37112426757812 471.0
230.15658569335938 0.0 601.80859375 0.0 601.80859375 470.9786071777344 230.15658569335938 470.9786071777344
225.927734375 0.0 600.6582336425781 0.0 600.6582336425781 476.68701171875 225.927734375 476.68701171875
222.6359405517578 0.0 601.2120513916016 0.0 601.2120513916016 480.0 222.6359405517578 480.0
222.1254425048828 0.0 599.4188385009766 0.0 599.4188385009766 480.0 222.1254425048828 480.0
222.22994995117188 0.0 597.672607421875 0.0 597.672607421875 480.0 222.22994995117188 480.0
224.84768676757812 0.0 598.9680786132812 0.0 598.9680786132812 480.0 224.84768676757812 480.0
224.4804229736328 0.0 600.3286590576172 0.0 600.3286590576172 480.0 224.4804229736328 480.0
223.56509399414062 0.0 601.0035705566406 0.0 601.0035705566406 480.0 223.56509399414062 480.0
224.8939208984375 0.0 599.7682495117188 0.0 599.7682495117188 470.63775634765625 224.8939208984375 470.63775634765625
223.2838897705078 0.0 600.9559173583984 0.0 600.9559173583984 480.0 223.2838897705078 480.0
222.9580535888672 0.0 601.5036163330078 0.0 601.5036163330078 480.0 222.9580535888672 480.0
223.0288543701172 0.0 601.8401947021484 0.0 601.8401947021484 480.0 223.0288543701172 480.0
221.3295440673828 0.0 602.6633758544922 0.0 602.6633758544922 480.0 221.3295440673828 480.0
223.0177001953125 0.0 603.4761962890625 0.0 603.4761962890625 479.79010009765625 223.0177001953125 479.79010009765625
216.9385986328125 3.878265380859375 618.8487854003906 3.878265380859375 618.8487854003906 474.115234375 216.9385986328125 474.115234375
219.2029266357422 5.519113063812256 618.0764312744141 5.519113063812256 618.0764312744141 471.6562285423279 219.2029266357422 471.6562285423279
215.7007293701172 4.139565944671631 611.7522735595703 4.139565944671631 611.7522735595703 476.2885527610779 215.7007293701172 476.2885527610779
218.07235717773438 0.0 600.8302307128906 0.0 600.8302307128906 480.0 218.07235717773438 480.0
221.3766326904297 0.0 599.4096832275391 0.0 599.4096832275391 480.0 221.3766326904297 480.0
221.9397430419922 0.0 600.3916168212891 0.0 600.3916168212891 479.09552001953125 221.9397430419922 479.09552001953125
223.4342041015625 0.0 598.3689880371094 0.0 598.3689880371094 479.70819091796875 223.4342041015625 479.70819091796875
222.9466094970703 0.0 597.4008026123047 0.0 597.4008026123047 480.0 222.9466094970703 480.0
222.85464477539062 0.0 597.0389404296875 0.0 597.0389404296875 480.0 222.85464477539062 480.0
223.1871795654297 0.0 597.2059173583984 0.0 597.2059173583984 480.0 223.1871795654297 480.0
222.81643676757812 0.0 597.1224060058594 0.0 597.1224060058594 480.0 222.81643676757812 480.0
223.0696563720703 0.0 598.6324615478516 0.0 598.6324615478516 479.78759765625 223.0696563720703 479.78759765625
224.0283203125 0.0 597.5992736816406 0.0 597.5992736816406 479.23992919921875 224.0283203125 479.23992919921875
228.8167266845703 0.0 597.3879547119141 0.0 597.3879547119141 466.1964416503906 228.8167266845703 466.1964416503906
229.4586944580078 0.0 598.0401763916016 0.0 598.0401763916016 463.5242614746094 229.4586944580078 463.5242614746094
230.3273468017578 0.0 598.4615325927734 0.0 598.4615325927734 467.67041015625 230.3273468017578 467.67041015625
227.25820922851562 0.0 599.1401977539062 0.0 599.1401977539062 474.46331787109375 227.25820922851562 474.46331787109375
226.5127410888672 0.0 601.1805267333984 0.0 601.1805267333984 477.01617431640625 226.5127410888672 477.01617431640625
223.87948608398438 0.0 600.69775390625 0.0 600.69775390625 478.9849548339844 223.87948608398438 478.9849548339844
226.6090087890625 0.0 601.3848266601562 0.0 601.3848266601562 476.2665100097656 226.6090087890625 476.2665100097656
231.0293426513672 0.0 599.5757904052734 0.0 599.5757904052734 467.2200622558594 231.0293426513672 467.2200622558594
229.77297973632812 0.0 600.5255737304688 0.0 600.5255737304688 479.6923828125 229.77297973632812 479.6923828125
228.80795288085938 0.0 600.4181213378906 0.0 600.4181213378906 478.0015563964844 228.80795288085938 478.0015563964844
224.88388061523438 0.0 600.8227844238281 0.0 600.8227844238281 480.0 224.88388061523438 480.0
229.2743682861328 0.0 600.0879974365234 0.0 600.0879974365234 476.34588623046875 229.2743682861328 476.34588623046875
234.98880004882812 0.1397857666015625 598.4457092285156 0.1397857666015625 598.4457092285156 457.9337921142578 234.98880004882812 457.9337921142578
236.8750457763672 0.27946168184280396 599.5034027099609 0.27946168184280396 599.5034027099609 452.48130494356155 236.8750457763672 452.48130494356155
228.96011352539062 0.0 598.7620239257812 0.0 598.7620239257812 479.1448669433594 228.96011352539062 479.1448669433594
232.9519805908203 0.0 594.5885772705078 0.0 594.5885772705078 464.16839599609375 232.9519805908203 464.16839599609375
233.8562774658203 0.0 596.9359283447266 0.0 596.9359283447266 466.6236267089844 233.8562774658203 466.6236267089844
234.5619659423828 0.0 597.3708038330078 0.0 597.3708038330078 459.9120178222656 234.5619659423828 459.9120178222656
232.95230102539062 0.0 598.5364685058594 0.0 598.5364685058594 472.39288330078125 232.95230102539062 472.39288330078125
233.6913299560547 0.0 598.6964569091797 0.0 598.6964569091797 473.9691467285156 233.6913299560547 473.9691467285156
235.8634490966797 0.0 598.2979583740234 0.0 598.2979583740234 463.59588623046875 235.8634490966797 463.59588623046875
233.48086547851562 0.3211822509765625 597.7003173828125 0.3211822509765625 597.7003173828125 463.34266662597656 233.48086547851562 463.34266662597656
230.90481567382812 0.0 596.5805358886719 0.0 596.5805358886719 462.08770751953125 230.90481567382812 462.08770751953125
229.4510040283203 0.0 597.5792388916016 0.0 597.5792388916016 469.01861572265625 229.4510040283203 469.01861572265625
231.3630828857422 0.0 597.2023162841797 0.0 597.2023162841797 462.3575134277344 231.3630828857422 462.3575134277344
232.5189971923828 0.0 598.4644012451172 0.0 598.4644012451172 463.1748046875 232.5189971923828 463.1748046875
232.2057342529297 0.0 597.9532318115234 0.0 597.9532318115234 462.20562744140625 232.2057342529297 462.20562744140625
235.49252319335938 0.0 597.0152587890625 0.0 597.0152587890625 462.232666015625 235.49252319335938 462.232666015625
238.1761016845703 0.0 597.0688018798828 0.0 597.0688018798828 460.03924560546875 238.1761016845703 460.03924560546875
238.849853515625 0.0 596.823974609375 0.0 596.823974609375 470.05517578125 238.849853515625 470.05517578125
241.38235473632812 0.0 596.1201477050781 0.0 596.1201477050781 463.56976318359375 241.38235473632812 463.56976318359375
239.88522338867188 0.0 596.8202819824219 0.0 596.8202819824219 465.04412841796875 239.88522338867188 465.04412841796875
237.4751739501953 0.0 595.2594146728516 0.0 595.2594146728516 470.0201110839844 237.4751739501953 470.0201110839844
237.1752166748047 0.0 596.2197418212891 0.0 596.2197418212891 466.08929443359375 237.1752166748047 466.08929443359375
238.0005645751953 0.0 596.6704254150391 0.0 596.6704254150391 467.03302001953125 238.0005645751953 467.03302001953125
236.4129638671875 0.0 596.6930541992188 0.0 596.6930541992188 464.15576171875 236.4129638671875 464.15576171875
236.6693878173828 0.0 596.0702667236328 0.0 596.0702667236328 465.00653076171875 236.6693878173828 465.00653076171875
237.4322052001953 0.0 594.5452728271484 0.0 594.5452728271484 467.5841369628906 237.4322052001953 467.5841369628906
240.553466796875 0.0 591.0568237304688 0.0 591.0568237304688 464.61199951171875 240.553466796875 464.61199951171875
241.12698364257812 0.0 595.9944763183594 0.0 595.9944763183594 467.73065185546875 241.12698364257812 467.73065185546875
246.4691925048828 0.0 596.9445953369141 0.0 596.9445953369141 457.70977783203125 246.4691925048828 457.70977783203125
246.72732543945312 0.5166900753974915 596.5990905761719 0.5166900753974915 596.5990905761719 460.9063385128975 246.72732543945312 460.9063385128975
252.1616668701172 4.467489719390869 594.5642242431641 4.467489719390869 594.5642242431641 452.5196442604065 252.1616668701172 452.5196442604065
247.512939453125 1.5755767822265625 599.0734558105469 1.5755767822265625 599.0734558105469 457.99647521972656 247.512939453125 457.99647521972656
254.8493194580078 6.7538299560546875 599.7343292236328 6.7538299560546875 599.7343292236328 450.4169158935547 254.8493194580078 450.4169158935547
262.205078125 13.943929672241211 598.9200134277344 13.943929672241211 598.9200134277344 448.1615505218506 262.205078125 448.1615505218506
268.81646728515625 23.469289779663086 596.7566528320312 23.469289779663086 596.7566528320312 449.86855125427246 268.81646728515625 449.86855125427246
275.2232971191406 31.706558227539062 597.963623046875 31.706558227539062 597.963623046875 451.0529022216797 275.2232971191406 451.0529022216797
283.1451721191406 44.75693130493164 597.3127136230469 44.75693130493164 597.3127136230469 452.94491958618164 283.1451721191406 452.94491958618164
288.12396240234375 56.76042938232422 594.7801208496094 56.76042938232422 594.7801208496094 454.2811813354492 288.12396240234375 454.2811813354492
298.2055969238281 73.79173278808594 596.7331237792969 73.79173278808594 596.7331237792969 456.5620880126953 298.2055969238281 456.5620880126953
303.141845703125 78.83830261230469 596.8770141601562 78.83830261230469 596.8770141601562 457.17701721191406 303.141845703125 457.17701721191406
310.27984619140625 84.51850891113281 597.6336669921875 84.51850891113281 597.6336669921875 457.87144470214844 310.27984619140625 457.87144470214844
310.2443542480469 86.06944274902344 601.9588012695312 86.06944274902344 601.9588012695312 458.7408905029297 310.2443542480469 458.7408905029297
303.694091796875 69.71343994140625 601.8285827636719 69.71343994140625 601.8285827636719 456.13153076171875 303.694091796875 456.13153076171875
305.89056396484375 72.21615600585938 598.3750915527344 72.21615600585938 598.3750915527344 455.38299560546875 305.89056396484375 455.38299560546875
310.2396240234375 78.97193908691406 599.9993591308594 78.97193908691406 599.9993591308594 456.65577697753906 310.2396240234375 456.65577697753906
313.4870910644531 83.80776977539062 599.7134704589844 83.80776977539062 599.7134704589844 456.1857604980469 313.4870910644531 456.1857604980469
316.2934265136719 91.35935974121094 601.1347351074219 91.35935974121094 601.1347351074219 457.14601135253906 316.2934265136719 457.14601135253906
324.5973815917969 101.33457946777344 599.2267150878906 101.33457946777344 599.2267150878906 459.12742614746094 324.5973815917969 459.12742614746094
318.17718505859375 95.04151153564453 598.3448181152344 95.04151153564453 598.3448181152344 459.96729278564453 318.17718505859375 459.96729278564453
313.96392822265625 88.68572235107422 600.2742309570312 88.68572235107422 600.2742309570312 459.66707611083984 313.96392822265625 459.66707611083984
312.6908264160156 90.71018981933594 600.349853515625 90.71018981933594 600.349853515625 459.5056610107422 312.6908264160156 459.5056610107422
311.58685302734375 86.602294921875 603.1941223144531 86.602294921875 603.1941223144531 458.5596618652344 311.58685302734375 458.5596618652344
312.3897399902344 90.66812133789062 601.410400390625 90.66812133789062 601.410400390625 457.8701477050781 312.3897399902344 457.8701477050781
314.24835205078125 95.2867202758789 599.4920349121094 95.2867202758789 599.4920349121094 459.30594635009766 314.24835205078125 459.30594635009766
323.7434387207031 101.18114471435547 598.8516540527344 101.18114471435547 598.8516540527344 460.95662689208984 323.7434387207031 460.95662689208984
315.1383972167969 87.94235229492188 600.6554260253906 87.94235229492188 600.6554260253906 456.68585205078125 315.1383972167969 456.68585205078125
327.958740234375 100.1217041015625 598.1415405273438 100.1217041015625 598.1415405273438 458.352783203125 327.958740234375 458.352783203125
326.04400634765625 99.21372985839844 596.4586486816406 99.21372985839844 596.4586486816406 460.5852508544922 326.04400634765625 460.5852508544922
315.7730407714844 92.68538665771484 594.3360900878906 92.68538665771484 594.3360900878906 462.16646575927734 315.7730407714844 462.16646575927734
315.75958251953125 97.28140258789062 591.7649536132812 97.28140258789062 591.7649536132812 463.4618225097656 315.75958251953125 463.4618225097656
311.96832275390625 94.99046325683594 593.4783935546875 94.99046325683594 593.4783935546875 463.9777069091797 311.96832275390625 463.9777069091797
317.84759521484375 99.17926025390625 592.7277526855469 99.17926025390625 592.7277526855469 466.196044921875 317.84759521484375 466.196044921875
315.81427001953125 95.72096252441406 593.0574340820312 95.72096252441406 593.0574340820312 466.36305236816406 315.81427001953125 466.36305236816406
310.53179931640625 93.33415222167969 594.2751159667969 93.33415222167969 594.2751159667969 465.5414581298828 310.53179931640625 465.5414581298828
283.3344421386719 83.192626953125 583.4766540527344 83.192626953125 583.4766540527344 457.0216369628906 283.3344421386719 457.0216369628906
284.11346435546875 84.26951599121094 585.20556640625 84.26951599121094 585.20556640625 459.19114685058594 284.11346435546875 459.19114685058594
288.15069580078125 90.06414794921875 585.6536254882812 90.06414794921875 585.6536254882812 460.3116455078125 288.15069580078125 460.3116455078125
301.2120666503906 99.13214111328125 590.5755004882812 99.13214111328125 590.5755004882812 466.0041809082031 301.2120666503906 466.0041809082031
274.17510986328125 87.17829895019531 576.0512390136719 87.17829895019531 576.0512390136719 454.9506378173828 274.17510986328125 454.9506378173828
275.4607238769531 87.73253631591797 575.3706970214844 87.73253631591797 575.3706970214844 455.81050872802734 275.4607238769531 455.81050872802734
273.18743896484375 89.3146743774414 572.1550903320312 89.3146743774414 572.1550903320312 455.82596588134766 273.18743896484375 455.82596588134766
271.14471435546875 81.89985656738281 573.4943542480469 81.89985656738281 573.4943542480469 454.2693328857422 271.14471435546875 454.2693328857422
270.9994201660156 83.52101135253906 572.8960876464844 83.52101135253906 572.8960876464844 454.3668670654297 270.9994201660156 454.3668670654297
272.31707763671875 85.6698226928711 573.2782592773438 85.6698226928711 573.2782592773438 453.8275375366211 272.31707763671875 453.8275375366211
272.5517883300781 82.34956359863281 576.5365905761719 82.34956359863281 576.5365905761719 454.79161071777344 272.5517883300781 454.79161071777344
270.68255615234375 82.49864196777344 577.302978515625 82.49864196777344 577.302978515625 454.3922576904297 270.68255615234375 454.3922576904297
276.26385498046875 85.13480377197266 579.2537841796875 85.13480377197266 579.2537841796875 455.41028594970703 276.26385498046875 455.41028594970703
274.6197204589844 84.01448822021484 580.9841003417969 84.01448822021484 580.9841003417969 453.3037338256836 274.6197204589844 453.3037338256836
276.3357849121094 83.45050048828125 583.9620971679688 83.45050048828125 583.9620971679688 454.6771240234375 276.3357849121094 454.6771240234375
275.97015380859375 103.0845947265625 588.8553161621094 103.0845947265625 588.8553161621094 466.312255859375 275.97015380859375 466.312255859375
286.2044372558594 95.43538665771484 584.5964050292969 95.43538665771484 584.5964050292969 457.5235824584961 286.2044372558594 457.5235824584961
306.854736328125 100.40144348144531 596.2603149414062 100.40144348144531 596.2603149414062 464.9951934814453 306.854736328125 464.9951934814453
283.6019287109375 96.86811828613281 589.7806396484375 96.86811828613281 589.7806396484375 460.9374542236328 283.6019287109375 460.9374542236328
296.76727294921875 87.29407501220703 603.2789001464844 87.29407501220703 603.2789001464844 462.18787384033203 296.76727294921875 462.18787384033203
287.6715087890625 60.5417366027832 601.0148010253906 60.5417366027832 601.0148010253906 454.3401985168457 287.6715087890625 454.3401985168457
285.9870300292969 53.173866271972656 599.810546875 53.173866271972656 599.810546875 449.93680572509766 285.9870300292969 449.93680572509766
290.21331787109375 55.758079528808594 599.9015502929688 55.758079528808594 599.9015502929688 451.2932662963867 290.21331787109375 451.2932662963867
294.86749267578125 60.0380744934082 601.437744140625 60.0380744934082 601.437744140625 453.00468826293945 294.86749267578125 453.00468826293945
296.330322265625 61.0130500793457 602.8097534179688 61.0130500793457 602.8097534179688 453.4223213195801 296.330322265625 453.4223213195801
295.71484375 54.2548942565918 604.3287963867188 54.2548942565918 604.3287963867188 452.0745658874512 295.71484375 452.0745658874512
291.8114318847656 45.15816116333008 605.6421813964844 45.15816116333008 605.6421813964844 450.1501350402832 291.8114318847656 450.1501350402832
293.89141845703125 53.4626579284668 603.3576354980469 53.4626579284668 603.3576354980469 452.7032585144043 293.89141845703125 452.7032585144043
292.67071533203125 50.84516525268555 602.526123046875 50.84516525268555 602.526123046875 451.8396110534668 292.67071533203125 451.8396110534668
287.05194091796875 41.26209259033203 605.0418090820312 41.26209259033203 605.0418090820312 450.45471954345703 287.05194091796875 450.45471954345703
292.62469482421875 55.62384033203125 601.4443969726562 55.62384033203125 601.4443969726562 452.33709716796875 292.62469482421875 452.33709716796875
294.7170715332031 55.5563850402832 600.3222961425781 55.5563850402832 600.3222961425781 451.8532295227051 294.7170715332031 451.8532295227051
292.05157470703125 47.97020721435547 601.6179504394531 47.97020721435547 601.6179504394531 449.9780807495117 292.05157470703125 449.9780807495117
287.169189453125 40.03783416748047 602.8917541503906 40.03783416748047 602.8917541503906 448.81249237060547 287.169189453125 448.81249237060547
284.74615478515625 37.09465026855469 604.0049133300781 37.09465026855469 604.0049133300781 449.10020446777344 284.74615478515625 449.10020446777344
278.6075134277344 34.820587158203125 602.2201232910156 34.820587158203125 602.2201232910156 448.53118896484375 278.6075134277344 448.53118896484375
272.1805114746094 20.868976593017578 602.8374938964844 20.868976593017578 602.8374938964844 446.15324783325195 272.1805114746094 446.15324783325195
275.82598876953125 32.161155700683594 600.8729553222656 32.161155700683594 600.8729553222656 448.9642868041992 275.82598876953125 448.9642868041992
278.292724609375 37.93085861206055 598.5206604003906 37.93085861206055 598.5206604003906 449.7037162780762 278.292724609375 449.7037162780762
284.27423095703125 54.75010299682617 598.326904296875 54.75010299682617 598.326904296875 455.94379806518555 284.27423095703125 455.94379806518555
282.98834228515625 51.61773681640625 599.1524963378906 51.61773681640625 599.1524963378906 454.52685546875 282.98834228515625 454.52685546875
279.18731689453125 33.243492126464844 603.5189514160156 33.243492126464844 603.5189514160156 447.3475570678711 279.18731689453125 447.3475570678711
266.6831970214844 50.1036376953125 618.8149719238281 50.1036376953125 618.8149719238281 456.01251220703125 266.6831970214844 456.01251220703125
275.90850830078125 41.31171417236328 608.6328125 41.31171417236328 608.6328125 451.08643341064453 275.90850830078125 451.08643341064453
285.1770935058594 46.215946197509766 599.0656127929688 46.215946197509766 599.0656127929688 450.9601173400879 285.1770935058594 450.9601173400879
284.9095458984375 46.101036071777344 599.2982177734375 46.101036071777344 599.2982177734375 451.8965072631836 284.9095458984375 451.8965072631836
282.9925842285156 40.98200988769531 600.3499755859375 40.98200988769531 600.3499755859375 450.8131561279297 282.9925842285156 450.8131561279297
284.40850830078125 43.64137649536133 599.4791259765625 43.64137649536133 599.4791259765625 451.58464431762695 284.40850830078125 451.58464431762695
280.22222900390625 32.463287353515625 599.274169921875 32.463287353515625 599.274169921875 449.20635986328125 280.22222900390625 449.20635986328125
279.6285095214844 34.62328338623047 599.8861389160156 34.62328338623047 599.8861389160156 449.4934616088867 279.6285095214844 449.4934616088867
276.31097412109375 28.54585838317871 599.0331726074219 28.54585838317871 599.0331726074219 448.22084617614746 276.31097412109375 448.22084617614746
266.53314208984375 25.61666488647461 606.9398193359375 25.61666488647461 606.9398193359375 446.92104721069336 266.53314208984375 446.92104721069336
255.032958984375 28.11014747619629 618.489990234375 28.11014747619629 618.489990234375 449.12510108947754 255.032958984375 449.12510108947754
253.17562866210938 17.534088134765625 613.7100524902344 17.534088134765625 613.7100524902344 449.53814697265625 253.17562866210938 449.53814697265625
250.4561309814453 13.036077499389648 613.6148834228516 13.036077499389648 613.6148834228516 448.1818904876709 250.4561309814453 448.1818904876709
249.15615844726562 5.221096992492676 607.4048461914062 5.221096992492676 607.4048461914062 447.9680757522583 249.15615844726562 447.9680757522583
251.5338592529297 0.6216186285018921 603.1885528564453 0.6216186285018921 603.1885528564453 448.7549194097519 251.5338592529297 448.7549194097519
257.06353759765625 3.3651702404022217 605.5059204101562 3.3651702404022217 605.5059204101562 447.275021314621 257.06353759765625 447.275021314621
269.20843505859375 18.765371322631836 603.1424255371094 18.765371322631836 603.1424255371094 445.59862327575684 269.20843505859375 445.59862327575684
281.9562072753906 32.299705505371094 600.3538513183594 32.299705505371094 600.3538513183594 446.20235443115234 281.9562072753906 446.20235443115234
286.03973388671875 38.91554260253906 599.6361389160156 38.91554260253906 599.6361389160156 447.90623474121094 286.03973388671875 447.90623474121094
285.2807312011719 32.84257507324219 601.2839660644531 32.84257507324219 601.2839660644531 446.0403289794922 285.2807312011719 446.0403289794922
291.6797180175781 44.11470413208008 597.1740417480469 44.11470413208008 597.1740417480469 447.98015213012695 291.6797180175781 447.98015213012695
294.3499450683594 46.11945343017578 595.91748046875 46.11945343017578 595.91748046875 447.5763931274414 294.3499450683594 447.5763931274414
294.5504455566406 45.96131896972656 595.548828125 45.96131896972656 595.548828125 446.71327209472656 294.5504455566406 446.71327209472656
289.7328186035156 41.704986572265625 598.2064514160156 41.704986572265625 598.2064514160156 446.4141845703125 289.7328186035156 446.4141845703125
286.96697998046875 39.80611801147461 598.1853942871094 39.80611801147461 598.1853942871094 446.4715232849121 286.96697998046875 446.4715232849121
280.1947021484375 30.26511001586914 600.2369384765625 30.26511001586914 600.2369384765625 445.76477432250977 280.1947021484375 445.76477432250977
256.39044189453125 17.605640411376953 612.4717712402344 17.605640411376953 612.4717712402344 444.7765998840332 256.39044189453125 444.7765998840332
243.63623046875 11.366439819335938 619.9212951660156 11.366439819335938 619.9212951660156 446.0671844482422 243.63623046875 446.0671844482422
240.79647827148438 7.327908515930176 615.3303527832031 7.327908515930176 615.3303527832031 457.1632661819458 240.79647827148438 457.1632661819458
246.8702850341797 0.0 612.3075714111328 0.0 612.3075714111328 463.502197265625 246.8702850341797 463.502197265625
242.11923217773438 4.6092376708984375 617.5809936523438 4.6092376708984375 617.5809936523438 449.4233856201172 242.11923217773438 449.4233856201172
271.93878173828125 19.361896514892578 610.373046875 19.361896514892578 610.373046875 447.2437934875488 271.93878173828125 447.2437934875488
277.4473876953125 29.202367782592773 608.9821472167969 29.202367782592773 608.9821472167969 447.5963191986084 277.4473876953125 447.5963191986084
275.91217041015625 25.33896827697754 607.8491821289062 25.33896827697754 607.8491821289062 446.8688449859619 275.91217041015625 446.8688449859619
274.10211181640625 14.373794555664062 607.9459228515625 14.373794555664062 607.9459228515625 445.4905548095703 274.10211181640625 445.4905548095703
272.73809814453125 15.669445991516113 605.9058837890625 15.669445991516113 605.9058837890625 445.98234272003174 272.73809814453125 445.98234272003174
273.1555480957031 19.167510986328125 603.5790405273438 19.167510986328125 603.5790405273438 447.4778137207031 273.1555480957031 447.4778137207031
263.13739013671875 11.649938583374023 608.6828918457031 11.649938583374023 608.6828918457031 447.34564781188965 263.13739013671875 447.34564781188965
255.25308227539062 7.330319404602051 614.7377624511719 7.330319404602051 614.7377624511719 444.3641023635864 255.25308227539062 444.3641023635864
267.7939453125 21.34750747680664 607.2340698242188 21.34750747680664 607.2340698242188 446.75473403930664 267.7939453125 446.75473403930664
273.46337890625 19.198802947998047 602.0507202148438 19.198802947998047 602.0507202148438 446.1864433288574 273.46337890625 446.1864433288574
267.92919921875 13.95928955078125 604.5833740234375 13.95928955078125 604.5833740234375 446.10723876953125 267.92919921875 446.10723876953125
268.2389831542969 11.6474609375 605.3839111328125 11.6474609375 605.3839111328125 444.8785705566406 268.2389831542969 444.8785705566406
273.04608154296875 12.991012573242188 608.397216796875 12.991012573242188 608.397216796875 444.49476623535156 273.04608154296875 444.49476623535156
277.1559753417969 26.798282623291016 605.216552734375 26.798282623291016 605.216552734375 445.34204483032227 277.1559753417969 445.34204483032227
277.6274719238281 26.93540382385254 605.6999816894531 26.93540382385254 605.6999816894531 445.00083351135254 277.6274719238281 445.00083351135254
278.01788330078125 27.95160484313965 604.6748657226562 27.95160484313965 604.6748657226562 447.1702632904053 278.01788330078125 447.1702632904053
274.05316162109375 27.831716537475586 604.0531921386719 27.831716537475586 604.0531921386719 448.8046169281006 274.05316162109375 448.8046169281006
272.57421875 28.044414520263672 603.9997863769531 28.044414520263672 603.9997863769531 449.5275688171387 272.57421875 449.5275688171387
271.4183654785156 27.43404197692871 604.7687683105469 27.43404197692871 604.7687683105469 449.6226100921631 271.4183654785156 449.6226100921631
272.2183837890625 28.900339126586914 603.8345031738281 28.900339126586914 603.8345031738281 449.45713233947754 272.2183837890625 449.45713233947754
272.0081787109375 27.756427764892578 604.5536193847656 27.756427764892578 604.5536193847656 449.5185432434082 272.0081787109375 449.5185432434082
268.4855651855469 22.154727935791016 603.6978454589844 22.154727935791016 603.6978454589844 448.13830947875977 268.4855651855469 448.13830947875977
266.41436767578125 12.504144668579102 604.3895874023438 12.504144668579102 604.3895874023438 445.0572757720947 266.41436767578125 445.0572757720947
265.5872802734375 11.429702758789062 604.0218811035156 11.429702758789062 604.0218811035156 444.3263702392578 265.5872802734375 444.3263702392578
266.5365295410156 14.806844711303711 604.2597351074219 14.806844711303711 604.2597351074219 445.89015769958496 266.5365295410156 445.89015769958496
270.71417236328125 18.5062198638916 604.3602294921875 18.5062198638916 604.3602294921875 446.62822914123535 270.71417236328125 446.62822914123535
272.4184875488281 18.328866958618164 604.4512023925781 18.328866958618164 604.4512023925781 447.0824680328369 272.4184875488281 447.0824680328369
272.207763671875 15.363024711608887 605.7003479003906 15.363024711608887 605.7003479003906 446.51909160614014 272.207763671875 446.51909160614014
274.698974609375 16.885650634765625 604.6748657226562 16.885650634765625 604.6748657226562 446.4556579589844 274.698974609375 446.4556579589844
271.1040954589844 16.190765380859375 605.0692138671875 16.190765380859375 605.0692138671875 445.3645935058594 271.1040954589844 445.3645935058594
260.28216552734375 15.047964096069336 610.6722412109375 15.047964096069336 610.6722412109375 448.23610496520996 260.28216552734375 448.23610496520996
254.8171844482422 20.691715240478516 613.2325592041016 20.691715240478516 613.2325592041016 453.42749404907227 254.8171844482422 453.42749404907227
276.88275146484375 22.17511558532715 604.5443115234375 22.17511558532715 604.5443115234375 447.3922481536865 276.88275146484375 447.3922481536865
280.2300720214844 32.67396545410156 606.5621643066406 32.67396545410156 606.5621643066406 449.43080139160156 280.2300720214844 449.43080139160156
278.9742736816406 34.02264404296875 607.3980407714844 34.02264404296875 607.3980407714844 449.86932373046875 278.9742736816406 449.86932373046875
278.1722106933594 33.75354766845703 608.4170227050781 33.75354766845703 608.4170227050781 448.83045196533203 278.1722106933594 448.83045196533203
264.2210998535156 41.43614196777344 614.5675354003906 41.43614196777344 614.5675354003906 454.8899383544922 264.2210998535156 454.8899383544922
262.9210205078125 27.78627586364746 609.5054931640625 27.78627586364746 609.5054931640625 451.2102870941162 262.9210205078125 451.2102870941162
256.25457763671875 16.577112197875977 610.0802612304688 16.577112197875977 610.0802612304688 451.36870765686035 256.25457763671875 451.36870765686035
265.54620361328125 14.227383613586426 604.60693359375 14.227383613586426 604.60693359375 447.2123384475708 265.54620361328125 447.2123384475708
254.13461303710938 22.389841079711914 613.7464294433594 22.389841079711914 613.7464294433594 452.91614723205566 254.13461303710938 452.91614723205566
233.85720825195312 22.776275634765625 629.0000305175781 22.776275634765625 629.0000305175781 451.08935546875 233.85720825195312 451.08935546875
240.2049560546875 14.248361587524414 624.0790405273438 14.248361587524414 624.0790405273438 445.26072120666504 240.2049560546875 445.26072120666504
229.68017578125 13.48358154296875 629.0 13.48358154296875 629.0 446.3243103027344 229.68017578125 446.3243103027344
230.9571075439453 14.802932739257812 629.0000152587891 14.802932739257812 629.0000152587891 446.25953674316406 230.9571075439453 446.25953674316406
228.209716796875 9.375381469726562 629.0 9.375381469726562 629.0 443.8100128173828 228.209716796875 443.8100128173828
237.7504425048828 11.048388481140137 624.0411529541016 11.048388481140137 624.0411529541016 444.40034770965576 237.7504425048828 444.40034770965576
245.31564331054688 8.503521919250488 619.6793212890625 8.503521919250488 619.6793212890625 443.87006855010986 245.31564331054688 443.87006855010986
238.9236602783203 13.01068115234375 624.0518646240234 13.01068115234375 624.0518646240234 445.4961242675781 238.9236602783203 445.4961242675781
242.9136962890625 11.73559284210205 619.546630859375 11.73559284210205 619.546630859375 449.8518953323364 242.9136962890625 449.8518953323364
242.19900512695312 4.158172607421875 614.5865173339844 4.158172607421875 614.5865173339844 453.9920654296875 242.19900512695312 453.9920654296875
227.5660400390625 2.74749755859375 624.7192687988281 2.74749755859375 624.7192687988281 448.3559875488281 227.5660400390625 448.3559875488281
246.541015625 0.0 607.5245971679688 0.0 607.5245971679688 478.19287109375 246.541015625 478.19287109375
220.11544799804688 0.0 629.0 0.0 629.0 443.2084045410156 220.11544799804688 443.2084045410156
229.20144653320312 0.0 624.159423828125 0.0 624.159423828125 445.215576171875 229.20144653320312 445.215576171875
248.4867401123047 2.894326686859131 614.5886993408203 2.894326686859131 614.5886993408203 449.9283537864685 248.4867401123047 449.9283537864685
247.48574829101562 11.849517822265625 620.0758972167969 11.849517822265625 620.0758972167969 449.5630798339844 247.48574829101562 449.5630798339844
254.63916015625 1.8888702392578125 612.6809997558594 1.8888702392578125 612.6809997558594 456.64356994628906 254.63916015625 456.64356994628906
239.5953369140625 10.223800659179688 625.5005798339844 10.223800659179688 625.5005798339844 445.8280487060547 239.5953369140625 445.8280487060547
237.8997039794922 5.550158500671387 625.4706878662109 5.550158500671387 625.4706878662109 443.3782835006714 237.8997039794922 443.3782835006714
236.62997436523438 6.453692436218262 629.0 6.453692436218262 629.0 431.761248588562 236.62997436523438 431.761248588562
235.6978302001953 0.0 629.0000152587891 0.0 629.0000152587891 426.3179626464844 235.6978302001953 426.3179626464844
253.4089813232422 0.0 609.8964691162109 0.0 609.8964691162109 479.6460876464844 253.4089813232422 479.6460876464844
233.5903778076172 0.0 628.9999847412109 0.0 628.9999847412109 428.60235595703125 233.5903778076172 428.60235595703125
257.1211853027344 0.0 605.76220703125 0.0 605.76220703125 480.0 257.1211853027344 480.0
256.67083740234375 0.0 597.8862915039062 0.0 597.8862915039062 480.0 256.67083740234375 480.0
252.2771759033203 0.0 592.1003570556641 0.0 592.1003570556641 478.81207275390625 252.2771759033203 478.81207275390625
252.56771850585938 0.0 590.5108642578125 0.0 590.5108642578125 479.6382751464844 252.56771850585938 479.6382751464844
249.93045043945312 0.0 587.5349731445312 0.0 587.5349731445312 479.03497314453125 249.93045043945312 479.03497314453125
241.61721801757812 0.0 585.0413513183594 0.0 585.0413513183594 479.7002868652344 241.61721801757812 479.7002868652344
243.0597686767578 0.0 589.0291595458984 0.0 589.0291595458984 475.9867248535156 243.0597686767578 475.9867248535156
237.03213500976562 0.0 591.7840270996094 0.0 591.7840270996094 480.0 237.03213500976562 480.0
236.12478637695312 0.0 586.7131652832031 0.0 586.7131652832031 480.0 236.12478637695312 480.0
232.0956268310547 0.0 586.2169036865234 0.0 586.2169036865234 480.0 232.0956268310547 480.0
225.6739959716797 0.0 587.7089385986328 0.0 587.7089385986328 480.0 225.6739959716797 480.0
225.519287109375 0.0 583.580078125 0.0 583.580078125 471.0 225.519287109375 471.0
223.2113037109375 0.0 583.4955749511719 0.0 583.4955749511719 474.6000061035156 223.2113037109375 474.6000061035156
224.70144653320312 0.0 580.4354248046875 0.0 580.4354248046875 480.0 224.70144653320312 480.0
221.9617156982422 0.0 579.2542266845703 0.0 579.2542266845703 480.0 221.9617156982422 480.0
221.2971649169922 0.0 577.8894805908203 0.0 577.8894805908203 480.0 221.2971649169922 480.0
214.1820068359375 0.0 575.7174682617188 0.0 575.7174682617188 480.0 214.1820068359375 480.0
217.8805694580078 0.0 575.5233001708984 0.0 575.5233001708984 480.0 217.8805694580078 480.0
220.1147003173828 0.0 577.3727569580078 0.0 577.3727569580078 480.0 220.1147003173828 480.0
216.3766632080078 0.0 580.6361236572266 0.0 580.6361236572266 480.0 216.3766632080078 480.0
213.2266387939453 0.0 577.8083953857422 0.0 577.8083953857422 480.0 213.2266387939453 480.0
203.2694549560547 0.0 572.8380584716797 0.0 572.8380584716797 474.54290771484375 203.2694549560547 474.54290771484375
211.5858917236328 0.0 574.3574676513672 0.0 574.3574676513672 479.6016540527344 211.5858917236328 479.6016540527344
204.8885498046875 0.0 572.8958740234375 0.0 572.8958740234375 480.0 204.8885498046875 480.0
203.38978576660156 0.0 573.1474151611328 0.0 573.1474151611328 479.33160400390625 203.38978576660156 479.33160400390625
200.37832641601562 0.0 575.8420715332031 0.0 575.8420715332031 480.0 200.37832641601562 480.0
206.0543212890625 0.0 578.4674987792969 0.0 578.4674987792969 478.59478759765625 206.0543212890625 478.59478759765625
204.45050048828125 0.0 579.0 0.0 579.0 480.0 204.45050048828125 480.0
199.37098693847656 0.0 576.1321563720703 0.0 576.1321563720703 480.0 199.37098693847656 480.0
193.66165161132812 0.0 572.1681823730469 0.0 572.1681823730469 480.0 193.66165161132812 480.0
191.14639282226562 0.0 573.5546875 0.0 573.5546875 480.0 191.14639282226562 480.0
192.0233154296875 0.0 574.8511962890625 0.0 574.8511962890625 480.0 192.0233154296875 480.0
193.35397338867188 0.0 575.8074340820312 0.0 575.8074340820312 480.0 193.35397338867188 480.0
193.33786010742188 0.0 576.7263488769531 0.0 576.7263488769531 480.0 193.33786010742188 480.0
192.5001983642578 0.0 577.7935943603516 0.0 577.7935943603516 480.0 192.5001983642578 480.0
190.55319213867188 0.0 577.7547912597656 0.0 577.7547912597656 480.0 190.55319213867188 480.0
191.54832458496094 0.0 578.2831878662109 0.0 578.2831878662109 479.84991455078125 191.54832458496094 479.84991455078125
192.66754150390625 0.0 577.9999084472656 0.0 577.9999084472656 479.4354553222656 192.66754150390625 479.4354553222656
191.64915466308594 0.0 577.7211456298828 0.0 577.7211456298828 480.0 191.64915466308594 480.0
190.83322143554688 0.0 575.6109924316406 0.0 575.6109924316406 480.0 190.83322143554688 480.0
187.33151245117188 0.0 575.6446533203125 0.0 575.6446533203125 480.0 187.33151245117188 480.0
186.4221954345703 0.0 575.7585906982422 0.0 575.7585906982422 480.0 186.4221954345703 480.0
190.48043823242188 0.0 573.5265197753906 0.0 573.5265197753906 479.0494079589844 190.48043823242188 479.0494079589844
194.12928771972656 0.0 571.8782806396484 0.0 571.8782806396484 480.0 194.12928771972656 480.0
195.68292236328125 0.0 572.1959228515625 0.0 572.1959228515625 479.9403381347656 195.68292236328125 479.9403381347656
190.33644104003906 0.0 571.0430145263672 0.0 571.0430145263672 480.0 190.33644104003906 480.0
194.4153594970703 0.0 574.5485992431641 0.0 574.5485992431641 480.0 194.4153594970703 480.0
193.99301147460938 0.0 572.2383728027344 0.0 572.2383728027344 479.9964904785156 193.99301147460938 479.9964904785156
195.37791442871094 0.0 575.5420379638672 0.0 575.5420379638672 480.0 195.37791442871094 480.0
195.4092254638672 0.0 576.2077789306641 0.0 576.2077789306641 479.88812255859375 195.4092254638672 479.88812255859375
197.15737915039062 0.0 574.1918640136719 0.0 574.1918640136719 480.0 197.15737915039062 480.0
198.1358642578125 0.0 576.7247924804688 0.0 576.7247924804688 480.0 198.1358642578125 480.0
198.64797973632812 0.0 576.9003295898438 0.0 576.9003295898438 479.6109313964844 198.64797973632812 479.6109313964844
195.38491821289062 0.0 575.0422668457031 0.0 575.0422668457031 480.0 195.38491821289062 480.0
197.98049926757812 0.0 576.5994262695312 0.0 576.5994262695312 478.88494873046875 197.98049926757812 478.88494873046875
196.23342895507812 0.0 576.8638610839844 0.0 576.8638610839844 480.0 196.23342895507812 480.0
197.3654327392578 0.0 576.8493194580078 0.0 576.8493194580078 480.0 197.3654327392578 480.0
198.80882263183594 0.0 579.3505706787109 0.0 579.3505706787109 478.511474609375 198.80882263183594 478.511474609375
198.894287109375 0.0 579.5915222167969 0.0 579.5915222167969 477.2284240722656 198.894287109375 477.2284240722656
199.10980224609375 0.0 580.6858825683594 0.0 580.6858825683594 480.0 199.10980224609375 480.0
198.4561767578125 0.0 583.423583984375 0.0 583.423583984375 480.0 198.4561767578125 480.0
198.98464965820312 0.0 583.2900695800781 0.0 583.2900695800781 480.0 198.98464965820312 480.0
199.18487548828125 0.0 583.2235107421875 0.0 583.2235107421875 478.8277282714844 199.18487548828125 478.8277282714844
200.64431762695312 0.0 584.728759765625 0.0 584.728759765625 478.79638671875 200.64431762695312 478.79638671875
200.39111328125 0.0 585.7905883789062 0.0 585.7905883789062 480.0 200.39111328125 480.0
202.24383544921875 0.0 586.2574157714844 0.0 586.2574157714844 480.0 202.24383544921875 480.0
197.5684356689453 0.0 583.3011932373047 0.0 583.3011932373047 478.3177795410156 197.5684356689453 478.3177795410156
192.27783203125 0.0 581.7962341308594 0.0 581.7962341308594 480.0 192.27783203125 480.0
191.86660766601562 0.0 581.1717224121094 0.0 581.1717224121094 480.0 191.86660766601562 480.0
194.03378295898438 0.0 580.4821472167969 0.0 580.4821472167969 478.76318359375 194.03378295898438 478.76318359375
190.5613250732422 0.0 578.7627716064453 0.0 578.7627716064453 480.0 190.5613250732422 480.0
189.85760498046875 0.0 577.1126403808594 0.0 577.1126403808594 479.53253173828125 189.85760498046875 479.53253173828125
190.2708740234375 0.0 577.8412780761719 0.0 577.8412780761719 476.999755859375 190.2708740234375 476.999755859375
189.6695098876953 0.0 577.9994049072266 0.0 577.9994049072266 478.7715759277344 189.6695098876953 478.7715759277344
188.78379821777344 0.0 577.7414093017578 0.0 577.7414093017578 479.54315185546875 188.78379821777344 479.54315185546875
190.26821899414062 0.0 577.7259826660156 0.0 577.7259826660156 476.89404296875 190.26821899414062 476.89404296875
189.44161987304688 0.0 578.2810363769531 0.0 578.2810363769531 475.57415771484375 189.44161987304688 475.57415771484375
189.9607391357422 0.0 577.8302154541016 0.0 577.8302154541016 478.0772399902344 189.9607391357422 478.0772399902344
189.40750122070312 0.0 577.7481079101562 0.0 577.7481079101562 478.36444091796875 189.40750122070312 478.36444091796875
191.09722900390625 0.0 577.4302978515625 0.0 577.4302978515625 478.40863037109375 191.09722900390625 478.40863037109375
191.82809448242188 0.0 576.7643737792969 0.0 576.7643737792969 476.6453552246094 191.82809448242188 476.6453552246094
189.74842834472656 0.0 575.9622650146484 0.0 575.9622650146484 480.0 189.74842834472656 480.0
189.63052368164062 0.0 575.7359313964844 0.0 575.7359313964844 479.1539001464844 189.63052368164062 479.1539001464844
190.68655395507812 0.0 575.1898803710938 0.0 575.1898803710938 478.87640380859375 190.68655395507812 478.87640380859375
190.1479034423828 0.0 575.7274322509766 0.0 575.7274322509766 478.80157470703125 190.1479034423828 478.80157470703125
189.67037963867188 0.0 577.2108459472656 0.0 577.2108459472656 478.80572509765625 189.67037963867188 478.80572509765625
190.63499450683594 0.0 575.6326446533203 0.0 575.6326446533203 479.01904296875 190.63499450683594 479.01904296875
191.51235961914062 0.0 574.5389099121094 0.0 574.5389099121094 480.0 191.51235961914062 480.0
193.63815307617188 0.0 574.8988342285156 0.0 574.8988342285156 477.83575439453125 193.63815307617188 477.83575439453125
193.3529815673828 0.0 574.6907501220703 0.0 574.6907501220703 479.87042236328125 193.3529815673828 479.87042236328125
192.74253845214844 0.0 574.8774871826172 0.0 574.8774871826172 480.0 192.74253845214844 480.0
197.3917236328125 0.0 575.2456665039062 0.0 575.2456665039062 479.36322021484375 197.3917236328125 479.36322021484375
197.8441162109375 0.0 575.2737121582031 0.0 575.2737121582031 478.1029357910156 197.8441162109375 478.1029357910156
197.98617553710938 0.0 575.1815490722656 0.0 575.1815490722656 480.0 197.98617553710938 480.0
198.34228515625 0.0 576.4181518554688 0.0 576.4181518554688 480.0 198.34228515625 480.0
199.35946655273438 0.0 578.2507629394531 0.0 578.2507629394531 480.0 199.35946655273438 480.0
200.00582885742188 0.0 577.9011535644531 0.0 577.9011535644531 480.0 200.00582885742188 480.0
201.07913208007812 0.0 577.77197265625 0.0 577.77197265625 480.0 201.07913208007812 480.0
195.76702880859375 0.0 576.7084045410156 0.0 576.7084045410156 480.0 195.76702880859375 480.0
194.4204559326172 0.0 577.2931976318359 0.0 577.2931976318359 480.0 194.4204559326172 480.0
194.6750030517578 0.0 576.7804718017578 0.0 576.7804718017578 480.0 194.6750030517578 480.0
194.70211791992188 0.0 576.5527038574219 0.0 576.5527038574219 480.0 194.70211791992188 480.0
200.94314575195312 0.0 577.1757202148438 0.0 577.1757202148438 480.0 200.94314575195312 480.0
200.9544219970703 0.0 577.0121612548828 0.0 577.0121612548828 480.0 200.9544219970703 480.0
199.20919799804688 0.0 576.4338073730469 0.0 576.4338073730469 479.99700927734375 199.20919799804688 479.99700927734375
201.0983428955078 0.0 576.8330230712891 0.0 576.8330230712891 480.0 201.0983428955078 480.0
199.176513671875 0.0 576.0445251464844 0.0 576.0445251464844 479.65106201171875 199.176513671875 479.65106201171875
191.9471435546875 0.0 573.8778686523438 0.0 573.8778686523438 480.0 191.9471435546875 480.0
196.5194549560547 0.0 574.8012237548828 0.0 574.8012237548828 480.0 196.5194549560547 480.0
200.0707550048828 0.0 575.7675933837891 0.0 575.7675933837891 478.8544006347656 200.0707550048828 478.8544006347656
197.14462280273438 0.0 575.5686340332031 0.0 575.5686340332031 480.0 197.14462280273438 480.0
192.76162719726562 0.0 573.9189758300781 0.0 573.9189758300781 480.0 192.76162719726562 480.0
191.44094848632812 0.0 574.3637084960938 0.0 574.3637084960938 480.0 191.44094848632812 480.0
190.8728790283203 0.0 573.4953765869141 0.0 573.4953765869141 480.0 190.8728790283203 480.0
189.9738006591797 0.0 575.3205108642578 0.0 575.3205108642578 480.0 189.9738006591797 480.0
194.17916870117188 0.0 577.3642883300781 0.0 577.3642883300781 480.0 194.17916870117188 480.0
193.3170623779297 0.0 577.6647491455078 0.0 577.6647491455078 480.0 193.3170623779297 480.0
194.17127990722656 0.0 575.5023956298828 0.0 575.5023956298828 477.2596740722656 194.17127990722656 477.2596740722656
195.5596466064453 0.0 576.1187896728516 0.0 576.1187896728516 479.06158447265625 195.5596466064453 479.06158447265625
193.82139587402344 0.0 572.6613922119141 0.0 572.6613922119141 478.80487060546875 193.82139587402344 478.80487060546875
196.27471923828125 0.0 578.741943359375 0.0 578.741943359375 480.0 196.27471923828125 480.0
195.44357299804688 0.0 577.5027160644531 0.0 577.5027160644531 480.0 195.44357299804688 480.0
198.31875610351562 0.0 578.4774475097656 0.0 578.4774475097656 480.0 198.31875610351562 480.0
200.635009765625 0.0 578.6712036132812 0.0 578.6712036132812 480.0 200.635009765625 480.0
202.3646697998047 0.0 580.0833892822266 0.0 580.0833892822266 480.0 202.3646697998047 480.0
203.55722045898438 0.0 580.4355163574219 0.0 580.4355163574219 479.7261657714844 203.55722045898438 479.7261657714844
199.4977569580078 0.0 579.8011322021484 0.0 579.8011322021484 480.0 199.4977569580078 480.0
200.8159637451172 0.0 581.3320159912109 0.0 581.3320159912109 479.91082763671875 200.8159637451172 479.91082763671875
201.62234497070312 0.0 581.8713073730469 0.0 581.8713073730469 480.0 201.62234497070312 480.0
198.7328338623047 0.0 582.9091339111328 0.0 582.9091339111328 479.4698181152344 198.7328338623047 479.4698181152344
202.05221557617188 0.0 583.6890563964844 0.0 583.6890563964844 480.0 202.05221557617188 480.0
201.75042724609375 0.0 586.1597290039062 0.0 586.1597290039062 478.7586364746094 201.75042724609375 478.7586364746094
203.31898498535156 0.0 586.5592498779297 0.0 586.5592498779297 478.57513427734375 203.31898498535156 478.57513427734375
205.17575073242188 0.0 585.3333435058594 0.0 585.3333435058594 478.07940673828125 205.17575073242188 478.07940673828125
206.6129150390625 0.0 584.3303527832031 0.0 584.3303527832031 479.74462890625 206.6129150390625 479.74462890625
206.9239501953125 0.0 586.3211975097656 0.0 586.3211975097656 480.0 206.9239501953125 480.0
211.7247772216797 0.0 586.3246917724609 0.0 586.3246917724609 478.70281982421875 211.7247772216797 478.70281982421875
212.0283203125 0.0 587.678466796875 0.0 587.678466796875 478.4502868652344 212.0283203125 478.4502868652344
207.68698120117188 0.0 587.8293762207031 0.0 587.8293762207031 480.0 207.68698120117188 480.0
208.25314331054688 0.0 587.0849914550781 0.0 587.0849914550781 479.7460021972656 208.25314331054688 479.7460021972656
206.85250854492188 0.0 585.4573974609375 0.0 585.4573974609375 480.0 206.85250854492188 480.0
208.09213256835938 0.0 583.3773193359375 0.0 583.3773193359375 479.935546875 208.09213256835938 479.935546875
205.41378784179688 0.0 581.5276184082031 0.0 581.5276184082031 480.0 205.41378784179688 480.0
211.54983520507812 0.0 583.5908508300781 0.0 583.5908508300781 476.79156494140625 211.54983520507812 476.79156494140625
203.4262237548828 0.0 582.4116058349609 0.0 582.4116058349609 480.0 203.4262237548828 480.0
205.9650421142578 0.0 585.2990264892578 0.0 585.2990264892578 480.0 205.9650421142578 480.0
210.7051544189453 0.0 588.3176116943359 0.0 588.3176116943359 480.0 210.7051544189453 480.0
210.42422485351562 0.0 589.4642639160156 0.0 589.4642639160156 480.0 210.42422485351562 480.0
211.79525756835938 0.0 587.8766174316406 0.0 587.8766174316406 472.9696350097656 211.79525756835938 472.9696350097656
214.0789031982422 0.0 590.4570770263672 0.0 590.4570770263672 473.57537841796875 214.0789031982422 473.57537841796875
220.3130340576172 0.0 592.8115386962891 0.0 592.8115386962891 467.96234130859375 220.3130340576172 467.96234130859375
225.80111694335938 0.0 597.2175598144531 0.0 597.2175598144531 462.12054443359375 225.80111694335938 462.12054443359375
230.5922088623047 0.0 594.3713836669922 0.0 594.3713836669922 451.80224609375 230.5922088623047 451.80224609375
219.1864776611328 0.0 604.4661102294922 0.0 604.4661102294922 423.01568603515625 219.1864776611328 423.01568603515625
236.4202117919922 0.0 594.3283843994141 0.0 594.3283843994141 444.775390625 236.4202117919922 444.775390625
227.85385131835938 0.0 600.7318725585938 0.0 600.7318725585938 436.0912170410156 227.85385131835938 436.0912170410156
227.6465301513672 0.0 601.8607940673828 0.0 601.8607940673828 438.88763427734375 227.6465301513672 438.88763427734375
238.8417510986328 0.0 597.3311004638672 0.0 597.3311004638672 454.00244140625 238.8417510986328 454.00244140625
236.1087646484375 0.0 602.6282348632812 0.0 602.6282348632812 458.64996337890625 236.1087646484375 458.64996337890625
223.35433959960938 0.0 622.8316040039062 0.0 622.8316040039062 391.84722900390625 223.35433959960938 391.84722900390625
219.01467895507812 0.0 628.9999694824219 0.0 628.9999694824219 377.02630615234375 219.01467895507812 377.02630615234375
215.5874786376953 0.1741180419921875 628.9999847412109 0.1741180419921875 628.9999847412109 380.35215759277344 215.5874786376953 380.35215759277344
219.5475616455078 0.0 629.0000152587891 0.0 629.0000152587891 376.53631591796875 219.5475616455078 376.53631591796875
219.287353515625 0.0 629.0 0.0 629.0 376.775634765625 219.287353515625 376.775634765625
210.78622436523438 0.0 629.0 0.0 629.0 384.5933532714844 210.78622436523438 384.5933532714844
223.82626342773438 0.0 619.3863830566406 0.0 619.3863830566406 409.1019287109375 223.82626342773438 409.1019287109375
245.4891357421875 0.0 603.9153747558594 0.0 603.9153747558594 442.6995544433594 245.4891357421875 442.6995544433594
246.9605712890625 0.0 603.5441284179688 0.0 603.5441284179688 441.9751892089844 246.9605712890625 441.9751892089844
246.0821533203125 0.0 601.0645446777344 0.0 601.0645446777344 444.088623046875 246.0821533203125 444.088623046875
247.4612274169922 0.0 600.1939849853516 0.0 600.1939849853516 440.4723205566406 247.4612274169922 440.4723205566406
243.8703155517578 0.0 599.5078887939453 0.0 599.5078887939453 447.9964294433594 243.8703155517578 447.9964294433594
248.5572052001953 0.0 598.9783172607422 0.0 598.9783172607422 438.3758239746094 248.5572052001953 438.3758239746094
248.3190460205078 0.0 598.7387542724609 0.0 598.7387542724609 436.11419677734375 248.3190460205078 436.11419677734375
248.91622924804688 0.0 597.8461303710938 0.0 597.8461303710938 438.9273376464844 248.91622924804688 438.9273376464844
249.0615234375 0.0 596.7365112304688 0.0 596.7365112304688 438.244384765625 249.0615234375 438.244384765625
248.8757781982422 0.0 597.4232330322266 0.0 597.4232330322266 438.99737548828125 248.8757781982422 438.99737548828125
260.9648132324219 0.0 604.1312255859375 0.0 604.1312255859375 416.75201416015625 260.9648132324219 416.75201416015625
262.0780029296875 0.0 607.5139770507812 0.0 607.5139770507812 410.31414794921875 262.0780029296875 410.31414794921875
261.79168701171875 0.0 606.246337890625 0.0 606.246337890625 412.9325256347656 261.79168701171875 412.9325256347656
260.77587890625 0.0 605.4627075195312 0.0 605.4627075195312 416.53985595703125 260.77587890625 416.53985595703125
261.798828125 0.0 605.0705871582031 0.0 605.0705871582031 415.9808654785156 261.798828125 415.9808654785156
260.9515075683594 0.0 605.3230590820312 0.0 605.3230590820312 418.00140380859375 260.9515075683594 418.00140380859375
257.7007751464844 0.0 602.3238220214844 0.0 602.3238220214844 420.216552734375 257.7007751464844 420.216552734375
248.721923828125 0.0 606.6106872558594 0.0 606.6106872558594 409.1839294433594 248.721923828125 409.1839294433594
248.5666046142578 0.0 602.6906890869141 0.0 602.6906890869141 421.83428955078125 248.5666046142578 421.83428955078125
244.00048828125 0.0 618.7655944824219 0.0 618.7655944824219 382.39202880859375 244.00048828125 382.39202880859375
230.3987274169922 0.0 628.9999847412109 0.0 628.9999847412109 366.557373046875 230.3987274169922 366.557373046875
238.9673614501953 0.0 620.9675445556641 0.0 620.9675445556641 373.7107849121094 238.9673614501953 373.7107849121094
241.277587890625 0.9316009283065796 616.8034973144531 0.9316009283065796 616.8034973144531 383.9114593267441 241.277587890625 383.9114593267441
247.4543914794922 0.0 600.8401336669922 0.0 600.8401336669922 422.1969299316406 247.4543914794922 422.1969299316406
250.51416015625 0.0 598.6954956054688 0.0 598.6954956054688 420.43377685546875 250.51416015625 420.43377685546875
251.21875 0.0 597.8484802246094 0.0 597.8484802246094 419.11187744140625 251.21875 419.11187744140625
252.56753540039062 0.0 597.2251281738281 0.0 597.2251281738281 421.14056396484375 252.56753540039062 421.14056396484375
254.76492309570312 0.0 597.8129272460938 0.0 597.8129272460938 420.7770080566406 254.76492309570312 420.7770080566406
257.78521728515625 0.0 597.9609680175781 0.0 597.9609680175781 422.1792907714844 257.78521728515625 422.1792907714844
262.36932373046875 0.0 598.4892883300781 0.0 598.4892883300781 422.1145935058594 262.36932373046875 422.1145935058594
260.3900451660156 0.0 598.9164428710938 0.0 598.9164428710938 426.6734924316406 260.3900451660156 426.6734924316406
257.8180236816406 0.0 599.2650146484375 0.0 599.2650146484375 428.27532958984375 257.8180236816406 428.27532958984375
254.72360229492188 0.0 600.4333190917969 0.0 600.4333190917969 429.02618408203125 254.72360229492188 429.02618408203125
251.57095336914062 0.0 596.2491149902344 0.0 596.2491149902344 434.16290283203125 251.57095336914062 434.16290283203125
255.55001831054688 0.0 592.7712097167969 0.0 592.7712097167969 430.14398193359375 255.55001831054688 430.14398193359375
241.2052764892578 0.0 583.7082061767578 0.0 583.7082061767578 445.31866455078125 241.2052764892578 445.31866455078125
228.9172821044922 0.0 579.9495697021484 0.0 579.9495697021484 455.7980041503906 228.9172821044922 455.7980041503906
233.4773406982422 0.0 578.5671844482422 0.0 578.5671844482422 451.1131896972656 233.4773406982422 451.1131896972656
238.1199951171875 0.0 584.4882202148438 0.0 584.4882202148438 452.9107360839844 238.1199951171875 452.9107360839844
239.5820770263672 0.0 586.2312164306641 0.0 586.2312164306641 452.7208557128906 239.5820770263672 452.7208557128906
226.2840118408203 0.0 583.2120513916016 0.0 583.2120513916016 458.70025634765625 226.2840118408203 458.70025634765625
232.3353729248047 0.0 582.5054168701172 0.0 582.5054168701172 454.336669921875 232.3353729248047 454.336669921875
233.27383422851562 0.0 582.6065979003906 0.0 582.6065979003906 457.3984375 233.27383422851562 457.3984375
227.1604461669922 0.0 581.5253143310547 0.0 581.5253143310547 461.15655517578125 227.1604461669922 461.15655517578125
219.79672241210938 0.0 582.2903747558594 0.0 582.2903747558594 465.8819274902344 219.79672241210938 465.8819274902344
215.98672485351562 0.0 579.7996520996094 0.0 579.7996520996094 468.8384704589844 215.98672485351562 468.8384704589844
217.1468963623047 0.0 584.4022674560547 0.0 584.4022674560547 477.1478576660156 217.1468963623047 477.1478576660156
215.559326171875 0.0 585.8409729003906 0.0 585.8409729003906 478.0711975097656 215.559326171875 478.0711975097656
207.55459594726562 0.0 582.7389526367188 0.0 582.7389526367188 480.0 207.55459594726562 480.0
208.93911743164062 0.0 580.0063171386719 0.0 580.0063171386719 478.69970703125 208.93911743164062 478.69970703125
212.9506378173828 0.0 578.6260833740234 0.0 578.6260833740234 478.6849670410156 212.9506378173828 478.6849670410156
213.07949829101562 0.0 576.2092590332031 0.0 576.2092590332031 478.9313049316406 213.07949829101562 478.9313049316406
208.3435821533203 0.0 574.8560333251953 0.0 574.8560333251953 479.146240234375 208.3435821533203 479.146240234375
205.89169311523438 0.0 575.1658020019531 0.0 575.1658020019531 479.4590759277344 205.89169311523438 479.4590759277344
