283.0 156.0 340.0 156.0 340.0 232.0 283.0 232.0
283.5511779785156 155.19223022460938 340.3511161804199 155.19223022460938 340.3511161804199 230.92548370361328 283.5511779785156 230.92548370361328
284.272705078125 155.36141967773438 340.87994384765625 155.36141967773438 340.87994384765625 231.1419219970703 284.272705078125 231.1419219970703
284.7513732910156 155.5563507080078 341.22119903564453 155.5563507080078 341.22119903564453 230.92124938964844 284.7513732910156 230.92124938964844
283.95379638671875 155.17074584960938 341.41337966918945 155.17074584960938 341.41337966918945 231.35853576660156 283.95379638671875 231.35853576660156
283.72296142578125 154.71372985839844 340.88394927978516 154.71372985839844 340.88394927978516 230.54244995117188 283.72296142578125 230.54244995117188
284.485595703125 155.9098358154297 341.23400115966797 155.9098358154297 341.23400115966797 231.41119384765625 284.485595703125 231.41119384765625
284.2161865234375 156.37161254882812 341.0796813964844 156.37161254882812 341.0796813964844 231.50782775878906 284.2161865234375 231.50782775878906
283.92791748046875 157.03372192382812 341.4787483215332 157.03372192382812 341.4787483215332 230.8563232421875 283.92791748046875 230.8563232421875
284.4256591796875 156.75942993164062 342.03304290771484 156.75942993164062 342.03304290771484 231.0448760986328 284.4256591796875 231.0448760986328
284.793212890625 157.88912963867188 342.49626541137695 157.88912963867188 342.49626541137695 230.8920135498047 284.793212890625 230.8920135498047
285.72198486328125 157.85287475585938 342.25988006591797 157.85287475585938 342.25988006591797 231.12773895263672 285.72198486328125 231.12773895263672
285.18341064453125 157.32907104492188 342.5099182128906 157.32907104492188 342.5099182128906 231.80335235595703 285.18341064453125 231.80335235595703
284.64593505859375 157.26968383789062 341.5510139465332 157.26968383789062 341.5510139465332 231.62196350097656 284.64593505859375 231.62196350097656
284.62738037109375 156.59774780273438 341.55272674560547 156.59774780273438 341.55272674560547 231.0738983154297 284.62738037109375 231.0738983154297
284.44622802734375 157.49905395507812 341.59127044677734 157.49905395507812 341.59127044677734 230.6162872314453 284.44622802734375 230.6162872314453
284.5196838378906 158.04598999023438 341.21703338623047 158.04598999023438 341.21703338623047 231.44078063964844 284.5196838378906 231.44078063964844
284.41864013671875 156.9038543701172 341.3611946105957 156.9038543701172 341.3611946105957 231.11275482177734 284.41864013671875 231.11275482177734
283.6067810058594 156.2206268310547 340.8503952026367 156.2206268310547 340.8503952026367 232.1148910522461 283.6067810058594 232.1148910522461
283.47747802734375 157.29776000976562 340.22310638427734 157.29776000976562 340.22310638427734 232.95863342285156 283.47747802734375 232.95863342285156
284.06951904296875 154.25082397460938 341.506103515625 154.25082397460938 341.506103515625 230.9185333251953 284.06951904296875 230.9185333251953
283.8626708984375 158.25930786132812 341.49710845947266 158.25930786132812 341.49710845947266 235.1052703857422 283.8626708984375 235.1052703857422
285.55987548828125 157.11581420898438 342.49615478515625 157.11581420898438 342.49615478515625 233.03089904785156 285.55987548828125 233.03089904785156
285.9565734863281 158.0492706298828 343.7262496948242 158.0492706298828 343.7262496948242 233.34127807617188 285.9565734863281 233.34127807617188
286.88433837890625 161.48269653320312 345.0282974243164 161.48269653320312 345.0282974243164 236.07425689697266 286.88433837890625 236.07425689697266
284.6026611328125 161.87835693359375 342.87993240356445 161.87835693359375 342.87993240356445 238.0156478881836 284.6026611328125 238.0156478881836
285.44158935546875 163.63827514648438 342.8128128051758 163.63827514648438 342.8128128051758 238.5912094116211 285.44158935546875 238.5912094116211
284.75958251953125 164.2368621826172 340.95128631591797 164.2368621826172 340.95128631591797 238.81436157226562 284.75958251953125 238.81436157226562
285.91363525390625 165.33474731445312 342.0354309082031 165.33474731445312 342.0354309082031 239.84333038330078 285.91363525390625 239.84333038330078
284.8768615722656 168.78933715820312 340.8602981567383 168.78933715820312 340.8602981567383 243.43394470214844 284.8768615722656 243.43394470214844
287.5188903808594 172.8729248046875 343.14244842529297 172.8729248046875 343.14244842529297 247.67689514160156 287.5188903808594 247.67689514160156
287.5613708496094 172.29591369628906 343.0423049926758 172.29591369628906 343.0423049926758 246.27052307128906 287.5613708496094 246.27052307128906
288.6293029785156 174.80523681640625 344.76839447021484 174.80523681640625 344.76839447021484 249.6573944091797 288.6293029785156 249.6573944091797
288.8564758300781 178.0751495361328 344.4187316894531 178.0751495361328 344.4187316894531 252.15819549560547 288.8564758300781 252.15819549560547
288.0602111816406 181.25961303710938 344.4521293640137 181.25961303710938 344.4521293640137 256.44886779785156 288.0602111816406 256.44886779785156
288.1656188964844 182.67408752441406 345.1962699890137 182.67408752441406 345.1962699890137 258.71498107910156 288.1656188964844 258.71498107910156
288.54510498046875 184.29234313964844 345.7864799499512 184.29234313964844 345.7864799499512 260.6142044067383 288.54510498046875 260.6142044067383
287.89990234375 187.7170867919922 344.4762496948242 187.7170867919922 344.4762496948242 263.7696228027344 287.89990234375 263.7696228027344
288.46258544921875 188.78097534179688 346.27005767822266 188.78097534179688 346.27005767822266 266.82606506347656 288.46258544921875 266.82606506347656
287.4354248046875 190.41909790039062 345.4261779785156 190.41909790039062 345.4261779785156 268.31141662597656 287.4354248046875 268.31141662597656
287.37286376953125 194.08193969726562 346.6321601867676 194.08193969726562 346.6321601867676 270.6082000732422 287.37286376953125 270.6082000732422
288.37591552734375 194.95361328125 347.6597099304199 194.95361328125 347.6597099304199 270.6509323120117 288.37591552734375 270.6509323120117
289.70989990234375 193.9539031982422 348.1515884399414 193.9539031982422 348.1515884399414 268.8727035522461 289.70989990234375 268.8727035522461
289.59857177734375 196.47183227539062 348.7095947265625 196.47183227539062 348.7095947265625 271.1186065673828 289.59857177734375 271.1186065673828
290.65234375 195.17355346679688 349.2063407897949 195.17355346679688 349.2063407897949 268.69849395751953 290.65234375 268.69849395751953
290.21441650390625 196.87948608398438 348.6443786621094 196.87948608398438 348.6443786621094 270.9291229248047 290.21441650390625 270.9291229248047
290.6073303222656 197.38479614257812 348.466552734375 197.38479614257812 348.466552734375 270.11863708496094 290.6073303222656 270.11863708496094
290.4840393066406 196.9058380126953 349.04253005981445 196.9058380126953 349.04253005981445 271.0569305419922 290.4840393066406 271.0569305419922
290.8326110839844 197.1136474609375 348.4404525756836 197.1136474609375 348.4404525756836 271.65030670166016 290.8326110839844 271.65030670166016
290.6649475097656 197.8213348388672 348.2337341308594 197.8213348388672 348.2337341308594 272.27904510498047 290.6649475097656 272.27904510498047
289.97845458984375 197.2737579345703 348.66072845458984 197.2737579345703 348.66072845458984 272.90582275390625 289.97845458984375 272.90582275390625
289.4761657714844 197.37069702148438 348.3796691894531 197.37069702148438 348.3796691894531 272.99488067626953 289.4761657714844 272.99488067626953
289.03424072265625 196.15383911132812 348.88455963134766 196.15383911132812 348.88455963134766 271.90782165527344 289.03424072265625 271.90782165527344
288.58673095703125 196.7181854248047 347.8954849243164 196.7181854248047 347.8954849243164 271.5779342651367 288.58673095703125 271.5779342651367
287.79962158203125 195.05905151367188 347.13907623291016 195.05905151367188 347.13907623291016 270.80784606933594 287.79962158203125 270.80784606933594
286.38360595703125 194.65414428710938 347.0086135864258 194.65414428710938 347.0086135864258 270.8028030395508 286.38360595703125 270.8028030395508
285.420166015625 193.0688934326172 345.25471115112305 193.0688934326172 345.25471115112305 270.56034088134766 285.420166015625 270.56034088134766
284.0781555175781 190.1363067626953 345.368896484375 190.1363067626953 345.368896484375 269.17626953125 284.0781555175781 269.17626953125
283.3417663574219 187.54592895507812 344.8191604614258 187.54592895507812 344.8191604614258 270.0675506591797 283.3417663574219 270.0675506591797
282.90045166015625 184.57456970214844 344.85730743408203 184.57456970214844 344.85730743408203 268.5567321777344 282.90045166015625 268.5567321777344
283.346923828125 182.92532348632812 344.4831237792969 182.92532348632812 344.4831237792969 265.01661682128906 283.346923828125 265.01661682128906
284.09185791015625 181.06234741210938 343.87374114990234 181.06234741210938 343.87374114990234 261.7450485229492 284.09185791015625 261.7450485229492
283.3943786621094 178.45045471191406 343.9072151184082 178.45045471191406 343.9072151184082 261.1448516845703 283.3943786621094 261.1448516845703
283.50469970703125 175.4464111328125 344.04931640625 175.4464111328125 344.04931640625 256.98558807373047 283.50469970703125 256.98558807373047
284.8236083984375 175.893310546875 343.7533264160156 175.893310546875 343.7533264160156 253.8259735107422 284.8236083984375 253.8259735107422
285.1907653808594 175.96910095214844 344.4748725891113 175.96910095214844 344.4748725891113 253.9826202392578 285.1907653808594 253.9826202392578
285.05572509765625 175.3114776611328 345.9096488952637 175.3114776611328 345.9096488952637 251.34827423095703 285.05572509765625 251.34827423095703
284.6165771484375 175.610595703125 344.76472091674805 175.610595703125 344.76472091674805 252.84156799316406 284.6165771484375 252.84156799316406
284.6849060058594 174.37611389160156 346.2964668273926 174.37611389160156 346.2964668273926 252.1498794555664 284.6849060058594 252.1498794555664
284.07781982421875 172.65151977539062 345.76102447509766 172.65151977539062 345.76102447509766 251.1022186279297 284.07781982421875 251.1022186279297
284.1304016113281 171.6214599609375 345.3891487121582 171.6214599609375 345.3891487121582 250.19641876220703 284.1304016113281 250.19641876220703
283.02484130859375 172.79367065429688 340.9023551940918 172.79367065429688 340.9023551940918 249.61729431152344 283.02484130859375 249.61729431152344
282.64361572265625 172.09005737304688 341.0165214538574 172.09005737304688 341.0165214538574 248.95349884033203 282.64361572265625 248.95349884033203
281.6767272949219 171.62142944335938 340.0174331665039 171.62142944335938 340.0174331665039 247.80426025390625 281.6767272949219 247.80426025390625
281.68853759765625 169.06259155273438 340.5159683227539 169.06259155273438 340.5159683227539 246.87643432617188 281.68853759765625 246.87643432617188
280.6707763671875 170.53001403808594 338.9359130859375 170.53001403808594 338.9359130859375 247.61985778808594 280.6707763671875 247.61985778808594
281.4629821777344 167.3430938720703 339.9370422363281 167.3430938720703 339.9370422363281 245.38014221191406 281.4629821777344 245.38014221191406
279.09234619140625 164.33563232421875 336.8693428039551 164.33563232421875 336.8693428039551 241.37159729003906 279.09234619140625 241.37159729003906
279.11907958984375 167.75350952148438 336.2774772644043 167.75350952148438 336.2774772644043 243.9646759033203 279.11907958984375 243.9646759033203
276.9735412597656 165.25146484375 333.7154960632324 165.25146484375 333.7154960632324 240.90737915039062 276.9735412597656 240.90737915039062
278.3694763183594 163.50259399414062 335.45841217041016 163.50259399414062 335.45841217041016 239.62115478515625 278.3694763183594 239.62115478515625
278.7680358886719 163.37103271484375 336.12614822387695 163.37103271484375 336.12614822387695 239.84849548339844 278.7680358886719 239.84849548339844
278.07452392578125 162.05470275878906 335.3408432006836 162.05470275878906 335.3408432006836 238.9767837524414 278.07452392578125 238.9767837524414
279.8409118652344 160.9993438720703 338.1245346069336 160.9993438720703 338.1245346069336 238.7108154296875 279.8409118652344 238.7108154296875
279.74127197265625 165.2657012939453 338.5550842285156 165.2657012939453 338.5550842285156 243.41217041015625 279.74127197265625 243.41217041015625
279.0411682128906 164.8706817626953 337.5727310180664 164.8706817626953 337.5727310180664 243.87484741210938 279.0411682128906 243.87484741210938
278.0164489746094 162.26177978515625 338.53462982177734 162.26177978515625 338.53462982177734 241.4322738647461 278.0164489746094 241.4322738647461
278.34796142578125 159.30625915527344 338.0382080078125 159.30625915527344 338.0382080078125 239.1616668701172 278.34796142578125 239.1616668701172
279.21014404296875 158.74362182617188 338.47705841064453 158.74362182617188 338.47705841064453 239.16649627685547 279.21014404296875 239.16649627685547
279.41986083984375 160.31243896484375 339.8134651184082 160.31243896484375 339.8134651184082 236.8774185180664 279.41986083984375 236.8774185180664
276.664794921875 164.8075714111328 338.77788162231445 164.8075714111328 338.77788162231445 242.23744201660156 276.664794921875 242.23744201660156
275.5506286621094 164.184326171875 336.6250534057617 164.184326171875 336.6250534057617 242.82484436035156 275.5506286621094 242.82484436035156
273.72003173828125 165.6521759033203 335.3291549682617 165.6521759033203 335.3291549682617 242.61614227294922 273.72003173828125 242.61614227294922
272.0204772949219 165.9006805419922 333.682373046875 165.9006805419922 333.682373046875 244.82766723632812 272.0204772949219 244.82766723632812
271.38458251953125 165.36495971679688 331.7589912414551 165.36495971679688 331.7589912414551 244.18734741210938 271.38458251953125 244.18734741210938
270.2777404785156 160.570068359375 331.39666748046875 160.570068359375 331.39666748046875 241.0277328491211 270.2777404785156 241.0277328491211
271.83795166015625 163.25999450683594 333.00870513916016 163.25999450683594 333.00870513916016 243.7406768798828 271.83795166015625 243.7406768798828
272.2978515625 164.70751953125 332.4104919433594 164.70751953125 332.4104919433594 242.88966369628906 272.2978515625 242.88966369628906
273.24981689453125 165.1278076171875 333.4186706542969 165.1278076171875 333.4186706542969 242.47122955322266 273.24981689453125 242.47122955322266
274.64208984375 166.96737670898438 334.0949401855469 166.96737670898438 334.0949401855469 242.39199829101562 274.64208984375 242.39199829101562
276.0075988769531 169.37167358398438 336.1518440246582 169.37167358398438 336.1518440246582 244.6785430908203 276.0075988769531 244.6785430908203
276.1015319824219 168.42379760742188 336.3236274719238 168.42379760742188 336.3236274719238 243.32666015625 276.1015319824219 243.32666015625
277.3882141113281 168.9343719482422 337.5379867553711 168.9343719482422 337.5379867553711 243.99903106689453 277.3882141113281 243.99903106689453
277.7217102050781 168.13180541992188 337.5244941711426 168.13180541992188 337.5244941711426 243.34833526611328 277.7217102050781 243.34833526611328
279.5475158691406 167.2789764404297 340.7324104309082 167.2789764404297 340.7324104309082 241.52191925048828 279.5475158691406 241.52191925048828
279.0435791015625 166.8704833984375 340.6095657348633 166.8704833984375 340.6095657348633 242.98313903808594 279.0435791015625 242.98313903808594
278.5550231933594 167.8060760498047 341.7519950866699 167.8060760498047 341.7519950866699 244.3664779663086 278.5550231933594 244.3664779663086
278.77203369140625 165.4686737060547 340.1149215698242 165.4686737060547 340.1149215698242 244.41839599609375 278.77203369140625 244.41839599609375
279.78668212890625 165.08436584472656 341.8596992492676 165.08436584472656 341.8596992492676 244.8848114013672 279.78668212890625 244.8848114013672
281.87933349609375 169.231689453125 344.2867202758789 169.231689453125 344.2867202758789 248.33393096923828 281.87933349609375 248.33393096923828
283.7530517578125 167.88265991210938 346.4518127441406 167.88265991210938 346.4518127441406 248.5105972290039 283.7530517578125 248.5105972290039
281.4313049316406 169.9276123046875 346.95240783691406 169.9276123046875 346.95240783691406 248.6398696899414 281.4313049316406 248.6398696899414
280.984619140625 167.6164093017578 345.6585693359375 167.6164093017578 345.6585693359375 250.0555419921875 280.984619140625 250.0555419921875
281.29156494140625 163.03765869140625 343.9262924194336 163.03765869140625 343.9262924194336 246.55062103271484 281.29156494140625 246.55062103271484
279.60687255859375 164.86312866210938 343.94667053222656 164.86312866210938 343.94667053222656 249.23140716552734 279.60687255859375 249.23140716552734
282.8753967285156 163.8889923095703 345.9177780151367 163.8889923095703 345.9177780151367 245.85537719726562 282.8753967285156 245.85537719726562
283.089111328125 166.9998016357422 345.66046142578125 166.9998016357422 345.66046142578125 246.28854370117188 283.089111328125 246.28854370117188
283.5938415527344 166.73182678222656 346.03751373291016 166.73182678222656 346.03751373291016 246.28378295898438 283.5938415527344 246.28378295898438
283.38580322265625 164.76657104492188 346.3573532104492 164.76657104492188 346.3573532104492 246.14850616455078 283.38580322265625 246.14850616455078
282.6528625488281 160.8667449951172 346.00536346435547 160.8667449951172 346.00536346435547 245.86756134033203 282.6528625488281 245.86756134033203
284.46270751953125 156.55947875976562 346.5673141479492 156.55947875976562 346.5673141479492 240.670166015625 284.46270751953125 240.670166015625
283.4012756347656 157.47850036621094 345.1030578613281 157.47850036621094 345.1030578613281 243.0850830078125 283.4012756347656 243.0850830078125
284.23406982421875 156.31454467773438 344.28966522216797 156.31454467773438 344.28966522216797 243.19754028320312 284.23406982421875 243.19754028320312
283.16241455078125 158.51878356933594 343.3230171203613 158.51878356933594 343.3230171203613 245.93185424804688 283.16241455078125 245.93185424804688
283.11431884765625 158.99742126464844 343.3279800415039 158.99742126464844 343.3279800415039 247.35730743408203 283.11431884765625 247.35730743408203
283.75762939453125 160.17710876464844 342.00799560546875 160.17710876464844 342.00799560546875 245.1455535888672 283.75762939453125 245.1455535888672
283.42437744140625 162.26388549804688 341.12382888793945 162.26388549804688 341.12382888793945 244.81857299804688 283.42437744140625 244.81857299804688
283.84283447265625 163.1230926513672 340.76019287109375 163.1230926513672 340.76019287109375 244.7593231201172 283.84283447265625 244.7593231201172
283.98712158203125 163.13726806640625 340.13004302978516 163.13726806640625 340.13004302978516 244.81478118896484 283.98712158203125 244.81478118896484
283.85943603515625 164.62197875976562 342.55914306640625 164.62197875976562 342.55914306640625 244.90701293945312 283.85943603515625 244.90701293945312
284.24859619140625 163.66970825195312 343.1505317687988 163.66970825195312 343.1505317687988 244.41577911376953 284.24859619140625 244.41577911376953
284.3960266113281 163.65689086914062 343.3292655944824 163.65689086914062 343.3292655944824 244.88304901123047 284.3960266113281 244.88304901123047
282.9104919433594 162.15167236328125 341.49976348876953 162.15167236328125 341.49976348876953 244.89828491210938 282.9104919433594 244.89828491210938
283.3641052246094 163.10704040527344 344.3578186035156 163.10704040527344 344.3578186035156 244.0625991821289 283.3641052246094 244.0625991821289
282.37860107421875 164.5514373779297 342.7018127441406 164.5514373779297 342.7018127441406 245.79803466796875 282.37860107421875 245.79803466796875
282.65814208984375 163.4183807373047 343.88787841796875 163.4183807373047 343.88787841796875 245.52151489257812 282.65814208984375 245.52151489257812
280.42657470703125 164.85372924804688 341.24421310424805 164.85372924804688 341.24421310424805 247.59467315673828 280.42657470703125 247.59467315673828
279.58477783203125 165.23062133789062 339.0466537475586 165.23062133789062 339.0466537475586 247.45635223388672 279.58477783203125 247.45635223388672
278.4779357910156 164.3552703857422 339.8854293823242 164.3552703857422 339.8854293823242 245.74308013916016 278.4779357910156 245.74308013916016
278.4864196777344 164.6083526611328 339.8546676635742 164.6083526611328 339.8546676635742 244.78565216064453 278.4864196777344 244.78565216064453
277.7646179199219 164.70938110351562 338.3743591308594 164.70938110351562 338.3743591308594 244.94434356689453 277.7646179199219 244.94434356689453
279.1485290527344 165.22021484375 340.23355865478516 165.22021484375 340.23355865478516 245.35997009277344 279.1485290527344 245.35997009277344
278.2565002441406 166.87954711914062 338.2725143432617 166.87954711914062 338.2725143432617 245.62127685546875 278.2565002441406 245.62127685546875
278.90521240234375 166.0096435546875 339.61149978637695 166.0096435546875 339.61149978637695 242.4541015625 278.90521240234375 242.4541015625
279.3233337402344 165.5928192138672 341.0488586425781 165.5928192138672 341.0488586425781 242.8455581665039 279.3233337402344 242.8455581665039
278.59881591796875 164.8126983642578 341.61149978637695 164.8126983642578 341.61149978637695 240.13418579101562 278.59881591796875 240.13418579101562
277.47247314453125 164.1226348876953 341.9917526245117 164.1226348876953 341.9917526245117 238.934814453125 277.47247314453125 238.934814453125
278.7369384765625 162.6727752685547 341.70958709716797 162.6727752685547 341.70958709716797 238.9129638671875 278.7369384765625 238.9129638671875
279.326171875 164.16062927246094 340.5710754394531 164.16062927246094 340.5710754394531 239.34683990478516 279.326171875 239.34683990478516
280.3905944824219 164.50680541992188 338.6867141723633 164.50680541992188 338.6867141723633 239.63109588623047 280.3905944824219 239.63109588623047
280.3597717285156 162.8658447265625 337.4282531738281 162.8658447265625 337.4282531738281 238.924072265625 280.3597717285156 238.924072265625
279.794921875 161.8855438232422 335.4475288391113 161.8855438232422 335.4475288391113 239.39602661132812 279.794921875 239.39602661132812
278.95465087890625 163.57998657226562 335.0561332702637 163.57998657226562 335.0561332702637 238.95446014404297 278.95465087890625 238.95446014404297
280.32257080078125 163.17430114746094 335.4453239440918 163.17430114746094 335.4453239440918 239.03536224365234 280.32257080078125 239.03536224365234
280.7671203613281 162.62486267089844 334.6892509460449 162.62486267089844 334.6892509460449 237.72714233398438 280.7671203613281 237.72714233398438
281.69781494140625 163.44200134277344 335.0608100891113 163.44200134277344 335.0608100891113 236.97754669189453 281.69781494140625 236.97754669189453
281.64532470703125 164.47793579101562 334.6001091003418 164.47793579101562 334.6001091003418 235.84779357910156 281.64532470703125 235.84779357910156
281.10577392578125 162.38961791992188 335.2701187133789 162.38961791992188 335.2701187133789 236.40900421142578 281.10577392578125 236.40900421142578
280.9273376464844 161.99484252929688 336.31340408325195 161.99484252929688 336.31340408325195 236.62348175048828 280.9273376464844 236.62348175048828
281.47430419921875 162.67279052734375 335.9769477844238 162.67279052734375 335.9769477844238 235.13666534423828 281.47430419921875 235.13666534423828
282.06201171875 163.08041381835938 335.1702079772949 163.08041381835938 335.1702079772949 234.52336883544922 282.06201171875 234.52336883544922
281.14715576171875 162.67572021484375 335.44682693481445 162.67572021484375 335.44682693481445 234.4587860107422 281.14715576171875 234.4587860107422
280.17669677734375 162.0084686279297 335.68389892578125 162.0084686279297 335.68389892578125 235.31817626953125 280.17669677734375 235.31817626953125
279.18182373046875 160.82833862304688 335.0767517089844 160.82833862304688 335.0767517089844 237.08348083496094 279.18182373046875 237.08348083496094
279.0838317871094 162.89418029785156 335.21757888793945 162.89418029785156 335.21757888793945 237.15782165527344 279.0838317871094 237.15782165527344
278.89630126953125 164.10281372070312 334.8031234741211 164.10281372070312 334.8031234741211 238.0902862548828 278.89630126953125 238.0902862548828
278.84295654296875 163.64617919921875 333.2996940612793 163.64617919921875 333.2996940612793 237.16636657714844 278.84295654296875 237.16636657714844
279.1865234375 163.65390014648438 334.08073806762695 163.65390014648438 334.08073806762695 237.29678344726562 279.1865234375 237.29678344726562
278.07159423828125 163.48446655273438 332.4029731750488 163.48446655273438 332.4029731750488 237.40133666992188 278.07159423828125 237.40133666992188
279.1466064453125 163.52398681640625 333.37016677856445 163.52398681640625 333.37016677856445 236.5735626220703 279.1466064453125 236.5735626220703
278.6844787597656 163.60252380371094 332.91949462890625 163.60252380371094 332.91949462890625 237.0392608642578 278.6844787597656 237.0392608642578
278.3216857910156 164.3986053466797 333.1585388183594 164.3986053466797 333.1585388183594 236.6081771850586 278.3216857910156 236.6081771850586
278.8829040527344 164.7501983642578 333.35778045654297 164.7501983642578 333.35778045654297 235.91179656982422 278.8829040527344 235.91179656982422
279.89532470703125 165.24853515625 334.54805755615234 165.24853515625 334.54805755615234 237.79449462890625 279.89532470703125 237.79449462890625
279.16387939453125 165.88453674316406 333.61552810668945 165.88453674316406 333.61552810668945 237.89481353759766 279.16387939453125 237.89481353759766
278.8329772949219 165.9981231689453 333.92023849487305 165.9981231689453 333.92023849487305 237.41725158691406 278.8329772949219 237.41725158691406
279.54449462890625 165.52313232421875 333.3663558959961 165.52313232421875 333.3663558959961 235.9731216430664 279.54449462890625 235.9731216430664
280.010986328125 165.7513885498047 332.7551956176758 165.7513885498047 332.7551956176758 236.30706787109375 280.010986328125 236.30706787109375
280.688720703125 165.3352508544922 333.4986381530762 165.3352508544922 333.4986381530762 237.0102310180664 280.688720703125 237.0102310180664
282.08270263671875 166.9234619140625 335.7049865722656 166.9234619140625 335.7049865722656 238.412109375 282.08270263671875 238.412109375
282.6147766113281 168.18115234375 335.9879035949707 168.18115234375 335.9879035949707 239.34530639648438 282.6147766113281 239.34530639648438
282.6009826660156 166.8769989013672 335.83850860595703 166.8769989013672 335.83850860595703 237.8603515625 282.6009826660156 237.8603515625
284.982177734375 167.92861938476562 337.2542037963867 167.92861938476562 337.2542037963867 237.62464904785156 284.982177734375 237.62464904785156
284.24810791015625 166.7155303955078 337.24907302856445 166.7155303955078 337.24907302856445 237.38348388671875 284.24810791015625 237.38348388671875
285.00823974609375 166.3631134033203 337.75299072265625 166.3631134033203 337.75299072265625 236.68944549560547 285.00823974609375 236.68944549560547
284.67340087890625 168.66647338867188 337.0043830871582 168.66647338867188 337.0043830871582 238.44110870361328 284.67340087890625 238.44110870361328
283.83544921875 167.27291870117188 337.375 167.27291870117188 337.375 238.97935485839844 283.83544921875 238.97935485839844
284.60040283203125 167.33786010742188 338.8404312133789 167.33786010742188 338.8404312133789 240.24120330810547 284.60040283203125 240.24120330810547
283.8514099121094 166.56568908691406 338.95356369018555 166.56568908691406 338.95356369018555 240.54766082763672 283.8514099121094 240.54766082763672
284.09954833984375 166.05357360839844 339.28795623779297 166.05357360839844 339.28795623779297 240.1156463623047 284.09954833984375 240.1156463623047
285.9559631347656 167.8787384033203 340.57654571533203 167.8787384033203 340.57654571533203 240.70616912841797 285.9559631347656 240.70616912841797
286.06219482421875 167.74301147460938 340.1424255371094 167.74301147460938 340.1424255371094 239.84996795654297 286.06219482421875 239.84996795654297
285.58709716796875 167.35574340820312 338.9498481750488 167.35574340820312 338.9498481750488 238.5060577392578 285.58709716796875 238.5060577392578
284.85528564453125 165.87550354003906 338.5567855834961 165.87550354003906 338.5567855834961 237.47747802734375 284.85528564453125 237.47747802734375
283.92486572265625 163.96786499023438 338.7813034057617 163.96786499023438 338.7813034057617 237.1097640991211 283.92486572265625 237.1097640991211
284.62835693359375 164.89944458007812 339.0953254699707 164.89944458007812 339.0953254699707 238.11426544189453 284.62835693359375 238.11426544189453
283.049560546875 162.4133758544922 337.7145195007324 162.4133758544922 337.7145195007324 235.71728515625 283.049560546875 235.71728515625
283.3600158691406 162.99417114257812 336.82672119140625 162.99417114257812 336.82672119140625 234.89430236816406 283.3600158691406 234.89430236816406
283.8653869628906 163.8997802734375 337.6115913391113 163.8997802734375 337.6115913391113 235.56136322021484 283.8653869628906 235.56136322021484
286.1612854003906 161.8686065673828 339.3253479003906 161.8686065673828 339.3253479003906 235.44229125976562 286.1612854003906 235.44229125976562
285.20367431640625 162.9610137939453 339.37005615234375 162.9610137939453 339.37005615234375 236.6399917602539 285.20367431640625 236.6399917602539
284.39910888671875 163.74203491210938 338.44303131103516 163.74203491210938 338.44303131103516 236.73220825195312 284.39910888671875 236.73220825195312
284.1141662597656 163.22335815429688 338.4599609375 163.22335815429688 338.4599609375 237.1464614868164 284.1141662597656 237.1464614868164
282.4020690917969 164.35113525390625 337.6337203979492 164.35113525390625 337.6337203979492 237.99333953857422 282.4020690917969 237.99333953857422
283.10882568359375 163.6096954345703 338.63713455200195 163.6096954345703 338.63713455200195 237.64745330810547 283.10882568359375 237.64745330810547
281.88116455078125 162.59423828125 335.3455123901367 162.59423828125 335.3455123901367 237.92454528808594 281.88116455078125 237.92454528808594
283.7257080078125 162.02345275878906 335.32573318481445 162.02345275878906 335.32573318481445 239.41362762451172 283.7257080078125 239.41362762451172
284.4720153808594 163.20529174804688 336.659423828125 163.20529174804688 336.659423828125 240.6059112548828 284.4720153808594 240.6059112548828
285.11322021484375 162.6641387939453 336.26689529418945 162.6641387939453 336.26689529418945 240.0365447998047 285.11322021484375 240.0365447998047
285.4501953125 163.42494201660156 335.7842826843262 163.42494201660156 335.7842826843262 237.4632339477539 285.4501953125 237.4632339477539
285.1791687011719 163.09060668945312 338.2230644226074 163.09060668945312 338.2230644226074 236.72244262695312 285.1791687011719 236.72244262695312
284.22454833984375 162.69223022460938 336.7256660461426 162.69223022460938 336.7256660461426 237.66561889648438 284.22454833984375 237.66561889648438
285.5667724609375 162.60714721679688 336.4452896118164 162.60714721679688 336.4452896118164 236.24586486816406 285.5667724609375 236.24586486816406
285.377685546875 162.3033905029297 337.186767578125 162.3033905029297 337.186767578125 235.48126220703125 285.377685546875 235.48126220703125
282.99688720703125 163.29843139648438 337.3539237976074 163.29843139648438 337.3539237976074 238.39238739013672 282.99688720703125 238.39238739013672
283.65081787109375 163.15084838867188 337.80355072021484 163.15084838867188 337.80355072021484 238.80348205566406 283.65081787109375 238.80348205566406
283.98419189453125 163.436279296875 338.5100212097168 163.436279296875 338.5100212097168 238.44280242919922 283.98419189453125 238.44280242919922
282.92840576171875 162.47991943359375 336.52758026123047 162.47991943359375 336.52758026123047 239.7761993408203 282.92840576171875 239.7761993408203
282.48846435546875 162.7711944580078 333.96882247924805 162.7711944580078 333.96882247924805 239.65123748779297 282.48846435546875 239.65123748779297
281.341552734375 164.65966796875 333.8138961791992 164.65966796875 333.8138961791992 240.33827209472656 281.341552734375 240.33827209472656
280.3248291015625 164.16012573242188 334.1062927246094 164.16012573242188 334.1062927246094 239.7236099243164 280.3248291015625 239.7236099243164
279.6871337890625 163.9416961669922 334.6047058105469 163.9416961669922 334.6047058105469 240.01895141601562 279.6871337890625 240.01895141601562
278.4254455566406 164.47705078125 334.6437683105469 164.47705078125 334.6437683105469 241.13177490234375 278.4254455566406 241.13177490234375
279.033203125 162.85165405273438 335.31653594970703 162.85165405273438 335.31653594970703 239.78834533691406 279.033203125 239.78834533691406
278.40289306640625 162.4676971435547 334.4657669067383 162.4676971435547 334.4657669067383 240.0005111694336 278.40289306640625 240.0005111694336
278.9774475097656 162.75729370117188 333.2877006530762 162.75729370117188 333.2877006530762 239.01140594482422 278.9774475097656 239.01140594482422
279.6128845214844 162.54812622070312 333.8517761230469 162.54812622070312 333.8517761230469 240.49819946289062 279.6128845214844 240.49819946289062
280.9764404296875 162.97341918945312 333.5772933959961 162.97341918945312 333.5772933959961 240.09141540527344 280.9764404296875 240.09141540527344
282.96527099609375 163.6259765625 334.31932830810547 163.6259765625 334.31932830810547 240.30555725097656 282.96527099609375 240.30555725097656
284.55206298828125 162.48336791992188 334.57003021240234 162.48336791992188 334.57003021240234 239.81664276123047 284.55206298828125 239.81664276123047
284.6287841796875 162.69503784179688 334.5677795410156 162.69503784179688 334.5677795410156 239.11167907714844 284.6287841796875 239.11167907714844
285.1044921875 162.8609161376953 335.5230293273926 162.8609161376953 335.5230293273926 239.75714111328125 285.1044921875 239.75714111328125
285.3426818847656 162.4285125732422 335.59948348999023 162.4285125732422 335.59948348999023 239.95925903320312 285.3426818847656 239.95925903320312
285.51654052734375 163.18112182617188 335.6346969604492 163.18112182617188 335.6346969604492 238.68092346191406 285.51654052734375 238.68092346191406
285.8016357421875 163.27169799804688 335.5403823852539 163.27169799804688 335.5403823852539 238.13063049316406 285.8016357421875 238.13063049316406
285.5758056640625 162.97486877441406 334.99439239501953 162.97486877441406 334.99439239501953 239.70242309570312 285.5758056640625 239.70242309570312
285.47021484375 165.0704803466797 334.9398307800293 165.0704803466797 334.9398307800293 236.77572631835938 285.47021484375 236.77572631835938
286.41436767578125 164.4871368408203 334.79405975341797 164.4871368408203 334.79405975341797 238.4039306640625 286.41436767578125 238.4039306640625
286.0064392089844 164.46966552734375 334.9684524536133 164.46966552734375 334.9684524536133 236.8947296142578 286.0064392089844 236.8947296142578
285.56060791015625 163.87686157226562 335.28656005859375 163.87686157226562 335.28656005859375 238.49440002441406 285.56060791015625 238.49440002441406
286.42779541015625 164.5772705078125 335.16636657714844 164.5772705078125 335.16636657714844 238.96451568603516 286.42779541015625 238.96451568603516
286.98529052734375 164.90380859375 335.13481521606445 164.90380859375 335.13481521606445 238.97013092041016 286.98529052734375 238.97013092041016
286.1617736816406 164.4855194091797 335.3614273071289 164.4855194091797 335.3614273071289 237.91405487060547 286.1617736816406 237.91405487060547
284.437744140625 163.20559692382812 335.3424186706543 163.20559692382812 335.3424186706543 238.1216278076172 284.437744140625 238.1216278076172
283.7232971191406 162.58425903320312 334.7658805847168 162.58425903320312 334.7658805847168 238.6063003540039 283.7232971191406 238.6063003540039
284.76202392578125 163.30056762695312 334.89791107177734 163.30056762695312 334.89791107177734 238.0207061767578 284.76202392578125 238.0207061767578
284.9732360839844 162.9148712158203 334.6218490600586 162.9148712158203 334.6218490600586 239.39498138427734 284.9732360839844 239.39498138427734
285.2829895019531 162.94772338867188 334.79515838623047 162.94772338867188 334.79515838623047 239.42726135253906 285.2829895019531 239.42726135253906
284.6386413574219 163.32675170898438 334.39723205566406 163.32675170898438 334.39723205566406 239.40418243408203 284.6386413574219 239.40418243408203
285.26263427734375 163.35507202148438 334.63399505615234 163.35507202148438 334.63399505615234 238.18347930908203 285.26263427734375 238.18347930908203
285.7291564941406 164.14639282226562 335.13655853271484 164.14639282226562 335.13655853271484 237.30650329589844 285.7291564941406 237.30650329589844
286.818603515625 163.6936492919922 334.87812423706055 163.6936492919922 334.87812423706055 237.92245483398438 286.818603515625 237.92245483398438
286.9085388183594 163.59645080566406 335.0234680175781 163.59645080566406 335.0234680175781 237.9633331298828 286.9085388183594 237.9633331298828
286.50299072265625 163.2698516845703 334.93725967407227 163.2698516845703 334.93725967407227 238.25706481933594 286.50299072265625 238.25706481933594
287.15521240234375 162.95877075195312 334.79280853271484 162.95877075195312 334.79280853271484 239.31865692138672 287.15521240234375 239.31865692138672
287.67889404296875 164.11172485351562 335.32617568969727 164.11172485351562 335.32617568969727 238.83281707763672 287.67889404296875 238.83281707763672
287.6474914550781 163.63479614257812 335.3929443359375 163.63479614257812 335.3929443359375 237.58827209472656 287.6474914550781 237.58827209472656
286.81646728515625 163.9161376953125 335.4739570617676 163.9161376953125 335.4739570617676 236.2764663696289 286.81646728515625 236.2764663696289
285.6629943847656 162.88470458984375 335.1033020019531 162.88470458984375 335.1033020019531 235.88408660888672 285.6629943847656 235.88408660888672
285.31353759765625 163.19015502929688 335.4701499938965 163.19015502929688 335.4701499938965 235.2277374267578 285.31353759765625 235.2277374267578
283.90557861328125 163.2777099609375 336.8047866821289 163.2777099609375 336.8047866821289 236.4514923095703 283.90557861328125 236.4514923095703
282.5148010253906 162.52001953125 337.0267868041992 162.52001953125 337.0267868041992 236.5549087524414 282.5148010253906 236.5549087524414
280.93646240234375 162.8334503173828 338.1607551574707 162.8334503173828 338.1607551574707 239.38539123535156 280.93646240234375 239.38539123535156
280.68450927734375 163.56576538085938 338.51416015625 163.56576538085938 338.51416015625 239.49918365478516 280.68450927734375 239.49918365478516
280.758544921875 164.09866333007812 338.8906364440918 164.09866333007812 338.8906364440918 239.65440368652344 280.758544921875 239.65440368652344
282.39678955078125 163.37283325195312 338.8213005065918 163.37283325195312 338.8213005065918 238.3671417236328 282.39678955078125 238.3671417236328
284.592529296875 161.92076110839844 338.94439697265625 161.92076110839844 338.94439697265625 238.29972076416016 284.592529296875 238.29972076416016
286.52764892578125 160.97079467773438 338.9810791015625 160.97079467773438 338.9810791015625 237.96903228759766 286.52764892578125 237.96903228759766
287.88726806640625 162.10305786132812 338.7353744506836 162.10305786132812 338.7353744506836 237.10900115966797 287.88726806640625 237.10900115966797
287.79864501953125 160.9033203125 339.27611541748047 160.9033203125 339.27611541748047 237.4043731689453 287.79864501953125 237.4043731689453
287.44342041015625 161.06472778320312 339.18302154541016 161.06472778320312 339.18302154541016 237.84141540527344 287.44342041015625 237.84141540527344
287.42333984375 161.3579559326172 339.499267578125 161.3579559326172 339.499267578125 238.8082275390625 287.42333984375 238.8082275390625
287.16033935546875 161.13299560546875 339.4471855163574 161.13299560546875 339.4471855163574 238.60479736328125 287.16033935546875 238.60479736328125
287.4735412597656 161.31320190429688 339.6325569152832 161.31320190429688 339.6325569152832 238.2844696044922 287.4735412597656 238.2844696044922
287.53070068359375 162.2826690673828 339.19355392456055 162.2826690673828 339.19355392456055 237.84310150146484 287.53070068359375 237.84310150146484
287.6197814941406 162.20201110839844 339.7032890319824 162.20201110839844 339.7032890319824 237.83402252197266 287.6197814941406 237.83402252197266
287.3892517089844 161.9611053466797 339.8949775695801 161.9611053466797 339.8949775695801 237.92003631591797 287.3892517089844 237.92003631591797
287.03662109375 162.724609375 339.40641021728516 162.724609375 339.40641021728516 237.38436126708984 287.03662109375 237.38436126708984
287.2244567871094 162.27267456054688 339.7606201171875 162.27267456054688 339.7606201171875 238.04344177246094 287.2244567871094 238.04344177246094
287.35858154296875 162.64608764648438 339.7260322570801 162.64608764648438 339.7260322570801 238.11701202392578 287.35858154296875 238.11701202392578
287.9139404296875 162.9492645263672 339.2813301086426 162.9492645263672 339.2813301086426 237.51688385009766 287.9139404296875 237.51688385009766
288.34405517578125 163.3653564453125 338.85982513427734 163.3653564453125 338.85982513427734 237.5169906616211 288.34405517578125 237.5169906616211
288.7417907714844 163.54710388183594 338.9668312072754 163.54710388183594 338.9668312072754 237.43010711669922 288.7417907714844 237.43010711669922
289.0458984375 163.71646118164062 338.40006256103516 163.71646118164062 338.40006256103516 237.0617446899414 289.0458984375 237.0617446899414
289.42364501953125 164.0711212158203 338.40371322631836 164.0711212158203 338.40371322631836 236.79644012451172 289.42364501953125 236.79644012451172
289.8543701171875 163.8896942138672 337.8614387512207 163.8896942138672 337.8614387512207 236.4197235107422 289.8543701171875 236.4197235107422
289.97479248046875 162.91629028320312 338.43635177612305 162.91629028320312 338.43635177612305 237.18146514892578 289.97479248046875 237.18146514892578
290.3513488769531 163.42701721191406 338.1946830749512 163.42701721191406 338.1946830749512 236.72799682617188 290.3513488769531 236.72799682617188
290.38104248046875 162.54220581054688 338.8053894042969 162.54220581054688 338.8053894042969 236.80809783935547 290.38104248046875 236.80809783935547
290.80169677734375 161.27993774414062 338.99007415771484 161.27993774414062 338.99007415771484 236.5865478515625 290.80169677734375 236.5865478515625
290.0146789550781 160.9696807861328 339.75939178466797 160.9696807861328 339.75939178466797 235.91693115234375 290.0146789550781 235.91693115234375
290.63763427734375 160.77297973632812 339.72542572021484 160.77297973632812 339.72542572021484 234.52373504638672 290.63763427734375 234.52373504638672
291.08282470703125 160.8878936767578 340.0217475891113 160.8878936767578 340.0217475891113 234.30685424804688 291.08282470703125 234.30685424804688
291.8379211425781 160.33413696289062 340.91625213623047 160.33413696289062 340.91625213623047 234.45333862304688 291.8379211425781 234.45333862304688
292.34356689453125 159.7951202392578 341.470272064209 159.7951202392578 341.470272064209 235.12472534179688 292.34356689453125 235.12472534179688
292.69232177734375 160.76585388183594 341.0706443786621 160.76585388183594 341.0706443786621 235.3933334350586 292.69232177734375 235.3933334350586
292.39581298828125 160.76284790039062 340.96628189086914 160.76284790039062 340.96628189086914 235.47715759277344 292.39581298828125 235.47715759277344
291.71551513671875 162.08590698242188 340.7854995727539 162.08590698242188 340.7854995727539 235.49517822265625 291.71551513671875 235.49517822265625
290.98590087890625 162.13015747070312 340.14801025390625 162.13015747070312 340.14801025390625 234.920166015625 290.98590087890625 234.920166015625
290.98883056640625 162.22027587890625 340.2567558288574 162.22027587890625 340.2567558288574 235.43465423583984 290.98883056640625 235.43465423583984
291.14581298828125 162.43592834472656 340.08813858032227 162.43592834472656 340.08813858032227 234.90234375 291.14581298828125 234.90234375
291.32159423828125 162.52490234375 339.9597625732422 162.52490234375 339.9597625732422 234.91991424560547 291.32159423828125 234.91991424560547
291.322021484375 162.40907287597656 339.9668655395508 162.40907287597656 339.9668655395508 235.49319458007812 291.322021484375 235.49319458007812
290.78802490234375 162.7999725341797 339.87033462524414 162.7999725341797 339.87033462524414 234.8860626220703 290.78802490234375 234.8860626220703
291.53131103515625 162.67025756835938 340.006160736084 162.67025756835938 340.006160736084 234.83592987060547 291.53131103515625 234.83592987060547
291.7983093261719 163.174072265625 339.9020652770996 163.174072265625 339.9020652770996 234.24259185791016 291.7983093261719 234.24259185791016
291.89141845703125 162.97927856445312 340.0224914550781 162.97927856445312 340.0224914550781 234.28803253173828 291.89141845703125 234.28803253173828
292.0673828125 162.8566436767578 340.1184196472168 162.8566436767578 340.1184196472168 234.40162658691406 292.0673828125 234.40162658691406
291.9555358886719 162.43093872070312 340.1318130493164 162.43093872070312 340.1318130493164 234.05855560302734 291.9555358886719 234.05855560302734
292.07440185546875 162.41598510742188 340.00060653686523 162.41598510742188 340.00060653686523 234.38839721679688 292.07440185546875 234.38839721679688
291.50152587890625 162.85031127929688 339.53776931762695 162.85031127929688 339.53776931762695 233.57140350341797 291.50152587890625 233.57140350341797
291.1350402832031 162.22958374023438 339.4944152832031 162.22958374023438 339.4944152832031 233.1426544189453 291.1350402832031 233.1426544189453
291.65777587890625 162.1768798828125 339.39323806762695 162.1768798828125 339.39323806762695 233.47589874267578 291.65777587890625 233.47589874267578
291.110595703125 162.3231658935547 339.3315124511719 162.3231658935547 339.3315124511719 233.56034088134766 291.110595703125 233.56034088134766
291.68365478515625 161.99681091308594 339.52294158935547 161.99681091308594 339.52294158935547 233.6270294189453 291.68365478515625 233.6270294189453
290.32415771484375 160.7530059814453 339.2105941772461 160.7530059814453 339.2105941772461 232.7153549194336 290.32415771484375 232.7153549194336
290.51715087890625 160.34341430664062 339.566593170166 160.34341430664062 339.566593170166 232.59766387939453 290.51715087890625 232.59766387939453
290.9250793457031 160.09706115722656 339.04390716552734 160.09706115722656 339.04390716552734 232.0032958984375 290.9250793457031 232.0032958984375
291.4988708496094 159.89584350585938 339.6402130126953 159.89584350585938 339.6402130126953 230.6944351196289 291.4988708496094 230.6944351196289
290.903564453125 159.02239990234375 339.81005096435547 159.02239990234375 339.81005096435547 231.53448486328125 290.903564453125 231.53448486328125
291.13336181640625 159.4313507080078 339.70396423339844 159.4313507080078 339.70396423339844 231.51780700683594 291.13336181640625 231.51780700683594
290.4615783691406 159.55935668945312 339.7782325744629 159.55935668945312 339.7782325744629 231.4963836669922 290.4615783691406 231.4963836669922
290.3326110839844 159.1890106201172 339.70824432373047 159.1890106201172 339.70824432373047 232.77027130126953 290.3326110839844 232.77027130126953
289.7930908203125 159.69325256347656 339.69758224487305 159.69325256347656 339.69758224487305 232.84430694580078 289.7930908203125 232.84430694580078
289.8789978027344 160.64549255371094 339.8524169921875 160.64549255371094 339.8524169921875 233.55899047851562 289.8789978027344 233.55899047851562
289.8843688964844 160.26638793945312 339.8576545715332 160.26638793945312 339.8576545715332 233.5347900390625 289.8843688964844 233.5347900390625
289.4217834472656 160.34185791015625 340.01407623291016 160.34185791015625 340.01407623291016 233.62225341796875 289.4217834472656 233.62225341796875
289.1405334472656 160.26382446289062 340.0570373535156 160.26382446289062 340.0570373535156 234.16748809814453 289.1405334472656 234.16748809814453
289.64239501953125 161.16213989257812 340.29700469970703 161.16213989257812 340.29700469970703 234.13182067871094 289.64239501953125 234.13182067871094
289.94677734375 161.7034454345703 340.62343978881836 161.7034454345703 340.62343978881836 234.5823211669922 289.94677734375 234.5823211669922
290.0919189453125 161.33819580078125 340.68138885498047 161.33819580078125 340.68138885498047 235.0754852294922 290.0919189453125 235.0754852294922
289.7900085449219 162.18331909179688 340.98480224609375 162.18331909179688 340.98480224609375 235.07778930664062 289.7900085449219 235.07778930664062
290.89862060546875 162.809326171875 342.0917434692383 162.809326171875 342.0917434692383 235.27369689941406 290.89862060546875 235.27369689941406
290.32147216796875 161.99356079101562 341.1394233703613 161.99356079101562 341.1394233703613 234.49254608154297 290.32147216796875 234.49254608154297
290.07330322265625 161.95631408691406 340.96685791015625 161.95631408691406 340.96685791015625 234.96920776367188 290.07330322265625 234.96920776367188
289.8366394042969 161.98692321777344 341.22417068481445 161.98692321777344 341.22417068481445 234.93663024902344 289.8366394042969 234.93663024902344
291.3814392089844 162.22911071777344 341.0619773864746 162.22911071777344 341.0619773864746 234.41448974609375 291.3814392089844 234.41448974609375
290.20953369140625 162.71578979492188 340.7465057373047 162.71578979492188 340.7465057373047 234.28524780273438 290.20953369140625 234.28524780273438
291.05633544921875 162.5299530029297 340.7109603881836 162.5299530029297 340.7109603881836 234.12193298339844 291.05633544921875 234.12193298339844
290.59686279296875 162.6837921142578 340.2454147338867 162.6837921142578 340.2454147338867 234.0048828125 290.59686279296875 234.0048828125
290.95904541015625 162.3829345703125 340.1227035522461 162.3829345703125 340.1227035522461 233.74791717529297 290.95904541015625 233.74791717529297
291.3006286621094 163.06375122070312 339.6383934020996 163.06375122070312 339.6383934020996 233.84209442138672 291.3006286621094 233.84209442138672
291.47943115234375 162.70046997070312 340.0767631530762 162.70046997070312 340.0767631530762 234.40272521972656 291.47943115234375 234.40272521972656
291.4271240234375 162.5303955078125 339.9902153015137 162.5303955078125 339.9902153015137 234.28634643554688 291.4271240234375 234.28634643554688
291.5953063964844 162.50814819335938 340.07804107666016 162.50814819335938 340.07804107666016 234.3438262939453 291.5953063964844 234.3438262939453
290.9559631347656 162.72451782226562 339.6369323730469 162.72451782226562 339.6369323730469 233.9114990234375 290.9559631347656 233.9114990234375
289.4603271484375 162.9503936767578 338.90702056884766 162.9503936767578 338.90702056884766 234.14403533935547 289.4603271484375 234.14403533935547
289.8156433105469 162.41737365722656 338.3283004760742 162.41737365722656 338.3283004760742 234.61072540283203 289.8156433105469 234.61072540283203
289.52056884765625 162.64419555664062 337.82056427001953 162.64419555664062 337.82056427001953 234.46095275878906 289.52056884765625 234.46095275878906
289.1078186035156 162.45343017578125 337.2808303833008 162.45343017578125 337.2808303833008 234.7560272216797 289.1078186035156 234.7560272216797
289.1700134277344 162.20999145507812 336.6535339355469 162.20999145507812 336.6535339355469 234.26925659179688 289.1700134277344 234.26925659179688
288.5420837402344 162.37112426757812 336.97776794433594 162.37112426757812 336.97776794433594 234.42185974121094 288.5420837402344 234.42185974121094
288.2851257324219 162.6566925048828 336.6611099243164 162.6566925048828 336.6611099243164 234.0528335571289 288.2851257324219 234.0528335571289
288.54583740234375 161.61062622070312 336.6645927429199 161.61062622070312 336.6645927429199 234.6269989013672 288.54583740234375 234.6269989013672
288.54656982421875 161.84402465820312 336.59481048583984 161.84402465820312 336.59481048583984 234.6150665283203 288.54656982421875 234.6150665283203
287.74346923828125 161.85939025878906 336.16063690185547 161.85939025878906 336.16063690185547 234.12894439697266 287.74346923828125 234.12894439697266
287.8548278808594 161.24734497070312 336.33483123779297 161.24734497070312 336.33483123779297 233.7604217529297 287.8548278808594 233.7604217529297
287.7119445800781 160.8977508544922 336.40668869018555 160.8977508544922 336.40668869018555 233.67166137695312 287.7119445800781 233.67166137695312
287.6176452636719 161.35484313964844 336.02555084228516 161.35484313964844 336.02555084228516 233.60803985595703 287.6176452636719 233.60803985595703
287.5787048339844 161.2353973388672 336.17366790771484 161.2353973388672 336.17366790771484 233.33457946777344 287.5787048339844 233.33457946777344
287.360107421875 160.88490295410156 336.4737319946289 160.88490295410156 336.4737319946289 233.76861572265625 287.360107421875 233.76861572265625
287.5570068359375 160.76597595214844 336.0061340332031 160.76597595214844 336.0061340332031 233.5731658935547 287.5570068359375 233.5731658935547
287.1748046875 161.14439392089844 335.31847763061523 161.14439392089844 335.31847763061523 233.2093963623047 287.1748046875 233.2093963623047
287.3447570800781 160.6473846435547 335.15933990478516 160.6473846435547 335.15933990478516 233.3948516845703 287.3447570800781 233.3948516845703
287.31439208984375 160.8885955810547 335.1252861022949 160.8885955810547 335.1252861022949 233.11813354492188 287.31439208984375 233.11813354492188
287.092041015625 160.2091827392578 335.06912994384766 160.2091827392578 335.06912994384766 233.88025665283203 287.092041015625 233.88025665283203
287.1377868652344 160.72817993164062 335.27906036376953 160.72817993164062 335.27906036376953 233.95525360107422 287.1377868652344 233.95525360107422
286.86224365234375 160.97543334960938 335.46167373657227 160.97543334960938 335.46167373657227 233.39376068115234 286.86224365234375 233.39376068115234
286.743408203125 160.35891723632812 335.51613998413086 160.35891723632812 335.51613998413086 234.14639282226562 286.743408203125 234.14639282226562
287.2975769042969 160.6483612060547 335.4343032836914 160.6483612060547 335.4343032836914 233.25015258789062 287.2975769042969 233.25015258789062
287.375 160.71878051757812 335.3270072937012 160.71878051757812 335.3270072937012 233.01580047607422 287.375 233.01580047607422
287.3493957519531 160.24903869628906 335.30062103271484 160.24903869628906 335.30062103271484 232.73553466796875 287.3493957519531 232.73553466796875
286.8092041015625 160.8367919921875 334.82922744750977 160.8367919921875 334.82922744750977 232.29569244384766 286.8092041015625 232.29569244384766
287.60797119140625 161.15924072265625 334.9410858154297 161.15924072265625 334.9410858154297 232.51092529296875 287.60797119140625 232.51092529296875
287.18792724609375 160.89093017578125 334.93438720703125 160.89093017578125 334.93438720703125 232.42527770996094 287.18792724609375 232.42527770996094
287.187255859375 160.5620880126953 334.85804748535156 160.5620880126953 334.85804748535156 232.63031005859375 287.187255859375 232.63031005859375
287.0793151855469 160.76495361328125 334.97618103027344 160.76495361328125 334.97618103027344 232.47151947021484 287.0793151855469 232.47151947021484
287.02362060546875 160.50369262695312 335.2482376098633 160.50369262695312 335.2482376098633 232.18856048583984 287.02362060546875 232.18856048583984
286.9539489746094 160.2119903564453 334.92950439453125 160.2119903564453 334.92950439453125 232.08949279785156 286.9539489746094 232.08949279785156
286.2013244628906 160.95071411132812 334.8965377807617 160.95071411132812 334.8965377807617 231.87469482421875 286.2013244628906 231.87469482421875
286.9225769042969 160.18533325195312 334.80036544799805 160.18533325195312 334.80036544799805 231.47443389892578 286.9225769042969 231.47443389892578
286.767333984375 160.26097106933594 334.80810165405273 160.26097106933594 334.80810165405273 231.4451141357422 286.767333984375 231.4451141357422
286.82244873046875 160.68017578125 334.7720260620117 160.68017578125 334.7720260620117 230.96165466308594 286.82244873046875 230.96165466308594
286.851806640625 160.6033935546875 334.8765296936035 160.6033935546875 334.8765296936035 231.26255798339844 286.851806640625 231.26255798339844
286.653564453125 159.69161987304688 334.921875 159.69161987304688 334.921875 231.0343780517578 286.653564453125 231.0343780517578
286.3545227050781 159.81417846679688 334.6178169250488 159.81417846679688 334.6178169250488 231.33794403076172 286.3545227050781 231.33794403076172
285.96893310546875 160.57827758789062 334.5772171020508 160.57827758789062 334.5772171020508 231.03728485107422 285.96893310546875 231.03728485107422
285.84454345703125 160.3952178955078 334.7178039550781 160.3952178955078 334.7178039550781 230.96560668945312 285.84454345703125 230.96560668945312
285.59320068359375 160.6095428466797 334.2355728149414 160.6095428466797 334.2355728149414 230.4395751953125 285.59320068359375 230.4395751953125
285.74591064453125 160.11166381835938 334.32051849365234 160.11166381835938 334.32051849365234 230.64967346191406 285.74591064453125 230.64967346191406
286.0021057128906 159.94955444335938 333.9192008972168 159.94955444335938 333.9192008972168 230.33041381835938 286.0021057128906 230.33041381835938
285.93414306640625 159.9231414794922 333.84429931640625 159.9231414794922 333.84429931640625 230.86116790771484 285.93414306640625 230.86116790771484
285.75262451171875 159.8845672607422 334.0204048156738 159.8845672607422 334.0204048156738 231.064697265625 285.75262451171875 231.064697265625
285.5885314941406 160.3241729736328 334.0994644165039 160.3241729736328 334.0994644165039 230.65478515625 285.5885314941406 230.65478515625
285.4081115722656 160.5190887451172 333.84321212768555 160.5190887451172 333.84321212768555 230.43988037109375 285.4081115722656 230.43988037109375
285.52886962890625 160.751220703125 333.75138092041016 160.751220703125 333.75138092041016 230.28470611572266 285.52886962890625 230.28470611572266
285.95245361328125 160.106689453125 333.8420600891113 160.106689453125 333.8420600891113 230.7326202392578 285.95245361328125 230.7326202392578
285.7040100097656 160.8910675048828 333.66944122314453 160.8910675048828 333.66944122314453 230.03264617919922 285.7040100097656 230.03264617919922
285.99664306640625 160.2405242919922 333.8548355102539 160.2405242919922 333.8548355102539 229.7728729248047 285.99664306640625 229.7728729248047
285.8878173828125 159.82696533203125 333.87132263183594 159.82696533203125 333.87132263183594 230.3183364868164 285.8878173828125 230.3183364868164
286.1536865234375 160.43443298339844 334.4936218261719 160.43443298339844 334.4936218261719 230.37630462646484 286.1536865234375 230.37630462646484
286.8855895996094 159.5581512451172 334.85225677490234 159.5581512451172 334.85225677490234 230.650146484375 286.8855895996094 230.650146484375
286.7352294921875 159.957275390625 334.99309158325195 159.957275390625 334.99309158325195 231.14271545410156 286.7352294921875 231.14271545410156
286.63104248046875 159.41714477539062 335.8456115722656 159.41714477539062 335.8456115722656 231.87632751464844 286.63104248046875 231.87632751464844
287.40863037109375 159.1315460205078 336.1325988769531 159.1315460205078 336.1325988769531 232.5288848876953 287.40863037109375 232.5288848876953
287.94549560546875 158.25759887695312 337.38696670532227 158.25759887695312 337.38696670532227 233.10218048095703 287.94549560546875 233.10218048095703
287.53790283203125 158.68099975585938 337.9401435852051 158.68099975585938 337.9401435852051 232.39972686767578 287.53790283203125 232.39972686767578
287.895263671875 159.52450561523438 338.5164566040039 159.52450561523438 338.5164566040039 232.3538360595703 287.895263671875 232.3538360595703
288.9661560058594 159.0964813232422 339.3137893676758 159.0964813232422 339.3137893676758 232.2521514892578 288.9661560058594 232.2521514892578
289.462158203125 158.95150756835938 339.8847999572754 158.95150756835938 339.8847999572754 232.2835693359375 289.462158203125 232.2835693359375
289.16156005859375 159.32473754882812 340.3986625671387 159.32473754882812 340.3986625671387 231.79357147216797 289.16156005859375 231.79357147216797
289.77569580078125 159.98886108398438 340.1123237609863 159.98886108398438 340.1123237609863 231.68751525878906 289.77569580078125 231.68751525878906
289.8286437988281 159.08644104003906 340.30602264404297 159.08644104003906 340.30602264404297 231.94406127929688 289.8286437988281 231.94406127929688
289.8874206542969 157.7037353515625 340.85039138793945 157.7037353515625 340.85039138793945 231.03821563720703 289.8874206542969 231.03821563720703
290.510986328125 156.781494140625 341.3649101257324 156.781494140625 341.3649101257324 230.67749786376953 290.510986328125 230.67749786376953
291.12969970703125 155.4114990234375 343.05269622802734 155.4114990234375 343.05269622802734 230.36241912841797 291.12969970703125 230.36241912841797
291.75689697265625 155.15899658203125 343.9842758178711 155.15899658203125 343.9842758178711 230.12814331054688 291.75689697265625 230.12814331054688
292.48748779296875 156.33987426757812 344.36605072021484 156.33987426757812 344.36605072021484 227.78302764892578 292.48748779296875 227.78302764892578
292.31646728515625 156.23802185058594 344.5805969238281 156.23802185058594 344.5805969238281 227.70613861083984 292.31646728515625 227.70613861083984
293.09539794921875 156.21145629882812 344.36653900146484 156.21145629882812 344.36653900146484 228.21019744873047 293.09539794921875 228.21019744873047
293.29229736328125 157.1718292236328 344.47081756591797 157.1718292236328 344.47081756591797 227.4600372314453 293.29229736328125 227.4600372314453
293.79656982421875 157.3935546875 344.67487716674805 157.3935546875 344.67487716674805 227.77838897705078 293.79656982421875 227.77838897705078
293.03082275390625 156.94351196289062 345.2414665222168 156.94351196289062 345.2414665222168 228.53236389160156 293.03082275390625 228.53236389160156
293.406982421875 156.13375854492188 345.20256423950195 156.13375854492188 345.20256423950195 229.89979553222656 293.406982421875 229.89979553222656
293.87994384765625 156.88357543945312 345.5047721862793 156.88357543945312 345.5047721862793 230.69933319091797 293.87994384765625 230.69933319091797
293.9151306152344 157.23519897460938 346.43917083740234 157.23519897460938 346.43917083740234 230.6600799560547 293.9151306152344 230.6600799560547
295.06793212890625 157.4961700439453 347.6096496582031 157.4961700439453 347.6096496582031 231.82665252685547 295.06793212890625 231.82665252685547
294.30169677734375 158.875244140625 346.97212982177734 158.875244140625 346.97212982177734 232.46182250976562 294.30169677734375 232.46182250976562
293.77264404296875 158.98318481445312 346.7266845703125 158.98318481445312 346.7266845703125 232.27294158935547 293.77264404296875 232.27294158935547
294.720703125 159.91110229492188 346.71361541748047 159.91110229492188 346.71361541748047 232.32880401611328 294.720703125 232.32880401611328
293.7978515625 160.05368041992188 346.56293869018555 160.05368041992188 346.56293869018555 233.31167602539062 293.7978515625 233.31167602539062
294.30047607421875 160.54513549804688 346.5584602355957 160.54513549804688 346.5584602355957 232.67007446289062 294.30047607421875 232.67007446289062
294.02252197265625 161.431640625 346.11595916748047 161.431640625 346.11595916748047 232.7632293701172 294.02252197265625 232.7632293701172
294.06768798828125 160.7360076904297 346.15665435791016 160.7360076904297 346.15665435791016 232.92446899414062 294.06768798828125 232.92446899414062
293.4518737792969 161.4983367919922 345.9914436340332 161.4983367919922 345.9914436340332 233.0244140625 293.4518737792969 233.0244140625
293.28948974609375 161.04837036132812 345.64677810668945 161.04837036132812 345.64677810668945 233.3982391357422 293.28948974609375 233.3982391357422
292.7239990234375 161.6195068359375 345.2387924194336 161.6195068359375 345.2387924194336 232.75548553466797 292.7239990234375 232.75548553466797
292.6571960449219 161.92086791992188 344.8315238952637 161.92086791992188 344.8315238952637 232.5450897216797 292.6571960449219 232.5450897216797
292.8030090332031 161.19931030273438 345.25183868408203 161.19931030273438 345.25183868408203 232.37864685058594 292.8030090332031 232.37864685058594
292.7039489746094 161.6758270263672 344.8019790649414 161.6758270263672 344.8019790649414 231.939453125 292.7039489746094 231.939453125
292.89068603515625 160.9287109375 344.71502685546875 160.9287109375 344.71502685546875 231.51698303222656 292.89068603515625 231.51698303222656
291.98779296875 160.03408813476562 343.52850341796875 160.03408813476562 343.52850341796875 231.98887634277344 291.98779296875 231.98887634277344
292.0613708496094 159.40963745117188 343.08477783203125 159.40963745117188 343.08477783203125 231.28455352783203 292.0613708496094 231.28455352783203
291.54034423828125 158.0462646484375 342.84175872802734 158.0462646484375 342.84175872802734 230.8181610107422 291.54034423828125 230.8181610107422
291.7070617675781 157.60940551757812 342.87215423583984 157.60940551757812 342.87215423583984 230.0739288330078 291.7070617675781 230.0739288330078
291.5127868652344 157.1596221923828 342.67190170288086 157.1596221923828 342.67190170288086 229.53208923339844 291.5127868652344 229.53208923339844
293.01934814453125 155.9302215576172 342.4576416015625 155.9302215576172 342.4576416015625 228.1785430908203 293.01934814453125 228.1785430908203
292.9519348144531 156.27586364746094 343.2219886779785 156.27586364746094 343.2219886779785 227.6441421508789 292.9519348144531 227.6441421508789
293.1103820800781 155.7183380126953 343.262939453125 155.7183380126953 343.262939453125 227.90785217285156 293.1103820800781 227.90785217285156
292.4205017089844 156.20632934570312 343.1803092956543 156.20632934570312 343.1803092956543 228.17587280273438 292.4205017089844 228.17587280273438
293.7084045410156 155.8228302001953 343.8777885437012 155.8228302001953 343.8777885437012 228.15296936035156 293.7084045410156 228.15296936035156
293.89892578125 157.1866455078125 344.3317642211914 157.1866455078125 344.3317642211914 228.43079376220703 293.89892578125 228.43079376220703
292.2181091308594 157.30287170410156 342.01731872558594 157.30287170410156 342.01731872558594 229.53074645996094 292.2181091308594 229.53074645996094
291.1708068847656 157.5645751953125 341.85607147216797 157.5645751953125 341.85607147216797 230.33960723876953 291.1708068847656 230.33960723876953
290.76763916015625 159.09506225585938 342.0034065246582 159.09506225585938 342.0034065246582 231.681396484375 290.76763916015625 231.681396484375
291.2651672363281 160.2691192626953 342.6750259399414 160.2691192626953 342.6750259399414 231.8289031982422 291.2651672363281 231.8289031982422
290.2701721191406 161.46014404296875 341.20714950561523 161.46014404296875 341.20714950561523 232.20997619628906 290.2701721191406 232.20997619628906
289.9744873046875 161.76600646972656 341.24310302734375 161.76600646972656 341.24310302734375 231.68596649169922 289.9744873046875 231.68596649169922
289.8555603027344 164.04092407226562 341.56456756591797 164.04092407226562 341.56456756591797 233.3676528930664 289.8555603027344 233.3676528930664
290.7889404296875 164.6868133544922 342.4364204406738 164.6868133544922 342.4364204406738 232.95270538330078 290.7889404296875 232.95270538330078
289.9176940917969 163.0102996826172 341.29041290283203 163.0102996826172 341.29041290283203 231.8818817138672 289.9176940917969 231.8818817138672
289.7301025390625 164.14743041992188 341.1095771789551 164.14743041992188 341.1095771789551 231.4949951171875 289.7301025390625 231.4949951171875
290.3472595214844 163.4212646484375 341.90869140625 163.4212646484375 341.90869140625 231.0494384765625 290.3472595214844 231.0494384765625
289.37933349609375 163.13258361816406 340.7899055480957 163.13258361816406 340.7899055480957 231.7327117919922 289.37933349609375 231.7327117919922
290.14898681640625 162.86688232421875 341.84661865234375 162.86688232421875 341.84661865234375 231.7222900390625 290.14898681640625 231.7222900390625
289.0260009765625 164.16159057617188 340.4176216125488 164.16159057617188 340.4176216125488 232.12203979492188 289.0260009765625 232.12203979492188
288.3439025878906 163.3051300048828 339.25121307373047 163.3051300048828 339.25121307373047 232.81871795654297 288.3439025878906 232.81871795654297
287.96466064453125 164.62161254882812 339.5572280883789 164.62161254882812 339.5572280883789 232.6901397705078 287.96466064453125 232.6901397705078
287.36224365234375 164.95272827148438 339.60457611083984 164.95272827148438 339.60457611083984 233.91139221191406 287.36224365234375 233.91139221191406
286.6109924316406 164.7075653076172 339.0218696594238 164.7075653076172 339.0218696594238 235.07940673828125 286.6109924316406 235.07940673828125
284.82965087890625 163.83236694335938 337.58586502075195 163.83236694335938 337.58586502075195 236.74454498291016 284.82965087890625 236.74454498291016
284.58074951171875 167.3004913330078 338.7051887512207 167.3004913330078 338.7051887512207 240.147216796875 284.58074951171875 240.147216796875
284.4557189941406 167.96728515625 338.4372978210449 167.96728515625 338.4372978210449 240.7445068359375 284.4557189941406 240.7445068359375
283.15484619140625 169.16433715820312 338.33422088623047 169.16433715820312 338.33422088623047 243.63465881347656 283.15484619140625 243.63465881347656
282.9441223144531 170.16773986816406 337.02806854248047 170.16773986816406 337.02806854248047 243.5215835571289 282.9441223144531 243.5215835571289
282.67950439453125 172.97012329101562 338.17919921875 172.97012329101562 338.17919921875 246.11949157714844 282.67950439453125 246.11949157714844
283.6371765136719 173.8688201904297 338.7741012573242 173.8688201904297 338.7741012573242 247.7283706665039 283.6371765136719 247.7283706665039
282.042724609375 175.2970428466797 337.2113265991211 175.2970428466797 337.2113265991211 247.7019271850586 282.042724609375 247.7019271850586
281.638671875 177.3174591064453 337.7392807006836 177.3174591064453 337.7392807006836 248.87602996826172 281.638671875 248.87602996826172
282.163818359375 175.86788940429688 336.6882019042969 175.86788940429688 336.6882019042969 247.17242431640625 282.163818359375 247.17242431640625
282.7869567871094 176.05532836914062 337.3267402648926 176.05532836914062 337.3267402648926 246.95836639404297 282.7869567871094 246.95836639404297
283.39715576171875 173.8455047607422 338.9348564147949 173.8455047607422 338.9348564147949 246.70401000976562 283.39715576171875 246.70401000976562
284.5721435546875 171.39273071289062 338.97026443481445 171.39273071289062 338.97026443481445 245.07860565185547 284.5721435546875 245.07860565185547
285.26409912109375 170.30419921875 340.2469253540039 170.30419921875 340.2469253540039 243.42350006103516 285.26409912109375 243.42350006103516
287.21441650390625 168.17491149902344 341.97381591796875 168.17491149902344 341.97381591796875 241.49031829833984 287.21441650390625 241.49031829833984
287.013916015625 164.58676147460938 342.2324104309082 164.58676147460938 342.2324104309082 239.75554656982422 287.013916015625 239.75554656982422
288.8215026855469 160.68008422851562 343.31816482543945 160.68008422851562 343.31816482543945 235.38799285888672 288.8215026855469 235.38799285888672
289.66510009765625 158.8811798095703 343.43585205078125 158.8811798095703 343.43585205078125 233.69576263427734 289.66510009765625 233.69576263427734
289.7599182128906 157.50186157226562 343.2013053894043 157.50186157226562 343.2013053894043 233.31307983398438 289.7599182128906 233.31307983398438
290.2311096191406 155.7713623046875 343.4152603149414 155.7713623046875 343.4152603149414 231.71157836914062 290.2311096191406 231.71157836914062
290.8678283691406 155.84500122070312 343.2755432128906 155.84500122070312 343.2755432128906 230.4319839477539 290.8678283691406 230.4319839477539
291.19476318359375 154.67617797851562 343.01392364501953 154.67617797851562 343.01392364501953 229.32390594482422 291.19476318359375 229.32390594482422
291.482421875 154.22915649414062 342.7683639526367 154.22915649414062 342.7683639526367 228.5177230834961 291.482421875 228.5177230834961
291.4971923828125 154.62344360351562 342.22189712524414 154.62344360351562 342.22189712524414 227.85002899169922 291.4971923828125 227.85002899169922
292.24456787109375 153.52023315429688 342.292724609375 153.52023315429688 342.292724609375 226.9229965209961 292.24456787109375 226.9229965209961
291.89056396484375 153.91574096679688 341.85301971435547 153.91574096679688 341.85301971435547 225.4057159423828 291.89056396484375 225.4057159423828
291.52093505859375 153.6332550048828 342.09912872314453 153.6332550048828 342.09912872314453 224.47877502441406 291.52093505859375 224.47877502441406
291.7364196777344 152.9251251220703 342.63220977783203 152.9251251220703 342.63220977783203 224.6219940185547 291.7364196777344 224.6219940185547
292.37579345703125 151.26736450195312 343.97265625 151.26736450195312 343.97265625 226.08270263671875 292.37579345703125 226.08270263671875
292.5130615234375 150.9060516357422 343.8987808227539 150.9060516357422 343.8987808227539 225.20152282714844 292.5130615234375 225.20152282714844
291.96685791015625 151.41107177734375 344.9561233520508 151.41107177734375 344.9561233520508 225.712890625 291.96685791015625 225.712890625
292.45989990234375 150.72532653808594 344.4027633666992 150.72532653808594 344.4027633666992 225.22916412353516 292.45989990234375 225.22916412353516
291.67181396484375 151.12327575683594 343.1518135070801 151.12327575683594 343.1518135070801 224.16048431396484 291.67181396484375 224.16048431396484
291.7743835449219 150.99514770507812 343.4812545776367 150.99514770507812 343.4812545776367 223.94318389892578 291.7743835449219 223.94318389892578
291.7425231933594 151.29049682617188 342.7562789916992 151.29049682617188 342.7562789916992 224.01264190673828 291.7425231933594 224.01264190673828
291.366455078125 151.25537109375 341.76563262939453 151.25537109375 341.76563262939453 224.20213317871094 291.366455078125 224.20213317871094
291.6147766113281 151.81460571289062 340.7595977783203 151.81460571289062 340.7595977783203 224.2679901123047 291.6147766113281 224.2679901123047
291.5130310058594 151.75283813476562 340.4705619812012 151.75283813476562 340.4705619812012 224.29808044433594 291.5130310058594 224.29808044433594
291.466552734375 152.48544311523438 339.7475891113281 152.48544311523438 339.7475891113281 224.02183532714844 291.466552734375 224.02183532714844
291.07305908203125 152.04649353027344 339.26702880859375 152.04649353027344 339.26702880859375 223.9172592163086 291.07305908203125 223.9172592163086
290.6812438964844 152.47921752929688 339.59531021118164 152.47921752929688 339.59531021118164 224.1167449951172 290.6812438964844 224.1167449951172
290.905517578125 152.3482666015625 340.1598091125488 152.3482666015625 340.1598091125488 224.3906707763672 290.905517578125 224.3906707763672
290.93292236328125 151.8537139892578 341.4117774963379 151.8537139892578 341.4117774963379 225.2181167602539 290.93292236328125 225.2181167602539
290.532958984375 150.85678100585938 341.41104888916016 150.85678100585938 341.41104888916016 223.38221740722656 290.532958984375 223.38221740722656
290.49298095703125 152.13621520996094 344.78155517578125 152.13621520996094 344.78155517578125 225.1488494873047 290.49298095703125 225.1488494873047
291.9128723144531 151.80160522460938 346.78881072998047 151.80160522460938 346.78881072998047 224.9696502685547 291.9128723144531 224.9696502685547
290.6048278808594 151.74659729003906 345.83946990966797 151.74659729003906 345.83946990966797 225.39291381835938 290.6048278808594 225.39291381835938
286.71124267578125 149.2999725341797 343.3258056640625 149.2999725341797 343.3258056640625 224.7861785888672 286.71124267578125 224.7861785888672
287.17181396484375 151.19296264648438 345.01953125 151.19296264648438 345.01953125 226.94236755371094 287.17181396484375 226.94236755371094
285.1209716796875 151.45053100585938 347.0174140930176 151.45053100585938 347.0174140930176 226.32144165039062 285.1209716796875 226.32144165039062
286.2970275878906 150.96432495117188 347.2906188964844 150.96432495117188 347.2906188964844 229.244873046875 286.2970275878906 229.244873046875
286.31280517578125 147.797119140625 347.84661865234375 147.797119140625 347.84661865234375 227.76903533935547 286.31280517578125 227.76903533935547
284.91546630859375 144.62171936035156 346.6898498535156 144.62171936035156 346.6898498535156 222.9550018310547 284.91546630859375 222.9550018310547
283.1796875 144.6735076904297 344.51126861572266 144.6735076904297 344.51126861572266 225.5630874633789 283.1796875 225.5630874633789
285.2043762207031 148.33279418945312 345.5833549499512 148.33279418945312 345.5833549499512 228.83824157714844 285.2043762207031 228.83824157714844
285.0898742675781 151.4645538330078 345.8119697570801 151.4645538330078 345.8119697570801 232.427490234375 285.0898742675781 232.427490234375
286.1935119628906 151.06919860839844 346.0487174987793 151.06919860839844 346.0487174987793 228.8697509765625 286.1935119628906 228.8697509765625
284.8661804199219 149.25733947753906 344.5883255004883 149.25733947753906 344.5883255004883 224.05404663085938 284.8661804199219 224.05404663085938
286.6668395996094 150.71096801757812 344.46533203125 150.71096801757812 344.46533203125 222.49951934814453 286.6668395996094 222.49951934814453
287.086181640625 150.08987426757812 342.1962699890137 150.08987426757812 342.1962699890137 223.66008758544922 287.086181640625 223.66008758544922
287.18988037109375 149.90074157714844 340.9849853515625 149.90074157714844 340.9849853515625 223.95925903320312 287.18988037109375 223.95925903320312
286.3853454589844 150.5997772216797 339.5747375488281 150.5997772216797 339.5747375488281 225.37134552001953 286.3853454589844 225.37134552001953
286.7801208496094 151.40890502929688 339.2396659851074 151.40890502929688 339.2396659851074 224.89877319335938 286.7801208496094 224.89877319335938
287.06573486328125 151.29193115234375 339.5320129394531 151.29193115234375 339.5320129394531 225.5520782470703 287.06573486328125 225.5520782470703
287.43121337890625 151.6009979248047 339.6635055541992 151.6009979248047 339.6635055541992 225.4597625732422 287.43121337890625 225.4597625732422
287.5701599121094 151.99594116210938 339.6676330566406 151.99594116210938 339.6676330566406 225.66561889648438 287.5701599121094 225.66561889648438
287.76385498046875 152.8975067138672 340.5740051269531 152.8975067138672 340.5740051269531 225.47633361816406 287.76385498046875 225.47633361816406
288.3034973144531 152.5875701904297 340.6790962219238 152.5875701904297 340.6790962219238 226.03042602539062 288.3034973144531 226.03042602539062
288.88336181640625 153.21343994140625 341.12255859375 153.21343994140625 341.12255859375 225.7175521850586 288.88336181640625 225.7175521850586
289.50286865234375 153.62664794921875 341.6509323120117 153.62664794921875 341.6509323120117 224.82652282714844 289.50286865234375 224.82652282714844
289.99688720703125 154.25942993164062 341.6282730102539 154.25942993164062 341.6282730102539 225.39833068847656 289.99688720703125 225.39833068847656
291.29925537109375 153.89427185058594 341.6723213195801 153.89427185058594 341.6723213195801 225.23313903808594 291.29925537109375 225.23313903808594
291.37701416015625 154.1129150390625 341.8513488769531 154.1129150390625 341.8513488769531 225.53986358642578 291.37701416015625 225.53986358642578
291.7882385253906 155.21913146972656 341.5019836425781 155.21913146972656 341.5019836425781 224.9952850341797 291.7882385253906 224.9952850341797
292.31903076171875 155.0569305419922 341.39011001586914 155.0569305419922 341.39011001586914 224.234375 292.31903076171875 224.234375
291.5124816894531 153.84976196289062 341.29852294921875 153.84976196289062 341.29852294921875 224.40122985839844 291.5124816894531 224.40122985839844
292.53216552734375 153.8957061767578 341.1490364074707 153.8957061767578 341.1490364074707 224.09918212890625 292.53216552734375 224.09918212890625
292.1821594238281 153.21607971191406 341.2581100463867 153.21607971191406 341.2581100463867 223.5982666015625 292.1821594238281 223.5982666015625
292.2173767089844 152.90570068359375 341.3382568359375 152.90570068359375 341.3382568359375 222.9766082763672 292.2173767089844 222.9766082763672
291.0981750488281 152.5577392578125 341.55998611450195 152.5577392578125 341.55998611450195 223.4190216064453 291.0981750488281 223.4190216064453
291.0102844238281 152.81100463867188 340.7620620727539 152.81100463867188 340.7620620727539 223.00696563720703 291.0102844238281 223.00696563720703
291.28253173828125 153.4463348388672 340.85732650756836 153.4463348388672 340.85732650756836 223.73275756835938 291.28253173828125 223.73275756835938
291.1282043457031 153.3701629638672 340.5036201477051 153.3701629638672 340.5036201477051 222.58505249023438 291.1282043457031 222.58505249023438
290.8783264160156 152.3534393310547 340.72229766845703 152.3534393310547 340.72229766845703 223.28378295898438 290.8783264160156 223.28378295898438
291.0809631347656 151.836669921875 341.3161926269531 151.836669921875 341.3161926269531 224.8375473022461 291.0809631347656 224.8375473022461
291.3462829589844 151.58778381347656 341.0970687866211 151.58778381347656 341.0970687866211 224.9811553955078 291.3462829589844 224.9811553955078
290.245361328125 152.1267852783203 340.86064529418945 152.1267852783203 340.86064529418945 222.6773681640625 290.245361328125 222.6773681640625
290.5335998535156 151.65354919433594 340.6130485534668 151.65354919433594 340.6130485534668 222.37664794921875 290.5335998535156 222.37664794921875
291.2098693847656 151.56219482421875 340.1538734436035 151.56219482421875 340.1538734436035 223.8674087524414 291.2098693847656 223.8674087524414
290.8625183105469 151.28695678710938 339.8355293273926 151.28695678710938 339.8355293273926 223.7014617919922 290.8625183105469 223.7014617919922
290.6702880859375 151.37059020996094 339.53914642333984 151.37059020996094 339.53914642333984 222.98021697998047 290.6702880859375 222.98021697998047
290.2413024902344 151.2499237060547 338.7618713378906 151.2499237060547 338.7618713378906 222.75821685791016 290.2413024902344 222.75821685791016
290.2555847167969 150.79795837402344 338.72493743896484 150.79795837402344 338.72493743896484 222.8958740234375 290.2555847167969 222.8958740234375
289.6224670410156 150.32962036132812 338.48358154296875 150.32962036132812 338.48358154296875 222.92877960205078 289.6224670410156 222.92877960205078
289.6217346191406 150.82345581054688 338.207950592041 150.82345581054688 338.207950592041 222.33452606201172 289.6217346191406 222.33452606201172
289.7337951660156 150.330810546875 338.3263816833496 150.330810546875 338.3263816833496 221.86768341064453 289.7337951660156 221.86768341064453
290.1551818847656 150.4280242919922 338.7511520385742 150.4280242919922 338.7511520385742 222.51443481445312 290.1551818847656 222.51443481445312
289.43402099609375 150.1480255126953 338.57193756103516 150.1480255126953 338.57193756103516 221.58343505859375 289.43402099609375 221.58343505859375
289.0614318847656 150.10806274414062 338.9105110168457 150.10806274414062 338.9105110168457 221.54278564453125 289.0614318847656 221.54278564453125
289.2610168457031 150.6618194580078 338.36714935302734 150.6618194580078 338.36714935302734 220.9834213256836 289.2610168457031 220.9834213256836
288.54266357421875 149.94479370117188 338.1800003051758 149.94479370117188 338.1800003051758 220.99297332763672 288.54266357421875 220.99297332763672
288.4408874511719 149.30587768554688 338.08955001831055 149.30587768554688 338.08955001831055 220.98761749267578 288.4408874511719 220.98761749267578
288.07403564453125 149.20848083496094 337.72647857666016 149.20848083496094 337.72647857666016 221.3642120361328 288.07403564453125 221.3642120361328
288.404541015625 149.9169464111328 338.11295318603516 149.9169464111328 338.11295318603516 221.69879150390625 288.404541015625 221.69879150390625
288.1111145019531 149.75254821777344 337.7199020385742 149.75254821777344 337.7199020385742 222.02674865722656 288.1111145019531 222.02674865722656
288.13909912109375 150.014404296875 337.6952705383301 150.014404296875 337.6952705383301 222.04452514648438 288.13909912109375 222.04452514648438
288.4751892089844 150.04330444335938 337.4288215637207 150.04330444335938 337.4288215637207 222.06061553955078 288.4751892089844 222.06061553955078
289.01165771484375 150.43197631835938 338.3524856567383 150.43197631835938 338.3524856567383 222.12940216064453 289.01165771484375 222.12940216064453
288.9525451660156 148.7973175048828 339.1467056274414 148.7973175048828 339.1467056274414 220.11903381347656 288.9525451660156 220.11903381347656
290.93438720703125 143.65444946289062 339.6444778442383 143.65444946289062 339.6444778442383 217.81087493896484 290.93438720703125 217.81087493896484
291.9458923339844 138.09591674804688 340.3957214355469 138.09591674804688 340.3957214355469 212.79534149169922 291.9458923339844 212.79534149169922
291.8878173828125 127.23686218261719 341.638126373291 127.23686218261719 341.638126373291 202.56430053710938 291.8878173828125 202.56430053710938
290.7239990234375 119.97160339355469 342.0424499511719 119.97160339355469 342.0424499511719 194.7509307861328 290.7239990234375 194.7509307861328
290.0878601074219 112.4675064086914 344.0899238586426 112.4675064086914 344.0899238586426 188.50331115722656 290.0878601074219 188.50331115722656
290.67938232421875 107.06571960449219 346.3373794555664 107.06571960449219 346.3373794555664 181.27651977539062 290.67938232421875 181.27651977539062
290.15484619140625 98.05770111083984 346.18860626220703 98.05770111083984 346.18860626220703 172.7695083618164 290.15484619140625 172.7695083618164
293.150634765625 83.5766830444336 350.27254486083984 83.5766830444336 350.27254486083984 159.73936462402344 293.150634765625 159.73936462402344
292.65838623046875 77.0339126586914 348.76741790771484 77.0339126586914 348.76741790771484 153.37731170654297 292.65838623046875 153.37731170654297
293.08514404296875 68.03558349609375 349.0366516113281 68.03558349609375 349.0366516113281 145.30699157714844 293.08514404296875 145.30699157714844
291.3466796875 60.16691970825195 346.97791290283203 60.16691970825195 346.97791290283203 136.91129684448242 291.3466796875 136.91129684448242
293.4900207519531 54.176055908203125 350.9944953918457 54.176055908203125 350.9944953918457 130.8488311767578 293.4900207519531 130.8488311767578
293.7427062988281 42.13508987426758 349.79938888549805 42.13508987426758 349.79938888549805 118.41208267211914 293.7427062988281 118.41208267211914
293.5290832519531 37.75757598876953 349.1161422729492 37.75757598876953 349.1161422729492 111.8738021850586 293.5290832519531 111.8738021850586
292.7762756347656 32.65453338623047 347.8322067260742 32.65453338623047 347.8322067260742 108.1921157836914 292.7762756347656 108.1921157836914
293.5314636230469 30.424646377563477 349.9765090942383 30.424646377563477 349.9765090942383 106.92255592346191 293.5314636230469 106.92255592346191
294.1427001953125 27.20731544494629 349.2752380371094 27.20731544494629 349.2752380371094 102.41758155822754 294.1427001953125 102.41758155822754
292.632080078125 26.770877838134766 349.8491325378418 26.770877838134766 349.8491325378418 103.34108352661133 292.632080078125 103.34108352661133
291.57952880859375 26.31538963317871 348.68526458740234 26.31538963317871 348.68526458740234 102.07543754577637 291.57952880859375 102.07543754577637
290.18804931640625 25.818744659423828 347.7607231140137 25.818744659423828 347.7607231140137 101.8158073425293 290.18804931640625 101.8158073425293
291.7398986816406 27.171178817749023 349.19092559814453 27.171178817749023 349.19092559814453 103.44169425964355 291.7398986816406 103.44169425964355
289.8008117675781 27.598194122314453 347.7530097961426 27.598194122314453 347.7530097961426 103.71529769897461 289.8008117675781 103.71529769897461
292.7804870605469 29.202617645263672 349.50601959228516 29.202617645263672 349.50601959228516 104.83681869506836 292.7804870605469 104.83681869506836
292.40826416015625 30.359386444091797 349.1644477844238 30.359386444091797 349.1644477844238 106.03445816040039 292.40826416015625 106.03445816040039
292.7992248535156 30.128963470458984 350.24498748779297 30.128963470458984 350.24498748779297 106.72346878051758 292.7992248535156 106.72346878051758
291.671630859375 30.9215145111084 349.0024108886719 30.9215145111084 349.0024108886719 107.36272239685059 291.671630859375 107.36272239685059
291.64166259765625 30.95808982849121 348.3049125671387 30.95808982849121 348.3049125671387 106.50925254821777 291.64166259765625 106.50925254821777
292.92889404296875 33.12892532348633 348.8220443725586 33.12892532348633 348.8220443725586 107.65327835083008 292.92889404296875 107.65327835083008
292.5868225097656 34.536808013916016 348.90906524658203 34.536808013916016 348.90906524658203 109.63328170776367 292.5868225097656 109.63328170776367
291.89495849609375 34.236305236816406 348.3341598510742 34.236305236816406 348.3341598510742 109.48873138427734 291.89495849609375 109.48873138427734
293.6292419433594 35.566062927246094 350.66512298583984 35.566062927246094 350.66512298583984 111.61406707763672 293.6292419433594 111.61406707763672
293.9506530761719 36.7281494140625 350.4617004394531 36.7281494140625 350.4617004394531 111.1498031616211 293.9506530761719 111.1498031616211
291.53887939453125 37.51849365234375 348.4924545288086 37.51849365234375 348.4924545288086 110.27281188964844 291.53887939453125 110.27281188964844
294.439453125 39.2560920715332 349.6722106933594 39.2560920715332 349.6722106933594 112.89993667602539 294.439453125 112.89993667602539
294.04266357421875 37.73491668701172 350.12740325927734 37.73491668701172 350.12740325927734 111.84051513671875 294.04266357421875 111.84051513671875
294.2049255371094 38.52687072753906 350.40836334228516 38.52687072753906 350.40836334228516 113.4649658203125 294.2049255371094 113.4649658203125
294.55523681640625 39.43574905395508 350.3852119445801 39.43574905395508 350.3852119445801 113.87588882446289 294.55523681640625 113.87588882446289
294.5461730957031 39.604591369628906 351.0793647766113 39.604591369628906 351.0793647766113 114.98235321044922 294.5461730957031 114.98235321044922
292.39227294921875 39.215232849121094 348.8496398925781 39.215232849121094 348.8496398925781 114.49188995361328 292.39227294921875 114.49188995361328
293.35955810546875 39.63819885253906 349.4069633483887 39.63819885253906 349.4069633483887 113.71752166748047 293.35955810546875 113.71752166748047
289.74493408203125 41.730567932128906 346.2365303039551 41.730567932128906 346.2365303039551 114.94658660888672 289.74493408203125 114.94658660888672
289.108642578125 42.67129135131836 345.810791015625 42.67129135131836 345.810791015625 115.3931999206543 289.108642578125 115.3931999206543
290.5448303222656 43.556148529052734 347.0827941894531 43.556148529052734 347.0827941894531 115.13693618774414 290.5448303222656 115.13693618774414
289.0799865722656 43.39836502075195 345.39238357543945 43.39836502075195 345.39238357543945 116.17805099487305 289.0799865722656 116.17805099487305
288.4118347167969 43.322288513183594 344.25809478759766 43.322288513183594 344.25809478759766 113.9729232788086 288.4118347167969 113.9729232788086
287.64263916015625 43.276424407958984 343.3201599121094 43.276424407958984 343.3201599121094 113.91595077514648 287.64263916015625 113.91595077514648
290.1750183105469 43.51713562011719 344.5179252624512 43.51713562011719 344.5179252624512 114.6533432006836 290.1750183105469 114.6533432006836
291.79052734375 43.38792419433594 345.4098205566406 43.38792419433594 345.4098205566406 114.29352569580078 291.79052734375 114.29352569580078
292.39788818359375 45.034263610839844 346.5474624633789 45.034263610839844 346.5474624633789 117.2338638305664 292.39788818359375 117.2338638305664
289.2853088378906 50.29813766479492 344.59708404541016 50.29813766479492 344.59708404541016 124.04733657836914 289.2853088378906 124.04733657836914
290.7454833984375 53.286170959472656 344.93408966064453 53.286170959472656 344.93408966064453 125.53780364990234 290.7454833984375 125.53780364990234
289.74017333984375 60.37803268432617 343.65380096435547 60.37803268432617 343.65380096435547 132.2630271911621 289.74017333984375 132.2630271911621
291.94537353515625 65.17463684082031 345.22559356689453 65.17463684082031 345.22559356689453 136.21508026123047 291.94537353515625 136.21508026123047
291.79864501953125 73.25886535644531 344.69884490966797 73.25886535644531 344.69884490966797 144.48383331298828 291.79864501953125 144.48383331298828
290.3787536621094 76.93830871582031 343.61921310424805 76.93830871582031 343.61921310424805 146.91551971435547 290.3787536621094 146.91551971435547
293.01470947265625 79.89537048339844 345.57843017578125 79.89537048339844 345.57843017578125 149.3787841796875 293.01470947265625 149.3787841796875
290.8484802246094 82.35311126708984 344.0023307800293 82.35311126708984 344.0023307800293 151.19400024414062 290.8484802246094 151.19400024414062
293.3360595703125 83.85283660888672 345.7647285461426 83.85283660888672 345.7647285461426 153.13111877441406 293.3360595703125 153.13111877441406
292.885986328125 86.68858337402344 345.5167236328125 86.68858337402344 345.5167236328125 156.86302947998047 292.885986328125 156.86302947998047
293.2174377441406 86.4437484741211 345.56977462768555 86.4437484741211 345.56977462768555 156.24698638916016 293.2174377441406 156.24698638916016
294.7230529785156 88.54302978515625 347.0975227355957 88.54302978515625 347.0975227355957 158.37577056884766 294.7230529785156 158.37577056884766
293.3755798339844 92.1298599243164 345.51136016845703 92.1298599243164 345.51136016845703 161.64434051513672 293.3755798339844 161.64434051513672
293.6815185546875 93.0470199584961 346.1876640319824 93.0470199584961 346.1876640319824 163.05532836914062 293.6815185546875 163.05532836914062
295.9883117675781 92.87838745117188 348.2925109863281 92.87838745117188 348.2925109863281 162.617431640625 295.9883117675781 162.617431640625
295.22052001953125 93.85871887207031 348.5651626586914 93.85871887207031 348.5651626586914 164.20178985595703 295.22052001953125 164.20178985595703
293.9823913574219 92.80313110351562 347.5897216796875 92.80313110351562 347.5897216796875 161.97551727294922 293.9823913574219 161.97551727294922
296.5450439453125 87.70075988769531 349.3142890930176 87.70075988769531 349.3142890930176 158.05985260009766 296.5450439453125 158.05985260009766
297.99395751953125 85.63239288330078 350.85003662109375 85.63239288330078 350.85003662109375 156.10726165771484 297.99395751953125 156.10726165771484
298.2248840332031 84.57264709472656 349.8653755187988 84.57264709472656 349.8653755187988 151.63079833984375 298.2248840332031 151.63079833984375
302.61798095703125 77.03823852539062 354.6221008300781 77.03823852539062 354.6221008300781 146.37714385986328 302.61798095703125 146.37714385986328
301.374267578125 72.52013397216797 353.46761322021484 72.52013397216797 353.46761322021484 142.1337432861328 301.374267578125 142.1337432861328
303.0174560546875 68.56712341308594 355.23297119140625 68.56712341308594 355.23297119140625 138.18789672851562 303.0174560546875 138.18789672851562
302.99114990234375 64.35017395019531 355.5401725769043 64.35017395019531 355.5401725769043 135.71172332763672 302.99114990234375 135.71172332763672
305.21478271484375 60.20927810668945 357.5691223144531 60.20927810668945 357.5691223144531 130.01515579223633 305.21478271484375 130.01515579223633
304.1666259765625 56.86407470703125 356.54898834228516 56.86407470703125 356.54898834228516 127.96437072753906 304.1666259765625 127.96437072753906
303.1802673339844 55.62237548828125 356.42497634887695 55.62237548828125 356.42497634887695 126.8194580078125 303.1802673339844 126.8194580078125
304.6992492675781 52.42728805541992 357.9545593261719 52.42728805541992 357.9545593261719 123.43446731567383 304.6992492675781 123.43446731567383
303.70037841796875 50.885780334472656 357.3022575378418 50.885780334472656 357.3022575378418 122.80308532714844 303.70037841796875 122.80308532714844
302.95745849609375 49.20420455932617 357.30675506591797 49.20420455932617 357.30675506591797 121.75104904174805 302.95745849609375 121.75104904174805
302.4953918457031 47.4964485168457 356.4583854675293 47.4964485168457 356.4583854675293 119.53996658325195 302.4953918457031 119.53996658325195
302.822021484375 47.618038177490234 356.6176643371582 47.618038177490234 356.6176643371582 118.82341384887695 302.822021484375 118.82341384887695
303.39373779296875 47.3038444519043 355.92151641845703 47.3038444519043 355.92151641845703 117.06245040893555 303.39373779296875 117.06245040893555
301.85711669921875 46.681304931640625 355.4285697937012 46.681304931640625 355.4285697937012 116.13017272949219 301.85711669921875 116.13017272949219
300.583251953125 44.80644607543945 354.9147262573242 44.80644607543945 354.9147262573242 115.40693283081055 300.583251953125 115.40693283081055
299.34686279296875 44.690608978271484 353.5799751281738 44.690608978271484 353.5799751281738 114.79492568969727 299.34686279296875 114.79492568969727
297.65338134765625 43.414337158203125 352.5887031555176 43.414337158203125 352.5887031555176 114.20353698730469 297.65338134765625 114.20353698730469
297.2734375 43.39210891723633 351.8608703613281 43.39210891723633 351.8608703613281 113.67463302612305 297.2734375 113.67463302612305
296.5490417480469 44.551979064941406 352.0049629211426 44.551979064941406 352.0049629211426 114.43031311035156 296.5490417480469 114.43031311035156
296.0484313964844 43.80644226074219 351.2726058959961 43.80644226074219 351.2726058959961 114.07562255859375 296.0484313964844 114.07562255859375
295.1370544433594 43.63338088989258 349.86687088012695 43.63338088989258 349.86687088012695 113.22439193725586 295.1370544433594 113.22439193725586
295.3526611328125 43.9990119934082 350.08031463623047 43.9990119934082 350.08031463623047 114.06103134155273 295.3526611328125 114.06103134155273
294.3670349121094 43.90469741821289 348.86719512939453 43.90469741821289 348.86719512939453 113.49948501586914 294.3670349121094 113.49948501586914
293.88189697265625 44.40003204345703 348.7988586425781 44.40003204345703 348.7988586425781 114.67830657958984 293.88189697265625 114.67830657958984
292.739501953125 43.941505432128906 347.68766021728516 43.941505432128906 347.68766021728516 113.99956512451172 292.739501953125 113.99956512451172
293.2261047363281 44.646446228027344 348.4016914367676 44.646446228027344 348.4016914367676 115.31269073486328 293.2261047363281 115.31269073486328
292.0207214355469 43.93993377685547 346.8031692504883 43.93993377685547 346.8031692504883 112.8140640258789 292.0207214355469 112.8140640258789
292.9327087402344 44.363189697265625 346.56539154052734 44.363189697265625 346.56539154052734 113.36585235595703 292.9327087402344 113.36585235595703
291.94927978515625 43.43699645996094 345.8136672973633 43.43699645996094 345.8136672973633 111.4669418334961 291.94927978515625 111.4669418334961
291.4854431152344 42.724708557128906 345.46907806396484 42.724708557128906 345.46907806396484 112.2605972290039 291.4854431152344 112.2605972290039
291.541259765625 42.782501220703125 345.329833984375 42.782501220703125 345.329833984375 111.66416931152344 291.541259765625 111.66416931152344
291.1474914550781 42.032569885253906 345.1063423156738 42.032569885253906 345.1063423156738 110.5488510131836 291.1474914550781 110.5488510131836
290.31146240234375 41.962310791015625 344.2558784484863 41.962310791015625 344.2558784484863 111.27490234375 290.31146240234375 111.27490234375
290.9985656738281 41.789878845214844 345.0278205871582 41.789878845214844 345.0278205871582 112.14894104003906 290.9985656738281 112.14894104003906
290.14813232421875 42.32135009765625 344.5357971191406 42.32135009765625 344.5357971191406 110.798095703125 290.14813232421875 110.798095703125
289.76995849609375 41.39165115356445 344.75052642822266 41.39165115356445 344.75052642822266 110.17287826538086 289.76995849609375 110.17287826538086
289.59320068359375 40.81163787841797 344.8398246765137 40.81163787841797 344.8398246765137 111.33325958251953 289.59320068359375 111.33325958251953
290.0958557128906 40.47899627685547 345.77684783935547 40.47899627685547 345.77684783935547 113.13153839111328 290.0958557128906 113.13153839111328
288.2253723144531 39.92796325683594 343.5013427734375 39.92796325683594 343.5013427734375 109.81364440917969 288.2253723144531 109.81364440917969
286.9555358886719 40.56583023071289 343.78414154052734 40.56583023071289 343.78414154052734 110.6978645324707 286.9555358886719 110.6978645324707
288.19256591796875 40.843994140625 344.22484588623047 40.843994140625 344.22484588623047 112.51277160644531 288.19256591796875 112.51277160644531
287.89324951171875 40.05622863769531 344.0786361694336 40.05622863769531 344.0786361694336 111.64996337890625 287.89324951171875 111.64996337890625
287.0674743652344 40.572967529296875 342.8116760253906 40.572967529296875 342.8116760253906 112.36042785644531 287.0674743652344 112.36042785644531
287.25054931640625 40.29315948486328 343.35717010498047 40.29315948486328 343.35717010498047 112.22521209716797 287.25054931640625 112.22521209716797
287.5646057128906 40.05724334716797 342.9411201477051 40.05724334716797 342.9411201477051 113.1326675415039 287.5646057128906 113.1326675415039
286.8382873535156 39.6584358215332 342.76721954345703 39.6584358215332 342.76721954345703 112.50839614868164 286.8382873535156 112.50839614868164
285.0442810058594 39.275856018066406 341.7831611633301 39.275856018066406 341.7831611633301 112.79833221435547 285.0442810058594 112.79833221435547
286.8901062011719 39.516197204589844 343.5196418762207 39.516197204589844 343.5196418762207 113.74943542480469 286.8901062011719 113.74943542480469
287.51873779296875 39.17884063720703 343.63712310791016 39.17884063720703 343.63712310791016 113.51480102539062 287.51873779296875 113.51480102539062
285.48236083984375 39.29231262207031 341.89336013793945 39.29231262207031 341.89336013793945 114.50711822509766 285.48236083984375 114.50711822509766
285.71502685546875 40.24769592285156 342.4123306274414 40.24769592285156 342.4123306274414 115.84423828125 285.71502685546875 115.84423828125
285.47943115234375 39.75807189941406 341.5098075866699 39.75807189941406 341.5098075866699 114.46537780761719 285.47943115234375 114.46537780761719
284.8056945800781 41.50530242919922 340.9050064086914 41.50530242919922 340.9050064086914 116.30451965332031 284.8056945800781 116.30451965332031
283.5052490234375 40.589813232421875 340.7992134094238 40.589813232421875 340.7992134094238 114.42212677001953 283.5052490234375 114.42212677001953
283.8631286621094 40.267845153808594 340.1559524536133 40.267845153808594 340.1559524536133 113.79788970947266 283.8631286621094 113.79788970947266
283.3443908691406 41.504154205322266 339.46405029296875 41.504154205322266 339.46405029296875 116.33050918579102 283.3443908691406 116.33050918579102
283.4898376464844 41.65729522705078 339.21746826171875 41.65729522705078 339.21746826171875 115.96094512939453 283.4898376464844 115.96094512939453
282.55364990234375 41.872737884521484 338.29975509643555 41.872737884521484 338.29975509643555 114.93764114379883 282.55364990234375 114.93764114379883
283.17230224609375 42.1315803527832 338.775634765625 42.1315803527832 338.775634765625 114.82781600952148 283.17230224609375 114.82781600952148
284.3047790527344 41.32054138183594 338.18936920166016 41.32054138183594 338.18936920166016 113.16680908203125 284.3047790527344 113.16680908203125
284.8680114746094 41.688560485839844 338.6486511230469 41.688560485839844 338.6486511230469 113.3962173461914 284.8680114746094 113.3962173461914
283.6039123535156 43.842708587646484 337.9006576538086 43.842708587646484 337.9006576538086 116.23850631713867 283.6039123535156 116.23850631713867
280.976806640625 41.871726989746094 335.82015228271484 41.871726989746094 335.82015228271484 113.70926666259766 280.976806640625 113.70926666259766
282.47174072265625 42.1644172668457 337.6319694519043 42.1644172668457 337.6319694519043 114.33005142211914 282.47174072265625 114.33005142211914
280.99615478515625 42.12931823730469 336.9179992675781 42.12931823730469 336.9179992675781 114.25543975830078 280.99615478515625 114.25543975830078
281.44805908203125 42.18238067626953 337.83159255981445 42.18238067626953 337.83159255981445 116.16766357421875 281.44805908203125 116.16766357421875
280.4927062988281 42.14799499511719 337.0067329406738 42.14799499511719 337.0067329406738 115.20933532714844 280.4927062988281 115.20933532714844
281.00640869140625 42.09501266479492 337.65885162353516 42.09501266479492 337.65885162353516 115.25946426391602 281.00640869140625 115.25946426391602
280.03900146484375 43.885990142822266 337.1454391479492 43.885990142822266 337.1454391479492 116.44438552856445 280.03900146484375 116.44438552856445
280.10394287109375 44.128273010253906 337.4030952453613 44.128273010253906 337.4030952453613 118.31025695800781 280.10394287109375 118.31025695800781
279.49755859375 44.35979461669922 337.256591796875 44.35979461669922 337.256591796875 117.91699981689453 279.49755859375 117.91699981689453
277.9179992675781 44.92502212524414 335.6227836608887 44.92502212524414 335.6227836608887 117.04670333862305 277.9179992675781 117.04670333862305
277.150390625 44.813079833984375 336.2932357788086 44.813079833984375 336.2932357788086 118.32630920410156 277.150390625 118.32630920410156
277.41241455078125 45.894378662109375 335.9738349914551 45.894378662109375 335.9738349914551 117.77237701416016 277.41241455078125 117.77237701416016
276.4543762207031 45.92836380004883 335.5655326843262 45.92836380004883 335.5655326843262 118.95740127563477 276.4543762207031 118.95740127563477
276.09600830078125 45.87858200073242 334.46696853637695 45.87858200073242 334.46696853637695 117.33574295043945 276.09600830078125 117.33574295043945
275.2986755371094 44.758487701416016 334.4193115234375 44.758487701416016 334.4193115234375 117.42190933227539 275.2986755371094 117.42190933227539
275.584228515625 44.5565185546875 333.8612480163574 44.5565185546875 333.8612480163574 117.95989990234375 275.584228515625 117.95989990234375
274.296875 44.78528594970703 333.55370330810547 44.78528594970703 333.55370330810547 118.45463562011719 274.296875 118.45463562011719
275.4427795410156 45.460262298583984 333.8928413391113 45.460262298583984 333.8928413391113 118.77665328979492 275.4427795410156 118.77665328979492
275.0191955566406 45.353302001953125 333.30645751953125 45.353302001953125 333.30645751953125 119.62619018554688 275.0191955566406 119.62619018554688
276.0179443359375 47.1475715637207 333.72156524658203 47.1475715637207 333.72156524658203 120.02358627319336 276.0179443359375 120.02358627319336
276.03875732421875 47.66558074951172 333.7371940612793 47.66558074951172 333.7371940612793 120.35657501220703 276.03875732421875 120.35657501220703
276.234130859375 47.86064910888672 333.8654556274414 47.86064910888672 333.8654556274414 120.68897247314453 276.234130859375 120.68897247314453
276.2554626464844 48.993167877197266 334.37921142578125 48.993167877197266 334.37921142578125 121.91665267944336 276.2554626464844 121.91665267944336
276.572998046875 49.01599884033203 334.7319221496582 49.01599884033203 334.7319221496582 121.46646118164062 276.572998046875 121.46646118164062
277.42303466796875 49.925193786621094 334.65946197509766 49.925193786621094 334.65946197509766 121.7075424194336 277.42303466796875 121.7075424194336
278.42822265625 50.88019561767578 335.59383392333984 50.88019561767578 335.59383392333984 123.70484924316406 278.42822265625 123.70484924316406
279.4185485839844 51.93060302734375 335.82551193237305 51.93060302734375 335.82551193237305 122.53292846679688 279.4185485839844 122.53292846679688
280.7604064941406 53.9014778137207 338.18531036376953 53.9014778137207 338.18531036376953 122.6797981262207 280.7604064941406 122.6797981262207
281.2859802246094 53.35331344604492 338.2981262207031 53.35331344604492 338.2981262207031 121.81820297241211 281.2859802246094 121.81820297241211
282.6338195800781 54.069679260253906 339.79622650146484 54.069679260253906 339.79622650146484 122.3287353515625 282.6338195800781 122.3287353515625
284.8879089355469 54.579345703125 340.7514343261719 54.579345703125 340.7514343261719 121.76419830322266 284.8879089355469 121.76419830322266
284.9586486816406 54.2796630859375 340.6810111999512 54.2796630859375 340.6810111999512 121.38504791259766 284.9586486816406 121.38504791259766
286.4214782714844 54.15559005737305 342.53972244262695 54.15559005737305 342.53972244262695 122.72295761108398 286.4214782714844 122.72295761108398
287.5002746582031 53.868377685546875 343.28926849365234 53.868377685546875 343.28926849365234 122.6499252319336 287.5002746582031 122.6499252319336
287.90338134765625 53.179588317871094 342.7012405395508 53.179588317871094 342.7012405395508 119.55481719970703 287.90338134765625 119.55481719970703
287.8162536621094 53.74135208129883 343.18567657470703 53.74135208129883 343.18567657470703 121.30580520629883 287.8162536621094 121.30580520629883
289.27630615234375 53.07329559326172 343.6618118286133 53.07329559326172 343.6618118286133 120.18859100341797 289.27630615234375 120.18859100341797
289.64599609375 53.185447692871094 343.59496307373047 53.185447692871094 343.59496307373047 119.05351257324219 289.64599609375 119.05351257324219
290.0985107421875 53.739898681640625 344.6712532043457 53.739898681640625 344.6712532043457 120.06312561035156 290.0985107421875 120.06312561035156
289.9834899902344 53.32807540893555 344.77466583251953 53.32807540893555 344.77466583251953 119.91315078735352 289.9834899902344 119.91315078735352
290.7617492675781 53.328834533691406 345.3365707397461 53.328834533691406 345.3365707397461 120.84571838378906 290.7617492675781 120.84571838378906
290.94818115234375 53.76787185668945 346.0020637512207 53.76787185668945 346.0020637512207 121.76572799682617 290.94818115234375 121.76572799682617
290.80816650390625 52.8787727355957 346.7892036437988 52.8787727355957 346.7892036437988 120.13779067993164 290.80816650390625 120.13779067993164
291.102294921875 52.073875427246094 345.79080963134766 52.073875427246094 345.79080963134766 118.84089660644531 291.102294921875 118.84089660644531
291.16339111328125 52.741798400878906 345.5059928894043 52.741798400878906 345.5059928894043 118.50204467773438 291.16339111328125 118.50204467773438
291.49542236328125 53.23613357543945 345.74170684814453 53.23613357543945 345.74170684814453 119.65396499633789 291.49542236328125 119.65396499633789
291.3184814453125 53.527687072753906 345.8092727661133 53.527687072753906 345.8092727661133 119.79788208007812 291.3184814453125 119.79788208007812
291.5530090332031 53.105438232421875 346.06595611572266 53.105438232421875 346.06595611572266 119.15105438232422 291.5530090332031 119.15105438232422
291.76849365234375 54.518699645996094 346.44969940185547 54.518699645996094 346.44969940185547 121.60986328125 291.76849365234375 121.60986328125
290.80029296875 53.59503173828125 345.2341499328613 53.59503173828125 345.2341499328613 120.58186340332031 290.80029296875 120.58186340332031
291.3053283691406 53.37782669067383 345.78364181518555 53.37782669067383 345.78364181518555 120.59781265258789 291.3053283691406 120.59781265258789
290.7138977050781 53.408973693847656 345.4353561401367 53.408973693847656 345.4353561401367 121.23177337646484 290.7138977050781 121.23177337646484
290.6568298339844 52.740379333496094 344.8164367675781 52.740379333496094 344.8164367675781 120.13361358642578 290.6568298339844 120.13361358642578
291.06439208984375 53.514610290527344 345.85064697265625 53.514610290527344 345.85064697265625 120.83667755126953 291.06439208984375 120.83667755126953
292.1034240722656 53.55591583251953 346.5156936645508 53.55591583251953 346.5156936645508 122.1457748413086 292.1034240722656 122.1457748413086
291.97479248046875 54.1965446472168 346.01568603515625 54.1965446472168 346.01568603515625 122.62057113647461 291.97479248046875 122.62057113647461
292.1578063964844 55.89710235595703 345.6653251647949 55.89710235595703 345.6653251647949 123.33810424804688 292.1578063964844 123.33810424804688
292.27105712890625 56.16691970825195 346.3410453796387 56.16691970825195 346.3410453796387 124.9882698059082 292.27105712890625 124.9882698059082
291.60223388671875 55.60247039794922 346.07146072387695 55.60247039794922 346.07146072387695 126.62242889404297 291.60223388671875 126.62242889404297
292.26788330078125 55.32478713989258 347.1432685852051 55.32478713989258 347.1432685852051 124.55423355102539 292.26788330078125 124.55423355102539
291.7967529296875 55.6016845703125 347.00098419189453 55.6016845703125 347.00098419189453 125.0968017578125 291.7967529296875 125.0968017578125
292.20318603515625 56.81224822998047 346.8048210144043 56.81224822998047 346.8048210144043 126.92704010009766 292.20318603515625 126.92704010009766
291.2976379394531 56.48527908325195 346.1724319458008 56.48527908325195 346.1724319458008 125.24455642700195 291.2976379394531 125.24455642700195
290.3302001953125 56.62249755859375 345.2796516418457 56.62249755859375 345.2796516418457 126.0352554321289 290.3302001953125 126.0352554321289
290.8349609375 57.21162796020508 344.41796875 57.21162796020508 344.41796875 125.22809219360352 290.8349609375 125.22809219360352
290.2987365722656 58.147239685058594 344.8345413208008 58.147239685058594 344.8345413208008 126.84872436523438 290.2987365722656 126.84872436523438
290.22283935546875 58.94065475463867 344.4021530151367 58.94065475463867 344.4021530151367 126.34975814819336 290.22283935546875 126.34975814819336
288.92474365234375 57.90989303588867 343.1026916503906 57.90989303588867 343.1026916503906 125.84991836547852 288.92474365234375 125.84991836547852
288.82916259765625 58.96080780029297 343.8827323913574 58.96080780029297 343.8827323913574 128.01805114746094 288.82916259765625 128.01805114746094
289.05755615234375 58.58281707763672 343.2328796386719 58.58281707763672 343.2328796386719 126.4166030883789 289.05755615234375 126.4166030883789
288.36920166015625 58.73798751831055 342.9469528198242 58.73798751831055 342.9469528198242 126.21311569213867 288.36920166015625 126.21311569213867
287.8228454589844 58.959320068359375 342.67935943603516 58.959320068359375 342.67935943603516 126.47044372558594 287.8228454589844 126.47044372558594
288.82012939453125 59.19972610473633 342.7887878417969 59.19972610473633 342.7887878417969 125.94722366333008 288.82012939453125 125.94722366333008
288.34393310546875 59.77467727661133 342.58336639404297 59.77467727661133 342.58336639404297 126.4654426574707 288.34393310546875 126.4654426574707
287.8084716796875 59.4679069519043 342.72539138793945 59.4679069519043 342.72539138793945 127.21872329711914 287.8084716796875 127.21872329711914
287.430419921875 60.58216094970703 342.15416717529297 60.58216094970703 342.15416717529297 127.32332611083984 287.430419921875 127.32332611083984
288.1799621582031 60.62519073486328 342.08202362060547 60.62519073486328 342.08202362060547 126.90605926513672 288.1799621582031 126.90605926513672
288.57757568359375 61.05388641357422 341.72332763671875 61.05388641357422 341.72332763671875 126.30652618408203 288.57757568359375 126.30652618408203
288.90911865234375 61.658355712890625 342.05269622802734 61.658355712890625 342.05269622802734 126.65055847167969 288.90911865234375 126.65055847167969
289.1128845214844 61.6534538269043 341.6713180541992 61.6534538269043 341.6713180541992 126.02070999145508 289.1128845214844 126.02070999145508
289.6265563964844 62.25385665893555 341.7042045593262 62.25385665893555 341.7042045593262 126.28885269165039 289.6265563964844 126.28885269165039
288.7321472167969 63.05537796020508 341.2608222961426 63.05537796020508 341.2608222961426 126.16456985473633 288.7321472167969 126.16456985473633
289.2652587890625 62.5515251159668 341.9122543334961 62.5515251159668 341.9122543334961 126.34355545043945 289.2652587890625 126.34355545043945
288.59320068359375 62.14201736450195 342.1091079711914 62.14201736450195 342.1091079711914 126.51215744018555 288.59320068359375 126.51215744018555
288.75714111328125 61.856956481933594 341.6263236999512 61.856956481933594 341.6263236999512 126.47761535644531 288.75714111328125 126.47761535644531
290.0173034667969 62.18097686767578 342.4054641723633 62.18097686767578 342.4054641723633 125.2518081665039 290.0173034667969 125.2518081665039
289.65069580078125 61.94655227661133 341.92499923706055 61.94655227661133 341.92499923706055 124.86869430541992 289.65069580078125 124.86869430541992
289.4794616699219 62.36735153198242 342.64366912841797 62.36735153198242 342.64366912841797 125.72461318969727 289.4794616699219 125.72461318969727
289.4761047363281 60.91398239135742 341.8418197631836 60.91398239135742 341.8418197631836 123.83870697021484 289.4761047363281 123.83870697021484
290.71893310546875 61.4246711730957 342.5297164916992 61.4246711730957 342.5297164916992 123.61659622192383 290.71893310546875 123.61659622192383
290.4721374511719 61.48064041137695 342.3374214172363 61.48064041137695 342.3374214172363 123.69165802001953 290.4721374511719 123.69165802001953
291.3933410644531 62.22129440307617 343.5310974121094 62.22129440307617 343.5310974121094 124.31932830810547 291.3933410644531 124.31932830810547
292.41851806640625 61.40525436401367 344.03254318237305 61.40525436401367 344.03254318237305 124.90399169921875 292.41851806640625 124.90399169921875
292.02825927734375 60.21836471557617 344.3794975280762 60.21836471557617 344.3794975280762 123.02962112426758 292.02825927734375 123.02962112426758
292.9465637207031 60.32816696166992 345.0181083679199 60.32816696166992 345.0181083679199 123.45685195922852 292.9465637207031 123.45685195922852
293.4973449707031 60.80829620361328 345.72046661376953 60.80829620361328 345.72046661376953 125.16097259521484 293.4973449707031 125.16097259521484
295.5851745605469 60.07939529418945 346.75781631469727 60.07939529418945 346.75781631469727 124.90026473999023 295.5851745605469 124.90026473999023
295.9137878417969 59.247039794921875 347.1790084838867 59.247039794921875 347.1790084838867 122.81989288330078 295.9137878417969 122.81989288330078
295.7057800292969 60.40594482421875 349.1297187805176 60.40594482421875 349.1297187805176 122.83367919921875 295.7057800292969 122.83367919921875
295.124755859375 60.39286422729492 349.6611022949219 60.39286422729492 349.6611022949219 121.33998489379883 295.124755859375 121.33998489379883
297.15814208984375 60.20263671875 351.6226005554199 60.20263671875 351.6226005554199 122.80621337890625 297.15814208984375 122.80621337890625
297.89801025390625 60.316993713378906 352.7201232910156 60.316993713378906 352.7201232910156 123.21212387084961 297.89801025390625 123.21212387084961
299.1556091308594 60.78087615966797 354.0411682128906 60.78087615966797 354.0411682128906 123.60234069824219 299.1556091308594 123.60234069824219
300.9698181152344 60.04294967651367 356.3498725891113 60.04294967651367 356.3498725891113 122.3861083984375 300.9698181152344 122.3861083984375
302.9391784667969 60.513954162597656 358.2299613952637 60.513954162597656 358.2299613952637 122.3878059387207 302.9391784667969 122.3878059387207
303.90850830078125 60.91754150390625 359.1787528991699 60.91754150390625 359.1787528991699 122.46481323242188 303.90850830078125 122.46481323242188
305.59637451171875 60.943511962890625 361.4182434082031 60.943511962890625 361.4182434082031 123.78336715698242 305.59637451171875 123.78336715698242
306.290283203125 60.898216247558594 362.95537185668945 60.898216247558594 362.95537185668945 124.77009201049805 306.290283203125 124.77009201049805
308.273193359375 60.543235778808594 364.1093444824219 60.543235778808594 364.1093444824219 123.40286254882812 308.273193359375 123.40286254882812
308.7949523925781 59.49275588989258 363.8882064819336 59.49275588989258 363.8882064819336 122.49731063842773 308.7949523925781 122.49731063842773
309.9624938964844 60.91898727416992 364.9546318054199 60.91898727416992 364.9546318054199 123.61027908325195 309.9624938964844 123.61027908325195
309.931640625 59.65472412109375 364.57933807373047 59.65472412109375 364.57933807373047 122.43283081054688 309.931640625 122.43283081054688
310.9025573730469 59.653350830078125 366.2252006530762 59.653350830078125 366.2252006530762 123.37334442138672 310.9025573730469 123.37334442138672
312.0636291503906 59.45011520385742 367.0473937988281 59.45011520385742 367.0473937988281 122.37578201293945 312.0636291503906 122.37578201293945
312.0560607910156 58.81074142456055 367.7049140930176 58.81074142456055 367.7049140930176 122.97173690795898 312.0560607910156 122.97173690795898
311.3288269042969 57.37316131591797 367.9946174621582 57.37316131591797 367.9946174621582 123.73749542236328 311.3288269042969 123.73749542236328
311.1553955078125 57.25776290893555 367.6273078918457 57.25776290893555 367.6273078918457 123.96453475952148 311.1553955078125 123.96453475952148
311.8669128417969 56.89690017700195 367.8749580383301 56.89690017700195 367.8749580383301 123.54028701782227 311.8669128417969 123.54028701782227
312.07293701171875 56.72553253173828 368.30241775512695 56.72553253173828 368.30241775512695 123.71358489990234 312.07293701171875 123.71358489990234
310.84686279296875 56.327781677246094 367.8443374633789 56.327781677246094 367.8443374633789 123.73035430908203 310.84686279296875 123.73035430908203
310.65771484375 56.495567321777344 368.2728385925293 56.495567321777344 368.2728385925293 124.5348129272461 310.65771484375 124.5348129272461
310.0730895996094 56.4030647277832 367.43082427978516 56.4030647277832 367.43082427978516 124.12858963012695 310.0730895996094 124.12858963012695
307.8143310546875 54.29279708862305 366.0534553527832 54.29279708862305 366.0534553527832 122.70122909545898 307.8143310546875 122.70122909545898
306.5069885253906 54.63720703125 365.8408432006836 54.63720703125 365.8408432006836 123.01779174804688 306.5069885253906 123.01779174804688
304.4949645996094 53.32036590576172 363.5538215637207 53.32036590576172 363.5538215637207 121.45085906982422 304.4949645996094 121.45085906982422
304.22509765625 53.5640869140625 363.44781494140625 53.5640869140625 363.44781494140625 120.98966217041016 304.22509765625 120.98966217041016
300.8998107910156 52.1690673828125 360.58414459228516 52.1690673828125 360.58414459228516 120.11637115478516 300.8998107910156 120.11637115478516
300.82867431640625 52.9811897277832 360.46739959716797 52.9811897277832 360.46739959716797 121.90861892700195 300.82867431640625 121.90861892700195
298.5027160644531 51.61680221557617 358.2274475097656 51.61680221557617 358.2274475097656 120.57609939575195 298.5027160644531 120.57609939575195
298.08282470703125 51.752716064453125 357.3668212890625 51.752716064453125 357.3668212890625 121.12382507324219 298.08282470703125 121.12382507324219
298.1400146484375 51.54656219482422 356.9637222290039 51.54656219482422 356.9637222290039 119.82816314697266 298.1400146484375 119.82816314697266
297.5077819824219 51.29914093017578 356.162353515625 51.29914093017578 356.162353515625 119.2696762084961 297.5077819824219 119.2696762084961
296.68585205078125 50.622188568115234 355.94791412353516 50.622188568115234 355.94791412353516 120.43172073364258 296.68585205078125 120.43172073364258
296.38812255859375 50.43085861206055 355.75826263427734 50.43085861206055 355.75826263427734 120.36323165893555 296.38812255859375 120.36323165893555
295.6066589355469 50.79149627685547 355.2522201538086 50.79149627685547 355.2522201538086 120.94493865966797 295.6066589355469 120.94493865966797
295.5729675292969 49.60885238647461 354.7155456542969 49.60885238647461 354.7155456542969 119.22185134887695 295.5729675292969 119.22185134887695
295.695556640625 50.29184341430664 355.16865158081055 50.29184341430664 355.16865158081055 119.47709274291992 295.695556640625 119.47709274291992
295.93695068359375 50.148162841796875 354.39640045166016 50.148162841796875 354.39640045166016 118.00489807128906 295.93695068359375 118.00489807128906
296.28314208984375 50.64601135253906 354.4654235839844 50.64601135253906 354.4654235839844 119.07074737548828 296.28314208984375 119.07074737548828
296.0241394042969 50.528202056884766 354.3567695617676 50.528202056884766 354.3567695617676 118.94966506958008 296.0241394042969 118.94966506958008
296.1648864746094 49.99652862548828 354.98065185546875 49.99652862548828 354.98065185546875 119.94332122802734 296.1648864746094 119.94332122802734
295.5411682128906 49.455013275146484 354.77452850341797 49.455013275146484 354.77452850341797 118.8603630065918 295.5411682128906 118.8603630065918
295.24761962890625 50.02073287963867 355.05350494384766 50.02073287963867 355.05350494384766 120.2132453918457 295.24761962890625 120.2132453918457
295.972412109375 50.0451545715332 355.2371940612793 50.0451545715332 355.2371940612793 119.52429580688477 295.972412109375 119.52429580688477
295.2857666015625 49.29821014404297 354.7558708190918 49.29821014404297 354.7558708190918 119.31790924072266 295.2857666015625 119.31790924072266
295.5578308105469 48.782894134521484 355.1463813781738 48.782894134521484 355.1463813781738 119.6716423034668 295.5578308105469 119.6716423034668
295.9103088378906 49.59930419921875 355.0777702331543 49.59930419921875 355.0777702331543 118.60626220703125 295.9103088378906 118.60626220703125
296.0997314453125 50.03306198120117 355.24311447143555 50.03306198120117 355.24311447143555 118.55945205688477 296.0997314453125 118.55945205688477
296.0060119628906 49.40532302856445 354.68656158447266 49.40532302856445 354.68656158447266 118.03824234008789 296.0060119628906 118.03824234008789
296.3668518066406 49.515377044677734 355.5325813293457 49.515377044677734 355.5325813293457 118.4068717956543 296.3668518066406 118.4068717956543
296.8363037109375 49.15202713012695 355.64044189453125 49.15202713012695 355.64044189453125 117.1630744934082 296.8363037109375 117.1630744934082
295.76641845703125 48.40370559692383 355.5753402709961 48.40370559692383 355.5753402709961 117.09497451782227 295.76641845703125 117.09497451782227
297.3863830566406 49.27959442138672 356.8924255371094 49.27959442138672 356.8924255371094 117.1027603149414 297.3863830566406 117.1027603149414
297.1719665527344 48.14078903198242 357.0405387878418 48.14078903198242 357.0405387878418 117.29870223999023 297.1719665527344 117.29870223999023
298.43951416015625 48.415225982666016 358.47216796875 48.415225982666016 358.47216796875 117.27184677124023 298.43951416015625 117.27184677124023
299.9865417480469 47.62729263305664 359.47620391845703 47.62729263305664 359.47620391845703 117.68456649780273 299.9865417480469 117.68456649780273
301.81927490234375 47.910850524902344 360.7546806335449 47.910850524902344 360.7546806335449 118.80717468261719 301.81927490234375 118.80717468261719
301.9490051269531 47.67891311645508 361.0823173522949 47.67891311645508 361.0823173522949 118.26186752319336 301.9490051269531 118.26186752319336
303.085693359375 47.937599182128906 361.8910217285156 47.937599182128906 361.8910217285156 117.43157196044922 303.085693359375 117.43157196044922
303.60504150390625 47.77350616455078 362.3338203430176 47.77350616455078 362.3338203430176 117.90129089355469 303.60504150390625 117.90129089355469
305.3464050292969 48.4051399230957 363.6907043457031 48.4051399230957 363.6907043457031 117.82202529907227 305.3464050292969 117.82202529907227
305.9264221191406 48.09080123901367 364.0820083618164 48.09080123901367 364.0820083618164 117.06283187866211 305.9264221191406 117.06283187866211
306.8816833496094 48.0322380065918 364.8359489440918 48.0322380065918 364.8359489440918 116.77871322631836 306.8816833496094 116.77871322631836
309.5423583984375 47.64127731323242 366.4475326538086 47.64127731323242 366.4475326538086 117.84891891479492 309.5423583984375 117.84891891479492
308.6910705566406 48.04001235961914 366.8043098449707 48.04001235961914 366.8043098449707 117.42953109741211 308.6910705566406 117.42953109741211
308.3009338378906 46.89411163330078 366.9684143066406 46.89411163330078 366.9684143066406 118.19868469238281 308.3009338378906 118.19868469238281
308.81280517578125 46.45026397705078 366.99361419677734 46.45026397705078 366.99361419677734 117.78507995605469 308.81280517578125 117.78507995605469
309.3653869628906 46.73424530029297 367.65251541137695 46.73424530029297 367.65251541137695 119.45246887207031 309.3653869628906 119.45246887207031
309.8956604003906 45.78050994873047 367.59222412109375 45.78050994873047 367.59222412109375 118.45054626464844 309.8956604003906 118.45054626464844
310.4319152832031 46.925010681152344 369.0094184875488 46.925010681152344 369.0094184875488 121.07172393798828 310.4319152832031 121.07172393798828
311.0500793457031 46.38438034057617 368.6641731262207 46.38438034057617 368.6641731262207 120.34366989135742 311.0500793457031 120.34366989135742
309.58526611328125 46.228187561035156 367.6291275024414 46.228187561035156 367.6291275024414 119.1193618774414 309.58526611328125 119.1193618774414
309.24371337890625 46.40326690673828 367.37764739990234 46.40326690673828 367.37764739990234 119.6528549194336 309.24371337890625 119.6528549194336
309.502197265625 45.23540115356445 366.64935302734375 45.23540115356445 366.64935302734375 118.00114059448242 309.502197265625 118.00114059448242
308.87896728515625 45.229225158691406 366.12128829956055 45.229225158691406 366.12128829956055 118.20104217529297 308.87896728515625 118.20104217529297
307.95587158203125 45.592044830322266 364.50554275512695 45.592044830322266 364.50554275512695 118.35076522827148 307.95587158203125 118.35076522827148
307.2193603515625 46.18864822387695 364.3817138671875 46.18864822387695 364.3817138671875 118.28417587280273 307.2193603515625 118.28417587280273
304.99884033203125 46.653709411621094 363.3157958984375 46.653709411621094 363.3157958984375 117.38800811767578 304.99884033203125 117.38800811767578
304.8204040527344 44.8170166015625 361.0591049194336 44.8170166015625 361.0591049194336 116.80951690673828 304.8204040527344 116.80951690673828
303.64166259765625 45.6116828918457 359.9806938171387 45.6116828918457 359.9806938171387 116.50946426391602 303.64166259765625 116.50946426391602
302.7569274902344 43.83479690551758 358.46245193481445 43.83479690551758 358.46245193481445 116.49444961547852 302.7569274902344 116.49444961547852
301.1230773925781 44.67573928833008 356.3762512207031 44.67573928833008 356.3762512207031 116.50912857055664 301.1230773925781 116.50912857055664
301.4037780761719 42.44524383544922 355.87469482421875 42.44524383544922 355.87469482421875 115.07325744628906 301.4037780761719 115.07325744628906
295.70245361328125 43.98745346069336 349.6746597290039 43.98745346069336 349.6746597290039 113.87172317504883 295.70245361328125 113.87172317504883
295.48101806640625 43.8187370300293 348.5572929382324 43.8187370300293 348.5572929382324 114.58723068237305 295.48101806640625 114.58723068237305
294.0107727050781 42.92731475830078 347.6164741516113 42.92731475830078 347.6164741516113 114.40170288085938 294.0107727050781 114.40170288085938
292.10308837890625 42.70954132080078 345.3335189819336 42.70954132080078 345.3335189819336 113.68356323242188 292.10308837890625 113.68356323242188
291.54644775390625 42.57365036010742 345.15755462646484 42.57365036010742 345.15755462646484 114.05524063110352 291.54644775390625 114.05524063110352
288.84869384765625 43.519554138183594 342.10091400146484 43.519554138183594 342.10091400146484 114.52262115478516 288.84869384765625 114.52262115478516
284.59869384765625 43.911678314208984 340.38048553466797 43.911678314208984 340.38048553466797 114.44569778442383 284.59869384765625 114.44569778442383
285.36248779296875 42.51848602294922 340.45051193237305 42.51848602294922 340.45051193237305 114.24009704589844 285.36248779296875 114.24009704589844
280.34674072265625 43.19527053833008 338.0053024291992 43.19527053833008 338.0053024291992 114.52985000610352 280.34674072265625 114.52985000610352
279.5491638183594 43.890411376953125 337.8293151855469 43.890411376953125 337.8293151855469 113.20732116699219 279.5491638183594 113.20732116699219
279.128173828125 42.69865798950195 337.6730422973633 42.69865798950195 337.6730422973633 114.19625473022461 279.128173828125 114.19625473022461
277.155517578125 42.52075958251953 335.43413162231445 42.52075958251953 335.43413162231445 113.58798217773438 277.155517578125 113.58798217773438
276.3160705566406 42.482940673828125 335.0677261352539 42.482940673828125 335.0677261352539 112.87837219238281 276.3160705566406 112.87837219238281
278.90032958984375 41.29719924926758 335.36723709106445 41.29719924926758 335.36723709106445 113.18552017211914 278.90032958984375 113.18552017211914
278.7779846191406 41.46519088745117 335.1020927429199 41.46519088745117 335.1020927429199 113.92962265014648 278.7779846191406 113.92962265014648
275.51104736328125 41.52741241455078 332.42974853515625 41.52741241455078 332.42974853515625 113.79621887207031 275.51104736328125 113.79621887207031
276.892822265625 41.846595764160156 333.4997673034668 41.846595764160156 333.4997673034668 114.38275146484375 276.892822265625 114.38275146484375
276.3111572265625 41.30298614501953 333.01361083984375 41.30298614501953 333.01361083984375 112.54820251464844 276.3111572265625 112.54820251464844
277.2829284667969 41.518959045410156 333.0127944946289 41.518959045410156 333.0127944946289 112.63401794433594 277.2829284667969 112.63401794433594
278.9519348144531 39.92129898071289 333.49610137939453 39.92129898071289 333.49610137939453 112.6469612121582 278.9519348144531 112.6469612121582
277.1744079589844 41.80778121948242 332.58928298950195 41.80778121948242 332.58928298950195 112.78522109985352 277.1744079589844 112.78522109985352
280.8146057128906 40.59828567504883 336.4766311645508 40.59828567504883 336.4766311645508 114.81443405151367 280.8146057128906 114.81443405151367
280.8978271484375 40.68992233276367 337.1986503601074 40.68992233276367 337.1986503601074 114.02123641967773 280.8978271484375 114.02123641967773
280.1760559082031 39.708534240722656 336.2140922546387 39.708534240722656 336.2140922546387 112.97100830078125 280.1760559082031 112.97100830078125
282.6235656738281 37.393577575683594 338.0175971984863 37.393577575683594 338.0175971984863 111.25238800048828 282.6235656738281 111.25238800048828
285.5670471191406 36.56161880493164 340.6075744628906 36.56161880493164 340.6075744628906 109.94909286499023 285.5670471191406 109.94909286499023
285.49072265625 35.5758171081543 341.5052375793457 35.5758171081543 341.5052375793457 110.26193618774414 285.49072265625 110.26193618774414
285.5559387207031 34.89417266845703 341.95574951171875 34.89417266845703 341.95574951171875 110.0940170288086 285.5559387207031 110.0940170288086
288.0108947753906 34.59687423706055 343.583251953125 34.59687423706055 343.583251953125 108.69343948364258 288.0108947753906 108.69343948364258
288.46038818359375 33.941246032714844 343.7979316711426 33.941246032714844 343.7979316711426 107.72472381591797 288.46038818359375 107.72472381591797
289.5908203125 33.38605499267578 345.01811599731445 33.38605499267578 345.01811599731445 107.2892074584961 289.5908203125 107.2892074584961
290.50482177734375 35.01068115234375 345.08106231689453 35.01068115234375 345.08106231689453 107.77909088134766 290.50482177734375 107.77909088134766
290.6228332519531 35.41167068481445 344.2250061035156 35.41167068481445 344.2250061035156 106.88132095336914 290.6228332519531 106.88132095336914
292.20184326171875 34.71870040893555 345.4190254211426 34.71870040893555 345.4190254211426 105.6750373840332 292.20184326171875 105.6750373840332
292.0784912109375 34.71009826660156 345.4228744506836 34.71009826660156 345.4228744506836 105.83602905273438 292.0784912109375 105.83602905273438
293.0813903808594 33.86412048339844 346.4449768066406 33.86412048339844 346.4449768066406 105.01565551757812 293.0813903808594 105.01565551757812
294.3536376953125 34.37148666381836 348.17755126953125 34.37148666381836 348.17755126953125 106.13679122924805 294.3536376953125 106.13679122924805
294.30804443359375 33.35882568359375 348.8615303039551 33.35882568359375 348.8615303039551 106.0969009399414 294.30804443359375 106.0969009399414
293.2500915527344 35.12303924560547 347.6003303527832 35.12303924560547 347.6003303527832 107.59011840820312 293.2500915527344 107.59011840820312
295.9811706542969 35.409141540527344 350.7809143066406 35.409141540527344 350.7809143066406 108.4755630493164 295.9811706542969 108.4755630493164
295.46246337890625 37.80364227294922 349.6809501647949 37.80364227294922 349.6809501647949 110.09504699707031 295.46246337890625 110.09504699707031
295.6962890625 37.82676696777344 350.65095138549805 37.82676696777344 350.65095138549805 111.09973907470703 295.6962890625 111.09973907470703
294.77789306640625 38.99652099609375 350.1332588195801 38.99652099609375 350.1332588195801 112.80376434326172 294.77789306640625 112.80376434326172
294.1754455566406 42.31367492675781 350.0302543640137 42.31367492675781 350.0302543640137 116.7868423461914 294.1754455566406 116.7868423461914
295.68255615234375 46.31165313720703 351.7515068054199 46.31165313720703 351.7515068054199 121.07034301757812 295.68255615234375 121.07034301757812
294.3994140625 53.17961502075195 350.640625 53.17961502075195 350.640625 128.16797256469727 294.3994140625 128.16797256469727
295.197509765625 57.137184143066406 352.4070739746094 57.137184143066406 352.4070739746094 133.41667938232422 295.197509765625 133.41667938232422
293.99969482421875 60.02690505981445 352.70092010498047 60.02690505981445 352.70092010498047 138.2952766418457 293.99969482421875 138.2952766418457
293.159423828125 61.9199333190918 352.3954048156738 61.9199333190918 352.3954048156738 140.90130233764648 293.159423828125 140.90130233764648
292.70550537109375 63.95536422729492 351.1694869995117 63.95536422729492 351.1694869995117 143.24450302124023 292.70550537109375 143.24450302124023
293.1934509277344 66.92384338378906 351.68762969970703 66.92384338378906 351.68762969970703 146.4092788696289 293.1934509277344 146.4092788696289
293.00213623046875 69.83088684082031 351.52001953125 69.83088684082031 351.52001953125 150.43812561035156 293.00213623046875 150.43812561035156
292.47064208984375 73.09275817871094 349.5447196960449 73.09275817871094 349.5447196960449 152.94693756103516 292.47064208984375 152.94693756103516
292.29132080078125 73.93702697753906 350.0163383483887 73.93702697753906 350.0163383483887 153.47766876220703 292.29132080078125 153.47766876220703
292.3727111816406 76.03254699707031 349.70922088623047 76.03254699707031 349.70922088623047 155.60865783691406 292.3727111816406 155.60865783691406
292.60894775390625 79.49449157714844 351.0543899536133 79.49449157714844 351.0543899536133 158.5103759765625 292.60894775390625 158.5103759765625
291.94189453125 81.6502456665039 349.9003677368164 81.6502456665039 349.9003677368164 160.13480377197266 291.94189453125 160.13480377197266
291.1817321777344 82.43734741210938 349.2411880493164 82.43734741210938 349.2411880493164 160.9376678466797 291.1817321777344 160.9376678466797
292.08563232421875 84.16685485839844 350.2406234741211 84.16685485839844 350.2406234741211 162.2156524658203 292.08563232421875 162.2156524658203
291.24072265625 84.29380798339844 349.85615158081055 84.29380798339844 349.85615158081055 163.1031494140625 291.24072265625 163.1031494140625
289.9700622558594 87.01518249511719 347.8572463989258 87.01518249511719 347.8572463989258 164.19662475585938 289.9700622558594 164.19662475585938
289.605712890625 86.38166809082031 347.67290115356445 86.38166809082031 347.67290115356445 163.61618041992188 289.605712890625 163.61618041992188
285.84222412109375 90.06839752197266 344.6333198547363 90.06839752197266 344.6333198547363 167.5674819946289 285.84222412109375 167.5674819946289
285.83038330078125 89.76490783691406 344.64201736450195 89.76490783691406 344.64201736450195 166.09947967529297 285.83038330078125 166.09947967529297
284.29840087890625 91.12045288085938 342.7849807739258 91.12045288085938 342.7849807739258 166.70250701904297 284.29840087890625 166.70250701904297
284.358154296875 90.53841400146484 342.9617500305176 90.53841400146484 342.9617500305176 166.01558685302734 284.358154296875 166.01558685302734
283.7790222167969 92.06847381591797 343.0194320678711 92.06847381591797 343.0194320678711 167.54075622558594 283.7790222167969 167.54075622558594
282.139404296875 92.93794250488281 342.0645866394043 92.93794250488281 342.0645866394043 168.30426025390625 282.139404296875 168.30426025390625
282.9981384277344 92.01818084716797 342.31055450439453 92.01818084716797 342.31055450439453 167.74517059326172 282.9981384277344 167.74517059326172
281.1702575683594 93.4089584350586 340.391357421875 93.4089584350586 340.391357421875 168.87224578857422 281.1702575683594 168.87224578857422
280.2414855957031 93.45246124267578 340.37077713012695 93.45246124267578 340.37077713012695 169.90992736816406 280.2414855957031 169.90992736816406
279.42584228515625 93.32673645019531 339.8366889953613 93.32673645019531 339.8366889953613 170.3893585205078 279.42584228515625 170.3893585205078
279.72906494140625 93.3927993774414 339.4986991882324 93.3927993774414 339.4986991882324 169.96443939208984 279.72906494140625 169.96443939208984
278.7085876464844 93.96269226074219 337.7240295410156 93.96269226074219 337.7240295410156 170.22337341308594 278.7085876464844 170.22337341308594
277.89813232421875 94.11117553710938 337.17548751831055 94.11117553710938 337.17548751831055 169.5015640258789 277.89813232421875 169.5015640258789
276.74896240234375 94.34487915039062 336.0273551940918 94.34487915039062 336.0273551940918 170.30858612060547 276.74896240234375 170.30858612060547
276.89202880859375 94.43431854248047 335.3231430053711 94.43431854248047 335.3231430053711 171.30742645263672 276.89202880859375 171.30742645263672
276.81597900390625 95.03367614746094 334.3766899108887 95.03367614746094 334.3766899108887 170.28994750976562 276.81597900390625 170.28994750976562
276.48040771484375 95.83244323730469 333.9107666015625 95.83244323730469 333.9107666015625 170.04019165039062 276.48040771484375 170.04019165039062
276.1462097167969 95.21791076660156 333.4666519165039 95.21791076660156 333.4666519165039 169.84185028076172 276.1462097167969 169.84185028076172
275.3143615722656 95.46342468261719 332.98107147216797 95.46342468261719 332.98107147216797 169.77719116210938 275.3143615722656 169.77719116210938
274.7696533203125 95.88436126708984 333.5503959655762 95.88436126708984 333.5503959655762 169.5448989868164 274.7696533203125 169.5448989868164
274.56097412109375 95.50569152832031 332.9427680969238 95.50569152832031 332.9427680969238 168.7489013671875 274.56097412109375 168.7489013671875
275.1966857910156 94.65823364257812 333.89179611206055 94.65823364257812 333.89179611206055 167.5898666381836 275.1966857910156 167.5898666381836
275.2679138183594 95.03044128417969 333.34851837158203 95.03044128417969 333.34851837158203 166.72899627685547 275.2679138183594 166.72899627685547
274.50958251953125 94.49443054199219 332.87946701049805 94.49443054199219 332.87946701049805 167.09667205810547 274.50958251953125 167.09667205810547
274.8395080566406 95.22196960449219 333.8423156738281 95.22196960449219 333.8423156738281 167.45247650146484 274.8395080566406 167.45247650146484
274.37078857421875 95.99110412597656 332.28824615478516 95.99110412597656 332.28824615478516 166.91384887695312 274.37078857421875 166.91384887695312
274.6178283691406 96.61506652832031 332.6891555786133 96.61506652832031 332.6891555786133 167.70664978027344 274.6178283691406 167.70664978027344
274.26141357421875 97.704345703125 332.1851501464844 97.704345703125 332.1851501464844 169.11788177490234 274.26141357421875 169.11788177490234
274.8541564941406 98.21141052246094 331.4286804199219 98.21141052246094 331.4286804199219 169.375732421875 274.8541564941406 169.375732421875
274.88116455078125 98.94038391113281 331.0040817260742 98.94038391113281 331.0040817260742 170.75833129882812 274.88116455078125 170.75833129882812
275.9253845214844 99.19660949707031 332.6034622192383 99.19660949707031 332.6034622192383 172.36112213134766 275.9253845214844 172.36112213134766
275.8700256347656 100.8595199584961 331.9955139160156 100.8595199584961 331.9955139160156 172.80077362060547 275.8700256347656 172.80077362060547
275.77581787109375 100.93940734863281 331.65497970581055 100.93940734863281 331.65497970581055 172.94390869140625 275.77581787109375 172.94390869140625
275.81341552734375 102.5884017944336 333.29215240478516 102.5884017944336 333.29215240478516 175.0828857421875 275.81341552734375 175.0828857421875
277.127197265625 101.7857666015625 334.9981269836426 101.7857666015625 334.9981269836426 175.28131866455078 277.127197265625 175.28131866455078
278.74322509765625 103.44757080078125 336.9291076660156 103.44757080078125 336.9291076660156 176.04380798339844 278.74322509765625 176.04380798339844
281.3492431640625 102.31292724609375 339.70817947387695 102.31292724609375 339.70817947387695 177.1797637939453 281.3492431640625 177.1797637939453
280.78143310546875 104.58070373535156 340.36046600341797 104.58070373535156 340.36046600341797 179.25260162353516 280.78143310546875 179.25260162353516
284.3769836425781 103.67874908447266 343.04838943481445 103.67874908447266 343.04838943481445 179.8302993774414 284.3769836425781 179.8302993774414
284.8161926269531 104.85906982421875 344.5095901489258 104.85906982421875 344.5095901489258 181.044677734375 284.8161926269531 181.044677734375
286.1755676269531 107.89396667480469 346.68365478515625 107.89396667480469 346.68365478515625 182.03479766845703 286.1755676269531 182.03479766845703
286.5115051269531 109.7106704711914 345.8753433227539 109.7106704711914 345.8753433227539 180.95677947998047 286.5115051269531 180.95677947998047
287.7750244140625 109.43858337402344 347.1039505004883 109.43858337402344 347.1039505004883 181.57926177978516 287.7750244140625 181.57926177978516
291.0172424316406 109.6999282836914 348.74707794189453 109.6999282836914 348.74707794189453 181.8544464111328 291.0172424316406 181.8544464111328
290.70147705078125 109.83575439453125 348.4876022338867 109.83575439453125 348.4876022338867 181.90030670166016 290.70147705078125 181.90030670166016
292.3397521972656 108.9162826538086 349.5383987426758 108.9162826538086 349.5383987426758 182.23090362548828 292.3397521972656 182.23090362548828
291.28955078125 109.3733139038086 348.86480712890625 109.3733139038086 348.86480712890625 181.91400146484375 291.28955078125 181.91400146484375
291.2691345214844 108.9086685180664 349.7113571166992 108.9086685180664 349.7113571166992 181.87847900390625 291.2691345214844 181.87847900390625
292.1202392578125 109.14549255371094 349.5563659667969 109.14549255371094 349.5563659667969 181.0478515625 292.1202392578125 181.0478515625
293.97216796875 108.49261474609375 351.64591217041016 108.49261474609375 351.64591217041016 181.6149139404297 293.97216796875 181.6149139404297
293.85906982421875 108.6781005859375 351.01115798950195 108.6781005859375 351.01115798950195 180.86026763916016 293.85906982421875 180.86026763916016
293.42449951171875 107.53474426269531 351.5285835266113 107.53474426269531 351.5285835266113 181.23149871826172 293.42449951171875 181.23149871826172
295.44610595703125 106.8114242553711 352.7653694152832 106.8114242553711 352.7653694152832 180.08863067626953 295.44610595703125 180.08863067626953
294.9752502441406 108.20652770996094 352.4239387512207 108.20652770996094 352.4239387512207 178.70063018798828 294.9752502441406 178.70063018798828
294.6214904785156 107.74238586425781 353.0030326843262 107.74238586425781 353.0030326843262 178.10846710205078 294.6214904785156 178.10846710205078
294.5896911621094 105.83018493652344 352.3288459777832 105.83018493652344 352.3288459777832 178.46511840820312 294.5896911621094 178.46511840820312
293.7181701660156 106.27587890625 352.8648872375488 106.27587890625 352.8648872375488 179.08160400390625 293.7181701660156 179.08160400390625
295.42254638671875 105.70015716552734 354.6152572631836 105.70015716552734 354.6152572631836 180.10235595703125 295.42254638671875 180.10235595703125
295.6739501953125 105.63736724853516 353.67144775390625 105.63736724853516 353.67144775390625 180.23787689208984 295.6739501953125 180.23787689208984
295.2966613769531 105.4980239868164 352.5941467285156 105.4980239868164 352.5941467285156 180.70410919189453 295.2966613769531 180.70410919189453
296.4263610839844 105.7236328125 352.6416206359863 105.7236328125 352.6416206359863 180.15595245361328 296.4263610839844 180.15595245361328
295.033935546875 106.50779724121094 350.72925567626953 106.50779724121094 350.72925567626953 180.1302261352539 295.033935546875 180.1302261352539
294.131103515625 105.6908187866211 350.9556770324707 105.6908187866211 350.9556770324707 181.6136932373047 294.131103515625 181.6136932373047
294.43695068359375 106.67247009277344 351.07123947143555 106.67247009277344 351.07123947143555 181.54623413085938 294.43695068359375 181.54623413085938
293.3558044433594 107.0342025756836 350.2793655395508 107.0342025756836 350.2793655395508 182.21915435791016 293.3558044433594 182.21915435791016
291.77587890625 107.58133697509766 348.665771484375 107.58133697509766 348.665771484375 182.37322998046875 291.77587890625 182.37322998046875
293.06964111328125 107.21662902832031 349.6733589172363 107.21662902832031 349.6733589172363 181.5806121826172 293.06964111328125 181.5806121826172
292.65216064453125 107.3589096069336 348.90608978271484 107.3589096069336 348.90608978271484 181.82849884033203 292.65216064453125 181.82849884033203
292.14141845703125 108.69526672363281 349.2449722290039 108.69526672363281 349.2449722290039 183.66201782226562 292.14141845703125 183.66201782226562
291.90716552734375 108.44124603271484 348.50456619262695 108.44124603271484 348.50456619262695 183.7242202758789 291.90716552734375 183.7242202758789
290.19378662109375 109.0628662109375 345.9039077758789 109.0628662109375 345.9039077758789 182.5218048095703 290.19378662109375 182.5218048095703
291.3619079589844 108.89971923828125 347.26013946533203 108.89971923828125 347.26013946533203 182.62295532226562 291.3619079589844 182.62295532226562
290.6194763183594 109.15409088134766 345.8027114868164 109.15409088134766 345.8027114868164 182.2974395751953 290.6194763183594 182.2974395751953
289.7288513183594 109.89251708984375 344.84611892700195 109.89251708984375 344.84611892700195 182.8397445678711 289.7288513183594 182.8397445678711
288.91229248046875 109.71051025390625 344.0836601257324 109.71051025390625 344.0836601257324 181.88356018066406 288.91229248046875 181.88356018066406
289.2245178222656 110.5755386352539 344.2293395996094 110.5755386352539 344.2293395996094 182.6525650024414 289.2245178222656 182.6525650024414
289.49249267578125 110.2699203491211 343.35750579833984 110.2699203491211 343.35750579833984 181.85311126708984 289.49249267578125 181.85311126708984
291.1555480957031 109.43924713134766 344.8154106140137 109.43924713134766 344.8154106140137 180.6591567993164 291.1555480957031 180.6591567993164
290.15936279296875 109.32364654541016 342.5613784790039 109.32364654541016 342.5613784790039 179.128662109375 290.15936279296875 179.128662109375
290.8908996582031 108.8415756225586 344.4614067077637 108.8415756225586 344.4614067077637 179.92129516601562 290.8908996582031 179.92129516601562
290.9366149902344 108.7763442993164 343.8652153015137 108.7763442993164 343.8652153015137 178.61113739013672 290.9366149902344 178.61113739013672
291.40740966796875 108.72642517089844 343.9856185913086 108.72642517089844 343.9856185913086 177.81465911865234 291.40740966796875 177.81465911865234
289.96600341796875 106.939697265625 343.43189239501953 106.939697265625 343.43189239501953 178.18476104736328 289.96600341796875 178.18476104736328
290.9725646972656 108.37552642822266 344.35736083984375 108.37552642822266 344.35736083984375 178.94702911376953 290.9725646972656 178.94702911376953
289.8372802734375 108.53663635253906 343.68282318115234 108.53663635253906 343.68282318115234 178.90943908691406 289.8372802734375 178.90943908691406
288.71649169921875 108.0064697265625 341.92337799072266 108.0064697265625 341.92337799072266 177.62602996826172 288.71649169921875 177.62602996826172
288.5329895019531 107.6371078491211 341.0985107421875 107.6371078491211 341.0985107421875 177.51683044433594 288.5329895019531 177.51683044433594
290.41973876953125 106.24317932128906 343.1187057495117 106.24317932128906 343.1187057495117 176.50845336914062 290.41973876953125 176.50845336914062
290.46148681640625 106.89013671875 342.45966720581055 106.89013671875 342.45966720581055 175.9307098388672 290.46148681640625 175.9307098388672
289.29937744140625 106.6063003540039 341.5859260559082 106.6063003540039 341.5859260559082 175.61834716796875 289.29937744140625 175.61834716796875
290.49847412109375 106.47586822509766 342.2768859863281 106.47586822509766 342.2768859863281 175.5137176513672 290.49847412109375 175.5137176513672
289.10308837890625 106.39103698730469 341.02246856689453 106.39103698730469 341.02246856689453 175.31573486328125 289.10308837890625 175.31573486328125
288.74871826171875 106.84794616699219 341.6565742492676 106.84794616699219 341.6565742492676 176.50079345703125 288.74871826171875 176.50079345703125
287.9889831542969 107.16847229003906 340.9674758911133 107.16847229003906 340.9674758911133 177.27601623535156 287.9889831542969 177.27601623535156
288.348876953125 107.6497573852539 340.9277763366699 107.6497573852539 340.9277763366699 177.13367462158203 288.348876953125 177.13367462158203
286.07183837890625 108.46026611328125 339.1769027709961 108.46026611328125 339.1769027709961 177.533203125 286.07183837890625 177.533203125
285.89581298828125 108.25215148925781 339.0009346008301 108.25215148925781 339.0009346008301 177.81212615966797 285.89581298828125 177.81212615966797
287.3025817871094 107.77824401855469 341.410888671875 107.77824401855469 341.410888671875 178.50515747070312 287.3025817871094 178.50515747070312
287.64813232421875 107.55888366699219 340.39119720458984 107.55888366699219 340.39119720458984 177.40997314453125 287.64813232421875 177.40997314453125
287.3482666015625 107.10365295410156 340.26677322387695 107.10365295410156 340.26677322387695 176.98383331298828 287.3482666015625 176.98383331298828
287.6385498046875 107.27827453613281 340.4090766906738 107.27827453613281 340.4090766906738 177.63890838623047 287.6385498046875 177.63890838623047
286.02349853515625 108.5656967163086 339.32685470581055 108.5656967163086 339.32685470581055 177.7876968383789 286.02349853515625 177.7876968383789
287.4928283691406 107.6706314086914 340.1662712097168 107.6706314086914 340.1662712097168 177.35921478271484 287.4928283691406 177.35921478271484
288.166259765625 108.2925033569336 339.59515380859375 108.2925033569336 339.59515380859375 176.86429595947266 288.166259765625 176.86429595947266
288.21240234375 108.82679748535156 339.8455505371094 108.82679748535156 339.8455505371094 177.12110900878906 288.21240234375 177.12110900878906
288.3763122558594 107.41094970703125 340.24946212768555 107.41094970703125 340.24946212768555 176.57508850097656 288.3763122558594 176.57508850097656
286.6441345214844 109.05853271484375 340.2096862792969 109.05853271484375 340.2096862792969 179.3451156616211 286.6441345214844 179.3451156616211
288.07427978515625 106.72367858886719 341.2999954223633 106.72367858886719 341.2999954223633 177.69124603271484 288.07427978515625 177.69124603271484
287.4418029785156 108.0523681640625 341.0659408569336 108.0523681640625 341.0659408569336 178.54698181152344 287.4418029785156 178.54698181152344
287.8399353027344 106.7435073852539 341.8512954711914 106.7435073852539 341.8512954711914 177.07881927490234 287.8399353027344 177.07881927490234
286.57452392578125 108.11643981933594 340.46369552612305 108.11643981933594 340.46369552612305 177.64302825927734 286.57452392578125 177.64302825927734
286.2972412109375 108.4245834350586 340.83914947509766 108.4245834350586 340.83914947509766 179.33527374267578 286.2972412109375 179.33527374267578
287.4676208496094 107.87403869628906 342.3681526184082 107.87403869628906 342.3681526184082 179.6398468017578 287.4676208496094 179.6398468017578
287.612548828125 106.74897766113281 342.67821502685547 106.74897766113281 342.67821502685547 179.76734924316406 287.612548828125 179.76734924316406
286.812744140625 107.58918762207031 342.32844161987305 107.58918762207031 342.32844161987305 180.69657135009766 286.812744140625 180.69657135009766
289.3638916015625 106.41056823730469 343.4895210266113 106.41056823730469 343.4895210266113 178.5475616455078 289.3638916015625 178.5475616455078
286.70794677734375 109.15167236328125 340.5616455078125 109.15167236328125 340.5616455078125 180.26790618896484 286.70794677734375 180.26790618896484
287.7203063964844 109.19227600097656 341.7404594421387 109.19227600097656 341.7404594421387 181.09844207763672 287.7203063964844 181.09844207763672
287.6712341308594 109.00297546386719 341.67562103271484 109.00297546386719 341.67562103271484 180.4293441772461 287.6712341308594 180.4293441772461
288.10809326171875 107.48616790771484 341.95849609375 107.48616790771484 341.95849609375 178.33646392822266 288.10809326171875 178.33646392822266
287.8043212890625 108.4565200805664 342.7258415222168 108.4565200805664 342.7258415222168 180.2838363647461 287.8043212890625 180.2838363647461
287.02325439453125 107.89118957519531 341.18974685668945 107.89118957519531 341.18974685668945 179.15625 287.02325439453125 179.15625
285.19342041015625 109.6413803100586 340.4111557006836 109.6413803100586 340.4111557006836 180.76844024658203 285.19342041015625 180.76844024658203
286.26953125 109.4425277709961 340.4164924621582 109.4425277709961 340.4164924621582 180.6874237060547 286.26953125 180.6874237060547
286.00958251953125 109.15653991699219 339.07621002197266 109.15653991699219 339.07621002197266 179.4561767578125 286.00958251953125 179.4561767578125
286.47833251953125 110.5616455078125 338.95772552490234 110.5616455078125 338.95772552490234 180.53934478759766 286.47833251953125 180.53934478759766
287.67901611328125 109.78504943847656 341.15889739990234 109.78504943847656 341.15889739990234 180.87705993652344 287.67901611328125 180.87705993652344
286.6783142089844 109.1065673828125 341.3137741088867 109.1065673828125 341.3137741088867 181.49998474121094 286.6783142089844 181.49998474121094
286.43023681640625 108.48956298828125 341.95125579833984 108.48956298828125 341.95125579833984 181.54582977294922 286.43023681640625 181.54582977294922
286.5081481933594 109.03123474121094 341.51932525634766 109.03123474121094 341.51932525634766 180.97439575195312 286.5081481933594 180.97439575195312
289.03155517578125 107.23173522949219 343.65494537353516 107.23173522949219 343.65494537353516 178.87184143066406 289.03155517578125 178.87184143066406
287.6871032714844 108.9248275756836 341.5983581542969 108.9248275756836 341.5983581542969 179.24561309814453 287.6871032714844 179.24561309814453
287.60577392578125 108.15262603759766 342.1165237426758 108.15262603759766 342.1165237426758 179.16280364990234 287.60577392578125 179.16280364990234
288.4375915527344 107.61259460449219 342.9752998352051 107.61259460449219 342.9752998352051 179.17930603027344 288.4375915527344 179.17930603027344
286.618896484375 107.96012115478516 341.5147933959961 107.96012115478516 341.5147933959961 179.5340576171875 286.618896484375 179.5340576171875
286.7421875 108.30461120605469 341.7585868835449 108.30461120605469 341.7585868835449 179.52164459228516 286.7421875 179.52164459228516
287.61138916015625 108.09730529785156 342.48332595825195 108.09730529785156 342.48332595825195 179.83658599853516 287.61138916015625 179.83658599853516
287.41064453125 107.23963928222656 342.32988357543945 107.23963928222656 342.32988357543945 178.40158081054688 287.41064453125 178.40158081054688
289.15692138671875 106.5093002319336 343.5654830932617 106.5093002319336 343.5654830932617 178.4937515258789 289.15692138671875 178.4937515258789
288.0935974121094 107.44307708740234 342.463623046875 107.44307708740234 342.463623046875 178.73316192626953 288.0935974121094 178.73316192626953
287.7566833496094 106.84001159667969 343.15906524658203 106.84001159667969 343.15906524658203 179.2627716064453 287.7566833496094 179.2627716064453
285.39471435546875 107.7798080444336 340.36817169189453 107.7798080444336 340.36817169189453 178.55926513671875 285.39471435546875 178.55926513671875
285.39923095703125 108.00202941894531 340.6869812011719 108.00202941894531 340.6869812011719 179.55887603759766 285.39923095703125 179.55887603759766
286.7295837402344 107.9680404663086 342.73865509033203 107.9680404663086 342.73865509033203 180.22174835205078 286.7295837402344 180.22174835205078
286.5748596191406 107.45719146728516 341.0411605834961 107.45719146728516 341.0411605834961 178.9917221069336 286.5748596191406 178.9917221069336
285.444580078125 107.32135009765625 340.7895927429199 107.32135009765625 340.7895927429199 178.87593841552734 285.444580078125 178.87593841552734
285.7918395996094 107.61058044433594 340.22777557373047 107.61058044433594 340.22777557373047 178.9531021118164 285.7918395996094 178.9531021118164
285.98529052734375 107.2568130493164 340.5364990234375 107.2568130493164 340.5364990234375 178.1677474975586 285.98529052734375 178.1677474975586
285.7281799316406 106.97843933105469 340.5810775756836 106.97843933105469 340.5810775756836 178.2752685546875 285.7281799316406 178.2752685546875
285.74505615234375 107.05180358886719 339.97000885009766 107.05180358886719 339.97000885009766 177.65553283691406 285.74505615234375 177.65553283691406
287.4496765136719 106.39253234863281 342.41077423095703 106.39253234863281 342.41077423095703 178.05258178710938 287.4496765136719 178.05258178710938
287.61798095703125 106.50955963134766 342.14958572387695 106.50955963134766 342.14958572387695 178.39540100097656 287.61798095703125 178.39540100097656
289.6184387207031 105.50601959228516 344.67089080810547 105.50601959228516 344.67089080810547 178.1444320678711 289.6184387207031 178.1444320678711
286.89605712890625 107.7502670288086 341.8871154785156 107.7502670288086 341.8871154785156 179.9211883544922 286.89605712890625 179.9211883544922
287.60955810546875 107.0697250366211 342.3973579406738 107.0697250366211 342.3973579406738 179.4844741821289 287.60955810546875 179.4844741821289
287.17083740234375 107.88311767578125 341.72014236450195 107.88311767578125 341.72014236450195 180.02301788330078 287.17083740234375 180.02301788330078
288.83905029296875 107.40897369384766 343.8384475708008 107.40897369384766 343.8384475708008 179.59859466552734 288.83905029296875 179.59859466552734
287.927734375 107.3234634399414 342.9869155883789 107.3234634399414 342.9869155883789 179.8326644897461 287.927734375 179.8326644897461
286.17572021484375 108.04841613769531 340.93990325927734 108.04841613769531 340.93990325927734 180.0347900390625 286.17572021484375 180.0347900390625
287.87420654296875 107.3746337890625 343.1653060913086 107.3746337890625 343.1653060913086 180.2526397705078 287.87420654296875 180.2526397705078
287.9276428222656 107.099365234375 342.19807052612305 107.099365234375 342.19807052612305 179.2281036376953 287.9276428222656 179.2281036376953
288.17425537109375 106.99781799316406 342.33451080322266 106.99781799316406 342.33451080322266 178.8957748413086 288.17425537109375 178.8957748413086
286.98907470703125 108.20811462402344 341.1371154785156 108.20811462402344 341.1371154785156 180.2141571044922 286.98907470703125 180.2141571044922
288.8420715332031 107.43331146240234 343.1819534301758 107.43331146240234 343.1819534301758 179.54725646972656 288.8420715332031 179.54725646972656
287.67401123046875 108.74361419677734 341.208251953125 108.74361419677734 341.208251953125 179.9756317138672 287.67401123046875 179.9756317138672
288.39520263671875 107.3968276977539 341.7048873901367 107.3968276977539 341.7048873901367 178.6240997314453 288.39520263671875 178.6240997314453
289.4588317871094 107.55509185791016 342.85747146606445 107.55509185791016 342.85747146606445 178.37157440185547 289.4588317871094 178.37157440185547
288.307861328125 107.77071380615234 341.0466003417969 107.77071380615234 341.0466003417969 177.56253051757812 288.307861328125 177.56253051757812
289.61346435546875 108.21742248535156 342.3587646484375 108.21742248535156 342.3587646484375 178.03738403320312 289.61346435546875 178.03738403320312
288.9921875 108.62495422363281 342.3701591491699 108.62495422363281 342.3701591491699 178.5741424560547 288.9921875 178.5741424560547
288.6029968261719 107.61439514160156 341.8750991821289 107.61439514160156 341.8750991821289 178.15017700195312 288.6029968261719 178.15017700195312
287.48199462890625 108.94944763183594 341.14656829833984 108.94944763183594 341.14656829833984 180.0903549194336 287.48199462890625 180.0903549194336
289.05731201171875 108.1379165649414 342.1309700012207 108.1379165649414 342.1309700012207 178.49368286132812 289.05731201171875 178.49368286132812
286.68865966796875 108.95394134521484 340.4903259277344 108.95394134521484 340.4903259277344 180.53466796875 286.68865966796875 180.53466796875
286.9939880371094 109.5431137084961 341.5882377624512 109.5431137084961 341.5882377624512 181.43665313720703 286.9939880371094 181.43665313720703
287.3930358886719 108.51656341552734 341.6999626159668 108.51656341552734 341.6999626159668 180.07868194580078 287.3930358886719 180.07868194580078
287.68011474609375 108.71040344238281 341.37249755859375 108.71040344238281 341.37249755859375 179.76788330078125 287.68011474609375 179.76788330078125
287.40740966796875 109.41988372802734 341.4514694213867 109.41988372802734 341.4514694213867 180.7226333618164 287.40740966796875 180.7226333618164
288.2511291503906 107.75154113769531 342.16626739501953 107.75154113769531 342.16626739501953 179.5892105102539 288.2511291503906 179.5892105102539
288.91534423828125 108.00313568115234 342.21822357177734 108.00313568115234 342.21822357177734 178.7573013305664 288.91534423828125 178.7573013305664
286.40142822265625 109.56107330322266 341.4115104675293 109.56107330322266 341.4115104675293 182.01367950439453 286.40142822265625 182.01367950439453
289.9676513671875 107.48355865478516 344.5753593444824 107.48355865478516 344.5753593444824 180.21553802490234 289.9676513671875 180.21553802490234
287.65167236328125 109.78263092041016 342.01361083984375 109.78263092041016 342.01361083984375 181.3786849975586 287.65167236328125 181.3786849975586
288.61798095703125 110.13748931884766 343.01032638549805 110.13748931884766 343.01032638549805 181.8582992553711 288.61798095703125 181.8582992553711
287.26141357421875 111.84715270996094 341.76616287231445 111.84715270996094 341.76616287231445 183.2131118774414 287.26141357421875 183.2131118774414
288.5120544433594 111.19932556152344 343.0944023132324 111.19932556152344 343.0944023132324 183.90181732177734 288.5120544433594 183.90181732177734
287.8515625 112.15431213378906 342.99982833862305 112.15431213378906 342.99982833862305 184.69341278076172 287.8515625 184.69341278076172
287.8940734863281 113.9260025024414 342.42497634887695 113.9260025024414 342.42497634887695 186.30339813232422 287.8940734863281 186.30339813232422
287.68585205078125 114.5479965209961 341.5986022949219 114.5479965209961 341.5986022949219 185.25961303710938 287.68585205078125 185.25961303710938
287.5616149902344 114.78955078125 342.2754211425781 114.78955078125 342.2754211425781 185.54785919189453 287.5616149902344 185.54785919189453
287.7547607421875 115.2185287475586 342.6922721862793 115.2185287475586 342.6922721862793 185.91190338134766 287.7547607421875 185.91190338134766
287.1679992675781 115.21354675292969 341.4073181152344 115.21354675292969 341.4073181152344 185.09239196777344 287.1679992675781 185.09239196777344
287.35186767578125 115.47674560546875 341.92835235595703 115.47674560546875 341.92835235595703 185.9045181274414 287.35186767578125 185.9045181274414
288.94921875 113.90049743652344 342.7686538696289 113.90049743652344 342.7686538696289 184.2619400024414 288.94921875 184.2619400024414
288.673095703125 115.59686279296875 342.6507453918457 115.59686279296875 342.6507453918457 185.2447509765625 288.673095703125 185.2447509765625
289.8854064941406 113.81019592285156 343.1625862121582 113.81019592285156 343.1625862121582 183.8235855102539 289.8854064941406 183.8235855102539
288.25701904296875 114.2110595703125 342.57073974609375 114.2110595703125 342.57073974609375 184.99823760986328 288.25701904296875 184.99823760986328
287.8735046386719 115.3452377319336 342.10900115966797 115.3452377319336 342.10900115966797 185.79244232177734 287.8735046386719 185.79244232177734
287.8626403808594 114.51507568359375 341.9263000488281 114.51507568359375 341.9263000488281 185.08949279785156 287.8626403808594 185.08949279785156
287.9849548339844 115.45411682128906 342.37313079833984 115.45411682128906 342.37313079833984 186.0986328125 287.9849548339844 186.0986328125
288.2855529785156 115.7677993774414 342.2339668273926 115.7677993774414 342.2339668273926 185.1693572998047 288.2855529785156 185.1693572998047
288.6673278808594 114.527099609375 342.9423828125 114.527099609375 342.9423828125 184.91991424560547 288.6673278808594 184.91991424560547
288.16717529296875 115.13325500488281 342.7223014831543 115.13325500488281 342.7223014831543 185.38827514648438 288.16717529296875 185.38827514648438
287.7781677246094 114.0701675415039 342.42699432373047 114.0701675415039 342.42699432373047 184.62642669677734 287.7781677246094 184.62642669677734
288.30889892578125 115.51853942871094 342.40445709228516 115.51853942871094 342.40445709228516 185.14757537841797 288.30889892578125 185.14757537841797
288.5252990722656 115.17073059082031 343.26184844970703 115.17073059082031 343.26184844970703 185.2435302734375 288.5252990722656 185.2435302734375
288.2149658203125 114.46685791015625 343.2195854187012 114.46685791015625 343.2195854187012 185.32672119140625 288.2149658203125 185.32672119140625
288.18359375 114.6992416381836 343.37858963012695 114.6992416381836 343.37858963012695 185.3944549560547 288.18359375 185.3944549560547
287.973876953125 114.317138671875 343.5044174194336 114.317138671875 343.5044174194336 185.49640655517578 287.973876953125 185.49640655517578
288.0713806152344 113.92301940917969 343.6516914367676 113.92301940917969 343.6516914367676 185.3909683227539 288.0713806152344 185.3909683227539
288.0494384765625 113.07911682128906 343.9234809875488 113.07911682128906 343.9234809875488 184.67150115966797 288.0494384765625 184.67150115966797
288.13824462890625 113.63667297363281 343.60314178466797 113.63667297363281 343.60314178466797 184.28179931640625 288.13824462890625 184.28179931640625
288.41705322265625 114.44715881347656 344.25272369384766 114.44715881347656 344.25272369384766 185.10396575927734 288.41705322265625 185.10396575927734
288.257080078125 113.41496276855469 344.60904693603516 113.41496276855469 344.60904693603516 185.1303939819336 288.257080078125 185.1303939819336
288.46734619140625 113.2412109375 344.64192962646484 113.2412109375 344.64192962646484 184.91891479492188 288.46734619140625 184.91891479492188
289.40692138671875 110.7914810180664 345.72370529174805 110.7914810180664 345.72370529174805 184.31675720214844 289.40692138671875 184.31675720214844
288.0849304199219 110.7830810546875 344.0185737609863 110.7830810546875 344.0185737609863 184.01665496826172 288.0849304199219 184.01665496826172
287.046875 109.4859619140625 342.4324951171875 109.4859619140625 342.4324951171875 183.68426513671875 287.046875 183.68426513671875
286.2528076171875 108.23197174072266 343.1466178894043 108.23197174072266 343.1466178894043 183.38050842285156 286.2528076171875 183.38050842285156
284.70562744140625 107.34129333496094 341.8227424621582 107.34129333496094 341.8227424621582 182.0140609741211 284.70562744140625 182.0140609741211
281.40460205078125 106.7353744506836 337.71966552734375 106.7353744506836 337.71966552734375 179.50992584228516 281.40460205078125 179.50992584228516
280.6273498535156 106.24806213378906 337.2662773132324 106.24806213378906 337.2662773132324 178.601806640625 280.6273498535156 178.601806640625
278.4435119628906 104.28904724121094 334.4914855957031 104.28904724121094 334.4914855957031 176.5683364868164 278.4435119628906 176.5683364868164
277.4078674316406 101.63960266113281 333.5239562988281 101.63960266113281 333.5239562988281 175.6828155517578 277.4078674316406 175.6828155517578
276.9140625 99.93439483642578 332.7717056274414 99.93439483642578 332.7717056274414 174.6327667236328 276.9140625 174.6327667236328
274.19757080078125 96.6274185180664 330.17753982543945 96.6274185180664 330.17753982543945 170.00554656982422 274.19757080078125 170.00554656982422
273.61151123046875 95.9122085571289 329.7987976074219 95.9122085571289 329.7987976074219 169.16362762451172 273.61151123046875 169.16362762451172
273.5844421386719 95.47860717773438 328.19425201416016 95.47860717773438 328.19425201416016 168.75137329101562 273.5844421386719 168.75137329101562
272.6471862792969 94.41387939453125 327.2938423156738 94.41387939453125 327.2938423156738 167.36544036865234 272.6471862792969 167.36544036865234
271.391845703125 93.10591888427734 326.5303153991699 93.10591888427734 326.5303153991699 167.70734405517578 271.391845703125 167.70734405517578
269.96417236328125 93.5176773071289 325.2922782897949 93.5176773071289 325.2922782897949 166.55773162841797 269.96417236328125 166.55773162841797
270.0887756347656 94.04960632324219 324.5306282043457 94.04960632324219 324.5306282043457 166.83234405517578 270.0887756347656 166.83234405517578
269.12322998046875 94.09943389892578 324.68135833740234 94.09943389892578 324.68135833740234 166.25072479248047 269.12322998046875 166.25072479248047
268.3661193847656 94.664306640625 322.7831916809082 94.664306640625 322.7831916809082 167.04579162597656 268.3661193847656 167.04579162597656
267.98052978515625 94.75993347167969 321.87015533447266 94.75993347167969 321.87015533447266 166.90841674804688 267.98052978515625 166.90841674804688
266.93646240234375 95.51492309570312 321.7232780456543 95.51492309570312 321.7232780456543 168.49990844726562 266.93646240234375 168.49990844726562
266.6715393066406 96.09402465820312 322.0540580749512 96.09402465820312 322.0540580749512 168.65877532958984 266.6715393066406 168.65877532958984
266.8990173339844 95.76231384277344 321.7618637084961 95.76231384277344 321.7618637084961 168.62608337402344 266.8990173339844 168.62608337402344
266.8658142089844 95.4084701538086 321.8374214172363 95.4084701538086 321.8374214172363 169.28687286376953 266.8658142089844 169.28687286376953
266.63494873046875 95.9832534790039 322.5188102722168 95.9832534790039 322.5188102722168 169.41824340820312 266.63494873046875 169.41824340820312
267.13372802734375 96.55674743652344 322.9194869995117 96.55674743652344 322.9194869995117 168.844482421875 267.13372802734375 168.844482421875
267.53070068359375 96.61177825927734 322.1520690917969 96.61177825927734 322.1520690917969 168.1407241821289 267.53070068359375 168.1407241821289
268.0003356933594 94.9299545288086 321.9189758300781 94.9299545288086 321.9189758300781 165.8999252319336 268.0003356933594 165.8999252319336
269.3804931640625 94.80070495605469 322.8214797973633 94.80070495605469 322.8214797973633 164.96369171142578 269.3804931640625 164.96369171142578
269.39935302734375 95.35112762451172 322.78441619873047 95.35112762451172 322.78441619873047 166.77896118164062 269.39935302734375 166.77896118164062
269.92669677734375 94.77436828613281 322.9281120300293 94.77436828613281 322.9281120300293 165.44371795654297 269.92669677734375 165.44371795654297
269.87127685546875 93.82711029052734 323.3755683898926 93.82711029052734 323.3755683898926 166.40264892578125 269.87127685546875 166.40264892578125
270.26177978515625 93.77239990234375 323.3624801635742 93.77239990234375 323.3624801635742 164.93150329589844 270.26177978515625 164.93150329589844
271.13592529296875 93.83004760742188 323.7671890258789 93.83004760742188 323.7671890258789 163.86637115478516 271.13592529296875 163.86637115478516
270.7624206542969 92.8067398071289 323.8543167114258 92.8067398071289 323.8543167114258 164.23604583740234 270.7624206542969 164.23604583740234
271.14794921875 93.95234680175781 325.0979804992676 93.95234680175781 325.0979804992676 164.71475219726562 271.14794921875 164.71475219726562
271.635986328125 93.26927185058594 324.9835014343262 93.26927185058594 324.9835014343262 164.5111846923828 271.635986328125 164.5111846923828
272.5097351074219 93.8741683959961 325.45638275146484 93.8741683959961 325.45638275146484 164.93389892578125 272.5097351074219 164.93389892578125
273.48046875 94.45918273925781 325.7383499145508 94.45918273925781 325.7383499145508 165.10828399658203 273.48046875 165.10828399658203
273.0442810058594 95.57328796386719 325.7440986633301 95.57328796386719 325.7440986633301 166.7871322631836 273.0442810058594 166.7871322631836
273.30206298828125 97.04846954345703 325.7644844055176 97.04846954345703 325.7644844055176 168.88628387451172 273.30206298828125 168.88628387451172
274.1751708984375 99.58174896240234 325.90181732177734 99.58174896240234 325.90181732177734 170.47675323486328 274.1751708984375 170.47675323486328
274.5003967285156 100.26793670654297 325.2312469482422 100.26793670654297 325.2312469482422 170.97203826904297 274.5003967285156 170.97203826904297
273.29547119140625 102.31884765625 325.4471206665039 102.31884765625 325.4471206665039 173.54005432128906 273.29547119140625 173.54005432128906
273.5299377441406 103.486328125 327.0525817871094 103.486328125 327.0525817871094 176.4789581298828 273.5299377441406 176.4789581298828
271.31707763671875 105.55778503417969 325.59991455078125 105.55778503417969 325.59991455078125 178.76791381835938 271.31707763671875 178.76791381835938
270.4073181152344 107.91181945800781 324.7725524902344 107.91181945800781 324.7725524902344 180.71615600585938 270.4073181152344 180.71615600585938
269.7102966308594 108.99885559082031 325.22908782958984 108.99885559082031 325.22908782958984 180.96701049804688 269.7102966308594 180.96701049804688
268.69061279296875 109.67216491699219 324.2123908996582 109.67216491699219 324.2123908996582 182.81756591796875 268.69061279296875 182.81756591796875
268.79327392578125 110.31391906738281 323.3076972961426 110.31391906738281 323.3076972961426 182.96038818359375 268.79327392578125 182.96038818359375
267.3453063964844 112.45858001708984 322.7789001464844 112.45858001708984 322.7789001464844 183.64557647705078 267.3453063964844 183.64557647705078
267.04669189453125 113.48182678222656 322.22144317626953 113.48182678222656 322.22144317626953 184.2938232421875 267.04669189453125 184.2938232421875
265.64044189453125 113.82623291015625 321.4631767272949 113.82623291015625 321.4631767272949 185.2461700439453 265.64044189453125 185.2461700439453
265.9382629394531 113.85115051269531 321.79850006103516 113.85115051269531 321.79850006103516 184.9912567138672 265.9382629394531 184.9912567138672
264.6746520996094 114.46745300292969 319.4740409851074 114.46745300292969 319.4740409851074 184.30901336669922 264.6746520996094 184.30901336669922
264.46881103515625 113.0947494506836 318.6516418457031 113.0947494506836 318.6516418457031 183.22823333740234 264.46881103515625 183.22823333740234
263.5831298828125 112.68408203125 317.98828125 112.68408203125 317.98828125 183.19884490966797 263.5831298828125 183.19884490966797
264.15997314453125 112.44404602050781 318.5225296020508 112.44404602050781 318.5225296020508 182.0915069580078 264.15997314453125 182.0915069580078
263.99951171875 111.89216613769531 317.3259086608887 111.89216613769531 317.3259086608887 181.23187255859375 263.99951171875 181.23187255859375
263.7191162109375 112.1615982055664 316.7751235961914 112.1615982055664 316.7751235961914 181.34867095947266 263.7191162109375 181.34867095947266
263.4604797363281 111.3673324584961 317.02584075927734 111.3673324584961 317.02584075927734 181.17857360839844 263.4604797363281 181.17857360839844
262.4390563964844 112.09141540527344 316.42285919189453 112.09141540527344 316.42285919189453 181.60541534423828 262.4390563964844 181.60541534423828
261.96319580078125 111.5718994140625 316.23759841918945 111.5718994140625 316.23759841918945 180.92159271240234 261.96319580078125 180.92159271240234
261.6258544921875 111.86922454833984 316.1956367492676 111.86922454833984 316.1956367492676 180.81562042236328 261.6258544921875 180.81562042236328
261.4490966796875 109.64555358886719 315.9241828918457 109.64555358886719 315.9241828918457 180.4552459716797 261.4490966796875 180.4552459716797
261.524169921875 110.9638671875 315.8343276977539 110.9638671875 315.8343276977539 179.9666290283203 261.524169921875 179.9666290283203
261.4610900878906 109.76579284667969 315.4974555969238 109.76579284667969 315.4974555969238 179.42364501953125 261.4610900878906 179.42364501953125
261.52410888671875 108.53694915771484 316.5401611328125 108.53694915771484 316.5401611328125 179.66251373291016 261.52410888671875 179.66251373291016
262.0321350097656 109.7148208618164 315.89739990234375 109.7148208618164 315.89739990234375 179.38848114013672 262.0321350097656 179.38848114013672
262.6840515136719 110.26834869384766 316.71363067626953 110.26834869384766 316.71363067626953 179.55663299560547 262.6840515136719 179.55663299560547
262.70556640625 109.31562805175781 316.3440742492676 109.31562805175781 316.3440742492676 179.06053924560547 262.70556640625 179.06053924560547
263.20751953125 109.3415756225586 316.9571647644043 109.3415756225586 316.9571647644043 179.43783569335938 263.20751953125 179.43783569335938
263.4400939941406 109.28387451171875 316.90689849853516 109.28387451171875 316.90689849853516 179.41123962402344 263.4400939941406 179.41123962402344
263.31951904296875 109.39705657958984 317.0160903930664 109.39705657958984 317.0160903930664 179.99483489990234 263.31951904296875 179.99483489990234
263.6535949707031 109.33699035644531 317.5233383178711 109.33699035644531 317.5233383178711 179.9675521850586 263.6535949707031 179.9675521850586
263.13848876953125 110.01631164550781 317.7087173461914 110.01631164550781 317.7087173461914 180.2129669189453 263.13848876953125 180.2129669189453
263.9935302734375 109.71551513671875 317.61412811279297 109.71551513671875 317.61412811279297 180.4756317138672 263.9935302734375 180.4756317138672
264.30560302734375 109.2166976928711 317.54671478271484 109.2166976928711 317.54671478271484 180.7745132446289 264.30560302734375 180.7745132446289
265.2882385253906 108.6970443725586 319.15454864501953 108.6970443725586 319.15454864501953 179.30442810058594 265.2882385253906 179.30442810058594
264.9790344238281 108.445068359375 319.7055549621582 108.445068359375 319.7055549621582 179.9589385986328 264.9790344238281 179.9589385986328
265.2586975097656 107.9168472290039 319.9549026489258 107.9168472290039 319.9549026489258 179.17495727539062 265.2586975097656 179.17495727539062
265.82684326171875 108.62504577636719 319.7669906616211 108.62504577636719 319.7669906616211 179.7697982788086 265.82684326171875 179.7697982788086
266.3132019042969 108.86177062988281 320.66796112060547 108.86177062988281 320.66796112060547 181.3866195678711 266.3132019042969 181.3866195678711
266.5619201660156 108.47969818115234 319.36829376220703 108.47969818115234 319.36829376220703 180.93924713134766 266.5619201660156 180.93924713134766
267.49591064453125 109.6986083984375 320.31446075439453 109.6986083984375 320.31446075439453 181.9361801147461 267.49591064453125 181.9361801147461
268.3721618652344 109.6387939453125 321.3003959655762 109.6387939453125 321.3003959655762 181.69721221923828 268.3721618652344 181.69721221923828
268.92742919921875 111.00993347167969 321.3970718383789 111.00993347167969 321.3970718383789 181.61257934570312 268.92742919921875 181.61257934570312
269.71087646484375 112.34078216552734 321.63428497314453 112.34078216552734 321.63428497314453 182.57392120361328 269.71087646484375 182.57392120361328
270.5274353027344 112.84953308105469 321.43268966674805 112.84953308105469 321.43268966674805 183.17323303222656 270.5274353027344 183.17323303222656
270.9076232910156 113.34419250488281 321.79724884033203 113.34419250488281 321.79724884033203 182.93670654296875 270.9076232910156 182.93670654296875
271.52734375 114.9002456665039 322.2110824584961 114.9002456665039 322.2110824584961 184.35872650146484 271.52734375 184.35872650146484
272.0773010253906 115.44084167480469 322.5844841003418 115.44084167480469 322.5844841003418 183.93830108642578 272.0773010253906 183.93830108642578
271.593017578125 116.14396667480469 321.1458396911621 116.14396667480469 321.1458396911621 183.7422332763672 271.593017578125 183.7422332763672
271.67291259765625 116.15278625488281 320.8230743408203 116.15278625488281 320.8230743408203 184.16805267333984 271.67291259765625 184.16805267333984
272.88543701171875 116.3602066040039 322.6111373901367 116.3602066040039 322.6111373901367 184.25890350341797 272.88543701171875 184.25890350341797
272.0286865234375 116.8463363647461 321.53385162353516 116.8463363647461 321.53385162353516 184.01049041748047 272.0286865234375 184.01049041748047
271.6899108886719 116.07929992675781 321.70072174072266 116.07929992675781 321.70072174072266 184.17276763916016 271.6899108886719 184.17276763916016
271.93048095703125 116.01629638671875 321.3046226501465 116.01629638671875 321.3046226501465 183.794677734375 271.93048095703125 183.794677734375
271.2789001464844 115.5860366821289 320.3887939453125 115.5860366821289 320.3887939453125 183.1490936279297 271.2789001464844 183.1490936279297
271.1452331542969 114.78703308105469 320.6075553894043 114.78703308105469 320.6075553894043 183.71573638916016 271.1452331542969 183.71573638916016
271.28790283203125 112.6766357421875 321.3501625061035 112.6766357421875 321.3501625061035 182.6926727294922 271.28790283203125 182.6926727294922
271.69879150390625 112.52381896972656 322.4329147338867 112.52381896972656 322.4329147338867 182.1058349609375 271.69879150390625 182.1058349609375
270.9854431152344 111.30831146240234 322.0560836791992 111.30831146240234 322.0560836791992 182.2259979248047 270.9854431152344 182.2259979248047
270.0877685546875 110.5582504272461 321.34114837646484 110.5582504272461 321.34114837646484 181.28147888183594 270.0877685546875 181.28147888183594
268.87457275390625 109.70906829833984 321.01837158203125 109.70906829833984 321.01837158203125 181.08433532714844 268.87457275390625 181.08433532714844
268.558837890625 109.87693786621094 321.02657318115234 109.87693786621094 321.02657318115234 181.58982849121094 268.558837890625 181.58982849121094
268.0412292480469 109.05303955078125 319.7446708679199 109.05303955078125 319.7446708679199 180.51361083984375 268.0412292480469 180.51361083984375
268.7763671875 109.3877944946289 319.7032585144043 109.3877944946289 319.7032585144043 179.34941864013672 268.7763671875 179.34941864013672
267.25445556640625 107.8897705078125 318.0241813659668 107.8897705078125 318.0241813659668 177.75106048583984 267.25445556640625 177.75106048583984
267.22955322265625 108.72379302978516 318.55541229248047 108.72379302978516 318.55541229248047 179.5265655517578 267.22955322265625 179.5265655517578
266.96343994140625 108.94561767578125 319.29178619384766 108.94561767578125 319.29178619384766 179.9712677001953 266.96343994140625 179.9712677001953
266.8249206542969 109.13542175292969 318.7234573364258 109.13542175292969 318.7234573364258 180.08074951171875 266.8249206542969 180.08074951171875
266.84820556640625 108.61183166503906 319.0225601196289 108.61183166503906 319.0225601196289 180.69280242919922 266.84820556640625 180.69280242919922
266.72686767578125 108.61226654052734 318.3431282043457 108.61226654052734 318.3431282043457 179.39250946044922 266.72686767578125 179.39250946044922
267.0748291015625 109.27888488769531 318.7354965209961 109.27888488769531 318.7354965209961 179.90145874023438 267.0748291015625 179.90145874023438
266.31109619140625 109.6242904663086 318.17591094970703 109.6242904663086 318.17591094970703 179.0954132080078 266.31109619140625 179.0954132080078
266.05316162109375 109.60026550292969 317.56278228759766 109.60026550292969 317.56278228759766 179.51103973388672 266.05316162109375 179.51103973388672
266.4537048339844 109.1932144165039 318.20573806762695 109.1932144165039 318.20573806762695 178.30380249023438 266.4537048339844 178.30380249023438
266.1913757324219 107.79737854003906 317.6651916503906 107.79737854003906 317.6651916503906 176.8604507446289 266.1913757324219 176.8604507446289
266.17181396484375 110.79996490478516 316.83771896362305 110.79996490478516 316.83771896362305 179.4931182861328 266.17181396484375 179.4931182861328
266.41925048828125 109.40838623046875 317.99544525146484 109.40838623046875 317.99544525146484 178.34427642822266 266.41925048828125 178.34427642822266
266.8417053222656 110.4603271484375 319.2298278808594 110.4603271484375 319.2298278808594 180.5787353515625 266.8417053222656 180.5787353515625
267.2776184082031 110.4692153930664 319.7764358520508 110.4692153930664 319.7764358520508 180.6212158203125 267.2776184082031 180.6212158203125
267.63336181640625 110.30989837646484 321.4738082885742 110.30989837646484 321.4738082885742 181.50343322753906 267.63336181640625 181.50343322753906
269.43603515625 107.54002380371094 322.84429931640625 107.54002380371094 322.84429931640625 178.22101593017578 269.43603515625 178.22101593017578
268.7921142578125 110.0519790649414 322.97896575927734 110.0519790649414 322.97896575927734 179.9097900390625 268.7921142578125 179.9097900390625
270.575439453125 108.475341796875 324.7774238586426 108.475341796875 324.7774238586426 178.7578887939453 270.575439453125 178.7578887939453
270.09503173828125 111.09352111816406 324.7355842590332 111.09352111816406 324.7355842590332 179.92752838134766 270.09503173828125 179.92752838134766
271.64031982421875 110.05741119384766 324.99422454833984 110.05741119384766 324.99422454833984 179.58953094482422 271.64031982421875 179.58953094482422
270.31243896484375 111.1521224975586 324.06465911865234 111.1521224975586 324.06465911865234 180.17566680908203 270.31243896484375 180.17566680908203
272.72650146484375 109.68099212646484 325.7328071594238 109.68099212646484 325.7328071594238 178.5478973388672 272.72650146484375 178.5478973388672
271.63665771484375 111.15875244140625 325.46527099609375 111.15875244140625 325.46527099609375 179.55108642578125 271.63665771484375 179.55108642578125
274.16107177734375 110.189208984375 328.00122833251953 110.189208984375 328.00122833251953 179.6403350830078 274.16107177734375 179.6403350830078
272.56671142578125 111.89726257324219 326.6457290649414 111.89726257324219 326.6457290649414 180.06198120117188 272.56671142578125 180.06198120117188
272.9371643066406 111.49497985839844 327.33210372924805 111.49497985839844 327.33210372924805 180.2602081298828 272.9371643066406 180.2602081298828
273.2674255371094 111.33064270019531 328.24285888671875 111.33064270019531 328.24285888671875 180.25466918945312 273.2674255371094 180.25466918945312
273.762451171875 110.46683502197266 330.2468032836914 110.46683502197266 330.2468032836914 180.18614959716797 273.762451171875 180.18614959716797
274.0256652832031 110.02479553222656 329.4759635925293 110.02479553222656 329.4759635925293 179.03155517578125 274.0256652832031 179.03155517578125
274.3094177246094 110.68489837646484 330.6789016723633 110.68489837646484 330.6789016723633 179.73870849609375 274.3094177246094 179.73870849609375
274.26885986328125 109.70062255859375 330.12303924560547 109.70062255859375 330.12303924560547 179.06600952148438 274.26885986328125 179.06600952148438
275.9303894042969 108.17613220214844 331.57270431518555 108.17613220214844 331.57270431518555 177.41123962402344 275.9303894042969 177.41123962402344
274.7415466308594 108.47733306884766 331.61853790283203 108.47733306884766 331.61853790283203 179.28456115722656 274.7415466308594 179.28456115722656
275.77423095703125 108.365478515625 332.5746955871582 108.365478515625 332.5746955871582 179.52806091308594 275.77423095703125 179.52806091308594
276.2595520019531 107.6631088256836 332.1857795715332 107.6631088256836 332.1857795715332 178.35897064208984 276.2595520019531 178.35897064208984
275.9624328613281 107.21952819824219 332.31014251708984 107.21952819824219 332.31014251708984 178.80535125732422 275.9624328613281 178.80535125732422
276.54248046875 107.24656677246094 332.0116386413574 107.24656677246094 332.0116386413574 178.82191467285156 276.54248046875 178.82191467285156
277.1659240722656 107.0062026977539 334.2902526855469 107.0062026977539 334.2902526855469 179.84525299072266 277.1659240722656 179.84525299072266
277.12469482421875 105.8322982788086 333.8470878601074 105.8322982788086 333.8470878601074 178.46228790283203 277.12469482421875 178.46228790283203
276.58062744140625 105.82646179199219 333.51329803466797 105.82646179199219 333.51329803466797 179.05390167236328 276.58062744140625 179.05390167236328
276.9368896484375 105.5235595703125 334.19525146484375 105.5235595703125 334.19525146484375 179.03585815429688 276.9368896484375 179.03585815429688
276.3665466308594 105.8120346069336 334.76953887939453 105.8120346069336 334.76953887939453 180.0891342163086 276.3665466308594 180.0891342163086
276.8500671386719 105.529052734375 334.3729019165039 105.529052734375 334.3729019165039 179.5433349609375 276.8500671386719 179.5433349609375
276.99737548828125 105.3683090209961 335.74536895751953 105.3683090209961 335.74536895751953 179.8972625732422 276.99737548828125 179.8972625732422
277.0149841308594 104.4272689819336 334.6805419921875 104.4272689819336 334.6805419921875 178.72156524658203 277.0149841308594 178.72156524658203
277.36004638671875 104.37274169921875 335.9533920288086 104.37274169921875 335.9533920288086 179.3733139038086 277.36004638671875 179.3733139038086
277.2109375 104.04888916015625 334.6592826843262 104.04888916015625 334.6592826843262 177.06713104248047 277.2109375 177.06713104248047
277.19256591796875 103.7921371459961 335.8874282836914 103.7921371459961 335.8874282836914 178.09491729736328 277.19256591796875 178.09491729736328
276.9718933105469 102.6308364868164 335.4708442687988 102.6308364868164 335.4708442687988 177.53987884521484 276.9718933105469 177.53987884521484
277.54656982421875 102.69099426269531 336.7472610473633 102.69099426269531 336.7472610473633 177.37847137451172 277.54656982421875 177.37847137451172
277.6167907714844 101.65766906738281 335.7107238769531 101.65766906738281 335.7107238769531 176.19011688232422 277.6167907714844 176.19011688232422
277.5128173828125 101.86747741699219 335.2654800415039 101.86747741699219 335.2654800415039 175.93360137939453 277.5128173828125 175.93360137939453
277.9858703613281 101.31356048583984 334.6567916870117 101.31356048583984 334.6567916870117 174.45562744140625 277.9858703613281 174.45562744140625
277.52996826171875 100.78004455566406 336.7045707702637 100.78004455566406 336.7045707702637 176.34085083007812 277.52996826171875 176.34085083007812
277.3663024902344 101.4518051147461 336.5640754699707 101.4518051147461 336.5640754699707 175.8979034423828 277.3663024902344 175.8979034423828
276.87567138671875 101.2602310180664 336.15807342529297 101.2602310180664 336.15807342529297 176.29381561279297 276.87567138671875 176.29381561279297
277.24139404296875 101.2290267944336 337.0936279296875 101.2290267944336 337.0936279296875 176.89813232421875 277.24139404296875 176.89813232421875
277.26226806640625 101.68586730957031 337.65692138671875 101.68586730957031 337.65692138671875 177.46121215820312 277.26226806640625 177.46121215820312
276.5498962402344 101.12992095947266 336.3976020812988 101.12992095947266 336.3976020812988 177.9347686767578 276.5498962402344 177.9347686767578
277.1505126953125 101.2608413696289 337.0072708129883 101.2608413696289 337.0072708129883 177.45528411865234 277.1505126953125 177.45528411865234
277.52191162109375 100.85643005371094 337.8708305358887 100.85643005371094 337.8708305358887 178.30057525634766 277.52191162109375 178.30057525634766
277.5340270996094 101.4637222290039 337.59156036376953 101.4637222290039 337.59156036376953 178.2014389038086 277.5340270996094 178.2014389038086
278.1850280761719 101.73921966552734 337.7740669250488 101.73921966552734 337.7740669250488 178.13178253173828 278.1850280761719 178.13178253173828
278.44915771484375 101.48570251464844 337.96210861206055 101.48570251464844 337.96210861206055 177.61743927001953 278.44915771484375 177.61743927001953
278.5272521972656 101.725341796875 338.3581733703613 101.725341796875 338.3581733703613 177.69486236572266 278.5272521972656 177.69486236572266
278.6336669921875 101.70230865478516 337.4492721557617 101.70230865478516 337.4492721557617 177.59452056884766 278.6336669921875 177.59452056884766
279.11199951171875 102.0150375366211 338.83011627197266 102.0150375366211 338.83011627197266 179.130126953125 279.11199951171875 179.130126953125
279.9474792480469 103.0205078125 338.3485221862793 103.0205078125 338.3485221862793 178.10076904296875 279.9474792480469 178.10076904296875
281.20367431640625 103.21376037597656 340.65677642822266 103.21376037597656 340.65677642822266 178.67080688476562 281.20367431640625 178.67080688476562
280.7513732910156 102.51445007324219 339.9239501953125 102.51445007324219 339.9239501953125 178.71224975585938 280.7513732910156 178.71224975585938
280.5903015136719 102.3088607788086 339.72188568115234 102.3088607788086 339.72188568115234 178.5895538330078 280.5903015136719 178.5895538330078
280.6997985839844 102.4190902709961 339.4453353881836 102.4190902709961 339.4453353881836 178.69390106201172 280.6997985839844 178.69390106201172
281.2423400878906 100.57213592529297 339.6572570800781 100.57213592529297 339.6572570800781 177.52336883544922 281.2423400878906 177.52336883544922
281.6317138671875 99.42694091796875 340.23979568481445 99.42694091796875 340.23979568481445 176.39290618896484 281.6317138671875 176.39290618896484
281.65313720703125 98.87078857421875 340.06368255615234 98.87078857421875 340.06368255615234 175.61480712890625 281.65313720703125 175.61480712890625
281.6148681640625 98.59154510498047 340.79484939575195 98.59154510498047 340.79484939575195 175.87122344970703 281.6148681640625 175.87122344970703
280.9546813964844 97.0777816772461 339.6855773925781 97.0777816772461 339.6855773925781 174.48809051513672 280.9546813964844 174.48809051513672
281.8464050292969 95.87635803222656 340.2688217163086 95.87635803222656 340.2688217163086 173.62084197998047 281.8464050292969 173.62084197998047
282.16351318359375 95.99879455566406 341.94722747802734 95.99879455566406 341.94722747802734 173.71966552734375 282.16351318359375 173.71966552734375
281.3995666503906 95.88135528564453 340.46317291259766 95.88135528564453 340.46317291259766 172.94403839111328 281.3995666503906 172.94403839111328
281.74761962890625 96.1290512084961 340.2267646789551 96.1290512084961 340.2267646789551 172.20379638671875 281.74761962890625 172.20379638671875
279.68927001953125 95.97017669677734 339.4717788696289 95.97017669677734 339.4717788696289 171.70458984375 279.68927001953125 171.70458984375
278.7940673828125 95.07099914550781 339.3288764953613 95.07099914550781 339.3288764953613 170.78021240234375 278.7940673828125 170.78021240234375
278.2214660644531 94.4761962890625 337.94438552856445 94.4761962890625 337.94438552856445 170.2085723876953 278.2214660644531 170.2085723876953
277.547119140625 93.63948822021484 336.9623336791992 93.63948822021484 336.9623336791992 168.3089370727539 277.547119140625 168.3089370727539
277.73101806640625 93.87870788574219 336.9440689086914 93.87870788574219 336.9440689086914 168.97744750976562 277.73101806640625 168.97744750976562
277.4359436035156 93.4827651977539 335.88078689575195 93.4827651977539 335.88078689575195 167.7037582397461 277.4359436035156 167.7037582397461
277.66290283203125 94.49314880371094 336.22655487060547 94.49314880371094 336.22655487060547 168.72640991210938 277.66290283203125 168.72640991210938
276.6670227050781 94.26851654052734 333.46997833251953 94.26851654052734 333.46997833251953 168.40723419189453 276.6670227050781 168.40723419189453
277.3150329589844 94.64219665527344 335.08060455322266 94.64219665527344 335.08060455322266 168.81311798095703 277.3150329589844 168.81311798095703
276.35479736328125 94.41038513183594 334.13239669799805 94.41038513183594 334.13239669799805 168.96683502197266 276.35479736328125 168.96683502197266
276.55322265625 95.40892028808594 334.15216064453125 95.40892028808594 334.15216064453125 169.57129669189453 276.55322265625 169.57129669189453
276.6505432128906 95.33614349365234 332.9623489379883 95.33614349365234 332.9623489379883 168.92037200927734 276.6505432128906 168.92037200927734
276.24249267578125 95.8966293334961 332.6104507446289 95.8966293334961 332.6104507446289 169.97858428955078 276.24249267578125 169.97858428955078
276.4683532714844 95.89451599121094 333.66170501708984 95.89451599121094 333.66170501708984 171.03327178955078 276.4683532714844 171.03327178955078
276.21612548828125 95.6213150024414 333.3435478210449 95.6213150024414 333.3435478210449 170.80806732177734 276.21612548828125 170.80806732177734
275.94769287109375 95.35547637939453 333.4448661804199 95.35547637939453 333.4448661804199 171.07730102539062 275.94769287109375 171.07730102539062
276.73846435546875 95.15242767333984 333.8419723510742 95.15242767333984 333.8419723510742 170.47950744628906 276.73846435546875 170.47950744628906
278.0672912597656 96.25871276855469 336.18814849853516 96.25871276855469 336.18814849853516 170.4891586303711 278.0672912597656 170.4891586303711
277.4770202636719 95.79093933105469 335.6852836608887 95.79093933105469 335.6852836608887 170.11441040039062 277.4770202636719 170.11441040039062
276.85302734375 95.93650817871094 335.14226150512695 95.93650817871094 335.14226150512695 170.232421875 276.85302734375 170.232421875
276.9478759765625 95.83001708984375 335.0230026245117 95.83001708984375 335.0230026245117 169.86558532714844 276.9478759765625 169.86558532714844
275.10125732421875 95.84141540527344 334.0951843261719 95.84141540527344 334.0951843261719 170.19467163085938 275.10125732421875 170.19467163085938
274.3531799316406 95.83364868164062 334.2597541809082 95.83364868164062 334.2597541809082 171.7964324951172 274.3531799316406 171.7964324951172
274.11712646484375 95.94465637207031 334.23723220825195 95.94465637207031 334.23723220825195 172.12741088867188 274.11712646484375 172.12741088867188
273.6407165527344 96.92787170410156 333.81950759887695 96.92787170410156 333.81950759887695 173.3480224609375 273.6407165527344 173.3480224609375
274.32196044921875 98.13622283935547 333.5473823547363 98.13622283935547 333.5473823547363 174.36402130126953 274.32196044921875 174.36402130126953
272.8515625 98.4798583984375 331.82169342041016 98.4798583984375 331.82169342041016 174.37477111816406 272.8515625 174.37477111816406
273.1814880371094 99.72477722167969 332.4162292480469 99.72477722167969 332.4162292480469 175.36160278320312 273.1814880371094 175.36160278320312
272.4478759765625 99.59663391113281 330.76634979248047 99.59663391113281 330.76634979248047 174.5391845703125 272.4478759765625 174.5391845703125
272.6269226074219 100.02302551269531 331.5317687988281 100.02302551269531 331.5317687988281 175.89736938476562 272.6269226074219 175.89736938476562
271.93865966796875 99.60396575927734 330.5444450378418 99.60396575927734 330.5444450378418 175.08881378173828 271.93865966796875 175.08881378173828
272.3172912597656 100.26728820800781 330.8058891296387 100.26728820800781 330.8058891296387 175.8046875 272.3172912597656 175.8046875
272.49078369140625 100.236083984375 330.5957832336426 100.236083984375 330.5957832336426 175.1108627319336 272.49078369140625 175.1108627319336
272.8287353515625 100.6194076538086 331.1877861022949 100.6194076538086 331.1877861022949 175.66566467285156 272.8287353515625 175.66566467285156
271.8856506347656 100.21724700927734 330.2264595031738 100.21724700927734 330.2264595031738 175.69041442871094 271.8856506347656 175.69041442871094
272.0987548828125 100.05442810058594 330.1196174621582 100.05442810058594 330.1196174621582 174.61141967773438 272.0987548828125 174.61141967773438
273.1304626464844 100.66127014160156 331.03125 100.66127014160156 331.03125 174.70391082763672 273.1304626464844 174.70391082763672
273.1145935058594 100.8689956665039 331.67107009887695 100.8689956665039 331.67107009887695 175.25550842285156 273.1145935058594 175.25550842285156
273.2918395996094 100.40541076660156 331.2932929992676 100.40541076660156 331.2932929992676 174.9839859008789 273.2918395996094 174.9839859008789
272.91510009765625 100.15365600585938 331.0321578979492 100.15365600585938 331.0321578979492 175.32611083984375 272.91510009765625 175.32611083984375
273.28179931640625 100.89607238769531 329.9218864440918 100.89607238769531 329.9218864440918 174.33873748779297 273.28179931640625 174.33873748779297
273.58990478515625 100.93682861328125 330.89594650268555 100.93682861328125 330.89594650268555 174.3446273803711 273.58990478515625 174.3446273803711
273.32855224609375 101.42526245117188 331.09473419189453 101.42526245117188 331.09473419189453 175.0352325439453 273.32855224609375 175.0352325439453
273.6568908691406 101.32432556152344 331.2305603027344 101.32432556152344 331.2305603027344 174.58660888671875 273.6568908691406 174.58660888671875
273.76922607421875 101.1533203125 331.9655876159668 101.1533203125 331.9655876159668 174.8606414794922 273.76922607421875 174.8606414794922
273.82672119140625 101.35672760009766 330.33565521240234 101.35672760009766 330.33565521240234 174.3824691772461 273.82672119140625 174.3824691772461
273.6410217285156 102.07199096679688 330.61450958251953 102.07199096679688 330.61450958251953 174.72942352294922 273.6410217285156 174.72942352294922
273.96112060546875 102.21168518066406 330.9966239929199 102.21168518066406 330.9966239929199 174.7032470703125 273.96112060546875 174.7032470703125
273.7644348144531 102.32505798339844 330.4730911254883 102.32505798339844 330.4730911254883 174.88304138183594 273.7644348144531 174.88304138183594
274.06591796875 102.574951171875 331.72808837890625 102.574951171875 331.72808837890625 175.90545654296875 274.06591796875 175.90545654296875
273.8170471191406 102.97017669677734 331.2269592285156 102.97017669677734 331.2269592285156 176.17132568359375 273.8170471191406 176.17132568359375
274.1431579589844 103.21435546875 331.85981369018555 103.21435546875 331.85981369018555 176.59076690673828 274.1431579589844 176.59076690673828
275.1513671875 102.12640380859375 332.42650604248047 102.12640380859375 332.42650604248047 175.66168212890625 275.1513671875 175.66168212890625
275.57525634765625 102.6128158569336 332.6294631958008 102.6128158569336 332.6294631958008 175.95079803466797 275.57525634765625 175.95079803466797
275.42071533203125 102.51904296875 332.49102783203125 102.51904296875 332.49102783203125 175.9862060546875 275.42071533203125 175.9862060546875
276.7666931152344 101.93062591552734 332.4724540710449 101.93062591552734 332.4724540710449 174.86424255371094 276.7666931152344 174.86424255371094
273.99359130859375 102.97331237792969 330.77082443237305 102.97331237792969 330.77082443237305 175.51217651367188 273.99359130859375 175.51217651367188
274.33209228515625 102.3814697265625 330.2783393859863 102.3814697265625 330.2783393859863 175.44013214111328 274.33209228515625 175.44013214111328
276.6659240722656 101.12504577636719 333.73590087890625 101.12504577636719 333.73590087890625 175.25894927978516 276.6659240722656 175.25894927978516
273.97222900390625 102.49273681640625 330.8561592102051 102.49273681640625 330.8561592102051 175.7110137939453 273.97222900390625 175.7110137939453
273.92352294921875 102.84659576416016 329.95279693603516 102.84659576416016 329.95279693603516 176.12345123291016 273.92352294921875 176.12345123291016
274.3308410644531 101.87034606933594 330.63452911376953 101.87034606933594 330.63452911376953 174.62918090820312 274.3308410644531 174.62918090820312
274.1864318847656 100.46507263183594 331.2568054199219 100.46507263183594 331.2568054199219 175.4269027709961 274.1864318847656 175.4269027709961
274.40240478515625 99.72730255126953 330.7498779296875 99.72730255126953 330.7498779296875 173.53722381591797 274.40240478515625 173.53722381591797
273.577880859375 98.35189819335938 328.9469299316406 98.35189819335938 328.9469299316406 172.5533676147461 273.577880859375 172.5533676147461
273.9544982910156 97.45497131347656 330.3432922363281 97.45497131347656 330.3432922363281 172.2535400390625 273.9544982910156 172.2535400390625
272.9388122558594 96.41777038574219 328.3134078979492 96.41777038574219 328.3134078979492 170.4330291748047 272.9388122558594 170.4330291748047
272.79376220703125 95.72953796386719 327.77641677856445 95.72953796386719 327.77641677856445 169.3739242553711 272.79376220703125 169.3739242553711
272.70526123046875 94.60499572753906 327.3958969116211 94.60499572753906 327.3958969116211 168.32522583007812 272.70526123046875 168.32522583007812
273.1715393066406 94.6512222290039 327.4662971496582 94.6512222290039 327.4662971496582 166.4197998046875 273.1715393066406 166.4197998046875
273.92816162109375 95.71250915527344 326.78348541259766 95.71250915527344 326.78348541259766 165.48082733154297 273.92816162109375 165.48082733154297
273.5198669433594 93.47044372558594 326.4056816101074 93.47044372558594 326.4056816101074 164.37451934814453 273.5198669433594 164.37451934814453
273.5867614746094 94.58918762207031 325.1189384460449 94.58918762207031 325.1189384460449 163.21759033203125 273.5867614746094 163.21759033203125
273.8674621582031 93.69563293457031 325.8417663574219 93.69563293457031 325.8417663574219 163.05396270751953 273.8674621582031 163.05396270751953
274.09857177734375 92.53176879882812 324.8401756286621 92.53176879882812 324.8401756286621 162.1515655517578 274.09857177734375 162.1515655517578
274.6026611328125 91.58048248291016 325.2920570373535 91.58048248291016 325.2920570373535 160.75148010253906 274.6026611328125 160.75148010253906
274.2754211425781 90.47711944580078 325.1530075073242 90.47711944580078 325.1530075073242 161.01607513427734 274.2754211425781 161.01607513427734
274.3986511230469 90.08990478515625 325.53636169433594 90.08990478515625 325.53636169433594 160.18981170654297 274.3986511230469 160.18981170654297
273.8617248535156 89.51341247558594 324.9058532714844 89.51341247558594 324.9058532714844 160.4422836303711 273.8617248535156 160.4422836303711
274.1435852050781 89.6482162475586 325.1721496582031 89.6482162475586 325.1721496582031 160.54342651367188 274.1435852050781 160.54342651367188
274.412109375 89.10969543457031 325.76265716552734 89.10969543457031 325.76265716552734 160.81295013427734 274.412109375 160.81295013427734
274.6805725097656 89.2308578491211 325.7584686279297 89.2308578491211 325.7584686279297 160.45269775390625 274.6805725097656 160.45269775390625
274.8304748535156 89.19766998291016 326.4424018859863 89.19766998291016 326.4424018859863 160.0060272216797 274.8304748535156 160.0060272216797
274.9073791503906 88.91389465332031 326.7452201843262 88.91389465332031 326.7452201843262 159.08296966552734 274.9073791503906 159.08296966552734
274.9770202636719 88.05796813964844 326.85663986206055 88.05796813964844 326.85663986206055 158.12022399902344 274.9770202636719 158.12022399902344
275.8837585449219 87.2530746459961 327.64151763916016 87.2530746459961 327.64151763916016 157.02986907958984 275.8837585449219 157.02986907958984
274.5213928222656 85.3541030883789 327.99918365478516 85.3541030883789 327.99918365478516 158.29058837890625 274.5213928222656 158.29058837890625
273.8764343261719 84.42353820800781 327.33831787109375 84.42353820800781 327.33831787109375 158.36194610595703 273.8764343261719 158.36194610595703
274.6778259277344 83.65171813964844 329.1141548156738 83.65171813964844 329.1141548156738 157.76080322265625 274.6778259277344 157.76080322265625
273.9421691894531 82.43617248535156 327.9413032531738 82.43617248535156 327.9413032531738 157.1238021850586 273.9421691894531 157.1238021850586
274.46734619140625 82.67100524902344 329.3222885131836 82.67100524902344 329.3222885131836 156.99935913085938 274.46734619140625 156.99935913085938
274.59100341796875 82.45603942871094 329.2354507446289 82.45603942871094 329.2354507446289 157.04745483398438 274.59100341796875 157.04745483398438
274.1224365234375 81.64360809326172 328.61298751831055 81.64360809326172 328.61298751831055 156.39955139160156 274.1224365234375 156.39955139160156
274.21588134765625 82.28353118896484 330.16458892822266 82.28353118896484 330.16458892822266 155.98453521728516 274.21588134765625 155.98453521728516
274.6143493652344 82.4407958984375 331.0009460449219 82.4407958984375 331.0009460449219 157.2175521850586 274.6143493652344 157.2175521850586
274.6453552246094 82.37831115722656 331.03924560546875 82.37831115722656 331.03924560546875 156.7442169189453 274.6453552246094 156.7442169189453
275.6708679199219 82.30680847167969 333.3744583129883 82.30680847167969 333.3744583129883 155.86031341552734 275.6708679199219 155.86031341552734
275.6139831542969 81.56129455566406 333.9753532409668 81.56129455566406 333.9753532409668 156.92428588867188 275.6139831542969 156.92428588867188
276.42718505859375 81.55265808105469 335.22835540771484 81.55265808105469 335.22835540771484 157.00682067871094 276.42718505859375 157.00682067871094
277.6349182128906 81.35540771484375 336.6871337890625 81.35540771484375 336.6871337890625 156.81175231933594 277.6349182128906 156.81175231933594
277.7212829589844 81.3013687133789 337.49409103393555 81.3013687133789 337.49409103393555 157.17864227294922 277.7212829589844 157.17864227294922
280.4350280761719 81.02934265136719 340.6022644042969 81.02934265136719 340.6022644042969 157.7207260131836 280.4350280761719 157.7207260131836
281.85614013671875 81.4557876586914 341.1995620727539 81.4557876586914 341.1995620727539 157.8208236694336 281.85614013671875 157.8208236694336
283.21844482421875 81.0504379272461 342.6954154968262 81.0504379272461 342.6954154968262 156.1993179321289 283.21844482421875 156.1993179321289
284.4778747558594 81.47566223144531 344.86125564575195 81.47566223144531 344.86125564575195 157.02922821044922 284.4778747558594 157.02922821044922
285.3080749511719 80.59342193603516 347.1908874511719 80.59342193603516 347.1908874511719 157.84619140625 285.3080749511719 157.84619140625
288.5882263183594 79.80570220947266 350.1131782531738 79.80570220947266 350.1131782531738 157.88639068603516 288.5882263183594 157.88639068603516
290.6610412597656 79.71687316894531 352.00304412841797 79.71687316894531 352.00304412841797 157.37670135498047 290.6610412597656 157.37670135498047
292.4395446777344 78.44100189208984 353.4235038757324 78.44100189208984 353.4235038757324 156.72086334228516 292.4395446777344 156.72086334228516
294.576416015625 78.73921966552734 355.7816963195801 78.73921966552734 355.7816963195801 157.37641143798828 294.576416015625 157.37641143798828
295.2353515625 78.0946273803711 356.3801155090332 78.0946273803711 356.3801155090332 157.22808074951172 295.2353515625 157.22808074951172
298.08660888671875 76.99156188964844 359.17742919921875 76.99156188964844 359.17742919921875 156.40704345703125 298.08660888671875 156.40704345703125
300.3565368652344 76.16754150390625 361.03455352783203 76.16754150390625 361.03455352783203 157.06854248046875 300.3565368652344 157.06854248046875
301.3019104003906 76.25349426269531 361.28007888793945 76.25349426269531 361.28007888793945 155.61792755126953 301.3019104003906 155.61792755126953
303.531494140625 75.8194808959961 364.1092720031738 75.8194808959961 364.1092720031738 155.11996459960938 303.531494140625 155.11996459960938
303.7571716308594 76.83872985839844 363.79840087890625 76.83872985839844 363.79840087890625 155.4658203125 303.7571716308594 155.4658203125
305.85675048828125 75.08808898925781 365.9376335144043 75.08808898925781 365.9376335144043 154.19485473632812 305.85675048828125 154.19485473632812
304.47320556640625 78.75557708740234 364.5139579772949 78.75557708740234 364.5139579772949 157.6650161743164 304.47320556640625 157.6650161743164
306.88226318359375 77.55780029296875 367.3697929382324 77.55780029296875 367.3697929382324 157.92406463623047 306.88226318359375 157.92406463623047
304.56304931640625 79.78508758544922 364.3885383605957 79.78508758544922 364.3885383605957 159.8655776977539 304.56304931640625 159.8655776977539
305.8744201660156 79.57432556152344 366.8213424682617 79.57432556152344 366.8213424682617 161.1522979736328 305.8744201660156 161.1522979736328
305.1911926269531 80.46429443359375 364.9005546569824 80.46429443359375 364.9005546569824 161.78612518310547 305.1911926269531 161.78612518310547
304.9739685058594 80.85157775878906 364.7950134277344 80.85157775878906 364.7950134277344 161.32598114013672 304.9739685058594 161.32598114013672
307.68853759765625 78.46466064453125 367.95685958862305 78.46466064453125 367.95685958862305 158.8222198486328 307.68853759765625 158.8222198486328
305.2640686035156 81.59172058105469 364.3489875793457 81.59172058105469 364.3489875793457 160.34019470214844 305.2640686035156 160.34019470214844
303.6516418457031 80.98348236083984 364.1873359680176 80.98348236083984 364.1873359680176 161.02945709228516 303.6516418457031 161.02945709228516
302.6733093261719 80.36473083496094 363.0530891418457 80.36473083496094 363.0530891418457 160.4574203491211 302.6733093261719 160.4574203491211
301.2633056640625 81.49769592285156 362.2522888183594 81.49769592285156 362.2522888183594 161.8514862060547 301.2633056640625 161.8514862060547
299.5401916503906 82.52828216552734 360.1188049316406 82.52828216552734 360.1188049316406 162.1484146118164 299.5401916503906 162.1484146118164
298.7707824707031 83.2582778930664 359.1421432495117 83.2582778930664 359.1421432495117 162.36766815185547 298.7707824707031 162.36766815185547
297.9031982421875 83.4394760131836 358.7088203430176 83.4394760131836 358.7088203430176 163.53881072998047 297.9031982421875 163.53881072998047
297.46588134765625 83.34532165527344 357.97843170166016 83.34532165527344 357.97843170166016 164.71154022216797 297.46588134765625 164.71154022216797
297.3083801269531 84.01025390625 356.7193908691406 84.01025390625 356.7193908691406 162.9347381591797 297.3083801269531 162.9347381591797
297.92144775390625 84.93599700927734 357.72554779052734 84.93599700927734 357.72554779052734 163.07263946533203 297.92144775390625 163.07263946533203
297.0483703613281 84.49823760986328 356.2891159057617 84.49823760986328 356.2891159057617 161.84835815429688 297.0483703613281 161.84835815429688
296.04583740234375 84.4081039428711 355.8643798828125 84.4081039428711 355.8643798828125 163.58817291259766 296.04583740234375 163.58817291259766
296.29296875 84.75733947753906 355.6647758483887 84.75733947753906 355.6647758483887 162.53174591064453 296.29296875 162.53174591064453
295.8276672363281 84.56625366210938 356.0163269042969 84.56625366210938 356.0163269042969 163.41419982910156 295.8276672363281 163.41419982910156
295.9735412597656 84.37651062011719 355.72119903564453 84.37651062011719 355.72119903564453 163.27558135986328 295.9735412597656 163.27558135986328
294.8897705078125 84.08854675292969 356.0240287780762 84.08854675292969 356.0240287780762 164.4855194091797 294.8897705078125 164.4855194091797
295.07666015625 84.3219223022461 355.3548812866211 84.3219223022461 355.3548812866211 164.65159606933594 295.07666015625 164.65159606933594
295.02532958984375 85.05708312988281 354.8676872253418 85.05708312988281 354.8676872253418 164.48194122314453 295.02532958984375 164.48194122314453
294.40118408203125 86.11077880859375 354.1310806274414 86.11077880859375 354.1310806274414 164.18270111083984 294.40118408203125 164.18270111083984
293.1865234375 87.1834487915039 352.29999923706055 87.1834487915039 352.29999923706055 162.99183654785156 293.1865234375 162.99183654785156
292.6344909667969 87.2611312866211 352.3016586303711 87.2611312866211 352.3016586303711 162.89683532714844 292.6344909667969 162.89683532714844
291.822021484375 87.40419006347656 351.1443557739258 87.40419006347656 351.1443557739258 161.67306518554688 291.822021484375 161.67306518554688
291.18804931640625 87.1771011352539 349.7406539916992 87.1771011352539 349.7406539916992 162.38345336914062 291.18804931640625 162.38345336914062
291.06854248046875 87.23063659667969 348.84717559814453 87.23063659667969 348.84717559814453 161.21551513671875 291.06854248046875 161.21551513671875
290.39410400390625 86.37931060791016 348.5096969604492 86.37931060791016 348.5096969604492 160.95035552978516 290.39410400390625 160.95035552978516
290.89862060546875 86.59268951416016 348.8197822570801 86.59268951416016 348.8197822570801 161.70690155029297 290.89862060546875 161.70690155029297
290.7106628417969 86.87870788574219 348.1028747558594 86.87870788574219 348.1028747558594 159.85440063476562 290.7106628417969 159.85440063476562
290.47833251953125 87.23152923583984 348.0264472961426 87.23152923583984 348.0264472961426 160.43209075927734 290.47833251953125 160.43209075927734
288.92437744140625 87.89791107177734 347.55046463012695 87.89791107177734 347.55046463012695 162.22647094726562 288.92437744140625 162.22647094726562
289.41033935546875 89.3306884765625 347.9018974304199 89.3306884765625 347.9018974304199 162.9200210571289 289.41033935546875 162.9200210571289
288.84063720703125 90.02796936035156 348.4276351928711 90.02796936035156 348.4276351928711 164.345703125 288.84063720703125 164.345703125
288.1360778808594 91.5746841430664 348.3367614746094 91.5746841430664 348.3367614746094 164.43927001953125 288.1360778808594 164.43927001953125
287.69635009765625 91.12312316894531 348.43610763549805 91.12312316894531 348.43610763549805 164.44068145751953 287.69635009765625 164.44068145751953
288.94769287109375 92.5924072265625 349.4457893371582 92.5924072265625 349.4457893371582 165.77420806884766 288.94769287109375 165.77420806884766
288.6539611816406 92.78126525878906 348.9437942504883 92.78126525878906 348.9437942504883 165.491943359375 288.6539611816406 165.491943359375
288.4013977050781 90.46381378173828 348.27277755737305 90.46381378173828 348.27277755737305 163.60701751708984 288.4013977050781 163.60701751708984
289.5276184082031 91.47025299072266 349.5645942687988 91.47025299072266 349.5645942687988 164.09593963623047 289.5276184082031 164.09593963623047
290.44580078125 91.91021728515625 350.2322463989258 91.91021728515625 350.2322463989258 163.94715881347656 290.44580078125 163.94715881347656
290.773681640625 92.78846740722656 350.3396797180176 92.78846740722656 350.3396797180176 164.39617919921875 290.773681640625 164.39617919921875
291.0133056640625 92.08810424804688 350.4155578613281 92.08810424804688 350.4155578613281 163.10760498046875 291.0133056640625 163.10760498046875
290.4049377441406 92.51559448242188 350.2221908569336 92.51559448242188 350.2221908569336 163.35696411132812 290.4049377441406 163.35696411132812
290.371337890625 91.71831512451172 349.4480667114258 91.71831512451172 349.4480667114258 162.75724029541016 290.371337890625 162.75724029541016
290.23565673828125 92.86418151855469 349.8913688659668 92.86418151855469 349.8913688659668 163.8082733154297 290.23565673828125 163.8082733154297
290.8672790527344 92.3564453125 350.0155143737793 92.3564453125 350.0155143737793 162.51223754882812 290.8672790527344 162.51223754882812
290.8779296875 92.51553344726562 350.4342460632324 92.51553344726562 350.4342460632324 162.54766082763672 290.8779296875 162.54766082763672
290.30987548828125 92.67769622802734 349.25041580200195 92.67769622802734 349.25041580200195 162.9422607421875 290.30987548828125 162.9422607421875
289.5689392089844 92.29347229003906 348.4632377624512 92.29347229003906 348.4632377624512 162.74022674560547 289.5689392089844 162.74022674560547
289.92413330078125 91.39696502685547 349.4376640319824 91.39696502685547 349.4376640319824 162.8219985961914 289.92413330078125 162.8219985961914
289.55743408203125 91.77794647216797 349.4589958190918 91.77794647216797 349.4589958190918 162.931640625 289.55743408203125 162.931640625
288.27642822265625 89.95616912841797 347.2865295410156 89.95616912841797 347.2865295410156 160.87787628173828 288.27642822265625 160.87787628173828
287.7565612792969 91.27594757080078 347.9563407897949 91.27594757080078 347.9563407897949 162.79387664794922 287.7565612792969 162.79387664794922
287.3010559082031 91.98966979980469 347.7130241394043 91.98966979980469 347.7130241394043 163.04774475097656 287.3010559082031 163.04774475097656
287.6256103515625 91.46305847167969 347.85003662109375 91.46305847167969 347.85003662109375 163.05447387695312 287.6256103515625 163.05447387695312
287.32952880859375 90.87255096435547 346.4637565612793 90.87255096435547 346.4637565612793 162.5232391357422 287.32952880859375 162.5232391357422
287.31353759765625 91.57662963867188 346.51904296875 91.57662963867188 346.51904296875 162.88290405273438 287.31353759765625 162.88290405273438
286.8619689941406 91.28426361083984 346.2311897277832 91.28426361083984 346.2311897277832 163.20469665527344 286.8619689941406 163.20469665527344
286.8726806640625 92.71443176269531 346.3577880859375 92.71443176269531 346.3577880859375 164.60116577148438 286.8726806640625 164.60116577148438
286.3910827636719 90.89875793457031 345.5369987487793 90.89875793457031 345.5369987487793 163.50294494628906 286.3910827636719 163.50294494628906
285.6284484863281 92.23432922363281 344.68733978271484 92.23432922363281 344.68733978271484 164.85679626464844 285.6284484863281 164.85679626464844
285.8741149902344 92.52205657958984 344.8672676086426 92.52205657958984 344.8672676086426 165.71283721923828 285.8741149902344 165.71283721923828
285.7296142578125 94.56005859375 345.2762222290039 94.56005859375 345.2762222290039 167.45378875732422 285.7296142578125 167.45378875732422
286.7968444824219 94.29399108886719 344.55786895751953 94.29399108886719 344.55786895751953 166.5499267578125 286.7968444824219 166.5499267578125
286.20892333984375 94.65129852294922 345.7991638183594 94.65129852294922 345.7991638183594 169.65006256103516 286.20892333984375 169.65006256103516
288.03826904296875 95.78221130371094 347.93675994873047 95.78221130371094 347.93675994873047 171.13884735107422 288.03826904296875 171.13884735107422
287.48870849609375 98.6490707397461 347.7877311706543 98.6490707397461 347.7877311706543 171.64532470703125 287.48870849609375 171.64532470703125
287.85968017578125 98.19779968261719 349.02721405029297 98.19779968261719 349.02721405029297 172.89828491210938 287.85968017578125 172.89828491210938
289.77728271484375 98.66156768798828 349.94376373291016 98.66156768798828 349.94376373291016 172.63501739501953 289.77728271484375 172.63501739501953
292.11492919921875 98.93472290039062 352.7545051574707 98.93472290039062 352.7545051574707 173.43779754638672 292.11492919921875 173.43779754638672
294.1946105957031 100.0711669921875 353.1321487426758 100.0711669921875 353.1321487426758 172.2832794189453 294.1946105957031 172.2832794189453
295.3877868652344 99.4333267211914 355.1260757446289 99.4333267211914 355.1260757446289 171.69894409179688 295.3877868652344 171.69894409179688
298.17852783203125 97.21163177490234 356.9192123413086 97.21163177490234 356.9192123413086 170.1085662841797 298.17852783203125 170.1085662841797
297.41912841796875 98.43867492675781 355.3951187133789 98.43867492675781 355.3951187133789 169.95642852783203 297.41912841796875 169.95642852783203
298.65386962890625 98.10018920898438 356.5684509277344 98.10018920898438 356.5684509277344 169.66464233398438 298.65386962890625 169.66464233398438
300.8395690917969 95.31328582763672 358.68896484375 95.31328582763672 358.68896484375 168.70783233642578 300.8395690917969 168.70783233642578
302.3275451660156 96.74893188476562 359.7772750854492 96.74893188476562 359.7772750854492 169.56075286865234 302.3275451660156 169.56075286865234
302.1064453125 95.93638610839844 360.2338676452637 95.93638610839844 360.2338676452637 168.86847686767578 302.1064453125 168.86847686767578
304.77978515625 95.06634521484375 361.6736259460449 95.06634521484375 361.6736259460449 168.15425872802734 304.77978515625 168.15425872802734
305.10601806640625 94.28706359863281 361.9969253540039 94.28706359863281 361.9969253540039 167.42493438720703 305.10601806640625 167.42493438720703
304.0055847167969 95.17411804199219 361.6966552734375 95.17411804199219 361.6966552734375 168.02874755859375 304.0055847167969 168.02874755859375
305.2962341308594 94.3889389038086 361.868408203125 94.3889389038086 361.868408203125 166.3147964477539 305.2962341308594 166.3147964477539
305.2356872558594 94.45746612548828 362.7388114929199 94.45746612548828 362.7388114929199 166.22494506835938 305.2356872558594 166.22494506835938
305.4529113769531 93.80555725097656 363.6678581237793 93.80555725097656 363.6678581237793 166.43621063232422 305.4529113769531 166.43621063232422
306.07952880859375 93.52336120605469 364.69084548950195 93.52336120605469 364.69084548950195 167.75275421142578 306.07952880859375 167.75275421142578
306.96807861328125 91.68511199951172 365.4009819030762 91.68511199951172 365.4009819030762 165.7958526611328 306.96807861328125 165.7958526611328
308.87921142578125 90.93099212646484 367.05219650268555 90.93099212646484 367.05219650268555 166.07283782958984 308.87921142578125 166.07283782958984
307.5558166503906 91.11360931396484 365.1904830932617 91.11360931396484 365.1904830932617 163.21857452392578 307.5558166503906 163.21857452392578
311.095458984375 90.40049743652344 367.5208930969238 90.40049743652344 367.5208930969238 163.06583404541016 311.095458984375 163.06583404541016
309.3078308105469 92.76570129394531 366.5455093383789 92.76570129394531 366.5455093383789 164.27345275878906 309.3078308105469 164.27345275878906
311.9864807128906 92.1821060180664 368.68951416015625 92.1821060180664 368.68951416015625 164.14995574951172 311.9864807128906 164.14995574951172
310.71746826171875 91.63394165039062 368.0982780456543 91.63394165039062 368.0982780456543 163.1332244873047 310.71746826171875 163.1332244873047
312.6942138671875 92.36466217041016 369.9934387207031 92.36466217041016 369.9934387207031 164.76598358154297 312.6942138671875 164.76598358154297
312.6234130859375 92.74687194824219 370.1534729003906 92.74687194824219 370.1534729003906 163.49948120117188 312.6234130859375 163.49948120117188
313.53436279296875 91.04896545410156 370.3769950866699 91.04896545410156 370.3769950866699 164.2771759033203 313.53436279296875 164.2771759033203
314.6120910644531 90.73265075683594 370.2792434692383 90.73265075683594 370.2792434692383 162.27645111083984 314.6120910644531 162.27645111083984
314.682373046875 90.46761322021484 370.5442199707031 90.46761322021484 370.5442199707031 163.4867172241211 314.682373046875 163.4867172241211
315.25701904296875 89.00102233886719 369.87249755859375 89.00102233886719 369.87249755859375 161.40289306640625 315.25701904296875 161.40289306640625
316.79931640625 87.09095001220703 370.64422607421875 87.09095001220703 370.64422607421875 158.88400268554688 316.79931640625 158.88400268554688
316.7286682128906 87.52906036376953 370.0001754760742 87.52906036376953 370.0001754760742 158.55757904052734 316.7286682128906 158.55757904052734
317.8007507324219 86.95747375488281 371.0115661621094 86.95747375488281 371.0115661621094 157.90508270263672 317.8007507324219 157.90508270263672
318.2237854003906 88.18099212646484 371.73983001708984 88.18099212646484 371.73983001708984 159.20755767822266 318.2237854003906 159.20755767822266
316.54815673828125 88.336181640625 369.4266777038574 88.336181640625 369.4266777038574 158.4121856689453 316.54815673828125 158.4121856689453
318.36273193359375 88.37604522705078 370.2125434875488 88.37604522705078 370.2125434875488 157.50899505615234 318.36273193359375 157.50899505615234
318.8601989746094 87.31454467773438 370.34113693237305 87.31454467773438 370.34113693237305 155.95565795898438 318.8601989746094 155.95565795898438
318.5328674316406 89.73753356933594 369.34049224853516 89.73753356933594 369.34049224853516 157.60431671142578 318.5328674316406 157.60431671142578
318.9416809082031 89.44718933105469 369.7997016906738 89.44718933105469 369.7997016906738 157.25775146484375 318.9416809082031 157.25775146484375
318.65423583984375 89.76268005371094 369.6355323791504 89.76268005371094 369.6355323791504 157.73760986328125 318.65423583984375 157.73760986328125
318.12310791015625 91.46002960205078 369.2939338684082 91.46002960205078 369.2939338684082 159.6876678466797 318.12310791015625 159.6876678466797
319.5989685058594 91.78038024902344 370.2123336791992 91.78038024902344 370.2123336791992 159.26473999023438 319.5989685058594 159.26473999023438
319.11090087890625 92.43605041503906 370.17969512939453 92.43605041503906 370.17969512939453 160.52764892578125 319.11090087890625 160.52764892578125
317.17315673828125 94.03327941894531 369.46524810791016 94.03327941894531 369.46524810791016 163.7559356689453 317.17315673828125 163.7559356689453
316.7801818847656 92.67749786376953 369.50048828125 92.67749786376953 369.50048828125 162.97110748291016 316.7801818847656 162.97110748291016
317.0434265136719 91.00645446777344 370.0668640136719 91.00645446777344 370.0668640136719 161.7042465209961 317.0434265136719 161.7042465209961
315.1304626464844 91.29156494140625 368.16739654541016 91.29156494140625 368.16739654541016 162.0073471069336 315.1304626464844 162.0073471069336
313.61962890625 90.62007904052734 366.18242263793945 90.62007904052734 366.18242263793945 160.70368194580078 313.61962890625 160.70368194580078
312.4952087402344 90.63304138183594 364.9814262390137 90.63304138183594 364.9814262390137 160.6145477294922 312.4952087402344 160.6145477294922
311.3536071777344 91.65586853027344 363.5284614562988 91.65586853027344 363.5284614562988 161.2627716064453 311.3536071777344 161.2627716064453
309.5101013183594 93.87361145019531 362.3548774719238 93.87361145019531 362.3548774719238 161.60377502441406 309.5101013183594 161.60377502441406
309.41986083984375 95.02024841308594 362.66075897216797 95.02024841308594 362.66075897216797 162.8413543701172 309.41986083984375 162.8413543701172
307.7523498535156 92.56681060791016 361.0866813659668 92.56681060791016 361.0866813659668 162.51170349121094 307.7523498535156 162.51170349121094
307.39208984375 93.29408264160156 361.4610481262207 93.29408264160156 361.4610481262207 163.40563201904297 307.39208984375 163.40563201904297
305.429931640625 91.81275939941406 360.5686225891113 91.81275939941406 360.5686225891113 164.41595458984375 305.429931640625 164.41595458984375
302.6259765625 93.22798156738281 358.75684356689453 93.22798156738281 358.75684356689453 165.0382843017578 302.6259765625 165.0382843017578
301.00299072265625 92.8349609375 357.2813034057617 92.8349609375 357.2813034057617 163.77552795410156 301.00299072265625 163.77552795410156
297.7964782714844 91.94042205810547 354.6295585632324 91.94042205810547 354.6295585632324 162.7446746826172 297.7964782714844 162.7446746826172
296.5640869140625 91.89093017578125 353.52091217041016 91.89093017578125 353.52091217041016 161.9910125732422 296.5640869140625 161.9910125732422
295.7889709472656 91.45875549316406 351.27802658081055 91.45875549316406 351.27802658081055 161.53887939453125 295.7889709472656 161.53887939453125
293.2229919433594 90.4107666015625 349.7538642883301 90.4107666015625 349.7538642883301 161.4111328125 293.2229919433594 161.4111328125
291.90203857421875 90.74405670166016 347.87407302856445 90.74405670166016 347.87407302856445 160.97374725341797 291.90203857421875 160.97374725341797
290.4877624511719 90.85304260253906 345.6824951171875 90.85304260253906 345.6824951171875 159.56838989257812 290.4877624511719 159.56838989257812
289.2042236328125 90.39320373535156 344.41015625 90.39320373535156 344.41015625 159.30004119873047 289.2042236328125 159.30004119873047
288.9251403808594 90.8169174194336 343.54346466064453 90.8169174194336 343.54346466064453 158.42977905273438 288.9251403808594 158.42977905273438
288.91644287109375 90.27693176269531 343.0009078979492 90.27693176269531 343.0009078979492 157.32756805419922 288.91644287109375 157.32756805419922
288.44390869140625 90.60540771484375 342.16536712646484 90.60540771484375 342.16536712646484 157.75582885742188 288.44390869140625 157.75582885742188
287.01556396484375 91.1241455078125 341.0546875 91.1241455078125 341.0546875 159.4755630493164 287.01556396484375 159.4755630493164
286.83984375 90.34803771972656 341.44925689697266 90.34803771972656 341.44925689697266 158.39669799804688 286.83984375 158.39669799804688
286.6732177734375 90.5903549194336 341.4903678894043 90.5903549194336 341.4903678894043 158.6811294555664 286.6732177734375 158.6811294555664
286.71917724609375 90.60107421875 341.3844680786133 90.60107421875 341.3844680786133 158.58607482910156 286.71917724609375 158.58607482910156
286.2135314941406 91.4176025390625 341.08343505859375 91.4176025390625 341.08343505859375 160.16390991210938 286.2135314941406 160.16390991210938
286.095703125 91.44954681396484 341.21117401123047 91.44954681396484 341.21117401123047 160.95673370361328 286.095703125 160.95673370361328
285.42041015625 92.04173278808594 341.04130935668945 92.04173278808594 341.04130935668945 162.47126007080078 285.42041015625 162.47126007080078
285.6038513183594 92.25154113769531 341.8049125671387 92.25154113769531 341.8049125671387 163.77381896972656 285.6038513183594 163.77381896972656
285.657470703125 92.06306457519531 341.76494216918945 92.06306457519531 341.76494216918945 163.62454986572266 285.657470703125 163.62454986572266
285.20953369140625 92.25553894042969 341.7268486022949 92.25553894042969 341.7268486022949 164.06507873535156 285.20953369140625 164.06507873535156
285.46075439453125 91.3747787475586 342.9197998046875 91.3747787475586 342.9197998046875 163.47896575927734 285.46075439453125 163.47896575927734
286.962646484375 90.9933853149414 344.51204681396484 90.9933853149414 344.51204681396484 162.6367950439453 286.962646484375 162.6367950439453
287.31427001953125 90.46638488769531 345.4484634399414 90.46638488769531 345.4484634399414 162.9148178100586 287.31427001953125 162.9148178100586
288.77484130859375 90.07066345214844 346.57958221435547 90.07066345214844 346.57958221435547 161.5087432861328 288.77484130859375 161.5087432861328
289.3175048828125 90.06932067871094 347.23883056640625 90.06932067871094 347.23883056640625 160.7636947631836 289.3175048828125 160.7636947631836
289.6517639160156 90.17020416259766 348.66119384765625 90.17020416259766 348.66119384765625 161.3199234008789 289.6517639160156 161.3199234008789
289.52001953125 89.78782653808594 349.2098922729492 89.78782653808594 349.2098922729492 162.4293212890625 289.52001953125 162.4293212890625
289.9375 89.90830993652344 350.0123291015625 89.90830993652344 350.0123291015625 163.62741088867188 289.9375 163.62741088867188
293.25872802734375 88.67446899414062 352.8041076660156 88.67446899414062 352.8041076660156 164.78677368164062 293.25872802734375 164.78677368164062
292.00213623046875 89.86542510986328 351.8057060241699 89.86542510986328 351.8057060241699 164.65609741210938 292.00213623046875 164.65609741210938
292.6140441894531 90.5534439086914 352.76793670654297 90.5534439086914 352.76793670654297 164.67095947265625 292.6140441894531 164.67095947265625
292.3794860839844 90.5750503540039 352.40760040283203 90.5750503540039 352.40760040283203 166.19147491455078 292.3794860839844 166.19147491455078
293.7725524902344 90.53374481201172 352.3087577819824 90.53374481201172 352.3087577819824 165.1137924194336 293.7725524902344 165.1137924194336
295.3404846191406 90.21482849121094 354.1213493347168 90.21482849121094 354.1213493347168 165.89208221435547 295.3404846191406 165.89208221435547
295.4159240722656 90.58143615722656 353.5379447937012 90.58143615722656 353.5379447937012 165.73219299316406 295.4159240722656 165.73219299316406
294.96002197265625 91.27833557128906 354.36547088623047 91.27833557128906 354.36547088623047 166.67450714111328 294.96002197265625 166.67450714111328
295.3480224609375 91.71580505371094 354.2125358581543 91.71580505371094 354.2125358581543 166.38970947265625 295.3480224609375 166.38970947265625
294.9185485839844 92.31012725830078 354.26115798950195 92.31012725830078 354.26115798950195 166.4157485961914 294.9185485839844 166.4157485961914
294.539306640625 92.46369934082031 353.9846992492676 92.46369934082031 353.9846992492676 167.75999450683594 294.539306640625 167.75999450683594
296.5771484375 92.22747802734375 355.6631393432617 92.22747802734375 355.6631393432617 166.14649963378906 296.5771484375 166.14649963378906
295.2347106933594 92.6455078125 355.0618705749512 92.6455078125 355.0618705749512 167.17739868164062 295.2347106933594 167.17739868164062
295.14031982421875 92.8982925415039 354.8911323547363 92.8982925415039 354.8911323547363 167.89407348632812 295.14031982421875 167.89407348632812
296.16046142578125 92.3064956665039 355.6703567504883 92.3064956665039 355.6703567504883 167.83932495117188 296.16046142578125 167.83932495117188
295.8047790527344 92.77909088134766 355.28385162353516 92.77909088134766 355.28385162353516 168.2451400756836 295.8047790527344 168.2451400756836
295.22235107421875 92.37223815917969 355.59664154052734 92.37223815917969 355.59664154052734 168.71707916259766 295.22235107421875 168.71707916259766
295.44183349609375 92.30463409423828 355.60637283325195 92.30463409423828 355.60637283325195 168.96849060058594 295.44183349609375 168.96849060058594
295.7644348144531 91.9166030883789 355.1375541687012 91.9166030883789 355.1375541687012 167.82332611083984 295.7644348144531 167.82332611083984
296.1362609863281 91.96739196777344 356.0683059692383 91.96739196777344 356.0683059692383 168.46934509277344 296.1362609863281 168.46934509277344
296.2901916503906 91.9560775756836 355.0263557434082 91.9560775756836 355.0263557434082 166.87384033203125 296.2901916503906 166.87384033203125
296.36004638671875 91.9796142578125 355.3736877441406 91.9796142578125 355.3736877441406 167.41643524169922 296.36004638671875 167.41643524169922
297.0896301269531 92.532470703125 356.02103424072266 92.532470703125 356.02103424072266 167.60682678222656 297.0896301269531 167.60682678222656
298.13311767578125 92.57315826416016 357.32898712158203 92.57315826416016 357.32898712158203 167.3132095336914 298.13311767578125 167.3132095336914
297.65472412109375 92.21635437011719 356.2618522644043 92.21635437011719 356.2618522644043 167.3363800048828 297.65472412109375 167.3363800048828
298.35504150390625 92.9064712524414 356.5260238647461 92.9064712524414 356.5260238647461 167.33517456054688 298.35504150390625 167.33517456054688
297.8617248535156 92.33145904541016 357.0219306945801 92.33145904541016 357.0219306945801 168.45723724365234 297.8617248535156 168.45723724365234
298.2221984863281 92.87140655517578 356.7995071411133 92.87140655517578 356.7995071411133 167.6501922607422 298.2221984863281 167.6501922607422
298.8746032714844 93.06034088134766 356.76049041748047 93.06034088134766 356.76049041748047 167.7023162841797 298.8746032714844 167.7023162841797
299.77032470703125 93.20081329345703 356.94214630126953 93.20081329345703 356.94214630126953 166.41976928710938 299.77032470703125 166.41976928710938
298.6646423339844 93.07215881347656 356.57457733154297 93.07215881347656 356.57457733154297 167.34759521484375 298.6646423339844 167.34759521484375
298.34063720703125 92.40571594238281 357.40164947509766 92.40571594238281 357.40164947509766 168.10907745361328 298.34063720703125 168.10907745361328
296.8997497558594 92.14936828613281 356.1583671569824 92.14936828613281 356.1583671569824 169.22824096679688 296.8997497558594 169.22824096679688
294.6131896972656 92.13970947265625 354.2764091491699 92.13970947265625 354.2764091491699 168.61570739746094 294.6131896972656 168.61570739746094
294.84722900390625 93.07896423339844 352.8396415710449 93.07896423339844 352.8396415710449 166.84085083007812 294.84722900390625 166.84085083007812
293.1470947265625 93.0922622680664 351.5269088745117 93.0922622680664 351.5269088745117 167.2139434814453 293.1470947265625 167.2139434814453
292.4180603027344 93.07343292236328 350.45555877685547 93.07343292236328 350.45555877685547 166.35131072998047 292.4180603027344 166.35131072998047
292.86102294921875 92.79874420166016 350.50724029541016 92.79874420166016 350.50724029541016 164.84300231933594 292.86102294921875 164.84300231933594
290.86712646484375 92.67584991455078 348.69000244140625 92.67584991455078 348.69000244140625 165.50121307373047 290.86712646484375 165.50121307373047
290.62890625 92.10806274414062 347.5355453491211 92.10806274414062 347.5355453491211 163.8681182861328 290.62890625 163.8681182861328
290.14691162109375 91.92286682128906 347.61848068237305 91.92286682128906 347.61848068237305 163.68534088134766 290.14691162109375 163.68534088134766
289.1944274902344 92.00523376464844 346.51639556884766 92.00523376464844 346.51639556884766 163.75362396240234 289.1944274902344 163.75362396240234
289.5753173828125 90.4403305053711 346.7694778442383 90.4403305053711 346.7694778442383 162.69981384277344 289.5753173828125 162.69981384277344
288.7062072753906 91.20542907714844 345.94641876220703 91.20542907714844 345.94641876220703 162.16835021972656 288.7062072753906 162.16835021972656
287.71173095703125 92.43709564208984 344.49739837646484 92.43709564208984 344.49739837646484 161.45365142822266 287.71173095703125 161.45365142822266
287.54608154296875 92.0452651977539 344.2303886413574 92.0452651977539 344.2303886413574 161.98209381103516 287.54608154296875 161.98209381103516
285.7099304199219 92.3782958984375 341.73999786376953 92.3782958984375 341.73999786376953 163.19944763183594 285.7099304199219 163.19944763183594
287.22845458984375 92.42488098144531 342.77367401123047 92.42488098144531 342.77367401123047 162.70719146728516 287.22845458984375 162.70719146728516
285.8794860839844 93.64725494384766 342.0356979370117 93.64725494384766 342.0356979370117 164.28541564941406 285.8794860839844 164.28541564941406
286.0962829589844 93.43037414550781 342.92333221435547 93.43037414550781 342.92333221435547 164.94131469726562 286.0962829589844 164.94131469726562
285.25115966796875 93.89476013183594 342.1277961730957 93.89476013183594 342.1277961730957 165.41964721679688 285.25115966796875 165.41964721679688
284.80181884765625 93.7161865234375 341.0848808288574 93.7161865234375 341.0848808288574 165.15631103515625 284.80181884765625 165.15631103515625
285.66229248046875 94.31936645507812 341.6998710632324 94.31936645507812 341.6998710632324 165.0120849609375 285.66229248046875 165.0120849609375
286.15478515625 93.19512176513672 342.8008499145508 93.19512176513672 342.8008499145508 164.9563980102539 286.15478515625 164.9563980102539
285.7789001464844 92.16889953613281 343.25579833984375 92.16889953613281 343.25579833984375 164.24649810791016 285.7789001464844 164.24649810791016
285.1394958496094 91.6939697265625 341.6241340637207 91.6939697265625 341.6241340637207 163.65740966796875 285.1394958496094 163.65740966796875
286.2540588378906 90.8812026977539 343.8718032836914 90.8812026977539 343.8718032836914 163.5422592163086 286.2540588378906 163.5422592163086
286.72259521484375 91.11471557617188 343.73743438720703 91.11471557617188 343.73743438720703 163.15774536132812 286.72259521484375 163.15774536132812
288.097412109375 90.89473724365234 346.8738021850586 90.89473724365234 346.8738021850586 163.80564880371094 288.097412109375 163.80564880371094
288.69439697265625 90.81416320800781 346.7649154663086 90.81416320800781 346.7649154663086 163.48438262939453 288.69439697265625 163.48438262939453
289.8837890625 91.23190307617188 348.3382759094238 91.23190307617188 348.3382759094238 164.42886352539062 289.8837890625 164.42886352539062
290.859130859375 91.45846557617188 349.2423400878906 91.45846557617188 349.2423400878906 165.55725860595703 290.859130859375 165.55725860595703
291.91253662109375 91.74427795410156 349.8948860168457 91.74427795410156 349.8948860168457 164.08621215820312 291.91253662109375 164.08621215820312
295.93829345703125 91.74553680419922 353.60265350341797 91.74553680419922 353.60265350341797 167.16336059570312 295.93829345703125 167.16336059570312
296.7847900390625 91.6541519165039 354.03125762939453 91.6541519165039 354.03125762939453 167.2224349975586 296.7847900390625 167.2224349975586
298.8783264160156 93.51350402832031 355.55695724487305 93.51350402832031 355.55695724487305 168.75233459472656 298.8783264160156 168.75233459472656
301.1305236816406 94.9124526977539 357.8482131958008 94.9124526977539 357.8482131958008 169.9912109375 301.1305236816406 169.9912109375
300.1329650878906 97.33589172363281 356.4239196777344 97.33589172363281 356.4239196777344 171.46666717529297 300.1329650878906 171.46666717529297
302.5513000488281 97.32579803466797 359.8239936828613 97.32579803466797 359.8239936828613 173.04428100585938 302.5513000488281 173.04428100585938
302.15582275390625 99.83245849609375 358.68802642822266 99.83245849609375 358.68802642822266 174.26478576660156 302.15582275390625 174.26478576660156
303.2051696777344 99.01180267333984 359.91397857666016 99.01180267333984 359.91397857666016 174.3466796875 303.2051696777344 174.3466796875
302.30859375 100.75492858886719 358.60588455200195 100.75492858886719 358.60588455200195 175.34112548828125 302.30859375 175.34112548828125
302.5538024902344 101.89567565917969 358.57867431640625 101.89567565917969 358.57867431640625 175.56100463867188 302.5538024902344 175.56100463867188
303.390625 103.8186264038086 360.4362907409668 103.8186264038086 360.4362907409668 177.8944091796875 303.390625 177.8944091796875
303.63446044921875 104.63957214355469 359.1180305480957 104.63957214355469 359.1180305480957 178.42861938476562 303.63446044921875 178.42861938476562
304.14141845703125 105.68205261230469 359.7410697937012 105.68205261230469 359.7410697937012 179.26468658447266 304.14141845703125 179.26468658447266
304.4562072753906 105.384521484375 359.5127754211426 105.384521484375 359.5127754211426 179.11890411376953 304.4562072753906 179.11890411376953
305.0648193359375 105.68721008300781 360.5052261352539 105.68721008300781 360.5052261352539 181.03533935546875 305.0648193359375 181.03533935546875
303.9113464355469 108.868408203125 359.0565605163574 108.868408203125 359.0565605163574 184.12049865722656 303.9113464355469 184.12049865722656
304.4625549316406 111.18997955322266 359.3677177429199 111.18997955322266 359.3677177429199 185.43972778320312 304.4625549316406 185.43972778320312
302.8965759277344 115.11009216308594 356.7913589477539 115.11009216308594 356.7913589477539 189.34285736083984 302.8965759277344 189.34285736083984
300.8381042480469 119.3135986328125 354.30892181396484 119.3135986328125 354.30892181396484 194.50282287597656 300.8381042480469 194.50282287597656
301.17169189453125 121.6852798461914 354.9431381225586 121.6852798461914 354.9431381225586 195.6248321533203 301.17169189453125 195.6248321533203
300.92010498046875 127.3201904296875 353.24124908447266 127.3201904296875 353.24124908447266 199.94688415527344 300.92010498046875 199.94688415527344
301.13824462890625 128.63270568847656 352.7326431274414 128.63270568847656 352.7326431274414 201.12338256835938 301.13824462890625 201.12338256835938
302.132080078125 130.30271911621094 353.0212173461914 130.30271911621094 353.0212173461914 202.7347183227539 302.132080078125 202.7347183227539
301.87347412109375 134.53240966796875 352.7867622375488 134.53240966796875 352.7867622375488 205.8451385498047 301.87347412109375 205.8451385498047
302.75079345703125 138.16549682617188 353.8536262512207 138.16549682617188 353.8536262512207 210.89862060546875 302.75079345703125 210.89862060546875
302.7192687988281 143.9141082763672 352.91602325439453 143.9141082763672 352.91602325439453 217.28343963623047 302.7192687988281 217.28343963623047
303.105224609375 148.4185791015625 352.7524642944336 148.4185791015625 352.7524642944336 221.58289337158203 303.105224609375 221.58289337158203
303.2456970214844 152.268310546875 352.9669418334961 152.268310546875 352.9669418334961 226.49994659423828 303.2456970214844 226.49994659423828
302.8966369628906 156.25250244140625 353.2475357055664 156.25250244140625 353.2475357055664 230.14766693115234 302.8966369628906 230.14766693115234
304.435302734375 160.2040252685547 353.50007247924805 160.2040252685547 353.50007247924805 232.60340118408203 304.435302734375 232.60340118408203
302.36883544921875 165.169189453125 352.69969940185547 165.169189453125 352.69969940185547 239.37162017822266 302.36883544921875 239.37162017822266
301.74212646484375 168.84707641601562 351.5855484008789 168.84707641601562 351.5855484008789 240.47290802001953 301.74212646484375 240.47290802001953
301.4193115234375 170.41873168945312 350.71685791015625 170.41873168945312 350.71685791015625 240.25491333007812 301.4193115234375 240.25491333007812
300.4466552734375 171.7651824951172 350.4375686645508 171.7651824951172 350.4375686645508 240.3802490234375 300.4466552734375 240.3802490234375
300.0351257324219 171.2870635986328 350.1911811828613 171.2870635986328 350.1911811828613 240.28817749023438 300.0351257324219 240.28817749023438
299.59771728515625 170.89077758789062 348.990234375 170.89077758789062 348.990234375 239.41476440429688 299.59771728515625 239.41476440429688
299.7679138183594 169.07290649414062 348.39550018310547 169.07290649414062 348.39550018310547 237.8475799560547 299.7679138183594 237.8475799560547
298.9263916015625 167.75900268554688 347.8405075073242 167.75900268554688 347.8405075073242 235.77434539794922 298.9263916015625 235.77434539794922
297.7902526855469 165.9918212890625 348.26968002319336 165.9918212890625 348.26968002319336 236.00628662109375 297.7902526855469 236.00628662109375
295.96405029296875 163.99142456054688 348.1112289428711 163.99142456054688 348.1112289428711 236.90161895751953 295.96405029296875 236.90161895751953
296.14654541015625 159.2923126220703 347.5096015930176 159.2923126220703 347.5096015930176 234.71587371826172 296.14654541015625 234.71587371826172
298.45440673828125 159.6884307861328 346.7145309448242 159.6884307861328 346.7145309448242 232.21739196777344 298.45440673828125 232.21739196777344
298.6512756347656 162.4669189453125 346.8700942993164 162.4669189453125 346.8700942993164 232.9459228515625 298.6512756347656 232.9459228515625
299.136474609375 165.04583740234375 346.9865379333496 165.04583740234375 346.9865379333496 233.73870849609375 299.136474609375 233.73870849609375
299.1628112792969 165.72293090820312 346.7457084655762 165.72293090820312 346.7457084655762 233.4134292602539 299.1628112792969 233.4134292602539
299.649658203125 167.36318969726562 347.0206413269043 167.36318969726562 347.0206413269043 233.96437072753906 299.649658203125 233.96437072753906
299.11395263671875 166.09109497070312 346.6164321899414 166.09109497070312 346.6164321899414 234.40162658691406 299.11395263671875 234.40162658691406
298.5211486816406 164.81033325195312 346.57434844970703 164.81033325195312 346.57434844970703 234.82835388183594 298.5211486816406 234.82835388183594
298.30584716796875 164.9230194091797 346.1584358215332 164.9230194091797 346.1584358215332 236.55902099609375 298.30584716796875 236.55902099609375
297.6046447753906 166.0067138671875 346.8779602050781 166.0067138671875 346.8779602050781 239.53104400634766 297.6046447753906 239.53104400634766
300.18231201171875 168.7963104248047 349.6327590942383 168.7963104248047 349.6327590942383 241.18170166015625 300.18231201171875 241.18170166015625
301.57373046875 169.7242431640625 350.7602310180664 169.7242431640625 350.7602310180664 240.22142028808594 301.57373046875 240.22142028808594
302.2977294921875 170.9165496826172 351.4436569213867 170.9165496826172 351.4436569213867 240.49237823486328 302.2977294921875 240.49237823486328
302.10009765625 171.29641723632812 351.23075103759766 171.29641723632812 351.23075103759766 239.49945831298828 302.10009765625 239.49945831298828
302.92864990234375 171.8678741455078 351.8586540222168 171.8678741455078 351.8586540222168 239.6122589111328 302.92864990234375 239.6122589111328
303.42950439453125 171.6899871826172 351.6669616699219 171.6899871826172 351.6669616699219 239.0546875 303.42950439453125 239.0546875
304.3057861328125 172.34495544433594 352.61754989624023 172.34495544433594 352.61754989624023 238.43057250976562 304.3057861328125 238.43057250976562
305.32891845703125 172.15518188476562 353.0473175048828 172.15518188476562 353.0473175048828 239.22167205810547 305.32891845703125 239.22167205810547
305.45550537109375 171.51344299316406 353.0292091369629 171.51344299316406 353.0292091369629 241.05480194091797 305.45550537109375 241.05480194091797
306.05328369140625 171.5025634765625 353.23681640625 171.5025634765625 353.23681640625 241.6652069091797 306.05328369140625 241.6652069091797
306.1842956542969 171.4467010498047 353.262451171875 171.4467010498047 353.262451171875 241.2601318359375 306.1842956542969 241.2601318359375
305.5780334472656 171.2380828857422 353.1290588378906 171.2380828857422 353.1290588378906 241.34986877441406 305.5780334472656 241.34986877441406
304.90521240234375 171.04391479492188 352.39278411865234 171.04391479492188 352.39278411865234 239.49874114990234 304.90521240234375 239.49874114990234
305.05780029296875 171.9316864013672 352.1816520690918 171.9316864013672 352.1816520690918 236.8694610595703 305.05780029296875 236.8694610595703
304.6637268066406 171.99464416503906 351.8427314758301 171.99464416503906 351.8427314758301 236.90845489501953 304.6637268066406 236.90845489501953
302.7530517578125 172.142333984375 351.29973220825195 172.142333984375 351.29973220825195 237.13716888427734 302.7530517578125 237.13716888427734
301.8587341308594 171.9876708984375 350.50529861450195 171.9876708984375 350.50529861450195 237.0776824951172 301.8587341308594 237.0776824951172
301.42047119140625 172.2529754638672 349.62067794799805 172.2529754638672 349.62067794799805 236.3308868408203 301.42047119140625 236.3308868408203
300.5201110839844 171.97145080566406 348.9823455810547 171.97145080566406 348.9823455810547 237.13223266601562 300.5201110839844 237.13223266601562
300.9927673339844 172.23545837402344 348.6318168640137 172.23545837402344 348.6318168640137 236.6891860961914 300.9927673339844 236.6891860961914
299.8667907714844 172.1808624267578 347.9682312011719 172.1808624267578 347.9682312011719 235.94593811035156 299.8667907714844 235.94593811035156
299.6817626953125 172.4725341796875 347.32051849365234 172.4725341796875 347.32051849365234 236.6576919555664 299.6817626953125 236.6576919555664
299.03076171875 172.97076416015625 347.1401901245117 172.97076416015625 347.1401901245117 236.35454559326172 299.03076171875 236.35454559326172
299.31317138671875 172.6641082763672 346.65767669677734 172.6641082763672 346.65767669677734 236.3753890991211 299.31317138671875 236.3753890991211
299.2771301269531 172.69189453125 346.7183151245117 172.69189453125 346.7183151245117 236.42777633666992 299.2771301269531 236.42777633666992
299.7657165527344 172.44564819335938 347.3600044250488 172.44564819335938 347.3600044250488 236.08698654174805 299.7657165527344 236.08698654174805
299.9925231933594 172.67120361328125 347.9964790344238 172.67120361328125 347.9964790344238 236.64536666870117 299.9925231933594 236.64536666870117
300.70880126953125 172.28341674804688 348.2341194152832 172.28341674804688 348.2341194152832 235.80500030517578 300.70880126953125 235.80500030517578
301.0652770996094 172.6713104248047 348.53600311279297 172.6713104248047 348.53600311279297 236.0269012451172 301.0652770996094 236.0269012451172
301.718505859375 171.83224487304688 349.64046478271484 171.83224487304688 349.64046478271484 235.47191619873047 301.718505859375 235.47191619873047
302.43438720703125 171.7897491455078 350.50093841552734 171.7897491455078 350.50093841552734 235.77893447875977 302.43438720703125 235.77893447875977
302.77734375 172.02813720703125 350.77503204345703 172.02813720703125 350.77503204345703 235.9223747253418 302.77734375 235.9223747253418
303.1271057128906 171.8007049560547 350.5028762817383 171.8007049560547 350.5028762817383 235.55348205566406 303.1271057128906 235.55348205566406
302.9764709472656 171.85325622558594 350.9272232055664 171.85325622558594 350.9272232055664 235.3899154663086 302.9764709472656 235.3899154663086
303.19293212890625 172.15037536621094 350.4358444213867 172.15037536621094 350.4358444213867 234.98352432250977 303.19293212890625 234.98352432250977
302.00689697265625 171.82395935058594 349.58118438720703 171.82395935058594 349.58118438720703 234.85469818115234 302.00689697265625 234.85469818115234
301.1902770996094 172.15625 348.55211639404297 172.15625 348.55211639404297 234.6410026550293 301.1902770996094 234.6410026550293
299.86431884765625 171.99880981445312 347.9590950012207 171.99880981445312 347.9590950012207 234.7263298034668 299.86431884765625 234.7263298034668
299.5948791503906 171.42759704589844 347.23099517822266 171.42759704589844 347.23099517822266 234.28016662597656 299.5948791503906 234.28016662597656
298.67938232421875 171.08181762695312 346.33398056030273 171.08181762695312 346.33398056030273 234.17377471923828 298.67938232421875 234.17377471923828
297.0761413574219 170.2770233154297 344.76516342163086 170.2770233154297 344.76516342163086 233.70075225830078 297.0761413574219 233.70075225830078
296.6655578613281 170.1407012939453 344.132266998291 170.1407012939453 344.132266998291 234.3412857055664 296.6655578613281 234.3412857055664
296.10504150390625 169.44566345214844 343.2847366333008 169.44566345214844 343.2847366333008 234.58175659179688 296.10504150390625 234.58175659179688
295.739501953125 168.3592071533203 344.3777656555176 168.3592071533203 344.3777656555176 239.25801849365234 295.739501953125 239.25801849365234
295.52337646484375 168.84841918945312 346.90399169921875 168.84841918945312 346.90399169921875 240.2548370361328 295.52337646484375 240.2548370361328
295.04742431640625 168.58006286621094 345.4297561645508 168.58006286621094 345.4297561645508 239.26168060302734 295.04742431640625 239.26168060302734
294.45489501953125 165.92855834960938 344.2791976928711 165.92855834960938 344.2791976928711 237.8341827392578 294.45489501953125 237.8341827392578
294.0502624511719 164.9239959716797 341.63636016845703 164.9239959716797 341.63636016845703 236.8844757080078 294.0502624511719 236.8844757080078
293.0094299316406 165.98947143554688 340.16756439208984 165.98947143554688 340.16756439208984 235.7407989501953 293.0094299316406 235.7407989501953
292.3744201660156 166.03976440429688 339.42156982421875 166.03976440429688 339.42156982421875 234.39344024658203 292.3744201660156 234.39344024658203
290.82452392578125 165.91244506835938 338.9375686645508 165.91244506835938 338.9375686645508 234.7016830444336 290.82452392578125 234.7016830444336
289.8531188964844 166.81141662597656 338.5673294067383 166.81141662597656 338.5673294067383 235.18695831298828 289.8531188964844 235.18695831298828
290.4197082519531 166.90823364257812 340.6614761352539 166.90823364257812 340.6614761352539 235.83470153808594 290.4197082519531 235.83470153808594
290.1983947753906 166.77330017089844 341.4075508117676 166.77330017089844 341.4075508117676 236.38917541503906 290.1983947753906 236.38917541503906
287.73394775390625 167.4844207763672 338.4337844848633 167.4844207763672 338.4337844848633 237.79501342773438 287.73394775390625 237.79501342773438
285.80078125 167.7615966796875 335.4085464477539 167.7615966796875 335.4085464477539 236.8477554321289 285.80078125 236.8477554321289
285.8712463378906 168.5100555419922 334.6788444519043 168.5100555419922 334.6788444519043 236.37652587890625 285.8712463378906 236.37652587890625
286.0289001464844 168.1529083251953 333.88737869262695 168.1529083251953 333.88737869262695 236.63644409179688 286.0289001464844 236.63644409179688
285.816162109375 168.87997436523438 333.97956466674805 168.87997436523438 333.97956466674805 237.0905532836914 285.816162109375 237.0905532836914
285.90472412109375 169.52175903320312 333.90099334716797 169.52175903320312 333.90099334716797 237.03421020507812 285.90472412109375 237.03421020507812
286.4150390625 168.63436889648438 335.0490036010742 168.63436889648438 335.0490036010742 237.14866638183594 286.4150390625 237.14866638183594
287.0909118652344 170.10870361328125 335.7660102844238 170.10870361328125 335.7660102844238 237.55702209472656 287.0909118652344 237.55702209472656
287.5713806152344 169.37484741210938 336.47500228881836 169.37484741210938 336.47500228881836 237.8780975341797 287.5713806152344 237.8780975341797
288.81341552734375 169.2504425048828 337.3451957702637 169.2504425048828 337.3451957702637 236.74917602539062 288.81341552734375 236.74917602539062
289.5597229003906 169.3130645751953 338.58277130126953 169.3130645751953 338.58277130126953 237.50393676757812 289.5597229003906 237.50393676757812
291.4381103515625 169.16195678710938 339.84412002563477 169.16195678710938 339.84412002563477 236.4956817626953 291.4381103515625 236.4956817626953
292.36663818359375 169.12335205078125 340.55416107177734 169.12335205078125 340.55416107177734 235.67367553710938 292.36663818359375 235.67367553710938
292.61053466796875 168.64370727539062 340.82360076904297 168.64370727539062 340.82360076904297 236.3129119873047 292.61053466796875 236.3129119873047
293.8741149902344 168.38050842285156 341.4582214355469 168.38050842285156 341.4582214355469 235.6938247680664 293.8741149902344 235.6938247680664
293.97650146484375 169.30026245117188 341.05585861206055 169.30026245117188 341.05585861206055 234.96553802490234 293.97650146484375 234.96553802490234
293.71966552734375 169.47872924804688 341.10586166381836 169.47872924804688 341.10586166381836 235.00603485107422 293.71966552734375 235.00603485107422
293.82232666015625 169.0778045654297 341.0085144042969 169.0778045654297 341.0085144042969 234.45870971679688 293.82232666015625 234.45870971679688
293.38116455078125 167.7391815185547 341.54803466796875 167.7391815185547 341.54803466796875 235.13521575927734 293.38116455078125 235.13521575927734
293.2341003417969 167.33340454101562 343.35886001586914 167.33340454101562 343.35886001586914 236.41612243652344 293.2341003417969 236.41612243652344
292.1688537597656 167.18603515625 343.3654975891113 167.18603515625 343.3654975891113 235.96914672851562 292.1688537597656 235.96914672851562
290.4117736816406 165.98489379882812 342.2242736816406 165.98489379882812 342.2242736816406 235.06817626953125 290.4117736816406 235.06817626953125
290.3306884765625 164.0725860595703 341.80926513671875 164.0725860595703 341.80926513671875 233.25093841552734 290.3306884765625 233.25093841552734
289.85882568359375 163.6972198486328 340.6980514526367 163.6972198486328 340.6980514526367 234.42000579833984 289.85882568359375 234.42000579833984
290.12255859375 163.18466186523438 341.3252868652344 163.18466186523438 341.3252868652344 234.91907501220703 290.12255859375 234.91907501220703
288.74444580078125 162.62986755371094 341.93334197998047 162.62986755371094 341.93334197998047 236.17489624023438 288.74444580078125 236.17489624023438
291.2320556640625 164.9840087890625 344.77779388427734 164.9840087890625 344.77779388427734 236.37828063964844 291.2320556640625 236.37828063964844
289.796142578125 166.358154296875 343.47408294677734 166.358154296875 343.47408294677734 238.39918518066406 289.796142578125 238.39918518066406
288.0881042480469 164.74752807617188 341.7342338562012 164.74752807617188 341.7342338562012 239.69573211669922 288.0881042480469 239.69573211669922
288.7760314941406 165.58897399902344 340.890625 165.58897399902344 340.890625 239.71343994140625 288.7760314941406 239.71343994140625
289.716552734375 167.1029052734375 338.6351623535156 167.1029052734375 338.6351623535156 237.4052734375 289.716552734375 237.4052734375
290.6224365234375 166.62014770507812 338.3440399169922 166.62014770507812 338.3440399169922 237.0790023803711 290.6224365234375 237.0790023803711
290.50543212890625 167.84249877929688 338.021427154541 167.84249877929688 338.021427154541 235.74103546142578 290.50543212890625 235.74103546142578
290.46673583984375 168.20167541503906 337.4499282836914 168.20167541503906 337.4499282836914 235.46697998046875 290.46673583984375 235.46697998046875
290.26873779296875 167.83966064453125 337.4857864379883 167.83966064453125 337.4857864379883 235.0746612548828 290.26873779296875 235.0746612548828
290.1062316894531 168.58425903320312 337.16735076904297 168.58425903320312 337.16735076904297 234.9607391357422 290.1062316894531 234.9607391357422
290.15203857421875 168.4223175048828 337.0071830749512 168.4223175048828 337.0071830749512 234.90528106689453 290.15203857421875 234.90528106689453
289.4990234375 168.58424377441406 337.0863723754883 168.58424377441406 337.0863723754883 235.36607360839844 289.4990234375 235.36607360839844
289.4723815917969 168.6326904296875 336.9602470397949 168.6326904296875 336.9602470397949 235.57533264160156 289.4723815917969 235.57533264160156
289.7824401855469 168.23171997070312 336.9495506286621 168.23171997070312 336.9495506286621 235.6340103149414 289.7824401855469 235.6340103149414
289.88519287109375 168.56919860839844 336.79195404052734 168.56919860839844 336.79195404052734 235.27499389648438 289.88519287109375 235.27499389648438
289.68255615234375 168.46426391601562 336.9846420288086 168.46426391601562 336.9846420288086 235.5991973876953 289.68255615234375 235.5991973876953
289.8166198730469 168.77590942382812 336.78764724731445 168.77590942382812 336.78764724731445 235.19953155517578 289.8166198730469 235.19953155517578
289.936767578125 168.85740661621094 336.858585357666 168.85740661621094 336.858585357666 235.5232391357422 289.936767578125 235.5232391357422
289.71630859375 169.1939239501953 336.7462692260742 169.1939239501953 336.7462692260742 235.33480834960938 289.71630859375 235.33480834960938
290.12347412109375 168.813720703125 337.0377883911133 168.813720703125 337.0377883911133 236.0838165283203 290.12347412109375 236.0838165283203
290.3404235839844 169.35736083984375 337.01283264160156 169.35736083984375 337.01283264160156 236.26207733154297 290.3404235839844 236.26207733154297
290.5688171386719 169.38436889648438 337.3628730773926 169.38436889648438 337.3628730773926 235.98974609375 290.5688171386719 235.98974609375
291.11077880859375 169.5943145751953 337.86499786376953 169.5943145751953 337.86499786376953 236.0557632446289 291.11077880859375 236.0557632446289
290.83074951171875 170.19015502929688 338.25169372558594 170.19015502929688 338.25169372558594 235.7927703857422 290.83074951171875 235.7927703857422
291.6382141113281 170.0162353515625 338.1648368835449 170.0162353515625 338.1648368835449 235.7865982055664 291.6382141113281 235.7865982055664
291.6375427246094 169.6647186279297 338.6827621459961 169.6647186279297 338.6827621459961 236.04561614990234 291.6375427246094 236.04561614990234
291.5249328613281 170.06251525878906 338.6402893066406 170.06251525878906 338.6402893066406 235.91995239257812 291.5249328613281 235.91995239257812
292.20550537109375 170.0209503173828 338.89545822143555 170.0209503173828 338.89545822143555 236.09720611572266 292.20550537109375 236.09720611572266
292.1102294921875 169.9447021484375 338.71752166748047 169.9447021484375 338.71752166748047 236.30345153808594 292.1102294921875 236.30345153808594
292.28961181640625 169.7789306640625 339.163272857666 169.7789306640625 339.163272857666 236.56629943847656 292.28961181640625 236.56629943847656
293.1864929199219 170.0012664794922 338.90667724609375 170.0012664794922 338.90667724609375 235.96845245361328 293.1864929199219 235.96845245361328
293.0422058105469 170.17013549804688 339.15084075927734 170.17013549804688 339.15084075927734 236.2216567993164 293.0422058105469 236.2216567993164
293.1055603027344 170.2720947265625 339.63660430908203 170.2720947265625 339.63660430908203 236.41915130615234 293.1055603027344 236.41915130615234
293.0508728027344 170.17784118652344 339.696231842041 170.17784118652344 339.696231842041 235.8670883178711 293.0508728027344 235.8670883178711
293.2754211425781 170.65774536132812 339.3680725097656 170.65774536132812 339.3680725097656 235.96250915527344 293.2754211425781 235.96250915527344
293.8448181152344 170.59439086914062 339.9779243469238 170.59439086914062 339.9779243469238 236.12278747558594 293.8448181152344 236.12278747558594
293.72454833984375 170.69985961914062 339.9981460571289 170.69985961914062 339.9981460571289 236.3839340209961 293.72454833984375 236.3839340209961
294.051513671875 170.66604614257812 341.87604904174805 170.66604614257812 341.87604904174805 236.3465118408203 294.051513671875 236.3465118408203
294.266845703125 170.7843780517578 341.61328506469727 170.7843780517578 341.61328506469727 236.5445556640625 294.266845703125 236.5445556640625
293.29486083984375 170.5308837890625 340.66333770751953 170.5308837890625 340.66333770751953 236.9286346435547 293.29486083984375 236.9286346435547
293.5968322753906 170.7931671142578 340.2837142944336 170.7931671142578 340.2837142944336 236.55072021484375 293.5968322753906 236.55072021484375
293.71746826171875 170.6675567626953 340.2867546081543 170.6675567626953 340.2867546081543 236.49010467529297 293.71746826171875 236.49010467529297
293.7295837402344 170.92025756835938 340.6119613647461 170.92025756835938 340.6119613647461 237.2167205810547 293.7295837402344 237.2167205810547
293.9817810058594 171.30520629882812 340.4989356994629 171.30520629882812 340.4989356994629 236.79527282714844 293.9817810058594 236.79527282714844
295.2034606933594 171.11190795898438 341.68668365478516 171.11190795898438 341.68668365478516 236.3563995361328 295.2034606933594 236.3563995361328
293.94805908203125 171.05722045898438 340.1945495605469 171.05722045898438 340.1945495605469 236.82603454589844 293.94805908203125 236.82603454589844
293.980712890625 170.9455108642578 340.0587730407715 170.9455108642578 340.0587730407715 236.6341552734375 293.980712890625 236.6341552734375
294.01580810546875 170.84432983398438 340.1827621459961 170.84432983398438 340.1827621459961 236.5701904296875 294.01580810546875 236.5701904296875
294.2667236328125 170.8655548095703 340.58690643310547 170.8655548095703 340.58690643310547 237.03182983398438 294.2667236328125 237.03182983398438
293.9190368652344 170.42294311523438 340.6929740905762 170.42294311523438 340.6929740905762 236.44944763183594 293.9190368652344 236.44944763183594
294.0101013183594 170.73648071289062 340.8519706726074 170.73648071289062 340.8519706726074 236.61392211914062 294.0101013183594 236.61392211914062
294.18804931640625 170.80764770507812 341.2449722290039 170.80764770507812 341.2449722290039 236.65717315673828 294.18804931640625 236.65717315673828
294.1236267089844 171.3939666748047 340.9916114807129 171.3939666748047 340.9916114807129 236.45294952392578 294.1236267089844 236.45294952392578
294.0142517089844 170.99114990234375 341.47672271728516 170.99114990234375 341.47672271728516 236.8775405883789 294.0142517089844 236.8775405883789
294.39453125 171.1721649169922 341.5257263183594 171.1721649169922 341.5257263183594 236.76931762695312 294.39453125 236.76931762695312
294.2409362792969 171.36300659179688 341.666748046875 171.36300659179688 341.666748046875 236.63678741455078 294.2409362792969 236.63678741455078
294.1543273925781 171.61911010742188 341.5294075012207 171.61911010742188 341.5294075012207 236.83938598632812 294.1543273925781 236.83938598632812
294.1582946777344 171.55929565429688 341.3279342651367 171.55929565429688 341.3279342651367 236.5894317626953 294.1582946777344 236.5894317626953
294.4675598144531 171.9038848876953 341.48421478271484 171.9038848876953 341.48421478271484 236.8943862915039 294.4675598144531 236.8943862915039
294.58154296875 171.35275268554688 341.1267852783203 171.35275268554688 341.1267852783203 236.9605712890625 294.58154296875 236.9605712890625
294.3880920410156 171.68934631347656 341.00732040405273 171.68934631347656 341.00732040405273 237.42290496826172 294.3880920410156 237.42290496826172
291.86431884765625 170.0699920654297 340.4726867675781 170.0699920654297 340.4726867675781 236.93283081054688 291.86431884765625 236.93283081054688
290.71722412109375 170.3782196044922 341.0794677734375 170.3782196044922 341.0794677734375 238.40142822265625 290.71722412109375 238.40142822265625
290.6553039550781 168.81320190429688 341.01784896850586 168.81320190429688 341.01784896850586 236.82675170898438 290.6553039550781 236.82675170898438
289.9885559082031 169.10299682617188 340.9671401977539 169.10299682617188 340.9671401977539 237.0743637084961 289.9885559082031 237.0743637084961
286.8286437988281 168.5432586669922 338.7245407104492 168.5432586669922 338.7245407104492 237.23995208740234 286.8286437988281 237.23995208740234
284.6772155761719 171.34600830078125 336.2893486022949 171.34600830078125 336.2893486022949 240.16210174560547 284.6772155761719 240.16210174560547
286.44976806640625 171.6860809326172 337.6748580932617 171.6860809326172 337.6748580932617 239.98611450195312 286.44976806640625 239.98611450195312
286.58477783203125 170.79615783691406 338.1778144836426 170.79615783691406 338.1778144836426 239.58677673339844 286.58477783203125 239.58677673339844
286.72552490234375 170.00241088867188 338.4934768676758 170.00241088867188 338.4934768676758 239.02623748779297 286.72552490234375 239.02623748779297
284.2839660644531 168.96966552734375 336.416259765625 168.96966552734375 336.416259765625 237.84930419921875 284.2839660644531 237.84930419921875
282.69915771484375 167.10589599609375 333.12659072875977 167.10589599609375 333.12659072875977 236.17215728759766 282.69915771484375 236.17215728759766
282.92822265625 166.365966796875 333.0893020629883 166.365966796875 333.0893020629883 236.20506286621094 282.92822265625 236.20506286621094
283.2509765625 167.28182983398438 334.76359939575195 167.28182983398438 334.76359939575195 235.2748565673828 283.2509765625 235.2748565673828
283.90972900390625 167.16085815429688 334.02269744873047 167.16085815429688 334.02269744873047 234.3689727783203 283.90972900390625 234.3689727783203
283.91168212890625 165.7165985107422 333.86610412597656 165.7165985107422 333.86610412597656 232.41732788085938 283.91168212890625 232.41732788085938
284.03399658203125 165.62704467773438 333.5618896484375 165.62704467773438 333.5618896484375 232.9858169555664 284.03399658203125 232.9858169555664
284.4947814941406 165.779052734375 333.8975067138672 165.779052734375 333.8975067138672 232.49195861816406 284.4947814941406 232.49195861816406
284.6161193847656 165.05958557128906 333.0455665588379 165.05958557128906 333.0455665588379 232.20348358154297 284.6161193847656 232.20348358154297
284.7218933105469 165.44546508789062 333.27539443969727 165.44546508789062 333.27539443969727 232.5758514404297 284.7218933105469 232.5758514404297
285.167724609375 164.70457458496094 333.81192779541016 164.70457458496094 333.81192779541016 231.23213958740234 285.167724609375 231.23213958740234
285.505126953125 165.86349487304688 333.6771125793457 165.86349487304688 333.6771125793457 231.47415924072266 285.505126953125 231.47415924072266
285.5299987792969 166.24119567871094 333.13537979125977 166.24119567871094 333.13537979125977 231.55670928955078 285.5299987792969 231.55670928955078
285.4577941894531 166.151611328125 333.73633193969727 166.151611328125 333.73633193969727 232.45194244384766 285.4577941894531 232.45194244384766
285.51580810546875 165.6443634033203 333.5371627807617 165.6443634033203 333.5371627807617 232.2863540649414 285.51580810546875 232.2863540649414
285.27386474609375 165.63803100585938 333.70677947998047 165.63803100585938 333.70677947998047 231.68606567382812 285.27386474609375 231.68606567382812
285.4964904785156 165.94830322265625 333.71790313720703 165.94830322265625 333.71790313720703 232.33087921142578 285.4964904785156 232.33087921142578
285.45172119140625 166.3528594970703 333.78292083740234 166.3528594970703 333.78292083740234 233.4186019897461 285.45172119140625 233.4186019897461
285.3702392578125 165.57855224609375 334.3347969055176 165.57855224609375 334.3347969055176 232.38304901123047 285.3702392578125 232.38304901123047
285.4390563964844 166.09341430664062 333.6492233276367 166.09341430664062 333.6492233276367 234.16807556152344 285.4390563964844 234.16807556152344
285.35528564453125 165.98471069335938 333.91316986083984 165.98471069335938 333.91316986083984 233.0750503540039 285.35528564453125 233.0750503540039
285.4647521972656 166.2698974609375 334.29833221435547 166.2698974609375 334.29833221435547 234.26515197753906 285.4647521972656 234.26515197753906
285.8194885253906 166.16876220703125 334.6736717224121 166.16876220703125 334.6736717224121 233.23719787597656 285.8194885253906 233.23719787597656
285.7064208984375 165.9082489013672 334.76972579956055 165.9082489013672 334.76972579956055 233.42115020751953 285.7064208984375 233.42115020751953
285.29827880859375 164.9932098388672 334.5801010131836 164.9932098388672 334.5801010131836 232.3938751220703 285.29827880859375 232.3938751220703
285.4112854003906 166.06085205078125 334.9726448059082 166.06085205078125 334.9726448059082 234.1192626953125 285.4112854003906 234.1192626953125
285.642333984375 166.08441162109375 334.9467582702637 166.08441162109375 334.9467582702637 233.72628021240234 285.642333984375 233.72628021240234
284.39825439453125 166.56675720214844 334.5723190307617 166.56675720214844 334.5723190307617 235.23223876953125 284.39825439453125 235.23223876953125
283.1983947753906 165.67813110351562 335.2149658203125 165.67813110351562 335.2149658203125 236.8234100341797 283.1983947753906 236.8234100341797
282.3140869140625 164.58241271972656 334.1820182800293 164.58241271972656 334.1820182800293 238.67355346679688 282.3140869140625 238.67355346679688
282.21685791015625 163.21078491210938 333.9946060180664 163.21078491210938 333.9946060180664 237.48895263671875 282.21685791015625 237.48895263671875
282.91949462890625 163.9189910888672 335.2358093261719 163.9189910888672 335.2358093261719 236.31775665283203 282.91949462890625 236.31775665283203
283.42572021484375 164.90701293945312 336.0110969543457 164.90701293945312 336.0110969543457 233.67279815673828 283.42572021484375 233.67279815673828
284.3930969238281 165.68289184570312 336.5088806152344 165.68289184570312 336.5088806152344 232.36121368408203 284.3930969238281 232.36121368408203
285.4272766113281 165.00784301757812 337.1784248352051 165.00784301757812 337.1784248352051 232.8186798095703 285.4272766113281 232.8186798095703
286.01715087890625 164.31814575195312 337.5744857788086 164.31814575195312 337.5744857788086 233.55838012695312 286.01715087890625 233.55838012695312
288.5053405761719 165.3093719482422 338.5843925476074 165.3093719482422 338.5843925476074 233.19009399414062 288.5053405761719 233.19009399414062
289.01031494140625 166.00889587402344 338.7381401062012 166.00889587402344 338.7381401062012 232.51924896240234 289.01031494140625 232.51924896240234
289.1980895996094 166.50657653808594 339.58051681518555 166.50657653808594 339.58051681518555 233.8128890991211 289.1980895996094 233.8128890991211
292.330078125 166.9488525390625 342.4891891479492 166.9488525390625 342.4891891479492 234.55591583251953 292.330078125 234.55591583251953
290.5943603515625 166.91299438476562 340.59667205810547 166.91299438476562 340.59667205810547 233.61447143554688 290.5943603515625 233.61447143554688
290.6588134765625 167.4420928955078 341.29972076416016 167.4420928955078 341.29972076416016 234.25920867919922 290.6588134765625 234.25920867919922
291.75225830078125 168.13119506835938 340.97399139404297 168.13119506835938 340.97399139404297 234.39258575439453 291.75225830078125 234.39258575439453
291.53619384765625 168.35379028320312 341.31090927124023 168.35379028320312 341.31090927124023 234.7800750732422 291.53619384765625 234.7800750732422
291.8468017578125 167.86573791503906 341.3443069458008 167.86573791503906 341.3443069458008 234.91357421875 291.8468017578125 234.91357421875
292.2577819824219 168.24717712402344 341.2547073364258 168.24717712402344 341.2547073364258 235.2326431274414 292.2577819824219 235.2326431274414
292.9732666015625 168.55078125 341.07202911376953 168.55078125 341.07202911376953 234.98614501953125 292.9732666015625 234.98614501953125
292.1959228515625 168.82931518554688 341.3221969604492 168.82931518554688 341.3221969604492 235.17892456054688 292.1959228515625 235.17892456054688
293.81585693359375 168.630126953125 342.81285858154297 168.630126953125 342.81285858154297 234.70796966552734 293.81585693359375 234.70796966552734
293.2846984863281 169.2064971923828 341.6656036376953 169.2064971923828 341.6656036376953 234.6148452758789 293.2846984863281 234.6148452758789
292.97564697265625 168.88748168945312 341.62513732910156 168.88748168945312 341.62513732910156 234.9160614013672 292.97564697265625 234.9160614013672
293.48345947265625 168.5829315185547 341.9806137084961 168.5829315185547 341.9806137084961 234.9059295654297 293.48345947265625 234.9059295654297
292.951416015625 168.29776000976562 342.1581497192383 168.29776000976562 342.1581497192383 234.95885467529297 292.951416015625 234.95885467529297
293.48870849609375 168.27684020996094 342.25553131103516 168.27684020996094 342.25553131103516 234.9107437133789 293.48870849609375 234.9107437133789
293.7493591308594 168.21762084960938 342.1540412902832 168.21762084960938 342.1540412902832 234.54254913330078 293.7493591308594 234.54254913330078
293.76092529296875 168.4549560546875 342.07934188842773 168.4549560546875 342.07934188842773 234.84558868408203 293.76092529296875 234.84558868408203
294.06878662109375 168.45443725585938 341.9458351135254 168.45443725585938 341.9458351135254 234.91871643066406 294.06878662109375 234.91871643066406
295.07781982421875 168.86810302734375 343.7437858581543 168.86810302734375 343.7437858581543 234.60160064697266 295.07781982421875 234.60160064697266
294.28021240234375 169.0719757080078 341.81575775146484 169.0719757080078 341.81575775146484 234.11486053466797 294.28021240234375 234.11486053466797
294.18310546875 168.934814453125 342.02779388427734 168.934814453125 342.02779388427734 234.47122955322266 294.18310546875 234.47122955322266
294.0486145019531 168.72291564941406 342.28845596313477 168.72291564941406 342.28845596313477 234.6382598876953 294.0486145019531 234.6382598876953
294.095947265625 168.50390625 342.6154670715332 168.50390625 342.6154670715332 234.75758361816406 294.095947265625 234.75758361816406
294.79302978515625 169.3471221923828 342.16167068481445 169.3471221923828 342.16167068481445 234.87405395507812 294.79302978515625 234.87405395507812
294.2334899902344 168.8603057861328 342.76798248291016 168.8603057861328 342.76798248291016 234.71951293945312 294.2334899902344 234.71951293945312
294.52490234375 169.50201416015625 342.168514251709 169.50201416015625 342.168514251709 235.21794891357422 294.52490234375 235.21794891357422
294.50848388671875 169.47769165039062 342.15097427368164 169.47769165039062 342.15097427368164 234.83123779296875 294.50848388671875 234.83123779296875
294.87017822265625 169.58584594726562 341.6557083129883 169.58584594726562 341.6557083129883 234.4626922607422 294.87017822265625 234.4626922607422
293.94488525390625 169.718017578125 341.2959899902344 169.718017578125 341.2959899902344 235.0693817138672 293.94488525390625 235.0693817138672
293.34503173828125 169.8177032470703 341.0443649291992 169.8177032470703 341.0443649291992 236.0220718383789 293.34503173828125 236.0220718383789
293.60601806640625 169.83358764648438 340.5175094604492 169.83358764648438 340.5175094604492 235.30049896240234 293.60601806640625 235.30049896240234
293.88153076171875 169.85997009277344 340.4021186828613 169.85997009277344 340.4021186828613 235.53558349609375 293.88153076171875 235.53558349609375
293.32000732421875 170.25167846679688 339.9009780883789 170.25167846679688 339.9009780883789 235.68472290039062 293.32000732421875 235.68472290039062
293.68511962890625 170.3556671142578 339.7938919067383 170.3556671142578 339.7938919067383 235.51382446289062 293.68511962890625 235.51382446289062
293.1325378417969 170.3890380859375 339.90431213378906 170.3890380859375 339.90431213378906 236.3709259033203 293.1325378417969 236.3709259033203
293.7774963378906 170.3770751953125 340.99027252197266 170.3770751953125 340.99027252197266 236.1422882080078 293.7774963378906 236.1422882080078
293.203125 170.33749389648438 339.98399353027344 170.33749389648438 339.98399353027344 236.19839477539062 293.203125 236.19839477539062
292.73370361328125 169.89678955078125 340.19478607177734 169.89678955078125 340.19478607177734 236.56085968017578 292.73370361328125 236.56085968017578
292.92095947265625 170.78671264648438 339.44791412353516 170.78671264648438 339.44791412353516 235.91172790527344 292.92095947265625 235.91172790527344
292.68328857421875 170.2405242919922 339.3300323486328 170.2405242919922 339.3300323486328 235.6126708984375 292.68328857421875 235.6126708984375
292.7090759277344 170.82830810546875 339.0510063171387 170.82830810546875 339.0510063171387 235.6199493408203 292.7090759277344 235.6199493408203
292.8017578125 170.50540161132812 338.7972602844238 170.50540161132812 338.7972602844238 235.70689392089844 292.8017578125 235.70689392089844
292.43634033203125 170.73941040039062 338.9750213623047 170.73941040039062 338.9750213623047 235.4309844970703 292.43634033203125 235.4309844970703
292.25225830078125 170.09426879882812 338.89002227783203 170.09426879882812 338.89002227783203 235.8109588623047 292.25225830078125 235.8109588623047
291.66204833984375 170.28750610351562 338.85086822509766 170.28750610351562 338.85086822509766 236.48316192626953 291.66204833984375 236.48316192626953
291.55780029296875 169.8611297607422 338.9500198364258 169.8611297607422 338.9500198364258 236.7965850830078 291.55780029296875 236.7965850830078
291.79193115234375 169.81651306152344 338.7531318664551 169.81651306152344 338.7531318664551 235.96509552001953 291.79193115234375 235.96509552001953
291.88836669921875 169.64950561523438 339.26091384887695 169.64950561523438 339.26091384887695 235.92088317871094 291.88836669921875 235.92088317871094
292.1123962402344 169.76797485351562 338.9660224914551 169.76797485351562 338.9660224914551 236.17377471923828 292.1123962402344 236.17377471923828
291.72357177734375 170.01962280273438 339.1923408508301 170.01962280273438 339.1923408508301 235.9969024658203 291.72357177734375 235.9969024658203
291.614990234375 169.94252014160156 339.3090133666992 169.94252014160156 339.3090133666992 236.45884704589844 291.614990234375 236.45884704589844
291.92803955078125 170.3132781982422 339.58570098876953 170.3132781982422 339.58570098876953 237.01537322998047 291.92803955078125 237.01537322998047
292.2351989746094 169.9037628173828 339.51258087158203 169.9037628173828 339.51258087158203 236.8001251220703 292.2351989746094 236.8001251220703
292.21856689453125 169.79214477539062 339.56573486328125 169.79214477539062 339.56573486328125 236.8032989501953 292.21856689453125 236.8032989501953
292.32220458984375 169.81564331054688 339.67394638061523 169.81564331054688 339.67394638061523 236.95665740966797 292.32220458984375 236.95665740966797
292.2648620605469 169.33755493164062 340.0660171508789 169.33755493164062 340.0660171508789 236.17845916748047 292.2648620605469 236.17845916748047
291.6903381347656 170.28598022460938 340.12021255493164 170.28598022460938 340.12021255493164 235.54393005371094 291.6903381347656 235.54393005371094
292.83831787109375 169.82723999023438 340.0783233642578 169.82723999023438 340.0783233642578 235.36318969726562 292.83831787109375 235.36318969726562
292.7505798339844 169.9440460205078 340.3439712524414 169.9440460205078 340.3439712524414 235.04534912109375 292.7505798339844 235.04534912109375
292.44403076171875 169.57569885253906 340.214168548584 169.57569885253906 340.214168548584 235.01696014404297 292.44403076171875 235.01696014404297
292.9486083984375 170.1947784423828 340.21845626831055 170.1947784423828 340.21845626831055 234.90579986572266 292.9486083984375 234.90579986572266
291.96026611328125 169.712646484375 340.2286796569824 169.712646484375 340.2286796569824 235.0244598388672 291.96026611328125 235.0244598388672
291.5347900390625 169.33438110351562 340.86103439331055 169.33438110351562 340.86103439331055 235.42359161376953 291.5347900390625 235.42359161376953
292.3526916503906 169.6166229248047 341.26512908935547 169.6166229248047 341.26512908935547 236.29908752441406 292.3526916503906 236.29908752441406
291.99481201171875 168.76992797851562 340.6479949951172 168.76992797851562 340.6479949951172 235.51093292236328 291.99481201171875 235.51093292236328
292.04180908203125 168.82920837402344 340.6422653198242 168.82920837402344 340.6422653198242 235.87298583984375 292.04180908203125 235.87298583984375
293.025390625 169.45355224609375 342.32385635375977 169.45355224609375 342.32385635375977 236.5357894897461 293.025390625 236.5357894897461
292.2734375 169.51185607910156 340.79684829711914 169.51185607910156 340.79684829711914 236.40351104736328 292.2734375 236.40351104736328
294.00592041015625 169.40342712402344 342.9721450805664 169.40342712402344 342.9721450805664 236.4235076904297 294.00592041015625 236.4235076904297
292.8935546875 170.11349487304688 341.59296798706055 170.11349487304688 341.59296798706055 236.86709594726562 292.8935546875 236.86709594726562
292.46917724609375 170.0277557373047 340.946533203125 170.0277557373047 340.946533203125 236.6020050048828 292.46917724609375 236.6020050048828
292.5722961425781 169.96542358398438 340.9744987487793 169.96542358398438 340.9744987487793 237.2647247314453 292.5722961425781 237.2647247314453
293.0074462890625 170.18894958496094 341.5169792175293 170.18894958496094 341.5169792175293 237.4051284790039 293.0074462890625 237.4051284790039
294.33123779296875 171.02371215820312 341.87145233154297 171.02371215820312 341.87145233154297 237.5828094482422 294.33123779296875 237.5828094482422
294.63458251953125 171.009521484375 342.4425354003906 171.009521484375 342.4425354003906 237.7169418334961 294.63458251953125 237.7169418334961
294.6238708496094 171.87767028808594 342.93761444091797 171.87767028808594 342.93761444091797 237.95147705078125 294.6238708496094 237.95147705078125
294.6746826171875 171.7775421142578 342.9696044921875 171.7775421142578 342.9696044921875 237.91582489013672 294.6746826171875 237.91582489013672
295.9289855957031 172.26083374023438 343.379207611084 172.26083374023438 343.379207611084 237.55962371826172 295.9289855957031 237.55962371826172
296.2845153808594 172.43310546875 344.1690444946289 172.43310546875 344.1690444946289 237.66246032714844 296.2845153808594 237.66246032714844
296.89642333984375 172.79019165039062 344.31494903564453 172.79019165039062 344.31494903564453 237.46886444091797 296.89642333984375 237.46886444091797
297.5927734375 173.3544464111328 345.3492431640625 173.3544464111328 345.3492431640625 237.8046417236328 297.5927734375 237.8046417236328
298.25726318359375 173.2284698486328 345.73646545410156 173.2284698486328 345.73646545410156 238.09017944335938 298.25726318359375 238.09017944335938
298.56695556640625 173.75155639648438 346.10132598876953 173.75155639648438 346.10132598876953 238.24317169189453 298.56695556640625 238.24317169189453
299.28790283203125 174.2203369140625 348.1440200805664 174.2203369140625 348.1440200805664 239.6457061767578 299.28790283203125 239.6457061767578
300.39361572265625 174.3172607421875 349.15631103515625 174.3172607421875 349.15631103515625 239.9325714111328 300.39361572265625 239.9325714111328
301.1612243652344 175.37928771972656 350.5343551635742 175.37928771972656 350.5343551635742 240.17742919921875 301.1612243652344 240.17742919921875
302.541748046875 175.1424560546875 351.21610260009766 175.1424560546875 351.21610260009766 239.49877166748047 302.541748046875 239.49877166748047
304.1309509277344 174.64767456054688 353.65788650512695 174.64767456054688 353.65788650512695 239.82067108154297 304.1309509277344 239.82067108154297
308.19366455078125 172.9832000732422 357.231502532959 172.9832000732422 357.231502532959 238.21772003173828 308.19366455078125 238.21772003173828
310.61114501953125 169.3707733154297 359.578125 169.3707733154297 359.578125 236.63558959960938 310.61114501953125 236.63558959960938
312.10565185546875 167.5009002685547 360.53736114501953 167.5009002685547 360.53736114501953 235.6483612060547 312.10565185546875 235.6483612060547
313.58697509765625 164.43946838378906 360.87621688842773 164.43946838378906 360.87621688842773 234.14617156982422 313.58697509765625 234.14617156982422
314.9686584472656 163.05484008789062 363.76830673217773 163.05484008789062 363.76830673217773 231.6112823486328 314.9686584472656 231.6112823486328
316.2877502441406 158.3583526611328 363.1001091003418 158.3583526611328 363.1001091003418 226.76631927490234 316.2877502441406 226.76631927490234
317.69671630859375 155.07861328125 366.0411911010742 155.07861328125 366.0411911010742 223.57391357421875 317.69671630859375 223.57391357421875
318.58038330078125 155.2638397216797 367.95229721069336 155.2638397216797 367.95229721069336 224.22338104248047 318.58038330078125 224.22338104248047
319.11688232421875 152.98760986328125 369.5298080444336 152.98760986328125 369.5298080444336 222.0619354248047 319.11688232421875 222.0619354248047
320.3587341308594 150.29811096191406 371.2492790222168 150.29811096191406 371.2492790222168 218.1519775390625 320.3587341308594 218.1519775390625
320.33697509765625 147.01499938964844 371.46109771728516 147.01499938964844 371.46109771728516 216.95211029052734 320.33697509765625 216.95211029052734
320.1976623535156 143.4727325439453 372.2980842590332 143.4727325439453 372.2980842590332 214.77688598632812 320.1976623535156 214.77688598632812
320.96612548828125 141.1212615966797 371.8689956665039 141.1212615966797 371.8689956665039 212.18675231933594 320.96612548828125 212.18675231933594
321.914794921875 140.89231872558594 373.1622200012207 140.89231872558594 373.1622200012207 209.22203826904297 321.914794921875 209.22203826904297
319.8085021972656 134.89730834960938 371.31538009643555 134.89730834960938 371.31538009643555 203.57295989990234 319.8085021972656 203.57295989990234
320.28411865234375 135.9335174560547 370.9307975769043 135.9335174560547 370.9307975769043 205.16177368164062 320.28411865234375 205.16177368164062
320.6971435546875 133.77407836914062 371.58780670166016 133.77407836914062 371.58780670166016 201.62811279296875 320.6971435546875 201.62811279296875
318.4002685546875 130.28427124023438 369.63817596435547 130.28427124023438 369.63817596435547 198.60130310058594 318.4002685546875 198.60130310058594
319.8954162597656 129.3794403076172 371.29773712158203 129.3794403076172 371.29773712158203 197.91568756103516 319.8954162597656 197.91568756103516
318.55926513671875 127.6279525756836 370.4936714172363 127.6279525756836 370.4936714172363 196.87364196777344 318.55926513671875 196.87364196777344
319.966064453125 125.00056457519531 370.68617248535156 125.00056457519531 370.68617248535156 194.53667449951172 319.966064453125 194.53667449951172
317.59930419921875 123.3798828125 369.2256088256836 123.3798828125 369.2256088256836 192.2147674560547 317.59930419921875 192.2147674560547
318.78155517578125 121.64302062988281 370.4957809448242 121.64302062988281 370.4957809448242 190.59513092041016 318.78155517578125 190.59513092041016
319.03814697265625 118.34525299072266 371.2247085571289 118.34525299072266 371.2247085571289 187.9271469116211 319.03814697265625 187.9271469116211
320.44073486328125 119.7091064453125 372.09940338134766 119.7091064453125 372.09940338134766 188.5871353149414 320.44073486328125 188.5871353149414
318.7629699707031 116.91986083984375 370.8621520996094 116.91986083984375 370.8621520996094 186.38523864746094 318.7629699707031 186.38523864746094
320.1011047363281 115.39314270019531 371.8799629211426 115.39314270019531 371.8799629211426 184.4314193725586 320.1011047363281 184.4314193725586
319.6061096191406 115.2849349975586 371.2636032104492 115.2849349975586 371.2636032104492 184.16139221191406 319.6061096191406 184.16139221191406
319.8301696777344 113.67787170410156 370.90128326416016 113.67787170410156 370.90128326416016 181.77249145507812 319.8301696777344 181.77249145507812
320.6189270019531 112.47232818603516 371.9112014770508 112.47232818603516 371.9112014770508 180.86182403564453 320.6189270019531 180.86182403564453
320.5858459472656 112.7316665649414 372.1164741516113 112.7316665649414 372.1164741516113 181.43895721435547 320.5858459472656 181.43895721435547
320.9081726074219 113.03304290771484 371.6244888305664 113.03304290771484 371.6244888305664 180.65459442138672 320.9081726074219 180.65459442138672
320.15570068359375 112.2171401977539 371.5528869628906 112.2171401977539 371.5528869628906 180.74651336669922 320.15570068359375 180.74651336669922
319.6850280761719 110.89730072021484 371.3258361816406 110.89730072021484 371.3258361816406 179.75150299072266 319.6850280761719 179.75150299072266
318.6156005859375 113.5108642578125 370.6155471801758 113.5108642578125 370.6155471801758 182.8439178466797 318.6156005859375 182.8439178466797
319.5089111328125 115.16146087646484 371.87500762939453 115.16146087646484 371.87500762939453 184.98270416259766 319.5089111328125 184.98270416259766
319.96917724609375 115.38542175292969 373.07158279418945 115.38542175292969 373.07158279418945 186.18841552734375 319.96917724609375 186.18841552734375
319.77935791015625 115.81785583496094 372.5906066894531 115.81785583496094 372.5906066894531 186.23263549804688 319.77935791015625 186.23263549804688
317.80584716796875 116.7330093383789 371.04266357421875 116.7330093383789 371.04266357421875 187.7152099609375 317.80584716796875 187.7152099609375
317.0538024902344 116.29585266113281 370.5041313171387 116.29585266113281 370.5041313171387 187.56273651123047 317.0538024902344 187.56273651123047
315.7424011230469 116.6396484375 369.25787353515625 116.6396484375 369.25787353515625 187.9933853149414 315.7424011230469 187.9933853149414
316.4082336425781 117.70881652832031 370.4568977355957 117.70881652832031 370.4568977355957 189.77346801757812 316.4082336425781 189.77346801757812
315.32666015625 118.52330017089844 367.93621826171875 118.52330017089844 367.93621826171875 191.96979522705078 315.32666015625 191.96979522705078
314.1871337890625 117.67967224121094 367.4131393432617 117.67967224121094 367.4131393432617 190.49755859375 314.1871337890625 190.49755859375
312.5503234863281 118.26570129394531 366.1700248718262 118.26570129394531 366.1700248718262 192.6053237915039 312.5503234863281 192.6053237915039
311.49407958984375 117.74586486816406 364.66390228271484 117.74586486816406 364.66390228271484 191.57965087890625 311.49407958984375 191.57965087890625
312.74334716796875 117.65785217285156 366.23784255981445 117.65785217285156 366.23784255981445 189.98687744140625 312.74334716796875 189.98687744140625
312.7276306152344 117.8382339477539 365.56538009643555 117.8382339477539 365.56538009643555 189.03269958496094 312.7276306152344 189.03269958496094
309.01531982421875 121.7462158203125 361.71699142456055 121.7462158203125 361.71699142456055 192.96920013427734 309.01531982421875 192.96920013427734
310.7476806640625 119.72013854980469 363.3248291015625 119.72013854980469 363.3248291015625 189.83128356933594 310.7476806640625 189.83128356933594
308.6257019042969 119.7366943359375 361.6912307739258 119.7366943359375 361.6912307739258 190.0810546875 308.6257019042969 190.0810546875
306.4842224121094 120.27363586425781 359.83697509765625 120.27363586425781 359.83697509765625 190.47569274902344 306.4842224121094 190.47569274902344
306.99273681640625 121.3901596069336 359.3115234375 121.3901596069336 359.3115234375 189.6344757080078 306.99273681640625 189.6344757080078
306.62359619140625 120.29948425292969 358.8159713745117 120.29948425292969 358.8159713745117 188.16714477539062 306.62359619140625 188.16714477539062
307.33001708984375 119.79643249511719 359.61359786987305 119.79643249511719 359.61359786987305 188.56916046142578 307.33001708984375 188.56916046142578
305.0013427734375 118.70155334472656 358.4868965148926 118.70155334472656 358.4868965148926 187.9839096069336 305.0013427734375 187.9839096069336
303.3301696777344 120.2870101928711 357.03453826904297 120.2870101928711 357.03453826904297 189.20218658447266 303.3301696777344 189.20218658447266
303.8973388671875 120.755126953125 358.4198417663574 120.755126953125 358.4198417663574 189.60620880126953 303.8973388671875 189.60620880126953
302.79571533203125 121.12294006347656 356.3853530883789 121.12294006347656 356.3853530883789 189.40531158447266 302.79571533203125 189.40531158447266
303.78131103515625 120.23931884765625 358.0366516113281 120.23931884765625 358.0366516113281 189.7589111328125 303.78131103515625 189.7589111328125
301.2344055175781 120.79179382324219 355.8579635620117 120.79179382324219 355.8579635620117 189.78579711914062 301.2344055175781 189.78579711914062
300.5090637207031 122.6367416381836 354.5583686828613 122.6367416381836 354.5583686828613 189.08124542236328 300.5090637207031 189.08124542236328
300.4610290527344 122.59016418457031 354.01769256591797 122.59016418457031 354.01769256591797 188.60301971435547 300.4610290527344 188.60301971435547
299.680419921875 123.5062026977539 353.03897857666016 123.5062026977539 353.03897857666016 188.68682861328125 299.680419921875 188.68682861328125
299.4937438964844 124.34989929199219 352.288330078125 124.34989929199219 352.288330078125 188.83721923828125 299.4937438964844 188.83721923828125
298.50946044921875 125.62934875488281 351.1604537963867 125.62934875488281 351.1604537963867 190.01201629638672 298.50946044921875 190.01201629638672
298.2288818359375 125.05015563964844 350.2004814147949 125.05015563964844 350.2004814147949 188.81280136108398 298.2288818359375 188.81280136108398
297.20654296875 126.52264404296875 348.75276947021484 126.52264404296875 348.75276947021484 188.2128791809082 297.20654296875 188.2128791809082
297.3318176269531 125.83785247802734 348.96648025512695 125.83785247802734 348.96648025512695 187.93804931640625 297.3318176269531 187.93804931640625
296.1856384277344 127.0652084350586 347.3796920776367 127.0652084350586 347.3796920776367 188.31357955932617 296.1856384277344 188.31357955932617
295.27801513671875 128.13717651367188 345.6884765625 128.13717651367188 345.6884765625 188.84312057495117 295.27801513671875 188.84312057495117
294.5287780761719 128.44680786132812 344.6827964782715 128.44680786132812 344.6827964782715 189.99901580810547 294.5287780761719 189.99901580810547
293.38214111328125 128.82276916503906 344.4765625 128.82276916503906 344.4765625 190.23634338378906 293.38214111328125 190.23634338378906
292.8555603027344 129.430908203125 342.29882049560547 129.430908203125 342.29882049560547 189.82929611206055 292.8555603027344 189.82929611206055
291.85577392578125 130.1217803955078 341.9795455932617 130.1217803955078 341.9795455932617 190.35998916625977 291.85577392578125 190.35998916625977
290.4368591308594 131.51473999023438 341.0194511413574 131.51473999023438 341.0194511413574 190.87294387817383 290.4368591308594 190.87294387817383
289.31988525390625 132.1601104736328 337.8768119812012 132.1601104736328 337.8768119812012 190.74989318847656 289.31988525390625 190.74989318847656
288.63104248046875 131.15208435058594 337.5274848937988 131.15208435058594 337.5274848937988 189.34427642822266 288.63104248046875 189.34427642822266
287.3636779785156 131.5858612060547 336.30896759033203 131.5858612060547 336.30896759033203 190.47874450683594 287.3636779785156 190.47874450683594
286.7305603027344 131.515869140625 335.7313461303711 131.515869140625 335.7313461303711 189.87610626220703 286.7305603027344 189.87610626220703
285.81219482421875 132.7840576171875 335.05700302124023 132.7840576171875 335.05700302124023 190.88835906982422 285.81219482421875 190.88835906982422
285.40899658203125 133.20298767089844 334.92195892333984 133.20298767089844 334.92195892333984 190.4833221435547 285.40899658203125 190.4833221435547
284.81536865234375 132.4839630126953 334.720703125 132.4839630126953 334.720703125 190.73307037353516 284.81536865234375 190.73307037353516
284.2912292480469 133.10752868652344 334.45886611938477 133.10752868652344 334.45886611938477 192.14318084716797 284.2912292480469 192.14318084716797
283.36285400390625 132.8979034423828 333.21012115478516 132.8979034423828 333.21012115478516 191.68680572509766 283.36285400390625 191.68680572509766
283.9972229003906 132.90798950195312 334.1584053039551 132.90798950195312 334.1584053039551 190.68838500976562 283.9972229003906 190.68838500976562
283.881591796875 132.98892211914062 333.4564514160156 132.98892211914062 333.4564514160156 190.16240692138672 283.881591796875 190.16240692138672
283.1348571777344 133.0021514892578 332.7186965942383 133.0021514892578 332.7186965942383 189.74333953857422 283.1348571777344 189.74333953857422
284.6451721191406 132.2347869873047 334.1197090148926 132.2347869873047 334.1197090148926 189.01917266845703 284.6451721191406 189.01917266845703
283.76177978515625 131.23028564453125 333.3492546081543 131.23028564453125 333.3492546081543 188.00569915771484 283.76177978515625 188.00569915771484
284.47271728515625 128.47442626953125 334.67648696899414 128.47442626953125 334.67648696899414 187.21592330932617 284.47271728515625 187.21592330932617
284.58270263671875 126.24993896484375 334.5029182434082 126.24993896484375 334.5029182434082 185.57573699951172 284.58270263671875 185.57573699951172
284.73773193359375 124.838623046875 334.4526824951172 124.838623046875 334.4526824951172 186.2484130859375 284.73773193359375 186.2484130859375
285.4931945800781 123.7959213256836 335.22961807250977 123.7959213256836 335.22961807250977 185.20174407958984 285.4931945800781 185.20174407958984
284.769775390625 122.18414306640625 335.04845428466797 122.18414306640625 335.04845428466797 184.66854858398438 284.769775390625 184.66854858398438
284.3774108886719 122.57710266113281 333.9181709289551 122.57710266113281 333.9181709289551 183.93904876708984 284.3774108886719 183.93904876708984
282.84552001953125 119.7779541015625 333.15197372436523 119.7779541015625 333.15197372436523 182.23444366455078 282.84552001953125 182.23444366455078
281.26214599609375 117.59999084472656 333.3994941711426 117.59999084472656 333.3994941711426 180.9854278564453 281.26214599609375 180.9854278564453
279.17376708984375 115.15608215332031 332.06571197509766 115.15608215332031 332.06571197509766 179.95953369140625 279.17376708984375 179.95953369140625
276.88201904296875 114.2233657836914 330.4304504394531 114.2233657836914 330.4304504394531 179.3954315185547 276.88201904296875 179.3954315185547
274.68609619140625 112.50565338134766 327.2852668762207 112.50565338134766 327.2852668762207 177.21690368652344 274.68609619140625 177.21690368652344
273.02447509765625 110.83740234375 326.5981864929199 110.83740234375 326.5981864929199 175.92774963378906 273.02447509765625 175.92774963378906
272.02398681640625 112.42820739746094 325.5630416870117 112.42820739746094 325.5630416870117 174.6937599182129 272.02398681640625 174.6937599182129
270.7362365722656 111.27394104003906 324.0311584472656 111.27394104003906 324.0311584472656 174.31985092163086 270.7362365722656 174.31985092163086
269.5927429199219 109.47723388671875 323.5544242858887 109.47723388671875 323.5544242858887 174.1531524658203 269.5927429199219 174.1531524658203
268.05267333984375 106.91191101074219 321.87885665893555 106.91191101074219 321.87885665893555 173.4389190673828 268.05267333984375 173.4389190673828
268.1560363769531 106.3917007446289 321.4972610473633 106.3917007446289 321.4972610473633 172.8718490600586 268.1560363769531 172.8718490600586
268.4973449707031 105.52821350097656 321.33882904052734 105.52821350097656 321.33882904052734 171.47953033447266 268.4973449707031 171.47953033447266
268.92327880859375 103.75318908691406 322.0911064147949 103.75318908691406 322.0911064147949 169.16553497314453 268.92327880859375 169.16553497314453
268.8966064453125 102.24837493896484 322.9093246459961 102.24837493896484 322.9093246459961 167.52831268310547 268.8966064453125 167.52831268310547
270.827392578125 100.80165100097656 325.5290222167969 100.80165100097656 325.5290222167969 166.8912353515625 270.827392578125 166.8912353515625
271.8768005371094 98.43943786621094 326.7199401855469 98.43943786621094 326.7199401855469 165.40341186523438 271.8768005371094 165.40341186523438
273.02276611328125 97.93840026855469 327.4277648925781 97.93840026855469 327.4277648925781 163.97372436523438 273.02276611328125 163.97372436523438
274.8349304199219 97.36433410644531 330.54642486572266 97.36433410644531 330.54642486572266 164.61966705322266 274.8349304199219 164.61966705322266
276.49163818359375 96.84952545166016 332.87971115112305 96.84952545166016 332.87971115112305 164.33928680419922 276.49163818359375 164.33928680419922
281.3790283203125 96.9933853149414 337.65685272216797 96.9933853149414 337.65685272216797 164.74858856201172 281.3790283203125 164.74858856201172
283.46551513671875 97.11900329589844 341.6175956726074 97.11900329589844 341.6175956726074 165.71212005615234 283.46551513671875 165.71212005615234
285.0508728027344 95.77300262451172 342.91287994384766 95.77300262451172 342.91287994384766 166.24376678466797 285.0508728027344 166.24376678466797
287.0185241699219 97.13581848144531 345.8999938964844 97.13581848144531 345.8999938964844 167.0929183959961 287.0185241699219 167.0929183959961
288.4967346191406 96.11507415771484 346.3155212402344 96.11507415771484 346.3155212402344 165.02447509765625 288.4967346191406 165.02447509765625
290.72412109375 92.16755676269531 347.29133224487305 92.16755676269531 347.29133224487305 159.97466278076172 290.72412109375 159.97466278076172
290.1434631347656 90.30609130859375 348.2137260437012 90.30609130859375 348.2137260437012 161.28585052490234 290.1434631347656 161.28585052490234
289.8969421386719 87.42991638183594 348.1630973815918 87.42991638183594 348.1630973815918 159.55927276611328 289.8969421386719 159.55927276611328
290.05615234375 86.0046157836914 348.9361457824707 86.0046157836914 348.9361457824707 158.138916015625 290.05615234375 158.138916015625
289.68817138671875 84.74552917480469 349.4846076965332 84.74552917480469 349.4846076965332 157.55335998535156 289.68817138671875 157.55335998535156
288.2767028808594 84.13075256347656 348.7513961791992 84.13075256347656 348.7513961791992 157.21469116210938 288.2767028808594 157.21469116210938
287.4892272949219 81.3154525756836 348.19176483154297 81.3154525756836 348.19176483154297 156.10330963134766 287.4892272949219 156.10330963134766
286.55340576171875 80.50852966308594 347.7105522155762 80.50852966308594 347.7105522155762 155.00088500976562 286.55340576171875 155.00088500976562
284.1839294433594 81.06539154052734 347.0639457702637 81.06539154052734 347.0639457702637 156.89129638671875 284.1839294433594 156.89129638671875
282.1287536621094 80.70869445800781 346.79383850097656 80.70869445800781 346.79383850097656 156.42858123779297 282.1287536621094 156.42858123779297
277.8401794433594 81.7753677368164 344.02596282958984 81.7753677368164 344.02596282958984 158.2572479248047 277.8401794433594 158.2572479248047
274.95025634765625 80.35527038574219 342.4877395629883 80.35527038574219 342.4877395629883 158.47516632080078 274.95025634765625 158.47516632080078
274.31024169921875 81.01234436035156 341.5910415649414 81.01234436035156 341.5910415649414 160.23711395263672 274.31024169921875 160.23711395263672
273.2754821777344 80.28858947753906 339.73473358154297 80.28858947753906 339.73473358154297 159.33828735351562 273.2754821777344 159.33828735351562
272.1623840332031 78.38385009765625 338.1905517578125 78.38385009765625 338.1905517578125 158.10416412353516 272.1623840332031 158.10416412353516
272.3304443359375 75.4354476928711 339.524658203125 75.4354476928711 339.524658203125 156.93132781982422 272.3304443359375 156.93132781982422
272.75567626953125 73.45325469970703 339.4214630126953 73.45325469970703 339.4214630126953 156.19869995117188 272.75567626953125 156.19869995117188
274.30841064453125 71.59931945800781 339.8643493652344 71.59931945800781 339.8643493652344 153.81137084960938 274.30841064453125 153.81137084960938
275.1480407714844 69.0490951538086 341.58897399902344 69.0490951538086 341.58897399902344 152.70008087158203 275.1480407714844 152.70008087158203
276.0630187988281 67.50889587402344 343.75464630126953 67.50889587402344 343.75464630126953 151.8563232421875 276.0630187988281 151.8563232421875
275.79168701171875 67.7942123413086 345.45848846435547 67.7942123413086 345.45848846435547 152.40135955810547 275.79168701171875 152.40135955810547
278.18157958984375 67.02545166015625 348.0366439819336 67.02545166015625 348.0366439819336 151.40635681152344 278.18157958984375 151.40635681152344
279.1450500488281 65.87975311279297 350.1275177001953 65.87975311279297 350.1275177001953 151.29954528808594 279.1450500488281 151.29954528808594
278.9851379394531 63.162506103515625 348.5579071044922 63.162506103515625 348.5579071044922 150.8331756591797 278.9851379394531 150.8331756591797
280.56927490234375 62.837608337402344 351.2149200439453 62.837608337402344 351.2149200439453 150.74976348876953 280.56927490234375 150.74976348876953
281.89898681640625 61.99470138549805 353.99681854248047 61.99470138549805 353.99681854248047 150.41350173950195 281.89898681640625 150.41350173950195
284.405517578125 60.072715759277344 356.36043548583984 60.072715759277344 356.36043548583984 148.39641571044922 284.405517578125 148.39641571044922
285.86236572265625 58.623016357421875 358.7268753051758 58.623016357421875 358.7268753051758 147.65047454833984 285.86236572265625 147.65047454833984
286.6802673339844 57.40238571166992 359.9720230102539 57.40238571166992 359.9720230102539 148.64077377319336 286.6802673339844 148.64077377319336
287.3459777832031 55.111846923828125 358.5561981201172 55.111846923828125 358.5561981201172 146.38329315185547 287.3459777832031 146.38329315185547
287.17303466796875 53.49699020385742 358.72730255126953 53.49699020385742 358.72730255126953 146.03577041625977 287.17303466796875 146.03577041625977
286.2076721191406 51.26424026489258 357.97654724121094 51.26424026489258 357.97654724121094 145.03008651733398 286.2076721191406 145.03008651733398
285.2308044433594 50.709266662597656 356.94871520996094 50.709266662597656 356.94871520996094 142.09923553466797 285.2308044433594 142.09923553466797
283.5539245605469 49.59203338623047 355.58617401123047 49.59203338623047 355.58617401123047 140.96520233154297 283.5539245605469 140.96520233154297
282.1192321777344 47.816162109375 355.67774200439453 47.816162109375 355.67774200439453 139.06221771240234 282.1192321777344 139.06221771240234
280.15728759765625 47.827980041503906 354.1906204223633 47.827980041503906 354.1906204223633 138.67443084716797 280.15728759765625 138.67443084716797
276.69073486328125 48.523033142089844 351.07093811035156 48.523033142089844 351.07093811035156 139.1638412475586 276.69073486328125 139.1638412475586
273.8673095703125 47.72260284423828 350.1369857788086 47.72260284423828 350.1369857788086 138.73055267333984 273.8673095703125 138.73055267333984
270.3321533203125 48.20248031616211 348.12781524658203 48.20248031616211 348.12781524658203 139.65161514282227 270.3321533203125 139.65161514282227
267.7200622558594 47.48345947265625 345.32360076904297 47.48345947265625 345.32360076904297 140.61550903320312 267.7200622558594 140.61550903320312
264.7451171875 47.19205856323242 342.74063873291016 47.19205856323242 342.74063873291016 141.36881637573242 264.7451171875 141.36881637573242
259.3606872558594 43.3653564453125 337.24053955078125 43.3653564453125 337.24053955078125 140.85367584228516 259.3606872558594 140.85367584228516
256.71026611328125 39.55376434326172 334.6245574951172 39.55376434326172 334.6245574951172 141.83384704589844 256.71026611328125 141.83384704589844
253.58145141601562 35.82572555541992 331.88050079345703 35.82572555541992 331.88050079345703 139.46998977661133 253.58145141601562 139.46998977661133
251.7260284423828 32.93449783325195 328.23272705078125 32.93449783325195 328.23272705078125 136.1579475402832 251.7260284423828 136.1579475402832
248.7429962158203 28.942981719970703 325.0653305053711 28.942981719970703 325.0653305053711 134.56988906860352 248.7429962158203 134.56988906860352
246.0411376953125 24.654010772705078 319.5742721557617 24.654010772705078 319.5742721557617 129.17818069458008 246.0411376953125 129.17818069458008
244.59927368164062 22.368844985961914 317.4371109008789 22.368844985961914 317.4371109008789 126.72236061096191 244.59927368164062 126.72236061096191
242.6614227294922 20.383678436279297 316.6644744873047 20.383678436279297 316.6644744873047 125.73382186889648 242.6614227294922 125.73382186889648
240.8678436279297 17.91216468811035 315.44688415527344 17.91216468811035 315.44688415527344 124.4522647857666 240.8678436279297 124.4522647857666
240.3516387939453 19.958858489990234 315.0336380004883 19.958858489990234 315.0336380004883 118.22361373901367 240.3516387939453 118.22361373901367
238.9281768798828 17.083999633789062 312.51082611083984 17.083999633789062 312.51082611083984 115.40171813964844 238.9281768798828 115.40171813964844
237.1947479248047 16.87887954711914 311.87853240966797 16.87887954711914 311.87853240966797 117.05472183227539 237.1947479248047 117.05472183227539
236.7713165283203 16.054981231689453 310.9788284301758 16.054981231689453 310.9788284301758 117.66763687133789 236.7713165283203 117.66763687133789
235.7094268798828 15.737513542175293 310.1065979003906 15.737513542175293 310.1065979003906 118.19328594207764 235.7094268798828 118.19328594207764
234.6901397705078 15.88444709777832 309.1519012451172 15.88444709777832 309.1519012451172 118.35006141662598 234.6901397705078 118.35006141662598
232.7124786376953 17.476619720458984 308.2756042480469 17.476619720458984 308.2756042480469 120.41753768920898 232.7124786376953 120.41753768920898
232.3393096923828 18.08983039855957 307.0851745605469 18.08983039855957 307.0851745605469 121.12268257141113 232.3393096923828 121.12268257141113
232.48782348632812 18.900726318359375 306.14835357666016 18.900726318359375 306.14835357666016 121.43144989013672 232.48782348632812 121.43144989013672
229.85073852539062 14.3120756149292 307.88001251220703 14.3120756149292 307.88001251220703 121.98643016815186 229.85073852539062 121.98643016815186
232.47586059570312 17.20355796813965 305.6721878051758 17.20355796813965 305.6721878051758 119.29855918884277 232.47586059570312 119.29855918884277
232.35592651367188 16.92466163635254 307.54463958740234 16.92466163635254 307.54463958740234 119.43147468566895 232.35592651367188 119.43147468566895
233.15127563476562 16.762632369995117 309.33716583251953 16.762632369995117 309.33716583251953 119.96647453308105 233.15127563476562 119.96647453308105
232.8502655029297 16.740554809570312 311.4897994995117 16.740554809570312 311.4897994995117 120.7061538696289 232.8502655029297 120.7061538696289
234.16275024414062 17.568683624267578 314.57862854003906 17.568683624267578 314.57862854003906 121.60924911499023 234.16275024414062 121.60924911499023
236.75509643554688 17.554386138916016 316.0247268676758 17.554386138916016 316.0247268676758 120.21033096313477 236.75509643554688 120.21033096313477
241.26412963867188 15.567997932434082 319.1546173095703 15.567997932434082 319.1546173095703 118.38637256622314 241.26412963867188 118.38637256622314
244.0102081298828 16.711334228515625 321.7275848388672 16.711334228515625 321.7275848388672 118.1924057006836 244.0102081298828 118.1924057006836
246.8101806640625 14.214750289916992 321.8868865966797 14.214750289916992 321.8868865966797 116.61617851257324 246.8101806640625 116.61617851257324
247.6778564453125 13.63757610321045 324.3458557128906 13.63757610321045 324.3458557128906 116.1173505783081 247.6778564453125 116.1173505783081
251.2009735107422 13.842529296875 326.08106231689453 13.842529296875 326.08106231689453 115.24461364746094 251.2009735107422 115.24461364746094
253.7922821044922 13.785565376281738 330.5996398925781 13.785565376281738 330.5996398925781 115.0440263748169 253.7922821044922 115.0440263748169
255.28201293945312 13.37733268737793 332.5706024169922 13.37733268737793 332.5706024169922 115.33819389343262 255.28201293945312 115.33819389343262
256.4183654785156 13.055256843566895 335.9008255004883 13.055256843566895 335.9008255004883 116.74770069122314 256.4183654785156 116.74770069122314
258.0502014160156 12.9138822555542 339.224853515625 12.9138822555542 339.224853515625 119.42436504364014 258.0502014160156 119.42436504364014
259.6324768066406 13.873533248901367 344.59117126464844 13.873533248901367 344.59117126464844 121.84451866149902 259.6324768066406 121.84451866149902
264.73675537109375 15.648101806640625 354.3876190185547 15.648101806640625 354.3876190185547 124.02366638183594 264.73675537109375 124.02366638183594
266.908935546875 16.190338134765625 359.46475982666016 16.190338134765625 359.46475982666016 125.12846374511719 266.908935546875 125.12846374511719
269.4462890625 14.887234687805176 363.8448181152344 14.887234687805176 363.8448181152344 125.73000812530518 269.4462890625 125.73000812530518
269.85125732421875 13.748037338256836 366.5200424194336 13.748037338256836 366.5200424194336 125.74715995788574 269.85125732421875 125.74715995788574
271.84393310546875 13.992101669311523 369.04491424560547 13.992101669311523 369.04491424560547 128.4168300628662 271.84393310546875 128.4168300628662
274.7789001464844 13.932024002075195 371.64955139160156 13.932024002075195 371.64955139160156 127.6955738067627 274.7789001464844 127.6955738067627
277.89166259765625 13.631747245788574 373.5815887451172 13.631747245788574 373.5815887451172 128.14283275604248 277.89166259765625 128.14283275604248
279.1221008300781 13.841748237609863 375.17115020751953 13.841748237609863 375.17115020751953 128.33383655548096 279.1221008300781 128.33383655548096
279.70709228515625 13.644857406616211 376.35658264160156 13.644857406616211 376.35658264160156 130.5366039276123 279.70709228515625 130.5366039276123
279.56329345703125 14.452731132507324 375.48890686035156 14.452731132507324 375.48890686035156 129.6444272994995 279.56329345703125 129.6444272994995
279.97076416015625 15.502184867858887 374.28602600097656 15.502184867858887 374.28602600097656 128.0097303390503 279.97076416015625 128.0097303390503
280.69647216796875 17.491260528564453 376.36280822753906 17.491260528564453 376.36280822753906 130.6091423034668 280.69647216796875 130.6091423034668
281.8961486816406 18.801483154296875 375.2892608642578 18.801483154296875 375.2892608642578 131.44591522216797 281.8961486816406 131.44591522216797
282.42523193359375 19.39549446105957 377.49229431152344 19.39549446105957 377.49229431152344 133.38540077209473 282.42523193359375 133.38540077209473
278.7934875488281 12.164650917053223 381.1965026855469 12.164650917053223 381.1965026855469 140.9069299697876 278.7934875488281 140.9069299697876
274.7865295410156 4.220544338226318 385.9810028076172 4.220544338226318 385.9810028076172 149.50020742416382 274.7865295410156 149.50020742416382
274.2295837402344 0.0009292602771893144 391.4913787841797 0.0009292602771893144 391.4913787841797 156.3493179321522 274.2295837402344 156.3493179321522
275.5578308105469 4.832139015197754 388.4486846923828 4.832139015197754 388.4486846923828 152.75735569000244 275.5578308105469 152.75735569000244
273.3938293457031 0.0 391.94895935058594 0.0 391.94895935058594 158.0728302001953 273.3938293457031 158.0728302001953
271.16632080078125 0.0 390.74098205566406 0.0 390.74098205566406 159.4322052001953 271.16632080078125 159.4322052001953
272.9598693847656 0.184916689991951 391.54444122314453 0.184916689991951 391.54444122314453 158.29700775444508 272.9598693847656 158.29700775444508
272.0270690917969 0.4794448912143707 390.7611618041992 0.4794448912143707 390.7611618041992 158.79089203476906 272.0270690917969 158.79089203476906
270.30126953125 0.0 388.8875961303711 0.0 388.8875961303711 158.11444091796875 270.30126953125 158.11444091796875
271.7635192871094 0.08751831203699112 389.59873962402344 0.08751831203699112 389.59873962402344 157.20047912746668 271.7635192871094 157.20047912746668
274.3710632324219 11.50383472442627 383.28318786621094 11.50383472442627 383.28318786621094 149.4590654373169 274.3710632324219 149.4590654373169
275.8565368652344 28.033349990844727 371.3302459716797 28.033349990844727 371.3302459716797 138.43357276916504 275.8565368652344 138.43357276916504
274.1542053222656 26.98842430114746 369.27433013916016 26.98842430114746 369.27433013916016 138.66005516052246 274.1542053222656 138.66005516052246
272.62017822265625 23.629894256591797 365.741455078125 23.629894256591797 365.741455078125 137.36809158325195 272.62017822265625 137.36809158325195
271.6395568847656 21.98736572265625 363.6927185058594 21.98736572265625 363.6927185058594 136.05643463134766 271.6395568847656 136.05643463134766
271.6357116699219 20.290605545043945 360.8310241699219 20.290605545043945 360.8310241699219 134.5326862335205 271.6357116699219 134.5326862335205
270.5731201171875 18.4848690032959 356.2721862792969 18.4848690032959 356.2721862792969 131.55125999450684 270.5731201171875 131.55125999450684
270.7541809082031 17.68107032775879 355.9554901123047 17.68107032775879 355.9554901123047 130.28330421447754 270.7541809082031 130.28330421447754
271.8131408691406 16.68778419494629 355.79034423828125 16.68778419494629 355.79034423828125 129.2286548614502 271.8131408691406 129.2286548614502
271.47235107421875 13.929333686828613 354.09476470947266 13.929333686828613 354.09476470947266 129.47480487823486 271.47235107421875 129.47480487823486
273.91949462890625 14.288415908813477 354.45738220214844 14.288415908813477 354.45738220214844 126.67457008361816 273.91949462890625 126.67457008361816
275.6190490722656 12.66634464263916 352.5010681152344 12.66634464263916 352.5010681152344 121.19627475738525 275.6190490722656 121.19627475738525
275.4776611328125 11.14083194732666 352.7413787841797 11.14083194732666 352.7413787841797 119.5852518081665 275.4776611328125 119.5852518081665
276.83502197265625 10.88163948059082 352.2342758178711 10.88163948059082 352.2342758178711 116.62500190734863 276.83502197265625 116.62500190734863
278.2347717285156 10.37553596496582 353.5258331298828 10.37553596496582 353.5258331298828 114.68813514709473 278.2347717285156 114.68813514709473
279.8858337402344 9.352010726928711 354.5256652832031 9.352010726928711 354.5256652832031 113.05367088317871 279.8858337402344 113.05367088317871
281.3625183105469 7.894326210021973 355.962890625 7.894326210021973 355.962890625 110.19765567779541 281.3625183105469 110.19765567779541
283.30047607421875 8.230342864990234 356.4275588989258 8.230342864990234 356.4275588989258 108.44301223754883 283.30047607421875 108.44301223754883
284.44549560546875 9.237898826599121 357.03746032714844 9.237898826599121 357.03746032714844 107.68405055999756 284.44549560546875 107.68405055999756
285.4273376464844 9.506967544555664 357.5041809082031 9.506967544555664 357.5041809082031 106.55754280090332 285.4273376464844 106.55754280090332
286.0891418457031 9.453740119934082 357.9504165649414 9.453740119934082 357.9504165649414 106.3822374343872 286.0891418457031 106.3822374343872
286.9760437011719 8.614819526672363 358.2750244140625 8.614819526672363 358.2750244140625 104.85624408721924 286.9760437011719 104.85624408721924
288.53350830078125 9.024560928344727 359.9818420410156 9.024560928344727 359.9818420410156 105.70501136779785 288.53350830078125 105.70501136779785
289.3065185546875 8.82761287689209 360.62254333496094 8.82761287689209 360.62254333496094 105.24698543548584 289.3065185546875 105.24698543548584
290.18084716796875 9.396587371826172 361.15560150146484 9.396587371826172 361.15560150146484 105.09186172485352 290.18084716796875 105.09186172485352
291.0384826660156 9.119585037231445 361.9895782470703 9.119585037231445 361.9895782470703 104.26561164855957 291.0384826660156 104.26561164855957
293.1749572753906 9.683028221130371 365.0215301513672 9.683028221130371 365.0215301513672 105.14001369476318 293.1749572753906 105.14001369476318
294.8531494140625 10.046085357666016 367.06221771240234 10.046085357666016 367.06221771240234 105.21639633178711 294.8531494140625 105.21639633178711
296.43450927734375 10.052183151245117 368.5107879638672 10.052183151245117 368.5107879638672 105.9907054901123 296.43450927734375 105.9907054901123
298.29156494140625 10.638055801391602 371.1339874267578 10.638055801391602 371.1339874267578 106.6955738067627 298.29156494140625 106.6955738067627
299.9880065917969 11.094051361083984 373.4641571044922 11.094051361083984 373.4641571044922 105.70668411254883 299.9880065917969 105.70668411254883
303.47662353515625 12.174600601196289 376.1053009033203 12.174600601196289 376.1053009033203 106.31656837463379 303.47662353515625 106.31656837463379
305.23138427734375 11.629335403442383 377.86409759521484 11.629335403442383 377.86409759521484 104.87837409973145 305.23138427734375 104.87837409973145
305.9309387207031 11.092227935791016 380.42555236816406 11.092227935791016 380.42555236816406 104.44999313354492 305.9309387207031 104.44999313354492
306.86016845703125 10.805588722229004 380.54881286621094 10.805588722229004 380.54881286621094 103.30434513092041 306.86016845703125 103.30434513092041
307.832763671875 11.341326713562012 380.9902801513672 11.341326713562012 380.9902801513672 102.47818279266357 307.832763671875 102.47818279266357
309.73052978515625 12.235785484313965 382.40980529785156 12.235785484313965 382.40980529785156 103.58864498138428 309.73052978515625 103.58864498138428
309.9106750488281 13.141016006469727 382.7477264404297 13.141016006469727 382.7477264404297 104.11825752258301 309.9106750488281 104.11825752258301
310.4273376464844 12.745561599731445 384.83567810058594 12.745561599731445 384.83567810058594 106.46345710754395 310.4273376464844 106.46345710754395
310.06378173828125 11.762260437011719 385.98502349853516 11.762260437011719 385.98502349853516 111.72737121582031 310.06378173828125 111.72737121582031
310.6632080078125 11.844350814819336 387.95106506347656 11.844350814819336 387.95106506347656 114.5814266204834 310.6632080078125 114.5814266204834
307.3416442871094 13.585603713989258 386.7313461303711 13.585603713989258 386.7313461303711 118.6324634552002 307.3416442871094 118.6324634552002
308.04937744140625 16.03384780883789 388.6599655151367 16.03384780883789 388.6599655151367 123.0075569152832 308.04937744140625 123.0075569152832
308.0808410644531 19.119121551513672 391.74815368652344 19.119121551513672 391.74815368652344 126.08252334594727 308.0808410644531 126.08252334594727
303.35211181640625 19.22425651550293 389.1979293823242 19.22425651550293 389.1979293823242 125.32842826843262 303.35211181640625 125.32842826843262
300.96246337890625 18.448261260986328 390.5730972290039 18.448261260986328 390.5730972290039 126.89393997192383 300.96246337890625 126.89393997192383
297.3914489746094 19.21230697631836 389.9596252441406 19.21230697631836 389.9596252441406 127.7701301574707 297.3914489746094 127.7701301574707
295.91229248046875 18.311182022094727 387.41458892822266 18.311182022094727 387.41458892822266 125.17948341369629 295.91229248046875 125.17948341369629
292.2351989746094 17.139333724975586 383.742919921875 17.139333724975586 383.742919921875 122.21593284606934 292.2351989746094 122.21593284606934
289.22869873046875 17.305072784423828 379.3474578857422 17.305072784423828 379.3474578857422 121.13024520874023 289.22869873046875 121.13024520874023
286.12567138671875 16.772497177124023 378.29434967041016 16.772497177124023 378.29434967041016 120.67512321472168 286.12567138671875 120.67512321472168
281.0823974609375 17.925899505615234 372.9397430419922 17.925899505615234 372.9397430419922 121.29526138305664 281.0823974609375 121.29526138305664
277.702880859375 15.986425399780273 372.1022491455078 15.986425399780273 372.1022491455078 119.73232078552246 277.702880859375 119.73232078552246
274.7392272949219 15.453967094421387 368.1809616088867 15.453967094421387 368.1809616088867 117.99009990692139 274.7392272949219 117.99009990692139
271.3315124511719 15.323232650756836 363.79383850097656 15.323232650756836 363.79383850097656 117.11990928649902 271.3315124511719 117.11990928649902
268.6839599609375 14.225021362304688 360.14070892333984 14.225021362304688 360.14070892333984 116.6949691772461 268.6839599609375 116.6949691772461
264.8993835449219 14.757098197937012 354.14634704589844 14.757098197937012 354.14634704589844 115.4482831954956 264.8993835449219 115.4482831954956
262.8336486816406 13.626510620117188 352.3309631347656 13.626510620117188 352.3309631347656 115.57569122314453 262.8336486816406 115.57569122314453
259.90203857421875 13.462976455688477 349.65733337402344 13.462976455688477 349.65733337402344 114.81075477600098 259.90203857421875 114.81075477600098
257.9631652832031 12.423582077026367 346.84129333496094 12.423582077026367 346.84129333496094 113.86253929138184 257.9631652832031 113.86253929138184
256.37664794921875 14.058609008789062 344.80699920654297 14.058609008789062 344.80699920654297 112.92423248291016 256.37664794921875 112.92423248291016
253.66366577148438 13.907228469848633 339.98217010498047 13.907228469848633 339.98217010498047 111.14802742004395 253.66366577148438 111.14802742004395
251.8260498046875 12.278511047363281 337.7082748413086 12.278511047363281 337.7082748413086 110.51639556884766 251.8260498046875 110.51639556884766
251.0686492919922 12.376794815063477 336.02040100097656 12.376794815063477 336.02040100097656 109.20525550842285 251.0686492919922 109.20525550842285
250.2677001953125 11.461014747619629 334.17271423339844 11.461014747619629 334.17271423339844 107.94402408599854 250.2677001953125 107.94402408599854
249.323486328125 11.367578506469727 333.1377182006836 11.367578506469727 333.1377182006836 106.85213661193848 249.323486328125 106.85213661193848
249.2346649169922 11.47995662689209 331.7560577392578 11.47995662689209 331.7560577392578 105.5769567489624 249.2346649169922 105.5769567489624
247.20458984375 11.600679397583008 330.27881622314453 11.600679397583008 330.27881622314453 106.28826332092285 247.20458984375 106.28826332092285
246.4584503173828 11.276698112487793 329.45357513427734 11.276698112487793 329.45357513427734 106.3125638961792 246.4584503173828 106.3125638961792
245.34988403320312 10.442588806152344 327.9812469482422 10.442588806152344 327.9812469482422 105.55322265625 245.34988403320312 105.55322265625
244.6605682373047 9.896001815795898 326.4193115234375 9.896001815795898 326.4193115234375 104.24484062194824 244.6605682373047 104.24484062194824
242.751708984375 7.85085916519165 324.12732696533203 7.85085916519165 324.12732696533203 103.65083169937134 242.751708984375 103.65083169937134
243.0802764892578 6.4660325050354 322.5727996826172 6.4660325050354 322.5727996826172 102.37837076187134 243.0802764892578 102.37837076187134
244.632080078125 7.019489288330078 322.9891586303711 7.019489288330078 322.9891586303711 102.19791793823242 244.632080078125 102.19791793823242
244.17562866210938 4.220510005950928 321.2151870727539 4.220510005950928 321.2151870727539 99.77096319198608 244.17562866210938 99.77096319198608
245.79385375976562 4.453249454498291 321.3576354980469 4.453249454498291 321.3576354980469 99.46962213516235 245.79385375976562 99.46962213516235
248.2967529296875 4.348984718322754 322.2298812866211 4.348984718322754 322.2298812866211 96.593918800354 248.2967529296875 96.593918800354
249.9130096435547 4.5385894775390625 322.98575592041016 4.5385894775390625 322.98575592041016 94.39397430419922 249.9130096435547 94.39397430419922
251.82638549804688 4.931964874267578 323.85904693603516 4.931964874267578 323.85904693603516 93.12612533569336 251.82638549804688 93.12612533569336
252.46359252929688 4.519278526306152 324.5289535522461 4.519278526306152 324.5289535522461 92.05075740814209 252.46359252929688 92.05075740814209
254.065673828125 4.1325273513793945 325.28141021728516 4.1325273513793945 325.28141021728516 92.71351337432861 254.065673828125 92.71351337432861
255.16824340820312 4.3236589431762695 325.5679626464844 4.3236589431762695 325.5679626464844 92.65170764923096 255.16824340820312 92.65170764923096
257.12457275390625 3.2464263439178467 327.55945587158203 3.2464263439178467 327.55945587158203 91.51475214958191 257.12457275390625 91.51475214958191
258.4715576171875 1.2242317199707031 327.80789947509766 1.2242317199707031 327.80789947509766 90.33077621459961 258.4715576171875 90.33077621459961
259.9834899902344 0.1828865110874176 328.20030975341797 0.1828865110874176 328.20030975341797 87.55570450425148 259.9834899902344 87.55570450425148
261.7752380371094 0.0 329.6317825317383 0.0 329.6317825317383 87.39921569824219 261.7752380371094 87.39921569824219
263.9378356933594 0.0 330.46507263183594 0.0 330.46507263183594 84.91442108154297 263.9378356933594 84.91442108154297
265.0025329589844 0.0 331.36195373535156 0.0 331.36195373535156 84.7582015991211 265.0025329589844 84.7582015991211
266.45220947265625 0.0 332.39173889160156 0.0 332.39173889160156 84.5392837524414 266.45220947265625 84.5392837524414
267.8477478027344 0.0 332.96131134033203 0.0 332.96131134033203 82.46495056152344 267.8477478027344 82.46495056152344
269.1184387207031 0.0 334.2350540161133 0.0 334.2350540161133 82.08654022216797 269.1184387207031 82.08654022216797
270.67431640625 0.0 336.02833557128906 0.0 336.02833557128906 81.89400482177734 270.67431640625 81.89400482177734
272.3467102050781 0.0 337.3706512451172 0.0 337.3706512451172 81.87213134765625 272.3467102050781 81.87213134765625
272.8179931640625 0.0 337.25567626953125 0.0 337.25567626953125 81.36621856689453 272.8179931640625 81.36621856689453
273.06414794921875 0.0 337.1483840942383 0.0 337.1483840942383 81.8097152709961 273.06414794921875 81.8097152709961
273.9763488769531 0.0 338.7988510131836 0.0 338.7988510131836 82.69613647460938 273.9763488769531 82.69613647460938
275.1278381347656 0.0 339.0244026184082 0.0 339.0244026184082 82.7746353149414 275.1278381347656 82.7746353149414
277.06890869140625 0.0 340.5162048339844 0.0 340.5162048339844 80.97991180419922 277.06890869140625 80.97991180419922
278.66033935546875 0.0 341.5258674621582 0.0 341.5258674621582 80.1434326171875 278.66033935546875 80.1434326171875
280.34710693359375 0.0 343.6158866882324 0.0 343.6158866882324 79.56520080566406 280.34710693359375 79.56520080566406
281.894287109375 0.0 345.0723686218262 0.0 345.0723686218262 79.50801086425781 281.894287109375 79.50801086425781
283.9138488769531 0.0 347.40050506591797 0.0 347.40050506591797 80.12371063232422 283.9138488769531 80.12371063232422
287.56793212890625 0.0 349.4654006958008 0.0 349.4654006958008 78.41963958740234 287.56793212890625 78.41963958740234
288.77825927734375 0.0 351.70198822021484 0.0 351.70198822021484 78.58345794677734 288.77825927734375 78.58345794677734
290.88189697265625 0.0 353.1809272766113 0.0 353.1809272766113 79.5250015258789 290.88189697265625 79.5250015258789
292.874267578125 0.0 353.9051628112793 0.0 353.9051628112793 78.48526000976562 292.874267578125 78.48526000976562
294.4759826660156 0.0 355.3065719604492 0.0 355.3065719604492 77.84493255615234 294.4759826660156 77.84493255615234
296.2232360839844 0.0 358.30914306640625 0.0 358.30914306640625 78.35884094238281 296.2232360839844 78.35884094238281
297.1622619628906 0.0 359.34416580200195 0.0 359.34416580200195 76.93008422851562 297.1622619628906 76.93008422851562
298.6373291015625 0.0 359.51324462890625 0.0 359.51324462890625 75.54256439208984 298.6373291015625 75.54256439208984
299.1690979003906 0.05404815822839737 359.8851127624512 0.05404815822839737 359.8851127624512 75.06185302883387 299.1690979003906 75.06185302883387
299.8976135253906 0.32179945707321167 358.94549560546875 0.32179945707321167 358.94549560546875 72.43487471342087 299.8976135253906 72.43487471342087
299.8729553222656 0.11321258544921875 360.1669502258301 0.11321258544921875 360.1669502258301 73.16571807861328 299.8729553222656 73.16571807861328
299.78741455078125 0.21554870903491974 359.55242919921875 0.21554870903491974 359.55242919921875 72.59736938774586 299.78741455078125 72.59736938774586
299.94403076171875 0.16390685737133026 359.48333740234375 0.16390685737133026 359.48333740234375 72.37496642768383 299.94403076171875 72.37496642768383
299.57135009765625 0.18537291884422302 358.9257621765137 0.18537291884422302 358.9257621765137 72.78943786025047 299.57135009765625 72.78943786025047
299.6888122558594 0.0 359.2067680358887 0.0 359.2067680358887 73.62272644042969 299.6888122558594 73.62272644042969
299.5196533203125 0.0 359.85453033447266 0.0 359.85453033447266 75.07833862304688 299.5196533203125 75.07833862304688
299.77166748046875 0.11027755588293076 359.58353424072266 0.11027755588293076 359.58353424072266 74.75265731662512 299.77166748046875 74.75265731662512
299.2975769042969 0.0 359.9593086242676 0.0 359.9593086242676 75.89555358886719 299.2975769042969 75.89555358886719
299.31915283203125 0.3173171877861023 359.74662017822266 0.3173171877861023 359.74662017822266 75.36535185575485 299.31915283203125 75.36535185575485
298.96441650390625 0.015686798840761185 359.82282638549805 0.015686798840761185 359.82282638549805 75.28743057325482 298.96441650390625 75.28743057325482
298.83038330078125 0.14831237494945526 359.80438232421875 0.14831237494945526 359.80438232421875 75.14157561957836 298.83038330078125 75.14157561957836
298.09613037109375 0.04224700853228569 359.7340888977051 0.04224700853228569 359.7340888977051 75.99595947191119 298.09613037109375 75.99595947191119
297.8388977050781 0.0 359.6369438171387 0.0 359.6369438171387 75.69605255126953 297.8388977050781 75.69605255126953
297.9481201171875 0.02453155443072319 359.80431365966797 0.02453155443072319 359.80431365966797 74.56713409349322 297.9481201171875 74.56713409349322
298.2612609863281 0.4872444272041321 359.1473922729492 0.4872444272041321 359.1473922729492 73.32662278413773 298.2612609863281 73.32662278413773
298.67498779296875 1.0599654912948608 358.4064025878906 1.0599654912948608 358.4064025878906 71.35806119441986 298.67498779296875 71.35806119441986
297.50732421875 0.4956245422363281 357.6268501281738 0.4956245422363281 357.6268501281738 70.81338119506836 297.50732421875 70.81338119506836
296.76678466796875 1.77001953125 356.6062202453613 1.77001953125 356.6062202453613 70.92408752441406 296.76678466796875 70.92408752441406
296.0359802246094 1.8446441888809204 355.8260078430176 1.8446441888809204 355.8260078430176 71.48689424991608 296.0359802246094 71.48689424991608
294.2093200683594 1.6049331426620483 354.1357421875 1.6049331426620483 354.1357421875 73.22750699520111 294.2093200683594 73.22750699520111
290.74017333984375 2.3014557361602783 351.44530487060547 2.3014557361602783 351.44530487060547 75.16035771369934 290.74017333984375 75.16035771369934
290.2819519042969 3.9020392894744873 351.02869415283203 3.9020392894744873 351.02869415283203 76.68264079093933 290.2819519042969 76.68264079093933
288.60931396484375 3.9583442211151123 350.35242462158203 3.9583442211151123 350.35242462158203 78.44113230705261 288.60931396484375 78.44113230705261
286.0863342285156 4.128330230712891 348.8968276977539 4.128330230712891 348.8968276977539 78.81758499145508 286.0863342285156 78.81758499145508
284.9671325683594 4.751973628997803 348.1875991821289 4.751973628997803 348.1875991821289 81.90884160995483 284.9671325683594 81.90884160995483
281.353759765625 3.8396477699279785 345.7758331298828 3.8396477699279785 345.7758331298828 81.77977228164673 281.353759765625 81.77977228164673
279.4292907714844 3.2892966270446777 344.85538482666016 3.2892966270446777 344.85538482666016 81.89165258407593 279.4292907714844 81.89165258407593
277.68218994140625 3.9338912963867188 344.40724182128906 3.9338912963867188 344.40724182128906 82.66727447509766 277.68218994140625 82.66727447509766
275.931640625 5.182194709777832 344.8294219970703 5.182194709777832 344.8294219970703 84.88351154327393 275.931640625 84.88351154327393
274.8812255859375 6.173492431640625 343.28372955322266 6.173492431640625 343.28372955322266 84.3180160522461 274.8812255859375 84.3180160522461
273.11993408203125 6.564723014831543 339.89969635009766 6.564723014831543 339.89969635009766 82.7277021408081 273.11993408203125 82.7277021408081
272.0714416503906 5.450243949890137 336.95594024658203 5.450243949890137 336.95594024658203 79.71008586883545 272.0714416503906 79.71008586883545
271.1815490722656 5.953305244445801 335.7959671020508 5.953305244445801 335.7959671020508 79.0437822341919 271.1815490722656 79.0437822341919
270.7068786621094 6.025692939758301 334.4361381530762 6.025692939758301 334.4361381530762 77.84528827667236 270.7068786621094 77.84528827667236
270.6692810058594 5.22015905380249 333.1359634399414 5.22015905380249 333.1359634399414 75.92246007919312 270.6692810058594 75.92246007919312
270.59661865234375 5.585325717926025 332.0859909057617 5.585325717926025 332.0859909057617 74.75221872329712 270.59661865234375 74.75221872329712
270.92431640625 5.053378105163574 331.4113960266113 5.053378105163574 331.4113960266113 73.18891429901123 270.92431640625 73.18891429901123
270.2549743652344 4.3665337562561035 329.8992118835449 4.3665337562561035 329.8992118835449 71.08647394180298 270.2549743652344 71.08647394180298
270.18902587890625 4.662474632263184 329.3921890258789 4.662474632263184 329.3921890258789 70.30910396575928 270.18902587890625 70.30910396575928
270.3832702636719 4.644710540771484 329.2359924316406 4.644710540771484 329.2359924316406 68.3594856262207 270.3832702636719 68.3594856262207
270.41998291015625 4.700619220733643 327.9484634399414 4.700619220733643 327.9484634399414 67.0530858039856 270.41998291015625 67.0530858039856
270.06903076171875 4.363856792449951 327.40704345703125 4.363856792449951 327.40704345703125 66.45525693893433 270.06903076171875 66.45525693893433
269.99200439453125 4.416089057922363 326.9544258117676 4.416089057922363 326.9544258117676 65.94611835479736 269.99200439453125 65.94611835479736
269.57623291015625 4.5548272132873535 327.08458709716797 4.5548272132873535 327.08458709716797 66.7270073890686 269.57623291015625 66.7270073890686
269.29608154296875 4.836262226104736 326.9042434692383 4.836262226104736 326.9042434692383 66.79769945144653 269.29608154296875 66.79769945144653
268.8751525878906 5.033160209655762 326.60225677490234 5.033160209655762 326.60225677490234 67.22779369354248 268.8751525878906 67.22779369354248
268.95123291015625 5.4216413497924805 327.3477554321289 5.4216413497924805 327.3477554321289 67.64256572723389 268.95123291015625 67.64256572723389
268.4777526855469 5.82725191116333 328.1070365905762 5.82725191116333 328.1070365905762 68.92107057571411 268.4777526855469 68.92107057571411
267.60137939453125 5.203798294067383 327.6939010620117 5.203798294067383 327.6939010620117 69.22760200500488 267.60137939453125 69.22760200500488
266.76416015625 5.199419021606445 327.4519729614258 5.199419021606445 327.4519729614258 69.15316581726074 266.76416015625 69.15316581726074
264.8354187011719 5.137063026428223 326.77971267700195 5.137063026428223 326.77971267700195 70.17437076568604 264.8354187011719 70.17437076568604
263.8284606933594 5.846075534820557 326.78771209716797 5.846075534820557 326.78771209716797 71.5216965675354 263.8284606933594 71.5216965675354
263.75445556640625 6.237723350524902 326.18132400512695 6.237723350524902 326.18132400512695 71.64929866790771 263.75445556640625 71.64929866790771
262.70758056640625 5.997652530670166 326.3011245727539 5.997652530670166 326.3011245727539 72.35937738418579 262.70758056640625 72.35937738418579
261.8995056152344 5.9576568603515625 325.6286811828613 5.9576568603515625 325.6286811828613 72.27374267578125 261.8995056152344 72.27374267578125
260.7384338378906 6.266505241394043 324.29569244384766 6.266505241394043 324.29569244384766 71.66465282440186 260.7384338378906 71.66465282440186
260.2845153808594 6.89785623550415 323.8961372375488 6.89785623550415 323.8961372375488 72.0800232887268 260.2845153808594 72.0800232887268
259.96063232421875 6.836798667907715 323.4546699523926 6.836798667907715 323.4546699523926 71.79270076751709 259.96063232421875 71.79270076751709
259.7535705566406 6.5373945236206055 323.44426345825195 6.5373945236206055 323.44426345825195 72.59118175506592 259.7535705566406 72.59118175506592
259.10174560546875 6.321045875549316 323.05582427978516 6.321045875549316 323.05582427978516 72.42208957672119 259.10174560546875 72.42208957672119
258.8875427246094 6.500770568847656 322.93763732910156 6.500770568847656 322.93763732910156 72.16910552978516 258.8875427246094 72.16910552978516
258.9700622558594 6.5535407066345215 323.0212707519531 6.5535407066345215 323.0212707519531 72.01321172714233 258.9700622558594 72.01321172714233
258.61883544921875 6.344689846038818 323.1454315185547 6.344689846038818 323.1454315185547 72.11103200912476 258.61883544921875 72.11103200912476
258.87060546875 6.263930320739746 323.0541763305664 6.263930320739746 323.0541763305664 71.81839656829834 258.87060546875 71.81839656829834
258.73114013671875 5.806948661804199 322.70967864990234 5.806948661804199 322.70967864990234 71.33800029754639 258.73114013671875 71.33800029754639
258.7500915527344 5.492687225341797 322.9970397949219 5.492687225341797 322.9970397949219 71.6938362121582 258.7500915527344 71.6938362121582
258.07281494140625 5.504522800445557 322.2376937866211 5.504522800445557 322.2376937866211 71.13819742202759 258.07281494140625 71.13819742202759
257.8196105957031 5.4290618896484375 322.1138458251953 5.4290618896484375 322.1138458251953 71.9070053100586 257.8196105957031 71.9070053100586
257.78790283203125 5.224307060241699 322.81844329833984 5.224307060241699 322.81844329833984 72.50297832489014 257.78790283203125 72.50297832489014
257.4765930175781 5.303286075592041 323.1254196166992 5.303286075592041 323.1254196166992 72.94584894180298 257.4765930175781 72.94584894180298
257.5717468261719 5.542591094970703 323.3152542114258 5.542591094970703 323.3152542114258 72.80069351196289 257.5717468261719 72.80069351196289
257.83551025390625 5.94815731048584 323.88902282714844 5.94815731048584 323.88902282714844 72.94614315032959 257.83551025390625 72.94614315032959
258.1185302734375 5.80094051361084 325.0763397216797 5.80094051361084 325.0763397216797 73.10452938079834 258.1185302734375 73.10452938079834
258.95489501953125 6.5280351638793945 325.7144546508789 6.5280351638793945 325.7144546508789 73.6190538406372 258.95489501953125 73.6190538406372
259.44561767578125 6.555006980895996 326.45655822753906 6.555006980895996 326.45655822753906 73.87790584564209 259.44561767578125 73.87790584564209
259.1759033203125 6.218283653259277 326.3793487548828 6.218283653259277 326.3793487548828 74.04661464691162 259.1759033203125 74.04661464691162
260.27459716796875 6.514429569244385 327.43370056152344 6.514429569244385 327.43370056152344 74.55136346817017 260.27459716796875 74.55136346817017
260.05596923828125 6.088059425354004 327.39927673339844 6.088059425354004 327.39927673339844 75.06079196929932 260.05596923828125 75.06079196929932
259.56121826171875 5.746363639831543 327.1433868408203 5.746363639831543 327.1433868408203 75.0226697921753 259.56121826171875 75.0226697921753
258.5690612792969 5.167813777923584 326.5978469848633 5.167813777923584 326.5978469848633 76.19421911239624 258.5690612792969 76.19421911239624
258.01458740234375 6.182816982269287 325.54686737060547 6.182816982269287 325.54686737060547 76.7080397605896 258.01458740234375 76.7080397605896
256.6895446777344 4.786410331726074 324.94337463378906 4.786410331726074 324.94337463378906 76.67636394500732 256.6895446777344 76.67636394500732
255.5365447998047 4.634390830993652 325.65142822265625 4.634390830993652 325.65142822265625 78.46575832366943 255.5365447998047 78.46575832366943
254.603759765625 5.289534568786621 325.8689956665039 5.289534568786621 325.8689956665039 79.03755855560303 254.603759765625 79.03755855560303
253.2262725830078 5.157393455505371 325.3261413574219 5.157393455505371 325.3261413574219 79.21844387054443 253.2262725830078 79.21844387054443
252.2262420654297 4.842080116271973 325.0464096069336 4.842080116271973 325.0464096069336 80.12490177154541 252.2262420654297 80.12490177154541
251.9660186767578 5.398404598236084 325.39869689941406 5.398404598236084 325.39869689941406 80.80791997909546 251.9660186767578 80.80791997909546
251.4648895263672 5.919363975524902 325.2157897949219 5.919363975524902 325.2157897949219 82.27783870697021 251.4648895263672 82.27783870697021
251.51345825195312 6.214650630950928 324.9038848876953 6.214650630950928 324.9038848876953 82.62321996688843 251.51345825195312 82.62321996688843
250.7897186279297 5.901410102844238 324.2339782714844 5.901410102844238 324.2339782714844 81.91146564483643 250.7897186279297 81.91146564483643
251.27627563476562 6.756398677825928 324.8727264404297 6.756398677825928 324.8727264404297 83.11136388778687 251.27627563476562 83.11136388778687
251.0592803955078 6.387658596038818 324.3986511230469 6.387658596038818 324.3986511230469 82.24265432357788 251.0592803955078 82.24265432357788
250.97232055664062 6.700743675231934 324.75523376464844 6.700743675231934 324.75523376464844 82.6428747177124 250.97232055664062 82.6428747177124
251.3193359375 6.848204612731934 324.5416564941406 6.848204612731934 324.5416564941406 81.8263692855835 251.3193359375 81.8263692855835
251.6315460205078 6.953858852386475 324.50047302246094 6.953858852386475 324.50047302246094 81.64634847640991 251.6315460205078 81.64634847640991
252.11154174804688 7.227325439453125 325.0393600463867 7.227325439453125 325.0393600463867 81.68074798583984 252.11154174804688 81.68074798583984
252.05908203125 6.832314491271973 325.146240234375 6.832314491271973 325.146240234375 81.19341373443604 252.05908203125 81.19341373443604
251.9541473388672 7.111273765563965 324.9126739501953 7.111273765563965 324.9126739501953 81.52743434906006 251.9541473388672 81.52743434906006
252.0412139892578 6.255653381347656 324.57940673828125 6.255653381347656 324.57940673828125 79.96015930175781 252.0412139892578 79.96015930175781
252.67684936523438 7.623385429382324 324.88732147216797 7.623385429382324 324.88732147216797 81.07652568817139 252.67684936523438 81.07652568817139
252.78817749023438 7.151886940002441 324.9059143066406 7.151886940002441 324.9059143066406 80.63730716705322 252.78817749023438 80.63730716705322
252.3404998779297 6.615550994873047 324.9336929321289 6.615550994873047 324.9336929321289 80.04882431030273 252.3404998779297 80.04882431030273
252.7891082763672 7.026985168457031 325.7060241699219 7.026985168457031 325.7060241699219 80.63313293457031 252.7891082763672 80.63313293457031
252.4940643310547 6.512495994567871 325.52777099609375 6.512495994567871 325.52777099609375 80.59804439544678 252.4940643310547 80.59804439544678
252.27194213867188 6.804146766662598 325.83595275878906 6.804146766662598 325.83595275878906 80.94399356842041 252.27194213867188 80.94399356842041
252.51974487304688 6.739663124084473 325.83885192871094 6.739663124084473 325.83885192871094 80.77370548248291 252.51974487304688 80.77370548248291
252.175048828125 6.651557922363281 325.4018096923828 6.651557922363281 325.4018096923828 79.74569702148438 252.175048828125 79.74569702148438
251.86471557617188 5.538851737976074 325.3326873779297 5.538851737976074 325.3326873779297 79.49688243865967 251.86471557617188 79.49688243865967
252.6278533935547 5.996419429779053 325.4162368774414 5.996419429779053 325.4162368774414 78.88431310653687 252.6278533935547 78.88431310653687
252.4583282470703 5.971983432769775 325.4708938598633 5.971983432769775 325.4708938598633 78.9044861793518 252.4583282470703 78.9044861793518
252.48739624023438 5.740716457366943 325.51934814453125 5.740716457366943 325.51934814453125 78.942880153656 252.48739624023438 78.942880153656
252.8935089111328 5.795783042907715 326.0583267211914 5.795783042907715 326.0583267211914 78.60915279388428 252.8935089111328 78.60915279388428
254.0089874267578 6.141129970550537 326.15673828125 6.141129970550537 326.15673828125 78.49496603012085 254.0089874267578 78.49496603012085
255.136474609375 6.1168317794799805 326.8385467529297 6.1168317794799805 326.8385467529297 78.72262859344482 255.136474609375 78.72262859344482
255.330810546875 6.238860130310059 326.8721694946289 6.238860130310059 326.8721694946289 78.63432216644287 255.330810546875 78.63432216644287
254.9333038330078 5.959072113037109 326.36702728271484 5.959072113037109 326.36702728271484 77.41936111450195 254.9333038330078 77.41936111450195
255.5562286376953 6.509026527404785 326.68438720703125 6.509026527404785 326.68438720703125 77.26612186431885 255.5562286376953 77.26612186431885
255.8925018310547 6.674701690673828 326.9039077758789 6.674701690673828 326.9039077758789 77.30569839477539 255.8925018310547 77.30569839477539
256.2161560058594 6.637882232666016 326.17903900146484 6.637882232666016 326.17903900146484 76.08964920043945 256.2161560058594 76.08964920043945
256.5262756347656 6.720237731933594 326.4206848144531 6.720237731933594 326.4206848144531 76.61912536621094 256.5262756347656 76.61912536621094
257.0457458496094 7.335762977600098 326.97464752197266 7.335762977600098 326.97464752197266 77.06981754302979 257.0457458496094 77.06981754302979
257.099853515625 7.270692348480225 327.08331298828125 7.270692348480225 327.08331298828125 76.90886068344116 257.099853515625 76.90886068344116
257.34588623046875 6.597986698150635 327.10787200927734 6.597986698150635 327.10787200927734 76.13205194473267 257.34588623046875 76.13205194473267
257.20709228515625 6.667189598083496 327.02061462402344 6.667189598083496 327.02061462402344 75.599928855896 257.20709228515625 75.599928855896
257.09527587890625 6.257590293884277 326.90040588378906 6.257590293884277 326.90040588378906 75.59045314788818 257.09527587890625 75.59045314788818
258.0576171875 7.628027439117432 328.2999954223633 7.628027439117432 328.2999954223633 76.79843759536743 258.0576171875 76.79843759536743
257.6493835449219 6.2729339599609375 328.0195770263672 6.2729339599609375 328.0195770263672 76.68174743652344 257.6493835449219 76.68174743652344
257.8388671875 6.32967472076416 328.41036224365234 6.32967472076416 328.41036224365234 76.6129846572876 257.8388671875 76.6129846572876
258.1817932128906 6.758148193359375 328.9488067626953 6.758148193359375 328.9488067626953 77.40174865722656 258.1817932128906 77.40174865722656
258.2987976074219 7.190859794616699 329.5959167480469 7.190859794616699 329.5959167480469 78.34880352020264 258.2987976074219 78.34880352020264
258.3002014160156 6.009499549865723 329.74671936035156 6.009499549865723 329.74671936035156 78.31639957427979 258.3002014160156 78.31639957427979
258.4806213378906 6.381046295166016 330.66444396972656 6.381046295166016 330.66444396972656 79.37090682983398 258.4806213378906 79.37090682983398
258.8570556640625 6.241082668304443 330.85025787353516 6.241082668304443 330.85025787353516 79.52196645736694 258.8570556640625 79.52196645736694
258.65313720703125 6.6977667808532715 331.0558624267578 6.6977667808532715 331.0558624267578 80.07919073104858 258.65313720703125 80.07919073104858
258.3475646972656 6.347434043884277 330.9363784790039 6.347434043884277 330.9363784790039 79.64054775238037 258.3475646972656 79.64054775238037
258.7603454589844 6.471152305603027 331.4571838378906 6.471152305603027 331.4571838378906 80.35935115814209 258.7603454589844 80.35935115814209
259.50274658203125 7.102307319641113 332.53772735595703 7.102307319641113 332.53772735595703 81.59972095489502 259.50274658203125 81.59972095489502
259.917724609375 7.100037574768066 332.6126251220703 7.100037574768066 332.6126251220703 80.97464847564697 259.917724609375 80.97464847564697
260.89898681640625 6.874153137207031 333.39060974121094 6.874153137207031 333.39060974121094 81.23870086669922 260.89898681640625 81.23870086669922
261.67364501953125 6.034460544586182 333.4866256713867 6.034460544586182 333.4866256713867 80.27402353286743 261.67364501953125 80.27402353286743
262.38238525390625 5.669983863830566 333.45386505126953 5.669983863830566 333.45386505126953 79.44429111480713 262.38238525390625 79.44429111480713
263.5656433105469 6.323785305023193 333.85011291503906 6.323785305023193 333.85011291503906 79.44435262680054 263.5656433105469 79.44435262680054
265.021728515625 7.007696628570557 335.20982360839844 7.007696628570557 335.20982360839844 79.50649118423462 265.021728515625 79.50649118423462
266.083984375 6.913376808166504 335.4583740234375 6.913376808166504 335.4583740234375 79.04443454742432 266.083984375 79.04443454742432
268.1468200683594 7.519139766693115 336.2045669555664 7.519139766693115 336.2045669555664 78.98941564559937 268.1468200683594 78.98941564559937
270.7477111816406 6.764945983886719 337.2030792236328 6.764945983886719 337.2030792236328 77.73422241210938 270.7477111816406 77.73422241210938
271.6208190917969 6.967513084411621 338.4533004760742 6.967513084411621 338.4533004760742 77.7631368637085 271.6208190917969 77.7631368637085
272.6724548339844 6.418115139007568 339.53199005126953 6.418115139007568 339.53199005126953 77.36412191390991 272.6724548339844 77.36412191390991
273.60809326171875 6.339125633239746 340.83497619628906 6.339125633239746 340.83497619628906 77.93127346038818 273.60809326171875 77.93127346038818
274.4551696777344 6.269177436828613 342.07969665527344 6.269177436828613 342.07969665527344 77.68968677520752 274.4551696777344 77.68968677520752
275.85614013671875 5.666253566741943 343.41182708740234 5.666253566741943 343.41182708740234 77.25315237045288 275.85614013671875 77.25315237045288
277.02532958984375 5.6477155685424805 344.22571563720703 5.6477155685424805 344.22571563720703 76.53063488006592 277.02532958984375 76.53063488006592
278.1614074707031 5.5436530113220215 344.7438507080078 5.5436530113220215 344.7438507080078 75.68453741073608 278.1614074707031 75.68453741073608
279.79644775390625 5.40627384185791 345.39344787597656 5.40627384185791 345.39344787597656 75.5344934463501 279.79644775390625 75.5344934463501
280.6418762207031 5.240349769592285 346.57765197753906 5.240349769592285 346.57765197753906 75.48877048492432 280.6418762207031 75.48877048492432
281.80157470703125 5.196242332458496 347.3324432373047 5.196242332458496 347.3324432373047 75.01476955413818 281.80157470703125 75.01476955413818
282.6305847167969 4.353821754455566 349.0875015258789 4.353821754455566 349.0875015258789 75.81842136383057 282.6305847167969 75.81842136383057
283.9591979980469 4.388072967529297 349.97484588623047 4.388072967529297 349.97484588623047 75.89015579223633 283.9591979980469 75.89015579223633
285.27374267578125 5.40429162979126 351.1445999145508 5.40429162979126 351.1445999145508 76.78024530410767 285.27374267578125 76.78024530410767
286.8305358886719 6.433182716369629 351.8038635253906 6.433182716369629 351.8038635253906 76.02846622467041 286.8305358886719 76.02846622467041
287.3902587890625 5.998530387878418 353.28588104248047 5.998530387878418 353.28588104248047 77.2346830368042 287.3902587890625 77.2346830368042
289.47235107421875 7.136435508728027 355.00171661376953 7.136435508728027 355.00171661376953 78.20186519622803 289.47235107421875 78.20186519622803
289.2030334472656 5.814684867858887 355.4452362060547 5.814684867858887 355.4452362060547 77.82776165008545 289.2030334472656 77.82776165008545
290.04644775390625 6.005166053771973 356.3734588623047 6.005166053771973 356.3734588623047 78.87031650543213 290.04644775390625 78.87031650543213
290.2938537597656 5.664798736572266 356.4686737060547 5.664798736572266 356.4686737060547 78.98505020141602 290.2938537597656 78.98505020141602
290.97479248046875 6.065329551696777 356.9940185546875 6.065329551696777 356.9940185546875 79.46543025970459 290.97479248046875 79.46543025970459
291.1805114746094 6.3750481605529785 357.5538787841797 6.3750481605529785 357.5538787841797 80.95196771621704 291.1805114746094 80.95196771621704
291.73468017578125 7.114985466003418 358.1995086669922 7.114985466003418 358.1995086669922 82.30089092254639 291.73468017578125 82.30089092254639
292.1473693847656 7.988226413726807 358.3537139892578 7.988226413726807 358.3537139892578 83.48625040054321 292.1473693847656 83.48625040054321
291.735595703125 7.7958807945251465 358.77210998535156 7.7958807945251465 358.77210998535156 84.64440679550171 291.735595703125 84.64440679550171
292.4766845703125 8.240575790405273 358.92601013183594 8.240575790405273 358.92601013183594 84.87102317810059 292.4766845703125 84.87102317810059
292.39276123046875 6.8790998458862305 359.0348663330078 6.8790998458862305 359.0348663330078 84.72431468963623 292.39276123046875 84.72431468963623
292.5439758300781 7.727450370788574 359.3600387573242 7.727450370788574 359.3600387573242 85.01106548309326 292.5439758300781 85.01106548309326
292.1167907714844 7.772416114807129 360.6178741455078 7.772416114807129 360.6178741455078 85.98624515533447 292.1167907714844 85.98624515533447
291.5365905761719 7.432481288909912 361.56561279296875 7.432481288909912 361.56561279296875 87.92572164535522 291.5365905761719 87.92572164535522
291.69580078125 7.32415771484375 361.4182434082031 7.32415771484375 361.4182434082031 87.64201354980469 291.69580078125 87.64201354980469
291.184326171875 6.0496978759765625 361.4396743774414 6.0496978759765625 361.4396743774414 87.9869384765625 291.184326171875 87.9869384765625
291.90289306640625 5.414549827575684 361.1310577392578 5.414549827575684 361.1310577392578 88.51457118988037 291.90289306640625 88.51457118988037
292.40753173828125 4.9317522048950195 361.5744094848633 4.9317522048950195 361.5744094848633 87.74453449249268 292.40753173828125 87.74453449249268
293.15191650390625 2.8215034008026123 361.7528839111328 2.8215034008026123 361.7528839111328 88.01219248771667 293.15191650390625 88.01219248771667
293.5849304199219 1.5502738952636719 361.2010192871094 1.5502738952636719 361.2010192871094 87.39571762084961 293.5849304199219 87.39571762084961
294.006103515625 0.4018600583076477 361.5291442871094 0.4018600583076477 361.5291442871094 86.06896668672562 294.006103515625 86.06896668672562
294.592529296875 0.0 361.5697784423828 0.0 361.5697784423828 84.1729736328125 294.592529296875 84.1729736328125
295.35205078125 0.20687714219093323 361.04222869873047 0.20687714219093323 361.04222869873047 83.05241242051125 295.35205078125 83.05241242051125
295.1326599121094 0.0 360.72606658935547 0.0 360.72606658935547 81.94071197509766 295.1326599121094 81.94071197509766
295.67645263671875 0.0 360.4582214355469 0.0 360.4582214355469 80.58018493652344 295.67645263671875 80.58018493652344
296.23590087890625 0.06495209038257599 360.3046188354492 0.06495209038257599 360.3046188354492 80.2113678008318 296.23590087890625 80.2113678008318
296.14508056640625 0.0 360.42317962646484 0.0 360.42317962646484 80.336669921875 296.14508056640625 80.336669921875
296.2989196777344 0.0 360.1573791503906 0.0 360.1573791503906 79.90721893310547 296.2989196777344 79.90721893310547
296.218994140625 0.045978546142578125 360.6287384033203 0.045978546142578125 360.6287384033203 79.87313461303711 296.218994140625 79.87313461303711
296.622314453125 1.2481231689453125 360.2585144042969 1.2481231689453125 360.2585144042969 79.32469940185547 296.622314453125 79.32469940185547
297.0351867675781 2.728271484375 360.70702362060547 2.728271484375 360.70702362060547 79.45828247070312 297.0351867675781 79.45828247070312
297.24615478515625 3.184762477874756 360.3365592956543 3.184762477874756 360.3365592956543 78.30412435531616 297.24615478515625 78.30412435531616
297.273681640625 4.240509033203125 360.5238571166992 4.240509033203125 360.5238571166992 78.02632904052734 297.273681640625 78.02632904052734
296.3392639160156 4.866947174072266 360.55191802978516 4.866947174072266 360.55191802978516 78.58038711547852 296.3392639160156 78.58038711547852
296.4189147949219 5.356054782867432 360.1521415710449 5.356054782867432 360.1521415710449 77.96488046646118 296.4189147949219 77.96488046646118
296.11468505859375 6.020271301269531 360.0175361633301 6.020271301269531 360.0175361633301 78.59614562988281 296.11468505859375 78.59614562988281
295.7494201660156 6.032568454742432 359.4194145202637 6.032568454742432 359.4194145202637 78.05650186538696 295.7494201660156 78.05650186538696
295.41497802734375 6.571322441101074 359.4792251586914 6.571322441101074 359.4792251586914 78.1617841720581 295.41497802734375 78.1617841720581
295.08966064453125 5.868380546569824 359.0623359680176 5.868380546569824 359.0623359680176 77.03493022918701 295.08966064453125 77.03493022918701
294.65350341796875 6.0354156494140625 358.58606719970703 6.0354156494140625 358.58606719970703 76.12921905517578 294.65350341796875 76.12921905517578
293.6177673339844 6.1467084884643555 358.22264099121094 6.1467084884643555 358.22264099121094 76.27854442596436 293.6177673339844 76.27854442596436
292.8406066894531 6.414668083190918 358.0392608642578 6.414668083190918 358.0392608642578 76.75892162322998 292.8406066894531 76.75892162322998
292.3830871582031 6.5261945724487305 357.25611114501953 6.5261945724487305 357.25611114501953 76.09011363983154 292.3830871582031 76.09011363983154
291.611083984375 6.4581451416015625 356.88265228271484 6.4581451416015625 356.88265228271484 76.3268814086914 291.611083984375 76.3268814086914
290.8871765136719 6.344029903411865 356.4670104980469 6.344029903411865 356.4670104980469 76.52828741073608 290.8871765136719 76.52828741073608
289.92657470703125 6.822630405426025 355.7726058959961 6.822630405426025 355.7726058959961 77.78832864761353 289.92657470703125 77.78832864761353
289.2657470703125 7.084508419036865 355.21114349365234 7.084508419036865 355.21114349365234 78.24816656112671 289.2657470703125 78.24816656112671
288.3616638183594 6.738370418548584 354.68016815185547 6.738370418548584 354.68016815185547 78.47852087020874 288.3616638183594 78.47852087020874
287.8884582519531 6.764089107513428 354.0613098144531 6.764089107513428 354.0613098144531 77.82211065292358 287.8884582519531 77.82211065292358
286.47882080078125 5.860570430755615 353.06099700927734 5.860570430755615 353.06099700927734 77.83577489852905 286.47882080078125 77.83577489852905
286.04583740234375 6.281163692474365 352.2552032470703 6.281163692474365 352.2552032470703 77.63794469833374 286.04583740234375 77.63794469833374
285.7864990234375 6.643373966217041 351.5631637573242 6.643373966217041 351.5631637573242 76.75563287734985 285.7864990234375 76.75563287734985
285.26666259765625 6.359543800354004 351.1154479980469 6.359543800354004 351.1154479980469 76.28348636627197 285.26666259765625 76.28348636627197
284.5506286621094 5.99694299697876 350.1234664916992 5.99694299697876 350.1234664916992 75.25735712051392 284.5506286621094 75.25735712051392
284.68389892578125 5.633004665374756 349.86688232421875 5.633004665374756 349.86688232421875 74.59700918197632 284.68389892578125 74.59700918197632
284.22552490234375 5.6479339599609375 349.1487731933594 5.6479339599609375 349.1487731933594 74.5639877319336 284.22552490234375 74.5639877319336
284.25848388671875 5.86557674407959 348.8633117675781 5.86557674407959 348.8633117675781 74.39926815032959 284.25848388671875 74.39926815032959
284.6454162597656 6.630837917327881 348.49784088134766 6.630837917327881 348.49784088134766 73.9210753440857 284.6454162597656 73.9210753440857
283.9333190917969 6.457715034484863 348.00794982910156 6.457715034484863 348.00794982910156 73.30900287628174 283.9333190917969 73.30900287628174
283.83697509765625 5.719291687011719 348.2130355834961 5.719291687011719 348.2130355834961 72.949951171875 283.83697509765625 72.949951171875
284.1564636230469 5.9435014724731445 347.76313400268555 5.9435014724731445 347.76313400268555 73.0703935623169 284.1564636230469 73.0703935623169
284.28790283203125 5.784232139587402 346.8888244628906 5.784232139587402 346.8888244628906 72.6205587387085 284.28790283203125 72.6205587387085
283.5365295410156 5.435577392578125 346.21564865112305 5.435577392578125 346.21564865112305 72.22759246826172 283.5365295410156 72.22759246826172
283.4337463378906 5.389652252197266 346.19050216674805 5.389652252197266 346.19050216674805 72.07448196411133 283.4337463378906 72.07448196411133
283.72454833984375 5.533033847808838 346.3993148803711 5.533033847808838 346.3993148803711 72.22678232192993 283.72454833984375 72.22678232192993
284.2479553222656 5.346282958984375 347.1738471984863 5.346282958984375 347.1738471984863 72.73038482666016 284.2479553222656 72.73038482666016
284.87640380859375 5.262138366699219 348.0789108276367 5.262138366699219 348.0789108276367 72.85987091064453 284.87640380859375 72.85987091064453
285.5060119628906 5.647353172302246 348.6711730957031 5.647353172302246 348.6711730957031 72.96156215667725 285.5060119628906 72.96156215667725
286.2850036621094 5.25570821762085 349.7335090637207 5.25570821762085 349.7335090637207 73.07753133773804 286.2850036621094 73.07753133773804
287.307861328125 5.419830322265625 350.18363189697266 5.419830322265625 350.18363189697266 72.79305267333984 287.307861328125 72.79305267333984
287.8199462890625 5.641002655029297 351.9464340209961 5.641002655029297 351.9464340209961 73.8817024230957 287.8199462890625 73.8817024230957
288.3636779785156 5.2359113693237305 352.2152404785156 5.2359113693237305 352.2152404785156 73.93252086639404 288.3636779785156 73.93252086639404
288.9825744628906 5.803094387054443 352.2116012573242 5.803094387054443 352.2116012573242 73.84858846664429 288.9825744628906 73.84858846664429
289.42333984375 6.358168601989746 352.4352035522461 6.358168601989746 352.4352035522461 73.8412618637085 289.42333984375 73.8412618637085
289.15509033203125 5.677821159362793 352.2362861633301 5.677821159362793 352.2362861633301 74.66072368621826 289.15509033203125 74.66072368621826
289.33197021484375 6.552933692932129 353.07552337646484 6.552933692932129 353.07552337646484 75.89584445953369 289.33197021484375 75.89584445953369
289.0632019042969 6.2047438621521 353.0158805847168 6.2047438621521 353.0158805847168 76.42672872543335 289.0632019042969 76.42672872543335
289.520263671875 6.584254264831543 353.6698913574219 6.584254264831543 353.6698913574219 77.38674449920654 289.520263671875 77.38674449920654
289.819580078125 7.026994228363037 353.86595153808594 7.026994228363037 353.86595153808594 77.60263967514038 289.819580078125 77.60263967514038
289.1455078125 6.270698547363281 353.5789337158203 6.270698547363281 353.5789337158203 76.3907470703125 289.1455078125 76.3907470703125
289.4241027832031 6.80106258392334 354.01075744628906 6.80106258392334 354.01075744628906 77.25826930999756 289.4241027832031 77.25826930999756
289.4064636230469 6.03402853012085 353.9374771118164 6.03402853012085 353.9374771118164 76.11506795883179 289.4064636230469 76.11506795883179
289.2714538574219 5.999970436096191 354.3821563720703 5.999970436096191 354.3821563720703 77.54847812652588 289.2714538574219 77.54847812652588
287.9014587402344 5.0419602394104 353.28675842285156 5.0419602394104 353.28675842285156 77.49980783462524 287.9014587402344 77.49980783462524
286.01397705078125 4.856199741363525 352.85621643066406 4.856199741363525 352.85621643066406 78.18611001968384 286.01397705078125 78.18611001968384
283.78839111328125 5.049253940582275 351.9591293334961 5.049253940582275 351.9591293334961 80.74517679214478 283.78839111328125 80.74517679214478
282.5445556640625 6.486131191253662 352.6341857910156 6.486131191253662 352.6341857910156 84.08795309066772 282.5445556640625 84.08795309066772
280.43182373046875 5.5178632736206055 352.27667236328125 5.5178632736206055 352.27667236328125 85.5108289718628 280.43182373046875 85.5108289718628
279.572998046875 6.584781646728516 350.2924346923828 6.584781646728516 350.2924346923828 84.6870231628418 279.572998046875 84.6870231628418
278.19671630859375 6.507010459899902 348.47308349609375 6.507010459899902 348.47308349609375 84.07491207122803 278.19671630859375 84.07491207122803
276.97467041015625 6.1268768310546875 347.3865203857422 6.1268768310546875 347.3865203857422 83.30477905273438 276.97467041015625 83.30477905273438
276.9446716308594 5.544299125671387 347.17669677734375 5.544299125671387 347.17669677734375 82.64982891082764 276.9446716308594 82.64982891082764
276.6069641113281 4.867619514465332 347.0405578613281 4.867619514465332 347.0405578613281 82.2642412185669 276.6069641113281 82.2642412185669
276.7493591308594 5.2874603271484375 346.54310607910156 5.2874603271484375 346.54310607910156 82.0717544555664 276.7493591308594 82.0717544555664
276.693115234375 5.520209312438965 346.43458557128906 5.520209312438965 346.43458557128906 82.45810604095459 276.693115234375 82.45810604095459
276.87200927734375 5.433109283447266 345.30985260009766 5.433109283447266 345.30985260009766 82.67996597290039 276.87200927734375 82.67996597290039
276.0667419433594 5.7340850830078125 344.41907501220703 5.7340850830078125 344.41907501220703 83.68628692626953 276.0667419433594 83.68628692626953
276.0788879394531 6.077398777008057 342.9408874511719 6.077398777008057 342.9408874511719 83.68717813491821 276.0788879394531 83.68717813491821
275.72576904296875 6.1674675941467285 342.56714630126953 6.1674675941467285 342.56714630126953 83.97390985488892 275.72576904296875 83.97390985488892
275.0370178222656 5.510667324066162 342.8036117553711 5.510667324066162 342.8036117553711 84.84135580062866 275.0370178222656 84.84135580062866
274.637451171875 3.6972579956054688 341.49866485595703 3.6972579956054688 341.49866485595703 84.52136993408203 274.637451171875 84.52136993408203
274.21746826171875 1.7024520635604858 341.50899505615234 1.7024520635604858 341.50899505615234 85.00605618953705 274.21746826171875 85.00605618953705
274.0406188964844 1.3879066705703735 340.22889709472656 1.3879066705703735 340.22889709472656 84.58201372623444 274.0406188964844 84.58201372623444
273.4258728027344 0.9776817560195923 340.153076171875 0.9776817560195923 340.153076171875 84.6051994562149 273.4258728027344 84.6051994562149
273.01666259765625 0.402099609375 339.63195037841797 0.402099609375 339.63195037841797 84.26885986328125 273.01666259765625 84.26885986328125
272.0629577636719 0.0022140503861010075 338.9020462036133 0.0022140503861010075 338.9020462036133 83.92660675058141 272.0629577636719 83.92660675058141
271.43914794921875 0.0 338.8881607055664 0.0 338.8881607055664 84.34020233154297 271.43914794921875 84.34020233154297
271.148681640625 0.0 338.5352020263672 0.0 338.5352020263672 83.75524139404297 271.148681640625 83.75524139404297
271.64599609375 0.0 337.4839630126953 0.0 337.4839630126953 82.56282043457031 271.64599609375 82.56282043457031
270.3440856933594 0.0 337.4922180175781 0.0 337.4922180175781 84.07644653320312 270.3440856933594 84.07644653320312
269.29522705078125 0.0 336.3816680908203 0.0 336.3816680908203 83.9177017211914 269.29522705078125 83.9177017211914
268.46697998046875 0.0 335.36280822753906 0.0 335.36280822753906 83.64234924316406 268.46697998046875 83.64234924316406
268.4258117675781 0.0 335.00022888183594 0.0 335.00022888183594 83.4929428100586 268.4258117675781 83.4929428100586
267.4024963378906 0.048535920679569244 334.0752410888672 0.048535920679569244 334.0752410888672 83.14896927028894 267.4024963378906 83.14896927028894
266.71893310546875 0.059349823743104935 333.0565643310547 0.059349823743104935 333.0565643310547 82.90247421339154 266.71893310546875 82.90247421339154
264.98870849609375 0.0 332.84645080566406 0.0 332.84645080566406 84.717529296875 264.98870849609375 84.717529296875
264.17791748046875 0.0 331.3367614746094 0.0 331.3367614746094 83.22539520263672 264.17791748046875 83.22539520263672
263.8380432128906 0.0 330.58299255371094 0.0 330.58299255371094 83.04143524169922 263.8380432128906 83.04143524169922
263.791748046875 0.0 329.2360382080078 0.0 329.2360382080078 82.0132827758789 263.791748046875 82.0132827758789
263.8605651855469 0.0 328.5358581542969 0.0 328.5358581542969 81.36155700683594 263.8605651855469 81.36155700683594
263.0570373535156 0.0 327.2823257446289 0.0 327.2823257446289 81.04440307617188 263.0570373535156 81.04440307617188
263.18011474609375 0.0 327.1351013183594 0.0 327.1351013183594 80.7451400756836 263.18011474609375 80.7451400756836
263.0133361816406 0.0 327.19776153564453 0.0 327.19776153564453 80.88704681396484 263.0133361816406 80.88704681396484
263.1990966796875 0.0 326.9701919555664 0.0 326.9701919555664 80.74935913085938 263.1990966796875 80.74935913085938
262.93798828125 0.0 326.6780891418457 0.0 326.6780891418457 80.49516296386719 262.93798828125 80.49516296386719
263.1431579589844 0.0 327.32140350341797 0.0 327.32140350341797 81.17432403564453 263.1431579589844 81.17432403564453
263.37677001953125 0.0 327.0564079284668 0.0 327.0564079284668 81.40416717529297 263.37677001953125 81.40416717529297
263.75885009765625 0.18465423583984375 327.1807441711426 0.18465423583984375 327.1807441711426 81.00218200683594 263.75885009765625 81.00218200683594
263.1333923339844 0.0 327.8599395751953 0.0 327.8599395751953 82.17481994628906 263.1333923339844 82.17481994628906
262.85882568359375 0.0 328.25289154052734 0.0 328.25289154052734 83.15397644042969 262.85882568359375 83.15397644042969
262.7848205566406 0.0 329.2854461669922 0.0 329.2854461669922 84.99071502685547 262.7848205566406 84.99071502685547
262.68377685546875 0.0 330.08897399902344 0.0 330.08897399902344 86.07449340820312 262.68377685546875 86.07449340820312
263.5849914550781 0.0 329.61366271972656 0.0 329.61366271972656 85.73958587646484 263.5849914550781 85.73958587646484
264.1663513183594 0.0 329.87994384765625 0.0 329.87994384765625 86.19566345214844 264.1663513183594 86.19566345214844
264.33856201171875 0.356893926858902 329.2185745239258 0.356893926858902 329.2185745239258 85.46096649765968 264.33856201171875 85.46096649765968
263.2378234863281 2.08979868888855 328.4834289550781 2.08979868888855 328.4834289550781 86.93795847892761 263.2378234863281 86.93795847892761
262.9023132324219 4.1845855712890625 329.7230987548828 4.1845855712890625 329.7230987548828 89.51500701904297 262.9023132324219 89.51500701904297
262.09661865234375 4.129256248474121 328.7244873046875 4.129256248474121 328.7244873046875 87.78259181976318 262.09661865234375 87.78259181976318
261.49835205078125 5.034140110015869 329.043212890625 5.034140110015869 329.043212890625 87.08438730239868 261.49835205078125 87.08438730239868
260.72955322265625 5.185671329498291 328.6115188598633 5.185671329498291 328.6115188598633 86.3975396156311 260.72955322265625 86.3975396156311
259.24517822265625 5.15219259262085 327.9329605102539 5.15219259262085 327.9329605102539 86.94123220443726 259.24517822265625 86.94123220443726
258.9366149902344 5.334809303283691 327.77416229248047 5.334809303283691 327.77416229248047 86.56107425689697 258.9366149902344 86.56107425689697
258.68084716796875 5.534428596496582 327.4765396118164 5.534428596496582 327.4765396118164 86.05297565460205 258.68084716796875 86.05297565460205
258.7148742675781 5.603074550628662 327.50829315185547 5.603074550628662 327.50829315185547 86.4442458152771 258.7148742675781 86.4442458152771
258.4405822753906 4.84459924697876 326.84752655029297 4.84459924697876 326.84752655029297 85.54710626602173 258.4405822753906 85.54710626602173
259.0682678222656 6.650010108947754 327.5720672607422 6.650010108947754 327.5720672607422 86.38546848297119 259.0682678222656 86.38546848297119
258.8946228027344 6.527070045471191 327.82999420166016 6.527070045471191 327.82999420166016 87.45935153961182 258.8946228027344 87.45935153961182
258.94403076171875 7.021569728851318 328.40257263183594 7.021569728851318 328.40257263183594 88.45099020004272 258.94403076171875 88.45099020004272
259.0308837890625 7.334836006164551 329.3180160522461 7.334836006164551 329.3180160522461 89.93317890167236 259.0308837890625 89.93317890167236
259.28155517578125 7.137487888336182 330.4937973022461 7.137487888336182 330.4937973022461 90.515127658844 259.28155517578125 90.515127658844
258.8594665527344 6.534798622131348 331.0459671020508 6.534798622131348 331.0459671020508 90.97957706451416 258.8594665527344 90.97957706451416
259.1875915527344 5.417046546936035 332.85741424560547 5.417046546936035 332.85741424560547 92.82547855377197 259.1875915527344 92.82547855377197
259.98541259765625 5.427877902984619 334.44471740722656 5.427877902984619 334.44471740722656 93.60703134536743 259.98541259765625 93.60703134536743
260.3533020019531 6.377920627593994 335.9441833496094 6.377920627593994 335.9441833496094 94.42642831802368 260.3533020019531 94.42642831802368
261.0029602050781 6.0586700439453125 338.21722412109375 6.0586700439453125 338.21722412109375 95.49630737304688 261.0029602050781 95.49630737304688
262.3892822265625 7.932929039001465 341.7019805908203 7.932929039001465 341.7019805908203 96.88024044036865 262.3892822265625 96.88024044036865
263.57489013671875 8.71986198425293 343.5846862792969 8.71986198425293 343.5846862792969 97.60815238952637 263.57489013671875 97.60815238952637
264.4581604003906 9.652900695800781 345.05389404296875 9.652900695800781 345.05389404296875 99.18093872070312 264.4581604003906 99.18093872070312
265.0464782714844 9.744794845581055 346.4620361328125 9.744794845581055 346.4620361328125 99.86918449401855 265.0464782714844 99.86918449401855
266.55029296875 10.561296463012695 348.79235076904297 10.561296463012695 348.79235076904297 102.00803565979004 266.55029296875 102.00803565979004
269.41607666015625 11.946263313293457 351.78834533691406 11.946263313293457 351.78834533691406 103.08730792999268 269.41607666015625 103.08730792999268
270.65655517578125 12.740388870239258 353.6012420654297 12.740388870239258 353.6012420654297 102.5256519317627 270.65655517578125 102.5256519317627
272.2501525878906 13.286308288574219 355.66663360595703 13.286308288574219 355.66663360595703 103.0543212890625 272.2501525878906 103.0543212890625
273.41290283203125 13.577560424804688 356.6657180786133 13.577560424804688 356.6657180786133 104.24742889404297 273.41290283203125 104.24742889404297
274.2938537597656 12.753305435180664 356.76853942871094 12.753305435180664 356.76853942871094 103.23210334777832 274.2938537597656 103.23210334777832
276.1979064941406 12.602027893066406 357.62975311279297 12.602027893066406 357.62975311279297 104.01363372802734 276.1979064941406 104.01363372802734
277.31793212890625 12.753392219543457 358.5207824707031 12.753392219543457 358.5207824707031 103.61840534210205 277.31793212890625 103.61840534210205
277.9841613769531 13.161480903625488 358.9570846557617 13.161480903625488 358.9570846557617 104.1726427078247 277.9841613769531 104.1726427078247
278.6596984863281 12.916885375976562 358.5392837524414 12.916885375976562 358.5392837524414 104.66049194335938 278.6596984863281 104.66049194335938
278.84210205078125 12.9926118850708 359.86293029785156 12.9926118850708 359.86293029785156 105.55576038360596 278.84210205078125 105.55576038360596
278.45147705078125 12.825838088989258 360.0675048828125 12.825838088989258 360.0675048828125 107.90437507629395 278.45147705078125 107.90437507629395
277.89154052734375 11.881295204162598 360.4403533935547 11.881295204162598 360.4403533935547 109.40608310699463 277.89154052734375 109.40608310699463
277.83026123046875 11.607512474060059 360.5275421142578 11.607512474060059 360.5275421142578 110.4123067855835 277.83026123046875 110.4123067855835
277.2471923828125 12.05152702331543 360.02012634277344 12.05152702331543 360.02012634277344 110.43198204040527 277.2471923828125 110.43198204040527
277.46380615234375 11.378268241882324 360.22373962402344 11.378268241882324 360.22373962402344 110.90112590789795 277.46380615234375 110.90112590789795
276.5103454589844 11.567742347717285 360.7863006591797 11.567742347717285 360.7863006591797 111.81433963775635 276.5103454589844 111.81433963775635
276.8684997558594 12.393312454223633 360.6011505126953 12.393312454223633 360.6011505126953 112.19077491760254 276.8684997558594 112.19077491760254
276.53631591796875 11.140113830566406 359.9171142578125 11.140113830566406 359.9171142578125 110.85789489746094 276.53631591796875 110.85789489746094
277.53656005859375 11.723527908325195 359.48529052734375 11.723527908325195 359.48529052734375 109.80853462219238 277.53656005859375 109.80853462219238
278.10516357421875 12.57469367980957 360.8127899169922 12.57469367980957 360.8127899169922 109.14413642883301 278.10516357421875 109.14413642883301
277.8943786621094 12.9387788772583 359.9176712036133 12.9387788772583 359.9176712036133 109.54565906524658 277.8943786621094 109.54565906524658
277.60626220703125 13.152880668640137 360.2724609375 13.152880668640137 360.2724609375 109.5698881149292 277.60626220703125 109.5698881149292
278.23876953125 13.420147895812988 359.26644134521484 13.420147895812988 359.26644134521484 108.7455644607544 278.23876953125 108.7455644607544
278.57513427734375 12.809518814086914 359.09461975097656 12.809518814086914 359.09461975097656 107.90739631652832 278.57513427734375 107.90739631652832
279.12884521484375 13.73481559753418 358.9591293334961 13.73481559753418 358.9591293334961 107.2761287689209 279.12884521484375 107.2761287689209
280.0508728027344 13.462102890014648 359.9503479003906 13.462102890014648 359.9503479003906 107.57406425476074 280.0508728027344 107.57406425476074
280.80023193359375 13.443142890930176 360.41703033447266 13.443142890930176 360.41703033447266 106.49017810821533 280.80023193359375 106.49017810821533
281.76409912109375 13.219572067260742 361.11597442626953 13.219572067260742 361.11597442626953 106.4846248626709 281.76409912109375 106.4846248626709
282.5157775878906 12.828580856323242 361.720458984375 12.828580856323242 361.720458984375 106.20048332214355 282.5157775878906 106.20048332214355
282.7198486328125 11.759544372558594 362.3488311767578 11.759544372558594 362.3488311767578 105.81458282470703 282.7198486328125 105.81458282470703
283.1803894042969 11.506860733032227 362.9374237060547 11.506860733032227 362.9374237060547 105.93918800354004 283.1803894042969 105.93918800354004
283.6884460449219 11.593321800231934 363.5152130126953 11.593321800231934 363.5152130126953 106.89962673187256 283.6884460449219 106.89962673187256
284.0449523925781 10.489363670349121 363.58557891845703 10.489363670349121 363.58557891845703 107.25921535491943 284.0449523925781 107.25921535491943
284.7862854003906 12.368124008178711 364.59886169433594 12.368124008178711 364.59886169433594 108.49932670593262 284.7862854003906 108.49932670593262
287.32977294921875 11.42955493927002 365.3237533569336 11.42955493927002 365.3237533569336 109.83115100860596 287.32977294921875 109.83115100860596
289.0456237792969 10.724142074584961 365.38648986816406 10.724142074584961 365.38648986816406 109.49289512634277 289.0456237792969 109.49289512634277
289.1585388183594 6.8420090675354 365.66368865966797 6.8420090675354 365.66368865966797 107.32417154312134 289.1585388183594 107.32417154312134
290.916748046875 7.025059700012207 366.6900177001953 7.025059700012207 366.6900177001953 107.17529010772705 290.916748046875 107.17529010772705
292.43206787109375 7.424259185791016 368.32433319091797 7.424259185791016 368.32433319091797 107.06647109985352 292.43206787109375 107.06647109985352
292.2032470703125 5.884043216705322 368.58274841308594 5.884043216705322 368.58274841308594 107.92740106582642 292.2032470703125 107.92740106582642
292.5628967285156 5.692370414733887 369.0185089111328 5.692370414733887 369.0185089111328 107.38559246063232 292.5628967285156 107.38559246063232
293.10662841796875 4.357489585876465 368.39844512939453 4.357489585876465 368.39844512939453 105.07054805755615 293.10662841796875 105.07054805755615
293.40655517578125 3.1112771034240723 368.75379943847656 3.1112771034240723 368.75379943847656 105.29081964492798 293.40655517578125 105.29081964492798
293.187744140625 2.8194656372070312 368.79100036621094 2.8194656372070312 368.79100036621094 104.8203125 293.187744140625 104.8203125
294.51702880859375 2.054534912109375 369.23535919189453 2.054534912109375 369.23535919189453 104.03092956542969 294.51702880859375 104.03092956542969
296.602294921875 1.9210792779922485 369.0233917236328 1.9210792779922485 369.0233917236328 102.37812578678131 296.602294921875 102.37812578678131
297.53643798828125 0.910327136516571 369.31898498535156 0.910327136516571 369.31898498535156 100.74341887235641 297.53643798828125 100.74341887235641
298.19195556640625 1.3805091381072998 368.96956634521484 1.3805091381072998 368.96956634521484 98.59555125236511 298.19195556640625 98.59555125236511
298.27691650390625 1.5151039361953735 368.4634323120117 1.5151039361953735 368.4634323120117 98.29438555240631 298.27691650390625 98.29438555240631
298.0809326171875 1.0904823541641235 368.0243606567383 1.0904823541641235 368.0243606567383 97.02580034732819 298.0809326171875 97.02580034732819
298.4337463378906 0.8587943911552429 367.98289489746094 0.8587943911552429 367.98289489746094 97.16955488920212 298.4337463378906 97.16955488920212
298.83056640625 0.2958831787109375 369.03882598876953 0.2958831787109375 369.03882598876953 98.30326843261719 298.83056640625 98.30326843261719
298.65533447265625 1.721337080001831 369.13196563720703 1.721337080001831 369.13196563720703 100.16779398918152 298.65533447265625 100.16779398918152
298.83343505859375 2.5030951499938965 369.8070068359375 2.5030951499938965 369.8070068359375 101.66342687606812 298.83343505859375 101.66342687606812
297.98980712890625 3.8027992248535156 369.53038787841797 3.8027992248535156 369.53038787841797 101.33456039428711 297.98980712890625 101.33456039428711
296.94891357421875 5.275062561035156 369.6526641845703 5.275062561035156 369.6526641845703 102.16130065917969 296.94891357421875 102.16130065917969
297.1838684082031 9.207740783691406 370.84297943115234 9.207740783691406 370.84297943115234 105.65711975097656 297.1838684082031 105.65711975097656
296.43865966796875 10.40024185180664 371.5355911254883 10.40024185180664 371.5355911254883 105.90852737426758 296.43865966796875 105.90852737426758
295.8334045410156 9.584653854370117 371.3960723876953 9.584653854370117 371.3960723876953 105.15567588806152 295.8334045410156 105.15567588806152
296.0152282714844 11.926849365234375 372.59568786621094 11.926849365234375 372.59568786621094 105.98075103759766 296.0152282714844 105.98075103759766
296.12274169921875 11.873725891113281 373.3844757080078 11.873725891113281 373.3844757080078 106.10375213623047 296.12274169921875 106.10375213623047
296.89471435546875 11.901591300964355 375.0400161743164 11.901591300964355 375.0400161743164 106.0149564743042 296.89471435546875 106.0149564743042
298.54693603515625 12.628442764282227 376.73580169677734 12.628442764282227 376.73580169677734 105.86249732971191 298.54693603515625 105.86249732971191
298.93115234375 11.24378490447998 376.3589324951172 11.24378490447998 376.3589324951172 104.34755992889404 298.93115234375 104.34755992889404
299.8230895996094 11.892080307006836 376.61791229248047 11.892080307006836 376.61791229248047 103.33234214782715 299.8230895996094 103.33234214782715
301.4646911621094 12.183572769165039 377.7418670654297 12.183572769165039 377.7418670654297 101.99651527404785 301.4646911621094 101.99651527404785
301.4928894042969 11.158238410949707 376.18077087402344 11.158238410949707 376.18077087402344 99.99691486358643 301.4928894042969 99.99691486358643
302.01934814453125 10.909128189086914 375.0587615966797 10.909128189086914 375.0587615966797 99.01825141906738 302.01934814453125 99.01825141906738
302.29229736328125 10.006942749023438 375.4626007080078 10.006942749023438 375.4626007080078 99.96337890625 302.29229736328125 99.96337890625
302.68328857421875 9.061182022094727 375.021728515625 9.061182022094727 375.021728515625 99.78782081604004 302.68328857421875 99.78782081604004
302.69256591796875 8.661966323852539 374.89522552490234 8.661966323852539 374.89522552490234 98.98835945129395 302.69256591796875 98.98835945129395
301.43304443359375 8.360451698303223 374.71934509277344 8.360451698303223 374.71934509277344 99.53956699371338 301.43304443359375 99.53956699371338
300.2489318847656 7.980795860290527 374.19403076171875 7.980795860290527 374.19403076171875 99.56254482269287 300.2489318847656 99.56254482269287
300.2506408691406 8.93403434753418 374.0187759399414 8.93403434753418 374.0187759399414 99.77788352966309 300.2506408691406 99.77788352966309
298.92401123046875 8.774852752685547 374.0549774169922 8.774852752685547 374.0549774169922 100.91554641723633 298.92401123046875 100.91554641723633
297.22271728515625 9.428168296813965 372.9786834716797 9.428168296813965 372.9786834716797 101.69783687591553 297.22271728515625 101.69783687591553
293.3478088378906 10.225558280944824 370.4021224975586 10.225558280944824 370.4021224975586 102.01689434051514 293.3478088378906 102.01689434051514
291.5506896972656 10.099851608276367 369.3275833129883 10.099851608276367 369.3275833129883 102.68293571472168 291.5506896972656 102.68293571472168
289.71258544921875 9.507856369018555 368.28346252441406 9.507856369018555 368.28346252441406 102.47914695739746 289.71258544921875 102.47914695739746
288.4221496582031 8.531194686889648 365.9854507446289 8.531194686889648 365.9854507446289 101.90862083435059 288.4221496582031 101.90862083435059
287.07305908203125 6.8917717933654785 363.48301696777344 6.8917717933654785 363.48301696777344 100.27004480361938 287.07305908203125 100.27004480361938
285.57672119140625 4.641462802886963 359.9419708251953 4.641462802886963 359.9419708251953 96.13947916030884 285.57672119140625 96.13947916030884
286.1415100097656 5.375110626220703 359.16942596435547 5.375110626220703 359.16942596435547 93.99939346313477 286.1415100097656 93.99939346313477
285.4916687011719 5.525346279144287 358.11383056640625 5.525346279144287 358.11383056640625 93.94128561019897 285.4916687011719 93.94128561019897
284.6104736328125 6.186298370361328 356.0133056640625 6.186298370361328 356.0133056640625 91.79901504516602 284.6104736328125 91.79901504516602
283.3557434082031 5.778916358947754 354.0567169189453 5.778916358947754 354.0567169189453 90.48636722564697 283.3557434082031 90.48636722564697
281.2718811035156 5.12685489654541 350.40687561035156 5.12685489654541 350.40687561035156 88.91404056549072 281.2718811035156 88.91404056549072
281.1312255859375 6.0693864822387695 349.42921447753906 6.0693864822387695 349.42921447753906 88.03784656524658 281.1312255859375 88.03784656524658
280.2199401855469 5.4618964195251465 348.82948303222656 5.4618964195251465 348.82948303222656 85.86617803573608 280.2199401855469 85.86617803573608
279.59942626953125 5.428147315979004 347.1966247558594 5.428147315979004 347.1966247558594 85.31227970123291 279.59942626953125 85.31227970123291
278.54510498046875 5.386725425720215 346.4964065551758 5.386725425720215 346.4964065551758 84.8530797958374 278.54510498046875 84.8530797958374
275.7810974121094 6.208187103271484 342.5761184692383 6.208187103271484 342.5761184692383 84.3962287902832 275.7810974121094 84.3962287902832
274.82122802734375 6.647619724273682 341.3290481567383 6.647619724273682 341.3290481567383 83.84468698501587 274.82122802734375 83.84468698501587
272.53729248046875 6.055594444274902 340.57682037353516 6.055594444274902 340.57682037353516 84.68497371673584 272.53729248046875 84.68497371673584
270.8232116699219 5.517233848571777 340.07655334472656 5.517233848571777 340.07655334472656 85.65395259857178 270.8232116699219 85.65395259857178
270.28363037109375 6.26754093170166 339.3098373413086 6.26754093170166 339.3098373413086 85.87381839752197 270.28363037109375 85.87381839752197
269.3715515136719 6.822911739349365 338.47654724121094 6.822911739349365 338.47654724121094 86.65752172470093 269.3715515136719 86.65752172470093
268.52569580078125 7.420666694641113 338.27042388916016 7.420666694641113 338.27042388916016 88.23908710479736 268.52569580078125 88.23908710479736
268.29864501953125 7.112840175628662 338.7084655761719 7.112840175628662 338.7084655761719 89.22176504135132 268.29864501953125 89.22176504135132
268.21038818359375 6.617889404296875 338.7427978515625 6.617889404296875 338.7427978515625 90.26520538330078 268.21038818359375 90.26520538330078
268.04473876953125 4.871603965759277 339.16346740722656 4.871603965759277 339.16346740722656 91.19468593597412 268.04473876953125 91.19468593597412
268.1864929199219 1.0279693603515625 338.9044647216797 1.0279693603515625 338.9044647216797 89.80242156982422 268.1864929199219 89.80242156982422
269.4710693359375 0.6517440676689148 339.17515563964844 0.6517440676689148 339.17515563964844 89.37768095731735 269.4710693359375 89.37768095731735
271.2459411621094 0.19353485107421875 338.84043884277344 0.19353485107421875 338.84043884277344 87.13758087158203 271.2459411621094 87.13758087158203
272.9726257324219 0.0 339.3630599975586 0.0 339.3630599975586 86.2335433959961 272.9726257324219 86.2335433959961
274.145751953125 0.0 338.20079040527344 0.0 338.20079040527344 83.07276153564453 274.145751953125 83.07276153564453
275.7984924316406 0.15951308608055115 340.5549011230469 0.15951308608055115 340.5549011230469 82.42062911391258 275.7984924316406 82.42062911391258
276.90814208984375 0.17083892226219177 342.4142837524414 0.17083892226219177 342.4142837524414 81.89045867323875 276.90814208984375 81.89045867323875
277.3271484375 0.32048797607421875 343.223388671875 0.32048797607421875 343.223388671875 80.34780883789062 277.3271484375 80.34780883789062
277.8035583496094 0.5128113031387329 343.0544128417969 0.5128113031387329 343.0544128417969 79.00129091739655 277.8035583496094 79.00129091739655
278.5611267089844 1.2159569263458252 342.8846664428711 1.2159569263458252 342.8846664428711 78.38077473640442 278.5611267089844 78.38077473640442
278.2614440917969 0.5351676940917969 342.8473663330078 0.5351676940917969 342.8473663330078 79.4630012512207 278.2614440917969 79.4630012512207
278.4784851074219 0.3386062681674957 343.3959503173828 0.3386062681674957 343.3959503173828 80.88885346055031 278.4784851074219 80.88885346055031
277.2217712402344 0.08330917358398438 343.64501953125 0.08330917358398438 343.64501953125 84.16685104370117 277.2217712402344 84.16685104370117
275.2789001464844 0.036966703832149506 344.28907012939453 0.036966703832149506 344.28907012939453 87.78656997531652 275.2789001464844 87.78656997531652
274.07257080078125 1.2645378112792969 344.991455078125 1.2645378112792969 344.991455078125 93.01517868041992 274.07257080078125 93.01517868041992
272.6400146484375 5.106923580169678 342.62733459472656 5.106923580169678 342.62733459472656 94.85834264755249 272.6400146484375 94.85834264755249
272.56744384765625 4.871468544006348 342.52201080322266 4.871468544006348 342.52201080322266 98.60059452056885 272.56744384765625 98.60059452056885
273.2023620605469 6.106372833251953 343.434326171875 6.106372833251953 343.434326171875 102.14925765991211 273.2023620605469 102.14925765991211
272.91217041015625 6.322392463684082 344.48011779785156 6.322392463684082 344.48011779785156 104.8766679763794 272.91217041015625 104.8766679763794
272.14892578125 7.379487037658691 345.7776870727539 7.379487037658691 345.7776870727539 108.21095371246338 272.14892578125 108.21095371246338
271.93212890625 8.07474422454834 347.25989532470703 8.07474422454834 347.25989532470703 110.91322231292725 271.93212890625 110.91322231292725
270.6935119628906 8.11384391784668 347.56897735595703 8.11384391784668 347.56897735595703 110.43946647644043 270.6935119628906 110.43946647644043
270.174560546875 8.817946434020996 347.9981155395508 8.817946434020996 347.9981155395508 110.81662654876709 270.174560546875 110.81662654876709
269.31732177734375 9.584786415100098 347.2347946166992 9.584786415100098 347.2347946166992 108.46476078033447 269.31732177734375 108.46476078033447
268.5099182128906 9.63899040222168 347.112060546875 9.63899040222168 347.112060546875 108.67143058776855 268.5099182128906 108.67143058776855
267.1520080566406 9.67577838897705 345.26358795166016 9.67577838897705 345.26358795166016 108.30235004425049 267.1520080566406 108.30235004425049
268.5028381347656 10.16210651397705 346.3227767944336 10.16210651397705 346.3227767944336 109.24674701690674 268.5028381347656 109.24674701690674
268.7369689941406 11.29826545715332 346.7456359863281 11.29826545715332 346.7456359863281 110.53711891174316 268.7369689941406 110.53711891174316
266.803466796875 11.475408554077148 344.1271514892578 11.475408554077148 344.1271514892578 110.07143974304199 266.803466796875 110.07143974304199
267.65936279296875 11.650067329406738 345.8530044555664 11.650067329406738 345.8530044555664 111.22449207305908 267.65936279296875 111.22449207305908
268.6022033691406 13.237805366516113 347.27857971191406 13.237805366516113 347.27857971191406 113.76192951202393 268.6022033691406 113.76192951202393
267.21075439453125 12.639616966247559 346.3051300048828 12.639616966247559 346.3051300048828 113.96764278411865 267.21075439453125 113.96764278411865
266.87030029296875 12.735788345336914 346.10884857177734 12.735788345336914 346.10884857177734 114.45589637756348 266.87030029296875 114.45589637756348
267.206787109375 13.658447265625 346.59458923339844 13.658447265625 346.59458923339844 114.91741943359375 267.206787109375 114.91741943359375
266.994873046875 12.608342170715332 346.6491470336914 12.608342170715332 346.6491470336914 115.16347980499268 266.994873046875 115.16347980499268
267.8820495605469 13.223138809204102 346.73754119873047 13.223138809204102 346.73754119873047 113.41937446594238 267.8820495605469 113.41937446594238
268.28857421875 13.407369613647461 347.58384704589844 13.407369613647461 347.58384704589844 114.64346885681152 268.28857421875 114.64346885681152
268.91064453125 13.384427070617676 347.86031341552734 13.384427070617676 347.86031341552734 114.29902362823486 268.91064453125 114.29902362823486
270.67559814453125 13.9395751953125 348.6597595214844 13.9395751953125 348.6597595214844 114.02201080322266 270.67559814453125 114.02201080322266
269.4098815917969 12.497756958007812 348.0404052734375 12.497756958007812 348.0404052734375 111.54988098144531 269.4098815917969 111.54988098144531
268.64898681640625 11.359289169311523 350.01522064208984 11.359289169311523 350.01522064208984 110.80766868591309 268.64898681640625 110.80766868591309
267.856689453125 10.114715576171875 350.2918167114258 10.114715576171875 350.2918167114258 111.66656494140625 267.856689453125 111.66656494140625
267.0115051269531 9.165620803833008 350.8456268310547 9.165620803833008 350.8456268310547 113.30982398986816 267.0115051269531 113.30982398986816
267.90313720703125 11.226605415344238 351.57564544677734 11.226605415344238 351.57564544677734 113.17294025421143 267.90313720703125 113.17294025421143
268.9458923339844 10.822725296020508 352.3821029663086 10.822725296020508 352.3821029663086 113.54661750793457 268.9458923339844 113.54661750793457
271.64276123046875 13.0673828125 357.0892333984375 13.0673828125 357.0892333984375 113.80530548095703 271.64276123046875 113.80530548095703
271.2416076660156 14.201822280883789 355.47066497802734 14.201822280883789 355.47066497802734 112.88926124572754 271.2416076660156 112.88926124572754
271.3143615722656 13.151315689086914 354.27479553222656 13.151315689086914 354.27479553222656 111.15126991271973 271.3143615722656 111.15126991271973
271.4563903808594 12.607008934020996 354.1011962890625 12.607008934020996 354.1011962890625 110.03228664398193 271.4563903808594 110.03228664398193
272.5875549316406 12.16892147064209 356.2685089111328 12.16892147064209 356.2685089111328 108.13739681243896 272.5875549316406 108.13739681243896
274.28948974609375 12.918249130249023 359.2848663330078 12.918249130249023 359.2848663330078 107.14062309265137 274.28948974609375 107.14062309265137
273.217529296875 12.07433795928955 357.8748321533203 12.07433795928955 357.8748321533203 107.21943378448486 273.217529296875 107.21943378448486
274.65240478515625 12.153825759887695 361.00193786621094 12.153825759887695 361.00193786621094 106.17819404602051 274.65240478515625 106.17819404602051
275.40533447265625 12.374371528625488 362.04405975341797 12.374371528625488 362.04405975341797 107.59430408477783 275.40533447265625 107.59430408477783
275.1776123046875 10.991215705871582 361.5446319580078 10.991215705871582 361.5446319580078 106.86583423614502 275.1776123046875 106.86583423614502
275.20159912109375 10.55543041229248 361.6123504638672 10.55543041229248 361.6123504638672 108.03124523162842 275.20159912109375 108.03124523162842
278.7659912109375 11.835929870605469 366.03028106689453 11.835929870605469 366.03028106689453 109.52014923095703 278.7659912109375 109.52014923095703
279.23333740234375 12.409807205200195 366.42496490478516 12.409807205200195 366.42496490478516 109.88511848449707 279.23333740234375 109.88511848449707
280.3828430175781 12.935173034667969 367.14073944091797 12.935173034667969 367.14073944091797 108.9070816040039 280.3828430175781 108.9070816040039
280.61761474609375 12.933837890625 367.3560028076172 12.933837890625 367.3560028076172 109.49048614501953 280.61761474609375 109.49048614501953
280.369873046875 13.397839546203613 369.14512634277344 13.397839546203613 369.14512634277344 113.81367206573486 280.369873046875 113.81367206573486
280.23931884765625 13.154561042785645 369.1156692504883 13.154561042785645 369.1156692504883 112.92092609405518 280.23931884765625 112.92092609405518
280.6421203613281 13.34508991241455 368.65086364746094 13.34508991241455 368.65086364746094 111.19419574737549 280.6421203613281 111.19419574737549
281.1712341308594 14.079147338867188 368.8330841064453 14.079147338867188 368.8330841064453 111.21017456054688 281.1712341308594 111.21017456054688
280.1517333984375 12.99693489074707 367.6047058105469 12.99693489074707 367.6047058105469 108.49006843566895 280.1517333984375 108.49006843566895
278.218505859375 11.374513626098633 365.7052459716797 11.374513626098633 365.7052459716797 105.00293922424316 278.218505859375 105.00293922424316
277.748779296875 10.890508651733398 365.6813735961914 10.890508651733398 365.6813735961914 104.39580345153809 277.748779296875 104.39580345153809
278.7531433105469 9.954944610595703 363.75984954833984 9.954944610595703 363.75984954833984 103.55806350708008 278.7531433105469 103.55806350708008
279.7616271972656 10.476980209350586 362.7938003540039 10.476980209350586 362.7938003540039 103.33524131774902 279.7616271972656 103.33524131774902
279.22918701171875 10.12578010559082 360.82733154296875 10.12578010559082 360.82733154296875 102.18115425109863 279.22918701171875 102.18115425109863
277.51336669921875 10.433515548706055 358.78580474853516 10.433515548706055 358.78580474853516 102.74217796325684 277.51336669921875 102.74217796325684
276.2415466308594 10.240171432495117 357.6163024902344 10.240171432495117 357.6163024902344 102.2885570526123 276.2415466308594 102.2885570526123
276.19281005859375 9.46810531616211 356.1351318359375 9.46810531616211 356.1351318359375 102.04265213012695 276.19281005859375 102.04265213012695
275.07501220703125 9.632497787475586 356.82350158691406 9.632497787475586 356.82350158691406 102.9799633026123 275.07501220703125 102.9799633026123
274.30450439453125 9.486680030822754 355.9128646850586 9.486680030822754 355.9128646850586 103.92665958404541 274.30450439453125 103.92665958404541
274.6607971191406 7.762537479400635 353.71265411376953 7.762537479400635 353.71265411376953 103.65174341201782 274.6607971191406 103.65174341201782
272.9198303222656 3.2222061157226562 348.70455169677734 3.2222061157226562 348.70455169677734 101.90263366699219 272.9198303222656 101.90263366699219
271.70379638671875 3.2229208946228027 347.1557922363281 3.2229208946228027 347.1557922363281 102.6386923789978 271.70379638671875 102.6386923789978
271.7489318847656 1.189976453781128 345.3139953613281 1.189976453781128 345.3139953613281 100.59862208366394 271.7489318847656 100.59862208366394
272.0871276855469 0.3075599670410156 343.9905700683594 0.3075599670410156 343.9905700683594 98.09010696411133 272.0871276855469 98.09010696411133
273.19158935546875 0.6305176019668579 343.36573791503906 0.6305176019668579 343.36573791503906 96.3042083978653 273.19158935546875 96.3042083978653
274.66143798828125 1.3979583978652954 343.69517517089844 1.3979583978652954 343.69517517089844 92.02174532413483 274.66143798828125 92.02174532413483
275.9261779785156 0.9093551635742188 344.2816848754883 0.9093551635742188 344.2816848754883 90.48123168945312 275.9261779785156 90.48123168945312
276.2625427246094 1.6606651544570923 344.45252990722656 1.6606651544570923 344.45252990722656 89.3301750421524 276.2625427246094 89.3301750421524
276.5443420410156 2.5928750038146973 344.85469818115234 2.5928750038146973 344.85469818115234 90.13239526748657 276.5443420410156 90.13239526748657
276.489990234375 2.805159091949463 345.5254898071289 2.805159091949463 345.5254898071289 91.37332010269165 276.489990234375 91.37332010269165
275.9053955078125 2.232276201248169 344.2018051147461 2.232276201248169 344.2018051147461 92.24037861824036 275.9053955078125 92.24037861824036
275.34600830078125 2.5807266235351562 344.61205291748047 2.5807266235351562 344.61205291748047 93.2319564819336 275.34600830078125 93.2319564819336
274.4774475097656 2.184317111968994 344.4989700317383 2.184317111968994 344.4989700317383 94.22386026382446 274.4774475097656 94.22386026382446
273.93524169921875 1.8463165760040283 344.90476989746094 1.8463165760040283 344.90476989746094 96.10213780403137 273.93524169921875 96.10213780403137
274.5111389160156 3.3142616748809814 345.9687805175781 3.3142616748809814 345.9687805175781 98.35513997077942 274.5111389160156 98.35513997077942
274.79400634765625 3.504495143890381 346.54175567626953 3.504495143890381 346.54175567626953 99.55185842514038 274.79400634765625 99.55185842514038
274.4364013671875 3.4379074573516846 347.3542709350586 3.4379074573516846 347.3542709350586 100.28847050666809 274.4364013671875 100.28847050666809
274.81317138671875 3.9154045581817627 348.00111389160156 3.9154045581817627 348.00111389160156 100.67291188240051 274.81317138671875 100.67291188240051
274.4106750488281 4.159989833831787 348.22484588623047 4.159989833831787 348.22484588623047 101.08789205551147 274.4106750488281 101.08789205551147
275.2033996582031 4.64148473739624 348.07078552246094 4.64148473739624 348.07078552246094 101.88320684432983 275.2033996582031 101.88320684432983
275.4097900390625 4.4897141456604 347.83040618896484 4.4897141456604 347.83040618896484 102.9279465675354 275.4097900390625 102.9279465675354
274.8172912597656 6.036741733551025 349.76109313964844 6.036741733551025 349.76109313964844 105.17276620864868 274.8172912597656 105.17276620864868
276.36798095703125 7.09816837310791 349.9682083129883 7.09816837310791 349.9682083129883 104.7112283706665 276.36798095703125 104.7112283706665
276.59747314453125 7.3079400062561035 350.03287506103516 7.3079400062561035 350.03287506103516 103.60482263565063 276.59747314453125 103.60482263565063
277.2511291503906 7.326462745666504 352.61360931396484 7.326462745666504 352.61360931396484 105.11523532867432 277.2511291503906 105.11523532867432
278.88934326171875 9.087250709533691 354.7690658569336 9.087250709533691 354.7690658569336 105.11266422271729 278.88934326171875 105.11266422271729
279.3270568847656 8.718796730041504 355.3915328979492 8.718796730041504 355.3915328979492 106.25554752349854 279.3270568847656 106.25554752349854
279.8004455566406 8.952548027038574 356.91151428222656 8.952548027038574 356.91151428222656 106.73041820526123 279.8004455566406 106.73041820526123
280.02667236328125 9.957188606262207 360.1274185180664 9.957188606262207 360.1274185180664 110.08285999298096 280.02667236328125 110.08285999298096
280.08349609375 9.758767127990723 359.56361389160156 9.758767127990723 359.56361389160156 109.40748691558838 280.08349609375 109.40748691558838
281.6880187988281 9.97701644897461 360.68174743652344 9.97701644897461 360.68174743652344 107.92629623413086 281.6880187988281 107.92629623413086
282.4516296386719 11.406448364257812 362.11878967285156 11.406448364257812 362.11878967285156 108.18099975585938 282.4516296386719 108.18099975585938
283.0704345703125 10.362462043762207 362.7742691040039 10.362462043762207 362.7742691040039 108.1387071609497 283.0704345703125 108.1387071609497
283.8528747558594 10.167322158813477 362.58077239990234 10.167322158813477 362.58077239990234 106.88193702697754 283.8528747558594 106.88193702697754
285.3836364746094 9.673245429992676 361.6296157836914 9.673245429992676 361.6296157836914 104.79156970977783 285.3836364746094 104.79156970977783
286.0434875488281 9.842111587524414 362.6912155151367 9.842111587524414 362.6912155151367 104.58120918273926 286.0434875488281 104.58120918273926
286.26007080078125 9.723760604858398 362.00538635253906 9.723760604858398 362.00538635253906 103.89082908630371 286.26007080078125 103.89082908630371
286.3795471191406 9.784571647644043 362.6298522949219 9.784571647644043 362.6298522949219 104.39443492889404 286.3795471191406 104.39443492889404
286.6477966308594 9.937787055969238 362.6383285522461 9.937787055969238 362.6383285522461 104.53475666046143 286.6477966308594 104.53475666046143
286.156005859375 9.733129501342773 361.5027084350586 9.733129501342773 361.5027084350586 103.87394523620605 286.156005859375 103.87394523620605
284.4245300292969 9.286702156066895 360.9161071777344 9.286702156066895 360.9161071777344 105.48981189727783 284.4245300292969 105.48981189727783
283.18450927734375 9.924629211425781 361.6127166748047 9.924629211425781 361.6127166748047 107.68106079101562 283.18450927734375 107.68106079101562
282.22491455078125 9.489912033081055 361.76307678222656 9.489912033081055 361.76307678222656 108.75987815856934 282.22491455078125 108.75987815856934
281.56695556640625 10.3922700881958 362.4242477416992 10.3922700881958 362.4242477416992 110.39481830596924 281.56695556640625 110.39481830596924
281.5782165527344 10.314338684082031 362.42017364501953 10.314338684082031 362.42017364501953 110.8887710571289 281.5782165527344 110.8887710571289
280.4931640625 11.07287311553955 363.0273742675781 11.07287311553955 363.0273742675781 112.09357929229736 280.4931640625 112.09357929229736
279.9190979003906 11.27093505859375 361.0453567504883 11.27093505859375 361.0453567504883 110.90641784667969 279.9190979003906 110.90641784667969
279.90728759765625 11.692533493041992 360.39766693115234 11.692533493041992 360.39766693115234 111.32050895690918 279.90728759765625 111.32050895690918
279.4510192871094 12.15717887878418 359.17991638183594 12.15717887878418 359.17991638183594 110.33749961853027 279.4510192871094 110.33749961853027
278.93084716796875 12.045964241027832 359.6763229370117 12.045964241027832 359.6763229370117 110.89109516143799 278.93084716796875 110.89109516143799
278.6339416503906 10.71430492401123 356.2447967529297 10.71430492401123 356.2447967529297 107.93345165252686 278.6339416503906 107.93345165252686
278.19598388671875 12.477889060974121 357.6859588623047 12.477889060974121 357.6859588623047 109.34313869476318 278.19598388671875 109.34313869476318
277.6400146484375 12.114324569702148 357.8413543701172 12.114324569702148 357.8413543701172 109.95306968688965 277.6400146484375 109.95306968688965
277.18548583984375 11.324563026428223 354.46107482910156 11.324563026428223 354.46107482910156 106.49018955230713 277.18548583984375 106.49018955230713
277.0591125488281 12.069028854370117 355.80077362060547 12.069028854370117 355.80077362060547 108.12416648864746 277.0591125488281 108.12416648864746
276.40142822265625 11.808723449707031 353.96048736572266 11.808723449707031 353.96048736572266 106.73126983642578 276.40142822265625 106.73126983642578
276.3077697753906 12.379470825195312 354.1388244628906 12.379470825195312 354.1388244628906 106.5583267211914 276.3077697753906 106.5583267211914
275.92437744140625 11.458807945251465 351.43602752685547 11.458807945251465 351.43602752685547 104.36147212982178 275.92437744140625 104.36147212982178
275.0144348144531 12.066611289978027 351.6326599121094 12.066611289978027 351.6326599121094 105.36390590667725 275.0144348144531 105.36390590667725
274.50018310546875 11.173721313476562 351.9293746948242 11.173721313476562 351.9293746948242 106.03309631347656 274.50018310546875 106.03309631347656
273.366455078125 11.205495834350586 352.24168395996094 11.205495834350586 352.24168395996094 107.01068687438965 273.366455078125 107.01068687438965
272.0418395996094 11.259918212890625 351.52208709716797 11.259918212890625 351.52208709716797 106.63358306884766 272.0418395996094 106.63358306884766
271.6409606933594 11.090860366821289 351.67513275146484 11.090860366821289 351.67513275146484 107.18122291564941 271.6409606933594 107.18122291564941
271.245361328125 11.360393524169922 351.37535095214844 11.360393524169922 351.37535095214844 107.36394119262695 271.245361328125 107.36394119262695
270.57269287109375 12.112939834594727 350.6564483642578 12.112939834594727 350.6564483642578 106.85884284973145 270.57269287109375 106.85884284973145
269.3139343261719 12.421586990356445 350.6848678588867 12.421586990356445 350.6848678588867 107.35373115539551 269.3139343261719 107.35373115539551
269.01519775390625 12.110100746154785 350.0393371582031 12.110100746154785 350.0393371582031 106.539719581604 269.01519775390625 106.539719581604
268.27703857421875 10.471783638000488 348.4813995361328 10.471783638000488 348.4813995361328 105.38206195831299 268.27703857421875 105.38206195831299
267.1216735839844 8.562026977539062 346.3356475830078 8.562026977539062 346.3356475830078 103.88296508789062 267.1216735839844 103.88296508789062
267.61322021484375 6.1412200927734375 345.15907287597656 6.1412200927734375 345.15907287597656 101.06394958496094 267.61322021484375 101.06394958496094
265.9461669921875 4.445056915283203 342.82581329345703 4.445056915283203 342.82581329345703 97.19821548461914 265.9461669921875 97.19821548461914
267.4781188964844 5.160163879394531 341.58594512939453 5.160163879394531 341.58594512939453 95.58320617675781 267.4781188964844 95.58320617675781
267.02392578125 4.284548282623291 340.3615188598633 4.284548282623291 340.3615188598633 93.5800347328186 267.02392578125 93.5800347328186
266.40899658203125 2.2299485206604004 338.3864212036133 2.2299485206604004 338.3864212036133 89.97200632095337 266.40899658203125 89.97200632095337
267.5502624511719 3.925192356109619 337.8262405395508 3.925192356109619 337.8262405395508 89.43582773208618 267.5502624511719 89.43582773208618
267.6087341308594 4.638368129730225 337.33545684814453 4.638368129730225 337.33545684814453 88.46873617172241 267.6087341308594 88.46873617172241
267.66094970703125 4.744496822357178 336.1295852661133 4.744496822357178 336.1295852661133 87.02452611923218 267.66094970703125 87.02452611923218
267.8270263671875 5.672920227050781 336.4297866821289 5.672920227050781 336.4297866821289 87.44690704345703 267.8270263671875 87.44690704345703
267.76654052734375 5.380760192871094 336.1554260253906 5.380760192871094 336.1554260253906 87.46012115478516 267.76654052734375 87.46012115478516
267.9367370605469 5.685793399810791 335.8286666870117 5.685793399810791 335.8286666870117 86.41544580459595 267.9367370605469 86.41544580459595
268.73956298828125 5.2604079246521 337.71006774902344 5.2604079246521 337.71006774902344 87.07283926010132 268.73956298828125 87.07283926010132
270.1957702636719 6.042593479156494 338.97196197509766 6.042593479156494 338.97196197509766 86.81629037857056 270.1957702636719 86.81629037857056
270.72314453125 5.761282444000244 340.3163604736328 5.761282444000244 340.3163604736328 87.28333139419556 270.72314453125 87.28333139419556
272.046875 5.733126163482666 341.9747314453125 5.733126163482666 341.9747314453125 87.37627649307251 272.046875 87.37627649307251
273.576171875 6.578396797180176 344.5112762451172 6.578396797180176 344.5112762451172 89.7452974319458 273.576171875 89.7452974319458
276.59197998046875 7.222176551818848 347.49366760253906 7.222176551818848 347.49366760253906 91.00489139556885 276.59197998046875 91.00489139556885
279.0543212890625 6.8241071701049805 349.85025787353516 6.8241071701049805 349.85025787353516 90.00477886199951 279.0543212890625 90.00477886199951
282.08990478515625 7.82797908782959 353.4421691894531 7.82797908782959 353.4421691894531 91.5465612411499 282.08990478515625 91.5465612411499
284.98309326171875 6.147319793701172 354.15489196777344 6.147319793701172 354.15489196777344 89.14614486694336 284.98309326171875 89.14614486694336
285.34515380859375 4.915110111236572 354.91355895996094 4.915110111236572 354.91355895996094 88.60482263565063 285.34515380859375 88.60482263565063
287.40704345703125 4.853651523590088 355.71763610839844 4.853651523590088 355.71763610839844 86.11013650894165 287.40704345703125 86.11013650894165
289.2640686035156 5.408656120300293 355.7333221435547 5.408656120300293 355.7333221435547 83.60217571258545 289.2640686035156 83.60217571258545
289.9161682128906 4.364675998687744 354.99097442626953 4.364675998687744 354.99097442626953 80.32549905776978 289.9161682128906 80.32549905776978
290.63507080078125 3.9506118297576904 354.3035659790039 3.9506118297576904 354.3035659790039 78.46705317497253 290.63507080078125 78.46705317497253
291.6038513183594 2.9060006141662598 353.6161193847656 2.9060006141662598 353.6161193847656 76.22692346572876 291.6038513183594 76.22692346572876
290.8185119628906 2.348996639251709 350.36005783081055 2.348996639251709 350.36005783081055 72.69184637069702 290.8185119628906 72.69184637069702
291.7307434082031 3.324253797531128 349.9615592956543 3.324253797531128 349.9615592956543 70.67870783805847 291.7307434082031 70.67870783805847
292.93719482421875 3.2999603748321533 349.20527267456055 3.2999603748321533 349.20527267456055 67.96440434455872 292.93719482421875 67.96440434455872
293.38995361328125 3.2434191703796387 348.3143539428711 3.2434191703796387 348.3143539428711 65.49388837814331 293.38995361328125 65.49388837814331
293.4987487792969 2.683345079421997 348.83077239990234 2.683345079421997 348.83077239990234 65.7323944568634 293.4987487792969 65.7323944568634
292.5830993652344 1.7882633209228516 347.44792556762695 1.7882633209228516 347.44792556762695 65.02681159973145 292.5830993652344 65.02681159973145
291.28717041015625 1.8867279291152954 345.91203689575195 1.8867279291152954 345.91203689575195 63.75578844547272 291.28717041015625 63.75578844547272
291.04913330078125 1.7402416467666626 344.7396049499512 1.7402416467666626 344.7396049499512 63.38370478153229 291.04913330078125 63.38370478153229
291.37127685546875 1.5318481922149658 343.6177444458008 1.5318481922149658 343.6177444458008 62.025614976882935 291.37127685546875 62.025614976882935
291.1612243652344 1.4624687433242798 342.6776313781738 1.4624687433242798 342.6776313781738 61.25188982486725 291.1612243652344 61.25188982486725
286.5472412109375 0.7704890966415405 339.56525802612305 0.7704890966415405 339.56525802612305 61.53964650630951 286.5472412109375 61.53964650630951
284.110595703125 0.5423434972763062 338.2121696472168 0.5423434972763062 338.2121696472168 62.1026691198349 284.110595703125 62.1026691198349
281.9353942871094 0.6240642666816711 335.91858673095703 0.6240642666816711 335.91858673095703 62.381071865558624 281.9353942871094 62.381071865558624
280.2493591308594 0.5726852416992188 333.7294006347656 0.5726852416992188 333.7294006347656 62.38679122924805 280.2493591308594 62.38679122924805
278.0792541503906 0.529772937297821 331.78382110595703 0.529772937297821 331.78382110595703 62.140052020549774 278.0792541503906 62.140052020549774
275.02191162109375 0.15486907958984375 327.5433540344238 0.15486907958984375 327.5433540344238 63.189666748046875 275.02191162109375 63.189666748046875
273.03472900390625 0.054488372057676315 325.4106254577637 0.054488372057676315 325.4106254577637 63.521895598620176 273.03472900390625 63.521895598620176
271.29449462890625 0.0 323.0983467102051 0.0 323.0983467102051 63.88111114501953 271.29449462890625 63.88111114501953
270.2286071777344 0.0 322.12073516845703 0.0 322.12073516845703 63.466590881347656 270.2286071777344 63.466590881347656
269.3670959472656 0.0 320.73480224609375 0.0 320.73480224609375 62.58882522583008 269.3670959472656 62.58882522583008
267.325439453125 0.0 317.86678314208984 0.0 317.86678314208984 60.0567626953125 267.325439453125 60.0567626953125
266.28326416015625 0.0 316.26826095581055 0.0 316.26826095581055 58.97631072998047 266.28326416015625 58.97631072998047
266.75042724609375 0.0 314.76292419433594 0.0 314.76292419433594 57.757164001464844 266.75042724609375 57.757164001464844
266.452880859375 0.0 313.3890838623047 0.0 313.3890838623047 55.629119873046875 266.452880859375 55.629119873046875
266.75146484375 0.0 312.89205169677734 0.0 312.89205169677734 55.234535217285156 266.75146484375 55.234535217285156
265.95745849609375 0.0 311.2148666381836 0.0 311.2148666381836 54.25616455078125 265.95745849609375 54.25616455078125
266.09173583984375 0.0 310.29365158081055 0.0 310.29365158081055 52.548919677734375 266.09173583984375 52.548919677734375
265.21527099609375 0.0 308.86317443847656 0.0 308.86317443847656 52.719520568847656 265.21527099609375 52.719520568847656
265.49951171875 0.0 309.0469055175781 0.0 309.0469055175781 52.286415100097656 265.49951171875 52.286415100097656
265.3876037597656 0.0 309.13055419921875 0.0 309.13055419921875 52.37218475341797 265.3876037597656 52.37218475341797
264.8949890136719 0.007750320248305798 308.58517837524414 0.007750320248305798 308.58517837524414 51.84086112957448 264.8949890136719 51.84086112957448
264.6893005371094 0.0 308.4986381530762 0.0 308.4986381530762 52.28812789916992 264.6893005371094 52.28812789916992
265.21624755859375 0.11442108452320099 309.4375686645508 0.11442108452320099 309.4375686645508 52.76692505180836 265.21624755859375 52.76692505180836
265.3641357421875 0.011328506283462048 309.98569107055664 0.011328506283462048 309.98569107055664 52.57309608440846 265.3641357421875 52.57309608440846
265.21246337890625 0.03524360805749893 310.0354995727539 0.03524360805749893 310.0354995727539 53.16156730800867 265.21246337890625 53.16156730800867
265.98162841796875 0.03726005554199219 311.3810043334961 0.03726005554199219 311.3810043334961 53.392045974731445 265.98162841796875 53.392045974731445
266.14300537109375 0.0 311.52701568603516 0.0 311.52701568603516 53.667137145996094 266.14300537109375 53.667137145996094
266.99951171875 0.0 312.9661674499512 0.0 312.9661674499512 54.53761672973633 266.99951171875 54.53761672973633
268.25555419921875 0.0 314.61069107055664 0.0 314.61069107055664 54.13374710083008 268.25555419921875 54.13374710083008
268.9022521972656 0.0 315.80378341674805 0.0 315.80378341674805 55.22925567626953 268.9022521972656 55.22925567626953
270.90045166015625 0.21820411086082458 319.65628814697266 0.21820411086082458 319.65628814697266 55.76114997267723 270.90045166015625 55.76114997267723
272.58203125 0.0 321.9727249145508 0.0 321.9727249145508 56.80073165893555 272.58203125 56.80073165893555
273.80120849609375 0.0 323.63580322265625 0.0 323.63580322265625 57.7346305847168 273.80120849609375 57.7346305847168
275.76336669921875 0.0 326.3695602416992 0.0 326.3695602416992 58.885345458984375 275.76336669921875 58.885345458984375
277.804443359375 0.0 328.9748992919922 0.0 328.9748992919922 59.408226013183594 277.804443359375 59.408226013183594
282.2357177734375 0.029594039544463158 333.3545570373535 0.029594039544463158 333.3545570373535 60.35771141014993 282.2357177734375 60.35771141014993
283.6977233886719 0.06113166734576225 337.26062774658203 0.06113166734576225 337.26062774658203 62.04928321763873 283.6977233886719 62.04928321763873
285.80615234375 0.06139717251062393 338.7647590637207 0.06139717251062393 338.7647590637207 61.85271034389734 285.80615234375 61.85271034389734
287.58148193359375 0.3225948214530945 339.7716064453125 0.3225948214530945 339.7716064453125 60.75889319181442 287.58148193359375 60.75889319181442
289.24908447265625 0.39948540925979614 340.79121017456055 0.39948540925979614 340.79121017456055 60.284548580646515 289.24908447265625 60.284548580646515
291.7228088378906 0.0 343.7416305541992 0.0 343.7416305541992 61.292869567871094 291.7228088378906 61.292869567871094
293.42730712890625 0.0013141632080078125 344.93253326416016 0.0013141632080078125 344.93253326416016 60.15053367614746 293.42730712890625 60.15053367614746
294.08831787109375 0.0 344.8985137939453 0.0 344.8985137939453 59.56464385986328 294.08831787109375 59.56464385986328
295.9546813964844 0.0 346.0398941040039 0.0 346.0398941040039 58.6932373046875 295.9546813964844 58.6932373046875
296.5601501464844 0.0 345.90340423583984 0.0 345.90340423583984 57.80854415893555 296.5601501464844 57.80854415893555
296.8657531738281 0.0 346.2630920410156 0.0 346.2630920410156 57.66033172607422 296.8657531738281 57.66033172607422
297.4358215332031 0.0 346.2821159362793 0.0 346.2821159362793 56.49920654296875 297.4358215332031 56.49920654296875
298.3590087890625 0.0 347.0121078491211 0.0 347.0121078491211 55.92167282104492 298.3590087890625 55.92167282104492
299.1368103027344 0.012135696597397327 347.99256134033203 0.012135696597397327 347.99256134033203 56.06750221271068 299.1368103027344 56.06750221271068
299.39520263671875 0.06480064243078232 348.1642417907715 0.06480064243078232 348.1642417907715 56.71272697299719 299.39520263671875 56.71272697299719
299.13824462890625 0.0 348.92066192626953 0.0 348.92066192626953 60.547096252441406 299.13824462890625 60.547096252441406
298.62408447265625 2.146411180496216 348.9055404663086 2.146411180496216 348.9055404663086 64.48558354377747 298.62408447265625 64.48558354377747
298.40985107421875 3.217135190963745 349.3439750671387 3.217135190963745 349.3439750671387 66.86606860160828 298.40985107421875 66.86606860160828
298.35430908203125 8.742136001586914 349.9514274597168 8.742136001586914 349.9514274597168 73.52749824523926 298.35430908203125 73.52749824523926
298.40106201171875 10.745170593261719 349.7450637817383 10.745170593261719 349.7450637817383 74.57615661621094 298.40106201171875 74.57615661621094
296.70416259765625 13.505267143249512 348.2092170715332 13.505267143249512 348.2092170715332 78.01592540740967 296.70416259765625 78.01592540740967
295.3987731933594 13.432077407836914 348.5157890319824 13.432077407836914 348.5157890319824 80.8476505279541 295.3987731933594 80.8476505279541
294.501220703125 15.332901000976562 348.50782012939453 15.332901000976562 348.50782012939453 84.07874298095703 294.501220703125 84.07874298095703
292.9940185546875 16.276273727416992 347.8482551574707 16.276273727416992 347.8482551574707 85.19741630554199 292.9940185546875 85.19741630554199
290.5948791503906 14.14990520477295 347.66484451293945 14.14990520477295 347.66484451293945 86.60502910614014 290.5948791503906 86.60502910614014
286.00244140625 15.67402458190918 343.11547088623047 15.67402458190918 343.11547088623047 89.07452964782715 286.00244140625 89.07452964782715
284.1629638671875 16.075950622558594 341.1962471008301 16.075950622558594 341.1962471008301 89.29322052001953 284.1629638671875 89.29322052001953
282.1355285644531 15.294896125793457 340.44860076904297 15.294896125793457 340.44860076904297 89.54563617706299 282.1355285644531 89.54563617706299
280.7001037597656 15.856607437133789 338.93049240112305 15.856607437133789 338.93049240112305 89.37212562561035 280.7001037597656 89.37212562561035
279.72216796875 15.489919662475586 338.8398208618164 15.489919662475586 338.8398208618164 89.65306663513184 279.72216796875 89.65306663513184
279.5088806152344 16.44782066345215 337.9483413696289 16.44782066345215 337.9483413696289 90.26809501647949 279.5088806152344 90.26809501647949
277.94036865234375 14.615156173706055 337.6350402832031 14.615156173706055 337.6350402832031 90.04064750671387 277.94036865234375 90.04064750671387
277.3870544433594 14.484301567077637 337.9169731140137 14.484301567077637 337.9169731140137 90.68616008758545 277.3870544433594 90.68616008758545
277.20855712890625 14.309954643249512 336.8017807006836 14.309954643249512 336.8017807006836 90.20840740203857 277.20855712890625 90.20840740203857
276.4399108886719 11.531061172485352 336.76428985595703 11.531061172485352 336.76428985595703 89.61666297912598 276.4399108886719 89.61666297912598
276.20538330078125 10.538068771362305 337.0521240234375 10.538068771362305 337.0521240234375 89.9049129486084 276.20538330078125 89.9049129486084
276.46490478515625 8.554205894470215 337.4567337036133 8.554205894470215 337.4567337036133 87.94901943206787 276.46490478515625 87.94901943206787
277.2350769042969 7.585593223571777 337.98925018310547 7.585593223571777 337.98925018310547 87.15415096282959 277.2350769042969 87.15415096282959
278.1138610839844 7.762109279632568 337.47484588623047 7.762109279632568 337.47484588623047 85.72795248031616 278.1138610839844 85.72795248031616
277.93109130859375 6.148998260498047 338.58720779418945 6.148998260498047 338.58720779418945 86.10953140258789 277.93109130859375 86.10953140258789
278.6919860839844 4.96378231048584 339.75505447387695 4.96378231048584 339.75505447387695 84.39015102386475 278.6919860839844 84.39015102386475
278.4990234375 4.480051517486572 340.82776641845703 4.480051517486572 340.82776641845703 85.76953363418579 278.4990234375 85.76953363418579
278.913330078125 3.8172836303710938 341.85432052612305 3.8172836303710938 341.85432052612305 85.8953857421875 278.913330078125 85.8953857421875
279.0706787109375 4.335942268371582 343.2990951538086 4.335942268371582 343.2990951538086 88.25670337677002 279.0706787109375 88.25670337677002
279.68109130859375 1.5240882635116577 345.53619384765625 1.5240882635116577 345.53619384765625 89.07421338558197 279.68109130859375 89.07421338558197
278.55596923828125 1.0788291692733765 345.7521057128906 1.0788291692733765 345.7521057128906 90.50548017024994 278.55596923828125 90.50548017024994
279.3409423828125 2.9922738075256348 348.1660385131836 2.9922738075256348 348.1660385131836 93.28164911270142 279.3409423828125 93.28164911270142
279.7712097167969 3.3062844276428223 348.9358367919922 3.3062844276428223 348.9358367919922 95.50423669815063 279.7712097167969 95.50423669815063
280.43731689453125 3.3903114795684814 350.7484588623047 3.3903114795684814 350.7484588623047 96.39396595954895 280.43731689453125 96.39396595954895
281.79833984375 4.415616035461426 353.1902847290039 4.415616035461426 353.1902847290039 96.8547945022583 281.79833984375 96.8547945022583
284.52996826171875 7.049118995666504 357.85941314697266 7.049118995666504 357.85941314697266 97.24292087554932 284.52996826171875 97.24292087554932
287.55511474609375 8.238587379455566 362.7744903564453 8.238587379455566 362.7744903564453 101.74800205230713 287.55511474609375 101.74800205230713
287.08624267578125 8.968254089355469 362.0757293701172 8.968254089355469 362.0757293701172 104.20068359375 287.08624267578125 104.20068359375
287.79449462890625 10.82626724243164 365.64315032958984 10.82626724243164 365.64315032958984 108.03816604614258 287.79449462890625 108.03816604614258
288.6245422363281 9.980928421020508 368.8389663696289 9.980928421020508 368.8389663696289 108.87150764465332 288.6245422363281 108.87150764465332
291.0210876464844 10.424583435058594 372.18397521972656 10.424583435058594 372.18397521972656 109.23255157470703 291.0210876464844 109.23255157470703
295.09259033203125 12.622936248779297 375.1469268798828 12.622936248779297 375.1469268798828 109.30224227905273 295.09259033203125 109.30224227905273
297.19146728515625 11.991772651672363 376.0543670654297 11.991772651672363 376.0543670654297 107.86304950714111 297.19146728515625 107.86304950714111
299.7088317871094 11.273783683776855 376.8663024902344 11.273783683776855 376.8663024902344 106.0856122970581 299.7088317871094 106.0856122970581
299.84259033203125 8.919681549072266 376.26918029785156 8.919681549072266 376.26918029785156 105.00712966918945 299.84259033203125 105.00712966918945
300.7903137207031 8.648579597473145 376.7100372314453 8.648579597473145 376.7100372314453 104.63866901397705 300.7903137207031 104.63866901397705
301.82373046875 7.974184989929199 376.6646499633789 7.974184989929199 376.6646499633789 103.2281141281128 301.82373046875 103.2281141281128
303.07965087890625 6.685484886169434 377.4790802001953 6.685484886169434 377.4790802001953 102.47911739349365 303.07965087890625 102.47911739349365
303.9056701660156 7.384493350982666 378.25023651123047 7.384493350982666 378.25023651123047 102.51752710342407 303.9056701660156 102.51752710342407
304.417236328125 6.7509355545043945 378.9845275878906 6.7509355545043945 378.9845275878906 102.19908618927002 304.417236328125 102.19908618927002
305.0039367675781 6.728487491607666 379.36444091796875 6.728487491607666 379.36444091796875 102.51919031143188 305.0039367675781 102.51919031143188
305.59210205078125 7.994897365570068 379.86063385009766 7.994897365570068 379.86063385009766 103.1804747581482 305.59210205078125 103.1804747581482
305.7489013671875 7.736507415771484 379.50179290771484 7.736507415771484 379.50179290771484 103.59647750854492 305.7489013671875 103.59647750854492
306.264404296875 8.29218864440918 380.8300323486328 8.29218864440918 380.8300323486328 104.2197093963623 306.264404296875 104.2197093963623
305.8962097167969 8.202723503112793 381.0815887451172 8.202723503112793 381.0815887451172 104.47317028045654 305.8962097167969 104.47317028045654
306.03118896484375 8.641295433044434 380.56114959716797 8.641295433044434 380.56114959716797 104.67811489105225 306.03118896484375 104.67811489105225
305.3550109863281 8.19771671295166 380.3156967163086 8.19771671295166 380.3156967163086 104.42553043365479 305.3550109863281 104.42553043365479
305.1317443847656 8.846480369567871 380.5119171142578 8.846480369567871 380.5119171142578 104.79748439788818 305.1317443847656 104.79748439788818
304.5794982910156 8.135419845581055 379.0405807495117 8.135419845581055 379.0405807495117 103.82545280456543 304.5794982910156 103.82545280456543
303.67669677734375 7.980393886566162 377.7949981689453 7.980393886566162 377.7949981689453 103.9413161277771 303.67669677734375 103.9413161277771
304.1166687011719 7.0293731689453125 378.8253631591797 7.0293731689453125 378.8253631591797 105.22705078125 304.1166687011719 105.22705078125
305.2647399902344 7.148385047912598 378.5542678833008 7.148385047912598 378.5542678833008 104.54776096343994 305.2647399902344 104.54776096343994
306.065673828125 7.275094032287598 378.78443908691406 7.275094032287598 378.78443908691406 103.6270227432251 306.065673828125 103.6270227432251
305.9143371582031 7.00252628326416 377.51512145996094 7.00252628326416 377.51512145996094 102.32186985015869 305.9143371582031 102.32186985015869
306.3688049316406 7.304208278656006 377.9108428955078 7.304208278656006 377.9108428955078 102.0565276145935 306.3688049316406 102.0565276145935
306.70947265625 6.972315311431885 377.52293395996094 6.972315311431885 377.52293395996094 101.00000238418579 306.70947265625 101.00000238418579
307.6638488769531 7.348056793212891 378.16490173339844 7.348056793212891 378.16490173339844 100.80791091918945 307.6638488769531 100.80791091918945
308.9458312988281 8.200559616088867 379.8659896850586 8.200559616088867 379.8659896850586 101.11813163757324 308.9458312988281 101.11813163757324
308.26336669921875 7.762060642242432 379.3976821899414 7.762060642242432 379.3976821899414 101.98428964614868 308.26336669921875 101.98428964614868
307.9154968261719 7.275789737701416 379.5719680786133 7.275789737701416 379.5719680786133 102.1822075843811 307.9154968261719 102.1822075843811
308.59588623046875 7.9378533363342285 380.8478240966797 7.9378533363342285 380.8478240966797 103.7577919960022 308.59588623046875 103.7577919960022
307.69342041015625 6.9115447998046875 381.1116409301758 6.9115447998046875 381.1116409301758 105.20941925048828 307.69342041015625 105.20941925048828
307.7774353027344 7.837655544281006 380.0986099243164 7.837655544281006 380.0986099243164 104.35402822494507 307.7774353027344 104.35402822494507
308.22979736328125 7.355914115905762 381.14420318603516 7.355914115905762 381.14420318603516 105.62413311004639 308.22979736328125 105.62413311004639
307.7096862792969 7.845004081726074 381.5829620361328 7.845004081726074 381.5829620361328 106.76098155975342 307.7096862792969 106.76098155975342
307.60919189453125 7.5013532638549805 380.8498992919922 7.5013532638549805 380.8498992919922 106.67409038543701 307.60919189453125 106.67409038543701
306.5264892578125 8.505127906799316 381.7217559814453 8.505127906799316 381.7217559814453 108.64430332183838 306.5264892578125 108.64430332183838
305.2310791015625 7.927520751953125 379.39976501464844 7.927520751953125 379.39976501464844 107.40098571777344 305.2310791015625 107.40098571777344
304.01739501953125 9.003605842590332 378.70147705078125 9.003605842590332 378.70147705078125 107.4295244216919 304.01739501953125 107.4295244216919
302.51702880859375 9.993691444396973 376.4518814086914 9.993691444396973 376.4518814086914 106.96923923492432 302.51702880859375 106.96923923492432
301.2402648925781 10.485185623168945 375.5950469970703 10.485185623168945 375.5950469970703 108.12092781066895 301.2402648925781 108.12092781066895
296.9696044921875 12.137561798095703 371.3832244873047 12.137561798095703 371.3832244873047 108.39393997192383 296.9696044921875 108.39393997192383
295.878173828125 11.88481616973877 371.79026794433594 11.88481616973877 371.79026794433594 110.16932392120361 295.878173828125 110.16932392120361
293.4068908691406 11.14797306060791 368.39672088623047 11.14797306060791 368.39672088623047 108.82495212554932 293.4068908691406 108.82495212554932
291.71282958984375 11.74679946899414 367.42845153808594 11.74679946899414 367.42845153808594 109.77467727661133 291.71282958984375 109.77467727661133
289.93963623046875 12.814447402954102 366.5425033569336 12.814447402954102 366.5425033569336 110.74671363830566 289.93963623046875 110.74671363830566
286.3188171386719 13.612078666687012 362.93196868896484 13.612078666687012 362.93196868896484 111.91394329071045 286.3188171386719 111.91394329071045
284.82916259765625 14.413261413574219 362.01856994628906 14.413261413574219 362.01856994628906 113.09362030029297 284.82916259765625 113.09362030029297
282.70025634765625 14.537800788879395 359.9101867675781 14.537800788879395 359.9101867675781 113.32090473175049 282.70025634765625 113.32090473175049
280.7320251464844 14.43217945098877 358.98441314697266 14.43217945098877 358.98441314697266 114.32491779327393 280.7320251464844 114.32491779327393
279.2137756347656 14.441325187683105 357.7766876220703 14.441325187683105 357.7766876220703 115.23926067352295 279.2137756347656 115.23926067352295
276.31536865234375 15.536300659179688 353.7546844482422 15.536300659179688 353.7546844482422 117.41510772705078 276.31536865234375 117.41510772705078
274.92852783203125 15.841913223266602 353.34605407714844 15.841913223266602 353.34605407714844 119.48063087463379 274.92852783203125 119.48063087463379
274.09716796875 16.62175941467285 352.84193420410156 16.62175941467285 352.84193420410156 121.29607582092285 274.09716796875 121.29607582092285
273.8045959472656 17.090408325195312 351.8341751098633 17.090408325195312 351.8341751098633 121.82073211669922 273.8045959472656 121.82073211669922
272.83203125 17.312091827392578 351.7588195800781 17.312091827392578 351.7588195800781 122.92377090454102 272.83203125 122.92377090454102
272.70721435546875 18.97581672668457 351.67220306396484 18.97581672668457 351.67220306396484 124.61292457580566 272.70721435546875 124.61292457580566
272.35284423828125 19.234039306640625 351.2888412475586 19.234039306640625 351.2888412475586 124.69738006591797 272.35284423828125 124.69738006591797
270.263427734375 15.983209609985352 353.900634765625 15.983209609985352 353.900634765625 127.00284767150879 270.263427734375 127.00284767150879
265.995849609375 7.776202201843262 358.614501953125 7.776202201843262 358.614501953125 131.4463300704956 265.995849609375 131.4463300704956
268.69476318359375 11.721928596496582 355.63987731933594 11.721928596496582 355.63987731933594 128.24013996124268 268.69476318359375 128.24013996124268
273.6713562011719 18.726696014404297 350.85826873779297 18.726696014404297 350.85826873779297 122.79460525512695 273.6713562011719 122.79460525512695
272.35858154296875 14.495946884155273 353.84676361083984 14.495946884155273 353.84676361083984 123.62928581237793 272.35858154296875 123.62928581237793
273.1282958984375 14.961700439453125 354.5747833251953 14.961700439453125 354.5747833251953 122.59758758544922 273.1282958984375 122.59758758544922
274.65216064453125 18.740131378173828 352.9638214111328 18.740131378173828 352.9638214111328 120.79224014282227 274.65216064453125 120.79224014282227
274.89349365234375 19.16539764404297 353.5457000732422 19.16539764404297 353.5457000732422 120.84994506835938 274.89349365234375 120.84994506835938
275.657470703125 20.433300018310547 353.0679702758789 20.433300018310547 353.0679702758789 120.2430305480957 275.657470703125 120.2430305480957
276.6385803222656 22.720203399658203 353.1605224609375 22.720203399658203 353.1605224609375 121.2010383605957 276.6385803222656 121.2010383605957
276.2410583496094 23.00993537902832 353.8980178833008 23.00993537902832 353.8980178833008 122.27230262756348 276.2410583496094 122.27230262756348
275.3760681152344 18.64113426208496 356.8358154296875 18.64113426208496 356.8358154296875 125.57697105407715 275.3760681152344 125.57697105407715
275.9977111816406 19.010984420776367 357.7715301513672 19.010984420776367 357.7715301513672 127.27531242370605 275.9977111816406 127.27531242370605
279.37359619140625 24.997051239013672 358.04891204833984 24.997051239013672 358.04891204833984 130.98318099975586 279.37359619140625 130.98318099975586
280.4342956542969 25.482643127441406 359.69093322753906 25.482643127441406 359.69093322753906 131.4229278564453 280.4342956542969 131.4229278564453
282.70721435546875 27.485204696655273 362.0978088378906 27.485204696655273 362.0978088378906 132.96563529968262 282.70721435546875 132.96563529968262
284.1537170410156 26.76653480529785 365.1697769165039 26.76653480529785 365.1697769165039 134.1550235748291 284.1537170410156 134.1550235748291
286.2604064941406 28.11704444885254 367.62120819091797 28.11704444885254 367.62120819091797 134.92451667785645 286.2604064941406 134.92451667785645
291.39288330078125 29.145618438720703 370.84214782714844 29.145618438720703 370.84214782714844 134.8736457824707 291.39288330078125 134.8736457824707
293.25067138671875 28.42647361755371 372.33697509765625 28.42647361755371 372.33697509765625 135.02299308776855 293.25067138671875 135.02299308776855
294.8916931152344 30.47330665588379 374.0860061645508 30.47330665588379 374.0860061645508 135.33591651916504 294.8916931152344 135.33591651916504
296.79583740234375 31.719568252563477 375.0202102661133 31.719568252563477 375.0202102661133 135.94118690490723 296.79583740234375 135.94118690490723
298.50616455078125 31.890766143798828 376.8938751220703 31.890766143798828 376.8938751220703 136.43400192260742 298.50616455078125 136.43400192260742
299.9684753417969 33.96369171142578 378.40914154052734 33.96369171142578 378.40914154052734 136.9792709350586 299.9684753417969 136.9792709350586
301.6231384277344 33.53085708618164 379.09830474853516 33.53085708618164 379.09830474853516 135.9073371887207 301.6231384277344 135.9073371887207
302.1769714355469 33.38311004638672 379.37364959716797 33.38311004638672 379.37364959716797 136.79546356201172 302.1769714355469 136.79546356201172
302.5725402832031 33.24468994140625 380.32843017578125 33.24468994140625 380.32843017578125 136.75362396240234 302.5725402832031 136.75362396240234
303.5146789550781 33.56927490234375 379.17423248291016 33.56927490234375 379.17423248291016 136.1231460571289 303.5146789550781 136.1231460571289
302.96893310546875 32.288368225097656 379.8138961791992 32.288368225097656 379.8138961791992 138.1497344970703 302.96893310546875 138.1497344970703
301.46429443359375 32.273719787597656 378.76139068603516 32.273719787597656 378.76139068603516 139.4746856689453 301.46429443359375 139.4746856689453
300.6742248535156 32.28403091430664 378.2626724243164 32.28403091430664 378.2626724243164 140.91511917114258 300.6742248535156 140.91511917114258
300.01751708984375 33.890987396240234 376.0957794189453 33.890987396240234 376.0957794189453 141.80344772338867 300.01751708984375 141.80344772338867
298.7883605957031 35.214637756347656 376.384765625 35.214637756347656 376.384765625 143.72310638427734 298.7883605957031 143.72310638427734
297.6150207519531 39.1347770690918 374.02220153808594 39.1347770690918 374.02220153808594 145.5475730895996 297.6150207519531 145.5475730895996
296.9246520996094 40.909358978271484 373.3410339355469 40.909358978271484 373.3410339355469 145.35392379760742 296.9246520996094 145.35392379760742
295.90057373046875 41.60062026977539 374.3705596923828 41.60062026977539 374.3705596923828 145.10515975952148 295.90057373046875 145.10515975952148
295.68914794921875 41.86170196533203 373.47276306152344 41.86170196533203 373.47276306152344 142.97984313964844 295.68914794921875 142.97984313964844
295.4920349121094 44.17790603637695 372.2460708618164 44.17790603637695 372.2460708618164 143.08819961547852 295.4920349121094 143.08819961547852
295.9532470703125 44.863433837890625 371.3396682739258 44.863433837890625 371.3396682739258 141.8672637939453 295.9532470703125 141.8672637939453
295.6272277832031 44.81179428100586 370.21797943115234 44.81179428100586 370.21797943115234 142.06459426879883 295.6272277832031 142.06459426879883
296.4752502441406 46.01702880859375 369.8491897583008 46.01702880859375 369.8491897583008 142.23218536376953 296.4752502441406 142.23218536376953
295.61370849609375 44.04317092895508 369.11451721191406 44.04317092895508 369.11451721191406 142.54584121704102 295.61370849609375 142.54584121704102
296.2687072753906 45.97021484375 370.47218322753906 45.97021484375 370.47218322753906 143.70882415771484 296.2687072753906 143.70882415771484
296.174072265625 46.990901947021484 369.77256774902344 46.990901947021484 369.77256774902344 144.94102096557617 296.174072265625 144.94102096557617
295.99774169921875 50.235801696777344 368.75506591796875 50.235801696777344 368.75506591796875 146.5231704711914 295.99774169921875 146.5231704711914
297.1426086425781 53.323890686035156 369.35912322998047 53.323890686035156 369.35912322998047 148.41402435302734 297.1426086425781 148.41402435302734
296.42779541015625 53.9074592590332 367.7893829345703 53.9074592590332 367.7893829345703 146.79681777954102 296.42779541015625 146.79681777954102
296.76531982421875 56.24211502075195 368.9239959716797 56.24211502075195 368.9239959716797 146.96783828735352 296.76531982421875 146.96783828735352
295.5807189941406 57.05781936645508 368.5846862792969 57.05781936645508 368.5846862792969 146.45959854125977 295.5807189941406 146.45959854125977
293.957763671875 57.642547607421875 366.99803924560547 57.642547607421875 366.99803924560547 146.0980682373047 293.957763671875 146.0980682373047
292.7607116699219 56.431739807128906 365.77941131591797 56.431739807128906 365.77941131591797 142.8285675048828 292.7607116699219 142.8285675048828
291.8185119628906 54.86540603637695 364.72718811035156 54.86540603637695 364.72718811035156 141.21956253051758 291.8185119628906 141.21956253051758
290.53155517578125 54.879676818847656 362.28089141845703 54.879676818847656 362.28089141845703 139.9103012084961 290.53155517578125 139.9103012084961
289.79254150390625 55.26506423950195 361.6649627685547 55.26506423950195 361.6649627685547 139.9497413635254 289.79254150390625 139.9497413635254
288.3636169433594 55.43408203125 361.61302185058594 55.43408203125 361.61302185058594 140.22901916503906 288.3636169433594 140.22901916503906
287.453125 56.0647087097168 359.9215087890625 56.0647087097168 359.9215087890625 139.93435287475586 287.453125 139.93435287475586
285.96380615234375 56.67292404174805 358.9098129272461 56.67292404174805 358.9098129272461 140.9485740661621 285.96380615234375 140.9485740661621
284.0109558105469 56.4896125793457 355.9842987060547 56.4896125793457 355.9842987060547 140.11193466186523 284.0109558105469 140.11193466186523
281.36181640625 58.97568893432617 353.1957244873047 58.97568893432617 353.1957244873047 143.59321212768555 281.36181640625 143.59321212768555
278.6297912597656 59.00492477416992 352.05228424072266 59.00492477416992 352.05228424072266 145.65258407592773 278.6297912597656 145.65258407592773
277.0013122558594 59.8997688293457 349.0754089355469 59.8997688293457 349.0754089355469 146.21313095092773 277.0013122558594 146.21313095092773
275.8964538574219 62.20549392700195 348.13867950439453 62.20549392700195 348.13867950439453 148.59924697875977 275.8964538574219 148.59924697875977
274.03125 63.158546447753906 346.8598937988281 63.158546447753906 346.8598937988281 150.0257797241211 274.03125 150.0257797241211
270.0478515625 63.02677536010742 342.1606674194336 63.02677536010742 342.1606674194336 148.04612350463867 270.0478515625 148.04612350463867
269.67059326171875 64.43260955810547 341.2530975341797 64.43260955810547 341.2530975341797 148.0798110961914 269.67059326171875 148.0798110961914
267.9881896972656 63.018821716308594 340.22169494628906 63.018821716308594 340.22169494628906 147.83063507080078 267.9881896972656 147.83063507080078
267.52789306640625 63.56353759765625 339.74413299560547 63.56353759765625 339.74413299560547 148.5876007080078 267.52789306640625 148.5876007080078
267.1665954589844 63.9786491394043 339.2910461425781 63.9786491394043 339.2910461425781 148.82366561889648 267.1665954589844 148.82366561889648
266.7012634277344 64.22743225097656 337.79673767089844 64.22743225097656 337.79673767089844 148.0355987548828 266.7012634277344 148.0355987548828
266.459716796875 64.48750305175781 337.00103759765625 64.48750305175781 337.00103759765625 148.92196655273438 266.459716796875 148.92196655273438
266.0560607910156 63.976318359375 336.9280242919922 63.976318359375 336.9280242919922 149.55157470703125 266.0560607910156 149.55157470703125
265.0802917480469 65.1212387084961 335.3307800292969 65.1212387084961 335.3307800292969 150.18706512451172 265.0802917480469 150.18706512451172
264.17999267578125 63.16154861450195 335.75394439697266 63.16154861450195 335.75394439697266 151.5609474182129 264.17999267578125 151.5609474182129
263.48583984375 60.611907958984375 334.03614044189453 60.611907958984375 334.03614044189453 147.9236831665039 263.48583984375 147.9236831665039
262.6236572265625 56.22088623046875 333.58355712890625 56.22088623046875 333.58355712890625 148.92620086669922 262.6236572265625 148.92620086669922
262.39990234375 53.08879470825195 333.2747039794922 53.08879470825195 333.2747039794922 147.2622947692871 262.39990234375 147.2622947692871
262.53759765625 51.39727020263672 332.1619186401367 51.39727020263672 332.1619186401367 146.32596588134766 262.53759765625 146.32596588134766
261.6640625 49.72563934326172 332.4214630126953 49.72563934326172 332.4214630126953 144.35597229003906 261.6640625 144.35597229003906
261.1255187988281 48.32480239868164 332.00035858154297 48.32480239868164 332.00035858154297 142.02980422973633 261.1255187988281 142.02980422973633
260.94195556640625 45.4201774597168 331.03392028808594 45.4201774597168 331.03392028808594 139.88079452514648 260.94195556640625 139.88079452514648
260.66998291015625 44.120140075683594 329.90008544921875 44.120140075683594 329.90008544921875 137.3325653076172 260.66998291015625 137.3325653076172
260.63531494140625 44.162872314453125 329.900634765625 44.162872314453125 329.900634765625 136.19873809814453 260.63531494140625 136.19873809814453
260.4872741699219 44.60103225708008 329.39710998535156 44.60103225708008 329.39710998535156 135.66552352905273 260.4872741699219 135.66552352905273
258.2153015136719 44.71529006958008 328.04642486572266 44.71529006958008 328.04642486572266 134.9132423400879 258.2153015136719 134.9132423400879
257.48480224609375 45.55070114135742 327.27474212646484 45.55070114135742 327.27474212646484 135.02758407592773 257.48480224609375 135.02758407592773
257.4555969238281 45.85654830932617 324.9327697753906 45.85654830932617 324.9327697753906 135.26232528686523 257.4555969238281 135.26232528686523
255.45468139648438 46.51471710205078 324.1535873413086 46.51471710205078 324.1535873413086 135.6576919555664 255.45468139648438 135.6576919555664
254.98458862304688 46.787132263183594 323.1718215942383 46.787132263183594 323.1718215942383 135.71987915039062 254.98458862304688 135.71987915039062
254.29837036132812 47.4168586730957 321.84632110595703 47.4168586730957 321.84632110595703 135.0485496520996 254.29837036132812 135.0485496520996
253.37442016601562 48.458717346191406 321.0782775878906 48.458717346191406 321.0782775878906 135.86347198486328 253.37442016601562 135.86347198486328
253.7235870361328 48.727294921875 320.6282043457031 48.727294921875 320.6282043457031 135.59693908691406 253.7235870361328 135.59693908691406
254.1911163330078 48.44947814941406 320.1654357910156 48.44947814941406 320.1654357910156 134.43533325195312 254.1911163330078 134.43533325195312
254.2411651611328 48.07462692260742 320.2513198852539 48.07462692260742 320.2513198852539 135.25967025756836 254.2411651611328 135.25967025756836
254.8485870361328 47.725624084472656 319.3189392089844 47.725624084472656 319.3189392089844 134.18608856201172 254.8485870361328 134.18608856201172
254.3566131591797 47.26682662963867 321.0930633544922 47.26682662963867 321.0930633544922 134.9433250427246 254.3566131591797 134.9433250427246
255.7517852783203 47.13655471801758 320.8257369995117 47.13655471801758 320.8257369995117 134.11472702026367 255.7517852783203 134.11472702026367
255.08779907226562 47.20576858520508 322.2877197265625 47.20576858520508 322.2877197265625 134.92096328735352 255.08779907226562 134.92096328735352
256.7681579589844 47.48019790649414 321.8466262817383 47.48019790649414 321.8466262817383 135.0256233215332 256.7681579589844 135.0256233215332
257.29681396484375 48.37206268310547 323.09928131103516 48.37206268310547 323.09928131103516 135.57135772705078 257.29681396484375 135.57135772705078
257.3975524902344 48.4477424621582 324.0088653564453 48.4477424621582 324.0088653564453 136.9463233947754 257.3975524902344 136.9463233947754
257.91839599609375 48.80883026123047 324.53467559814453 48.80883026123047 324.53467559814453 137.7171401977539 257.91839599609375 137.7171401977539
258.80889892578125 49.38383865356445 325.5521240234375 49.38383865356445 325.5521240234375 137.9876594543457 258.80889892578125 137.9876594543457
259.3724670410156 49.05896759033203 326.2481918334961 49.05896759033203 326.2481918334961 138.94432830810547 259.3724670410156 138.94432830810547
258.649658203125 49.527252197265625 328.4214630126953 49.527252197265625 328.4214630126953 142.18565368652344 258.649658203125 142.18565368652344
259.4710388183594 49.054405212402344 330.2311019897461 49.054405212402344 330.2311019897461 144.16484832763672 259.4710388183594 144.16484832763672
261.4721984863281 49.92237091064453 331.351318359375 49.92237091064453 331.351318359375 146.06520080566406 261.4721984863281 146.06520080566406
263.16015625 51.79487991333008 333.7522506713867 51.79487991333008 333.7522506713867 146.99345016479492 263.16015625 146.99345016479492
264.55377197265625 54.25122833251953 335.0315704345703 54.25122833251953 335.0315704345703 147.83663177490234 264.55377197265625 147.83663177490234
266.1409606933594 55.89875411987305 336.3868865966797 55.89875411987305 336.3868865966797 149.57152938842773 266.1409606933594 149.57152938842773
268.26068115234375 60.03193283081055 337.843994140625 60.03193283081055 337.843994140625 152.12282180786133 268.26068115234375 152.12282180786133
269.71453857421875 62.12750244140625 340.3736038208008 62.12750244140625 340.3736038208008 153.1172103881836 269.71453857421875 153.1172103881836
271.33843994140625 63.89226531982422 341.5060806274414 63.89226531982422 341.5060806274414 155.22766876220703 271.33843994140625 155.22766876220703
273.51702880859375 67.42462158203125 343.3527145385742 67.42462158203125 343.3527145385742 156.84898376464844 273.51702880859375 156.84898376464844
275.8555908203125 70.50654602050781 345.15235900878906 70.50654602050781 345.15235900878906 157.92599487304688 275.8555908203125 157.92599487304688
279.0920715332031 72.46882629394531 347.40948486328125 72.46882629394531 347.40948486328125 160.5987548828125 279.0920715332031 160.5987548828125
280.5694274902344 71.1058349609375 349.2870635986328 71.1058349609375 349.2870635986328 159.65522003173828 280.5694274902344 159.65522003173828
281.910888671875 72.57781219482422 350.57918548583984 72.57781219482422 350.57918548583984 160.3573989868164 281.910888671875 160.3573989868164
283.9270324707031 74.88118743896484 351.2317428588867 74.88118743896484 351.2317428588867 159.9819107055664 283.9270324707031 159.9819107055664
284.9903259277344 75.37794494628906 352.26341247558594 75.37794494628906 352.26341247558594 160.1720733642578 284.9903259277344 160.1720733642578
307.6256408691406 82.62842559814453 376.30919647216797 82.62842559814453 376.30919647216797 172.25904083251953 307.6256408691406 172.25904083251953
307.46258544921875 81.81295013427734 376.97225189208984 81.81295013427734 376.97225189208984 171.56562042236328 307.46258544921875 171.56562042236328
308.43731689453125 82.25187683105469 377.8941879272461 82.25187683105469 377.8941879272461 171.41333770751953 308.43731689453125 171.41333770751953
308.48052978515625 83.16755676269531 378.0968017578125 83.16755676269531 378.0968017578125 172.06292724609375 308.48052978515625 172.06292724609375
309.0814208984375 83.11111450195312 378.70005798339844 83.11111450195312 378.70005798339844 173.35785675048828 309.0814208984375 173.35785675048828
308.2829895019531 82.1404037475586 378.5732955932617 82.1404037475586 378.5732955932617 172.09296417236328 308.2829895019531 172.09296417236328
308.9134521484375 81.6624526977539 380.1238708496094 81.6624526977539 380.1238708496094 173.08969116210938 308.9134521484375 173.08969116210938
308.28436279296875 81.15708923339844 379.74388122558594 81.15708923339844 379.74388122558594 173.34446716308594 308.28436279296875 173.34446716308594
307.3672180175781 79.30827331542969 379.9662780761719 79.30827331542969 379.9662780761719 173.8773422241211 307.3672180175781 173.8773422241211
309.4683837890625 81.488525390625 380.86473083496094 81.488525390625 380.86473083496094 172.8600616455078 309.4683837890625 172.8600616455078
308.9569396972656 80.59776306152344 381.10362243652344 80.59776306152344 381.10362243652344 173.06121063232422 308.9569396972656 173.06121063232422
309.5765075683594 81.03460693359375 380.85794830322266 81.03460693359375 380.85794830322266 173.4893569946289 309.5765075683594 173.4893569946289
308.87994384765625 80.34998321533203 380.3341064453125 80.34998321533203 380.3341064453125 172.60065460205078 308.87994384765625 172.60065460205078
309.4288024902344 80.541259765625 380.2578582763672 80.541259765625 380.2578582763672 171.8266830444336 309.4288024902344 171.8266830444336
309.7432861328125 80.97917175292969 380.60353088378906 80.97917175292969 380.60353088378906 173.11407470703125 309.7432861328125 173.11407470703125
310.5284118652344 81.93560791015625 380.13548278808594 81.93560791015625 380.13548278808594 174.1126937866211 310.5284118652344 174.1126937866211
311.3241271972656 82.86985778808594 381.54894256591797 82.86985778808594 381.54894256591797 175.9122543334961 311.3241271972656 175.9122543334961
310.22308349609375 81.9104995727539 382.45616149902344 81.9104995727539 382.45616149902344 176.6782989501953 310.22308349609375 176.6782989501953
311.9619140625 83.21320343017578 382.71190643310547 83.21320343017578 382.71190643310547 178.83245086669922 311.9619140625 178.83245086669922
313.27386474609375 84.20945739746094 383.08138275146484 84.20945739746094 383.08138275146484 181.50350952148438 313.27386474609375 181.50350952148438
313.2976379394531 84.36814880371094 383.34996795654297 84.36814880371094 383.34996795654297 181.84252166748047 313.2976379394531 181.84252166748047
314.6098327636719 84.74220275878906 383.6697235107422 84.74220275878906 383.6697235107422 181.92230224609375 314.6098327636719 181.92230224609375
313.8831787109375 86.6953353881836 382.3738479614258 86.6953353881836 382.3738479614258 182.68842315673828 313.8831787109375 182.68842315673828
316.05438232421875 83.21989440917969 386.0133972167969 83.21989440917969 386.0133972167969 178.8492202758789 316.05438232421875 178.8492202758789
314.1263732910156 86.42002868652344 382.3638153076172 86.42002868652344 382.3638153076172 181.1075439453125 314.1263732910156 181.1075439453125
313.5198059082031 89.07734680175781 380.60668182373047 89.07734680175781 380.60668182373047 182.50614166259766 313.5198059082031 182.50614166259766
311.7178649902344 88.07035827636719 380.0468444824219 88.07035827636719 380.0468444824219 183.0550994873047 311.7178649902344 183.0550994873047
309.59466552734375 89.05189514160156 378.92608642578125 89.05189514160156 378.92608642578125 182.52267456054688 309.59466552734375 182.52267456054688
307.64520263671875 88.87810516357422 377.521240234375 88.87810516357422 377.521240234375 182.2536163330078 307.64520263671875 182.2536163330078
304.3233947753906 87.0902099609375 375.03539276123047 87.0902099609375 375.03539276123047 178.8066635131836 304.3233947753906 178.8066635131836
302.3089294433594 86.04472351074219 373.8884963989258 86.04472351074219 373.8884963989258 178.41192626953125 302.3089294433594 178.41192626953125
297.56689453125 85.54264068603516 369.5110855102539 85.54264068603516 369.5110855102539 176.788330078125 297.56689453125 176.788330078125
293.9859313964844 85.20869445800781 364.5060501098633 85.20869445800781 364.5060501098633 176.22279357910156 293.9859313964844 176.22279357910156
291.49169921875 86.31813049316406 361.4345932006836 86.31813049316406 361.4345932006836 175.32327270507812 291.49169921875 175.32327270507812
287.7070617675781 87.66676330566406 356.6690216064453 87.66676330566406 356.6690216064453 175.83724212646484 287.7070617675781 175.83724212646484
284.6136779785156 87.62217712402344 353.1278762817383 87.62217712402344 353.1278762817383 173.22008514404297 284.6136779785156 173.22008514404297
278.442138671875 87.7155532836914 346.0547637939453 87.7155532836914 346.0547637939453 174.444580078125 278.442138671875 174.444580078125
274.805908203125 89.58247375488281 342.62349700927734 89.58247375488281 342.62349700927734 174.93326568603516 274.805908203125 174.93326568603516
271.7939758300781 89.76469421386719 338.96836853027344 89.76469421386719 338.96836853027344 173.45164489746094 271.7939758300781 173.45164489746094
268.81610107421875 88.12578582763672 335.89366149902344 88.12578582763672 335.89366149902344 171.5392074584961 268.81610107421875 171.5392074584961
267.10894775390625 89.22967529296875 333.4532165527344 89.22967529296875 333.4532165527344 171.13341522216797 267.10894775390625 171.13341522216797
262.6101989746094 88.41112518310547 328.5870819091797 88.41112518310547 328.5870819091797 169.1776885986328 262.6101989746094 169.1776885986328
260.660888671875 89.61717987060547 326.54542541503906 89.61717987060547 326.54542541503906 169.39081573486328 260.660888671875 169.39081573486328
259.91009521484375 88.57058715820312 324.511962890625 88.57058715820312 324.511962890625 167.919677734375 259.91009521484375 167.919677734375
257.3587951660156 87.91741943359375 323.5053253173828 87.91741943359375 323.5053253173828 169.0059356689453 257.3587951660156 169.0059356689453
256.1174621582031 88.82975006103516 323.17491149902344 88.82975006103516 323.17491149902344 167.92520141601562 256.1174621582031 167.92520141601562
252.84329223632812 88.84904479980469 318.08734130859375 88.84904479980469 318.08734130859375 167.97683715820312 252.84329223632812 167.97683715820312
251.7880859375 87.80459594726562 317.6377410888672 87.80459594726562 317.6377410888672 166.66400146484375 251.7880859375 166.66400146484375
249.89328002929688 87.68286895751953 314.3293151855469 87.68286895751953 314.3293151855469 167.27588653564453 249.89328002929688 167.27588653564453
249.0637969970703 86.2254638671875 314.3309326171875 86.2254638671875 314.3309326171875 167.09873962402344 249.0637969970703 167.09873962402344
248.12655639648438 86.89936828613281 313.80460357666016 86.89936828613281 313.80460357666016 167.68801879882812 248.12655639648438 167.68801879882812
245.3799285888672 87.00004577636719 309.2538299560547 87.00004577636719 309.2538299560547 166.64443969726562 245.3799285888672 166.64443969726562
244.625244140625 87.0267105102539 308.0339164733887 87.0267105102539 308.0339164733887 165.81270599365234 244.625244140625 165.81270599365234
244.18679809570312 87.77621459960938 307.4720993041992 87.77621459960938 307.4720993041992 164.97217559814453 244.18679809570312 164.97217559814453
243.1527557373047 86.74544525146484 307.0052032470703 86.74544525146484 307.0052032470703 164.99100494384766 243.1527557373047 164.99100494384766
241.6379852294922 88.3816146850586 305.32286834716797 88.3816146850586 305.32286834716797 165.0562744140625 241.6379852294922 165.0562744140625
240.4311065673828 89.6927261352539 304.4449920654297 89.6927261352539 304.4449920654297 164.4127960205078 240.4311065673828 164.4127960205078
239.55715942382812 88.76194763183594 304.1748733520508 88.76194763183594 304.1748733520508 164.0389862060547 239.55715942382812 164.0389862060547
237.7771453857422 87.80423736572266 302.3926696777344 87.80423736572266 302.3926696777344 164.6331024169922 237.7771453857422 164.6331024169922
237.0300750732422 87.98185729980469 301.13482666015625 87.98185729980469 301.13482666015625 163.70718383789062 237.0300750732422 163.70718383789062
235.14425659179688 88.43641662597656 299.5237274169922 88.43641662597656 299.5237274169922 163.61538696289062 235.14425659179688 163.61538696289062
233.56716918945312 86.73347473144531 297.76253509521484 86.73347473144531 297.76253509521484 162.62869262695312 233.56716918945312 162.62869262695312
232.30322265625 86.54096221923828 295.0408134460449 86.54096221923828 295.0408134460449 161.88497161865234 232.30322265625 161.88497161865234
231.33642578125 87.57722473144531 294.1835517883301 87.57722473144531 294.1835517883301 161.93282318115234 231.33642578125 161.93282318115234
230.0630645751953 88.25434875488281 292.0731658935547 88.25434875488281 292.0731658935547 162.15042114257812 230.0630645751953 162.15042114257812
229.77743530273438 89.30442810058594 291.4455375671387 89.30442810058594 291.4455375671387 162.47721099853516 229.77743530273438 162.47721099853516
229.0731964111328 90.2101821899414 289.8126754760742 90.2101821899414 289.8126754760742 161.81243133544922 229.0731964111328 161.81243133544922
228.65603637695312 89.31809997558594 289.3800277709961 89.31809997558594 289.3800277709961 161.9386749267578 228.65603637695312 161.9386749267578
228.54013061523438 89.26644134521484 288.72994232177734 89.26644134521484 288.72994232177734 162.01748657226562 228.54013061523438 162.01748657226562
227.77120971679688 87.85628509521484 287.6150207519531 87.85628509521484 287.6150207519531 160.9356231689453 227.77120971679688 160.9356231689453
228.42764282226562 87.63387298583984 287.81739044189453 87.63387298583984 287.81739044189453 161.2453155517578 228.42764282226562 161.2453155517578
229.41775512695312 86.28779602050781 289.4646301269531 86.28779602050781 289.4646301269531 160.02305603027344 229.41775512695312 160.02305603027344
231.1199188232422 85.66697692871094 291.9288101196289 85.66697692871094 291.9288101196289 160.15428924560547 231.1199188232422 160.15428924560547
231.95285034179688 83.30914306640625 293.4734420776367 83.30914306640625 293.4734420776367 159.83136749267578 231.95285034179688 159.83136749267578
234.350830078125 82.51570129394531 296.4423408508301 82.51570129394531 296.4423408508301 159.59100341796875 234.350830078125 159.59100341796875
237.211181640625 81.36570739746094 299.45905685424805 81.36570739746094 299.45905685424805 158.62844848632812 237.211181640625 158.62844848632812
243.20993041992188 80.55427551269531 304.2739677429199 80.55427551269531 304.2739677429199 157.476318359375 243.20993041992188 157.476318359375
245.77133178710938 79.95945739746094 308.8872375488281 79.95945739746094 308.8872375488281 157.49427795410156 245.77133178710938 157.49427795410156
249.0859832763672 79.46841430664062 312.17525482177734 79.46841430664062 312.17525482177734 156.93645477294922 249.0859832763672 156.93645477294922
252.59170532226562 79.22451782226562 316.16333770751953 79.22451782226562 316.16333770751953 157.88251495361328 252.59170532226562 157.88251495361328
256.4294738769531 78.25479125976562 320.69850158691406 78.25479125976562 320.69850158691406 157.4981231689453 256.4294738769531 157.4981231689453
263.41839599609375 77.73590850830078 327.10919189453125 77.73590850830078 327.10919189453125 158.2428436279297 263.41839599609375 158.2428436279297
267.32635498046875 76.6980972290039 330.96825408935547 76.6980972290039 330.96825408935547 155.8137435913086 267.32635498046875 155.8137435913086
272.2227478027344 75.01225280761719 335.69998931884766 75.01225280761719 335.69998931884766 152.88316345214844 272.2227478027344 152.88316345214844
273.9631652832031 75.82283782958984 337.7497787475586 75.82283782958984 337.7497787475586 155.00191497802734 273.9631652832031 155.00191497802734
278.0834045410156 75.2737808227539 342.0151596069336 75.2737808227539 342.0151596069336 152.9810562133789 278.0834045410156 152.9810562133789
281.38140869140625 74.45899200439453 344.05406951904297 74.45899200439453 344.05406951904297 152.43798828125 281.38140869140625 152.43798828125
282.30560302734375 73.84430694580078 346.3344955444336 73.84430694580078 346.3344955444336 154.79509735107422 282.30560302734375 154.79509735107422
283.1143798828125 72.65926361083984 347.17271423339844 72.65926361083984 347.17271423339844 154.25782775878906 283.1143798828125 154.25782775878906
285.3392639160156 72.00813293457031 348.8671760559082 72.00813293457031 348.8671760559082 153.76470947265625 285.3392639160156 153.76470947265625
284.7154846191406 71.73853302001953 349.52418518066406 71.73853302001953 349.52418518066406 154.90948486328125 284.7154846191406 154.90948486328125
286.396728515625 71.21118927001953 349.662353515625 71.21118927001953 349.662353515625 154.29012298583984 286.396728515625 154.29012298583984
287.3307189941406 71.24629211425781 349.6802978515625 71.24629211425781 349.6802978515625 153.89258575439453 287.3307189941406 153.89258575439453
287.12371826171875 70.72489166259766 351.22068786621094 70.72489166259766 351.22068786621094 154.72539520263672 287.12371826171875 154.72539520263672
288.5404968261719 70.6126708984375 352.50203704833984 70.6126708984375 352.50203704833984 154.86824798583984 288.5404968261719 154.86824798583984
289.0064697265625 71.42095184326172 352.4108581542969 71.42095184326172 352.4108581542969 153.25684356689453 289.0064697265625 153.25684356689453
287.7909240722656 71.56031799316406 352.01295471191406 71.56031799316406 352.01295471191406 155.03358459472656 287.7909240722656 155.03358459472656
289.1189880371094 71.21107482910156 353.35791778564453 71.21107482910156 353.35791778564453 155.00509643554688 289.1189880371094 155.00509643554688
289.61102294921875 71.83191680908203 353.2162895202637 71.83191680908203 353.2162895202637 154.36046600341797 289.61102294921875 154.36046600341797
290.1985778808594 72.6510238647461 352.9854431152344 72.6510238647461 352.9854431152344 154.04210662841797 290.1985778808594 154.04210662841797
290.2730712890625 71.84707641601562 353.5442695617676 71.84707641601562 353.5442695617676 154.42225646972656 290.2730712890625 154.42225646972656
290.71875 71.73777770996094 354.0303268432617 71.73777770996094 354.0303268432617 154.64879608154297 290.71875 154.64879608154297
289.1419982910156 72.19883728027344 353.0069351196289 72.19883728027344 353.0069351196289 155.700927734375 289.1419982910156 155.700927734375
288.95550537109375 71.87339782714844 352.4393997192383 71.87339782714844 352.4393997192383 155.97566986083984 288.95550537109375 155.97566986083984
287.82366943359375 72.53242492675781 350.90966033935547 72.53242492675781 350.90966033935547 155.46417236328125 287.82366943359375 155.46417236328125
287.84466552734375 71.96431732177734 351.4740676879883 71.96431732177734 351.4740676879883 154.9173583984375 287.84466552734375 154.9173583984375
288.2908935546875 71.40116882324219 351.76790618896484 71.40116882324219 351.76790618896484 154.70865631103516 288.2908935546875 154.70865631103516
286.61376953125 71.47190856933594 351.20697021484375 71.47190856933594 351.20697021484375 155.25066375732422 286.61376953125 155.25066375732422
287.5627746582031 71.09871673583984 351.2928581237793 71.09871673583984 351.2928581237793 153.49452209472656 287.5627746582031 153.49452209472656
286.99652099609375 70.8306884765625 350.00211334228516 70.8306884765625 350.00211334228516 153.01699829101562 286.99652099609375 153.01699829101562
285.8349609375 71.24192810058594 349.41626739501953 71.24192810058594 349.41626739501953 154.29800415039062 285.8349609375 154.29800415039062
286.0890808105469 70.86253356933594 349.51280975341797 70.86253356933594 349.51280975341797 154.28667449951172 286.0890808105469 154.28667449951172
286.6214294433594 70.83544921875 350.0401306152344 70.83544921875 350.0401306152344 154.64015197753906 286.6214294433594 154.64015197753906
285.3221130371094 71.32676696777344 348.9953804016113 71.32676696777344 348.9953804016113 154.54135131835938 285.3221130371094 154.54135131835938
286.4852294921875 71.17424011230469 349.6248588562012 71.17424011230469 349.6248588562012 154.36946868896484 286.4852294921875 154.36946868896484
285.6131896972656 71.12907409667969 349.6835174560547 71.12907409667969 349.6835174560547 154.69181060791016 285.6131896972656 154.69181060791016
286.449462890625 70.73470306396484 349.9977035522461 70.73470306396484 349.9977035522461 154.41817474365234 286.449462890625 154.41817474365234
287.144287109375 71.35706329345703 350.5288505554199 71.35706329345703 350.5288505554199 153.29480743408203 287.144287109375 153.29480743408203
285.164306640625 70.61495208740234 348.9951858520508 70.61495208740234 348.9951858520508 153.85784149169922 285.164306640625 153.85784149169922
285.00091552734375 69.99320983886719 348.76937103271484 69.99320983886719 348.76937103271484 153.5774917602539 285.00091552734375 153.5774917602539
282.7719421386719 71.11590576171875 347.2458038330078 71.11590576171875 347.2458038330078 154.5264663696289 282.7719421386719 154.5264663696289
281.74078369140625 70.62974548339844 347.3916473388672 70.62974548339844 347.3916473388672 154.6642074584961 281.74078369140625 154.6642074584961
281.2117614746094 70.6578369140625 346.31956481933594 70.6578369140625 346.31956481933594 152.67886352539062 281.2117614746094 152.67886352539062
279.7603454589844 70.23439025878906 345.58150482177734 70.23439025878906 345.58150482177734 153.87530517578125 279.7603454589844 153.87530517578125
278.15997314453125 70.6295394897461 344.5084991455078 70.6295394897461 344.5084991455078 154.53553009033203 278.15997314453125 154.53553009033203
276.51300048828125 70.36962890625 343.04942321777344 70.36962890625 343.04942321777344 155.07176208496094 276.51300048828125 155.07176208496094
277.470458984375 70.1455307006836 342.45033264160156 70.1455307006836 342.45033264160156 153.29144287109375 277.470458984375 153.29144287109375
274.2725830078125 69.50992584228516 340.56365966796875 69.50992584228516 340.56365966796875 153.65923309326172 274.2725830078125 153.65923309326172
273.42022705078125 69.5081787109375 339.71824645996094 69.5081787109375 339.71824645996094 153.57051849365234 273.42022705078125 153.57051849365234
272.81085205078125 69.36668395996094 339.3217315673828 69.36668395996094 339.3217315673828 154.18800354003906 272.81085205078125 154.18800354003906
272.0455017089844 68.82453918457031 338.2565460205078 68.82453918457031 338.2565460205078 153.41554260253906 272.0455017089844 153.41554260253906
271.4486389160156 68.02430725097656 337.5096130371094 68.02430725097656 337.5096130371094 153.1065444946289 271.4486389160156 153.1065444946289
270.28985595703125 69.36083221435547 337.5563278198242 69.36083221435547 337.5563278198242 153.3595962524414 270.28985595703125 153.3595962524414
268.8876037597656 68.19949340820312 335.2640380859375 68.19949340820312 335.2640380859375 152.5174331665039 268.8876037597656 152.5174331665039
267.69183349609375 68.16337585449219 334.5413818359375 68.16337585449219 334.5413818359375 152.5230712890625 267.69183349609375 152.5230712890625
267.8161926269531 67.8865737915039 334.36034393310547 67.8865737915039 334.36034393310547 153.27239990234375 267.8161926269531 153.27239990234375
267.8760986328125 67.294189453125 334.17552185058594 67.294189453125 334.17552185058594 151.4372100830078 267.8760986328125 151.4372100830078
265.4440002441406 66.9525375366211 332.5019073486328 66.9525375366211 332.5019073486328 153.1728057861328 265.4440002441406 153.1728057861328
265.139404296875 66.41295623779297 332.78504943847656 66.41295623779297 332.78504943847656 153.47307586669922 265.139404296875 153.47307586669922
264.563720703125 66.06939697265625 332.62886810302734 66.06939697265625 332.62886810302734 153.64298248291016 264.563720703125 153.64298248291016
263.09735107421875 66.11536407470703 330.9433822631836 66.11536407470703 330.9433822631836 153.40289306640625 263.09735107421875 153.40289306640625
262.84149169921875 66.24822998046875 330.0432891845703 66.24822998046875 330.0432891845703 153.50399780273438 262.84149169921875 153.50399780273438
262.0466613769531 65.88905334472656 330.06825256347656 65.88905334472656 330.06825256347656 152.96630859375 262.0466613769531 152.96630859375
261.75787353515625 65.39982604980469 329.14066314697266 65.39982604980469 329.14066314697266 153.67214965820312 261.75787353515625 153.67214965820312
260.90362548828125 66.18583679199219 328.2749328613281 66.18583679199219 328.2749328613281 153.08993530273438 260.90362548828125 153.08993530273438
260.0151062011719 66.2166976928711 328.2372055053711 66.2166976928711 328.2372055053711 153.0938949584961 260.0151062011719 153.0938949584961
259.4491271972656 65.16190338134766 327.2167510986328 65.16190338134766 327.2167510986328 152.9075698852539 259.4491271972656 152.9075698852539
256.87908935546875 65.64595031738281 325.94126892089844 65.64595031738281 325.94126892089844 153.52672576904297 256.87908935546875 153.52672576904297
255.95950317382812 65.40909576416016 324.486328125 65.40909576416016 324.486328125 153.9474105834961 255.95950317382812 153.9474105834961
253.97525024414062 65.00285339355469 323.4689178466797 65.00285339355469 323.4689178466797 153.60858917236328 253.97525024414062 153.60858917236328
252.14450073242188 65.01362609863281 321.6650390625 65.01362609863281 321.6650390625 154.77651977539062 252.14450073242188 154.77651977539062
251.0815887451172 64.65999603271484 320.3857879638672 64.65999603271484 320.3857879638672 154.9772720336914 251.0815887451172 154.9772720336914
249.0378875732422 65.91780090332031 319.3474426269531 65.91780090332031 319.3474426269531 154.41107177734375 249.0378875732422 154.41107177734375
248.51589965820312 65.80892181396484 319.17967224121094 65.80892181396484 319.17967224121094 154.05677795410156 248.51589965820312 154.05677795410156
246.8263702392578 65.80667877197266 317.1975326538086 65.80667877197266 317.1975326538086 154.05921173095703 246.8263702392578 154.05921173095703
245.40829467773438 65.82405853271484 315.40799713134766 65.82405853271484 315.40799713134766 154.81404876708984 245.40829467773438 154.81404876708984
244.6413116455078 66.51342010498047 315.34129333496094 66.51342010498047 315.34129333496094 153.6442642211914 244.6413116455078 153.6442642211914
243.7130889892578 66.33866119384766 314.0619201660156 66.33866119384766 314.0619201660156 154.11898040771484 243.7130889892578 154.11898040771484
243.1842041015625 66.53691864013672 313.46022033691406 66.53691864013672 313.46022033691406 153.89002227783203 243.1842041015625 153.89002227783203
242.4707794189453 66.1539306640625 312.0267868041992 66.1539306640625 312.0267868041992 153.57386016845703 242.4707794189453 153.57386016845703
242.05908203125 65.90176391601562 311.3148193359375 65.90176391601562 311.3148193359375 153.6315460205078 242.05908203125 153.6315460205078
242.3387908935547 66.44744873046875 312.2997055053711 66.44744873046875 312.2997055053711 153.63111114501953 242.3387908935547 153.63111114501953
242.37826538085938 66.16194915771484 311.7313232421875 66.16194915771484 311.7313232421875 154.0375213623047 242.37826538085938 154.0375213623047
241.43356323242188 66.39451599121094 311.55147552490234 66.39451599121094 311.55147552490234 154.47525024414062 241.43356323242188 154.47525024414062
242.1068878173828 66.82671356201172 312.06048583984375 66.82671356201172 312.06048583984375 155.25078582763672 242.1068878173828 155.25078582763672
242.34573364257812 66.216552734375 311.93541717529297 66.216552734375 311.93541717529297 155.12189483642578 242.34573364257812 155.12189483642578
242.5271759033203 66.92259216308594 313.2489776611328 66.92259216308594 313.2489776611328 157.12749481201172 242.5271759033203 157.12749481201172
242.751708984375 67.6007080078125 311.9852066040039 67.6007080078125 311.9852066040039 157.22757720947266 242.751708984375 157.22757720947266
243.9154815673828 69.54954528808594 313.85575103759766 69.54954528808594 313.85575103759766 159.41635131835938 243.9154815673828 159.41635131835938
243.23764038085938 70.63926696777344 314.21546173095703 70.63926696777344 314.21546173095703 161.45675659179688 243.23764038085938 161.45675659179688
243.34744262695312 71.86051940917969 313.1824951171875 71.86051940917969 313.1824951171875 162.4411849975586 243.34744262695312 162.4411849975586
243.860595703125 71.1021728515625 313.2544250488281 71.1021728515625 313.2544250488281 162.9988555908203 243.860595703125 162.9988555908203
243.9801025390625 72.69568634033203 313.59619140625 72.69568634033203 313.59619140625 164.31890869140625 243.9801025390625 164.31890869140625
243.32986450195312 74.37260437011719 313.8185119628906 74.37260437011719 313.8185119628906 165.64899444580078 243.32986450195312 165.64899444580078
243.3458251953125 74.38092803955078 314.72491455078125 74.38092803955078 314.72491455078125 166.98918914794922 243.3458251953125 166.98918914794922
243.4630889892578 75.84193420410156 315.53820037841797 75.84193420410156 315.53820037841797 168.88369750976562 243.4630889892578 168.88369750976562
243.5555419921875 76.56080627441406 316.6642303466797 76.56080627441406 316.6642303466797 169.76712036132812 243.5555419921875 169.76712036132812
244.6261444091797 75.5321273803711 317.6656799316406 75.5321273803711 317.6656799316406 169.3158416748047 244.6261444091797 169.3158416748047
245.42929077148438 76.83222961425781 319.9649200439453 76.83222961425781 319.9649200439453 173.18273162841797 245.42929077148438 173.18273162841797
245.5408935546875 76.57109069824219 319.94747161865234 76.57109069824219 319.94747161865234 171.9245376586914 245.5408935546875 171.9245376586914
244.9976348876953 77.15065002441406 319.9700241088867 77.15065002441406 319.9700241088867 173.06041717529297 244.9976348876953 173.06041717529297
245.89224243164062 76.91255950927734 320.7609100341797 76.91255950927734 320.7609100341797 172.30726623535156 245.89224243164062 172.30726623535156
245.5151824951172 78.38068389892578 319.143310546875 78.38068389892578 319.143310546875 170.81414031982422 245.5151824951172 170.81414031982422
246.1055908203125 78.3300552368164 320.41117095947266 78.3300552368164 320.41117095947266 169.95244598388672 246.1055908203125 169.95244598388672
245.708740234375 77.32295989990234 319.29100799560547 77.32295989990234 319.29100799560547 166.9107894897461 245.708740234375 166.9107894897461
244.7983856201172 76.53770446777344 317.5962600708008 76.53770446777344 317.5962600708008 164.85131072998047 244.7983856201172 164.85131072998047
243.0456085205078 75.27958679199219 316.42162322998047 75.27958679199219 316.42162322998047 164.8383331298828 243.0456085205078 164.8383331298828
241.2326202392578 74.87922668457031 315.20633697509766 74.87922668457031 315.20633697509766 163.9203643798828 241.2326202392578 163.9203643798828
240.74105834960938 76.08089447021484 313.57396697998047 76.08089447021484 313.57396697998047 163.73798370361328 240.74105834960938 163.73798370361328
239.68106079101562 75.1578140258789 312.63829803466797 75.1578140258789 312.63829803466797 163.11651611328125 239.68106079101562 163.11651611328125
239.29122924804688 75.18687438964844 311.11177825927734 75.18687438964844 311.11177825927734 161.50572967529297 239.29122924804688 161.50572967529297
238.9230499267578 75.957275390625 312.5204162597656 75.957275390625 312.5204162597656 161.67230224609375 238.9230499267578 161.67230224609375
236.98147583007812 74.27640533447266 309.41051483154297 74.27640533447266 309.41051483154297 158.51949310302734 236.98147583007812 158.51949310302734
236.0499267578125 75.0069808959961 309.11290740966797 75.0069808959961 309.11290740966797 159.46246337890625 236.0499267578125 159.46246337890625
235.3572540283203 76.0007553100586 307.46446228027344 76.0007553100586 307.46446228027344 158.4605255126953 235.3572540283203 158.4605255126953
234.18209838867188 76.1551284790039 305.44998931884766 76.1551284790039 305.44998931884766 158.1918716430664 234.18209838867188 158.1918716430664
233.25381469726562 74.52040100097656 303.2084274291992 74.52040100097656 303.2084274291992 157.18698120117188 233.25381469726562 157.18698120117188
233.8753204345703 74.54203033447266 302.98799896240234 74.54203033447266 302.98799896240234 155.94564056396484 233.8753204345703 155.94564056396484
233.59170532226562 73.49467468261719 301.52244567871094 73.49467468261719 301.52244567871094 153.8745880126953 233.59170532226562 153.8745880126953
234.4091796875 72.57766723632812 301.87913513183594 72.57766723632812 301.87913513183594 154.19332885742188 234.4091796875 154.19332885742188
234.2769775390625 73.34381866455078 302.23372650146484 73.34381866455078 302.23372650146484 154.30033111572266 234.2769775390625 154.30033111572266
235.3674774169922 73.74675750732422 304.15460205078125 73.74675750732422 304.15460205078125 155.2542266845703 235.3674774169922 155.2542266845703
238.56900024414062 71.89500427246094 308.36070251464844 71.89500427246094 308.36070251464844 153.81439971923828 238.56900024414062 153.81439971923828
239.8206329345703 69.7634506225586 310.38744354248047 69.7634506225586 310.38744354248047 153.02259826660156 239.8206329345703 153.02259826660156
242.31661987304688 71.94361877441406 313.5092468261719 71.94361877441406 313.5092468261719 153.5284652709961 242.31661987304688 153.5284652709961
245.3501434326172 71.91510009765625 316.5518264770508 71.91510009765625 316.5518264770508 153.3774871826172 245.3501434326172 153.3774871826172
248.5157470703125 72.42906188964844 319.3143539428711 72.42906188964844 319.3143539428711 153.27899169921875 248.5157470703125 153.27899169921875
255.7421417236328 73.57806396484375 327.19667053222656 73.57806396484375 327.19667053222656 153.7318115234375 255.7421417236328 153.7318115234375
259.7513122558594 73.36250305175781 331.56520080566406 73.36250305175781 331.56520080566406 155.50314331054688 259.7513122558594 155.50314331054688
262.5279235839844 71.99543762207031 334.4890441894531 71.99543762207031 334.4890441894531 155.45973205566406 262.5279235839844 155.45973205566406
266.09796142578125 71.63919830322266 338.24578857421875 71.63919830322266 338.24578857421875 155.55033111572266 266.09796142578125 155.55033111572266
271.2171936035156 72.47745513916016 344.26029205322266 72.47745513916016 344.26029205322266 156.65096282958984 271.2171936035156 156.65096282958984
278.88067626953125 72.16600036621094 351.00431060791016 72.16600036621094 351.00431060791016 155.94996643066406 278.88067626953125 155.94996643066406
282.7132873535156 69.44866943359375 355.0081024169922 69.44866943359375 355.0081024169922 154.73949432373047 282.7132873535156 154.73949432373047
287.45465087890625 67.8785629272461 360.4239273071289 67.8785629272461 360.4239273071289 153.9192657470703 287.45465087890625 153.9192657470703
288.96575927734375 67.8946304321289 362.1725616455078 67.8946304321289 362.1725616455078 154.82694244384766 288.96575927734375 154.82694244384766
292.2041015625 67.84235382080078 365.19764709472656 67.84235382080078 365.19764709472656 155.36249542236328 292.2041015625 155.36249542236328
297.99176025390625 68.37806701660156 371.26216888427734 68.37806701660156 371.26216888427734 154.8927001953125 297.99176025390625 154.8927001953125
298.75927734375 69.35248565673828 372.49195861816406 69.35248565673828 372.49195861816406 157.11607360839844 298.75927734375 157.11607360839844
301.1622009277344 71.10504913330078 373.74591064453125 71.10504913330078 373.74591064453125 157.58680725097656 301.1622009277344 157.58680725097656
303.96612548828125 69.98590087890625 378.2838134765625 69.98590087890625 378.2838134765625 157.63250732421875 303.96612548828125 157.63250732421875
304.4619140625 71.29219055175781 376.6332321166992 71.29219055175781 376.6332321166992 158.10579681396484 304.4619140625 158.10579681396484
306.90557861328125 72.63875579833984 379.12044525146484 72.63875579833984 379.12044525146484 159.82736206054688 306.90557861328125 159.82736206054688
307.873779296875 73.56649017333984 380.0240936279297 73.56649017333984 380.0240936279297 160.9929962158203 307.873779296875 160.9929962158203
309.77032470703125 73.21174621582031 382.28802490234375 73.21174621582031 382.28802490234375 161.0060806274414 309.77032470703125 161.0060806274414
310.50152587890625 74.73451232910156 382.5261688232422 74.73451232910156 382.5261688232422 162.5447998046875 310.50152587890625 162.5447998046875
312.4509582519531 75.43540954589844 384.54588317871094 75.43540954589844 384.54588317871094 165.69219970703125 312.4509582519531 165.69219970703125
313.88092041015625 75.2640609741211 387.1791229248047 75.2640609741211 387.1791229248047 168.73558044433594 313.88092041015625 168.73558044433594
313.6368103027344 74.98343658447266 386.9278259277344 74.98343658447266 386.9278259277344 169.9159698486328 313.6368103027344 169.9159698486328
314.54803466796875 74.74913024902344 387.99144744873047 74.74913024902344 387.99144744873047 173.17220306396484 314.54803466796875 173.17220306396484
313.66162109375 75.10657501220703 387.13951110839844 75.10657501220703 387.13951110839844 173.12261199951172 313.66162109375 173.12261199951172
313.3923034667969 74.04116821289062 387.87059020996094 74.04116821289062 387.87059020996094 174.82386016845703 313.3923034667969 174.82386016845703
312.9648742675781 69.59334564208984 389.36778259277344 69.59334564208984 389.36778259277344 172.34654235839844 312.9648742675781 172.34654235839844
308.3199462890625 72.8497314453125 385.53125 72.8497314453125 385.53125 176.23435974121094 308.3199462890625 176.23435974121094
306.87176513671875 70.6846923828125 384.8341522216797 70.6846923828125 384.8341522216797 173.5978240966797 306.87176513671875 173.5978240966797
309.080322265625 65.70783996582031 388.3866653442383 65.70783996582031 388.3866653442383 171.44913482666016 309.080322265625 171.44913482666016
303.56134033203125 67.5975112915039 383.5219039916992 67.5975112915039 383.5219039916992 171.6556396484375 303.56134033203125 171.6556396484375
294.7723693847656 67.63072204589844 376.44166564941406 67.63072204589844 376.44166564941406 169.38287353515625 294.7723693847656 169.38287353515625
292.75457763671875 67.9321517944336 375.07592010498047 67.9321517944336 375.07592010498047 168.4654769897461 292.75457763671875 168.4654769897461
289.32647705078125 67.30580139160156 372.6215515136719 67.30580139160156 372.6215515136719 167.36570739746094 289.32647705078125 167.36570739746094
286.5167236328125 67.37635803222656 369.77909088134766 67.37635803222656 369.77909088134766 168.10421752929688 286.5167236328125 168.10421752929688
283.2115783691406 64.27536010742188 366.55326080322266 64.27536010742188 366.55326080322266 164.93618774414062 283.2115783691406 164.93618774414062
276.9994201660156 64.84664154052734 356.4213409423828 64.84664154052734 356.4213409423828 159.41131591796875 276.9994201660156 159.41131591796875
273.97564697265625 62.5552864074707 354.5737838745117 62.5552864074707 354.5737838745117 157.9392433166504 273.97564697265625 157.9392433166504
269.8177490234375 60.7997932434082 352.3069305419922 60.7997932434082 352.3069305419922 157.9632911682129 269.8177490234375 157.9632911682129
266.5191650390625 58.61395263671875 347.76387786865234 58.61395263671875 347.76387786865234 154.00521087646484 266.5191650390625 154.00521087646484
262.9850769042969 59.776283264160156 342.8222351074219 59.776283264160156 342.8222351074219 151.5313720703125 262.9850769042969 151.5313720703125
259.11322021484375 57.438514709472656 340.60950469970703 57.438514709472656 340.60950469970703 151.4658432006836 259.11322021484375 151.4658432006836
252.22665405273438 57.7772216796875 332.1621856689453 57.7772216796875 332.1621856689453 150.74156188964844 252.22665405273438 150.74156188964844
248.9499969482422 57.88535690307617 328.3158645629883 57.88535690307617 328.3158645629883 150.96935653686523 248.9499969482422 150.96935653686523
245.4506378173828 56.01886749267578 321.9966125488281 56.01886749267578 321.9966125488281 146.90418243408203 245.4506378173828 146.90418243408203
242.8960418701172 55.39606857299805 319.9338912963867 55.39606857299805 319.9338912963867 148.44336318969727 242.8960418701172 148.44336318969727
236.2178192138672 60.96135711669922 314.6930923461914 60.96135711669922 314.6930923461914 152.47089385986328 236.2178192138672 152.47089385986328
233.20382690429688 58.52521514892578 310.24559020996094 58.52521514892578 310.24559020996094 151.00807189941406 233.20382690429688 151.00807189941406
231.61001586914062 58.70267868041992 308.2647247314453 58.70267868041992 308.2647247314453 151.56705856323242 231.61001586914062 151.56705856323242
229.8269500732422 57.92778778076172 305.2951126098633 57.92778778076172 305.2951126098633 151.40435028076172 229.8269500732422 151.40435028076172
228.7733612060547 60.829490661621094 303.6365966796875 60.829490661621094 303.6365966796875 152.61786651611328 228.7733612060547 152.61786651611328
226.0437469482422 61.79108428955078 301.6932373046875 61.79108428955078 301.6932373046875 154.0832748413086 226.0437469482422 154.0832748413086
225.4654541015625 60.8979606628418 299.4319076538086 60.8979606628418 299.4319076538086 153.01723861694336 225.4654541015625 153.01723861694336
225.1461639404297 61.720726013183594 298.3048400878906 61.720726013183594 298.3048400878906 153.21930694580078 225.1461639404297 153.21930694580078
225.2526397705078 63.546661376953125 298.2024917602539 63.546661376953125 298.2024917602539 153.0732879638672 225.2526397705078 153.0732879638672
225.6907196044922 63.621681213378906 299.2701950073242 63.621681213378906 299.2701950073242 152.63597869873047 225.6907196044922 152.63597869873047
226.0675048828125 63.35282516479492 300.6722717285156 63.35282516479492 300.6722717285156 153.16059494018555 226.0675048828125 153.16059494018555
226.3629913330078 60.47869873046875 300.2803726196289 60.47869873046875 300.2803726196289 151.91253662109375 226.3629913330078 151.91253662109375
227.62533569335938 62.17212677001953 301.9567413330078 62.17212677001953 301.9567413330078 152.8880844116211 227.62533569335938 152.8880844116211
228.679443359375 63.35316848754883 303.45147705078125 63.35316848754883 303.45147705078125 152.96787643432617 228.679443359375 152.96787643432617
230.7250518798828 64.39122772216797 304.84764862060547 64.39122772216797 304.84764862060547 152.01793670654297 230.7250518798828 152.01793670654297
236.11404418945312 68.78922271728516 310.4747772216797 68.78922271728516 310.4747772216797 154.6870346069336 236.11404418945312 154.6870346069336
237.87258911132812 66.07435607910156 311.6740417480469 66.07435607910156 311.6740417480469 151.67323303222656 237.87258911132812 151.67323303222656
240.90066528320312 68.72502899169922 314.59069061279297 68.72502899169922 314.59069061279297 151.92456817626953 240.90066528320312 151.92456817626953
243.94430541992188 69.34764099121094 317.36714935302734 69.34764099121094 317.36714935302734 153.1099853515625 243.94430541992188 153.1099853515625
246.1753387451172 68.06405639648438 320.3130798339844 68.06405639648438 320.3130798339844 152.67311096191406 246.1753387451172 152.67311096191406
251.85751342773438 69.36131286621094 325.0425262451172 69.36131286621094 325.0425262451172 153.7455825805664 251.85751342773438 153.7455825805664
253.97314453125 69.79975891113281 327.12635803222656 69.79975891113281 327.12635803222656 153.41275024414062 253.97314453125 153.41275024414062
256.1603698730469 70.59971618652344 329.85057830810547 70.59971618652344 329.85057830810547 155.18878173828125 256.1603698730469 155.18878173828125
258.05108642578125 72.18418884277344 332.4179229736328 72.18418884277344 332.4179229736328 157.43549346923828 258.05108642578125 157.43549346923828
260.7549133300781 73.2693862915039 334.15377044677734 73.2693862915039 334.15377044677734 160.73778533935547 260.7549133300781 160.73778533935547
263.5262145996094 75.39530181884766 337.4909896850586 75.39530181884766 337.4909896850586 168.1423797607422 263.5262145996094 168.1423797607422
265.4158630371094 77.00044250488281 339.89778900146484 77.00044250488281 339.89778900146484 173.46379852294922 265.4158630371094 173.46379852294922
267.25592041015625 80.74678039550781 340.00418853759766 80.74678039550781 340.00418853759766 180.60255432128906 267.25592041015625 180.60255432128906
267.77520751953125 84.74998474121094 339.8799285888672 84.74998474121094 339.8799285888672 186.55348205566406 267.77520751953125 186.55348205566406
268.1256103515625 88.87017822265625 339.602294921875 88.87017822265625 339.602294921875 194.2468490600586 268.1256103515625 194.2468490600586
268.8896179199219 99.82838439941406 337.8606185913086 99.82838439941406 337.8606185913086 202.64833068847656 268.8896179199219 202.64833068847656
266.7340393066406 105.02394104003906 335.5497283935547 105.02394104003906 335.5497283935547 209.04711151123047 266.7340393066406 209.04711151123047
265.77569580078125 110.82530212402344 333.20093536376953 110.82530212402344 333.20093536376953 212.75494384765625 265.77569580078125 212.75494384765625
265.26153564453125 119.370849609375 331.61285400390625 119.370849609375 331.61285400390625 215.33656311035156 265.26153564453125 215.33656311035156
264.87615966796875 124.66650390625 329.09410095214844 124.66650390625 329.09410095214844 219.01116943359375 264.87615966796875 219.01116943359375
264.6419372558594 129.9678192138672 326.66841888427734 129.9678192138672 326.66841888427734 224.49799346923828 264.6419372558594 224.49799346923828
264.6031799316406 132.75668334960938 325.7980728149414 132.75668334960938 325.7980728149414 227.87374877929688 264.6031799316406 227.87374877929688
262.60992431640625 136.9139404296875 324.8039321899414 136.9139404296875 324.8039321899414 233.05931091308594 262.60992431640625 233.05931091308594
261.1307678222656 140.1291961669922 322.5078239440918 140.1291961669922 322.5078239440918 235.5641326904297 261.1307678222656 235.5641326904297
260.2734680175781 143.67092895507812 320.64006423950195 143.67092895507812 320.64006423950195 237.09603881835938 260.2734680175781 237.09603881835938
256.4343566894531 145.3223419189453 317.8082695007324 145.3223419189453 317.8082695007324 238.6361083984375 256.4343566894531 238.6361083984375
252.4461212158203 148.82142639160156 314.2057456970215 148.82142639160156 314.2057456970215 239.14222717285156 252.4461212158203 239.14222717285156
249.82382202148438 148.89181518554688 312.8093376159668 148.89181518554688 312.8093376159668 239.4048080444336 249.82382202148438 239.4048080444336
247.19558715820312 147.9189910888672 310.11646270751953 147.9189910888672 310.11646270751953 239.64923858642578 247.19558715820312 239.64923858642578
246.4524383544922 145.1131134033203 308.3172073364258 145.1131134033203 308.3172073364258 238.59137725830078 246.4524383544922 238.59137725830078
245.56576538085938 145.31158447265625 307.10794830322266 145.31158447265625 307.10794830322266 236.6087188720703 245.56576538085938 236.6087188720703
245.7234649658203 144.23019409179688 306.1700973510742 144.23019409179688 306.1700973510742 234.2037582397461 245.7234649658203 234.2037582397461
244.2037811279297 144.2059326171875 305.01319122314453 144.2059326171875 305.01319122314453 234.15655517578125 244.2037811279297 234.15655517578125
243.8452606201172 144.65989685058594 304.72217178344727 144.65989685058594 304.72217178344727 235.31653594970703 243.8452606201172 235.31653594970703
244.2115478515625 144.51004028320312 304.03125 144.51004028320312 304.03125 235.93830108642578 244.2115478515625 235.93830108642578
243.2639923095703 145.63931274414062 303.2938766479492 145.63931274414062 303.2938766479492 237.24494171142578 243.2639923095703 237.24494171142578
242.82723999023438 147.38772583007812 302.5871810913086 147.38772583007812 302.5871810913086 237.10446166992188 242.82723999023438 237.10446166992188
241.16482543945312 148.38734436035156 301.8421440124512 148.38734436035156 301.8421440124512 236.86793518066406 241.16482543945312 236.86793518066406
240.09866333007812 146.7848358154297 301.05292892456055 146.7848358154297 301.05292892456055 236.99407958984375 240.09866333007812 236.99407958984375
240.62863159179688 144.99801635742188 300.3866767883301 144.99801635742188 300.3866767883301 235.80050659179688 240.62863159179688 235.80050659179688
240.3430633544922 142.68585205078125 299.6422691345215 142.68585205078125 299.6422691345215 234.03816986083984 240.3430633544922 234.03816986083984
240.36813354492188 141.59532165527344 299.4511604309082 141.59532165527344 299.4511604309082 230.48686981201172 240.36813354492188 230.48686981201172
241.6157684326172 143.10772705078125 300.1719436645508 143.10772705078125 300.1719436645508 229.2502899169922 241.6157684326172 229.2502899169922
241.76412963867188 143.69229125976562 300.6720390319824 143.69229125976562 300.6720390319824 228.43767547607422 241.76412963867188 228.43767547607422
242.2104034423828 143.44143676757812 301.5140151977539 143.44143676757812 301.5140151977539 228.4968490600586 242.2104034423828 228.4968490600586
242.99240112304688 143.34371948242188 303.4404983520508 143.34371948242188 303.4404983520508 228.91910552978516 242.99240112304688 228.91910552978516
243.82315063476562 142.93453979492188 304.69759368896484 142.93453979492188 304.69759368896484 228.28829956054688 243.82315063476562 228.28829956054688
245.76953125 144.8789520263672 305.9477348327637 144.8789520263672 305.9477348327637 229.55948638916016 245.76953125 229.55948638916016
247.9256591796875 146.24502563476562 307.90287017822266 146.24502563476562 307.90287017822266 227.92960357666016 247.9256591796875 227.92960357666016
250.20101928710938 145.10272216796875 309.6262397766113 145.10272216796875 309.6262397766113 227.4306182861328 250.20101928710938 227.4306182861328
250.45751953125 144.32327270507812 311.14567947387695 144.32327270507812 311.14567947387695 225.7137222290039 250.45751953125 225.7137222290039
254.16073608398438 144.98666381835938 315.31383514404297 144.98666381835938 315.31383514404297 226.6844024658203 254.16073608398438 226.6844024658203
254.226318359375 145.71897888183594 317.8638801574707 145.71897888183594 317.8638801574707 225.21529388427734 254.226318359375 225.21529388427734
255.45425415039062 143.7965087890625 319.0862045288086 143.7965087890625 319.0862045288086 223.4377212524414 255.45425415039062 223.4377212524414
255.68539428710938 141.27206420898438 320.23120880126953 141.27206420898438 320.23120880126953 228.5221405029297 255.68539428710938 228.5221405029297
257.38421630859375 139.98989868164062 321.0866928100586 139.98989868164062 321.0866928100586 227.83104705810547 257.38421630859375 227.83104705810547
257.76922607421875 135.19244384765625 318.06452560424805 135.19244384765625 318.06452560424805 223.8014144897461 257.76922607421875 223.8014144897461
256.4271545410156 136.23062133789062 317.3296012878418 136.23062133789062 317.3296012878418 223.93199157714844 256.4271545410156 223.93199157714844
255.64816284179688 136.56332397460938 316.8636665344238 136.56332397460938 316.8636665344238 223.16484832763672 255.64816284179688 223.16484832763672
255.3792266845703 137.1040802001953 317.12475967407227 137.1040802001953 317.12475967407227 222.75664520263672 255.3792266845703 222.75664520263672
256.760498046875 138.39393615722656 317.0935363769531 138.39393615722656 317.0935363769531 221.3014907836914 256.760498046875 221.3014907836914
256.8623046875 139.27444458007812 316.97600173950195 139.27444458007812 316.97600173950195 221.1604461669922 256.8623046875 221.1604461669922
256.5965881347656 139.8521728515625 315.7662048339844 139.8521728515625 315.7662048339844 219.1560287475586 256.5965881347656 219.1560287475586
256.75146484375 140.3264617919922 316.2158012390137 140.3264617919922 316.2158012390137 220.35513305664062 256.75146484375 220.35513305664062
257.3163146972656 140.48245239257812 315.48514556884766 140.48245239257812 315.48514556884766 219.5557098388672 257.3163146972656 219.5557098388672
256.83831787109375 139.27137756347656 314.6859359741211 139.27137756347656 314.6859359741211 219.11382293701172 256.83831787109375 219.11382293701172
256.3104553222656 139.27793884277344 314.0550765991211 139.27793884277344 314.0550765991211 218.84991455078125 256.3104553222656 218.84991455078125
255.62246704101562 140.3289337158203 313.68822479248047 140.3289337158203 313.68822479248047 219.93914794921875 255.62246704101562 219.93914794921875
254.30075073242188 138.5709991455078 312.92606353759766 138.5709991455078 312.92606353759766 219.62466430664062 254.30075073242188 219.62466430664062
254.93661499023438 139.65174865722656 313.5143013000488 139.65174865722656 313.5143013000488 220.13978576660156 254.93661499023438 220.13978576660156
254.84780883789062 138.8749542236328 313.56429290771484 138.8749542236328 313.56429290771484 219.04491424560547 254.84780883789062 219.04491424560547
253.3507080078125 139.3446807861328 312.85906982421875 139.3446807861328 312.85906982421875 220.37240600585938 253.3507080078125 220.37240600585938
253.46975708007812 138.77243041992188 312.5296936035156 138.77243041992188 312.5296936035156 220.38282012939453 253.46975708007812 220.38282012939453
253.320556640625 139.70594787597656 312.1854362487793 139.70594787597656 312.1854362487793 220.81090545654297 253.320556640625 220.81090545654297
253.21298217773438 139.11532592773438 312.1777153015137 139.11532592773438 312.1777153015137 220.85602569580078 253.21298217773438 220.85602569580078
252.7722930908203 140.72108459472656 311.8169708251953 140.72108459472656 311.8169708251953 221.16592407226562 252.7722930908203 221.16592407226562
252.33169555664062 139.79519653320312 311.58885955810547 139.79519653320312 311.58885955810547 220.95783233642578 252.33169555664062 220.95783233642578
251.9442901611328 139.86422729492188 311.6233787536621 139.86422729492188 311.6233787536621 220.9423370361328 251.9442901611328 220.9423370361328
251.23519897460938 139.5496063232422 310.4049072265625 139.5496063232422 310.4049072265625 220.98126220703125 251.23519897460938 220.98126220703125
251.9931182861328 139.75558471679688 310.57668685913086 139.75558471679688 310.57668685913086 219.1855010986328 251.9931182861328 219.1855010986328
250.81320190429688 140.4656982421875 309.9078598022461 140.4656982421875 309.9078598022461 220.0086212158203 250.81320190429688 220.0086212158203
250.56442260742188 139.79351806640625 309.74767303466797 139.79351806640625 309.74767303466797 220.30543518066406 250.56442260742188 220.30543518066406
250.5301055908203 139.71595764160156 309.9814796447754 139.71595764160156 309.9814796447754 221.01719665527344 250.5301055908203 221.01719665527344
249.34060668945312 139.8984832763672 309.2851142883301 139.8984832763672 309.2851142883301 220.74542236328125 249.34060668945312 220.74542236328125
249.9738311767578 139.11117553710938 309.4262008666992 139.11117553710938 309.4262008666992 220.53953552246094 249.9738311767578 220.53953552246094
249.53097534179688 139.69943237304688 308.81038665771484 139.69943237304688 308.81038665771484 220.44869232177734 249.53097534179688 220.44869232177734
249.88021850585938 140.55459594726562 308.8900451660156 140.55459594726562 308.8900451660156 220.4892120361328 249.88021850585938 220.4892120361328
249.0614776611328 140.19686889648438 308.8892478942871 140.19686889648438 308.8892478942871 220.55706024169922 249.0614776611328 220.55706024169922
248.6550750732422 139.8067626953125 308.50442123413086 139.8067626953125 308.50442123413086 221.38868713378906 248.6550750732422 221.38868713378906
248.697021484375 140.0625457763672 308.4236145019531 140.0625457763672 308.4236145019531 220.49295806884766 248.697021484375 220.49295806884766
248.0655517578125 139.6507568359375 308.2544746398926 139.6507568359375 308.2544746398926 221.1078109741211 248.0655517578125 221.1078109741211
248.11227416992188 140.48458862304688 308.0261535644531 140.48458862304688 308.0261535644531 220.06331634521484 248.11227416992188 220.06331634521484
247.943603515625 140.81222534179688 307.9308166503906 140.81222534179688 307.9308166503906 220.74586486816406 247.943603515625 220.74586486816406
249.0049285888672 141.04965209960938 308.61741638183594 141.04965209960938 308.61741638183594 220.28367614746094 249.0049285888672 220.28367614746094
248.7274169921875 140.75076293945312 308.81221771240234 140.75076293945312 308.81221771240234 220.72793579101562 248.7274169921875 220.72793579101562
247.8007049560547 141.24826049804688 307.7057876586914 141.24826049804688 307.7057876586914 220.65621948242188 247.8007049560547 220.65621948242188
247.3418426513672 141.90176391601562 308.033634185791 141.90176391601562 308.033634185791 222.09915161132812 247.3418426513672 222.09915161132812
246.6734161376953 141.01612854003906 307.3290672302246 141.01612854003906 307.3290672302246 221.61847686767578 246.6734161376953 221.61847686767578
246.4568634033203 140.9241943359375 307.4075469970703 140.9241943359375 307.4075469970703 221.8318634033203 246.4568634033203 221.8318634033203
246.81640625 140.7974853515625 307.3744316101074 140.7974853515625 307.3744316101074 222.2254180908203 246.81640625 222.2254180908203
246.8895263671875 141.28871154785156 307.50428009033203 141.28871154785156 307.50428009033203 222.10971069335938 246.8895263671875 222.10971069335938
246.8357391357422 140.51315307617188 307.13977432250977 140.51315307617188 307.13977432250977 222.34386444091797 246.8357391357422 222.34386444091797
246.40542602539062 140.2546844482422 307.2375679016113 140.2546844482422 307.2375679016113 221.74322509765625 246.40542602539062 221.74322509765625
247.1488800048828 141.3072967529297 307.6821060180664 141.3072967529297 307.6821060180664 222.4118881225586 247.1488800048828 222.4118881225586
246.1868896484375 140.247314453125 306.6894340515137 140.247314453125 306.6894340515137 221.72806549072266 246.1868896484375 221.72806549072266
246.2886199951172 140.91546630859375 306.65807342529297 140.91546630859375 306.65807342529297 221.6582489013672 246.2886199951172 221.6582489013672
245.4991912841797 141.03526306152344 306.57143783569336 141.03526306152344 306.57143783569336 221.53985595703125 245.4991912841797 221.53985595703125
246.0581512451172 140.80886840820312 306.55295181274414 140.80886840820312 306.55295181274414 221.22074127197266 246.0581512451172 221.22074127197266
246.4238739013672 141.17190551757812 306.4657325744629 141.17190551757812 306.4657325744629 221.23973083496094 246.4238739013672 221.23973083496094
246.74441528320312 141.4823455810547 306.79080963134766 141.4823455810547 306.79080963134766 221.46275329589844 246.74441528320312 221.46275329589844
246.6570587158203 141.14175415039062 306.25110244750977 141.14175415039062 306.25110244750977 221.50577545166016 246.6570587158203 221.50577545166016
246.63265991210938 141.87374877929688 305.8991584777832 141.87374877929688 305.8991584777832 221.33194732666016 246.63265991210938 221.33194732666016
246.50796508789062 141.27317810058594 305.2456741333008 141.27317810058594 305.2456741333008 220.96187591552734 246.50796508789062 220.96187591552734
246.2418670654297 140.7346954345703 305.6634864807129 140.7346954345703 305.6634864807129 221.4677276611328 246.2418670654297 221.4677276611328
246.9632568359375 141.57711791992188 306.1329231262207 141.57711791992188 306.1329231262207 221.9533233642578 246.9632568359375 221.9533233642578
247.3516082763672 141.81402587890625 305.91884994506836 141.81402587890625 305.91884994506836 221.7169647216797 247.3516082763672 221.7169647216797
247.4036102294922 140.81280517578125 305.61695861816406 140.81280517578125 305.61695861816406 221.59103393554688 247.4036102294922 221.59103393554688
247.6741943359375 141.48812866210938 306.50850677490234 141.48812866210938 306.50850677490234 222.21209716796875 247.6741943359375 222.21209716796875
247.43411254882812 141.2440643310547 305.9332695007324 141.2440643310547 305.9332695007324 221.8377227783203 247.43411254882812 221.8377227783203
247.2852325439453 140.90699768066406 305.80025482177734 140.90699768066406 305.80025482177734 222.12812042236328 247.2852325439453 222.12812042236328
247.29833984375 141.113525390625 305.95317459106445 141.113525390625 305.95317459106445 221.9309539794922 247.29833984375 221.9309539794922
247.0180206298828 141.21780395507812 305.90835189819336 141.21780395507812 305.90835189819336 222.28204345703125 247.0180206298828 222.28204345703125
247.06350708007812 141.4867706298828 305.82597732543945 141.4867706298828 305.82597732543945 221.9160919189453 247.06350708007812 221.9160919189453
247.13980102539062 141.1275177001953 306.2355270385742 141.1275177001953 306.2355270385742 222.11679077148438 247.13980102539062 222.11679077148438
247.33114624023438 140.8136749267578 306.07288360595703 140.8136749267578 306.07288360595703 222.10155487060547 247.33114624023438 222.10155487060547
247.33755493164062 141.37289428710938 306.22701263427734 141.37289428710938 306.22701263427734 221.7899627685547 247.33755493164062 221.7899627685547
247.44937133789062 141.28463745117188 305.65616607666016 141.28463745117188 305.65616607666016 221.37265014648438 247.44937133789062 221.37265014648438
246.8014373779297 141.33425903320312 305.8715362548828 141.33425903320312 305.8715362548828 222.09291076660156 246.8014373779297 222.09291076660156
246.9705810546875 141.19302368164062 305.5134811401367 141.19302368164062 305.5134811401367 222.12619018554688 246.9705810546875 222.12619018554688
247.59658813476562 141.19692993164062 305.65746307373047 141.19692993164062 305.65746307373047 221.84191131591797 247.59658813476562 221.84191131591797
246.68212890625 140.16461181640625 304.24698638916016 140.16461181640625 304.24698638916016 221.5159454345703 246.68212890625 221.5159454345703
247.6591796875 141.08602905273438 305.7289924621582 141.08602905273438 305.7289924621582 221.61883544921875 247.6591796875 221.61883544921875
246.3425750732422 140.59451293945312 304.6232261657715 140.59451293945312 304.6232261657715 221.40310668945312 246.3425750732422 221.40310668945312
246.15432739257812 140.14120483398438 305.3812141418457 140.14120483398438 305.3812141418457 221.69175720214844 246.15432739257812 221.69175720214844
245.56314086914062 140.2050018310547 305.1146926879883 140.2050018310547 305.1146926879883 221.7918701171875 245.56314086914062 221.7918701171875
246.65966796875 140.50808715820312 305.8329391479492 140.50808715820312 305.8329391479492 222.09632110595703 246.65966796875 222.09632110595703
246.72903442382812 140.18704223632812 306.1454048156738 140.18704223632812 306.1454048156738 222.38153839111328 246.72903442382812 222.38153839111328
246.029296875 140.1213836669922 305.6457405090332 140.1213836669922 305.6457405090332 222.2884979248047 246.029296875 222.2884979248047
246.2471923828125 140.23951721191406 305.83641815185547 140.23951721191406 305.83641815185547 222.33709716796875 246.2471923828125 222.33709716796875
246.7970428466797 140.7621612548828 306.1341094970703 140.7621612548828 306.1341094970703 222.57931518554688 246.7970428466797 222.57931518554688
246.6064453125 140.55859375 306.0394973754883 140.55859375 306.0394973754883 222.53182220458984 246.6064453125 222.53182220458984
247.3991241455078 140.3773956298828 306.5531539916992 140.3773956298828 306.5531539916992 222.7244644165039 247.3991241455078 222.7244644165039
246.53170776367188 139.7052001953125 305.5222053527832 139.7052001953125 305.5222053527832 221.99977111816406 246.53170776367188 221.99977111816406
247.6681671142578 140.35031127929688 306.59326934814453 140.35031127929688 306.59326934814453 222.5717010498047 247.6681671142578 222.5717010498047
247.12051391601562 140.22976684570312 306.22257232666016 140.22976684570312 306.22257232666016 222.87525939941406 247.12051391601562 222.87525939941406
247.91946411132812 141.0269317626953 306.8507080078125 141.0269317626953 306.8507080078125 222.54862213134766 247.91946411132812 222.54862213134766
247.328369140625 139.8293914794922 306.6298942565918 139.8293914794922 306.6298942565918 222.65943145751953 247.328369140625 222.65943145751953
248.1676483154297 140.03366088867188 307.1613998413086 140.03366088867188 307.1613998413086 222.21257781982422 248.1676483154297 222.21257781982422
247.7294158935547 139.5865020751953 307.1071014404297 139.5865020751953 307.1071014404297 221.96420288085938 247.7294158935547 221.96420288085938
248.11978149414062 139.52835083007812 307.517578125 139.52835083007812 307.517578125 222.53030395507812 248.11978149414062 222.53030395507812
248.2401885986328 140.6587371826172 307.6828384399414 140.6587371826172 307.6828384399414 222.40850830078125 248.2401885986328 222.40850830078125
248.3643798828125 141.14659118652344 307.2379150390625 141.14659118652344 307.2379150390625 222.25845336914062 248.3643798828125 222.25845336914062
248.7020263671875 140.28518676757812 306.6844177246094 140.28518676757812 306.6844177246094 221.8925552368164 248.7020263671875 221.8925552368164
248.4190673828125 140.59156799316406 307.3715133666992 140.59156799316406 307.3715133666992 222.2975311279297 248.4190673828125 222.2975311279297
247.9798126220703 140.25253295898438 306.91136169433594 140.25253295898438 306.91136169433594 222.08391571044922 247.9798126220703 222.08391571044922
248.25381469726562 140.28158569335938 307.25232696533203 140.28158569335938 307.25232696533203 221.873779296875 248.25381469726562 221.873779296875
248.15896606445312 139.9874725341797 307.22391510009766 139.9874725341797 307.22391510009766 222.23904418945312 248.15896606445312 222.23904418945312
247.50796508789062 139.9429931640625 307.43058013916016 139.9429931640625 307.43058013916016 221.89066314697266 247.50796508789062 221.89066314697266
247.1082000732422 139.65769958496094 307.0781593322754 139.65769958496094 307.0781593322754 221.55724334716797 247.1082000732422 221.55724334716797
247.63058471679688 140.14695739746094 307.9993095397949 140.14695739746094 307.9993095397949 221.79698181152344 247.63058471679688 221.79698181152344
247.03048706054688 140.0443878173828 306.8924560546875 140.0443878173828 306.8924560546875 220.98973083496094 247.03048706054688 220.98973083496094
246.75112915039062 139.79519653320312 306.9324150085449 139.79519653320312 306.9324150085449 221.54627990722656 246.75112915039062 221.54627990722656
246.97842407226562 140.4392547607422 306.84630584716797 140.4392547607422 306.84630584716797 222.1635971069336 246.97842407226562 222.1635971069336
246.55880737304688 140.15390014648438 305.8221740722656 140.15390014648438 305.8221740722656 222.3668975830078 246.55880737304688 222.3668975830078
247.2838592529297 141.134033203125 306.104793548584 141.134033203125 306.104793548584 222.76456451416016 247.2838592529297 222.76456451416016
246.57748413085938 139.9304656982422 304.5027847290039 139.9304656982422 304.5027847290039 222.23046875 246.57748413085938 222.23046875
247.3232879638672 140.94664001464844 305.1812973022461 140.94664001464844 305.1812973022461 222.95650482177734 247.3232879638672 222.95650482177734
247.07870483398438 141.03921508789062 305.16744232177734 141.03921508789062 305.16744232177734 222.66639709472656 247.07870483398438 222.66639709472656
247.0411376953125 141.05972290039062 305.2302436828613 141.05972290039062 305.2302436828613 223.272216796875 247.0411376953125 223.272216796875
248.20297241210938 141.38656616210938 305.6664810180664 141.38656616210938 305.6664810180664 223.24381256103516 248.20297241210938 223.24381256103516
246.97116088867188 140.6453857421875 304.0047721862793 140.6453857421875 304.0047721862793 222.49252319335938 246.97116088867188 222.49252319335938
247.37167358398438 140.4685821533203 304.4153861999512 140.4685821533203 304.4153861999512 222.78677368164062 247.37167358398438 222.78677368164062
247.9649658203125 140.6522216796875 305.51831817626953 140.6522216796875 305.51831817626953 224.33422088623047 247.9649658203125 224.33422088623047
248.1833038330078 140.82705688476562 304.75977325439453 140.82705688476562 304.75977325439453 223.12818908691406 248.1833038330078 223.12818908691406
247.6163787841797 140.84266662597656 304.4019088745117 140.84266662597656 304.4019088745117 223.21959686279297 247.6163787841797 223.21959686279297
247.35751342773438 141.14859008789062 304.1726264953613 141.14859008789062 304.1726264953613 222.23702239990234 247.35751342773438 222.23702239990234
248.0145263671875 141.6631622314453 304.6644058227539 141.6631622314453 304.6644058227539 222.65953826904297 248.0145263671875 222.65953826904297
247.43350219726562 141.93760681152344 304.0786666870117 141.93760681152344 304.0786666870117 221.3810577392578 247.43350219726562 221.3810577392578
248.1816864013672 141.6778106689453 304.50488662719727 141.6778106689453 304.50488662719727 221.87771606445312 248.1816864013672 221.87771606445312
248.0584716796875 141.68798828125 304.26513671875 141.68798828125 304.26513671875 221.8586883544922 248.0584716796875 221.8586883544922
248.50216674804688 142.1391143798828 304.6408996582031 142.1391143798828 304.6408996582031 221.7875518798828 248.50216674804688 221.7875518798828
247.77978515625 142.87796020507812 304.7915458679199 142.87796020507812 304.7915458679199 220.93545532226562 247.77978515625 220.93545532226562
248.1727752685547 142.83950805664062 305.58591079711914 142.83950805664062 305.58591079711914 222.27249908447266 248.1727752685547 222.27249908447266
247.0615692138672 142.12081909179688 306.07767486572266 142.12081909179688 306.07767486572266 224.1193389892578 247.0615692138672 224.1193389892578
245.51962280273438 140.99356079101562 305.8759460449219 140.99356079101562 305.8759460449219 226.5729522705078 245.51962280273438 226.5729522705078
243.6116180419922 143.05990600585938 305.4660301208496 143.05990600585938 305.4660301208496 227.24913024902344 243.6116180419922 227.24913024902344
242.45608520507812 138.9481964111328 302.9219169616699 138.9481964111328 302.9219169616699 228.88397979736328 242.45608520507812 228.88397979736328
242.83773803710938 139.53311157226562 303.0461235046387 139.53311157226562 303.0461235046387 229.36016082763672 242.83773803710938 229.36016082763672
242.4459991455078 138.05624389648438 302.5226593017578 138.05624389648438 302.5226593017578 228.65343475341797 242.4459991455078 228.65343475341797
240.9867401123047 136.9241943359375 300.98645782470703 136.9241943359375 300.98645782470703 229.15731048583984 240.9867401123047 229.15731048583984
244.170654296875 138.43673706054688 303.0466194152832 138.43673706054688 303.0466194152832 229.2490692138672 244.170654296875 229.2490692138672
244.193603515625 136.1184844970703 301.95061111450195 136.1184844970703 301.95061111450195 226.27559661865234 244.193603515625 226.27559661865234
242.6707000732422 135.0636444091797 301.7045021057129 135.0636444091797 301.7045021057129 225.37853240966797 242.6707000732422 225.37853240966797
242.099609375 136.2999725341797 301.58760833740234 136.2999725341797 301.58760833740234 225.53900146484375 242.099609375 225.53900146484375
241.016845703125 136.4694366455078 301.75598907470703 136.4694366455078 301.75598907470703 226.90589904785156 241.016845703125 226.90589904785156
241.3449249267578 136.55416870117188 301.4552993774414 136.55416870117188 301.4552993774414 227.2426528930664 241.3449249267578 227.2426528930664
241.76620483398438 138.10287475585938 301.41053009033203 138.10287475585938 301.41053009033203 227.0870819091797 241.76620483398438 227.0870819091797
242.18093872070312 138.2969207763672 301.47901153564453 138.2969207763672 301.47901153564453 226.36993408203125 242.18093872070312 226.36993408203125
241.97763061523438 138.5316925048828 300.8920783996582 138.5316925048828 300.8920783996582 225.72379302978516 241.97763061523438 225.72379302978516
241.86001586914062 137.78768920898438 300.1598930358887 137.78768920898438 300.1598930358887 225.1445541381836 241.86001586914062 225.1445541381836
242.2479248046875 139.63003540039062 300.355712890625 139.63003540039062 300.355712890625 225.80580139160156 242.2479248046875 225.80580139160156
241.88595581054688 139.48681640625 299.7157211303711 139.48681640625 299.7157211303711 225.17320251464844 241.88595581054688 225.17320251464844
242.2340545654297 140.04434204101562 299.84823989868164 140.04434204101562 299.84823989868164 224.74044799804688 242.2340545654297 224.74044799804688
242.87631225585938 141.0259246826172 300.0413131713867 141.0259246826172 300.0413131713867 224.71692657470703 242.87631225585938 224.71692657470703
243.1038055419922 141.18215942382812 300.0257034301758 141.18215942382812 300.0257034301758 224.54312896728516 243.1038055419922 224.54312896728516
243.19100952148438 141.3833770751953 300.0863227844238 141.3833770751953 300.0863227844238 224.95317840576172 243.19100952148438 224.95317840576172
243.04306030273438 141.75164794921875 299.95421600341797 141.75164794921875 299.95421600341797 224.87120819091797 243.04306030273438 224.87120819091797
243.36074829101562 140.60153198242188 300.01062774658203 140.60153198242188 300.01062774658203 224.44025421142578 243.36074829101562 224.44025421142578
243.20742797851562 141.55841064453125 300.1364555358887 141.55841064453125 300.1364555358887 224.53691864013672 243.20742797851562 224.53691864013672
243.93569946289062 141.02981567382812 300.38042068481445 141.02981567382812 300.38042068481445 224.87793731689453 243.93569946289062 224.87793731689453
243.04086303710938 140.52789306640625 299.69266510009766 140.52789306640625 299.69266510009766 224.06531524658203 243.04086303710938 224.06531524658203
243.6072235107422 141.35726928710938 300.2955551147461 141.35726928710938 300.2955551147461 224.66498565673828 243.6072235107422 224.66498565673828
244.0572509765625 141.16921997070312 301.45691680908203 141.16921997070312 301.45691680908203 225.08712768554688 244.0572509765625 225.08712768554688
243.6365203857422 140.591552734375 300.88888931274414 140.591552734375 300.88888931274414 224.6680908203125 243.6365203857422 224.6680908203125
243.99893188476562 140.16549682617188 300.5716552734375 140.16549682617188 300.5716552734375 224.00360107421875 243.99893188476562 224.00360107421875
244.1439971923828 140.2425079345703 301.4174041748047 140.2425079345703 301.4174041748047 225.30638885498047 244.1439971923828 225.30638885498047
244.4436492919922 139.95797729492188 301.40979385375977 139.95797729492188 301.40979385375977 224.45848846435547 244.4436492919922 224.45848846435547
244.66885375976562 140.21029663085938 301.7812271118164 140.21029663085938 301.7812271118164 224.66130828857422 244.66885375976562 224.66130828857422
244.552978515625 140.39346313476562 301.81322479248047 140.39346313476562 301.81322479248047 224.33152770996094 244.552978515625 224.33152770996094
244.8607940673828 141.09097290039062 302.41771697998047 141.09097290039062 302.41771697998047 223.85208892822266 244.8607940673828 223.85208892822266
244.6071319580078 138.5015869140625 302.0792999267578 138.5015869140625 302.0792999267578 222.58055114746094 244.6071319580078 222.58055114746094
244.98123168945312 139.4311065673828 304.1024703979492 139.4311065673828 304.1024703979492 223.73290252685547 244.98123168945312 223.73290252685547
245.97396850585938 138.98843383789062 304.3669662475586 138.98843383789062 304.3669662475586 223.7423858642578 245.97396850585938 223.7423858642578
245.69931030273438 139.08456420898438 304.23579025268555 139.08456420898438 304.23579025268555 223.5884246826172 245.69931030273438 223.5884246826172
245.55502319335938 140.58851623535156 304.5891914367676 140.58851623535156 304.5891914367676 222.92092895507812 245.55502319335938 222.92092895507812
245.25314331054688 139.8476104736328 304.0342216491699 139.8476104736328 304.0342216491699 221.88018035888672 245.25314331054688 221.88018035888672
245.01705932617188 140.79457092285156 304.2976760864258 140.79457092285156 304.2976760864258 221.35643768310547 245.01705932617188 221.35643768310547
245.28964233398438 141.52488708496094 304.6663398742676 141.52488708496094 304.6663398742676 219.9801025390625 245.28964233398438 219.9801025390625
246.402099609375 140.2223663330078 303.77706146240234 140.2223663330078 303.77706146240234 218.7135009765625 246.402099609375 218.7135009765625
245.9650115966797 141.13998413085938 304.28637313842773 141.13998413085938 304.28637313842773 218.97418212890625 245.9650115966797 218.97418212890625
245.830322265625 141.61257934570312 304.5487174987793 141.61257934570312 304.5487174987793 219.1206817626953 245.830322265625 219.1206817626953
245.7542266845703 142.0663604736328 304.4875144958496 142.0663604736328 304.4875144958496 218.56591796875 245.7542266845703 218.56591796875
246.5465850830078 141.2517852783203 304.46824645996094 141.2517852783203 304.46824645996094 218.90967559814453 246.5465850830078 218.90967559814453
246.61166381835938 140.9118194580078 304.2149353027344 140.9118194580078 304.2149353027344 219.2378921508789 246.61166381835938 219.2378921508789
246.2464141845703 141.91407775878906 304.8740997314453 141.91407775878906 304.8740997314453 219.37931060791016 246.2464141845703 219.37931060791016
246.1497344970703 141.42630004882812 304.7711524963379 141.42630004882812 304.7711524963379 219.60655975341797 246.1497344970703 219.60655975341797
246.15933227539062 140.46768188476562 304.1995315551758 140.46768188476562 304.1995315551758 219.02179718017578 246.15933227539062 219.02179718017578
246.5931854248047 140.81802368164062 304.52999114990234 140.81802368164062 304.52999114990234 219.5721206665039 246.5931854248047 219.5721206665039
246.73068237304688 141.5740203857422 304.8510856628418 141.5740203857422 304.8510856628418 219.63519287109375 246.73068237304688 219.63519287109375
246.17758178710938 141.48812866210938 304.7097969055176 141.48812866210938 304.7097969055176 220.33131408691406 246.17758178710938 220.33131408691406
246.10140991210938 142.10325622558594 304.9422912597656 142.10325622558594 304.9422912597656 219.65145874023438 246.10140991210938 219.65145874023438
246.43862915039062 141.76174926757812 304.6477851867676 141.76174926757812 304.6477851867676 219.3915557861328 246.43862915039062 219.3915557861328
246.6924285888672 141.83901977539062 304.29276275634766 141.83901977539062 304.29276275634766 219.60262298583984 246.6924285888672 219.60262298583984
246.855224609375 141.61746215820312 303.9642868041992 141.61746215820312 303.9642868041992 219.1722869873047 246.855224609375 219.1722869873047
246.60971069335938 141.3707733154297 303.3323669433594 141.3707733154297 303.3323669433594 219.4535140991211 246.60971069335938 219.4535140991211
246.7278289794922 141.00045776367188 303.42785263061523 141.00045776367188 303.42785263061523 219.11913299560547 246.7278289794922 219.11913299560547
245.30374145507812 140.74732971191406 302.94196701049805 140.74732971191406 302.94196701049805 218.3812484741211 245.30374145507812 218.3812484741211
246.6083984375 140.4615936279297 302.3448677062988 140.4615936279297 302.3448677062988 218.29766845703125 246.6083984375 218.29766845703125
245.6523895263672 141.17372131347656 302.4858932495117 141.17372131347656 302.4858932495117 218.68389129638672 245.6523895263672 218.68389129638672
245.14852905273438 140.46609497070312 302.0920524597168 140.46609497070312 302.0920524597168 218.89425659179688 245.14852905273438 218.89425659179688
245.52236938476562 141.65438842773438 302.05667877197266 141.65438842773438 302.05667877197266 218.67831420898438 245.52236938476562 218.67831420898438
245.25369262695312 141.0309600830078 302.0384330749512 141.0309600830078 302.0384330749512 219.1800308227539 245.25369262695312 219.1800308227539
245.0584259033203 141.01242065429688 301.9478988647461 141.01242065429688 301.9478988647461 218.80660247802734 245.0584259033203 218.80660247802734
243.9384765625 141.3520965576172 301.52886962890625 141.3520965576172 301.52886962890625 219.45350646972656 243.9384765625 219.45350646972656
244.6956024169922 140.71786499023438 300.954776763916 140.71786499023438 300.954776763916 219.28614807128906 244.6956024169922 219.28614807128906
244.5188751220703 140.9031524658203 301.48050689697266 140.9031524658203 301.48050689697266 220.11602020263672 244.5188751220703 220.11602020263672
244.35983276367188 141.66690063476562 301.2779121398926 141.66690063476562 301.2779121398926 219.8627471923828 244.35983276367188 219.8627471923828
244.09017944335938 140.86810302734375 301.1682434082031 140.86810302734375 301.1682434082031 220.3376922607422 244.09017944335938 220.3376922607422
243.80813598632812 140.44677734375 300.6081314086914 140.44677734375 300.6081314086914 220.0558624267578 243.80813598632812 220.0558624267578
243.95303344726562 140.83726501464844 300.7430114746094 140.83726501464844 300.7430114746094 219.63863372802734 243.95303344726562 219.63863372802734
243.588134765625 140.43960571289062 301.0073547363281 140.43960571289062 301.0073547363281 220.1556854248047 243.588134765625 220.1556854248047
244.06674194335938 140.8170623779297 301.1327896118164 140.8170623779297 301.1327896118164 219.71854400634766 244.06674194335938 219.71854400634766
243.75570678710938 141.41964721679688 300.92512130737305 141.41964721679688 300.92512130737305 219.75159454345703 243.75570678710938 219.75159454345703
243.80496215820312 140.6155242919922 300.48504638671875 140.6155242919922 300.48504638671875 219.60357666015625 243.80496215820312 219.60357666015625
244.06924438476562 140.6226348876953 300.6642837524414 140.6226348876953 300.6642837524414 220.1827621459961 244.06924438476562 220.1827621459961
243.5937957763672 140.83590698242188 300.587459564209 140.83590698242188 300.587459564209 220.48654174804688 243.5937957763672 220.48654174804688
243.01156616210938 140.57154846191406 300.03338623046875 140.57154846191406 300.03338623046875 219.70855712890625 243.01156616210938 219.70855712890625
244.12332153320312 140.19366455078125 300.3782844543457 140.19366455078125 300.3782844543457 220.28778076171875 244.12332153320312 220.28778076171875
243.5546112060547 141.40219116210938 300.3832359313965 141.40219116210938 300.3832359313965 220.03905487060547 243.5546112060547 220.03905487060547
243.48403930664062 140.7821502685547 299.91866302490234 140.7821502685547 299.91866302490234 219.52240753173828 243.48403930664062 219.52240753173828
244.16494750976562 140.2715606689453 299.45109939575195 140.2715606689453 299.45109939575195 218.96571350097656 244.16494750976562 218.96571350097656
243.48178100585938 141.29537963867188 300.10343170166016 141.29537963867188 300.10343170166016 219.33778381347656 243.48178100585938 219.33778381347656
243.4718017578125 140.80264282226562 299.91557693481445 140.80264282226562 299.91557693481445 219.41596221923828 243.4718017578125 219.41596221923828
243.1619110107422 140.82150268554688 300.10702896118164 140.82150268554688 300.10702896118164 219.23009490966797 243.1619110107422 219.23009490966797
244.09872436523438 140.85086059570312 300.2545051574707 140.85086059570312 300.2545051574707 219.41622924804688 244.09872436523438 219.41622924804688
243.93850708007812 140.99288940429688 300.3637466430664 140.99288940429688 300.3637466430664 219.5699005126953 243.93850708007812 219.5699005126953
244.12203979492188 141.07049560546875 300.4608688354492 141.07049560546875 300.4608688354492 218.24740600585938 244.12203979492188 218.24740600585938
243.9314422607422 141.3397216796875 300.78394317626953 141.3397216796875 300.78394317626953 219.31443786621094 243.9314422607422 219.31443786621094
244.21328735351562 141.41287231445312 301.5897407531738 141.41287231445312 301.5897407531738 219.47520446777344 244.21328735351562 219.47520446777344
244.273193359375 141.2184295654297 301.38167572021484 141.2184295654297 301.38167572021484 219.91598510742188 244.273193359375 219.91598510742188
244.26211547851562 141.14427185058594 301.5789680480957 141.14427185058594 301.5789680480957 219.75984954833984 244.26211547851562 219.75984954833984
244.81924438476562 141.45263671875 301.6910171508789 141.45263671875 301.6910171508789 220.17215728759766 244.81924438476562 220.17215728759766
244.4281463623047 141.22218322753906 300.96715545654297 141.22218322753906 300.96715545654297 219.02996826171875 244.4281463623047 219.02996826171875
243.4535675048828 141.37782287597656 301.44571685791016 141.37782287597656 301.44571685791016 218.80638122558594 243.4535675048828 218.80638122558594
243.64822387695312 140.11962890625 301.80998611450195 140.11962890625 301.80998611450195 217.8164520263672 243.64822387695312 217.8164520263672
242.3084259033203 138.73855590820312 302.7233200073242 138.73855590820312 302.7233200073242 217.30917358398438 242.3084259033203 217.30917358398438
242.2457733154297 137.58213806152344 303.6186752319336 137.58213806152344 303.6186752319336 219.37327575683594 242.2457733154297 219.37327575683594
242.82974243164062 136.195068359375 305.8682060241699 136.195068359375 305.8682060241699 222.17018127441406 242.82974243164062 222.17018127441406
243.73001098632812 135.52792358398438 307.21239471435547 135.52792358398438 307.21239471435547 222.51111602783203 243.73001098632812 222.51111602783203
244.16018676757812 134.88729858398438 308.4205017089844 134.88729858398438 308.4205017089844 223.46180725097656 244.16018676757812 223.46180725097656
244.2315673828125 134.17623901367188 308.9396667480469 134.17623901367188 308.9396667480469 224.16714477539062 244.2315673828125 224.16714477539062
244.3525848388672 133.8627166748047 308.4810485839844 133.8627166748047 308.4810485839844 224.06626892089844 244.3525848388672 224.06626892089844
243.7612762451172 134.86618041992188 309.42176055908203 134.86618041992188 309.42176055908203 223.2287139892578 243.7612762451172 223.2287139892578
243.07199096679688 134.51913452148438 307.93753814697266 134.51913452148438 307.93753814697266 223.0172576904297 243.07199096679688 223.0172576904297
242.3990020751953 133.32925415039062 307.60813903808594 133.32925415039062 307.60813903808594 222.79714965820312 242.3990020751953 222.79714965820312
242.68447875976562 133.79281616210938 308.06365966796875 133.79281616210938 308.06365966796875 222.88609313964844 242.68447875976562 222.88609313964844
242.230224609375 133.0702667236328 307.1407470703125 133.0702667236328 307.1407470703125 222.68858337402344 242.230224609375 222.68858337402344
241.76205444335938 133.58876037597656 307.1838150024414 133.58876037597656 307.1838150024414 222.76382446289062 241.76205444335938 222.76382446289062
241.93014526367188 133.16749572753906 306.40689849853516 133.16749572753906 306.40689849853516 222.8880615234375 241.93014526367188 222.8880615234375
241.26937866210938 133.7255401611328 306.71009063720703 133.7255401611328 306.71009063720703 222.53557586669922 241.26937866210938 222.53557586669922
240.70053100585938 134.19869995117188 306.5607452392578 134.19869995117188 306.5607452392578 221.3332748413086 240.70053100585938 221.3332748413086
240.5366973876953 134.46969604492188 306.1182861328125 134.46969604492188 306.1182861328125 221.6222152709961 240.5366973876953 221.6222152709961
239.360107421875 135.19760131835938 305.22562408447266 135.19760131835938 305.22562408447266 222.02976989746094 239.360107421875 222.02976989746094
237.8204803466797 135.4149169921875 304.4827880859375 135.4149169921875 304.4827880859375 221.99774932861328 237.8204803466797 221.99774932861328
236.3978729248047 135.34095764160156 303.5681610107422 135.34095764160156 303.5681610107422 221.88654327392578 236.3978729248047 221.88654327392578
234.774658203125 135.72677612304688 303.07196044921875 135.72677612304688 303.07196044921875 222.75863647460938 234.774658203125 222.75863647460938
233.4414520263672 136.00112915039062 301.2778015136719 136.00112915039062 301.2778015136719 222.67701721191406 233.4414520263672 222.67701721191406
231.7589874267578 136.80386352539062 299.4960021972656 136.80386352539062 299.4960021972656 220.44953155517578 231.7589874267578 220.44953155517578
229.0146942138672 137.4267120361328 297.8081970214844 137.4267120361328 297.8081970214844 218.89470672607422 229.0146942138672 218.89470672607422
228.72207641601562 137.32188415527344 297.3708953857422 137.32188415527344 297.3708953857422 218.7303237915039 228.72207641601562 218.7303237915039
227.15438842773438 137.31430053710938 295.9398956298828 137.31430053710938 295.9398956298828 218.66981506347656 227.15438842773438 218.66981506347656
226.70474243164062 136.9336395263672 294.16358184814453 136.9336395263672 294.16358184814453 218.13494873046875 226.70474243164062 218.13494873046875
224.5009002685547 137.37074279785156 292.67528533935547 137.37074279785156 292.67528533935547 218.8534393310547 224.5009002685547 218.8534393310547
224.338134765625 137.82101440429688 291.0832748413086 137.82101440429688 291.0832748413086 217.64920043945312 224.338134765625 217.64920043945312
221.42129516601562 136.70082092285156 288.7199478149414 136.70082092285156 288.7199478149414 218.2824935913086 221.42129516601562 218.2824935913086
218.7547149658203 136.04054260253906 286.8635482788086 136.04054260253906 286.8635482788086 219.86935424804688 218.7547149658203 219.86935424804688
217.77597045898438 137.40362548828125 285.5238952636719 137.40362548828125 285.5238952636719 218.546142578125 217.77597045898438 218.546142578125
215.52011108398438 136.80325317382812 282.7960891723633 136.80325317382812 282.7960891723633 220.12413787841797 215.52011108398438 220.12413787841797
215.7145233154297 137.4995574951172 282.6053771972656 137.4995574951172 282.6053771972656 220.28631591796875 215.7145233154297 220.28631591796875
216.2571258544922 137.3617401123047 283.0628356933594 137.3617401123047 283.0628356933594 218.31393432617188 216.2571258544922 218.31393432617188
214.15957641601562 137.0664520263672 280.7102508544922 137.0664520263672 280.7102508544922 220.23764038085938 214.15957641601562 220.23764038085938
213.64724731445312 136.72006225585938 281.0562973022461 136.72006225585938 281.0562973022461 220.12088775634766 213.64724731445312 220.12088775634766
213.018798828125 137.2144317626953 280.70093536376953 137.2144317626953 280.70093536376953 220.68394470214844 213.018798828125 220.68394470214844
212.0536346435547 136.3872528076172 280.69620513916016 136.3872528076172 280.69620513916016 220.97998809814453 212.0536346435547 220.97998809814453
212.3625946044922 136.20635986328125 281.2668228149414 136.20635986328125 281.2668228149414 220.37889099121094 212.3625946044922 220.37889099121094
213.5064697265625 136.8016815185547 281.72017669677734 136.8016815185547 281.72017669677734 220.08641815185547 213.5064697265625 220.08641815185547
214.78125 136.75596618652344 283.10626220703125 136.75596618652344 283.10626220703125 219.24542236328125 214.78125 219.24542236328125
214.50991821289062 135.21165466308594 283.83998107910156 135.21165466308594 283.83998107910156 219.1878662109375 214.50991821289062 219.1878662109375
214.430908203125 134.0675506591797 284.9773941040039 134.0675506591797 284.9773941040039 220.38400268554688 214.430908203125 220.38400268554688
213.93099975585938 133.14212036132812 285.87870025634766 133.14212036132812 285.87870025634766 218.61903381347656 213.93099975585938 218.61903381347656
214.3754119873047 132.28131103515625 286.94641876220703 132.28131103515625 286.94641876220703 217.7314682006836 214.3754119873047 217.7314682006836
214.8938446044922 130.3460693359375 287.2408447265625 130.3460693359375 287.2408447265625 219.1345443725586 214.8938446044922 219.1345443725586
215.62435913085938 129.87533569335938 289.1660842895508 129.87533569335938 289.1660842895508 217.0719451904297 215.62435913085938 217.0719451904297
217.0289306640625 128.36012268066406 289.0365447998047 128.36012268066406 289.0365447998047 218.1910629272461 217.0289306640625 218.1910629272461
218.9381866455078 128.47454833984375 289.041015625 128.47454833984375 289.041015625 219.26881408691406 218.9381866455078 219.26881408691406
221.1043243408203 127.8719253540039 289.53553009033203 127.8719253540039 289.53553009033203 216.14705657958984 221.1043243408203 216.14705657958984
223.26895141601562 127.5189437866211 291.1872787475586 127.5189437866211 291.1872787475586 216.5768814086914 223.26895141601562 216.5768814086914
227.1497802734375 126.0362548828125 292.35447692871094 126.0362548828125 292.35447692871094 215.01921844482422 227.1497802734375 215.01921844482422
228.7075958251953 125.58583068847656 292.6360511779785 125.58583068847656 292.6360511779785 215.91393280029297 228.7075958251953 215.91393280029297
232.2140350341797 127.64820861816406 295.44981384277344 127.64820861816406 295.44981384277344 213.42550659179688 232.2140350341797 213.42550659179688
233.2300262451172 126.78770446777344 293.9337615966797 126.78770446777344 293.9337615966797 213.68331909179688 233.2300262451172 213.68331909179688
235.9805908203125 128.43508911132812 294.9023323059082 128.43508911132812 294.9023323059082 213.05266571044922 235.9805908203125 213.05266571044922
238.8186798095703 128.72378540039062 296.63314056396484 128.72378540039062 296.63314056396484 213.04459381103516 238.8186798095703 213.04459381103516
240.6138916015625 128.46810913085938 296.251708984375 128.46810913085938 296.251708984375 212.98001098632812 240.6138916015625 212.98001098632812
241.13394165039062 128.61019897460938 296.70145416259766 128.61019897460938 296.70145416259766 212.46611785888672 241.13394165039062 212.46611785888672
242.45889282226562 128.19259643554688 297.96747970581055 128.19259643554688 297.96747970581055 213.2967529296875 242.45889282226562 213.2967529296875
242.6904754638672 127.52018737792969 299.95388412475586 127.52018737792969 299.95388412475586 213.77122497558594 242.6904754638672 213.77122497558594
243.01724243164062 127.96696472167969 299.86544036865234 127.96696472167969 299.86544036865234 212.55602264404297 243.01724243164062 212.55602264404297
244.6906280517578 128.5220947265625 301.49143981933594 128.5220947265625 301.49143981933594 212.9227294921875 244.6906280517578 212.9227294921875
245.11087036132812 128.1089630126953 301.8970718383789 128.1089630126953 301.8970718383789 212.90725708007812 245.11087036132812 212.90725708007812
245.82351684570312 128.3681640625 304.1760673522949 128.3681640625 304.1760673522949 212.7336883544922 245.82351684570312 212.7336883544922
246.02078247070312 127.89461517333984 303.9462585449219 127.89461517333984 303.9462585449219 213.26918029785156 246.02078247070312 213.26918029785156
246.6575469970703 127.9952621459961 305.179386138916 127.9952621459961 305.179386138916 213.74573516845703 246.6575469970703 213.74573516845703
246.7313995361328 128.051513671875 306.3908920288086 128.051513671875 306.3908920288086 213.4717254638672 246.7313995361328 213.4717254638672
246.80050659179688 127.97126770019531 306.09680938720703 127.97126770019531 306.09680938720703 214.2060317993164 246.80050659179688 214.2060317993164
246.36062622070312 128.06527709960938 306.2698287963867 128.06527709960938 306.2698287963867 214.0456085205078 246.36062622070312 214.0456085205078
246.34042358398438 127.1535415649414 306.398193359375 127.1535415649414 306.398193359375 213.8532485961914 246.34042358398438 213.8532485961914
248.6533660888672 127.2922592163086 308.15602111816406 127.2922592163086 308.15602111816406 215.25019073486328 248.6533660888672 215.25019073486328
248.40878295898438 125.28996276855469 309.7119560241699 125.28996276855469 309.7119560241699 216.40200805664062 248.40878295898438 216.40200805664062
249.7286376953125 125.75752258300781 311.5225830078125 125.75752258300781 311.5225830078125 214.2283935546875 249.7286376953125 214.2283935546875
246.86770629882812 125.22187805175781 309.19183349609375 125.22187805175781 309.19183349609375 214.17351531982422 246.86770629882812 214.17351531982422
246.0777587890625 124.17964172363281 310.6057891845703 124.17964172363281 310.6057891845703 214.3941879272461 246.0777587890625 214.3941879272461
244.8585968017578 125.68482971191406 310.9579162597656 125.68482971191406 310.9579162597656 213.96121215820312 244.8585968017578 213.96121215820312
243.57138061523438 125.28572082519531 310.6936798095703 125.28572082519531 310.6936798095703 212.81200408935547 243.57138061523438 212.81200408935547
242.7197723388672 125.77437591552734 309.29419708251953 125.77437591552734 309.29419708251953 212.43335723876953 242.7197723388672 212.43335723876953
242.0571746826172 126.25489807128906 308.6199264526367 126.25489807128906 308.6199264526367 213.04584503173828 242.0571746826172 213.04584503173828
242.8765106201172 129.556884765625 309.88033294677734 129.556884765625 309.88033294677734 217.61558532714844 242.8765106201172 217.61558532714844
244.0601806640625 129.2765350341797 309.89698791503906 129.2765350341797 309.89698791503906 217.0494613647461 244.0601806640625 217.0494613647461
244.793212890625 127.4334487915039 311.1382064819336 127.4334487915039 311.1382064819336 214.7151336669922 244.793212890625 214.7151336669922
243.77017211914062 127.06678771972656 308.30596923828125 127.06678771972656 308.30596923828125 213.85236358642578 243.77017211914062 213.85236358642578
242.32742309570312 127.84639739990234 307.1316375732422 127.84639739990234 307.1316375732422 215.5266571044922 242.32742309570312 215.5266571044922
241.93008422851562 128.01678466796875 306.16102600097656 128.01678466796875 306.16102600097656 215.1783447265625 241.93008422851562 215.1783447265625
241.39639282226562 127.9857406616211 306.0305938720703 127.9857406616211 306.0305938720703 216.9306411743164 241.39639282226562 216.9306411743164
240.667236328125 127.81331634521484 305.4318618774414 127.81331634521484 305.4318618774414 217.84626007080078 240.667236328125 217.84626007080078
240.2123260498047 127.9725341796875 305.21849060058594 127.9725341796875 305.21849060058594 218.14691925048828 240.2123260498047 218.14691925048828
240.7461700439453 128.57655334472656 305.0837173461914 128.57655334472656 305.0837173461914 218.2884292602539 240.7461700439453 218.2884292602539
240.2022705078125 128.83665466308594 304.1412887573242 128.83665466308594 304.1412887573242 218.885498046875 240.2022705078125 218.885498046875
240.4634246826172 128.47885131835938 304.5633850097656 128.47885131835938 304.5633850097656 218.27099609375 240.4634246826172 218.27099609375
240.4755096435547 128.21060180664062 304.76619720458984 128.21060180664062 304.76619720458984 218.26132202148438 240.4755096435547 218.26132202148438
241.58987426757812 127.96192932128906 306.1805648803711 127.96192932128906 306.1805648803711 217.42276000976562 241.58987426757812 217.42276000976562
240.47256469726562 128.4777374267578 304.3835563659668 128.4777374267578 304.3835563659668 218.75306701660156 240.47256469726562 218.75306701660156
241.1185760498047 127.920166015625 304.96968841552734 127.920166015625 304.96968841552734 217.58766174316406 241.1185760498047 217.58766174316406
239.3076171875 128.67703247070312 303.42427825927734 128.67703247070312 303.42427825927734 219.8103790283203 239.3076171875 219.8103790283203
239.67129516601562 128.62567138671875 304.37174224853516 128.62567138671875 304.37174224853516 220.11898803710938 239.67129516601562 220.11898803710938
239.7108917236328 128.0304412841797 304.6726303100586 128.0304412841797 304.6726303100586 219.43051147460938 239.7108917236328 219.43051147460938
239.5631866455078 128.17868041992188 304.5735397338867 128.17868041992188 304.5735397338867 219.79279327392578 239.5631866455078 219.79279327392578
239.2194366455078 127.9222640991211 305.1610336303711 127.9222640991211 305.1610336303711 220.19741821289062 239.2194366455078 220.19741821289062
238.7698974609375 128.07174682617188 304.74979400634766 128.07174682617188 304.74979400634766 220.8911590576172 238.7698974609375 220.8911590576172
239.2809295654297 127.59278869628906 305.81177520751953 127.59278869628906 305.81177520751953 220.85074615478516 239.2809295654297 220.85074615478516
239.25234985351562 127.78955078125 305.3026580810547 127.78955078125 305.3026580810547 220.28480529785156 239.25234985351562 220.28480529785156
239.93698120117188 127.56269836425781 306.57472229003906 127.56269836425781 306.57472229003906 219.35084533691406 239.93698120117188 219.35084533691406
239.5701141357422 127.96272277832031 305.49586486816406 127.96272277832031 305.49586486816406 218.95204162597656 239.5701141357422 218.95204162597656
239.8756561279297 127.1797103881836 306.48082733154297 127.1797103881836 306.48082733154297 219.75000762939453 239.8756561279297 219.75000762939453
240.24032592773438 127.44636535644531 306.3848342895508 127.44636535644531 306.3848342895508 219.1899871826172 240.24032592773438 219.1899871826172
240.06570434570312 127.41229248046875 306.34200286865234 127.41229248046875 306.34200286865234 219.14761352539062 240.06570434570312 219.14761352539062
241.05905151367188 127.103515625 306.96087646484375 127.103515625 306.96087646484375 218.1295623779297 241.05905151367188 218.1295623779297
239.88552856445312 126.9139633178711 305.6763458251953 126.9139633178711 305.6763458251953 218.7607879638672 239.88552856445312 218.7607879638672
240.71713256835938 127.05384826660156 306.62889862060547 127.05384826660156 306.62889862060547 217.73471069335938 240.71713256835938 217.73471069335938
240.5138702392578 126.88797760009766 306.69730377197266 126.88797760009766 306.69730377197266 218.23341369628906 240.5138702392578 218.23341369628906
240.33544921875 127.4964828491211 305.4103546142578 127.4964828491211 305.4103546142578 218.23729705810547 240.33544921875 218.23729705810547
240.65878295898438 127.56285095214844 306.42391204833984 127.56285095214844 306.42391204833984 217.74307250976562 240.65878295898438 217.74307250976562
240.1339569091797 126.93536376953125 306.0185546875 126.93536376953125 306.0185546875 218.01122283935547 240.1339569091797 218.01122283935547
240.0923309326172 127.49980163574219 305.57435607910156 127.49980163574219 305.57435607910156 217.69747924804688 240.0923309326172 217.69747924804688
241.1809539794922 127.49420166015625 306.4385757446289 127.49420166015625 306.4385757446289 216.79703521728516 241.1809539794922 216.79703521728516
239.79940795898438 127.66341400146484 304.56398010253906 127.66341400146484 304.56398010253906 217.3436508178711 239.79940795898438 217.3436508178711
240.9287567138672 127.3152084350586 306.72943115234375 127.3152084350586 306.72943115234375 216.76885986328125 240.9287567138672 216.76885986328125
239.95291137695312 127.09297180175781 305.6306610107422 127.09297180175781 305.6306610107422 217.47576904296875 239.95291137695312 217.47576904296875
240.06991577148438 127.13453674316406 305.58109283447266 127.13453674316406 305.58109283447266 217.59193420410156 240.06991577148438 217.59193420410156
240.7140350341797 127.2780532836914 306.4607391357422 127.2780532836914 306.4607391357422 217.20397186279297 240.7140350341797 217.20397186279297
241.70755004882812 127.3976821899414 306.99366760253906 127.3976821899414 306.99366760253906 216.5101318359375 241.70755004882812 216.5101318359375
241.4947509765625 126.7684097290039 307.44120025634766 126.7684097290039 307.44120025634766 216.3482437133789 241.4947509765625 216.3482437133789
240.4141082763672 126.82954406738281 306.8369827270508 126.82954406738281 306.8369827270508 217.50102996826172 240.4141082763672 217.50102996826172
240.2010040283203 127.08919525146484 306.81190490722656 127.08919525146484 306.81190490722656 217.65264129638672 240.2010040283203 217.65264129638672
239.89822387695312 126.6387939453125 306.4724884033203 126.6387939453125 306.4724884033203 217.38438415527344 239.89822387695312 217.38438415527344
240.13619995117188 126.0657958984375 307.3690948486328 126.0657958984375 307.3690948486328 217.63800048828125 240.13619995117188 217.63800048828125
241.1166229248047 127.73695373535156 307.3446350097656 127.73695373535156 307.3446350097656 216.887939453125 241.1166229248047 216.887939453125
240.1873779296875 127.10042572021484 307.0626525878906 127.10042572021484 307.0626525878906 217.2805633544922 240.1873779296875 217.2805633544922
240.9672088623047 126.68643951416016 308.1391296386719 126.68643951416016 308.1391296386719 216.68919372558594 240.9672088623047 216.68919372558594
240.56356811523438 125.7937240600586 307.44532775878906 125.7937240600586 307.44532775878906 217.3856658935547 240.56356811523438 217.3856658935547
240.7677459716797 125.60272216796875 307.85974884033203 125.60272216796875 307.85974884033203 217.9345703125 240.7677459716797 217.9345703125
240.5742645263672 126.06404113769531 308.0538024902344 126.06404113769531 308.0538024902344 217.728759765625 240.5742645263672 217.728759765625
240.390625 126.338623046875 308.0908432006836 126.338623046875 308.0908432006836 217.64264678955078 240.390625 217.64264678955078
241.57467651367188 126.38896179199219 309.1397933959961 126.38896179199219 309.1397933959961 217.33361053466797 241.57467651367188 217.33361053466797
240.7837677001953 126.24482727050781 308.3473815917969 126.24482727050781 308.3473815917969 217.81653594970703 240.7837677001953 217.81653594970703
242.28720092773438 127.49800109863281 309.24993896484375 127.49800109863281 309.24993896484375 216.25345611572266 242.28720092773438 216.25345611572266
242.71133422851562 127.5057144165039 309.81339263916016 127.5057144165039 309.81339263916016 217.18004608154297 242.71133422851562 217.18004608154297
242.00686645507812 126.76930236816406 308.7779006958008 126.76930236816406 308.7779006958008 216.98016357421875 242.00686645507812 216.98016357421875
242.50918579101562 126.92852783203125 309.14195251464844 126.92852783203125 309.14195251464844 216.9444580078125 242.50918579101562 216.9444580078125
242.47897338867188 127.41938781738281 308.28116607666016 127.41938781738281 308.28116607666016 216.3166732788086 242.47897338867188 216.3166732788086
242.5477294921875 127.812255859375 308.8228530883789 127.812255859375 308.8228530883789 216.0494155883789 242.5477294921875 216.0494155883789
242.4252471923828 127.58586120605469 309.1644058227539 127.58586120605469 309.1644058227539 216.90547943115234 242.4252471923828 216.90547943115234
242.66372680664062 126.6241683959961 309.9163513183594 126.6241683959961 309.9163513183594 217.2646942138672 242.66372680664062 217.2646942138672
242.91506958007812 126.6264419555664 310.53602600097656 126.6264419555664 310.53602600097656 217.69632720947266 242.91506958007812 217.69632720947266
242.27273559570312 126.39286804199219 309.8716278076172 126.39286804199219 309.8716278076172 218.17389678955078 242.27273559570312 218.17389678955078
242.3534698486328 127.55595397949219 309.8364562988281 127.55595397949219 309.8364562988281 217.21785736083984 242.3534698486328 217.21785736083984
243.20639038085938 127.1842041015625 310.34717559814453 127.1842041015625 310.34717559814453 216.29485321044922 243.20639038085938 216.29485321044922
242.665283203125 127.80732727050781 308.96983337402344 127.80732727050781 308.96983337402344 216.6070556640625 242.665283203125 216.6070556640625
242.9095458984375 127.69193267822266 309.26393127441406 127.69193267822266 309.26393127441406 216.6049346923828 242.9095458984375 216.6049346923828
243.95663452148438 127.4102783203125 309.73729705810547 127.4102783203125 309.73729705810547 216.2566680908203 243.95663452148438 216.2566680908203
243.23947143554688 127.24824523925781 309.1619567871094 127.24824523925781 309.1619567871094 216.39899444580078 243.23947143554688 216.39899444580078
243.8505401611328 128.0829620361328 308.7961883544922 128.0829620361328 308.7961883544922 215.58013153076172 243.8505401611328 215.58013153076172
243.09243774414062 127.7024154663086 309.61012268066406 127.7024154663086 309.61012268066406 217.04722595214844 243.09243774414062 217.04722595214844
243.1037139892578 127.86053466796875 309.5816116333008 127.86053466796875 309.5816116333008 216.9054412841797 243.1037139892578 216.9054412841797
242.0704345703125 127.07649230957031 309.1040267944336 127.07649230957031 309.1040267944336 218.1147232055664 242.0704345703125 218.1147232055664
242.2080078125 127.09320068359375 310.05628967285156 127.09320068359375 310.05628967285156 217.7023162841797 242.2080078125 217.7023162841797
242.09561157226562 127.14460754394531 309.5481185913086 127.14460754394531 309.5481185913086 217.11740112304688 242.09561157226562 217.11740112304688
242.05410766601562 126.59981536865234 308.7409133911133 126.59981536865234 308.7409133911133 217.66514587402344 242.05410766601562 217.66514587402344
242.2593994140625 126.78556823730469 309.09364318847656 126.78556823730469 309.09364318847656 216.9799575805664 242.2593994140625 216.9799575805664
241.878662109375 126.69319152832031 309.44217681884766 126.69319152832031 309.44217681884766 217.2406997680664 241.878662109375 217.2406997680664
241.9883575439453 126.835693359375 309.57039642333984 126.835693359375 309.57039642333984 217.42345428466797 241.9883575439453 217.42345428466797
241.9328155517578 126.44511413574219 308.8384704589844 126.44511413574219 308.8384704589844 217.810791015625 241.9328155517578 217.810791015625
242.00765991210938 127.31425476074219 308.76878356933594 127.31425476074219 308.76878356933594 217.1350326538086 242.00765991210938 217.1350326538086
242.5648956298828 127.51763916015625 308.5114517211914 127.51763916015625 308.5114517211914 215.74700927734375 242.5648956298828 215.74700927734375
243.40530395507812 127.67362976074219 309.3931350708008 127.67362976074219 309.3931350708008 216.3471908569336 243.40530395507812 216.3471908569336
245.43728637695312 130.2002716064453 311.12742614746094 130.2002716064453 311.12742614746094 217.9881362915039 245.43728637695312 217.9881362915039
244.8043670654297 128.56471252441406 311.38416290283203 128.56471252441406 311.38416290283203 217.019287109375 244.8043670654297 217.019287109375
245.46755981445312 130.37857055664062 312.11409759521484 130.37857055664062 312.11409759521484 219.24024963378906 245.46755981445312 219.24024963378906
245.4703369140625 128.1064910888672 312.23001861572266 128.1064910888672 312.23001861572266 217.23452758789062 245.4703369140625 217.23452758789062
245.1789093017578 127.11358642578125 309.96095275878906 127.11358642578125 309.96095275878906 217.2464599609375 245.1789093017578 217.2464599609375
244.3677520751953 126.17875671386719 309.6307678222656 126.17875671386719 309.6307678222656 216.08057403564453 244.3677520751953 216.08057403564453
244.171630859375 127.16020202636719 308.33473205566406 127.16020202636719 308.33473205566406 219.96460723876953 244.171630859375 219.96460723876953
242.08657836914062 127.69462585449219 308.9994201660156 127.69462585449219 308.9994201660156 219.7225112915039 242.08657836914062 219.7225112915039
243.5113983154297 127.69622802734375 311.1338424682617 127.69622802734375 311.1338424682617 220.0720977783203 243.5113983154297 220.0720977783203
244.4602813720703 129.28077697753906 306.2718048095703 129.28077697753906 306.2718048095703 226.19487762451172 244.4602813720703 226.19487762451172
244.711181640625 129.6122589111328 305.8778877258301 129.6122589111328 305.8778877258301 221.31507110595703 244.711181640625 221.31507110595703
244.37149047851562 128.74923706054688 307.9370307922363 128.74923706054688 307.9370307922363 219.4739532470703 244.37149047851562 219.4739532470703
244.4922332763672 130.97927856445312 307.22628021240234 130.97927856445312 307.22628021240234 215.5573272705078 244.4922332763672 215.5573272705078
244.58163452148438 131.7749481201172 304.4749984741211 131.7749481201172 304.4749984741211 216.26074981689453 244.58163452148438 216.26074981689453
243.2162628173828 130.96170043945312 304.2532501220703 130.96170043945312 304.2532501220703 218.66454315185547 243.2162628173828 218.66454315185547
243.21347045898438 130.34188842773438 304.2375793457031 130.34188842773438 304.2375793457031 217.609619140625 243.21347045898438 217.609619140625
243.1779022216797 130.6896514892578 303.6884994506836 130.6896514892578 303.6884994506836 217.83924865722656 243.1779022216797 217.83924865722656
243.7441864013672 131.4518280029297 303.2060775756836 131.4518280029297 303.2060775756836 217.81046295166016 243.7441864013672 217.81046295166016
244.03671264648438 132.7934112548828 303.38780975341797 132.7934112548828 303.38780975341797 218.65719604492188 244.03671264648438 218.65719604492188
244.13595581054688 133.40353393554688 302.8673896789551 133.40353393554688 302.8673896789551 218.19483184814453 244.13595581054688 218.19483184814453
244.4303741455078 132.65516662597656 302.45821380615234 132.65516662597656 302.45821380615234 217.49346160888672 244.4303741455078 217.49346160888672
244.9267120361328 134.2676544189453 302.88379287719727 134.2676544189453 302.88379287719727 216.75397491455078 244.9267120361328 216.75397491455078
244.58303833007812 132.839599609375 302.77045822143555 132.839599609375 302.77045822143555 216.83335876464844 244.58303833007812 216.83335876464844
245.3656005859375 133.94473266601562 302.4229545593262 133.94473266601562 302.4229545593262 216.56877899169922 245.3656005859375 216.56877899169922
244.706787109375 134.2571563720703 302.8590278625488 134.2571563720703 302.8590278625488 217.51986694335938 244.706787109375 217.51986694335938
244.54684448242188 133.5340576171875 302.9754104614258 133.5340576171875 302.9754104614258 218.0020294189453 244.54684448242188 218.0020294189453
245.39065551757812 133.26744079589844 302.9011344909668 133.26744079589844 302.9011344909668 217.62932586669922 245.39065551757812 217.62932586669922
245.3496856689453 134.3766326904297 304.0742835998535 134.3766326904297 304.0742835998535 219.64490509033203 245.3496856689453 219.64490509033203
246.06594848632812 134.66183471679688 303.9960021972656 134.66183471679688 303.9960021972656 219.64022827148438 246.06594848632812 219.64022827148438
245.6438446044922 134.37991333007812 303.87988662719727 134.37991333007812 303.87988662719727 220.38605499267578 245.6438446044922 220.38605499267578
246.572509765625 134.54965209960938 304.81702423095703 134.54965209960938 304.81702423095703 220.84404754638672 246.572509765625 220.84404754638672
246.5384521484375 134.45767211914062 304.55321502685547 134.45767211914062 304.55321502685547 220.4370574951172 246.5384521484375 220.4370574951172
246.98373413085938 134.8831787109375 304.4700927734375 134.8831787109375 304.4700927734375 219.84716796875 246.98373413085938 219.84716796875
247.32168579101562 134.91903686523438 304.60477447509766 134.91903686523438 304.60477447509766 220.31585693359375 247.32168579101562 220.31585693359375
247.1934051513672 134.7317352294922 304.7368698120117 134.7317352294922 304.7368698120117 220.12798309326172 247.1934051513672 220.12798309326172
247.58346557617188 134.25096130371094 305.00495529174805 134.25096130371094 305.00495529174805 219.7310791015625 247.58346557617188 219.7310791015625
247.71273803710938 135.05075073242188 305.63602447509766 135.05075073242188 305.63602447509766 220.2356719970703 247.71273803710938 220.2356719970703
247.7804718017578 134.77198791503906 305.1945152282715 134.77198791503906 305.1945152282715 219.70397186279297 247.7804718017578 219.70397186279297
247.96151733398438 135.2203826904297 306.2065734863281 135.2203826904297 306.2065734863281 220.6360092163086 247.96151733398438 220.6360092163086
247.77603149414062 135.8459014892578 306.9341239929199 135.8459014892578 306.9341239929199 220.5435791015625 247.77603149414062 220.5435791015625
248.5172119140625 135.0087432861328 306.22628021240234 135.0087432861328 306.22628021240234 219.9709014892578 248.5172119140625 219.9709014892578
248.65621948242188 135.84754943847656 306.8376274108887 135.84754943847656 306.8376274108887 220.18473052978516 248.65621948242188 220.18473052978516
248.9458770751953 136.40811157226562 307.25901794433594 136.40811157226562 307.25901794433594 219.9750518798828 248.9458770751953 219.9750518798828
248.67868041992188 136.00735473632812 307.35821533203125 136.00735473632812 307.35821533203125 220.2379913330078 248.67868041992188 220.2379913330078
249.33853149414062 135.5852813720703 306.9163513183594 135.5852813720703 306.9163513183594 219.56658935546875 249.33853149414062 219.56658935546875
249.5589599609375 135.1403350830078 307.3255081176758 135.1403350830078 307.3255081176758 220.33650970458984 249.5589599609375 220.33650970458984
249.12344360351562 135.4315948486328 307.2341194152832 135.4315948486328 307.2341194152832 220.07022094726562 249.12344360351562 220.07022094726562
249.7997283935547 135.2777099609375 307.5393409729004 135.2777099609375 307.5393409729004 220.58583068847656 249.7997283935547 220.58583068847656
249.71475219726562 134.87608337402344 307.6976509094238 134.87608337402344 307.6976509094238 220.64773559570312 249.71475219726562 220.64773559570312
249.63247680664062 135.21047973632812 307.75460052490234 135.21047973632812 307.75460052490234 220.30752563476562 249.63247680664062 220.30752563476562
250.462158203125 134.7291259765625 307.68724822998047 134.7291259765625 307.68724822998047 219.61819458007812 250.462158203125 219.61819458007812
249.91806030273438 135.12246704101562 306.9878120422363 135.12246704101562 306.9878120422363 219.39791107177734 249.91806030273438 219.39791107177734
249.89431762695312 135.8302764892578 308.07586669921875 135.8302764892578 308.07586669921875 220.51683807373047 249.89431762695312 220.51683807373047
249.91928100585938 135.36279296875 307.8545722961426 135.36279296875 307.8545722961426 220.42657470703125 249.91928100585938 220.42657470703125
249.7314910888672 135.1392364501953 307.7334671020508 135.1392364501953 307.7334671020508 220.29306030273438 249.7314910888672 220.29306030273438
249.5309600830078 135.87435913085938 307.67671966552734 135.87435913085938 307.67671966552734 220.3950958251953 249.5309600830078 220.3950958251953
249.8467254638672 134.7726287841797 307.27804946899414 134.7726287841797 307.27804946899414 219.81436157226562 249.8467254638672 219.81436157226562
249.63583374023438 135.36453247070312 307.7438545227051 135.36453247070312 307.7438545227051 220.54418182373047 249.63583374023438 220.54418182373047
249.28964233398438 135.16793823242188 306.476318359375 135.16793823242188 306.476318359375 219.61097717285156 249.28964233398438 219.61097717285156
248.68045043945312 135.7587127685547 306.9989547729492 135.7587127685547 306.9989547729492 220.3280029296875 248.68045043945312 220.3280029296875
248.5653533935547 135.00962829589844 306.65660858154297 135.00962829589844 306.65660858154297 220.38714599609375 248.5653533935547 220.38714599609375
248.49392700195312 133.96788024902344 305.62078857421875 133.96788024902344 305.62078857421875 219.22671508789062 248.49392700195312 219.22671508789062
247.8799591064453 134.5624542236328 306.08715057373047 134.5624542236328 306.08715057373047 220.00846099853516 247.8799591064453 220.00846099853516
247.73056030273438 135.1118927001953 305.9508247375488 135.1118927001953 305.9508247375488 220.87001037597656 247.73056030273438 220.87001037597656
247.74441528320312 134.7646942138672 305.7221870422363 134.7646942138672 305.7221870422363 220.7537078857422 247.74441528320312 220.7537078857422
247.33251953125 135.09866333007812 306.4443244934082 135.09866333007812 306.4443244934082 221.97380828857422 247.33251953125 221.97380828857422
247.65151977539062 135.3822784423828 306.0748481750488 135.3822784423828 306.0748481750488 220.63406372070312 247.65151977539062 220.63406372070312
247.9595184326172 134.29751586914062 305.08679962158203 134.29751586914062 305.08679962158203 219.85955047607422 247.9595184326172 219.85955047607422
248.00363159179688 135.15037536621094 305.1554489135742 135.15037536621094 305.1554489135742 220.2030029296875 248.00363159179688 220.2030029296875
247.4012451171875 135.9546661376953 305.54705810546875 135.9546661376953 305.54705810546875 220.66517639160156 247.4012451171875 220.66517639160156
246.87158203125 134.7515106201172 304.5023498535156 134.7515106201172 304.5023498535156 220.18174743652344 246.87158203125 220.18174743652344
247.64071655273438 135.3708038330078 305.3073043823242 135.3708038330078 305.3073043823242 220.74720764160156 247.64071655273438 220.74720764160156
247.02230834960938 134.98886108398438 304.5918197631836 134.98886108398438 304.5918197631836 220.8949203491211 247.02230834960938 220.8949203491211
247.74148559570312 134.68118286132812 305.1593818664551 134.68118286132812 305.1593818664551 220.55118560791016 247.74148559570312 220.55118560791016
246.8978271484375 135.5570831298828 305.08000564575195 135.5570831298828 305.08000564575195 220.2562255859375 246.8978271484375 220.2562255859375
247.178955078125 135.1737823486328 304.2462387084961 135.1737823486328 304.2462387084961 219.76018524169922 247.178955078125 219.76018524169922
246.87600708007812 134.63845825195312 304.73368072509766 134.63845825195312 304.73368072509766 220.75111389160156 246.87600708007812 220.75111389160156
247.2244110107422 134.8634033203125 304.5144577026367 134.8634033203125 304.5144577026367 219.8043975830078 247.2244110107422 219.8043975830078
247.2432861328125 135.26119995117188 304.9665756225586 135.26119995117188 304.9665756225586 220.45215606689453 247.2432861328125 220.45215606689453
247.36865234375 135.53709411621094 304.72906494140625 135.53709411621094 304.72906494140625 220.52577209472656 247.36865234375 220.52577209472656
246.9413604736328 134.98570251464844 304.0922203063965 134.98570251464844 304.0922203063965 219.5864715576172 246.9413604736328 219.5864715576172
247.02737426757812 135.2810821533203 303.8900032043457 135.2810821533203 303.8900032043457 219.51304626464844 247.02737426757812 219.51304626464844
246.9584503173828 134.7675323486328 304.1486053466797 134.7675323486328 304.1486053466797 219.10488891601562 246.9584503173828 219.10488891601562
247.131103515625 135.6950225830078 304.7794380187988 135.6950225830078 304.7794380187988 220.3048095703125 247.131103515625 220.3048095703125
246.6060028076172 135.17123413085938 304.3722915649414 135.17123413085938 304.3722915649414 219.06934356689453 246.6060028076172 219.06934356689453
246.5961456298828 136.24301147460938 304.8634796142578 136.24301147460938 304.8634796142578 219.49693298339844 246.5961456298828 219.49693298339844
246.572265625 135.90835571289062 304.7824821472168 135.90835571289062 304.7824821472168 219.38684844970703 246.572265625 219.38684844970703
246.4151611328125 135.8601531982422 304.2178764343262 135.8601531982422 304.2178764343262 219.30358123779297 246.4151611328125 219.30358123779297
246.0302276611328 134.989013671875 303.93347549438477 134.989013671875 303.93347549438477 218.6708526611328 246.0302276611328 218.6708526611328
245.85604858398438 135.914794921875 304.5135726928711 135.914794921875 304.5135726928711 219.40404510498047 245.85604858398438 219.40404510498047
245.7672882080078 135.86224365234375 303.98905181884766 135.86224365234375 303.98905181884766 218.96925354003906 245.7672882080078 218.96925354003906
245.60958862304688 134.92637634277344 303.3419876098633 134.92637634277344 303.3419876098633 219.6092071533203 245.60958862304688 219.6092071533203
245.14089965820312 135.7663116455078 303.6850051879883 135.7663116455078 303.6850051879883 219.991455078125 245.14089965820312 219.991455078125
244.95236206054688 135.0587921142578 302.7240982055664 135.0587921142578 302.7240982055664 219.16426849365234 244.95236206054688 219.16426849365234
244.9175567626953 136.34963989257812 303.45580291748047 136.34963989257812 303.45580291748047 219.79164123535156 244.9175567626953 219.79164123535156
244.52542114257812 134.49472045898438 303.5608215332031 134.49472045898438 303.5608215332031 219.3850860595703 244.52542114257812 219.3850860595703
244.888427734375 135.9974822998047 303.87303924560547 135.9974822998047 303.87303924560547 218.1689910888672 244.888427734375 218.1689910888672
243.002197265625 135.696044921875 303.47290802001953 135.696044921875 303.47290802001953 216.6023178100586 243.002197265625 216.6023178100586
243.81820678710938 136.85409545898438 305.21611404418945 136.85409545898438 305.21611404418945 213.13450622558594 243.81820678710938 213.13450622558594
244.43862915039062 135.93417358398438 305.84405517578125 135.93417358398438 305.84405517578125 213.06847381591797 244.43862915039062 213.06847381591797
244.0543975830078 132.88755798339844 306.49110412597656 132.88755798339844 306.49110412597656 214.6072006225586 244.0543975830078 214.6072006225586
241.230224609375 131.60610961914062 306.92295837402344 131.60610961914062 306.92295837402344 216.51679229736328 241.230224609375 216.51679229736328
240.79812622070312 130.00723266601562 307.5238952636719 130.00723266601562 307.5238952636719 220.22309112548828 240.79812622070312 220.22309112548828
241.44790649414062 127.62995910644531 307.26060485839844 127.62995910644531 307.26060485839844 218.26020050048828 241.44790649414062 218.26020050048828
240.0431365966797 128.93252563476562 304.3079071044922 128.93252563476562 304.3079071044922 220.3067169189453 240.0431365966797 220.3067169189453
241.4649658203125 127.35652160644531 301.7872543334961 127.35652160644531 301.7872543334961 220.06133270263672 241.4649658203125 220.06133270263672
242.58035278320312 128.10882568359375 300.90607833862305 128.10882568359375 300.90607833862305 219.1261215209961 242.58035278320312 219.1261215209961
243.38552856445312 130.38919067382812 300.38982009887695 130.38919067382812 300.38982009887695 219.25971221923828 243.38552856445312 219.25971221923828
243.7223663330078 130.99888610839844 299.517765045166 130.99888610839844 299.517765045166 218.57449340820312 243.7223663330078 218.57449340820312
243.14639282226562 129.83160400390625 299.8748092651367 129.83160400390625 299.8748092651367 217.70460510253906 243.14639282226562 217.70460510253906
243.8026580810547 132.72557067871094 299.95357513427734 132.72557067871094 299.95357513427734 218.2820053100586 243.8026580810547 218.2820053100586
244.128173828125 132.15084838867188 300.5024528503418 132.15084838867188 300.5024528503418 218.65042877197266 244.128173828125 218.65042877197266
243.6832733154297 132.655517578125 300.2245445251465 132.655517578125 300.2245445251465 219.1316375732422 243.6832733154297 219.1316375732422
243.3575897216797 132.54916381835938 299.8146095275879 132.54916381835938 299.8146095275879 219.12791442871094 243.3575897216797 219.12791442871094
243.96826171875 133.63253784179688 300.2853012084961 133.63253784179688 300.2853012084961 219.48542022705078 243.96826171875 219.48542022705078
243.6682586669922 132.25875854492188 300.17869567871094 132.25875854492188 300.17869567871094 218.65748596191406 243.6682586669922 218.65748596191406
243.8717041015625 133.14437866210938 299.9923095703125 133.14437866210938 299.9923095703125 217.72683715820312 243.8717041015625 217.72683715820312
243.62753295898438 132.9575653076172 300.080322265625 132.9575653076172 300.080322265625 217.20606231689453 243.62753295898438 217.20606231689453
243.55667114257812 132.783935546875 300.2553024291992 132.783935546875 300.2553024291992 217.8665313720703 243.55667114257812 217.8665313720703
243.520751953125 133.1185302734375 300.43885040283203 133.1185302734375 300.43885040283203 218.13389587402344 243.520751953125 218.13389587402344
243.2301025390625 132.68382263183594 300.3748474121094 132.68382263183594 300.3748474121094 218.40029907226562 243.2301025390625 218.40029907226562
242.8026580810547 132.2692413330078 299.7566566467285 132.2692413330078 299.7566566467285 217.49710083007812 242.8026580810547 217.49710083007812
242.6393280029297 132.1597900390625 300.00291442871094 132.1597900390625 300.00291442871094 217.3188934326172 242.6393280029297 217.3188934326172
242.00845336914062 130.10928344726562 299.611083984375 130.10928344726562 299.611083984375 217.3498077392578 242.00845336914062 217.3498077392578
241.44424438476562 128.99984741210938 298.5945510864258 128.99984741210938 298.5945510864258 217.62271881103516 241.44424438476562 217.62271881103516
239.7962646484375 129.02627563476562 297.6168518066406 129.02627563476562 297.6168518066406 216.0184783935547 239.7962646484375 216.0184783935547
239.19717407226562 127.83370208740234 296.9885482788086 127.83370208740234 296.9885482788086 215.7353515625 239.19717407226562 215.7353515625
238.93392944335938 127.86381530761719 296.13249588012695 127.86381530761719 296.13249588012695 215.44558715820312 238.93392944335938 215.44558715820312
237.9456787109375 128.05349731445312 295.22888946533203 128.05349731445312 295.22888946533203 214.91690063476562 237.9456787109375 214.91690063476562
237.63418579101562 128.3421630859375 294.38957595825195 128.3421630859375 294.38957595825195 214.9957046508789 237.63418579101562 214.9957046508789
238.5604705810547 131.3602752685547 295.450984954834 131.3602752685547 295.450984954834 213.60447692871094 238.5604705810547 213.60447692871094
238.83554077148438 131.7716064453125 296.4406509399414 131.7716064453125 296.4406509399414 213.28148651123047 238.83554077148438 213.28148651123047
240.0599822998047 133.6099090576172 297.3976707458496 133.6099090576172 297.3976707458496 214.85112762451172 240.0599822998047 214.85112762451172
241.0758514404297 136.0482635498047 299.48352813720703 136.0482635498047 299.48352813720703 217.18673706054688 241.0758514404297 217.18673706054688
245.9024658203125 134.48019409179688 303.87271881103516 134.48019409179688 303.87271881103516 215.73585510253906 245.9024658203125 215.73585510253906
251.86819458007812 140.29998779296875 310.57442474365234 140.29998779296875 310.57442474365234 219.87127685546875 251.86819458007812 219.87127685546875
253.76712036132812 140.231201171875 313.6287841796875 140.231201171875 313.6287841796875 222.7111358642578 253.76712036132812 222.7111358642578
259.6376953125 145.53419494628906 319.4772644042969 145.53419494628906 319.4772644042969 227.10546875 259.6376953125 227.10546875
261.8419494628906 147.75149536132812 323.0312309265137 147.75149536132812 323.0312309265137 232.4895477294922 261.8419494628906 232.4895477294922
265.18499755859375 157.01231384277344 331.19078063964844 157.01231384277344 331.19078063964844 245.0196762084961 265.18499755859375 245.0196762084961
266.8347473144531 157.01974487304688 331.71820068359375 157.01974487304688 331.71820068359375 245.07522583007812 266.8347473144531 245.07522583007812
271.1238708496094 159.4811553955078 335.46240234375 159.4811553955078 335.46240234375 245.3574676513672 271.1238708496094 245.3574676513672
268.7328186035156 165.77882385253906 333.32970428466797 165.77882385253906 333.32970428466797 248.1727066040039 268.7328186035156 248.1727066040039
270.0796203613281 166.34268188476562 336.4389190673828 166.34268188476562 336.4389190673828 245.35240173339844 270.0796203613281 245.35240173339844
273.0377197265625 165.68063354492188 339.6457214355469 165.68063354492188 339.6457214355469 242.4704132080078 273.0377197265625 242.4704132080078
277.3760681152344 158.58920288085938 343.2480773925781 158.58920288085938 343.2480773925781 233.79762268066406 277.3760681152344 233.79762268066406
279.99737548828125 151.89041137695312 346.5470504760742 151.89041137695312 346.5470504760742 232.6007537841797 279.99737548828125 232.6007537841797
279.75616455078125 143.6973114013672 344.6371536254883 143.6973114013672 344.6371536254883 225.43782806396484 279.75616455078125 225.43782806396484
283.3941955566406 136.9795379638672 348.69620513916016 136.9795379638672 348.69620513916016 223.25967407226562 283.3941955566406 223.25967407226562
278.32000732421875 125.46937561035156 342.1088981628418 125.46937561035156 342.1088981628418 211.53044891357422 278.32000732421875 211.53044891357422
277.47393798828125 108.9759750366211 339.0188102722168 108.9759750366211 339.0188102722168 195.68347930908203 277.47393798828125 195.68347930908203
275.61846923828125 95.74443054199219 339.47855377197266 95.74443054199219 339.47855377197266 183.1679229736328 275.61846923828125 183.1679229736328
275.2986145019531 84.06000518798828 339.9689254760742 84.06000518798828 339.9689254760742 170.28672790527344 275.2986145019531 170.28672790527344
273.14923095703125 72.27877807617188 337.4092254638672 72.27877807617188 337.4092254638672 157.95841217041016 273.14923095703125 157.95841217041016
272.013671875 58.178977966308594 334.1772232055664 58.178977966308594 334.1772232055664 145.60470581054688 272.013671875 145.60470581054688
273.01947021484375 41.309104919433594 337.14683532714844 41.309104919433594 337.14683532714844 126.81189727783203 273.01947021484375 126.81189727783203
268.7099609375 29.066919326782227 332.8544006347656 29.066919326782227 332.8544006347656 114.59247779846191 268.7099609375 114.59247779846191
268.5943603515625 21.061189651489258 332.9132843017578 21.061189651489258 332.9132843017578 106.81939888000488 268.5943603515625 106.81939888000488
266.41455078125 11.324274063110352 331.2673645019531 11.324274063110352 331.2673645019531 97.7943286895752 266.41455078125 97.7943286895752
264.46826171875 4.661424160003662 324.6540222167969 4.661424160003662 324.6540222167969 91.34202718734741 264.46826171875 91.34202718734741
263.9200744628906 4.815914154052734 324.09581756591797 4.815914154052734 324.09581756591797 86.55033493041992 263.9200744628906 86.55033493041992
263.56463623046875 4.449909210205078 325.40593338012695 4.449909210205078 325.40593338012695 88.02487564086914 263.56463623046875 88.02487564086914
262.4581604003906 5.124397277832031 325.93445587158203 5.124397277832031 325.93445587158203 93.72053527832031 262.4581604003906 93.72053527832031
260.4149475097656 8.601458549499512 327.57849884033203 8.601458549499512 327.57849884033203 105.35843181610107 260.4149475097656 105.35843181610107
262.75262451171875 20.520870208740234 332.94286346435547 20.520870208740234 332.94286346435547 114.10747146606445 262.75262451171875 114.10747146606445
266.4251403808594 32.496620178222656 336.43995666503906 32.496620178222656 336.43995666503906 125.84931182861328 266.4251403808594 125.84931182861328
264.6101989746094 35.44050979614258 332.50831604003906 35.44050979614258 332.50831604003906 130.16377639770508 264.6101989746094 130.16377639770508
265.63555908203125 38.42057418823242 332.48877716064453 38.42057418823242 332.48877716064453 130.78948593139648 265.63555908203125 130.78948593139648
267.6007385253906 42.28339385986328 334.2315368652344 42.28339385986328 334.2315368652344 130.3525390625 267.6007385253906 130.3525390625
270.14093017578125 44.00361633300781 335.47532653808594 44.00361633300781 335.47532653808594 130.37286376953125 270.14093017578125 130.37286376953125
274.1007385253906 43.623809814453125 338.5597152709961 43.623809814453125 338.5597152709961 128.16402435302734 274.1007385253906 128.16402435302734
274.71038818359375 42.239418029785156 338.91859436035156 42.239418029785156 338.91859436035156 128.0816879272461 274.71038818359375 128.0816879272461
276.17864990234375 39.808067321777344 339.9157409667969 39.808067321777344 339.9157409667969 126.14693450927734 276.17864990234375 126.14693450927734
276.44061279296875 36.88439178466797 340.19694900512695 36.88439178466797 340.19694900512695 123.80012512207031 276.44061279296875 123.80012512207031
277.43585205078125 35.47621154785156 341.37349700927734 35.47621154785156 341.37349700927734 123.57681274414062 277.43585205078125 123.57681274414062
278.18328857421875 32.83155059814453 340.61175537109375 32.83155059814453 340.61175537109375 118.28438568115234 278.18328857421875 118.28438568115234
280.3484802246094 32.03501510620117 341.9306449890137 32.03501510620117 341.9306449890137 116.74014663696289 280.3484802246094 116.74014663696289
281.3846435546875 29.644775390625 342.6693305969238 29.644775390625 342.6693305969238 114.57691955566406 281.3846435546875 114.57691955566406
281.50592041015625 28.230072021484375 343.7789611816406 28.230072021484375 343.7789611816406 113.28491973876953 281.50592041015625 113.28491973876953
281.69219970703125 26.50606346130371 343.67208099365234 26.50606346130371 343.67208099365234 111.22394371032715 281.69219970703125 111.22394371032715
282.2769470214844 24.1131649017334 344.5802307128906 24.1131649017334 344.5802307128906 108.19091606140137 282.2769470214844 108.19091606140137
283.40899658203125 23.565698623657227 345.1300163269043 23.565698623657227 345.1300163269043 107.44468116760254 283.40899658203125 107.44468116760254
284.22760009765625 23.035207748413086 346.0625915527344 23.035207748413086 346.0625915527344 105.4446849822998 284.22760009765625 105.4446849822998
285.5791320800781 22.266033172607422 345.7959098815918 22.266033172607422 345.7959098815918 104.53726577758789 285.5791320800781 104.53726577758789
286.1922607421875 22.058320999145508 346.4442825317383 22.058320999145508 346.4442825317383 103.76950263977051 286.1922607421875 103.76950263977051
286.55908203125 22.114192962646484 346.85533905029297 22.114192962646484 346.85533905029297 102.25793075561523 286.55908203125 102.25793075561523
286.9146423339844 21.84619140625 347.07757568359375 21.84619140625 347.07757568359375 102.44956970214844 286.9146423339844 102.44956970214844
286.9042663574219 22.164987564086914 347.41663360595703 22.164987564086914 347.41663360595703 102.57768440246582 286.9042663574219 102.57768440246582
287.9410095214844 23.03989601135254 347.0744934082031 23.03989601135254 347.0744934082031 101.79194068908691 287.9410095214844 101.79194068908691
287.3543701171875 23.735225677490234 347.7912826538086 23.735225677490234 347.7912826538086 102.85866165161133 287.3543701171875 102.85866165161133
287.2344055175781 23.963388442993164 347.2435188293457 23.963388442993164 347.2435188293457 102.90326881408691 287.2344055175781 102.90326881408691
287.5370178222656 25.40817642211914 347.6733627319336 25.40817642211914 347.6733627319336 103.3433723449707 287.5370178222656 103.3433723449707
288.5747375488281 26.9138240814209 348.1414604187012 26.9138240814209 348.1414604187012 105.2609691619873 288.5747375488281 105.2609691619873
287.47381591796875 27.147258758544922 346.3220405578613 27.147258758544922 346.3220405578613 105.17148971557617 287.47381591796875 105.17148971557617
288.6065368652344 31.683822631835938 348.3364028930664 31.683822631835938 348.3364028930664 111.3233413696289 288.6065368652344 111.3233413696289
286.8231506347656 30.18173599243164 347.3077087402344 30.18173599243164 347.3077087402344 108.67268753051758 286.8231506347656 108.67268753051758
286.8367004394531 31.56612205505371 346.3497619628906 31.56612205505371 346.3497619628906 109.05206108093262 286.8367004394531 109.05206108093262
287.52734375 33.636085510253906 346.6243476867676 33.636085510253906 346.6243476867676 110.31741333007812 287.52734375 110.31741333007812
287.2129821777344 33.771175384521484 347.28250885009766 33.771175384521484 347.28250885009766 111.93494033813477 287.2129821777344 111.93494033813477
287.9823303222656 33.77949142456055 346.0726432800293 33.77949142456055 346.0726432800293 109.90948104858398 287.9823303222656 109.90948104858398
287.93072509765625 33.59718322753906 346.1692810058594 33.59718322753906 346.1692810058594 109.21510314941406 287.93072509765625 109.21510314941406
288.29620361328125 34.54247283935547 347.0653076171875 34.54247283935547 347.0653076171875 109.53645324707031 288.29620361328125 109.53645324707031
289.5242919921875 34.35820770263672 347.29898834228516 34.35820770263672 347.29898834228516 108.12171173095703 289.5242919921875 108.12171173095703
289.35162353515625 34.24405288696289 347.2447814941406 34.24405288696289 347.2447814941406 107.3213996887207 289.35162353515625 107.3213996887207
289.11700439453125 34.586585998535156 347.3497314453125 34.586585998535156 347.3497314453125 109.17034149169922 289.11700439453125 109.17034149169922
289.6078796386719 35.366661071777344 347.6479072570801 35.366661071777344 347.6479072570801 109.14283752441406 289.6078796386719 109.14283752441406
291.02691650390625 35.77528762817383 347.9829330444336 35.77528762817383 347.9829330444336 108.65622329711914 291.02691650390625 108.65622329711914
291.39276123046875 36.23820877075195 349.3923149108887 36.23820877075195 349.3923149108887 109.25976181030273 291.39276123046875 109.25976181030273
291.1719665527344 36.017635345458984 348.4131164550781 36.017635345458984 348.4131164550781 109.91373062133789 291.1719665527344 109.91373062133789
291.0122375488281 36.10374069213867 349.274169921875 36.10374069213867 349.274169921875 110.51253128051758 291.0122375488281 110.51253128051758
291.0398864746094 36.40058135986328 350.0471496582031 36.40058135986328 350.0471496582031 110.92214965820312 291.0398864746094 110.92214965820312
291.64532470703125 36.807559967041016 350.5396614074707 36.807559967041016 350.5396614074707 112.06790542602539 291.64532470703125 112.06790542602539
291.40338134765625 37.4333381652832 349.70124435424805 37.4333381652832 349.70124435424805 111.7468376159668 291.40338134765625 111.7468376159668
291.76617431640625 37.586429595947266 349.4003105163574 37.586429595947266 349.4003105163574 111.50424575805664 291.76617431640625 111.50424575805664
292.05242919921875 37.376766204833984 349.55037689208984 37.376766204833984 349.55037689208984 110.49992752075195 292.05242919921875 110.49992752075195
294.3914489746094 38.13849639892578 350.0472831726074 38.13849639892578 350.0472831726074 108.77922821044922 294.3914489746094 108.77922821044922
294.84344482421875 37.86604690551758 350.3660774230957 37.86604690551758 350.3660774230957 108.1340446472168 294.84344482421875 108.1340446472168
294.23138427734375 38.22655487060547 350.6407165527344 38.22655487060547 350.6407165527344 107.72443389892578 294.23138427734375 107.72443389892578
295.6107177734375 37.09214782714844 351.8053970336914 37.09214782714844 351.8053970336914 109.72836303710938 295.6107177734375 109.72836303710938
295.8335876464844 36.842010498046875 352.8656311035156 36.842010498046875 352.8656311035156 111.1013412475586 295.8335876464844 111.1013412475586
294.7923278808594 38.02812576293945 350.6607131958008 38.02812576293945 350.6607131958008 112.51906204223633 294.7923278808594 112.51906204223633
295.21514892578125 40.13806915283203 351.2157897949219 40.13806915283203 351.2157897949219 114.80534362792969 295.21514892578125 114.80534362792969
294.34320068359375 38.45692825317383 350.24968338012695 38.45692825317383 350.24968338012695 112.99866104125977 294.34320068359375 112.99866104125977
296.3256530761719 37.240543365478516 352.7232246398926 37.240543365478516 352.7232246398926 112.43706130981445 296.3256530761719 112.43706130981445
296.6530456542969 38.09960174560547 352.63927459716797 38.09960174560547 352.63927459716797 112.74766540527344 296.6530456542969 112.74766540527344
295.89300537109375 37.53754425048828 351.6466178894043 37.53754425048828 351.6466178894043 111.87545013427734 295.89300537109375 111.87545013427734
295.7420959472656 42.691307067871094 351.2361068725586 42.691307067871094 351.2361068725586 116.6830825805664 295.7420959472656 116.6830825805664
295.31732177734375 38.72046661376953 350.66129302978516 38.72046661376953 350.66129302978516 112.5121841430664 295.31732177734375 112.5121841430664
296.23828125 41.07237243652344 351.66670989990234 41.07237243652344 351.66670989990234 114.9767074584961 296.23828125 114.9767074584961
296.96246337890625 42.3330192565918 350.63885498046875 42.3330192565918 350.63885498046875 113.90131759643555 296.96246337890625 113.90131759643555
297.05499267578125 41.1154670715332 350.4730453491211 41.1154670715332 350.4730453491211 112.09711074829102 297.05499267578125 112.09711074829102
296.19989013671875 43.3649787902832 349.73906326293945 43.3649787902832 349.73906326293945 114.0445671081543 296.19989013671875 114.0445671081543
298.7904052734375 42.58734130859375 352.5191230773926 42.58734130859375 352.5191230773926 113.95594024658203 298.7904052734375 113.95594024658203
296.5782165527344 44.74869155883789 351.3967056274414 44.74869155883789 351.3967056274414 116.67648696899414 296.5782165527344 116.67648696899414
296.5028381347656 44.29159927368164 351.5986862182617 44.29159927368164 351.5986862182617 115.47853469848633 296.5028381347656 115.47853469848633
296.17266845703125 44.42060089111328 352.19025802612305 44.42060089111328 352.19025802612305 116.13883972167969 296.17266845703125 116.13883972167969
297.7588195800781 46.602020263671875 352.6951789855957 46.602020263671875 352.6951789855957 116.95649719238281 297.7588195800781 116.95649719238281
298.4557189941406 47.14766311645508 352.3147392272949 47.14766311645508 352.3147392272949 117.27093887329102 298.4557189941406 117.27093887329102
298.79412841796875 48.668495178222656 353.0748519897461 48.668495178222656 353.0748519897461 117.70643615722656 298.79412841796875 117.70643615722656
299.6383361816406 48.75434494018555 352.0980339050293 48.75434494018555 352.0980339050293 115.77395248413086 299.6383361816406 115.77395248413086
301.18634033203125 49.79637145996094 352.55109786987305 49.79637145996094 352.55109786987305 115.1439437866211 301.18634033203125 115.1439437866211
301.05352783203125 49.68574142456055 352.07581329345703 49.68574142456055 352.07581329345703 115.52111434936523 301.05352783203125 115.52111434936523
301.2312927246094 50.11371612548828 352.42646408081055 50.11371612548828 352.42646408081055 114.97814178466797 301.2312927246094 114.97814178466797
302.2909240722656 50.26184844970703 352.49608612060547 50.26184844970703 352.49608612060547 113.90666198730469 302.2909240722656 113.90666198730469
302.03826904296875 49.55217742919922 352.85701751708984 49.55217742919922 352.85701751708984 113.96245574951172 302.03826904296875 113.96245574951172
302.01336669921875 49.135154724121094 353.6055107116699 49.135154724121094 353.6055107116699 113.19966888427734 302.01336669921875 113.19966888427734
303.6474914550781 49.41260528564453 355.1890983581543 49.41260528564453 355.1890983581543 113.18218994140625 303.6474914550781 113.18218994140625
304.45623779296875 49.763328552246094 355.70157623291016 49.763328552246094 355.70157623291016 112.85372161865234 304.45623779296875 112.85372161865234
304.79046630859375 49.23591232299805 357.0264205932617 49.23591232299805 357.0264205932617 113.9456901550293 304.79046630859375 113.9456901550293
305.5442810058594 48.93855667114258 357.3697509765625 48.93855667114258 357.3697509765625 113.61911392211914 305.5442810058594 113.61911392211914
305.37530517578125 48.64330291748047 357.32079315185547 48.64330291748047 357.32079315185547 113.55036163330078 305.37530517578125 113.55036163330078
305.96868896484375 48.644752502441406 358.58968353271484 48.644752502441406 358.58968353271484 114.46693420410156 305.96868896484375 114.46693420410156
305.71142578125 48.537559509277344 358.7507095336914 48.537559509277344 358.7507095336914 113.87223815917969 305.71142578125 113.87223815917969
306.21710205078125 48.29008483886719 358.80859375 48.29008483886719 358.80859375 113.80465698242188 306.21710205078125 113.80465698242188
306.23602294921875 48.3408203125 358.7590026855469 48.3408203125 358.7590026855469 113.32435607910156 306.23602294921875 113.32435607910156
307.0470275878906 47.777618408203125 358.8469123840332 47.777618408203125 358.8469123840332 112.93484497070312 307.0470275878906 112.93484497070312
306.58709716796875 47.73341369628906 358.59908294677734 47.73341369628906 358.59908294677734 112.46554565429688 306.58709716796875 112.46554565429688
306.34820556640625 47.198646545410156 358.9118843078613 47.198646545410156 358.9118843078613 112.42569732666016 306.34820556640625 112.42569732666016
306.25396728515625 46.99235916137695 358.80632400512695 46.99235916137695 358.80632400512695 113.36310195922852 306.25396728515625 113.36310195922852
306.0458068847656 46.54743576049805 358.869140625 46.54743576049805 358.869140625 114.1202507019043 306.0458068847656 114.1202507019043
305.91778564453125 46.04058074951172 359.80364990234375 46.04058074951172 359.80364990234375 113.96768188476562 305.91778564453125 113.96768188476562
306.20794677734375 46.219539642333984 358.6718978881836 46.219539642333984 358.6718978881836 113.24785232543945 306.20794677734375 113.24785232543945
306.03900146484375 45.64948654174805 358.0576171875 45.64948654174805 358.0576171875 112.35489273071289 306.03900146484375 112.35489273071289
305.7389221191406 44.88739013671875 357.2286071777344 44.88739013671875 357.2286071777344 111.59037780761719 305.7389221191406 111.59037780761719
306.288330078125 45.575355529785156 358.0244140625 45.575355529785156 358.0244140625 111.62496185302734 306.288330078125 111.62496185302734
305.548583984375 45.4277229309082 357.2542724609375 45.4277229309082 357.2542724609375 111.04266738891602 305.548583984375 111.04266738891602
305.2522888183594 44.94110870361328 357.0197219848633 44.94110870361328 357.0197219848633 111.53761291503906 305.2522888183594 111.53761291503906
305.2323913574219 44.63275909423828 356.71077728271484 44.63275909423828 356.71077728271484 110.66675567626953 305.2323913574219 110.66675567626953
305.3034362792969 44.1208610534668 357.07027435302734 44.1208610534668 357.07027435302734 110.3458366394043 305.3034362792969 110.3458366394043
305.5373840332031 44.066383361816406 357.03177642822266 44.066383361816406 357.03177642822266 111.56201171875 305.5373840332031 111.56201171875
305.1421813964844 44.4543342590332 356.8517875671387 44.4543342590332 356.8517875671387 110.78630447387695 305.1421813964844 110.78630447387695
304.6766662597656 44.318931579589844 356.4218864440918 44.318931579589844 356.4218864440918 109.8409194946289 304.6766662597656 109.8409194946289
305.0539855957031 44.08372116088867 357.2865104675293 44.08372116088867 357.2865104675293 110.35123062133789 305.0539855957031 110.35123062133789
304.58935546875 44.18651580810547 356.95183181762695 44.18651580810547 356.95183181762695 110.14137268066406 304.58935546875 110.14137268066406
303.80218505859375 43.71525955200195 356.7029495239258 43.71525955200195 356.7029495239258 110.24531173706055 303.80218505859375 110.24531173706055
304.02386474609375 43.628684997558594 357.1404914855957 43.628684997558594 357.1404914855957 110.36255645751953 304.02386474609375 110.36255645751953
304.3947448730469 43.705081939697266 357.0258979797363 43.705081939697266 357.0258979797363 110.45540237426758 304.3947448730469 110.45540237426758
303.8127136230469 43.67405319213867 356.3122863769531 43.67405319213867 356.3122863769531 109.96266555786133 303.8127136230469 109.96266555786133
303.09716796875 43.66996765136719 355.93115997314453 43.66996765136719 355.93115997314453 109.94659423828125 303.09716796875 109.94659423828125
303.18096923828125 43.6829719543457 356.30896759033203 43.6829719543457 356.30896759033203 110.58304214477539 303.18096923828125 110.58304214477539
302.734130859375 43.499656677246094 356.49266815185547 43.499656677246094 356.49266815185547 110.96147155761719 302.734130859375 110.96147155761719
302.3587341308594 43.158180236816406 356.7576904296875 43.158180236816406 356.7576904296875 111.29875183105469 302.3587341308594 111.29875183105469
302.2040710449219 43.672019958496094 356.5652046203613 43.672019958496094 356.5652046203613 111.85893249511719 302.2040710449219 111.85893249511719
301.21405029296875 42.74980545043945 355.7130546569824 42.74980545043945 355.7130546569824 111.14519882202148 301.21405029296875 111.14519882202148
301.174560546875 43.13084030151367 355.7685737609863 43.13084030151367 355.7685737609863 111.94168472290039 301.174560546875 111.94168472290039
301.56610107421875 43.876983642578125 356.03326416015625 43.876983642578125 356.03326416015625 111.83063507080078 301.56610107421875 111.83063507080078
301.5998840332031 43.920555114746094 355.8306350708008 43.920555114746094 355.8306350708008 111.1980972290039 301.5998840332031 111.1980972290039
301.7469177246094 44.24886703491211 355.5324401855469 44.24886703491211 355.5324401855469 112.76812362670898 301.7469177246094 112.76812362670898
301.65484619140625 44.14722442626953 355.54744720458984 44.14722442626953 355.54744720458984 113.0737533569336 301.65484619140625 113.0737533569336
301.812744140625 44.1839485168457 355.45059967041016 44.1839485168457 355.45059967041016 111.7736930847168 301.812744140625 111.7736930847168
301.904052734375 44.679264068603516 355.5957260131836 44.679264068603516 355.5957260131836 112.76103591918945 301.904052734375 112.76103591918945
301.6089172363281 44.60619354248047 355.7501640319824 44.60619354248047 355.7501640319824 111.76209259033203 301.6089172363281 111.76209259033203
301.83868408203125 44.392921447753906 355.62750244140625 44.392921447753906 355.62750244140625 111.6163558959961 301.83868408203125 111.6163558959961
301.3260192871094 44.75419998168945 354.8500556945801 44.75419998168945 354.8500556945801 111.74445724487305 301.3260192871094 111.74445724487305
301.994384765625 44.722503662109375 355.20922088623047 44.722503662109375 355.20922088623047 111.34203338623047 301.994384765625 111.34203338623047
301.51519775390625 44.168495178222656 355.1948471069336 44.168495178222656 355.1948471069336 111.96656036376953 301.51519775390625 111.96656036376953
301.7558898925781 44.171783447265625 355.7997856140137 44.171783447265625 355.7997856140137 111.85380554199219 301.7558898925781 111.85380554199219
301.7055358886719 44.48912048339844 354.6979751586914 44.48912048339844 354.6979751586914 111.37889099121094 301.7055358886719 111.37889099121094
301.78546142578125 44.151756286621094 354.91362380981445 44.151756286621094 354.91362380981445 110.8702163696289 301.78546142578125 110.8702163696289
301.7236328125 44.065330505371094 355.2107162475586 44.065330505371094 355.2107162475586 111.38581085205078 301.7236328125 111.38581085205078
301.8871154785156 44.753658294677734 354.9763717651367 44.753658294677734 354.9763717651367 111.8298454284668 301.8871154785156 111.8298454284668
301.4156799316406 45.691307067871094 355.1158447265625 45.691307067871094 355.1158447265625 113.14221954345703 301.4156799316406 113.14221954345703
300.55352783203125 46.43398666381836 354.23184967041016 46.43398666381836 354.23184967041016 113.65986251831055 300.55352783203125 113.65986251831055
301.0423278808594 46.161781311035156 354.28646087646484 46.161781311035156 354.28646087646484 113.90817260742188 301.0423278808594 113.90817260742188
301.83184814453125 47.199668884277344 354.24190521240234 47.199668884277344 354.24190521240234 114.79642486572266 301.83184814453125 114.79642486572266
302.74310302734375 47.8470573425293 354.9816360473633 47.8470573425293 354.9816360473633 114.9600715637207 302.74310302734375 114.9600715637207
302.3644714355469 49.25457000732422 355.1608581542969 49.25457000732422 355.1608581542969 115.32616424560547 302.3644714355469 115.32616424560547
303.2510070800781 50.01021957397461 355.9471549987793 50.01021957397461 355.9471549987793 114.29372787475586 303.2510070800781 114.29372787475586
303.9046630859375 50.3475456237793 356.8790054321289 50.3475456237793 356.8790054321289 115.51530075073242 303.9046630859375 115.51530075073242
303.9427795410156 49.838409423828125 356.9493179321289 49.838409423828125 356.9493179321289 114.44499969482422 303.9427795410156 114.44499969482422
303.50042724609375 50.22425842285156 357.0472106933594 50.22425842285156 357.0472106933594 115.37106323242188 303.50042724609375 115.37106323242188
303.0377502441406 50.47700119018555 357.0878219604492 50.47700119018555 357.0878219604492 114.79544448852539 303.0377502441406 114.79544448852539
304.3951110839844 49.79125213623047 358.44490814208984 49.79125213623047 358.44490814208984 115.44927978515625 304.3951110839844 115.44927978515625
304.55145263671875 49.01316452026367 358.76197052001953 49.01316452026367 358.76197052001953 115.97214889526367 304.55145263671875 115.97214889526367
304.28411865234375 49.12348175048828 357.78779220581055 49.12348175048828 357.78779220581055 116.86336517333984 304.28411865234375 116.86336517333984
305.91357421875 48.310218811035156 358.44609451293945 48.310218811035156 358.44609451293945 116.47200775146484 305.91357421875 116.47200775146484
304.7926940917969 50.414276123046875 357.0286750793457 50.414276123046875 357.0286750793457 116.85442352294922 304.7926940917969 116.85442352294922
306.56988525390625 50.702667236328125 358.47197341918945 50.702667236328125 358.47197341918945 118.07074737548828 306.56988525390625 118.07074737548828
305.9776916503906 51.796836853027344 358.56041717529297 51.796836853027344 358.56041717529297 120.34953308105469 305.9776916503906 120.34953308105469
304.0947265625 52.763587951660156 356.45648193359375 52.763587951660156 356.45648193359375 117.92144775390625 304.0947265625 117.92144775390625
304.77276611328125 53.86095428466797 356.4030570983887 53.86095428466797 356.4030570983887 120.25326538085938 304.77276611328125 120.25326538085938
303.2062072753906 54.358848571777344 356.3647651672363 54.358848571777344 356.3647651672363 121.09760284423828 303.2062072753906 121.09760284423828
302.7665100097656 56.047264099121094 355.27852630615234 56.047264099121094 355.27852630615234 120.63318634033203 302.7665100097656 120.63318634033203
301.98187255859375 56.95178985595703 354.5429573059082 56.95178985595703 354.5429573059082 120.88979721069336 301.98187255859375 120.88979721069336
301.624267578125 57.8388557434082 354.334228515625 57.8388557434082 354.334228515625 121.7046890258789 301.624267578125 121.7046890258789
299.9356689453125 58.21669387817383 352.9517593383789 58.21669387817383 352.9517593383789 122.01589965820312 299.9356689453125 122.01589965820312
298.40631103515625 60.77482223510742 351.2310676574707 60.77482223510742 351.2310676574707 123.59934616088867 298.40631103515625 123.59934616088867
297.02032470703125 60.2083740234375 349.76932525634766 60.2083740234375 349.76932525634766 122.98943328857422 297.02032470703125 122.98943328857422
295.67413330078125 61.4132080078125 349.21317291259766 61.4132080078125 349.21317291259766 125.09148025512695 295.67413330078125 125.09148025512695
294.6226501464844 61.164161682128906 348.05611419677734 61.164161682128906 348.05611419677734 125.72440338134766 294.6226501464844 125.72440338134766
292.468994140625 62.93016815185547 345.5001640319824 62.93016815185547 345.5001640319824 127.87943267822266 292.468994140625 127.87943267822266
292.10821533203125 65.66463470458984 344.81114959716797 65.66463470458984 344.81114959716797 129.3427734375 292.10821533203125 129.3427734375
291.88568115234375 65.42035675048828 342.8438148498535 65.42035675048828 342.8438148498535 129.33262634277344 291.88568115234375 129.33262634277344
292.23236083984375 66.4552993774414 342.8798599243164 66.4552993774414 342.8798599243164 130.10652542114258 292.23236083984375 130.10652542114258
290.21697998046875 67.15061950683594 340.7265090942383 67.15061950683594 340.7265090942383 130.8003273010254 290.21697998046875 130.8003273010254
290.74456787109375 68.4935531616211 341.4008102416992 68.4935531616211 341.4008102416992 130.994140625 290.74456787109375 130.994140625
290.04754638671875 68.76781463623047 339.6466064453125 68.76781463623047 339.6466064453125 130.31149291992188 290.04754638671875 130.31149291992188
290.43572998046875 70.13948059082031 339.8962936401367 70.13948059082031 339.8962936401367 130.40857696533203 290.43572998046875 130.40857696533203
290.0057067871094 69.1385269165039 339.17908096313477 69.1385269165039 339.17908096313477 130.1115264892578 290.0057067871094 130.1115264892578
290.60772705078125 69.41142272949219 339.1938285827637 69.41142272949219 339.1938285827637 129.69223403930664 290.60772705078125 129.69223403930664
290.6977844238281 68.7815933227539 339.5330390930176 68.7815933227539 339.5330390930176 128.54473876953125 290.6977844238281 128.54473876953125
290.1579284667969 69.51043701171875 339.3185806274414 69.51043701171875 339.3185806274414 129.06171798706055 290.1579284667969 129.06171798706055
290.9695129394531 68.39753723144531 339.0953063964844 68.39753723144531 339.0953063964844 127.97777557373047 290.9695129394531 127.97777557373047
291.7247009277344 68.43160247802734 339.8921241760254 68.43160247802734 339.8921241760254 127.5659294128418 291.7247009277344 127.5659294128418
292.2969665527344 68.97933197021484 340.52004623413086 68.97933197021484 340.52004623413086 127.87375259399414 292.2969665527344 127.87375259399414
291.6807861328125 69.1280517578125 339.7511520385742 69.1280517578125 339.7511520385742 127.98246383666992 291.6807861328125 127.98246383666992
292.7662658691406 67.8360366821289 341.7057571411133 67.8360366821289 341.7057571411133 127.5691909790039 292.7662658691406 127.5691909790039
293.8386535644531 68.53890991210938 342.35558319091797 68.53890991210938 342.35558319091797 127.81294631958008 293.8386535644531 127.81294631958008
294.55303955078125 68.77989196777344 343.25589752197266 68.77989196777344 343.25589752197266 127.67655944824219 294.55303955078125 127.67655944824219
294.5557556152344 68.36719512939453 343.3886489868164 68.36719512939453 343.3886489868164 127.628173828125 294.5557556152344 127.628173828125
295.03369140625 67.57933044433594 344.0179901123047 67.57933044433594 344.0179901123047 127.27023696899414 295.03369140625 127.27023696899414
294.8716125488281 67.33455657958984 344.23572540283203 67.33455657958984 344.23572540283203 127.84098815917969 294.8716125488281 127.84098815917969
295.0082092285156 66.66006469726562 344.21135330200195 66.66006469726562 344.21135330200195 126.8792953491211 295.0082092285156 126.8792953491211
296.21923828125 67.84074401855469 345.76262283325195 67.84074401855469 345.76262283325195 128.4095230102539 296.21923828125 128.4095230102539
295.4137268066406 66.43643951416016 344.7148017883301 66.43643951416016 344.7148017883301 126.91481399536133 295.4137268066406 126.91481399536133
295.065673828125 66.34793853759766 344.3473358154297 66.34793853759766 344.3473358154297 127.13949584960938 295.065673828125 127.13949584960938
295.9363708496094 66.08712005615234 345.22452545166016 66.08712005615234 345.22452545166016 126.94477462768555 295.9363708496094 126.94477462768555
296.11328125 65.58955383300781 346.0714302062988 65.58955383300781 346.0714302062988 125.71712875366211 296.11328125 125.71712875366211
296.54278564453125 65.26939392089844 346.5184555053711 65.26939392089844 346.5184555053711 126.49439239501953 296.54278564453125 126.49439239501953
296.74761962890625 64.8605728149414 346.5798645019531 64.8605728149414 346.5798645019531 125.75203323364258 296.74761962890625 125.75203323364258
297.89996337890625 64.6976547241211 347.2986602783203 64.6976547241211 347.2986602783203 126.07532119750977 297.89996337890625 126.07532119750977
297.5849914550781 63.6064453125 347.8184700012207 63.6064453125 347.8184700012207 126.7380485534668 297.5849914550781 126.7380485534668
299.4635925292969 63.285011291503906 349.1439208984375 63.285011291503906 349.1439208984375 125.5502700805664 299.4635925292969 125.5502700805664
298.9819030761719 62.664649963378906 348.7278594970703 62.664649963378906 348.7278594970703 124.35881042480469 298.9819030761719 124.35881042480469
299.56341552734375 61.77831268310547 350.41791915893555 61.77831268310547 350.41791915893555 124.61102294921875 299.56341552734375 124.61102294921875
300.2230529785156 61.88636016845703 351.4620895385742 61.88636016845703 351.4620895385742 124.26730346679688 300.2230529785156 124.26730346679688
301.2295837402344 60.610816955566406 352.4610710144043 60.610816955566406 352.4610710144043 125.26112365722656 301.2295837402344 125.26112365722656
300.9314880371094 60.707923889160156 353.46285247802734 60.707923889160156 353.46285247802734 123.78517150878906 300.9314880371094 123.78517150878906
301.96478271484375 59.616493225097656 354.04436111450195 59.616493225097656 354.04436111450195 123.77711486816406 301.96478271484375 123.77711486816406
