624.0 211.0 770.0 211.0 770.0 354.0 624.0 354.0
623.1522827148438 212.7298126220703 766.4037322998047 212.7298126220703 766.4037322998047 352.8246307373047 623.1522827148438 352.8246307373047
623.2644653320312 212.921142578125 767.6213989257812 212.921142578125 767.6213989257812 348.785888671875 623.2644653320312 348.785888671875
624.2952880859375 215.47500610351562 769.7447052001953 215.47500610351562 769.7447052001953 349.31272888183594 624.2952880859375 349.31272888183594
621.7627563476562 215.03921508789062 765.7004089355469 215.03921508789062 765.7004089355469 352.45457458496094 621.7627563476562 352.45457458496094
625.4567260742188 215.3211669921875 767.5116729736328 215.3211669921875 767.5116729736328 352.39854431152344 625.4567260742188 352.39854431152344
625.3905029296875 214.1565399169922 769.1069030761719 214.1565399169922 769.1069030761719 349.78631591796875 625.3905029296875 349.78631591796875
630.6604614257812 212.5241241455078 766.0973510742188 212.5241241455078 766.0973510742188 349.938232421875 630.6604614257812 349.938232421875
633.5772705078125 216.01290893554688 765.7806396484375 216.01290893554688 765.7806396484375 353.69920349121094 633.5772705078125 353.69920349121094
634.491455078125 211.9987335205078 763.9083251953125 211.9987335205078 763.9083251953125 352.0536193847656 634.491455078125 352.0536193847656
632.1044921875 217.114013671875 767.2188415527344 217.114013671875 767.2188415527344 352.7384796142578 632.1044921875 352.7384796142578
629.2510375976562 214.3085479736328 765.6203765869141 214.3085479736328 765.6203765869141 347.8757781982422 629.2510375976562 347.8757781982422
624.7425537109375 212.2428741455078 763.3873596191406 212.2428741455078 763.3873596191406 348.03880310058594 624.7425537109375 348.03880310058594
628.078125 210.25076293945312 767.4575805664062 210.25076293945312 767.4575805664062 350.29803466796875 628.078125 350.29803466796875
625.280029296875 209.23953247070312 768.0563659667969 209.23953247070312 768.0563659667969 351.821044921875 625.280029296875 351.821044921875
631.8992309570312 209.36172485351562 773.6367492675781 209.36172485351562 773.6367492675781 349.66346740722656 631.8992309570312 349.66346740722656
647.5460815429688 208.1103515625 792.8977661132812 208.1103515625 792.8977661132812 350.47532653808594 647.5460815429688 350.47532653808594
665.6826171875 195.86941528320312 808.9853973388672 195.86941528320312 808.9853973388672 336.22760009765625 665.6826171875 336.22760009765625
752.5338745117188 195.19219970703125 893.8663940429688 195.19219970703125 893.8663940429688 333.62059020996094 752.5338745117188 333.62059020996094
629.2223510742188 195.68008422851562 768.7541809082031 195.68008422851562 768.7541809082031 332.34478759765625 629.2223510742188 332.34478759765625
764.5418090820312 395.05682373046875 903.6161193847656 395.05682373046875 903.6161193847656 531.2734069824219 764.5418090820312 531.2734069824219
730.7408447265625 363.05328369140625 869.6527862548828 363.05328369140625 869.6527862548828 499.11082458496094 730.7408447265625 499.11082458496094
624.6131591796875 439.16351318359375 763.2994079589844 439.16351318359375 763.2994079589844 574.9999847412109 624.6131591796875 574.9999847412109
606.5733032226562 442.2906799316406 742.0668334960938 442.2906799316406 742.0668334960938 575.0000305175781 606.5733032226562 575.0000305175781
506.2652282714844 442.96600341796875 641.0691833496094 442.96600341796875 641.0691833496094 574.9999542236328 506.2652282714844 574.9999542236328
482.68450927734375 443.05316162109375 617.3995056152344 443.05316162109375 617.3995056152344 574.9999694824219 482.68450927734375 574.9999694824219
457.81671142578125 444.499267578125 591.0552825927734 444.499267578125 591.0552825927734 574.9999847412109 457.81671142578125 574.9999847412109
511.2393493652344 441.81427001953125 647.2192993164062 441.81427001953125 647.2192993164062 575.0000305175781 511.2393493652344 575.0000305175781
499.47406005859375 443.68927001953125 633.5396423339844 443.68927001953125 633.5396423339844 575.0000152587891 499.47406005859375 575.0000152587891
491.21240234375 444.41845703125 624.5334930419922 444.41845703125 624.5334930419922 575.0000152587891 491.21240234375 575.0000152587891
396.89385986328125 441.214599609375 533.4860076904297 441.214599609375 533.4860076904297 575.0000305175781 396.89385986328125 575.0000305175781
354.97052001953125 437.76934814453125 495.0802001953125 437.76934814453125 495.0802001953125 575.0000305175781 354.97052001953125 575.0000305175781
279.7272644042969 435.8829650878906 421.76287841796875 435.8829650878906 421.76287841796875 575.0 279.7272644042969 575.0
204.39974975585938 436.3609313964844 344.74330139160156 436.3609313964844 344.74330139160156 573.8206787109375 204.39974975585938 573.8206787109375
109.70762634277344 437.18890380859375 250.409912109375 437.18890380859375 250.409912109375 575.0 109.70762634277344 575.0
0.22132110595703125 434.294189453125 143.87906646728516 434.294189453125 143.87906646728516 575.0000305175781 0.22132110595703125 575.0000305175781
0.10396575927734375 431.10333251953125 147.01947784423828 431.10333251953125 147.01947784423828 575.0 0.10396575927734375 575.0
57.58167266845703 434.1685485839844 201.3676528930664 434.1685485839844 201.3676528930664 574.9999847412109 57.58167266845703 574.9999847412109
55.4228630065918 437.5221252441406 195.78495407104492 437.5221252441406 195.78495407104492 575.0 55.4228630065918 575.0
35.310909271240234 437.85833740234375 175.32975387573242 437.85833740234375 175.32975387573242 575.0000305175781 35.310909271240234 575.0000305175781
27.677886962890625 443.7569885253906 161.67430114746094 443.7569885253906 161.67430114746094 574.9999847412109 27.677886962890625 574.9999847412109
12.129800796508789 438.6643981933594 151.32561683654785 438.6643981933594 151.32561683654785 574.9999694824219 12.129800796508789 574.9999694824219
0.14654541015625 437.32208251953125 140.71287536621094 437.32208251953125 140.71287536621094 575.0000152587891 0.14654541015625 575.0000152587891
0.0 438.6298828125 139.2310791015625 438.6298828125 139.2310791015625 575.0 0.0 575.0
0.0 443.92999267578125 133.81979370117188 443.92999267578125 133.81979370117188 575.0000152587891 0.0 575.0000152587891
0.0 450.0545959472656 127.56671142578125 450.0545959472656 127.56671142578125 575.0000152587891 0.0 575.0000152587891
0.0 455.4212341308594 122.08746337890625 455.4212341308594 122.08746337890625 574.9999923706055 0.0 574.9999923706055
0.0 273.5078430175781 123.44283294677734 273.5078430175781 123.44283294677734 394.4141159057617 0.0 394.4141159057617
0.0 272.1874084472656 118.58419036865234 272.1874084472656 118.58419036865234 388.3348846435547 0.0 388.3348846435547
0.0 271.0700378417969 116.77558898925781 271.0700378417969 116.77558898925781 385.4460754394531 0.0 385.4460754394531
19.640554428100586 319.4593505859375 134.55799674987793 319.4593505859375 134.55799674987793 432.0154266357422 19.640554428100586 432.0154266357422
0.0 351.1893005371094 112.9548568725586 351.1893005371094 112.9548568725586 461.82311248779297 0.0 461.82311248779297
24.918380737304688 466.6373596191406 135.5544662475586 466.6373596191406 135.5544662475586 575.0000457763672 24.918380737304688 575.0000457763672
60.86033248901367 469.7205505371094 168.34850692749023 469.7205505371094 168.34850692749023 575.0000076293945 60.86033248901367 575.0000076293945
53.02827835083008 471.29229736328125 158.91174697875977 471.29229736328125 158.91174697875977 575.0000381469727 53.02827835083008 575.0000381469727
12.701057434082031 473.87286376953125 115.94981384277344 473.87286376953125 115.94981384277344 575.0000381469727 12.701057434082031 575.0000381469727
0.0 476.4303283691406 100.63758850097656 476.4303283691406 100.63758850097656 574.9999923706055 0.0 574.9999923706055
11.825882911682129 476.9153747558594 111.96827030181885 476.9153747558594 111.96827030181885 575.0000152587891 11.825882911682129 575.0000152587891
0.0 478.2591857910156 98.77039337158203 478.2591857910156 98.77039337158203 575.0000228881836 0.0 575.0000228881836
0.0 478.83416748046875 98.18331909179688 478.83416748046875 98.18331909179688 574.9999847412109 0.0 574.9999847412109
0.1681777983903885 479.06500244140625 98.11584778130054 479.06500244140625 98.11584778130054 575.0000152587891 0.1681777983903885 575.0000152587891
0.0 479.0513610839844 97.96159362792969 479.0513610839844 97.96159362792969 575.0000076293945 0.0 575.0000076293945
0.103520967066288 479.52667236328125 97.57985458523035 479.52667236328125 97.57985458523035 575.0000305175781 0.103520967066288 575.0000305175781
0.0 479.4683532714844 97.53585815429688 479.4683532714844 97.53585815429688 575.0000152587891 0.0 575.0000152587891
0.105138398706913 479.14306640625 97.9731040969491 479.14306640625 97.9731040969491 575.0000152587891 0.105138398706913 575.0000152587891
0.0 479.3629455566406 97.64347076416016 479.3629455566406 97.64347076416016 575.0000152587891 0.0 575.0000152587891
0.0 477.4620056152344 99.58424377441406 477.4620056152344 99.58424377441406 574.9999618530273 0.0 574.9999618530273
0.0 477.4478454589844 99.59870910644531 477.4478454589844 99.59870910644531 574.9999694824219 0.0 574.9999694824219
0.0 477.2115173339844 99.84001922607422 477.2115173339844 99.84001922607422 575.0 0.0 575.0
0.0 476.82244873046875 100.23721313476562 476.82244873046875 100.23721313476562 574.9999618530273 0.0 574.9999618530273
0.0 476.985107421875 100.07117462158203 476.985107421875 100.07117462158203 575.0 0.0 575.0
0.0 477.6231384277344 99.41978454589844 477.6231384277344 99.41978454589844 575.0000228881836 0.0 575.0000228881836
0.161235049366951 477.90966796875 99.28847809135914 477.90966796875 99.28847809135914 575.0000228881836 0.161235049366951 575.0000228881836
0.0 477.833984375 99.20449829101562 477.833984375 99.20449829101562 575.0000152587891 0.0 575.0000152587891
0.0 477.61138916015625 99.43177795410156 477.61138916015625 99.43177795410156 575.0000305175781 0.0 575.0000305175781
0.0 477.86737060546875 99.17037963867188 477.86737060546875 99.17037963867188 574.9999847412109 0.0 574.9999847412109
0.0 478.52374267578125 98.50028228759766 478.52374267578125 98.50028228759766 575.0000305175781 0.0 575.0000305175781
0.0 478.36175537109375 98.66561889648438 478.36175537109375 98.66561889648438 574.9999771118164 0.0 574.9999771118164
0.0 480.23785400390625 96.75019836425781 480.23785400390625 96.75019836425781 575.0000152587891 0.0 575.0000152587891
0.0 479.808349609375 97.18867492675781 479.808349609375 97.18867492675781 574.9999771118164 0.0 574.9999771118164
0.0 479.91796875 97.0767822265625 479.91796875 97.0767822265625 574.9999923706055 0.0 574.9999923706055
11.82997989654541 480.7733459472656 108.03343296051025 480.7733459472656 108.03343296051025 574.9999923706055 11.82997989654541 574.9999923706055
0.0 480.3216857910156 96.66458129882812 480.3216857910156 96.66458129882812 574.9999771118164 0.0 574.9999771118164
11.852280616760254 480.8020935058594 108.02642154693604 480.8020935058594 108.02642154693604 575.0000152587891 11.852280616760254 575.0000152587891
23.255420684814453 481.77423095703125 118.43704605102539 481.77423095703125 118.43704605102539 575.0000381469727 23.255420684814453 575.0000381469727
25.141216278076172 481.653076171875 120.44651412963867 481.653076171875 120.44651412963867 575.0000152587891 25.141216278076172 575.0000152587891
64.43548583984375 483.8975524902344 157.44920349121094 483.8975524902344 157.44920349121094 574.9999923706055 64.43548583984375 574.9999923706055
58.909912109375 485.5538024902344 150.23265075683594 485.5538024902344 150.23265075683594 575.0000076293945 58.909912109375 575.0000076293945
63.891380310058594 486.27911376953125 154.47360229492188 486.27911376953125 154.47360229492188 575.0000076293945 63.891380310058594 575.0000076293945
62.17580032348633 487.11785888671875 151.90166854858398 487.11785888671875 151.90166854858398 574.9999847412109 62.17580032348633 574.9999847412109
66.4897232055664 488.4180603027344 154.88809204101562 488.4180603027344 154.88809204101562 574.9999694824219 66.4897232055664 574.9999694824219
69.32353210449219 489.55987548828125 156.5561752319336 489.55987548828125 156.5561752319336 575.0000152587891 69.32353210449219 575.0000152587891
70.02467346191406 492.1607360839844 154.60192108154297 492.1607360839844 154.60192108154297 575.0000457763672 70.02467346191406 575.0000457763672
73.65281677246094 495.64239501953125 154.67536163330078 495.64239501953125 154.67536163330078 575.0000534057617 73.65281677246094 575.0000534057617
64.13040924072266 496.8014221191406 143.96953582763672 496.8014221191406 143.96953582763672 574.9999847412109 64.13040924072266 574.9999847412109
66.27516174316406 497.0660095214844 145.84417724609375 497.0660095214844 145.84417724609375 575.0000076293945 66.27516174316406 575.0000076293945
64.95796966552734 497.46295166015625 144.12174224853516 497.46295166015625 144.12174224853516 575.0000228881836 64.95796966552734 575.0000228881836
62.9354133605957 496.8070373535156 142.7688102722168 496.8070373535156 142.7688102722168 574.9999771118164 62.9354133605957 574.9999771118164
65.38716888427734 496.8243103027344 145.2029571533203 496.8243103027344 145.2029571533203 575.0 65.38716888427734 575.0
64.50077056884766 496.5154724121094 144.63185119628906 496.5154724121094 144.63185119628906 574.9999694824219 64.50077056884766 574.9999694824219
70.85192108154297 496.728271484375 150.76577758789062 496.728271484375 150.76577758789062 575.0000152587891 70.85192108154297 575.0000152587891
64.98710632324219 496.3311462402344 145.30636596679688 496.3311462402344 145.30636596679688 574.9999694824219 64.98710632324219 574.9999694824219
66.29264831542969 497.22808837890625 145.6961669921875 497.22808837890625 145.6961669921875 574.9999847412109 66.29264831542969 574.9999847412109
65.06900787353516 496.81256103515625 144.89684295654297 496.81256103515625 144.89684295654297 575.0000457763672 65.06900787353516 575.0000457763672
74.25164794921875 496.192138671875 154.71287536621094 496.192138671875 154.71287536621094 574.9999923706055 74.25164794921875 574.9999923706055
66.01223754882812 497.2476501464844 145.39579010009766 497.2476501464844 145.39579010009766 574.9999771118164 66.01223754882812 574.9999771118164
66.60865783691406 496.72283935546875 146.52804565429688 496.72283935546875 146.52804565429688 574.9999923706055 66.60865783691406 574.9999923706055
66.88206481933594 497.3367614746094 146.1746826171875 497.3367614746094 146.1746826171875 575.0000152587891 66.88206481933594 575.0000152587891
71.12071228027344 497.01220703125 150.74468994140625 497.01220703125 150.74468994140625 575.0000152587891 71.12071228027344 575.0000152587891
68.59562683105469 497.427490234375 147.79558563232422 497.427490234375 147.79558563232422 574.9999923706055 68.59562683105469 574.9999923706055
69.0533218383789 496.5048828125 149.19525909423828 496.5048828125 149.19525909423828 575.0000076293945 69.0533218383789 575.0000076293945
69.31121826171875 496.921875 149.02743530273438 496.921875 149.02743530273438 575.0000228881836 69.31121826171875 575.0000228881836
90.5431137084961 485.2386779785156 170.5408706665039 485.2386779785156 170.5408706665039 563.5925827026367 90.5431137084961 563.5925827026367
178.7672882080078 495.9530334472656 259.47261810302734 495.9530334472656 259.47261810302734 574.9999694824219 178.7672882080078 574.9999694824219
127.60787200927734 495.63507080078125 208.63790893554688 495.63507080078125 208.63790893554688 575.0000457763672 127.60787200927734 575.0000457763672
147.32705688476562 495.616943359375 228.37554168701172 495.616943359375 228.37554168701172 574.9999847412109 147.32705688476562 574.9999847412109
126.08026123046875 496.5723571777344 206.1533203125 496.5723571777344 206.1533203125 575.0000152587891 126.08026123046875 575.0000152587891
72.06951141357422 497.06524658203125 151.63936614990234 497.06524658203125 151.63936614990234 575.0000457763672 72.06951141357422 575.0000457763672
71.26828002929688 495.8851013183594 152.04299926757812 495.8851013183594 152.04299926757812 575.0 71.26828002929688 575.0
0.0 496.87115478515625 79.76800537109375 496.87115478515625 79.76800537109375 575.0000305175781 0.0 575.0000305175781
0.0 497.6610412597656 78.9615478515625 497.6610412597656 78.9615478515625 575.0000305175781 0.0 575.0000305175781
0.0 500.923095703125 75.63102722167969 500.923095703125 75.63102722167969 575.0000152587891 0.0 575.0000152587891
0.0 500.47637939453125 76.08707427978516 500.47637939453125 76.08707427978516 574.9999771118164 0.0 574.9999771118164
0.0 500.86639404296875 75.68888854980469 500.86639404296875 75.68888854980469 574.9999847412109 0.0 574.9999847412109
0.0 500.7789611816406 75.77816772460938 500.7789611816406 75.77816772460938 575.0 0.0 575.0
0.0 499.02655029296875 77.56735229492188 499.02655029296875 77.56735229492188 575.0000152587891 0.0 575.0000152587891
0.0 499.54608154296875 77.03684997558594 499.54608154296875 77.03684997558594 574.9999465942383 0.0 574.9999465942383
0.0 502.72698974609375 73.78923034667969 502.72698974609375 73.78923034667969 574.9999618530273 0.0 574.9999618530273
0.0 504.2760314941406 72.20774841308594 504.2760314941406 72.20774841308594 575.0000152587891 0.0 575.0000152587891
0.0 507.6396484375 68.7735595703125 507.6396484375 68.7735595703125 575.0000076293945 0.0 575.0000076293945
0.0 506.8544006347656 69.57530212402344 506.8544006347656 69.57530212402344 575.0000228881836 0.0 575.0000228881836
0.0 508.24951171875 68.15086364746094 508.24951171875 68.15086364746094 574.9999618530273 0.0 574.9999618530273
0.0 508.30206298828125 68.09723663330078 508.30206298828125 68.09723663330078 574.9999847412109 0.0 574.9999847412109
0.0 508.25384521484375 68.14645385742188 508.25384521484375 68.14645385742188 574.9999694824219 0.0 574.9999694824219
0.03423156589269638 508.7539978027344 67.67011108249426 508.7539978027344 67.67011108249426 575.0000457763672 0.03423156589269638 575.0000457763672
0.07297821342945099 508.6949157714844 67.76912231743336 508.6949157714844 67.76912231743336 574.9999847412109 0.07297821342945099 574.9999847412109
0.0 508.2632751464844 68.1092529296875 508.2632751464844 68.1092529296875 574.9729614257812 0.0 574.9729614257812
0.0 509.550048828125 66.82307434082031 509.550048828125 66.82307434082031 574.9999847412109 0.0 574.9999847412109
0.0 509.62957763671875 66.74189758300781 509.62957763671875 66.74189758300781 574.9999923706055 0.0 574.9999923706055
0.0 509.5982360839844 66.77388000488281 509.5982360839844 66.77388000488281 574.9999771118164 0.0 574.9999771118164
0.05382842943072319 509.61669921875 66.80889434739947 509.61669921875 66.80889434739947 575.0000152587891 0.05382842943072319 575.0000152587891
0.0224151611328125 509.5865173339844 66.80828094482422 509.5865173339844 66.80828094482422 574.9999847412109 0.0224151611328125 574.9999847412109
0.0 509.65142822265625 66.71961975097656 509.65142822265625 66.71961975097656 575.0000152587891 0.0 575.0000152587891
0.0 507.4830017089844 68.93348693847656 507.4830017089844 68.93348693847656 574.9999618530273 0.0 574.9999618530273
0.0 508.72552490234375 67.6649169921875 508.72552490234375 67.6649169921875 574.9999847412109 0.0 574.9999847412109
0.0 508.6847229003906 67.70658874511719 508.6847229003906 67.70658874511719 575.0 0.0 575.0
0.0 508.71356201171875 67.67710876464844 508.71356201171875 67.67710876464844 574.9999694824219 0.0 574.9999694824219
0.0 508.7610778808594 67.62861633300781 508.7610778808594 67.62861633300781 574.9999847412109 0.0 574.9999847412109
0.0 508.8056640625 67.58307647705078 508.8056640625 67.58307647705078 574.9999542236328 0.0 574.9999542236328
0.0 508.5889587402344 67.80438232421875 508.5889587402344 67.80438232421875 575.0000076293945 0.0 575.0000076293945
0.0 508.7774963378906 67.61190032958984 508.7774963378906 67.61190032958984 575.0000152587891 0.0 575.0000152587891
0.0 508.638671875 67.73989868164062 508.638671875 67.73989868164062 574.9865570068359 0.0 574.9865570068359
0.0 508.75537109375 67.63446044921875 508.75537109375 67.63446044921875 574.9999771118164 0.0 574.9999771118164
0.0 509.60784912109375 66.76412200927734 509.60784912109375 66.76412200927734 575.0 0.0 575.0
0.0 509.58428955078125 66.78819274902344 509.58428955078125 66.78819274902344 575.0000228881836 0.0 575.0000228881836
0.0 509.52423095703125 66.84952545166016 509.52423095703125 66.84952545166016 575.0000381469727 0.0 575.0000381469727
0.0 510.24847412109375 65.91283416748047 510.24847412109375 65.91283416748047 574.8068389892578 0.0 574.8068389892578
0.0 510.4393615722656 65.91514587402344 510.4393615722656 65.91514587402344 574.9999847412109 0.0 574.9999847412109
0.0 510.37579345703125 65.98005676269531 510.37579345703125 65.98005676269531 574.9999847412109 0.0 574.9999847412109
0.0 511.32745361328125 65.00846862792969 511.32745361328125 65.00846862792969 575.0000228881836 0.0 575.0000228881836
0.0 511.1949157714844 64.99873352050781 511.1949157714844 64.99873352050781 574.8579521179199 0.0 574.8579521179199
0.0 509.2669982910156 67.11213684082031 509.2669982910156 67.11213684082031 575.0000076293945 0.0 575.0000076293945
0.0 507.38299560546875 69.03565979003906 507.38299560546875 69.03565979003906 575.0 0.0 575.0
0.0 507.34686279296875 69.07252502441406 507.34686279296875 69.07252502441406 574.9999771118164 0.0 574.9999771118164
0.0 507.4459533691406 68.97142028808594 507.4459533691406 68.97142028808594 575.0000457763672 0.0 575.0000457763672
0.0 507.3949279785156 69.02348327636719 507.3949279785156 69.02348327636719 575.0000152587891 0.0 575.0000152587891
0.0 507.4052734375 69.01288604736328 507.4052734375 69.01288604736328 574.9999771118164 0.0 574.9999771118164
0.005931091494858265 507.4002990722656 69.02392120379955 507.4002990722656 69.02392120379955 574.9999923706055 0.005931091494858265 574.9999923706055
0.1567436158657074 507.0306091308594 69.5521751344204 507.0306091308594 69.5521751344204 574.9999923706055 0.1567436158657074 574.9999923706055
0.0 506.94970703125 69.4780044555664 506.94970703125 69.4780044555664 574.9999694824219 0.0 574.9999694824219
0.0 506.97052001953125 69.4568099975586 506.97052001953125 69.4568099975586 575.0000228881836 0.0 575.0000228881836
0.0 506.9634704589844 69.46397399902344 506.9634704589844 69.46397399902344 574.9999847412109 0.0 574.9999847412109
0.0 508.60968017578125 67.78324890136719 508.60968017578125 67.78324890136719 575.0000076293945 0.0 575.0000076293945
0.1572006195783615 506.8304748535156 69.60226897895336 506.8304748535156 69.60226897895336 574.8484725952148 0.1572006195783615 574.8484725952148
0.0 507.46820068359375 68.94866943359375 507.46820068359375 68.94866943359375 575.0 0.0 575.0
0.0 507.40478515625 69.01339721679688 507.40478515625 69.01339721679688 574.9999923706055 0.0 574.9999923706055
0.0 507.43621826171875 68.98130798339844 507.43621826171875 68.98130798339844 575.0 0.0 575.0
0.0 507.42449951171875 68.99324035644531 507.42449951171875 68.99324035644531 574.9999618530273 0.0 574.9999618530273
0.0 507.43817138671875 68.97932434082031 507.43817138671875 68.97932434082031 575.0 0.0 575.0
0.0 507.45098876953125 68.95999908447266 507.45098876953125 68.95999908447266 574.9938812255859 0.0 574.9938812255859
0.0 507.3255920410156 69.09428405761719 507.3255920410156 69.09428405761719 575.0000076293945 0.0 575.0000076293945
0.11974868923425674 507.1259765625 69.41785965114832 507.1259765625 69.41785965114832 575.0000305175781 0.11974868923425674 575.0000305175781
0.0 507.08135986328125 69.34367370605469 507.08135986328125 69.34367370605469 575.0000457763672 0.0 575.0000457763672
0.0 506.92047119140625 69.5079345703125 506.92047119140625 69.5079345703125 575.0000381469727 0.0 575.0000381469727
0.11443023383617401 507.0517578125 69.48828582465649 507.0517578125 69.48828582465649 574.9999923706055 0.11443023383617401 574.9999923706055
0.12579040229320526 505.99188232421875 70.58171539008617 505.99188232421875 70.58171539008617 574.9999542236328 0.12579040229320526 574.9999542236328
0.0 505.95587158203125 70.49278259277344 505.95587158203125 70.49278259277344 575.0000457763672 0.0 575.0000457763672
0.0 506.05975341796875 70.38668823242188 506.05975341796875 70.38668823242188 575.0000152587891 0.0 575.0000152587891
0.0 505.29937744140625 71.16304779052734 505.29937744140625 71.16304779052734 575.0000457763672 0.0 575.0000457763672
0.048492431640625 507.3019104003906 69.16696166992188 507.3019104003906 69.16696166992188 575.0000152587891 0.048492431640625 575.0000152587891
0.0 505.34051513671875 71.12100982666016 505.34051513671875 71.12100982666016 575.0 0.0 575.0
0.08463134616613388 507.17822265625 69.2766403183341 507.17822265625 69.2766403183341 574.9483489990234 0.08463134616613388 574.9483489990234
0.0 505.8973693847656 70.55252075195312 505.8973693847656 70.55252075195312 575.0000457763672 0.0 575.0000457763672
0.0 504.49932861328125 71.92958068847656 504.49932861328125 71.92958068847656 574.9507598876953 0.0 574.9507598876953
0.0 505.8338928222656 70.61731719970703 505.8338928222656 70.61731719970703 575.0000305175781 0.0 575.0000305175781
0.0 503.4146423339844 73.08726501464844 503.4146423339844 73.08726501464844 574.9999771118164 0.0 574.9999771118164
0.0 504.3726501464844 72.109130859375 504.3726501464844 72.109130859375 574.9999542236328 0.0 574.9999542236328
0.0 502.62646484375 73.8919906616211 502.62646484375 73.8919906616211 574.9999847412109 0.0 574.9999847412109
0.04172973707318306 502.7854919433594 73.77134399488568 502.7854919433594 73.77134399488568 574.9999771118164 0.04172973707318306 574.9999771118164
0.0 502.6126403808594 73.90611267089844 502.6126403808594 73.90611267089844 575.0 0.0 575.0
0.0 502.772705078125 73.74270629882812 502.772705078125 73.74270629882812 575.0000152587891 0.0 575.0000152587891
0.0 502.70684814453125 73.80995178222656 502.70684814453125 73.80995178222656 575.0000305175781 0.0 575.0000305175781
0.03735656663775444 501.91064453125 74.66017455980182 501.91064453125 74.66017455980182 574.9999923706055 0.03735656663775444 574.9999923706055
0.0 501.8802185058594 74.63198852539062 501.8802185058594 74.63198852539062 574.9785461425781 0.0 574.9785461425781
0.0 502.75762939453125 73.75810241699219 502.75762939453125 73.75810241699219 575.0000305175781 0.0 575.0000305175781
0.0 504.8572692871094 71.6143569946289 504.8572692871094 71.6143569946289 574.9999847412109 0.0 574.9999847412109
0.0 507.0868225097656 69.33808898925781 507.0868225097656 69.33808898925781 575.0000381469727 0.0 575.0000381469727
0.0 507.44952392578125 68.96773529052734 507.44952392578125 68.96773529052734 575.0 0.0 575.0
0.0 509.64349365234375 66.72772979736328 509.64349365234375 66.72772979736328 574.9999923706055 0.0 574.9999923706055
0.0 512.6710815429688 63.63663864135742 512.6710815429688 63.63663864135742 575.0000114440918 0.0 575.0000114440918
0.04877624660730362 509.80841064453125 66.60814819484949 509.80841064453125 66.60814819484949 575.0000076293945 0.04877624660730362 575.0000076293945
0.09094619750976562 507.36590576171875 68.96262741088867 507.36590576171875 68.96262741088867 574.8222885131836 0.09094619750976562 574.8222885131836
0.0 510.27532958984375 66.08262634277344 510.27532958984375 66.08262634277344 574.9999847412109 0.0 574.9999847412109
0.0 513.2352294921875 63.06053924560547 513.2352294921875 63.06053924560547 574.9999008178711 0.0 574.9999008178711
0.0 511.3504943847656 64.98493957519531 511.3504943847656 64.98493957519531 575.0000190734863 0.0 575.0000190734863
0.3357040286064148 508.859619140625 67.83388823270798 508.859619140625 67.83388823270798 574.9707489013672 0.3357040286064148 574.9707489013672
13.338888168334961 506.9408264160156 82.82600975036621 506.9408264160156 82.82600975036621 575.0000152587891 13.338888168334961 575.0000152587891
0.0 507.44073486328125 68.97672271728516 507.44073486328125 68.97672271728516 575.0000152587891 0.0 575.0000152587891
0.0 509.6065368652344 66.76545715332031 509.6065368652344 66.76545715332031 574.9999923706055 0.0 574.9999923706055
0.0 509.63494873046875 66.73648834228516 509.63494873046875 66.73648834228516 575.0000305175781 0.0 575.0000305175781
0.0 507.455322265625 68.96182250976562 507.455322265625 68.96182250976562 575.0000152587891 0.0 575.0000152587891
0.0 506.89080810546875 69.53816986083984 506.89080810546875 69.53816986083984 575.0000152587891 0.0 575.0000152587891
0.0 506.317138671875 70.12385559082031 506.317138671875 70.12385559082031 574.9999923706055 0.0 574.9999923706055
0.1407730132341385 506.30340576171875 70.27866668999195 506.30340576171875 70.27866668999195 575.0000152587891 0.1407730132341385 575.0000152587891
0.4883232116699219 503.76141357421875 73.14469528198242 503.76141357421875 73.14469528198242 574.9247436523438 0.4883232116699219 574.9247436523438
0.0 502.7832946777344 73.7318344116211 502.7832946777344 73.7318344116211 574.9999923706055 0.0 574.9999923706055
0.0 503.72930908203125 72.7659912109375 503.72930908203125 72.7659912109375 575.0000076293945 0.0 575.0000076293945
0.0 505.355224609375 70.9896240234375 505.355224609375 70.9896240234375 574.8860626220703 0.0 574.8860626220703
0.06835784763097763 506.23504638671875 70.27602233737707 506.23504638671875 70.27602233737707 575.0 0.06835784763097763 575.0
0.7550285458564758 505.705322265625 71.38816910982132 505.705322265625 71.38816910982132 574.8870162963867 0.7550285458564758 574.8870162963867
0.0 506.0497131347656 70.39684295654297 506.0497131347656 70.39684295654297 574.9999618530273 0.0 574.9999618530273
0.0 507.53515625 68.88026428222656 507.53515625 68.88026428222656 574.9999847412109 0.0 574.9999847412109
0.0 508.7113342285156 67.6794204711914 508.7113342285156 67.6794204711914 574.9999923706055 0.0 574.9999923706055
0.0 506.74920654296875 69.68266296386719 506.74920654296875 69.68266296386719 574.9999542236328 0.0 574.9999542236328
0.0 507.45611572265625 68.96101379394531 507.45611572265625 68.96101379394531 575.0000457763672 0.0 575.0000457763672
0.0 506.4137268066406 70.0252685546875 506.4137268066406 70.0252685546875 575.0000457763672 0.0 575.0000457763672
1.6807861328125 505.4735412597656 72.66596984863281 505.4735412597656 72.66596984863281 575.0000457763672 1.6807861328125 575.0000457763672
1.5762428045272827 504.37628173828125 73.6816657781601 504.37628173828125 73.6816657781601 575.0 1.5762428045272827 575.0
11.051724433898926 505.73114013671875 81.77384662628174 505.73114013671875 81.77384662628174 574.9999847412109 11.051724433898926 574.9999847412109
13.486352920532227 505.2874450683594 84.66147041320801 505.2874450683594 84.66147041320801 574.9999694824219 13.486352920532227 574.9999694824219
13.087472915649414 506.01043701171875 83.52443885803223 506.01043701171875 83.52443885803223 574.9999771118164 13.087472915649414 574.9999771118164
13.628293991088867 505.16619873046875 84.0361156463623 505.16619873046875 84.0361156463623 574.1271896362305 13.628293991088867 574.1271896362305
5.639653205871582 504.449462890625 77.09292316436768 504.449462890625 77.09292316436768 574.4344253540039 5.639653205871582 574.4344253540039
0.0 502.6952209472656 73.82176208496094 502.6952209472656 73.82176208496094 574.9999923706055 0.0 574.9999923706055
0.027994537726044655 506.07440185546875 70.37589492835104 506.07440185546875 70.37589492835104 574.9766998291016 0.027994537726044655 574.9766998291016
0.0 506.41253662109375 67.43074798583984 506.41253662109375 67.43074798583984 572.4576263427734 0.0 572.4576263427734
0.0 510.31060791015625 64.77999114990234 510.31060791015625 64.77999114990234 573.7594108581543 0.0 573.7594108581543
0.0 506.57159423828125 63.107215881347656 506.57159423828125 63.107215881347656 568.3819961547852 0.0 568.3819961547852
0.0 507.67584228515625 61.58795166015625 507.67584228515625 61.58795166015625 567.9982070922852 0.0 567.9982070922852
0.0 506.062255859375 63.79784393310547 506.062255859375 63.79784393310547 568.5490951538086 0.0 568.5490951538086
0.0 506.3311462402344 64.70191955566406 506.3311462402344 64.70191955566406 569.7034797668457 0.0 569.7034797668457
0.0 505.54901123046875 64.5313491821289 505.54901123046875 64.5313491821289 568.754280090332 0.0 568.754280090332
0.0 506.8663024902344 63.48241424560547 506.8663024902344 63.48241424560547 569.0441970825195 0.0 569.0441970825195
0.0 509.2010803222656 61.10286331176758 509.2010803222656 61.10286331176758 569.0483207702637 0.0 569.0483207702637
0.06496582180261612 508.2420959472656 60.14578781276941 508.2420959472656 60.14578781276941 567.0882987976074 0.06496582180261612 567.0882987976074
0.0 509.4635314941406 58.09516525268555 509.4635314941406 58.09516525268555 566.3648796081543 0.0 566.3648796081543
0.0 511.3604431152344 56.75395965576172 511.3604431152344 56.75395965576172 566.9481506347656 0.0 566.9481506347656
0.0 511.9375915527344 56.9256477355957 511.9375915527344 56.9256477355957 567.6934623718262 0.0 567.6934623718262
0.0 510.9850158691406 58.22685623168945 510.9850158691406 58.22685623168945 568.0153617858887 0.0 568.0153617858887
0.0 508.95635986328125 60.27878952026367 508.95635986328125 60.27878952026367 567.9964714050293 0.0 567.9964714050293
0.0 509.3617248535156 61.513999938964844 509.3617248535156 61.513999938964844 569.6116638183594 0.0 569.6116638183594
0.09481849521398544 507.265625 63.18043937534094 507.265625 63.18043937534094 569.0548896789551 0.09481849521398544 569.0548896789551
0.2311500608921051 509.5010681152344 66.37026444077492 509.5010681152344 66.37026444077492 574.2810821533203 0.2311500608921051 574.2810821533203
0.0 507.02215576171875 69.40397644042969 507.02215576171875 69.40397644042969 574.9999389648438 0.0 574.9999389648438
0.0 506.60107421875 69.83399200439453 506.60107421875 69.83399200439453 575.0000305175781 0.0 575.0000305175781
0.0 506.0091857910156 69.63496398925781 506.0091857910156 69.63496398925781 574.2132034301758 0.0 574.2132034301758
0.0 505.9288635253906 69.40617370605469 505.9288635253906 69.40617370605469 573.9087905883789 0.0 573.9087905883789
0.0 506.6006774902344 69.8343276977539 506.6006774902344 69.8343276977539 574.9999542236328 0.0 574.9999542236328
0.0 506.5751953125 69.86038970947266 506.5751953125 69.86038970947266 575.0 0.0 575.0
0.0 506.49713134765625 69.94011688232422 506.49713134765625 69.94011688232422 575.0000228881836 0.0 575.0000228881836
0.0 506.08154296875 70.05239868164062 506.08154296875 70.05239868164062 574.6944122314453 0.0 574.6944122314453
0.10451126098632812 506.36114501953125 70.18347549438477 506.36114501953125 70.18347549438477 575.0000305175781 0.10451126098632812 575.0000305175781
0.30077821016311646 506.2123107910156 70.53166657686234 506.2123107910156 70.53166657686234 575.0 0.30077821016311646 575.0
0.5640548467636108 504.64923095703125 69.37121427059174 504.64923095703125 69.37121427059174 572.0424423217773 0.5640548467636108 572.0424423217773
0.8814544677734375 505.7879333496094 70.88749694824219 505.7879333496094 70.88749694824219 574.3553924560547 0.8814544677734375 574.3553924560547
5.303905487060547 504.41162109375 77.37328720092773 504.41162109375 77.37328720092773 575.0000152587891 5.303905487060547 575.0000152587891
3.535226345062256 503.81024169921875 76.21861410140991 503.81024169921875 76.21861410140991 575.0000152587891 3.535226345062256 575.0000152587891
1.5676651000976562 502.67822265625 75.40677642822266 502.67822265625 75.40677642822266 574.9999771118164 1.5676651000976562 574.9999771118164
0.8082000613212585 502.4786071777344 74.79050749540329 502.4786071777344 74.79050749540329 574.9406204223633 0.8082000613212585 574.9406204223633
0.8728729486465454 502.67230224609375 74.63729250431061 502.67230224609375 74.63729250431061 574.9209136962891 0.8728729486465454 574.9209136962891
1.3369888067245483 503.2763671875 74.05811154842377 503.2763671875 74.05811154842377 574.5031280517578 1.3369888067245483 574.5031280517578
0.9541069269180298 503.73016357421875 73.52002489566803 503.73016357421875 73.52002489566803 574.8049087524414 0.9541069269180298 574.8049087524414
0.816205620765686 502.9381408691406 74.32732164859772 502.9381408691406 74.32732164859772 574.9386672973633 0.816205620765686 574.9386672973633
0.8055976629257202 503.19671630859375 74.11529767513275 503.19671630859375 74.11529767513275 574.9999618530273 0.8055976629257202 574.9999618530273
2.166593074798584 503.48577880859375 75.1811957359314 503.48577880859375 75.1811957359314 574.9999923706055 2.166593074798584 574.9999923706055
1.3248214721679688 504.20428466796875 73.60584259033203 504.20428466796875 73.60584259033203 574.9999847412109 1.3248214721679688 574.9999847412109
1.0901886224746704 505.89056396484375 71.49529421329498 505.89056396484375 71.49529421329498 574.8488922119141 1.0901886224746704 574.8488922119141
1.399695634841919 506.2466735839844 71.59551930427551 506.2466735839844 71.59551930427551 575.0000152587891 1.399695634841919 575.0000152587891
0.9623626470565796 505.82147216796875 71.49341428279877 505.82147216796875 71.49341428279877 574.9031524658203 0.9623626470565796 574.9031524658203
0.12301559746265411 506.14849853515625 70.41905136406422 506.14849853515625 70.41905136406422 574.9999847412109 0.12301559746265411 574.9999847412109
0.089238740503788 506.31121826171875 70.21914444118738 506.31121826171875 70.21914444118738 574.9999847412109 0.089238740503788 574.9999847412109
0.0 505.80914306640625 69.6950454711914 505.80914306640625 69.6950454711914 574.0719833374023 0.0 574.0719833374023
0.11417770385742188 505.50933837890625 69.42223739624023 505.50933837890625 69.42223739624023 573.3931427001953 0.11417770385742188 573.3931427001953
0.0 505.67913818359375 69.07608795166016 505.67913818359375 69.07608795166016 573.3357391357422 0.0 573.3357391357422
0.0 506.16046142578125 69.49162292480469 506.16046142578125 69.49162292480469 574.2240600585938 0.0 574.2240600585938
0.0 505.50103759765625 67.92915344238281 505.50103759765625 67.92915344238281 572.0342788696289 0.0 572.0342788696289
0.0 504.66717529296875 68.20012664794922 504.66717529296875 68.20012664794922 571.4658203125 0.0 571.4658203125
0.0 505.3951110839844 67.81617736816406 505.3951110839844 67.81617736816406 571.8177032470703 0.0 571.8177032470703
0.0 505.964111328125 69.18547058105469 505.964111328125 69.18547058105469 573.7278594970703 0.0 573.7278594970703
0.0 505.8187561035156 69.58576202392578 505.8187561035156 69.58576202392578 573.9745635986328 0.0 573.9745635986328
0.0 504.95977783203125 68.6358871459961 504.95977783203125 68.6358871459961 572.1852340698242 0.0 572.1852340698242
0.0 505.2107849121094 67.87908935546875 505.2107849121094 67.87908935546875 571.6949996948242 0.0 571.6949996948242
0.0 504.92547607421875 68.06272888183594 504.92547607421875 68.06272888183594 571.5895538330078 0.0 571.5895538330078
0.0 504.9444274902344 67.99969482421875 504.9444274902344 67.99969482421875 571.546760559082 0.0 571.546760559082
0.0 504.49871826171875 67.30084991455078 504.49871826171875 67.30084991455078 570.4165649414062 0.0 570.4165649414062
0.0 503.538818359375 68.44139099121094 503.538818359375 68.44139099121094 570.5737686157227 0.0 570.5737686157227
0.0 504.38983154296875 68.06261444091797 504.38983154296875 68.06261444091797 571.0537948608398 0.0 571.0537948608398
0.0 504.5121154785156 67.88987731933594 504.5121154785156 67.88987731933594 571.0068893432617 0.0 571.0068893432617
0.0 504.8509826660156 67.94322204589844 504.8509826660156 67.94322204589844 571.3980102539062 0.0 571.3980102539062
0.0 504.2245178222656 67.72325134277344 504.2245178222656 67.72325134277344 570.5561065673828 0.0 570.5561065673828
0.0 505.041748046875 67.9189682006836 505.041748046875 67.9189682006836 571.5650405883789 0.0 571.5650405883789
0.0 504.9444885253906 67.158935546875 504.9444885253906 67.158935546875 570.7233657836914 0.0 570.7233657836914
0.0 505.683837890625 67.28062438964844 505.683837890625 67.28062438964844 571.5819091796875 0.0 571.5819091796875
0.18082503974437714 505.24835205078125 66.95793990790844 505.24835205078125 66.95793990790844 570.6532592773438 0.18082503974437714 570.6532592773438
0.19826889038085938 505.8349609375 65.76887130737305 505.8349609375 65.76887130737305 570.0581512451172 0.19826889038085938 570.0581512451172
0.0 505.4300842285156 66.2171859741211 505.4300842285156 66.2171859741211 570.2865753173828 0.0 570.2865753173828
0.0 505.14935302734375 65.98058319091797 505.14935302734375 65.98058319091797 569.7741012573242 0.0 569.7741012573242
0.0 505.594482421875 66.01310729980469 505.594482421875 66.01310729980469 570.2510833740234 0.0 570.2510833740234
0.0 505.15655517578125 66.4869155883789 505.15655517578125 66.4869155883789 570.277229309082 0.0 570.277229309082
0.0 505.50006103515625 65.69950103759766 505.50006103515625 65.69950103759766 569.8495025634766 0.0 569.8495025634766
0.0 505.3963317871094 65.7398681640625 505.3963317871094 65.7398681640625 569.7853088378906 0.0 569.7853088378906
0.0 505.50799560546875 65.49466705322266 505.50799560546875 65.49466705322266 569.6568145751953 0.0 569.6568145751953
0.0 505.4957580566406 65.49301147460938 505.4957580566406 65.49301147460938 569.642951965332 0.0 569.642951965332
0.0 504.8377990722656 66.61491394042969 504.8377990722656 66.61491394042969 570.0838470458984 0.0 570.0838470458984
0.0 505.936767578125 65.24951171875 505.936767578125 65.24951171875 569.8454704284668 0.0 569.8454704284668
0.0 505.9580993652344 65.21459197998047 505.9580993652344 65.21459197998047 569.8326034545898 0.0 569.8326034545898
0.0 506.2206115722656 64.67790222167969 506.2206115722656 64.67790222167969 569.5694465637207 0.0 569.5694465637207
0.0 505.94610595703125 65.14082336425781 505.94610595703125 65.14082336425781 569.7483520507812 0.0 569.7483520507812
0.0 506.28106689453125 64.6568832397461 506.28106689453125 64.6568832397461 569.6093139648438 0.0 569.6093139648438
0.0 506.93756103515625 64.0518798828125 506.93756103515625 64.0518798828125 569.6732292175293 0.0 569.6732292175293
0.0 506.0912170410156 64.6004638671875 506.0912170410156 64.6004638671875 569.3641967773438 0.0 569.3641967773438
0.0 506.3316345214844 64.8057861328125 506.3316345214844 64.8057861328125 569.8057174682617 0.0 569.8057174682617
0.0 505.8638610839844 64.96135711669922 505.8638610839844 64.96135711669922 569.4903182983398 0.0 569.4903182983398
0.0 506.89990234375 63.601776123046875 506.89990234375 63.601776123046875 569.1947212219238 0.0 569.1947212219238
0.0 506.95654296875 63.59163284301758 506.95654296875 63.59163284301758 569.2414321899414 0.0 569.2414321899414
0.0 507.57122802734375 63.05731201171875 507.57122802734375 63.05731201171875 569.3327751159668 0.0 569.3327751159668
0.10158920288085938 507.9256286621094 62.94365310668945 507.9256286621094 62.94365310668945 569.4763488769531 0.10158920288085938 569.4763488769531
0.0 507.34698486328125 63.053199768066406 507.34698486328125 63.053199768066406 569.1045036315918 0.0 569.1045036315918
0.0 508.44580078125 62.66303253173828 508.44580078125 62.66303253173828 569.821174621582 0.0 569.821174621582
0.0 507.88165283203125 62.74072265625 507.88165283203125 62.74072265625 569.3331184387207 0.0 569.3331184387207
0.03571739047765732 509.35614013671875 62.142609022557735 509.35614013671875 62.142609022557735 570.1868057250977 0.03571739047765732 570.1868057250977
0.0 508.673828125 62.11760330200195 508.673828125 62.11760330200195 569.5149841308594 0.0 569.5149841308594
0.0 508.0654296875 62.00775146484375 508.0654296875 62.00775146484375 568.7989883422852 0.0 568.7989883422852
0.0 508.78948974609375 61.6510009765625 508.78948974609375 61.6510009765625 569.1736335754395 0.0 569.1736335754395
0.0 508.7967224121094 61.91539764404297 508.7967224121094 61.91539764404297 569.4398307800293 0.0 569.4398307800293
0.0 509.3408203125 61.2364387512207 509.3408203125 61.2364387512207 569.318920135498 0.0 569.318920135498
0.0 509.2749938964844 61.279380798339844 509.2749938964844 61.279380798339844 569.2951583862305 0.0 569.2951583862305
0.0 509.411865234375 61.458770751953125 509.411865234375 61.458770751953125 569.6077346801758 0.0 569.6077346801758
0.0 509.05975341796875 61.442420959472656 509.05975341796875 61.442420959472656 569.2396049499512 0.0 569.2396049499512
0.0036193847190588713 508.549072265625 62.05208129878156 508.549072265625 62.05208129878156 569.322509765625 0.0036193847190588713 569.322509765625
0.09020347893238068 509.16259765625 61.92100639641285 509.16259765625 61.92100639641285 569.7228507995605 0.09020347893238068 569.7228507995605
0.0 509.6661682128906 61.89933395385742 509.6661682128906 61.89933395385742 570.2935409545898 0.0 570.2935409545898
0.0 510.22735595703125 61.810447692871094 510.22735595703125 61.810447692871094 570.7676696777344 0.0 570.7676696777344
0.18080024421215057 509.4281311035156 61.55299262702465 509.4281311035156 61.55299262702465 569.539192199707 0.18080024421215057 569.539192199707
0.0 508.30230712890625 61.815765380859375 508.30230712890625 61.815765380859375 568.847827911377 0.0 568.847827911377
0.0 509.4913635253906 61.809288024902344 509.4913635253906 61.809288024902344 570.0305366516113 0.0 570.0305366516113
0.0 509.1234436035156 61.76036834716797 509.1234436035156 61.76036834716797 569.6147041320801 0.0 569.6147041320801
0.0 508.3541564941406 61.98064422607422 508.3541564941406 61.98064422607422 569.061164855957 0.0 569.061164855957
0.0 508.66943359375 61.91191482543945 508.66943359375 61.91191482543945 569.3091239929199 0.0 569.3091239929199
0.13514748215675354 509.3697204589844 62.15160408616066 509.3697204589844 62.15160408616066 570.1118087768555 0.13514748215675354 570.1118087768555
0.0 509.71282958984375 62.093833923339844 509.71282958984375 62.093833923339844 570.5307006835938 0.0 570.5307006835938
0.0 509.826171875 62.05516815185547 509.826171875 62.05516815185547 570.6061706542969 0.0 570.6061706542969
0.0 509.7948303222656 62.10826873779297 509.7948303222656 62.10826873779297 570.6268424987793 0.0 570.6268424987793
0.0 508.61553955078125 62.35150146484375 508.61553955078125 62.35150146484375 569.6857833862305 0.0 569.6857833862305
0.005312728695571423 509.06097412109375 62.19782905559987 509.06097412109375 62.19782905559987 569.9754943847656 0.005312728695571423 569.9754943847656
0.0 508.43896484375 62.563201904296875 508.43896484375 62.563201904296875 569.716552734375 0.0 569.716552734375
0.0 508.13714599609375 62.4389533996582 508.13714599609375 62.4389533996582 569.293041229248 0.0 569.293041229248
0.0 509.7920837402344 62.414405822753906 509.7920837402344 62.414405822753906 570.9239387512207 0.0 570.9239387512207
0.10058174282312393 509.1117248535156 62.900672532618046 509.1117248535156 62.900672532618046 570.621337890625 0.10058174282312393 570.621337890625
0.0 507.7548828125 62.6072998046875 507.7548828125 62.6072998046875 569.0756645202637 0.0 569.0756645202637
0.0 509.1077575683594 62.6666259765625 509.1077575683594 62.6666259765625 570.4866409301758 0.0 570.4866409301758
0.0 508.033447265625 62.887123107910156 508.033447265625 62.887123107910156 569.6282958984375 0.0 569.6282958984375
0.0 507.6289978027344 63.06171798706055 507.6289978027344 63.06171798706055 569.3948554992676 0.0 569.3948554992676
0.0 507.8064880371094 63.2431640625 507.8064880371094 63.2431640625 569.7500610351562 0.0 569.7500610351562
0.0 508.1494140625 62.751426696777344 508.1494140625 62.751426696777344 569.6113510131836 0.0 569.6113510131836
0.0 508.03204345703125 62.8968620300293 508.03204345703125 62.8968620300293 569.6364250183105 0.0 569.6364250183105
0.0 508.81292724609375 63.070343017578125 508.81292724609375 63.070343017578125 570.5872268676758 0.0 570.5872268676758
0.0 507.81121826171875 63.035560607910156 507.81121826171875 63.035560607910156 569.5514526367188 0.0 569.5514526367188
0.0 508.26031494140625 62.684974670410156 508.26031494140625 62.684974670410156 569.6571655273438 0.0 569.6571655273438
0.0 508.28619384765625 63.54784393310547 508.28619384765625 63.54784393310547 570.5281867980957 0.0 570.5281867980957
0.03823089599609375 508.0052795410156 63.974853515625 508.0052795410156 63.974853515625 570.6280632019043 0.03823089599609375 570.6280632019043
0.08975104987621307 509.3157653808594 63.313330456614494 509.3157653808594 63.313330456614494 571.2401542663574 0.08975104987621307 571.2401542663574
0.0 508.17437744140625 62.997474670410156 508.17437744140625 62.997474670410156 569.8773078918457 0.0 569.8773078918457
0.0 509.41046142578125 62.87348556518555 509.41046142578125 62.87348556518555 570.9919548034668 0.0 570.9919548034668
0.0 508.9248962402344 63.579345703125 508.9248962402344 63.579345703125 571.1977462768555 0.0 571.1977462768555
0.0 507.0138244628906 64.25333404541016 507.0138244628906 64.25333404541016 569.9468078613281 0.0 569.9468078613281
0.032421112060546875 507.78436279296875 65.10673904418945 507.78436279296875 65.10673904418945 571.5214614868164 0.032421112060546875 571.5214614868164
0.0 505.91143798828125 66.2625961303711 505.91143798828125 66.2625961303711 570.8123931884766 0.0 570.8123931884766
0.0 505.04119873046875 67.29747009277344 505.04119873046875 67.29747009277344 570.9557647705078 0.0 570.9557647705078
0.0 506.2998046875 67.06422424316406 506.2998046875 67.06422424316406 571.9859161376953 0.0 571.9859161376953
0.0 506.68890380859375 66.50170135498047 506.68890380859375 66.50170135498047 571.8240509033203 0.0 571.8240509033203
0.026761626824736595 506.37030029296875 65.97038803063333 506.37030029296875 65.97038803063333 570.9588394165039 0.026761626824736595 570.9588394165039
0.0 506.37432861328125 65.690673828125 506.37432861328125 65.690673828125 570.7151184082031 0.0 570.7151184082031
0.0 506.8758850097656 66.6178970336914 506.8758850097656 66.6178970336914 572.1248321533203 0.0 572.1248321533203
0.0 507.1722106933594 66.76011657714844 507.1722106933594 66.76011657714844 572.5604553222656 0.0 572.5604553222656
0.0 506.69854736328125 67.2448501586914 506.69854736328125 67.2448501586914 572.5615615844727 0.0 572.5615615844727
0.0 505.61248779296875 67.07069396972656 505.61248779296875 67.07069396972656 571.3049240112305 0.0 571.3049240112305
0.0 507.2642517089844 66.9067611694336 507.2642517089844 66.9067611694336 572.7961273193359 0.0 572.7961273193359
0.0 506.94921875 67.69000244140625 506.94921875 67.69000244140625 573.2482452392578 0.0 573.2482452392578
0.0674644485116005 506.89666748046875 67.31225357204676 506.89666748046875 67.31225357204676 572.7596282958984 0.0674644485116005 572.7596282958984
0.0 506.1097717285156 66.71426391601562 506.1097717285156 66.71426391601562 571.4531097412109 0.0 571.4531097412109
0.0 506.9520568847656 66.58338928222656 506.9520568847656 66.58338928222656 572.1672134399414 0.0 572.1672134399414
0.0 506.2484436035156 66.98539733886719 506.2484436035156 66.98539733886719 571.8573532104492 0.0 571.8573532104492
0.0 506.40869140625 67.12407684326172 506.40869140625 67.12407684326172 572.1534271240234 0.0 572.1534271240234
0.046550750732421875 506.3296813964844 67.4800910949707 506.3296813964844 67.4800910949707 572.3775177001953 0.046550750732421875 572.3775177001953
0.0 505.7119140625 67.4640121459961 505.7119140625 67.4640121459961 571.7895965576172 0.0 571.7895965576172
0.0 506.361328125 67.00700378417969 506.361328125 67.00700378417969 571.9914016723633 0.0 571.9914016723633
0.0 506.49249267578125 67.44468688964844 506.49249267578125 67.44468688964844 572.5512619018555 0.0 572.5512619018555
0.0 506.53466796875 67.9015121459961 506.53466796875 67.9015121459961 573.0408782958984 0.0 573.0408782958984
0.0 505.63739013671875 67.32827758789062 505.63739013671875 67.32827758789062 571.582145690918 0.0 571.582145690918
0.08211517333984375 506.45166015625 67.21277618408203 506.45166015625 67.21277618408203 572.2028579711914 0.08211517333984375 572.2028579711914
0.0 506.4434509277344 66.968017578125 506.4434509277344 66.968017578125 572.0353546142578 0.0 572.0353546142578
0.0 507.48614501953125 66.62244415283203 507.48614501953125 66.62244415283203 572.7395858764648 0.0 572.7395858764648
0.0 506.8971252441406 67.05769348144531 506.8971252441406 67.05769348144531 572.5768737792969 0.0 572.5768737792969
0.0 506.69732666015625 67.48918151855469 506.69732666015625 67.48918151855469 572.7996978759766 0.0 572.7996978759766
0.0 507.39544677734375 66.99907684326172 507.39544677734375 66.99907684326172 573.0177917480469 0.0 573.0177917480469
0.0 505.4208068847656 66.81723022460938 505.4208068847656 66.81723022460938 570.8650436401367 0.0 570.8650436401367
0.0 507.4990234375 66.52275085449219 507.4990234375 66.52275085449219 572.6548309326172 0.0 572.6548309326172
0.0 506.3600158691406 66.76483154296875 506.3600158691406 66.76483154296875 571.7529373168945 0.0 571.7529373168945
0.0 506.9209899902344 67.63177490234375 506.9209899902344 67.63177490234375 573.1630401611328 0.0 573.1630401611328
0.0 507.49981689453125 67.42512512207031 507.49981689453125 67.42512512207031 573.5394515991211 0.0 573.5394515991211
0.0 507.0189514160156 67.52995300292969 507.0189514160156 67.52995300292969 573.161262512207 0.0 573.161262512207
0.0 507.49224853515625 66.5068359375 507.49224853515625 66.5068359375 572.6324615478516 0.0 572.6324615478516
0.0 506.3168029785156 68.05342864990234 506.3168029785156 68.05342864990234 572.9718246459961 0.0 572.9718246459961
0.0 507.50189208984375 66.70042419433594 507.50189208984375 66.70042419433594 572.8317108154297 0.0 572.8317108154297
0.0 506.9375915527344 67.0658950805664 506.9375915527344 67.0658950805664 572.625373840332 0.0 572.625373840332
0.0 506.6754455566406 67.59272766113281 506.6754455566406 67.59272766113281 572.8792266845703 0.0 572.8792266845703
0.0 506.67108154296875 67.59420776367188 506.67108154296875 67.59420776367188 572.8763198852539 0.0 572.8763198852539
0.0 506.6751403808594 67.95652770996094 506.6751403808594 67.95652770996094 573.2352447509766 0.0 573.2352447509766
0.0 506.7264099121094 66.8508529663086 506.7264099121094 66.8508529663086 572.2035598754883 0.0 572.2035598754883
0.0 506.857177734375 67.42642974853516 506.857177734375 67.42642974853516 572.8980712890625 0.0 572.8980712890625
0.0 507.06768798828125 67.01848602294922 507.06768798828125 67.01848602294922 572.7090301513672 0.0 572.7090301513672
0.0 506.6841735839844 67.46189880371094 506.6841735839844 67.46189880371094 572.7598114013672 0.0 572.7598114013672
0.0 506.98101806640625 67.50102233886719 506.98101806640625 67.50102233886719 573.0949783325195 0.0 573.0949783325195
0.0 506.45611572265625 67.74034118652344 506.45611572265625 67.74034118652344 572.8044815063477 0.0 572.8044815063477
0.0 507.37939453125 67.01585388183594 507.37939453125 67.01585388183594 573.0181732177734 0.0 573.0181732177734
0.0 507.3492736816406 66.976318359375 507.3492736816406 66.976318359375 572.9493255615234 0.0 572.9493255615234
0.0 506.8592834472656 67.12944030761719 506.8592834472656 67.12944030761719 572.6093139648438 0.0 572.6093139648438
0.0 506.9977111816406 67.22208404541016 506.9977111816406 67.22208404541016 572.8384857177734 0.0 572.8384857177734
0.0 507.3355407714844 67.8765869140625 507.3355407714844 67.8765869140625 573.8173751831055 0.0 573.8173751831055
0.0 507.26544189453125 66.76240539550781 507.26544189453125 66.76240539550781 572.6559906005859 0.0 572.6559906005859
0.0 506.9376525878906 67.58602142333984 506.9376525878906 67.58602142333984 573.134895324707 0.0 573.134895324707
0.0 507.6897888183594 66.99189758300781 507.6897888183594 66.99189758300781 573.3051223754883 0.0 573.3051223754883
0.0 506.9058532714844 68.2730941772461 506.9058532714844 68.2730941772461 573.7760620117188 0.0 573.7760620117188
0.0 507.15289306640625 67.70154571533203 507.15289306640625 67.70154571533203 573.4632873535156 0.0 573.4632873535156
0.0 507.01904296875 67.41220092773438 507.01904296875 67.41220092773438 573.0460357666016 0.0 573.0460357666016
0.0 507.63140869140625 67.08247375488281 507.63140869140625 67.08247375488281 573.3354644775391 0.0 573.3354644775391
0.0 507.43292236328125 67.18644714355469 507.43292236328125 67.18644714355469 573.2388153076172 0.0 573.2388153076172
0.0 507.41400146484375 67.3760757446289 507.41400146484375 67.3760757446289 573.4056243896484 0.0 573.4056243896484
0.0 506.9638671875 67.551513671875 506.9638671875 67.551513671875 573.127326965332 0.0 573.127326965332
0.0 507.32781982421875 67.55799102783203 507.32781982421875 67.55799102783203 573.4976196289062 0.0 573.4976196289062
0.0 506.83709716796875 68.40464782714844 506.83709716796875 68.40464782714844 573.8361663818359 0.0 573.8361663818359
0.036293793469667435 506.51043701171875 69.39100723341107 506.51043701171875 69.39100723341107 574.4400482177734 0.036293793469667435 574.4400482177734
0.0 506.51019287109375 69.41299438476562 506.51019287109375 69.41299438476562 574.4968872070312 0.0 574.4968872070312
0.0 508.2959899902344 68.10340881347656 508.2959899902344 68.10340881347656 575.0000152587891 0.0 575.0000152587891
0.0 507.7203674316406 68.15589904785156 507.7203674316406 68.15589904785156 574.4757995605469 0.0 574.4757995605469
0.0 507.38848876953125 68.29728698730469 507.38848876953125 68.29728698730469 574.2824096679688 0.0 574.2824096679688
0.0 507.8179626464844 68.2242202758789 507.8179626464844 68.2242202758789 574.6403198242188 0.0 574.6403198242188
0.0 508.1729431152344 67.98759460449219 508.1729431152344 67.98759460449219 574.763542175293 0.0 574.763542175293
0.0 507.70611572265625 67.97587585449219 507.70611572265625 67.97587585449219 574.2852401733398 0.0 574.2852401733398
0.0 506.99859619140625 68.41162109375 506.99859619140625 68.41162109375 574.004508972168 0.0 574.004508972168
0.0 507.24072265625 68.90353393554688 507.24072265625 68.90353393554688 574.7284393310547 0.0 574.7284393310547
0.0 507.43115234375 68.40592193603516 507.43115234375 68.40592193603516 574.4314727783203 0.0 574.4314727783203
0.0 507.24981689453125 68.54158782958984 507.24981689453125 68.54158782958984 574.3830108642578 0.0 574.3830108642578
0.0 507.3292541503906 68.77442932128906 507.3292541503906 68.77442932128906 574.6904983520508 0.0 574.6904983520508
0.0 507.29339599609375 68.95904541015625 507.29339599609375 68.95904541015625 574.8354644775391 0.0 574.8354644775391
0.0 506.638916015625 69.21004486083984 506.638916015625 69.21004486083984 574.4268341064453 0.0 574.4268341064453
0.0 507.45465087890625 68.96241760253906 507.45465087890625 68.96241760253906 575.0000305175781 0.0 575.0000305175781
0.0 506.87225341796875 69.2065200805664 506.87225341796875 69.2065200805664 574.6567230224609 0.0 574.6567230224609
0.0 506.76446533203125 69.47940826416016 506.76446533203125 69.47940826416016 574.8162155151367 0.0 574.8162155151367
0.0 506.46435546875 69.80177307128906 506.46435546875 69.80177307128906 574.8318557739258 0.0 574.8318557739258
0.0 506.72021484375 69.71221923828125 506.72021484375 69.71221923828125 575.0000152587891 0.0 575.0000152587891
0.0 507.3216857910156 68.95753479003906 507.3216857910156 68.95753479003906 574.8623123168945 0.0 574.8623123168945
0.0 507.4710998535156 68.94551849365234 507.4710998535156 68.94551849365234 574.9999694824219 0.0 574.9999694824219
0.024298857897520065 507.0928649902344 68.81530685350299 507.0928649902344 68.81530685350299 574.4703979492188 0.024298857897520065 574.4703979492188
0.0 507.24603271484375 68.94745635986328 507.24603271484375 68.94745635986328 574.7767944335938 0.0 574.7767944335938
0.0 507.3716735839844 69.04705810546875 507.3716735839844 69.04705810546875 574.9999847412109 0.0 574.9999847412109
0.0 507.3988342285156 68.9774398803711 507.3988342285156 68.9774398803711 574.9589538574219 0.0 574.9589538574219
0.0 507.3182067871094 68.80915832519531 507.3182067871094 68.80915832519531 574.713508605957 0.0 574.713508605957
0.0 507.39898681640625 69.0191879272461 507.39898681640625 69.0191879272461 575.0 0.0 575.0
0.0 507.3224182128906 68.90076446533203 507.3224182128906 68.90076446533203 574.8074417114258 0.0 574.8074417114258
0.0 507.1224670410156 68.86589050292969 507.1224670410156 68.86589050292969 574.5733337402344 0.0 574.5733337402344
0.0 507.4024353027344 69.01570129394531 507.4024353027344 69.01570129394531 575.0000381469727 0.0 575.0000381469727
0.0 507.32904052734375 68.9306640625 507.32904052734375 68.9306640625 574.8433609008789 0.0 574.8433609008789
0.0 506.56451416015625 69.67086029052734 506.56451416015625 69.67086029052734 574.8038177490234 0.0 574.8038177490234
0.0 506.630859375 69.80342102050781 506.630859375 69.80342102050781 574.9999923706055 0.0 574.9999923706055
0.0 506.54864501953125 69.88739776611328 506.54864501953125 69.88739776611328 575.0000228881836 0.0 575.0000228881836
0.0 506.5690002441406 69.8666000366211 506.5690002441406 69.8666000366211 575.0000076293945 0.0 575.0000076293945
0.0 506.5576171875 69.87820434570312 506.5576171875 69.87820434570312 574.9999847412109 0.0 574.9999847412109
0.0 506.56756591796875 69.8680191040039 506.56756591796875 69.8680191040039 574.9999542236328 0.0 574.9999542236328
0.0 506.53009033203125 69.82012939453125 506.53009033203125 69.82012939453125 574.9155731201172 0.0 574.9155731201172
0.0 506.5738220214844 69.86164855957031 506.5738220214844 69.86164855957031 574.9999694824219 0.0 574.9999694824219
0.0 506.55712890625 69.87870788574219 506.55712890625 69.87870788574219 574.9999847412109 0.0 574.9999847412109
0.0 506.5906677246094 69.844482421875 506.5906677246094 69.844482421875 575.0 0.0 575.0
0.0 506.5869140625 69.84828186035156 506.5869140625 69.84828186035156 574.9999694824219 0.0 574.9999694824219
0.0 506.56707763671875 69.86856842041016 506.56707763671875 69.86856842041016 575.0 0.0 575.0
0.0 506.59100341796875 69.84415435791016 506.59100341796875 69.84415435791016 575.0000152587891 0.0 575.0000152587891
0.0 506.5492248535156 69.8868179321289 506.5492248535156 69.8868179321289 575.0000228881836 0.0 575.0000228881836
0.0 506.49755859375 69.93952941894531 506.49755859375 69.93952941894531 574.9999847412109 0.0 574.9999847412109
0.0 506.46484375 69.89559936523438 506.46484375 69.89559936523438 574.9242477416992 0.0 574.9242477416992
0.0 506.5596618652344 69.87613677978516 506.5596618652344 69.87613677978516 575.0000076293945 0.0 575.0000076293945
0.0 506.4862365722656 69.95109558105469 506.4862365722656 69.95109558105469 575.0 0.0 575.0
0.0 506.5771484375 69.85829162597656 506.5771484375 69.85829162597656 575.0000152587891 0.0 575.0000152587891
0.0 506.5391540527344 69.89704895019531 506.5391540527344 69.89704895019531 574.9999847412109 0.0 574.9999847412109
0.0 506.53668212890625 69.89962005615234 506.53668212890625 69.89962005615234 575.0000381469727 0.0 575.0000381469727
0.0 506.515869140625 69.92083740234375 506.515869140625 69.92083740234375 575.0000152587891 0.0 575.0000152587891
0.0 506.573486328125 69.86200714111328 506.573486328125 69.86200714111328 575.0000152587891 0.0 575.0000152587891
0.0 506.58380126953125 69.85147857666016 506.58380126953125 69.85147857666016 575.0000152587891 0.0 575.0000152587891
0.20842131972312927 506.3284606933594 70.32058867812157 506.3284606933594 70.32058867812157 575.0000076293945 0.20842131972312927 575.0000076293945
0.0 506.33642578125 70.10401916503906 506.33642578125 70.10401916503906 575.0 0.0 575.0
0.15162429213523865 506.3946228027344 70.1961952149868 506.3946228027344 70.1961952149868 574.9999694824219 0.15162429213523865 574.9999694824219
0.0 506.3304138183594 70.11015319824219 506.3304138183594 70.11015319824219 574.9999923706055 0.0 574.9999923706055
0.0 506.32879638671875 70.11180114746094 506.32879638671875 70.11180114746094 575.0 0.0 575.0
0.0 506.33367919921875 70.1068344116211 506.33367919921875 70.1068344116211 575.0000228881836 0.0 575.0000228881836
0.0 506.2914123535156 70.14991760253906 506.2914123535156 70.14991760253906 574.9999542236328 0.0 574.9999542236328
0.0 506.22637939453125 70.12696075439453 506.22637939453125 70.12696075439453 574.9124450683594 0.0 574.9124450683594
0.23552627861499786 506.38330078125 70.29166336357594 506.38330078125 70.29166336357594 575.0 0.23552627861499786 575.0
0.0 506.3101501464844 70.13081359863281 506.3101501464844 70.13081359863281 574.9999847412109 0.0 574.9999847412109
0.0 506.3445739746094 70.09566497802734 506.3445739746094 70.09566497802734 574.9999847412109 0.0 574.9999847412109
0.2870727479457855 506.25469970703125 70.47455748915672 506.25469970703125 70.47455748915672 575.0000457763672 0.2870727479457855 575.0000457763672
0.1893470734357834 506.27978515625 70.35117416083813 506.27978515625 70.35117416083813 575.0000076293945 0.1893470734357834 575.0000076293945
0.1393684446811676 506.1812438964844 70.34559860825539 506.1812438964844 70.34559860825539 574.9449615478516 0.1393684446811676 574.9449615478516
0.0 506.44964599609375 69.5735855102539 506.44964599609375 69.5735855102539 574.5937118530273 0.0 574.5937118530273
0.0 506.42431640625 69.80973815917969 506.42431640625 69.80973815917969 574.7996826171875 0.0 574.7996826171875
0.17937317490577698 506.33599853515625 69.99893799424171 506.33599853515625 69.99893799424171 574.7209854125977 0.17937317490577698 574.7209854125977
0.2964973449707031 506.7510681152344 69.97713851928711 506.7510681152344 69.97713851928711 574.9999847412109 0.2964973449707031 574.9999847412109
0.0 507.10986328125 69.02391052246094 507.10986328125 69.02391052246094 574.7155380249023 0.0 574.7155380249023
0.0 507.13043212890625 68.80062103271484 507.13043212890625 68.80062103271484 574.5174102783203 0.0 574.5174102783203
0.12934264540672302 506.35186767578125 69.99874266982079 506.35186767578125 69.99874266982079 574.7856750488281 0.12934264540672302 574.7856750488281
0.13824692368507385 506.74462890625 69.0832237303257 506.74462890625 69.0832237303257 574.2730026245117 0.13824692368507385 574.2730026245117
0.0 507.0821228027344 68.89202880859375 507.0821228027344 68.89202880859375 574.5586395263672 0.0 574.5586395263672
0.0 507.41448974609375 69.0032730102539 507.41448974609375 69.0032730102539 574.9999542236328 0.0 574.9999542236328
0.0 506.96527099609375 69.01949310302734 506.96527099609375 69.01949310302734 574.5666198730469 0.0 574.5666198730469
0.0 507.3440856933594 69.07518005371094 507.3440856933594 69.07518005371094 574.9999694824219 0.0 574.9999694824219
0.0 507.28082275390625 68.87757110595703 507.28082275390625 68.87757110595703 574.7431564331055 0.0 574.7431564331055
0.0 507.0762634277344 68.82447814941406 507.0762634277344 68.82447814941406 574.4865951538086 0.0 574.4865951538086
0.0 506.6908264160156 69.02481842041016 506.6908264160156 69.02481842041016 574.2973785400391 0.0 574.2973785400391
0.0 507.23272705078125 68.933349609375 507.23272705078125 68.933349609375 574.7496795654297 0.0 574.7496795654297
0.0 506.8433532714844 68.86318969726562 506.8433532714844 68.86318969726562 574.2915878295898 0.0 574.2915878295898
0.0 507.2181091308594 68.98526763916016 507.2181091308594 68.98526763916016 574.7859115600586 0.0 574.7859115600586
0.0 507.3480529785156 68.8258285522461 507.3480529785156 68.8258285522461 574.7596969604492 0.0 574.7596969604492
0.0 507.5083923339844 68.90746307373047 507.5083923339844 68.90746307373047 574.9999923706055 0.0 574.9999923706055
0.0 506.80975341796875 68.8447265625 506.80975341796875 68.8447265625 574.2399063110352 0.0 574.2399063110352
0.0 506.7281188964844 69.20787048339844 506.7281188964844 69.20787048339844 574.5139389038086 0.0 574.5139389038086
0.0 507.2892150878906 69.00187683105469 507.2892150878906 69.00187683105469 574.8732757568359 0.0 574.8732757568359
0.0 506.6021423339844 69.74479675292969 506.6021423339844 69.74479675292969 574.9138641357422 0.0 574.9138641357422
0.0 506.2835998535156 69.88710021972656 506.2835998535156 69.88710021972656 574.7347106933594 0.0 574.7347106933594
0.0 506.5323181152344 69.201904296875 506.5323181152344 69.201904296875 574.3123092651367 0.0 574.3123092651367
0.0 506.2850036621094 69.17022705078125 506.2850036621094 69.17022705078125 574.0339584350586 0.0 574.0339584350586
0.0 506.48126220703125 69.77855682373047 506.48126220703125 69.77855682373047 574.826042175293 0.0 574.826042175293
0.0 506.570556640625 69.7152328491211 506.570556640625 69.7152328491211 574.8533096313477 0.0 574.8533096313477
0.0 506.36651611328125 69.56413269042969 506.36651611328125 69.56413269042969 574.5012817382812 0.0 574.5012817382812
0.0 506.25494384765625 69.65088653564453 506.25494384765625 69.65088653564453 574.4746856689453 0.0 574.4746856689453
0.0 506.1617736816406 69.54261779785156 506.1617736816406 69.54261779785156 574.2754669189453 0.0 574.2754669189453
0.0 506.5752868652344 69.82647705078125 506.5752868652344 69.82647705078125 574.9670104980469 0.0 574.9670104980469
0.0 506.45733642578125 69.80754852294922 506.45733642578125 69.80754852294922 574.8305206298828 0.0 574.8305206298828
0.0 506.58544921875 69.84976959228516 506.58544921875 69.84976959228516 574.9999847412109 0.0 574.9999847412109
0.0 506.4252014160156 69.76644897460938 506.4252014160156 69.76644897460938 574.7581329345703 0.0 574.7581329345703
0.0 506.56622314453125 69.8694076538086 506.56622314453125 69.8694076538086 575.0 0.0 575.0
0.0 506.595458984375 69.8395767211914 506.595458984375 69.8395767211914 575.0000152587891 0.0 575.0000152587891
0.0 506.4473571777344 69.6965560913086 506.4473571777344 69.6965560913086 574.7118301391602 0.0 574.7118301391602
0.0 506.54083251953125 69.89533233642578 506.54083251953125 69.89533233642578 575.0 0.0 575.0
0.0 506.2255859375 69.4186019897461 506.2255859375 69.4186019897461 574.2178192138672 0.0 574.2178192138672
0.0 506.53875732421875 69.89745330810547 506.53875732421875 69.89745330810547 575.0000076293945 0.0 575.0000076293945
0.0 506.4427185058594 69.75827026367188 506.4427185058594 69.75827026367188 574.7676467895508 0.0 574.7676467895508
0.0 506.4313049316406 69.82572174072266 506.4313049316406 69.82572174072266 574.8222961425781 0.0 574.8222961425781
0.0 506.583740234375 69.85152435302734 506.583740234375 69.85152435302734 575.0000076293945 0.0 575.0000076293945
0.0 506.54437255859375 69.89170837402344 506.54437255859375 69.89170837402344 575.0 0.0 575.0
0.0290069580078125 506.48052978515625 69.98590850830078 506.48052978515625 69.98590850830078 575.0000152587891 0.0290069580078125 575.0000152587891
0.0 506.3046875 69.7253189086914 506.3046875 69.7253189086914 574.5973510742188 0.0 574.5973510742188
0.0 506.10400390625 70.34134674072266 506.10400390625 70.34134674072266 575.0000457763672 0.0 575.0000457763672
0.0 503.5067443847656 72.99302673339844 503.5067443847656 72.99302673339844 574.9999923706055 0.0 574.9999923706055
0.0 502.66455078125 73.8529052734375 502.66455078125 73.8529052734375 575.0000076293945 0.0 575.0000076293945
0.0 502.8670349121094 73.64616394042969 502.8670349121094 73.64616394042969 575.0 0.0 575.0
0.0 503.098388671875 73.4099349975586 503.098388671875 73.4099349975586 574.9999847412109 0.0 574.9999847412109
0.0 503.16534423828125 73.34159088134766 503.16534423828125 73.34159088134766 574.9999923706055 0.0 574.9999923706055
0.0 503.08245849609375 73.42620086669922 503.08245849609375 73.42620086669922 574.9999771118164 0.0 574.9999771118164
0.0 503.1370544433594 73.37046813964844 503.1370544433594 73.37046813964844 574.9999847412109 0.0 574.9999847412109
0.0 502.733642578125 73.78236389160156 502.733642578125 73.78236389160156 575.0000076293945 0.0 575.0000076293945
0.0 502.5870056152344 73.93205261230469 502.5870056152344 73.93205261230469 574.9999847412109 0.0 574.9999847412109
0.0 502.517333984375 74.00321197509766 502.517333984375 74.00321197509766 575.0000152587891 0.0 575.0000152587891
0.0 502.77325439453125 73.7419204711914 502.77325439453125 73.7419204711914 575.0000152587891 0.0 575.0000152587891
0.0 503.09783935546875 73.4104995727539 503.09783935546875 73.4104995727539 574.9999847412109 0.0 574.9999847412109
0.0 503.1441955566406 73.30233001708984 503.1441955566406 73.30233001708984 574.9403915405273 0.0 574.9403915405273
0.0 503.0908203125 73.41769409179688 503.0908203125 73.41769409179688 575.0000152587891 0.0 575.0000152587891
0.0 503.40167236328125 73.03962707519531 503.40167236328125 73.03962707519531 574.9405670166016 0.0 574.9405670166016
0.0 503.0977478027344 73.38858795166016 503.0977478027344 73.38858795166016 574.9784240722656 0.0 574.9784240722656
0.0 503.21563720703125 73.29027557373047 503.21563720703125 73.29027557373047 575.0000228881836 0.0 575.0000228881836
0.0 503.37823486328125 73.09930419921875 503.37823486328125 73.09930419921875 574.9755706787109 0.0 574.9755706787109
0.0 503.2538146972656 73.19941711425781 503.2538146972656 73.19941711425781 574.9492034912109 0.0 574.9492034912109
0.0 503.25665283203125 72.9917984008789 503.25665283203125 72.9917984008789 574.7486953735352 0.0 574.7486953735352
0.0 503.16278076171875 73.34419250488281 503.16278076171875 73.34419250488281 574.9999771118164 0.0 574.9999771118164
0.04957275465130806 503.47418212890625 72.9346282966435 503.47418212890625 72.9346282966435 574.8616790771484 0.04957275465130806 574.8616790771484
0.0 503.3828125 72.8584213256836 503.3828125 72.8584213256836 574.7442169189453 0.0 574.7442169189453
0.0 503.8199157714844 72.26180267333984 503.8199157714844 72.26180267333984 574.5969619750977 0.0 574.5969619750977
0.0 503.3040466308594 73.11393737792969 503.3040466308594 73.11393737792969 574.9157180786133 0.0 574.9157180786133
0.0 503.61492919921875 72.62107849121094 503.61492919921875 72.62107849121094 574.7438735961914 0.0 574.7438735961914
0.0 503.62091064453125 72.74998474121094 503.62091064453125 72.74998474121094 574.8761138916016 0.0 574.8761138916016
0.0 503.59503173828125 72.79508972167969 503.59503173828125 72.79508972167969 574.894416809082 0.0 574.894416809082
0.0 503.75439453125 72.37579345703125 503.75439453125 72.37579345703125 574.6430969238281 0.0 574.6430969238281
0.0 505.30322265625 71.00434875488281 505.30322265625 71.00434875488281 574.8486633300781 0.0 574.8486633300781
0.0 505.2413635253906 70.98789978027344 505.2413635253906 70.98789978027344 574.7706909179688 0.0 574.7706909179688
0.0 504.68304443359375 71.69163513183594 504.68304443359375 71.69163513183594 574.9016494750977 0.0 574.9016494750977
0.0 505.5751037597656 70.74345397949219 505.5751037597656 70.74345397949219 574.8650054931641 0.0 574.8650054931641
0.0 505.6394958496094 70.68562316894531 505.6394958496094 70.68562316894531 574.8727569580078 0.0 574.8727569580078
0.0 505.63330078125 70.7358627319336 505.63330078125 70.7358627319336 574.915771484375 0.0 574.915771484375
0.0 504.12255859375 72.23704528808594 504.12255859375 72.23704528808594 574.8753662109375 0.0 574.8753662109375
0.0 505.7281799316406 70.72502136230469 505.7281799316406 70.72502136230469 575.0000228881836 0.0 575.0000228881836
0.0 505.3812561035156 70.70645141601562 505.3812561035156 70.70645141601562 574.6349105834961 0.0 574.6349105834961
0.0 504.83697509765625 71.27510833740234 504.83697509765625 71.27510833740234 574.6476058959961 0.0 574.6476058959961
0.0 503.65106201171875 72.50393676757812 503.65106201171875 72.50393676757812 574.6652679443359 0.0 574.6652679443359
0.0 505.3050842285156 70.8331298828125 505.3050842285156 70.8331298828125 574.6828155517578 0.0 574.6828155517578
0.0 504.88446044921875 71.48661804199219 504.88446044921875 71.48661804199219 574.9022445678711 0.0 574.9022445678711
0.0 505.08624267578125 71.12870788574219 505.08624267578125 71.12870788574219 574.7534713745117 0.0 574.7534713745117
0.0 505.0516052246094 71.04074096679688 505.0516052246094 71.04074096679688 574.6326751708984 0.0 574.6326751708984
0.0 504.9415588378906 71.45002746582031 504.9415588378906 71.45002746582031 574.9235076904297 0.0 574.9235076904297
0.0 505.3663024902344 70.87194061279297 505.3663024902344 70.87194061279297 574.7820510864258 0.0 574.7820510864258
0.0 505.69061279296875 70.23499298095703 505.69061279296875 70.23499298095703 574.4825057983398 0.0 574.4825057983398
0.032663725316524506 505.55340576171875 70.25091018527746 505.55340576171875 70.25091018527746 574.3289031982422 0.032663725316524506 574.3289031982422
0.0 505.18017578125 70.86082458496094 505.18017578125 70.86082458496094 574.5850448608398 0.0 574.5850448608398
0.0 504.732421875 71.31361389160156 504.732421875 71.31361389160156 574.5807723999023 0.0 574.5807723999023
0.0 505.1924743652344 70.86725616455078 505.1924743652344 70.86725616455078 574.603645324707 0.0 574.603645324707
0.0 504.61578369140625 71.7841796875 504.61578369140625 71.7841796875 574.9250335693359 0.0 574.9250335693359
0.0 504.327880859375 71.88441467285156 504.327880859375 71.88441467285156 574.7353057861328 0.0 574.7353057861328
0.0 504.8988342285156 71.57176971435547 504.8988342285156 71.57176971435547 575.0000381469727 0.0 575.0000381469727
0.0 505.01568603515625 71.45243072509766 505.01568603515625 71.45243072509766 575.0 0.0 575.0
0.0 504.7881774902344 71.65589904785156 504.7881774902344 71.65589904785156 574.9717788696289 0.0 574.9717788696289
0.0 504.692626953125 71.5874252319336 504.692626953125 71.5874252319336 574.8091583251953 0.0 574.8091583251953
0.0 504.6136779785156 71.77650451660156 504.6136779785156 71.77650451660156 574.915397644043 0.0 574.915397644043
0.0 504.68804931640625 71.70426940917969 504.68804931640625 71.70426940917969 574.9190139770508 0.0 574.9190139770508
0.0 504.7899475097656 71.62178039550781 504.7899475097656 71.62178039550781 574.9401168823242 0.0 574.9401168823242
0.0 504.86944580078125 71.60173034667969 504.86944580078125 71.60173034667969 574.9999847412109 0.0 574.9999847412109
0.0 504.19610595703125 72.07459259033203 504.19610595703125 72.07459259033203 574.7897872924805 0.0 574.7897872924805
0.0 504.7959899902344 71.66294860839844 504.7959899902344 71.66294860839844 574.9864807128906 0.0 574.9864807128906
0.0 504.8877868652344 71.58299255371094 504.8877868652344 71.58299255371094 574.9999771118164 0.0 574.9999771118164
0.0 504.9291076660156 71.45391845703125 504.9291076660156 71.45391845703125 574.9148712158203 0.0 574.9148712158203
0.0 504.9087829589844 71.56157684326172 504.9087829589844 71.56157684326172 575.0 0.0 575.0
0.0 504.8451232910156 71.62657928466797 504.8451232910156 71.62657928466797 575.0000076293945 0.0 575.0000076293945
0.0 504.4937438964844 71.76206970214844 504.4937438964844 71.76206970214844 574.7813262939453 0.0 574.7813262939453
0.0 504.4056701660156 71.71864318847656 504.4056701660156 71.71864318847656 574.6507110595703 0.0 574.6507110595703
0.0 504.74554443359375 71.56817626953125 504.74554443359375 71.56817626953125 574.8432006835938 0.0 574.8432006835938
0.0 504.85284423828125 71.58348083496094 504.85284423828125 71.58348083496094 574.9654998779297 0.0 574.9654998779297
0.0 504.81866455078125 71.56007385253906 504.81866455078125 71.56007385253906 574.9084014892578 0.0 574.9084014892578
0.0 504.8014221191406 71.55689239501953 504.8014221191406 71.55689239501953 574.8880386352539 0.0 574.8880386352539
0.0 504.93841552734375 71.53132629394531 504.93841552734375 71.53132629394531 574.9999923706055 0.0 574.9999923706055
0.0 504.8907165527344 71.5800552368164 504.8907165527344 71.5800552368164 575.0000152587891 0.0 575.0000152587891
0.0 504.8763732910156 71.59471130371094 504.8763732910156 71.59471130371094 575.0000228881836 0.0 575.0000228881836
0.0 504.8641662597656 71.4979476928711 504.8641662597656 71.4979476928711 574.8930435180664 0.0 574.8930435180664
0.0 504.76507568359375 71.57302856445312 504.76507568359375 71.57302856445312 574.8674926757812 0.0 574.8674926757812
0.0 504.7130432128906 71.73216247558594 504.7130432128906 71.73216247558594 574.9713287353516 0.0 574.9713287353516
0.0 504.7107849121094 71.71678924560547 504.7107849121094 71.71678924560547 574.9540176391602 0.0 574.9540176391602
0.033054351806640625 504.86151123046875 71.53026962280273 504.86151123046875 71.53026962280273 574.8896865844727 0.033054351806640625 574.8896865844727
0.0 504.86083984375 71.61051177978516 504.86083984375 71.61051177978516 574.9999847412109 0.0 574.9999847412109
0.0 504.8709411621094 71.6002197265625 504.8709411621094 71.6002197265625 575.0 0.0 575.0
0.0 504.8433532714844 71.49164581298828 504.8433532714844 71.49164581298828 574.8660659790039 0.0 574.8660659790039
0.0 504.8296813964844 71.62584686279297 504.8296813964844 71.62584686279297 574.9838409423828 0.0 574.9838409423828
0.0 504.90185546875 71.47393798828125 504.90185546875 71.47393798828125 574.9072265625 0.0 574.9072265625
0.0 504.7792053222656 71.58614349365234 504.7792053222656 71.58614349365234 574.8944778442383 0.0 574.8944778442383
0.0020996094681322575 504.8077087402344 71.5803619385697 504.8077087402344 71.5803619385697 574.9152526855469 0.0020996094681322575 574.9152526855469
0.0 504.90625 71.56414031982422 504.90625 71.56414031982422 574.9999618530273 0.0 574.9999618530273
0.0 504.8570251464844 71.61439514160156 504.8570251464844 71.61439514160156 574.9999618530273 0.0 574.9999618530273
0.0 505.12420654296875 71.34161376953125 505.12420654296875 71.34161376953125 574.9999771118164 0.0 574.9999771118164
0.0 504.79998779296875 71.56912994384766 504.79998779296875 71.56912994384766 574.8985900878906 0.0 574.8985900878906
0.0 504.88507080078125 71.49725341796875 504.88507080078125 71.49725341796875 574.9132690429688 0.0 574.9132690429688
0.0 504.56573486328125 71.30131530761719 504.56573486328125 71.30131530761719 574.4020309448242 0.0 574.4020309448242
0.0 504.75408935546875 71.57503509521484 504.75408935546875 71.57503509521484 574.8584899902344 0.0 574.8584899902344
0.0 505.18408203125 71.280517578125 505.18408203125 71.280517578125 575.0000152587891 0.0 575.0000152587891
0.0 504.83905029296875 71.63278198242188 504.83905029296875 71.63278198242188 575.0000076293945 0.0 575.0000076293945
0.0 505.13916015625 71.32635498046875 505.13916015625 71.32635498046875 574.9999847412109 0.0 574.9999847412109
0.0 505.27587890625 71.1867904663086 505.27587890625 71.1867904663086 575.0000152587891 0.0 575.0000152587891
0.0 505.21807861328125 71.24581146240234 505.21807861328125 71.24581146240234 575.0000228881836 0.0 575.0000228881836
0.0 505.3255920410156 71.13603210449219 505.3255920410156 71.13603210449219 575.0000152587891 0.0 575.0000152587891
0.0 504.71875 71.37684631347656 504.71875 71.37684631347656 574.629035949707 0.0 574.629035949707
0.0068496703170239925 504.70587158203125 71.3327239989303 504.70587158203125 71.3327239989303 574.5662307739258 0.0068496703170239925 574.5662307739258
0.2490547150373459 504.70794677734375 71.46507339179516 504.70794677734375 71.46507339179516 574.4607086181641 0.2490547150373459 574.4607086181641
0.0 504.8753967285156 71.59567260742188 504.8753967285156 71.59567260742188 575.0000076293945 0.0 575.0000076293945
0.0 505.3634338378906 71.09738159179688 505.3634338378906 71.09738159179688 574.9999847412109 0.0 574.9999847412109
0.0 504.713134765625 71.50826263427734 504.713134765625 71.50826263427734 574.7521286010742 0.0 574.7521286010742
0.0 504.8832092285156 71.58772277832031 504.8832092285156 71.58772277832031 575.0000305175781 0.0 575.0000305175781
0.0 505.0584411621094 71.1260986328125 505.0584411621094 71.1260986328125 574.7231292724609 0.0 574.7231292724609
0.007807922549545765 505.171630859375 71.30100555438548 505.171630859375 71.30100555438548 574.9999923706055 0.007807922549545765 574.9999923706055
0.0 504.89324951171875 71.57744598388672 504.89324951171875 71.57744598388672 575.0000152587891 0.0 575.0000152587891
0.0 506.97589111328125 69.45112609863281 506.97589111328125 69.45112609863281 575.0000152587891 0.0 575.0000152587891
0.0 505.90838623046875 70.24517822265625 505.90838623046875 70.24517822265625 574.7102432250977 0.0 574.7102432250977
0.0 505.5392150878906 70.41776275634766 505.5392150878906 70.41776275634766 574.5101165771484 0.0 574.5101165771484
0.09220504760742188 506.38525390625 70.14632797241211 506.38525390625 70.14632797241211 574.9999923706055 0.09220504760742188 574.9999923706055
0.0 505.20233154296875 71.26185607910156 505.20233154296875 71.26185607910156 574.9999847412109 0.0 574.9999847412109
0.0 505.26904296875 71.19376373291016 505.26904296875 71.19376373291016 575.0000076293945 0.0 575.0000076293945
0.0 505.94940185546875 70.288330078125 505.94940185546875 70.288330078125 574.7935409545898 0.0 574.7935409545898
0.0 505.326416015625 71.13516998291016 505.326416015625 71.13516998291016 574.9999923706055 0.0 574.9999923706055
0.0 504.83026123046875 71.5923080444336 504.83026123046875 71.5923080444336 574.9515762329102 0.0 574.9515762329102
0.0 506.5509338378906 69.885009765625 506.5509338378906 69.885009765625 575.0000305175781 0.0 575.0000305175781
0.0 505.67596435546875 70.55843353271484 505.67596435546875 70.55843353271484 574.7846450805664 0.0 574.7846450805664
0.0 506.27239990234375 70.16935729980469 506.27239990234375 70.16935729980469 575.0000076293945 0.0 575.0000076293945
0.0 505.9354553222656 70.28594207763672 505.9354553222656 70.28594207763672 574.7772521972656 0.0 574.7772521972656
0.16230544447898865 506.4308166503906 70.16991958022118 506.4308166503906 70.16991958022118 575.0000152587891 0.16230544447898865 575.0000152587891
0.0 505.92828369140625 70.31851959228516 505.92828369140625 70.31851959228516 574.8019866943359 0.0 574.8019866943359
0.0 506.32940673828125 70.11115264892578 506.32940673828125 70.11115264892578 575.0000076293945 0.0 575.0000076293945
0.0 506.46240234375 69.9753646850586 506.46240234375 69.9753646850586 575.0000152587891 0.0 575.0000152587891
0.13382568955421448 506.2923889160156 70.28276672959328 506.2923889160156 70.28276672959328 575.0000076293945 0.13382568955421448 575.0000076293945
0.0 506.28106689453125 70.16049194335938 506.28106689453125 70.16049194335938 575.0 0.0 575.0
0.16136550903320312 506.2847595214844 70.07761001586914 506.2847595214844 70.07761001586914 574.7644653320312 0.16136550903320312 574.7644653320312
0.0 506.1336364746094 70.06117248535156 506.1336364746094 70.06117248535156 574.7552871704102 0.0 574.7552871704102
0.0 506.30926513671875 70.13172149658203 506.30926513671875 70.13172149658203 575.0000152587891 0.0 575.0000152587891
0.0 506.3128967285156 70.12799072265625 506.3128967285156 70.12799072265625 574.9999923706055 0.0 574.9999923706055
0.1403762847185135 506.2613220214844 70.0466720610857 506.2613220214844 70.0466720610857 574.7312774658203 0.1403762847185135 574.7312774658203
0.03481292724609375 505.9397888183594 69.90592956542969 505.9397888183594 69.90592956542969 574.3752975463867 0.03481292724609375 574.3752975463867
0.0 506.60968017578125 69.6131820678711 506.60968017578125 69.6131820678711 574.7925567626953 0.0 574.7925567626953
0.0 506.5624084472656 69.60220336914062 506.5624084472656 69.60220336914062 574.7345352172852 0.0 574.7345352172852
0.0 506.962890625 69.46437072753906 506.962890625 69.46437072753906 575.0000152587891 0.0 575.0000152587891
0.1531112641096115 506.8858337402344 69.68912963569164 506.8858337402344 69.68912963569164 574.9931182861328 0.1531112641096115 574.9931182861328
0.0 507.0557556152344 69.36955261230469 507.0557556152344 69.36955261230469 574.9999923706055 0.0 574.9999923706055
0.0 506.97686767578125 69.45005798339844 506.97686767578125 69.45005798339844 574.9999542236328 0.0 574.9999542236328
0.051900483667850494 506.9813537597656 69.49743423610926 506.9813537597656 69.49743423610926 575.0000152587891 0.051900483667850494 575.0000152587891
0.11847762763500214 506.5833435058594 69.77068404853344 506.5833435058594 69.77068404853344 574.8044357299805 0.11847762763500214 574.8044357299805
0.0 506.99285888671875 69.43380737304688 506.99285888671875 69.43380737304688 575.0000381469727 0.0 575.0000381469727
0.10734786838293076 506.21759033203125 69.81348647922277 506.21759033203125 69.81348647922277 574.4915161132812 0.10734786838293076 574.4915161132812
0.0 506.3824157714844 69.63810729980469 506.3824157714844 69.63810729980469 574.5897064208984 0.0 574.5897064208984
0.0 506.94818115234375 69.47938537597656 506.94818115234375 69.47938537597656 575.0000152587891 0.0 575.0000152587891
0.0 506.85589599609375 69.57357025146484 506.85589599609375 69.57357025146484 574.9999771118164 0.0 574.9999771118164
0.031217193230986595 506.47662353515625 69.99205551110208 506.47662353515625 69.99205551110208 575.0000152587891 0.031217193230986595 575.0000152587891
0.0 506.5747985839844 69.860595703125 506.5747985839844 69.860595703125 575.0000152587891 0.0 575.0000152587891
0.0 506.98699951171875 69.43973541259766 506.98699951171875 69.43973541259766 575.0 0.0 575.0
0.0 506.91778564453125 69.51042175292969 506.91778564453125 69.51042175292969 575.0000152587891 0.0 575.0000152587891
0.0 506.55291748046875 69.55830383300781 506.55291748046875 69.55830383300781 574.6820449829102 0.0 574.6820449829102
0.0 505.89471435546875 69.7065658569336 505.89471435546875 69.7065658569336 574.169059753418 0.0 574.169059753418
0.0 506.3759765625 69.4774169921875 506.3759765625 69.4774169921875 574.4258880615234 0.0 574.4258880615234
0.0 506.5869140625 69.60237121582031 506.5869140625 69.60237121582031 574.7592239379883 0.0 574.7592239379883
0.0 506.7369689941406 69.44029235839844 506.7369689941406 69.44029235839844 574.7505340576172 0.0 574.7505340576172
0.0 506.70941162109375 69.40750885009766 506.70941162109375 69.40750885009766 574.6908645629883 0.0 574.6908645629883
0.0 506.60430908203125 69.41117858886719 506.60430908203125 69.41117858886719 574.58935546875 0.0 574.58935546875
0.1866050660610199 506.62664794921875 69.66209182143211 506.62664794921875 69.66209182143211 574.6746826171875 0.1866050660610199 574.6746826171875
0.0 506.5596618652344 69.4970703125 506.5596618652344 69.4970703125 574.6288375854492 0.0 574.6288375854492
0.07918930053710938 506.9071350097656 69.60044479370117 506.9071350097656 69.60044479370117 575.0 0.07918930053710938 575.0
0.0 506.60577392578125 69.8289794921875 506.60577392578125 69.8289794921875 575.0000305175781 0.0 575.0000305175781
0.050054170191287994 506.5614318847656 69.9242759719491 506.5614318847656 69.9242759719491 575.0 0.050054170191287994 575.0
0.0 506.2830505371094 69.4854507446289 506.2830505371094 69.4854507446289 574.3408355712891 0.0 574.3408355712891
0.0 506.00457763671875 69.76324462890625 506.00457763671875 69.76324462890625 574.3344497680664 0.0 574.3344497680664
0.0 506.5231018066406 69.9133529663086 506.5231018066406 69.9133529663086 575.0000076293945 0.0 575.0000076293945
0.0 506.60040283203125 69.5601577758789 506.60040283203125 69.5601577758789 574.7313690185547 0.0 574.7313690185547
0.0 506.57098388671875 69.61402130126953 506.57098388671875 69.61402130126953 574.7547073364258 0.0 574.7547073364258
0.0 506.288818359375 69.54646301269531 506.288818359375 69.54646301269531 574.406364440918 0.0 574.406364440918
0.0 506.24114990234375 69.7834243774414 506.24114990234375 69.7834243774414 574.5907821655273 0.0 574.5907821655273
0.07763824611902237 506.67095947265625 69.50358734279871 506.67095947265625 69.50358734279871 574.6704635620117 0.07763824611902237 574.6704635620117
0.0 506.6642150878906 69.55609130859375 506.6642150878906 69.55609130859375 574.7911834716797 0.0 574.7911834716797
0.0 506.54339599609375 69.89262390136719 506.54339599609375 69.89262390136719 574.9999771118164 0.0 574.9999771118164
0.0 505.779541015625 69.57393646240234 505.779541015625 69.57393646240234 573.9239883422852 0.0 573.9239883422852
0.0 506.0419006347656 69.7816390991211 506.0419006347656 69.7816390991211 574.3897857666016 0.0 574.3897857666016
0.0 506.5220642089844 69.77748107910156 506.5220642089844 69.77748107910156 574.8658599853516 0.0 574.8658599853516
0.0 506.5614318847656 69.87428283691406 506.5614318847656 69.87428283691406 575.0000381469727 0.0 575.0000381469727
0.0 505.8970642089844 69.79951477050781 505.8970642089844 69.79951477050781 574.2624359130859 0.0 574.2624359130859
0.0 506.60302734375 69.831787109375 506.60302734375 69.831787109375 575.0000076293945 0.0 575.0000076293945
0.0 506.1341247558594 69.61670684814453 506.1341247558594 69.61670684814453 574.320442199707 0.0 574.320442199707
0.0 506.56298828125 69.87264251708984 506.56298828125 69.87264251708984 574.9999847412109 0.0 574.9999847412109
0.0 506.0209045410156 69.8597183227539 506.0209045410156 69.8597183227539 574.4452362060547 0.0 574.4452362060547
0.0 506.43438720703125 69.85813903808594 506.43438720703125 69.85813903808594 574.857177734375 0.0 574.857177734375
0.0 506.3304748535156 69.83699035644531 506.3304748535156 69.83699035644531 574.732551574707 0.0 574.732551574707
0.02496490441262722 506.5865173339844 69.87358245812356 506.5865173339844 69.87358245812356 574.9999847412109 0.02496490441262722 574.9999847412109
0.06109771877527237 506.6625061035156 69.40499267727137 506.6625061035156 69.40499267727137 574.5816192626953 0.06109771877527237 574.5816192626953
0.0 506.162109375 69.65135955810547 506.162109375 69.65135955810547 574.3823699951172 0.0 574.3823699951172
0.1097412109375 506.3169860839844 69.64424133300781 506.3169860839844 69.64424133300781 574.4227828979492 0.1097412109375 574.4227828979492
0.0 506.1380920410156 69.88533782958984 506.1380920410156 69.88533782958984 574.5875244140625 0.0 574.5875244140625
0.0 505.52069091796875 69.49638366699219 505.52069091796875 69.49638366699219 573.5891571044922 0.0 573.5891571044922
0.0 506.332275390625 69.83467102050781 506.332275390625 69.83467102050781 574.7320861816406 0.0 574.7320861816406
0.0 505.7188415527344 69.3586196899414 505.7188415527344 69.3586196899414 573.6523895263672 0.0 573.6523895263672
0.040863800793886185 507.166259765625 68.87265091016889 507.166259765625 68.87265091016889 574.5838012695312 0.040863800793886185 574.5838012695312
0.10152740776538849 507.773193359375 68.7385665923357 507.773193359375 68.7385665923357 574.9999847412109 0.10152740776538849 574.9999847412109
0.0 507.85382080078125 68.55473327636719 507.85382080078125 68.55473327636719 574.9999923706055 0.0 574.9999923706055
0.0 506.495361328125 69.9416732788086 506.495361328125 69.9416732788086 574.9999847412109 0.0 574.9999847412109
0.0 506.8753356933594 69.03629302978516 506.8753356933594 69.03629302978516 574.4931869506836 0.0 574.4931869506836
0.0 507.38922119140625 68.79241943359375 507.38922119140625 68.79241943359375 574.7682037353516 0.0 574.7682037353516
0.07026977837085724 508.00128173828125 68.47446747124195 508.00128173828125 68.47446747124195 575.0000152587891 0.07026977837085724 575.0000152587891
0.0 507.8653259277344 68.54296875 507.8653259277344 68.54296875 574.9999771118164 0.0 574.9999771118164
0.0 507.80999755859375 68.5994644165039 507.80999755859375 68.5994644165039 574.9999771118164 0.0 574.9999771118164
0.0 507.79083251953125 68.61909484863281 507.79083251953125 68.61909484863281 575.0000457763672 0.0 575.0000457763672
0.0 507.9060974121094 68.5013427734375 507.9060974121094 68.5013427734375 574.9999847412109 0.0 574.9999847412109
0.0 507.876220703125 68.53184509277344 507.876220703125 68.53184509277344 575.0 0.0 575.0
0.0 507.90460205078125 68.50285339355469 507.90460205078125 68.50285339355469 574.9999847412109 0.0 574.9999847412109
0.0 507.89862060546875 68.50895690917969 507.89862060546875 68.50895690917969 574.9999847412109 0.0 574.9999847412109
0.0 507.79412841796875 68.61567687988281 507.79412841796875 68.61567687988281 575.0000228881836 0.0 575.0000228881836
0.0 507.75567626953125 68.65492248535156 507.75567626953125 68.65492248535156 575.0 0.0 575.0
0.10852356255054474 507.86138916015625 68.65550537407398 507.86138916015625 68.65550537407398 574.9999847412109 0.10852356255054474 574.9999847412109
0.0 507.313720703125 68.62422180175781 507.313720703125 68.62422180175781 574.5279693603516 0.0 574.5279693603516
0.0 507.7837829589844 68.6262435913086 507.7837829589844 68.6262435913086 575.0000152587891 0.0 575.0000152587891
0.0 507.8038635253906 68.60572814941406 507.8038635253906 68.60572814941406 575.0000076293945 0.0 575.0000076293945
0.0 507.88751220703125 68.52035522460938 507.88751220703125 68.52035522460938 575.0000381469727 0.0 575.0000381469727
0.0 507.8265686035156 68.58256530761719 507.8265686035156 68.58256530761719 575.0000152587891 0.0 575.0000152587891
0.0 507.68017578125 68.73200225830078 507.68017578125 68.73200225830078 574.9999847412109 0.0 574.9999847412109
0.0 507.84393310546875 68.56480407714844 507.84393310546875 68.56480407714844 574.9999771118164 0.0 574.9999771118164
0.0 507.97491455078125 68.43112182617188 507.97491455078125 68.43112182617188 575.0000228881836 0.0 575.0000228881836
0.0 507.950439453125 68.45610046386719 507.950439453125 68.45610046386719 575.0000076293945 0.0 575.0000076293945
0.0 508.00146484375 68.4040298461914 508.00146484375 68.4040298461914 575.0000228881836 0.0 575.0000228881836
0.0 507.91339111328125 68.49395751953125 507.91339111328125 68.49395751953125 575.0000228881836 0.0 575.0000228881836
0.0 507.98065185546875 68.42522430419922 507.98065185546875 68.42522430419922 574.9999542236328 0.0 574.9999542236328
0.0 507.7176208496094 68.69383239746094 507.7176208496094 68.69383239746094 575.0000076293945 0.0 575.0000076293945
0.0 507.94793701171875 68.45867919921875 507.94793701171875 68.45867919921875 575.0 0.0 575.0
0.0 507.87823486328125 68.52983093261719 507.87823486328125 68.52983093261719 574.9999923706055 0.0 574.9999923706055
0.0 507.80242919921875 68.60719299316406 507.80242919921875 68.60719299316406 574.9999542236328 0.0 574.9999542236328
0.0 507.9374084472656 68.46946716308594 507.9374084472656 68.46946716308594 575.0000305175781 0.0 575.0000305175781
0.03244628757238388 507.8443908691406 68.50570525974035 507.8443908691406 68.50570525974035 574.9107284545898 0.03244628757238388 574.9107284545898
0.11887665092945099 507.8169860839844 68.71123810112476 507.8169860839844 68.71123810112476 574.9999847412109 0.11887665092945099 574.9999847412109
0.0 507.73126220703125 68.67991638183594 507.73126220703125 68.67991638183594 575.0000152587891 0.0 575.0000152587891
0.0 507.23260498046875 68.6664047241211 507.23260498046875 68.6664047241211 574.4881362915039 0.0 574.4881362915039
0.0 507.4188537597656 68.5401382446289 507.4188537597656 68.5401382446289 574.5507049560547 0.0 574.5507049560547
0.0 507.777587890625 68.632568359375 507.777587890625 68.632568359375 574.9999771118164 0.0 574.9999771118164
0.0 507.72625732421875 68.6849594116211 507.72625732421875 68.6849594116211 574.9999618530273 0.0 574.9999618530273
0.0 507.8201599121094 68.589111328125 507.8201599121094 68.589111328125 574.9999847412109 0.0 574.9999847412109
0.06058197095990181 507.46148681640625 68.57990722730756 507.46148681640625 68.57990722730756 574.5729522705078 0.06058197095990181 574.5729522705078
0.0 507.90008544921875 68.50755310058594 507.90008544921875 68.50755310058594 575.0000152587891 0.0 575.0000152587891
0.0 507.85479736328125 68.55381774902344 507.85479736328125 68.55381774902344 575.0000381469727 0.0 575.0000381469727
0.10985030978918076 507.85809326171875 68.66028060764074 507.85809326171875 68.66028060764074 575.0000152587891 0.10985030978918076 575.0000152587891
0.0 507.4315490722656 68.60563659667969 507.4315490722656 68.60563659667969 574.6275482177734 0.0 574.6275482177734
0.0 507.8285217285156 68.58062744140625 507.8285217285156 68.58062744140625 575.0000152587891 0.0 575.0000152587891
0.0 507.25262451171875 68.69320678710938 507.25262451171875 68.69320678710938 574.5343933105469 0.0 574.5343933105469
0.0 507.8807678222656 68.52728271484375 507.8807678222656 68.52728271484375 575.0000152587891 0.0 575.0000152587891
0.0 507.8224182128906 68.58686828613281 507.8224182128906 68.58686828613281 575.0000305175781 0.0 575.0000305175781
0.0 507.9419860839844 68.46473693847656 507.9419860839844 68.46473693847656 574.9999771118164 0.0 574.9999771118164
0.0 508.19476318359375 68.2066879272461 508.19476318359375 68.2066879272461 575.0000152587891 0.0 575.0000152587891
0.0 508.331787109375 68.06675720214844 508.331787109375 68.06675720214844 574.9999847412109 0.0 574.9999847412109
0.0 508.2447814941406 68.1556167602539 508.2447814941406 68.1556167602539 575.0000076293945 0.0 575.0000076293945
0.0 506.9192810058594 68.49443054199219 506.9192810058594 68.49443054199219 574.0063629150391 0.0 574.0063629150391
0.0 507.70672607421875 68.27983856201172 507.70672607421875 68.27983856201172 574.5836334228516 0.0 574.5836334228516
0.0 508.21417236328125 68.1868667602539 508.21417236328125 68.1868667602539 575.0000152587891 0.0 575.0000152587891
0.0 508.3370056152344 68.0614242553711 508.3370056152344 68.0614242553711 574.9999847412109 0.0 574.9999847412109
0.0 507.66156005859375 68.24134826660156 507.66156005859375 68.24134826660156 574.5007629394531 0.0 574.5007629394531
0.0 505.3731994628906 67.96671295166016 505.3731994628906 67.96671295166016 571.9434051513672 0.0 571.9434051513672
0.0 507.2115173339844 67.93773651123047 507.2115173339844 67.93773651123047 573.7533416748047 0.0 573.7533416748047
0.0 507.6871032714844 68.21620178222656 507.6871032714844 68.21620178222656 574.5016632080078 0.0 574.5016632080078
0.0 506.9112854003906 67.87030792236328 506.9112854003906 67.87030792236328 573.3870544433594 0.0 573.3870544433594
0.0 507.68463134765625 67.69044494628906 507.68463134765625 67.69044494628906 573.9842376708984 0.0 573.9842376708984
0.0 507.62078857421875 68.28848266601562 507.62078857421875 68.28848266601562 574.5061492919922 0.0 574.5061492919922
0.0924171432852745 508.1083984375 67.92636337131262 508.1083984375 67.92636337131262 574.5485687255859 0.0924171432852745 574.5485687255859
0.0 508.82574462890625 67.56248474121094 508.82574462890625 67.56248474121094 575.0000381469727 0.0 575.0000381469727
0.0 508.76544189453125 67.62400817871094 508.76544189453125 67.62400817871094 575.0 0.0 575.0
0.0 508.6871643066406 67.7039566040039 508.6871643066406 67.7039566040039 575.0000152587891 0.0 575.0000152587891
0.0 508.76531982421875 67.6241455078125 508.76531982421875 67.6241455078125 575.0 0.0 575.0
0.07885818183422089 508.8018493652344 67.66572646796703 508.8018493652344 67.66572646796703 575.0000152587891 0.07885818183422089 575.0000152587891
0.0 508.2530212402344 68.14723205566406 508.2530212402344 68.14723205566406 575.0000457763672 0.0 575.0000457763672
0.0 508.64569091796875 67.74626159667969 508.64569091796875 67.74626159667969 574.9999847412109 0.0 574.9999847412109
0.05901489406824112 508.1571350097656 67.5414749160409 508.1571350097656 67.5414749160409 574.2530364990234 0.05901489406824112 574.2530364990234
0.0 508.7217712402344 67.66862487792969 508.7217712402344 67.66862487792969 575.0000152587891 0.0 575.0000152587891
0.0 508.59771728515625 67.67615509033203 508.59771728515625 67.67615509033203 574.8833312988281 0.0 574.8833312988281
0.0 508.66925048828125 67.54386901855469 508.66925048828125 67.54386901855469 574.8252944946289 0.0 574.8252944946289
0.0 508.71722412109375 67.48541259765625 508.71722412109375 67.48541259765625 574.8160095214844 0.0 574.8160095214844
0.0 507.3495178222656 68.04060363769531 507.3495178222656 68.04060363769531 573.9920883178711 0.0 573.9920883178711
0.0 507.6259765625 68.10453796386719 507.6259765625 68.10453796386719 574.3311614990234 0.0 574.3311614990234
0.02897338941693306 506.8221740722656 68.03790741041303 506.8221740722656 68.03790741041303 573.433723449707 0.02897338941693306 573.433723449707
0.0 508.4339294433594 67.84842681884766 508.4339294433594 67.84842681884766 574.8882675170898 0.0 574.8882675170898
0.0 506.4195251464844 67.70664978027344 506.4195251464844 67.70664978027344 572.734992980957 0.0 572.734992980957
0.0 507.017822265625 67.97343444824219 507.017822265625 67.97343444824219 573.5945892333984 0.0 573.5945892333984
0.0 508.75164794921875 67.63810729980469 508.75164794921875 67.63810729980469 574.9999771118164 0.0 574.9999771118164
0.0 507.22021484375 67.57303619384766 507.22021484375 67.57303619384766 573.4048080444336 0.0 573.4048080444336
0.0 505.730224609375 67.51631164550781 505.730224609375 67.51631164550781 571.859260559082 0.0 571.859260559082
0.0 506.5687561035156 67.49649810791016 506.5687561035156 67.49649810791016 572.6783905029297 0.0 572.6783905029297
0.0 507.6268005371094 67.96574401855469 507.6268005371094 67.96574401855469 574.1960372924805 0.0 574.1960372924805
0.0 507.845703125 67.94145202636719 507.845703125 67.94145202636719 574.3911514282227 0.0 574.3911514282227
0.0 506.1648864746094 67.62522888183594 506.1648864746094 67.62522888183594 572.4006118774414 0.0 572.4006118774414
0.0 508.0122985839844 67.29902648925781 508.0122985839844 67.29902648925781 573.9285202026367 0.0 573.9285202026367
0.0 507.80865478515625 67.49653625488281 507.80865478515625 67.49653625488281 573.918327331543 0.0 573.918327331543
0.0 504.7875061035156 67.75823974609375 504.7875061035156 67.75823974609375 571.1535110473633 0.0 571.1535110473633
0.0 505.763916015625 67.79148864746094 505.763916015625 67.79148864746094 572.1624908447266 0.0 572.1624908447266
0.0 507.045654296875 67.94068908691406 507.045654296875 67.94068908691406 573.5903701782227 0.0 573.5903701782227
0.0 506.2317810058594 67.80313873291016 506.2317810058594 67.80313873291016 572.6417694091797 0.0 572.6417694091797
0.0 506.6151428222656 67.4988021850586 506.6151428222656 67.4988021850586 572.72705078125 0.0 572.72705078125
0.0 505.1315002441406 67.53873443603516 505.1315002441406 67.53873443603516 571.2825164794922 0.0 571.2825164794922
0.0 505.40460205078125 67.37849426269531 505.40460205078125 67.37849426269531 571.3986663818359 0.0 571.3986663818359
0.0 505.46075439453125 67.41383361816406 505.46075439453125 67.41383361816406 571.4894256591797 0.0 571.4894256591797
0.0 507.0006408691406 67.500244140625 507.0006408691406 67.500244140625 573.1139450073242 0.0 573.1139450073242
0.0 505.66888427734375 67.59532165527344 505.66888427734375 67.59532165527344 571.8753128051758 0.0 571.8753128051758
0.0 506.5777282714844 67.81583404541016 506.5777282714844 67.81583404541016 573.0001373291016 0.0 573.0001373291016
0.0 505.5650939941406 67.60258483886719 505.5650939941406 67.60258483886719 571.7786407470703 0.0 571.7786407470703
0.0 506.9497985839844 67.86381530761719 506.9497985839844 67.86381530761719 573.4192047119141 0.0 573.4192047119141
0.0 507.14569091796875 67.52046203613281 507.14569091796875 67.52046203613281 573.2788009643555 0.0 573.2788009643555
0.0 506.7572326660156 67.5302734375 506.7572326660156 67.5302734375 572.8999557495117 0.0 572.8999557495117
0.0 506.43359375 67.41133117675781 506.43359375 67.41133117675781 572.4598159790039 0.0 572.4598159790039
0.0 507.3135681152344 67.21614074707031 507.3135681152344 67.21614074707031 573.1486053466797 0.0 573.1486053466797
0.0 506.67767333984375 67.26402282714844 506.67767333984375 67.26402282714844 572.5596160888672 0.0 572.5596160888672
0.0 507.52618408203125 67.57234191894531 507.52618408203125 67.57234191894531 573.7101058959961 0.0 573.7101058959961
0.0 506.9033203125 67.31271362304688 506.9033203125 67.31271362304688 572.8329544067383 0.0 572.8329544067383
0.0 506.37982177734375 68.15685272216797 506.37982177734375 68.15685272216797 573.1362533569336 0.0 573.1362533569336
0.0 507.2122497558594 67.48258209228516 507.2122497558594 67.48258209228516 573.3082580566406 0.0 573.3082580566406
0.0 506.13031005859375 67.73509216308594 506.13031005859375 67.73509216308594 572.4736480712891 0.0 572.4736480712891
0.07259903103113174 506.1319885253906 68.02258834987879 506.1319885253906 68.02258834987879 572.6858062744141 0.07259903103113174 572.6858062744141
0.071563720703125 505.1839904785156 68.68394470214844 505.1839904785156 68.68394470214844 572.386589050293 0.071563720703125 572.386589050293
0.0 505.70263671875 68.2375717163086 505.70263671875 68.2375717163086 572.5381317138672 0.0 572.5381317138672
0.0 507.41558837890625 67.58403015136719 507.41558837890625 67.58403015136719 573.6109771728516 0.0 573.6109771728516
0.0 507.0804138183594 67.58238220214844 507.0804138183594 67.58238220214844 573.2741851806641 0.0 573.2741851806641
0.0 506.2992248535156 67.29869079589844 506.2992248535156 67.29869079589844 572.2151336669922 0.0 572.2151336669922
0.0 506.1761169433594 67.7652816772461 506.1761169433594 67.7652816772461 572.5490341186523 0.0 572.5490341186523
0.0 507.44110107421875 66.99986267089844 507.44110107421875 66.99986267089844 573.0643310546875 0.0 573.0643310546875
0.0 506.56134033203125 67.33863830566406 506.56134033203125 67.33863830566406 572.5163726806641 0.0 572.5163726806641
0.0 506.07965087890625 67.18650817871094 506.07965087890625 67.18650817871094 571.8856811523438 0.0 571.8856811523438
0.0 507.04779052734375 67.53144073486328 507.04779052734375 67.53144073486328 573.1916656494141 0.0 573.1916656494141
0.0 506.11383056640625 67.68304443359375 506.11383056640625 67.68304443359375 572.4062042236328 0.0 572.4062042236328
0.0 507.23583984375 67.05119323730469 507.23583984375 67.05119323730469 572.9093399047852 0.0 572.9093399047852
0.0 507.4239196777344 67.6490707397461 507.4239196777344 67.6490707397461 573.6830291748047 0.0 573.6830291748047
0.0 507.2806701660156 67.60611724853516 507.2806701660156 67.60611724853516 573.4977035522461 0.0 573.4977035522461
0.0 505.801513671875 67.26979064941406 505.801513671875 67.26979064941406 571.6891326904297 0.0 571.6891326904297
0.0 507.0929260253906 67.67916870117188 507.0929260253906 67.67916870117188 573.3815155029297 0.0 573.3815155029297
0.0 506.56890869140625 66.5757064819336 506.56890869140625 66.5757064819336 571.7767105102539 0.0 571.7767105102539
0.00686721783131361 507.7682189941406 67.15381698589772 507.7682189941406 67.15381698589772 573.535530090332 0.00686721783131361 573.535530090332
0.0 508.3485412597656 66.71529388427734 508.3485412597656 66.71529388427734 573.6930694580078 0.0 573.6930694580078
0.0 507.67742919921875 67.3486099243164 507.67742919921875 67.3486099243164 573.6422576904297 0.0 573.6422576904297
0.0 506.21630859375 68.39068603515625 506.21630859375 68.39068603515625 573.2018051147461 0.0 573.2018051147461
0.088689424097538 506.1687927246094 67.60854873806238 506.1687927246094 67.60854873806238 572.3013610839844 0.088689424097538 572.3013610839844
0.0 505.5215759277344 68.41546630859375 505.5215759277344 68.41546630859375 572.5313491821289 0.0 572.5313491821289
0.0 506.77789306640625 67.09749603271484 506.77789306640625 67.09749603271484 572.4967803955078 0.0 572.4967803955078
0.0 506.39776611328125 67.05179595947266 506.39776611328125 67.05179595947266 572.071891784668 0.0 572.071891784668
0.0 505.7828674316406 67.58940887451172 505.7828674316406 67.58940887451172 571.9835662841797 0.0 571.9835662841797
0.0 507.8760681152344 66.61112976074219 507.8760681152344 66.61112976074219 573.1185836791992 0.0 573.1185836791992
0.0 506.78424072265625 67.27885437011719 506.78424072265625 67.27885437011719 572.6807708740234 0.0 572.6807708740234
0.0 507.21533203125 66.90677642822266 507.21533203125 66.90677642822266 572.747428894043 0.0 572.747428894043
0.0 508.27655029296875 66.80964660644531 508.27655029296875 66.80964660644531 573.7135162353516 0.0 573.7135162353516
0.0 507.4224548339844 67.47393798828125 507.4224548339844 67.47393798828125 573.5100631713867 0.0 573.5100631713867
0.0 507.387451171875 67.82550048828125 507.387451171875 67.82550048828125 573.8194046020508 0.0 573.8194046020508
0.0 508.1763610839844 66.50503540039062 508.1763610839844 66.50503540039062 573.3149795532227 0.0 573.3149795532227
0.0 507.392578125 66.9262924194336 507.392578125 66.9262924194336 572.9438018798828 0.0 572.9438018798828
0.0 507.73797607421875 66.74576568603516 507.73797607421875 66.74576568603516 573.1123809814453 0.0 573.1123809814453
0.0 507.57684326171875 66.7545394897461 507.57684326171875 66.7545394897461 572.9598388671875 0.0 572.9598388671875
0.0 507.8880310058594 67.08805084228516 507.8880310058594 67.08805084228516 573.5976867675781 0.0 573.5976867675781
0.0 506.93963623046875 67.49617767333984 506.93963623046875 67.49617767333984 573.0490341186523 0.0 573.0490341186523
0.0 507.72088623046875 67.01615905761719 507.72088623046875 67.01615905761719 573.3601303100586 0.0 573.3601303100586
0.0 507.13299560546875 67.03715515136719 507.13299560546875 67.03715515136719 572.7928009033203 0.0 572.7928009033203
0.0 507.13458251953125 66.9833984375 507.13458251953125 66.9833984375 572.7417373657227 0.0 572.7417373657227
0.0 505.5957946777344 68.84829711914062 505.5957946777344 68.84829711914062 573.0295257568359 0.0 573.0295257568359
0.0 506.90240478515625 67.96621704101562 506.90240478515625 67.96621704101562 573.47216796875 0.0 573.47216796875
0.0 506.10009765625 67.64087677001953 506.10009765625 67.64087677001953 572.351203918457 0.0 572.351203918457
0.0 507.880126953125 66.67524719238281 507.880126953125 66.67524719238281 573.1854400634766 0.0 573.1854400634766
0.0 506.82427978515625 67.84146118164062 506.82427978515625 67.84146118164062 573.2718505859375 0.0 573.2718505859375
0.0 506.50128173828125 67.56417846679688 506.50128173828125 67.56417846679688 572.6772689819336 0.0 572.6772689819336
0.0 506.669189453125 67.58775329589844 506.669189453125 67.58775329589844 572.8682632446289 0.0 572.8682632446289
0.0 506.92529296875 67.1490478515625 506.92529296875 67.1490478515625 572.6946792602539 0.0 572.6946792602539
0.02415161207318306 507.6461486816406 67.08804016187787 507.6461486816406 67.08804016187787 573.3321228027344 0.02415161207318306 573.3321228027344
0.0 506.89813232421875 67.30586242675781 506.89813232421875 67.30586242675781 572.8211135864258 0.0 572.8211135864258
0.0 507.69207763671875 67.4312973022461 507.69207763671875 67.4312973022461 573.7379150390625 0.0 573.7379150390625
0.0 507.80029296875 66.45535278320312 507.80029296875 66.45535278320312 572.8902435302734 0.0 572.8902435302734
0.0 507.52935791015625 67.6613998413086 507.52935791015625 67.6613998413086 573.8005828857422 0.0 573.8005828857422
0.0 507.5433044433594 66.5055923461914 507.5433044433594 66.5055923461914 572.6824645996094 0.0 572.6824645996094
0.0 506.92431640625 67.27474212646484 506.92431640625 67.27474212646484 572.8168182373047 0.0 572.8168182373047
0.11887359619140625 506.8338928222656 67.99871063232422 506.8338928222656 67.99871063232422 573.3190612792969 0.11887359619140625 573.3190612792969
0.0 507.53607177734375 66.55020141601562 507.53607177734375 66.55020141601562 572.7189178466797 0.0 572.7189178466797
0.0 507.37237548828125 66.84172821044922 507.37237548828125 66.84172821044922 572.8407592773438 0.0 572.8407592773438
0.0 507.04827880859375 66.07039642333984 507.04827880859375 66.07039642333984 571.7611846923828 0.0 571.7611846923828
0.0 506.4332580566406 66.22403717041016 506.4332580566406 66.22403717041016 571.2966461181641 0.0 571.2966461181641
0.0 506.1402893066406 67.05538940429688 506.1402893066406 67.05538940429688 571.8179473876953 0.0 571.8179473876953
0.0 507.2471618652344 66.58294677734375 507.2471618652344 66.58294677734375 572.4620895385742 0.0 572.4620895385742
0.0 508.552734375 66.42268371582031 508.552734375 66.42268371582031 573.6106948852539 0.0 573.6106948852539
0.0 508.29876708984375 66.74711608886719 508.29876708984375 66.74711608886719 573.6744918823242 0.0 573.6744918823242
0.0 507.3321228027344 67.23529052734375 507.3321228027344 67.23529052734375 573.1859893798828 0.0 573.1859893798828
0.0 506.2704162597656 67.20833587646484 506.2704162597656 67.20833587646484 572.0978851318359 0.0 572.0978851318359
0.0 506.2727966308594 67.36366271972656 506.2727966308594 67.36366271972656 572.2523956298828 0.0 572.2523956298828
0.0 505.565673828125 67.18384552001953 505.565673828125 67.18384552001953 571.3691482543945 0.0 571.3691482543945
0.0 506.4200134277344 67.44136047363281 506.4200134277344 67.44136047363281 572.4757080078125 0.0 572.4757080078125
0.0 507.3623962402344 67.14005279541016 507.3623962402344 67.14005279541016 573.1229782104492 0.0 573.1229782104492
0.0 506.6275329589844 66.70195770263672 506.6275329589844 66.70195770263672 571.9590301513672 0.0 571.9590301513672
0.0 505.83074951171875 67.34525299072266 505.83074951171875 67.34525299072266 571.7923202514648 0.0 571.7923202514648
0.0 506.38525390625 67.3730239868164 506.38525390625 67.3730239868164 572.3740234375 0.0 572.3740234375
0.0 505.5184631347656 67.75408935546875 505.5184631347656 67.75408935546875 571.8804779052734 0.0 571.8804779052734
0.0 506.5753479003906 67.12474060058594 506.5753479003906 67.12474060058594 572.3209457397461 0.0 572.3209457397461
0.0 506.87762451171875 67.3355484008789 506.87762451171875 67.3355484008789 572.8296966552734 0.0 572.8296966552734
0.0 505.673828125 67.11095428466797 505.673828125 67.11095428466797 571.4059219360352 0.0 571.4059219360352
0.0 505.9852600097656 67.40470886230469 505.9852600097656 67.40470886230469 572.0050582885742 0.0 572.0050582885742
0.0 505.705078125 67.17391967773438 505.705078125 67.17391967773438 571.4988250732422 0.0 571.4988250732422
0.0 505.77288818359375 66.88934326171875 505.77288818359375 66.88934326171875 571.2879104614258 0.0 571.2879104614258
0.11593780666589737 505.9046936035156 67.19377288967371 505.9046936035156 67.19377288967371 571.6043395996094 0.11593780666589737 571.6043395996094
0.0 506.39520263671875 67.32025146484375 506.39520263671875 67.32025146484375 572.3322830200195 0.0 572.3322830200195
0.0 505.48492431640625 68.02781677246094 505.48492431640625 68.02781677246094 572.1150436401367 0.0 572.1150436401367
0.0 505.4393005371094 67.99797058105469 505.4393005371094 67.99797058105469 572.0401916503906 0.0 572.0401916503906
0.0 505.89227294921875 67.5917739868164 505.89227294921875 67.5917739868164 572.0953140258789 0.0 572.0953140258789
0.0 506.1822204589844 67.76686096191406 506.1822204589844 67.76686096191406 572.5567474365234 0.0 572.5567474365234
0.0 506.07110595703125 67.1603775024414 506.07110595703125 67.1603775024414 571.8516159057617 0.0 571.8516159057617
0.0 505.8040466308594 67.62623596191406 505.8040466308594 67.62623596191406 572.0408477783203 0.0 572.0408477783203
0.0 505.62774658203125 67.10484313964844 505.62774658203125 67.10484313964844 571.3538665771484 0.0 571.3538665771484
0.0 505.52545166015625 66.74287414550781 505.52545166015625 66.74287414550781 570.8970413208008 0.0 570.8970413208008
0.0 505.2290954589844 66.96485900878906 505.2290954589844 66.96485900878906 570.8181076049805 0.0 570.8181076049805
0.034761808812618256 506.62005615234375 66.53637924045324 506.62005615234375 66.53637924045324 571.7553482055664 0.034761808812618256 571.7553482055664
0.0 506.2586975097656 66.52259826660156 506.2586975097656 66.52259826660156 571.4145355224609 0.0 571.4145355224609
0.0 507.7603454589844 66.96238708496094 507.7603454589844 66.96238708496094 573.3469390869141 0.0 573.3469390869141
0.0 505.42315673828125 66.76759338378906 505.42315673828125 66.76759338378906 570.8189544677734 0.0 570.8189544677734
0.0 506.1878967285156 66.97279357910156 506.1878967285156 66.97279357910156 571.7846832275391 0.0 571.7846832275391
0.0 504.65869140625 67.85680389404297 504.65869140625 67.85680389404297 571.1213226318359 0.0 571.1213226318359
0.0 506.0060119628906 67.60969543457031 506.0060119628906 67.60969543457031 572.2266082763672 0.0 572.2266082763672
0.0 505.51605224609375 67.49636840820312 505.51605224609375 67.49636840820312 571.6256561279297 0.0 571.6256561279297
0.0 505.92724609375 67.29932403564453 505.92724609375 67.29932403564453 571.8438568115234 0.0 571.8438568115234
0.0 506.1463928222656 67.81207275390625 506.1463928222656 67.81207275390625 572.5652160644531 0.0 572.5652160644531
0.0 505.6808166503906 67.23877716064453 505.6808166503906 67.23877716064453 571.5381164550781 0.0 571.5381164550781
0.0 506.52471923828125 67.32527160644531 506.52471923828125 67.32527160644531 572.4667358398438 0.0 572.4667358398438
0.0 506.18682861328125 67.39875030517578 506.18682861328125 67.39875030517578 572.2008056640625 0.0 572.2008056640625
0.0 505.49554443359375 67.38471984863281 505.49554443359375 67.38471984863281 571.4957733154297 0.0 571.4957733154297
0.0 505.72491455078125 67.56652069091797 505.72491455078125 67.56652069091797 571.9032135009766 0.0 571.9032135009766
0.11155090481042862 505.78173828125 67.91773376613855 505.78173828125 67.91773376613855 572.1947784423828 0.11155090481042862 572.1947784423828
0.0 506.6529235839844 67.04210662841797 506.6529235839844 67.04210662841797 572.3175811767578 0.0 572.3175811767578
0.0 505.8294372558594 67.54170227050781 505.8294372558594 67.54170227050781 571.9834213256836 0.0 571.9834213256836
0.0 506.2313537597656 67.21342468261719 506.2313537597656 67.21342468261719 572.0638046264648 0.0 572.0638046264648
0.0 506.39031982421875 66.91888427734375 506.39031982421875 66.91888427734375 571.9342803955078 0.0 571.9342803955078
0.0 505.7901306152344 67.59613800048828 505.7901306152344 67.59613800048828 571.9974212646484 0.0 571.9974212646484
0.0 505.97406005859375 67.94559478759766 505.97406005859375 67.94559478759766 572.5236282348633 0.0 572.5236282348633
0.0 506.27081298828125 67.86825561523438 506.27081298828125 67.86825561523438 572.74462890625 0.0 572.74462890625
0.0 505.7784118652344 67.70813751220703 505.7784118652344 67.70813751220703 572.0954055786133 0.0 572.0954055786133
0.0 504.58270263671875 68.11839294433594 504.58270263671875 68.11839294433594 571.301513671875 0.0 571.301513671875
0.0 504.8512268066406 67.94041442871094 504.8512268066406 67.94041442871094 571.3957138061523 0.0 571.3957138061523
0.0 505.35198974609375 66.91507720947266 505.35198974609375 66.91507720947266 570.892204284668 0.0 570.892204284668
0.0 505.8453063964844 67.580078125 505.8453063964844 67.580078125 572.036865234375 0.0 572.036865234375
0.0 506.11138916015625 67.07525634765625 506.11138916015625 67.07525634765625 571.8085021972656 0.0 571.8085021972656
0.0 506.5105895996094 67.2943115234375 506.5105895996094 67.2943115234375 572.4222564697266 0.0 572.4222564697266
0.0 505.69903564453125 67.55067443847656 505.69903564453125 67.55067443847656 571.8617935180664 0.0 571.8617935180664
0.0 506.90155029296875 66.216064453125 506.90155029296875 66.216064453125 571.7571258544922 0.0 571.7571258544922
0.0 506.03271484375 66.18756866455078 506.03271484375 66.18756866455078 570.8603820800781 0.0 570.8603820800781
0.0 506.610107421875 66.30194091796875 506.610107421875 66.30194091796875 571.5497970581055 0.0 571.5497970581055
0.0 506.20867919921875 66.38490295410156 506.20867919921875 66.38490295410156 571.229621887207 0.0 571.229621887207
0.032260894775390625 506.47393798828125 67.51283645629883 506.47393798828125 67.51283645629883 572.5680389404297 0.032260894775390625 572.5680389404297
0.0 506.3772888183594 66.5866928100586 506.3772888183594 66.5866928100586 571.5958709716797 0.0 571.5958709716797
0.0 505.93280029296875 66.40315246582031 505.93280029296875 66.40315246582031 570.9716110229492 0.0 570.9716110229492
0.0 506.23583984375 66.9032211303711 506.23583984375 66.9032211303711 571.7644500732422 0.0 571.7644500732422
0.0 506.7056579589844 66.4039535522461 506.7056579589844 66.4039535522461 571.7452545166016 0.0 571.7452545166016
0.0 506.62298583984375 66.38365173339844 506.62298583984375 66.38365173339844 571.642707824707 0.0 571.642707824707
0.0 506.4126892089844 66.57635498046875 506.4126892089844 66.57635498046875 571.6211547851562 0.0 571.6211547851562
0.0 507.31329345703125 65.97648620605469 507.31329345703125 65.97648620605469 571.9342193603516 0.0 571.9342193603516
0.060898590832948685 508.6446838378906 67.05455093458295 508.6446838378906 67.05455093458295 574.2618789672852 0.060898590832948685 574.2618789672852
0.0 508.8231506347656 67.10356903076172 508.8231506347656 67.10356903076172 574.5480041503906 0.0 574.5480041503906
0.0 509.1588439941406 66.96675872802734 509.1588439941406 66.96675872802734 574.7497024536133 0.0 574.7497024536133
0.0 509.2440490722656 66.75440979003906 509.2440490722656 66.75440979003906 574.6269226074219 0.0 574.6269226074219
0.0 509.05792236328125 67.12508392333984 509.05792236328125 67.12508392333984 574.8038482666016 0.0 574.8038482666016
0.0 508.274658203125 68.12501525878906 508.274658203125 68.12501525878906 574.9999618530273 0.0 574.9999618530273
0.0 508.82928466796875 67.5588150024414 508.82928466796875 67.5588150024414 575.0000152587891 0.0 575.0000152587891
0.0 508.2257385253906 68.17500305175781 508.2257385253906 68.17500305175781 575.0000076293945 0.0 575.0000076293945
0.0 508.5621643066406 67.83148956298828 508.5621643066406 67.83148956298828 574.9999847412109 0.0 574.9999847412109
0.0 508.7176818847656 67.67271423339844 508.7176818847656 67.67271423339844 574.9999847412109 0.0 574.9999847412109
0.0 508.7720642089844 67.6172103881836 508.7720642089844 67.6172103881836 575.0000076293945 0.0 575.0000076293945
0.0 508.70391845703125 67.68680572509766 508.70391845703125 67.68680572509766 575.0000228881836 0.0 575.0000228881836
0.0 508.7763671875 67.61283874511719 508.7763671875 67.61283874511719 575.0000305175781 0.0 575.0000305175781
0.0 508.6470642089844 67.74480438232422 508.6470642089844 67.74480438232422 574.9999847412109 0.0 574.9999847412109
0.0 510.61151123046875 65.73917388916016 510.61151123046875 65.73917388916016 575.0000076293945 0.0 575.0000076293945
0.0 510.8103942871094 65.52781677246094 510.8103942871094 65.52781677246094 574.9918823242188 0.0 574.9918823242188
0.18834838271141052 510.8653259277344 65.66833648085594 510.8653259277344 65.66833648085594 574.9999618530273 0.18834838271141052 574.9999618530273
0.0 510.49761962890625 65.85546875 510.49761962890625 65.85546875 575.0000152587891 0.0 575.0000152587891
0.0 510.3854064941406 65.9468002319336 510.3854064941406 65.9468002319336 574.9772491455078 0.0 574.9772491455078
0.0 510.85906982421875 65.48638916015625 510.85906982421875 65.48638916015625 574.9999618530273 0.0 574.9999618530273
0.026111220940947533 510.12646484375 66.26050910912454 510.12646484375 66.26050910912454 574.9999923706055 0.026111220940947533 574.9999923706055
0.093267060816288 507.9732360839844 68.52606735378504 507.9732360839844 68.52606735378504 574.9999923706055 0.093267060816288 574.9999923706055
0.0 508.75885009765625 67.63075256347656 508.75885009765625 67.63075256347656 575.0000381469727 0.0 575.0000381469727
0.0 508.681640625 67.70954895019531 508.681640625 67.70954895019531 575.0 0.0 575.0
0.0 508.73358154296875 67.65647888183594 508.73358154296875 67.65647888183594 574.9999618530273 0.0 574.9999618530273
0.0 508.7460021972656 67.64384460449219 508.7460021972656 67.64384460449219 575.0000076293945 0.0 575.0000076293945
0.0 508.6826171875 67.70855712890625 508.6826171875 67.70855712890625 575.0000076293945 0.0 575.0000076293945
0.0 507.00250244140625 69.42391204833984 507.00250244140625 69.42391204833984 575.0 0.0 575.0
0.0 506.9922790527344 69.43431854248047 506.9922790527344 69.43431854248047 574.9999694824219 0.0 574.9999694824219
0.058588407933712006 507.80560302734375 68.57578506320715 507.80560302734375 68.57578506320715 574.9150085449219 0.058588407933712006 574.9150085449219
0.0 507.88055419921875 68.5274429321289 507.88055419921875 68.5274429321289 575.0 0.0 575.0
0.09198074042797089 508.68280029296875 67.80037765204906 508.68280029296875 67.80037765204906 575.0000381469727 0.09198074042797089 575.0000381469727
0.0 508.37335205078125 67.7441177368164 508.37335205078125 67.7441177368164 574.7255783081055 0.0 574.7255783081055
0.0 508.55645751953125 67.72156524658203 508.55645751953125 67.72156524658203 574.886589050293 0.0 574.886589050293
0.0 508.615478515625 67.77711486816406 508.615478515625 67.77711486816406 575.0000152587891 0.0 575.0000152587891
0.1281486451625824 507.15484619140625 68.79617843031883 507.15484619140625 68.79617843031883 574.4119873046875 0.1281486451625824 574.4119873046875
0.0 508.69171142578125 67.69930267333984 508.69171142578125 67.69930267333984 575.0000305175781 0.0 575.0000305175781
0.11032180488109589 507.236083984375 68.77189712226391 507.236083984375 68.77189712226391 574.4869079589844 0.11032180488109589 574.4869079589844
0.06209411472082138 504.59893798828125 71.56197204440832 504.59893798828125 71.56197204440832 574.6297454833984 0.06209411472082138 574.6297454833984
0.0 504.258544921875 72.2254409790039 504.258544921875 72.2254409790039 575.0000152587891 0.0 575.0000152587891
0.0 504.26068115234375 72.13496398925781 504.26068115234375 72.13496398925781 574.9135284423828 0.0 574.9135284423828
0.0 504.82464599609375 71.50858306884766 504.82464599609375 71.50858306884766 574.8639755249023 0.0 574.8639755249023
0.0 503.51922607421875 72.98026275634766 503.51922607421875 72.98026275634766 574.9999923706055 0.0 574.9999923706055
0.0 505.8399353027344 70.61082458496094 505.8399353027344 70.61082458496094 574.9999465942383 0.0 574.9999465942383
0.0 505.727783203125 70.72541809082031 505.727783203125 70.72541809082031 575.0000305175781 0.0 575.0000305175781
0.0 505.70782470703125 70.74576568603516 505.70782470703125 70.74576568603516 575.0000076293945 0.0 575.0000076293945
0.0 504.51513671875 71.96349334716797 504.51513671875 71.96349334716797 575.0000228881836 0.0 575.0000228881836
0.0 505.17120361328125 71.29364013671875 505.17120361328125 71.29364013671875 575.0 0.0 575.0
0.0 506.0245056152344 70.42244720458984 506.0245056152344 70.42244720458984 575.0000076293945 0.0 575.0000076293945
0.0 505.13763427734375 71.32791900634766 505.13763427734375 71.32791900634766 574.9999923706055 0.0 574.9999923706055
0.0 505.2503356933594 71.2128677368164 505.2503356933594 71.2128677368164 575.0000076293945 0.0 575.0000076293945
0.0203399658203125 505.232421875 71.25149536132812 505.232421875 71.25149536132812 575.0 0.0203399658203125 575.0
0.0 505.328857421875 71.1326904296875 505.328857421875 71.1326904296875 574.9999923706055 0.0 574.9999923706055
0.0 504.4654846191406 72.01417541503906 504.4654846191406 72.01417541503906 574.9999923706055 0.0 574.9999923706055
0.0 503.4234924316406 72.03665161132812 503.4234924316406 72.03665161132812 573.9800109863281 0.0 573.9800109863281
0.0 504.00396728515625 71.23963928222656 504.00396728515625 71.23963928222656 573.7798538208008 0.0 573.7798538208008
0.0 503.1038513183594 72.17809295654297 503.1038513183594 72.17809295654297 573.7989044189453 0.0 573.7989044189453
0.0 501.33477783203125 74.28351593017578 501.33477783203125 74.28351593017578 574.0919952392578 0.0 574.0919952392578
0.0 499.33099365234375 77.25636291503906 499.33099365234375 77.25636291503906 574.9999771118164 0.0 574.9999771118164
0.0 499.38885498046875 77.19730377197266 499.38885498046875 77.19730377197266 574.9999847412109 0.0 574.9999847412109
0.0 498.499755859375 78.10505676269531 498.499755859375 78.10505676269531 575.0 0.0 575.0
0.0 498.3497009277344 78.25826263427734 498.3497009277344 78.25826263427734 575.0000076293945 0.0 575.0000076293945
0.0 498.4068298339844 78.19987487792969 498.4068298339844 78.19987487792969 574.9999465942383 0.0 574.9999465942383
0.0 498.64984130859375 77.64732360839844 498.64984130859375 77.64732360839844 574.7017593383789 0.0 574.7017593383789
0.0 500.79052734375 75.748779296875 500.79052734375 75.748779296875 574.98291015625 0.0 574.98291015625
0.12663421034812927 500.70745849609375 75.97764739394188 500.70745849609375 75.97764739394188 574.9999694824219 0.12663421034812927 574.9999694824219
0.0 499.29962158203125 77.2884521484375 499.29962158203125 77.2884521484375 575.0000305175781 0.0 575.0000305175781
0.0 499.1587829589844 77.43221282958984 499.1587829589844 77.43221282958984 574.9999923706055 0.0 574.9999923706055
0.0 499.1807556152344 77.40974426269531 499.1807556152344 77.40974426269531 574.9999542236328 0.0 574.9999542236328
0.0 499.3192443847656 77.26837921142578 499.3192443847656 77.26837921142578 574.9999847412109 0.0 574.9999847412109
0.0 498.3338928222656 78.27439880371094 498.3338928222656 78.27439880371094 574.9999847412109 0.0 574.9999847412109
0.0 495.0813903808594 81.59513092041016 495.0813903808594 81.59513092041016 574.9999847412109 0.0 574.9999847412109
0.0 494.09490966796875 82.60236358642578 494.09490966796875 82.60236358642578 575.0000381469727 0.0 575.0000381469727
0.0 493.2777404785156 83.43659210205078 493.2777404785156 83.43659210205078 574.9999542236328 0.0 574.9999542236328
0.0 493.40673828125 83.30491638183594 493.40673828125 83.30491638183594 574.9999847412109 0.0 574.9999847412109
0.0 493.3421325683594 83.3708724975586 493.3421325683594 83.3708724975586 574.9999847412109 0.0 574.9999847412109
0.10097961127758026 493.43865966796875 83.37333373725414 493.43865966796875 83.37333373725414 575.0000152587891 0.10097961127758026 575.0000152587891
0.0 493.48046875 83.22967529296875 493.48046875 83.22967529296875 575.0000228881836 0.0 575.0000228881836
1.0753166675567627 493.5569763183594 84.2268898487091 493.5569763183594 84.2268898487091 575.0000305175781 1.0753166675567627 575.0000305175781
1.5789474248886108 493.6166076660156 84.66963803768158 493.6166076660156 84.66963803768158 575.0000228881836 1.5789474248886108 575.0000228881836
1.1261078119277954 494.54656982421875 83.26728212833405 494.54656982421875 83.26728212833405 574.9999847412109 1.1261078119277954 574.9999847412109
0.6404701471328735 495.15399169921875 82.1614738702774 495.15399169921875 82.1614738702774 574.9999847412109 0.6404701471328735 574.9999847412109
0.0 496.3334045410156 80.31689453125 496.3334045410156 80.31689453125 575.0000228881836 0.0 575.0000228881836
0.0 493.45245361328125 83.25828552246094 493.45245361328125 83.25828552246094 575.0000228881836 0.0 575.0000228881836
0.032190702855587006 492.6072692871094 84.15337600558996 492.6072692871094 84.15337600558996 575.0000076293945 0.032190702855587006 575.0000076293945
0.2635658383369446 488.75250244140625 88.32043534517288 488.75250244140625 88.32043534517288 575.0000610351562 0.2635658383369446 575.0000610351562
0.15957030653953552 487.29022216796875 89.70932921767235 487.29022216796875 89.70932921767235 575.0 0.15957030653953552 575.0
0.0 487.09576416015625 89.74833679199219 487.09576416015625 89.74833679199219 575.0000381469727 0.0 575.0000381469727
0.0 487.36956787109375 89.3406982421875 487.36956787109375 89.3406982421875 574.8745880126953 0.0 574.8745880126953
0.0 487.2962341308594 89.54360961914062 487.2962341308594 89.54360961914062 574.9999923706055 0.0 574.9999923706055
0.0 487.94683837890625 88.80196380615234 487.94683837890625 88.80196380615234 574.9241943359375 0.0 574.9241943359375
0.0 487.4368591308594 89.40000915527344 487.4368591308594 89.40000915527344 574.9999771118164 0.0 574.9999771118164
0.0 487.0569763183594 89.78790283203125 487.0569763183594 89.78790283203125 575.0000152587891 0.0 575.0000152587891
0.12781676650047302 486.9349670410156 90.04025420546532 486.9349670410156 90.04025420546532 574.9999847412109 0.12781676650047302 574.9999847412109
0.25219497084617615 486.9501037597656 90.14921340346336 486.9501037597656 90.14921340346336 575.0000152587891 0.25219497084617615 575.0000152587891
0.0 487.15582275390625 89.68694305419922 487.15582275390625 89.68694305419922 574.9999771118164 0.0 574.9999771118164
0.0 486.7734375 90.07737731933594 486.7734375 90.07737731933594 575.0 0.0 575.0
0.0 486.95452880859375 89.77236938476562 486.95452880859375 89.77236938476562 574.8823547363281 0.0 574.8823547363281
0.0 486.722412109375 90.12950134277344 486.722412109375 90.12950134277344 575.0000305175781 0.0 575.0000305175781
0.127857968211174 487.32147216796875 89.64567260444164 487.32147216796875 89.64567260444164 574.9999771118164 0.127857968211174 574.9999771118164
0.0 487.0576171875 89.7872314453125 487.0576171875 89.7872314453125 575.0000152587891 0.0 575.0000152587891
0.04297180101275444 486.5513610839844 90.34704132005572 486.5513610839844 90.34704132005572 574.9999847412109 0.04297180101275444 574.9999847412109
0.05221404880285263 486.77947998046875 90.12341155856848 486.77947998046875 90.12341155856848 575.0000152587891 0.05221404880285263 575.0000152587891
0.0 486.9071350097656 89.94085693359375 486.9071350097656 89.94085693359375 575.0000076293945 0.0 575.0000076293945
0.0 486.82196044921875 90.02778625488281 486.82196044921875 90.02778625488281 574.9999694824219 0.0 574.9999694824219
0.0 486.96380615234375 89.88300323486328 486.96380615234375 89.88300323486328 574.9999923706055 0.0 574.9999923706055
0.0 486.8014221191406 90.0488052368164 486.8014221191406 90.0488052368164 575.0 0.0 575.0
0.0 487.37213134765625 89.2222671508789 487.37213134765625 89.2222671508789 574.7611541748047 0.0 574.7611541748047
0.0 488.5723571777344 87.77017974853516 488.5723571777344 87.77017974853516 574.5391235351562 0.0 574.5391235351562
0.08910675346851349 492.9615783691406 83.78113098442554 492.9615783691406 83.78113098442554 574.9339752197266 0.08910675346851349 574.9339752197266
0.0 494.1307678222656 82.56573486328125 494.1307678222656 82.56573486328125 575.0000152587891 0.0 575.0000152587891
0.0 494.87841796875 81.65167236328125 494.87841796875 81.65167236328125 574.8523941040039 0.0 574.8523941040039
0.0 495.31890869140625 81.35267639160156 495.31890869140625 81.35267639160156 575.0000228881836 0.0 575.0000228881836
0.0 499.08355712890625 77.50904083251953 499.08355712890625 77.50904083251953 575.0000076293945 0.0 575.0000076293945
0.10104064643383026 501.69659423828125 74.94222716987133 501.69659423828125 74.94222716987133 575.0000076293945 0.10104064643383026 575.0000076293945
0.0 501.36395263671875 75.18077087402344 501.36395263671875 75.18077087402344 574.9999694824219 0.0 574.9999694824219
0.0 504.259033203125 72.2249755859375 504.259033203125 72.2249755859375 574.9999847412109 0.0 574.9999847412109
0.4036415219306946 506.84698486328125 69.98641282320023 506.84698486328125 69.98641282320023 575.0000228881836 0.4036415219306946 575.0000228881836
0.0 507.8501892089844 68.55848693847656 507.8501892089844 68.55848693847656 574.9999923706055 0.0 574.9999923706055
0.0 506.60186767578125 69.8330078125 506.60186767578125 69.8330078125 575.0000076293945 0.0 575.0000076293945
0.0 508.6932678222656 67.69773864746094 508.6932678222656 67.69773864746094 575.0000152587891 0.0 575.0000152587891
0.05254211276769638 507.85089111328125 68.58246459811926 507.85089111328125 68.58246459811926 574.9727172851562 0.05254211276769638 574.9727172851562
0.0 507.90447998046875 68.5030517578125 507.90447998046875 68.5030517578125 574.9999847412109 0.0 574.9999847412109
0.0 505.68914794921875 70.7648696899414 505.68914794921875 70.7648696899414 574.9999923706055 0.0 574.9999923706055
1.2559562921524048 504.2334899902344 73.50700914859772 504.2334899902344 73.50700914859772 574.9999847412109 1.2559562921524048 574.9999847412109
0.900311291217804 502.8456115722656 74.51372987031937 502.8456115722656 74.51372987031937 574.9464721679688 0.900311291217804 574.9464721679688
0.0 501.76934814453125 74.7669448852539 501.76934814453125 74.7669448852539 575.0000305175781 0.0 575.0000305175781
0.0 501.04949951171875 75.50181579589844 501.04949951171875 75.50181579589844 574.9999465942383 0.0 574.9999465942383
0.0 500.81634521484375 75.73990631103516 500.81634521484375 75.73990631103516 574.9999923706055 0.0 574.9999923706055
0.48570936918258667 501.51971435546875 75.50748366117477 501.51971435546875 75.50748366117477 574.9999847412109 0.48570936918258667 574.9999847412109
0.0 500.0298767089844 76.517822265625 500.0298767089844 76.517822265625 574.975456237793 0.0 574.975456237793
0.0 501.8321838378906 74.7027587890625 501.8321838378906 74.7027587890625 574.9999923706055 0.0 574.9999923706055
0.1648261994123459 500.9214782714844 75.79740981757641 500.9214782714844 75.79740981757641 575.0000152587891 0.1648261994123459 575.0000152587891
0.19093933701515198 500.4847717285156 76.26934662461281 500.4847717285156 76.26934662461281 574.9999694824219 0.19093933701515198 574.9999694824219
0.0 500.8627014160156 75.6926040649414 500.8627014160156 75.6926040649414 575.0000305175781 0.0 575.0000305175781
0.0 499.7242126464844 76.69154357910156 499.7242126464844 76.69154357910156 574.839958190918 0.0 574.839958190918
0.0072990418411791325 496.9208068847656 79.72446212777868 496.9208068847656 79.72446212777868 575.0000076293945 0.0072990418411791325 575.0000076293945
0.0 491.5013732910156 81.72466278076172 491.5013732910156 81.72466278076172 571.5468292236328 0.0 571.5468292236328
0.1883285492658615 490.816162109375 84.17375640571117 490.816162109375 84.17375640571117 573.0759201049805 0.1883285492658615 573.0759201049805
0.0 491.43389892578125 82.33663177490234 491.43389892578125 82.33663177490234 572.0787506103516 0.0 572.0787506103516
0.0 492.75909423828125 82.68426513671875 492.75909423828125 82.68426513671875 573.7444305419922 0.0 573.7444305419922
0.08494873344898224 492.0746154785156 83.64659424126148 492.0746154785156 83.64659424126148 573.919303894043 0.08494873344898224 573.919303894043
0.0 494.77978515625 81.903076171875 494.77978515625 81.903076171875 574.9999847412109 0.0 574.9999847412109
0.0 493.5533142089844 83.1552734375 493.5533142089844 83.1552734375 574.9999847412109 0.0 574.9999847412109
0.21571120619773865 493.32696533203125 83.42297896742821 493.32696533203125 83.42297896742821 574.8245697021484 0.21571120619773865 574.8245697021484
0.1892860382795334 490.88916015625 83.22332839667797 490.88916015625 83.22332839667797 572.2171096801758 0.1892860382795334 572.2171096801758
0.0 492.1153259277344 83.30145263671875 492.1153259277344 83.30145263671875 573.7051849365234 0.0 573.7051849365234
0.0 493.36212158203125 83.35051727294922 493.36212158203125 83.35051727294922 575.0000457763672 0.0 575.0000457763672
0.0 492.1220703125 83.32020568847656 492.1220703125 83.32020568847656 573.7303009033203 0.0 573.7303009033203
0.0 487.11431884765625 83.53608703613281 487.11431884765625 83.53608703613281 568.9339904785156 0.0 568.9339904785156
0.0 494.7432556152344 81.74188232421875 494.7432556152344 81.74188232421875 574.8055877685547 0.0 574.8055877685547
0.0 494.6678161621094 81.69491577148438 494.6678161621094 81.69491577148438 574.6841506958008 0.0 574.6841506958008
0.0 496.0061950683594 80.48945617675781 496.0061950683594 80.48945617675781 574.8418426513672 0.0 574.8418426513672
0.0 496.33905029296875 79.9271240234375 496.33905029296875 79.9271240234375 574.6239242553711 0.0 574.6239242553711
0.0 498.37506103515625 77.88508605957031 498.37506103515625 77.88508605957031 574.6598510742188 0.0 574.6598510742188
0.0 501.2115783691406 75.33634948730469 501.2115783691406 75.33634948730469 575.0000076293945 0.0 575.0000076293945
0.09939956665039062 501.7577209472656 74.87811660766602 501.7577209472656 74.87811660766602 574.9999771118164 0.09939956665039062 574.9999771118164
0.0 501.9080505371094 74.62525177001953 501.9080505371094 74.62525177001953 574.9999847412109 0.0 574.9999847412109
0.0 501.74981689453125 74.786865234375 501.74981689453125 74.786865234375 575.0000457763672 0.0 575.0000457763672
0.0 501.73779296875 74.79914855957031 501.73779296875 74.79914855957031 575.0000534057617 0.0 575.0000534057617
0.0 502.1966857910156 74.0951919555664 502.1966857910156 74.0951919555664 574.7694549560547 0.0 574.7694549560547
0.06082916259765625 504.34613037109375 72.19685363769531 504.34613037109375 72.19685363769531 574.9999847412109 0.06082916259765625 574.9999847412109
0.0 507.67889404296875 68.73331451416016 507.67889404296875 68.73331451416016 574.9999542236328 0.0 574.9999542236328
0.0 506.68603515625 69.61865234375 506.68603515625 69.61865234375 574.8742446899414 0.0 574.8742446899414
0.0 507.3367614746094 69.08265686035156 507.3367614746094 69.08265686035156 574.9999847412109 0.0 574.9999847412109
0.0 507.32745361328125 69.09214782714844 507.32745361328125 69.09214782714844 574.9999847412109 0.0 574.9999847412109
0.02062530443072319 504.2034606933594 72.30231780931354 504.2034606933594 72.30231780931354 574.9999923706055 0.02062530443072319 574.9999923706055
0.0 503.97637939453125 72.51359558105469 503.97637939453125 72.51359558105469 575.0000534057617 0.0 575.0000534057617
0.0 503.84423828125 72.50199890136719 503.84423828125 72.50199890136719 574.8565521240234 0.0 574.8565521240234
0.0 503.96527099609375 72.52488708496094 503.96527099609375 72.52488708496094 575.0000076293945 0.0 575.0000076293945
0.0 503.9993591308594 72.49009704589844 503.9993591308594 72.49009704589844 575.0000076293945 0.0 575.0000076293945
0.0 504.0128479003906 72.476318359375 504.0128479003906 72.476318359375 575.0000076293945 0.0 575.0000076293945
0.0 503.9970703125 72.492431640625 503.9970703125 72.492431640625 575.0000152587891 0.0 575.0000152587891
0.0 503.92315673828125 72.56788635253906 503.92315673828125 72.56788635253906 575.0 0.0 575.0
0.0 504.48333740234375 71.99595642089844 504.48333740234375 71.99595642089844 574.9999923706055 0.0 574.9999923706055
0.0 504.33209228515625 72.150390625 504.33209228515625 72.150390625 575.0000152587891 0.0 575.0000152587891
0.0 504.4713439941406 72.0082015991211 504.4713439941406 72.0082015991211 575.0 0.0 575.0
0.0 504.3623962402344 72.11939239501953 504.3623962402344 72.11939239501953 574.9999542236328 0.0 574.9999542236328
0.02347717247903347 506.18865966796875 70.27833709679544 506.18865966796875 70.27833709679544 575.0 0.02347717247903347 575.0
0.0 504.367919921875 72.11383819580078 504.367919921875 72.11383819580078 575.0000457763672 0.0 575.0000457763672
0.0 504.2940979003906 72.03611755371094 504.2940979003906 72.03611755371094 574.8501052856445 0.0 574.8501052856445
0.0 505.57769775390625 70.83372497558594 505.57769775390625 70.83372497558594 574.9560241699219 0.0 574.9560241699219
0.0 504.87554931640625 71.59269714355469 504.87554931640625 71.59269714355469 574.9972534179688 0.0 574.9972534179688
0.0 504.388427734375 71.76994323730469 504.388427734375 71.76994323730469 574.6837387084961 0.0 574.6837387084961
0.0 505.013671875 71.45448303222656 505.013671875 71.45448303222656 575.0 0.0 575.0
0.0 505.24517822265625 71.21814727783203 505.24517822265625 71.21814727783203 575.0000228881836 0.0 575.0000228881836
0.0 505.1212463378906 71.34465026855469 505.1212463378906 71.34465026855469 574.9999847412109 0.0 574.9999847412109
0.0 505.2548828125 71.2082290649414 505.2548828125 71.2082290649414 575.0 0.0 575.0
0.0 505.2569274902344 71.20613098144531 505.2569274902344 71.20613098144531 574.9999847412109 0.0 574.9999847412109
0.0 505.24029541015625 71.12177276611328 505.24029541015625 71.12177276611328 574.9007339477539 0.0 574.9007339477539
0.0 505.2503967285156 71.21282196044922 505.2503967285156 71.21282196044922 575.0000152587891 0.0 575.0000152587891
0.0 505.78125 70.6707992553711 505.78125 70.6707992553711 574.9999847412109 0.0 574.9999847412109
0.0 507.4227600097656 68.99492645263672 507.4227600097656 68.99492645263672 575.0000610351562 0.0 575.0000610351562
0.04257507249712944 507.348388671875 69.02931518480182 507.348388671875 69.02931518480182 574.9176635742188 0.04257507249712944 574.9176635742188
0.0 504.20361328125 72.28153991699219 504.20361328125 72.28153991699219 574.9999847412109 0.0 574.9999847412109
0.0 503.9452209472656 72.5453872680664 503.9452209472656 72.5453872680664 575.0000152587891 0.0 575.0000152587891
0.0 503.62274169921875 72.52667236328125 503.62274169921875 72.52667236328125 574.6592025756836 0.0 574.6592025756836
0.0 503.88494873046875 72.54075622558594 503.88494873046875 72.54075622558594 574.9352111816406 0.0 574.9352111816406
0.0 503.992431640625 72.49717712402344 503.992431640625 72.49717712402344 575.0000076293945 0.0 575.0000076293945
0.0 503.9938049316406 72.49578857421875 503.9938049316406 72.49578857421875 575.0000228881836 0.0 575.0000228881836
0.0 503.92755126953125 72.5634536743164 503.92755126953125 72.5634536743164 575.0000457763672 0.0 575.0000457763672
0.0 503.96014404296875 72.53013610839844 503.96014404296875 72.53013610839844 575.0 0.0 575.0
0.0 503.66070556640625 72.44685363769531 503.66070556640625 72.44685363769531 574.6189880371094 0.0 574.6189880371094
0.0 501.666015625 74.31083679199219 501.666015625 74.31083679199219 574.4499816894531 0.0 574.4499816894531
0.0 504.1114196777344 72.00596618652344 504.1114196777344 72.00596618652344 574.6378784179688 0.0 574.6378784179688
0.0 503.92291259765625 71.89234924316406 503.92291259765625 71.89234924316406 574.3380889892578 0.0 574.3380889892578
0.0 503.00775146484375 72.230712890625 503.00775146484375 72.230712890625 573.7543334960938 0.0 573.7543334960938
0.0 501.22821044921875 74.50537872314453 501.22821044921875 74.50537872314453 574.2027130126953 0.0 574.2027130126953
0.0 501.93505859375 73.9697036743164 501.93505859375 73.9697036743164 574.3848876953125 0.0 574.3848876953125
0.0 500.96527099609375 75.44879150390625 500.96527099609375 75.44879150390625 574.8637924194336 0.0 574.8637924194336
0.0 502.1127014160156 73.89947509765625 502.1127014160156 73.89947509765625 574.4937362670898 0.0 574.4937362670898
0.02234039269387722 504.9668884277344 71.21020660363138 504.9668884277344 71.21020660363138 574.6920318603516 0.02234039269387722 574.6920318603516
0.0 495.2643127441406 70.66648864746094 495.2643127441406 70.66648864746094 564.4787902832031 0.0 564.4787902832031
0.0 506.6046447753906 69.44004821777344 506.6046447753906 69.44004821777344 574.6178741455078 0.0 574.6178741455078
0.0 504.66107177734375 71.78330993652344 504.66107177734375 71.78330993652344 574.9694213867188 0.0 574.9694213867188
0.0 504.481201171875 71.99815368652344 504.481201171875 71.99815368652344 574.9999771118164 0.0 574.9999771118164
0.0 504.028076171875 72.02436828613281 504.028076171875 72.02436828613281 574.5725250244141 0.0 574.5725250244141
0.0 504.52587890625 71.66694641113281 504.52587890625 71.66694641113281 574.7202453613281 0.0 574.7202453613281
0.0 500.79840087890625 74.51457977294922 500.79840087890625 74.51457977294922 573.7818908691406 0.0 573.7818908691406
0.0 499.33575439453125 77.25162506103516 499.33575439453125 77.25162506103516 575.0000457763672 0.0 575.0000457763672
0.0 499.0088806152344 77.12232971191406 499.0088806152344 77.12232971191406 574.5465240478516 0.0 574.5465240478516
0.0 497.264892578125 77.9918212890625 497.264892578125 77.9918212890625 573.6541595458984 0.0 573.6541595458984
0.0 495.458984375 80.95631408691406 495.458984375 80.95631408691406 574.751838684082 0.0 574.751838684082
0.0 499.2857360839844 77.30265045166016 499.2857360839844 77.30265045166016 574.9999923706055 0.0 574.9999923706055
0.0 499.4053649902344 77.08753967285156 499.4053649902344 77.08753967285156 574.9089202880859 0.0 574.9089202880859
0.0 500.8780822753906 75.67692565917969 500.8780822753906 75.67692565917969 575.0000076293945 0.0 575.0000076293945
0.07274093478918076 504.3629455566406 72.19172897189856 504.3629455566406 72.19172897189856 575.0000381469727 0.07274093478918076 575.0000381469727
0.0 504.086669921875 72.10457611083984 504.086669921875 72.10457611083984 574.7096405029297 0.0 574.7096405029297
0.0 504.36785888671875 72.11393737792969 504.36785888671875 72.11393737792969 574.9999847412109 0.0 574.9999847412109
0.0 504.44122314453125 72.03902435302734 504.44122314453125 72.03902435302734 574.9999847412109 0.0 574.9999847412109
0.0 503.9736328125 72.51644134521484 503.9736328125 72.51644134521484 575.0000152587891 0.0 575.0000152587891
0.0 504.54449462890625 71.93360137939453 504.54449462890625 71.93360137939453 575.0000152587891 0.0 575.0000152587891
0.0 504.4215393066406 72.05912780761719 504.4215393066406 72.05912780761719 575.0000076293945 0.0 575.0000076293945
0.0 504.3550720214844 72.12699127197266 504.3550720214844 72.12699127197266 575.0000076293945 0.0 575.0000076293945
0.0 504.3934631347656 72.08781433105469 504.3934631347656 72.08781433105469 575.0000228881836 0.0 575.0000228881836
0.0 504.4994201660156 71.97964477539062 504.4994201660156 71.97964477539062 575.0000381469727 0.0 575.0000381469727
0.0 504.5330505371094 71.94529724121094 504.5330505371094 71.94529724121094 575.0000228881836 0.0 575.0000228881836
0.0 504.33447265625 72.14802551269531 504.33447265625 72.14802551269531 575.0000152587891 0.0 575.0000152587891
0.0 505.22509765625 71.23867797851562 505.22509765625 71.23867797851562 574.9999771118164 0.0 574.9999771118164
0.0 505.31475830078125 71.14717102050781 505.31475830078125 71.14717102050781 575.0000152587891 0.0 575.0000152587891
0.0 506.0480041503906 70.39851379394531 506.0480041503906 70.39851379394531 574.9999847412109 0.0 574.9999847412109
0.0 506.03076171875 70.41609191894531 506.03076171875 70.41609191894531 574.9999542236328 0.0 574.9999542236328
0.0 506.0384826660156 70.4083023071289 506.0384826660156 70.4083023071289 575.0000457763672 0.0 575.0000457763672
0.0 503.97216796875 72.51789855957031 503.97216796875 72.51789855957031 574.9999771118164 0.0 574.9999771118164
0.0 503.962158203125 72.52815246582031 503.962158203125 72.52815246582031 575.0000076293945 0.0 575.0000076293945
0.0 503.0030822753906 72.62604522705078 503.0030822753906 72.62604522705078 574.1368103027344 0.0 574.1368103027344
0.0 502.1339416503906 72.69952392578125 502.1339416503906 72.69952392578125 573.3396377563477 0.0 573.3396377563477
0.0 502.27777099609375 73.36863708496094 502.27777099609375 73.36863708496094 574.1388244628906 0.0 574.1388244628906
0.0 502.48809814453125 74.03315734863281 502.48809814453125 74.03315734863281 575.0000152587891 0.0 575.0000152587891
0.0 502.3231506347656 73.09902954101562 502.3231506347656 73.09902954101562 573.9201278686523 0.0 573.9201278686523
0.0 503.00341796875 72.63082885742188 503.00341796875 72.63082885742188 574.1418228149414 0.0 574.1418228149414
0.0 503.00567626953125 72.87833404541016 503.00567626953125 72.87833404541016 574.3864974975586 0.0 574.3864974975586
0.0 503.0154724121094 73.1479721069336 503.0154724121094 73.1479721069336 574.6603851318359 0.0 574.6603851318359
0.0 502.97802734375 73.53294372558594 502.97802734375 73.53294372558594 575.0 0.0 575.0
0.0 502.9999084472656 73.39746856689453 502.9999084472656 73.39746856689453 574.8891906738281 0.0 574.8891906738281
0.0 503.0857849121094 73.42292022705078 503.0857849121094 73.42292022705078 574.9999923706055 0.0 574.9999923706055
0.0 503.1240234375 73.38388061523438 503.1240234375 73.38388061523438 574.9999923706055 0.0 574.9999923706055
0.0 503.0511169433594 73.45829772949219 503.0511169433594 73.45829772949219 574.9999694824219 0.0 574.9999694824219
0.0 503.0967712402344 73.41173553466797 503.0967712402344 73.41173553466797 575.0000152587891 0.0 575.0000152587891
0.0 503.14093017578125 73.36665344238281 503.14093017578125 73.36665344238281 575.0000228881836 0.0 575.0000228881836
0.0 503.05474853515625 73.45462799072266 503.05474853515625 73.45462799072266 575.0000076293945 0.0 575.0000076293945
0.0 503.60162353515625 72.8962631225586 503.60162353515625 72.8962631225586 574.9999923706055 0.0 574.9999923706055
0.0 503.45709228515625 73.0438461303711 503.45709228515625 73.0438461303711 575.0000152587891 0.0 575.0000152587891
0.0 503.6688537597656 72.82760620117188 503.6688537597656 72.82760620117188 574.9999771118164 0.0 574.9999771118164
0.0 503.4927673339844 73.00740051269531 503.4927673339844 73.00740051269531 574.9999923706055 0.0 574.9999923706055
0.0 503.61767578125 72.87983703613281 503.61767578125 72.87983703613281 574.9999542236328 0.0 574.9999542236328
0.0 504.47235107421875 72.00724029541016 504.47235107421875 72.00724029541016 574.9999694824219 0.0 574.9999694824219
0.0 503.64208984375 72.85499572753906 503.64208984375 72.85499572753906 575.0000457763672 0.0 575.0000457763672
0.0 504.432861328125 72.04759979248047 504.432861328125 72.04759979248047 575.0000152587891 0.0 575.0000152587891
0.0 503.5425720214844 72.95654296875 503.5425720214844 72.95654296875 575.0 0.0 575.0
0.0 503.45257568359375 73.04841613769531 503.45257568359375 73.04841613769531 574.9999847412109 0.0 574.9999847412109
0.0 503.5152282714844 72.98445892333984 503.5152282714844 72.98445892333984 575.0 0.0 575.0
0.0 505.8818359375 70.56819152832031 505.8818359375 70.56819152832031 574.9999847412109 0.0 574.9999847412109
0.0 506.52978515625 69.90667724609375 506.52978515625 69.90667724609375 575.0000152587891 0.0 575.0000152587891
0.0 504.1795959472656 72.30613708496094 504.1795959472656 72.30613708496094 574.9999847412109 0.0 574.9999847412109
0.15867462754249573 507.04864501953125 69.5356048643589 507.04864501953125 69.5356048643589 575.0000152587891 0.15867462754249573 575.0000152587891
0.0 506.98138427734375 69.44556427001953 506.98138427734375 69.44556427001953 574.9999771118164 0.0 574.9999771118164
0.0 504.44500732421875 72.03515625 504.44500732421875 72.03515625 574.9999847412109 0.0 574.9999847412109
0.0 506.9228515625 69.50536346435547 506.9228515625 69.50536346435547 575.0000152587891 0.0 575.0000152587891
0.0 506.9872131347656 69.43966674804688 506.9872131347656 69.43966674804688 575.0000381469727 0.0 575.0000381469727
0.00472183246165514 506.755126953125 69.43289108294994 506.755126953125 69.43289108294994 574.7566833496094 0.00472183246165514 574.7566833496094
0.0 507.37261962890625 68.60346984863281 507.37261962890625 68.60346984863281 574.5664215087891 0.0 574.5664215087891
0.0 507.94091796875 68.4659423828125 507.94091796875 68.4659423828125 575.0000228881836 0.0 575.0000228881836
0.0 504.3338317871094 71.88923645019531 504.3338317871094 71.88923645019531 574.7458953857422 0.0 574.7458953857422
0.07943496853113174 504.221435546875 72.04975662380457 504.221435546875 72.04975662380457 574.7129135131836 0.07943496853113174 574.7129135131836
0.0 503.1065368652344 73.4017105102539 503.1065368652344 73.4017105102539 574.9999847412109 0.0 574.9999847412109
0.0 503.15478515625 73.35247039794922 503.15478515625 73.35247039794922 575.0 0.0 575.0
0.0 503.77313232421875 72.50218200683594 503.77313232421875 72.50218200683594 574.7855224609375 0.0 574.7855224609375
0.0 506.609375 69.6886978149414 506.609375 69.6886978149414 574.8660888671875 0.0 574.8660888671875
0.0 508.36541748046875 68.03250885009766 508.36541748046875 68.03250885009766 574.9999771118164 0.0 574.9999771118164
0.0 508.7765197753906 67.6128158569336 508.7765197753906 67.6128158569336 575.0000076293945 0.0 575.0000076293945
0.0 508.712646484375 67.67802429199219 508.712646484375 67.67802429199219 575.0 0.0 575.0
0.18037566542625427 508.25579833984375 68.32482299208641 508.25579833984375 68.32482299208641 574.9999847412109 0.18037566542625427 574.9999847412109
0.0525665283203125 508.60980224609375 67.83560943603516 508.60980224609375 67.83560943603516 575.0000152587891 0.0525665283203125 575.0000152587891
0.0 508.57208251953125 67.82151794433594 508.57208251953125 67.82151794433594 574.9999847412109 0.0 574.9999847412109
0.0 508.73748779296875 67.65261840820312 508.73748779296875 67.65261840820312 574.9999542236328 0.0 574.9999542236328
0.0 508.63616943359375 67.75608825683594 508.63616943359375 67.75608825683594 574.9999771118164 0.0 574.9999771118164
0.09152068942785263 508.8154296875 67.6646026596427 508.8154296875 67.6646026596427 574.9999847412109 0.09152068942785263 574.9999847412109
0.0 508.7982482910156 67.59066009521484 508.7982482910156 67.59066009521484 575.0000228881836 0.0 575.0000228881836
0.0 508.62799072265625 67.76447296142578 508.62799072265625 67.76447296142578 575.0 0.0 575.0
0.0 508.68267822265625 67.70866394042969 508.68267822265625 67.70866394042969 575.0000305175781 0.0 575.0000305175781
0.0 508.65966796875 67.73210144042969 508.65966796875 67.73210144042969 574.9999771118164 0.0 574.9999771118164
0.0 508.6426696777344 67.7494888305664 508.6426696777344 67.7494888305664 575.0000076293945 0.0 575.0000076293945
0.0 508.6728515625 67.71868133544922 508.6728515625 67.71868133544922 575.0000152587891 0.0 575.0000152587891
0.0 508.7708435058594 67.61861419677734 508.7708435058594 67.61861419677734 575.0000076293945 0.0 575.0000076293945
0.0 508.7139587402344 67.67664337158203 508.7139587402344 67.67664337158203 574.9999542236328 0.0 574.9999542236328
0.15174102783203125 508.50836181640625 68.038330078125 508.50836181640625 68.038330078125 574.9999847412109 0.15174102783203125 574.9999847412109
0.0 508.7179260253906 67.67268371582031 508.7179260253906 67.67268371582031 575.0000457763672 0.0 575.0000457763672
0.0 508.7664489746094 67.62168884277344 508.7664489746094 67.62168884277344 574.9986190795898 0.0 574.9986190795898
0.0 508.67120361328125 67.7203598022461 508.67120361328125 67.7203598022461 575.0000228881836 0.0 575.0000228881836
0.16226425766944885 508.34356689453125 68.21709671616554 508.34356689453125 68.21709671616554 574.9999847412109 0.16226425766944885 574.9999847412109
0.13440704345703125 508.45660400390625 68.07389068603516 508.45660400390625 68.07389068603516 575.0000457763672 0.13440704345703125 575.0000457763672
0.0 508.78363037109375 67.60551452636719 508.78363037109375 67.60551452636719 574.9999618530273 0.0 574.9999618530273
0.0 508.59014892578125 67.80310821533203 508.59014892578125 67.80310821533203 575.0000076293945 0.0 575.0000076293945
0.0 508.67547607421875 67.71595764160156 508.67547607421875 67.71595764160156 574.9999771118164 0.0 574.9999771118164
0.0 508.67572021484375 67.71574401855469 508.67572021484375 67.71574401855469 575.0000076293945 0.0 575.0000076293945
0.0 506.9404296875 69.48744201660156 506.9404296875 69.48744201660156 575.0 0.0 575.0
0.0 506.96331787109375 69.46405792236328 506.96331787109375 69.46405792236328 574.9999847412109 0.0 574.9999847412109
0.015512848272919655 507.1314392089844 69.30792465247214 507.1314392089844 69.30792465247214 574.9999847412109 0.015512848272919655 574.9999847412109
0.0 507.02001953125 69.40618133544922 507.02001953125 69.40618133544922 574.9999923706055 0.0 574.9999923706055
0.0 506.9662170410156 69.43632507324219 506.9662170410156 69.43632507324219 574.9757080078125 0.0 574.9757080078125
0.14539413154125214 507.10101318359375 69.46889571845531 507.10101318359375 69.46889571845531 575.0 0.14539413154125214 575.0
0.0 506.8251953125 69.60508728027344 506.8251953125 69.60508728027344 574.9999847412109 0.0 574.9999847412109
0.0 506.885498046875 69.54352569580078 506.885498046875 69.54352569580078 574.9999847412109 0.0 574.9999847412109
0.0 506.8880310058594 69.54093170166016 506.8880310058594 69.54093170166016 574.9999847412109 0.0 574.9999847412109
0.0 507.0367736816406 69.38907623291016 507.0367736816406 69.38907623291016 575.0 0.0 575.0
0.0 507.00946044921875 69.36295318603516 507.00946044921875 69.36295318603516 574.9470977783203 0.0 574.9470977783203
0.04593048244714737 506.97271728515625 69.50041351467371 506.97271728515625 69.50041351467371 575.0 0.04593048244714737 575.0
0.0 506.8540954589844 69.57555389404297 506.8540954589844 69.57555389404297 574.9999618530273 0.0 574.9999618530273
0.0 506.99688720703125 69.42981719970703 506.99688720703125 69.42981719970703 575.0000152587891 0.0 575.0000152587891
0.0 506.92724609375 69.50093078613281 506.92724609375 69.50093078613281 575.0000228881836 0.0 575.0000228881836
0.0 507.88140869140625 68.5267105102539 507.88140869140625 68.5267105102539 574.9999847412109 0.0 574.9999847412109
0.0 506.91650390625 69.51185607910156 506.91650390625 69.51185607910156 574.9999771118164 0.0 574.9999771118164
0.0 507.79901123046875 68.61090087890625 507.79901123046875 68.61090087890625 575.0000457763672 0.0 575.0000457763672
0.053894806653261185 507.7060546875 68.7596900947392 507.7060546875 68.7596900947392 575.0000228881836 0.053894806653261185 575.0000228881836
0.0 507.78790283203125 68.62220764160156 507.78790283203125 68.62220764160156 574.9999923706055 0.0 574.9999923706055
0.0 507.7772521972656 68.63311004638672 507.7772521972656 68.63311004638672 575.0000228881836 0.0 575.0000228881836
0.0 508.6358947753906 67.75642395019531 508.6358947753906 67.75642395019531 574.9999923706055 0.0 574.9999923706055
0.0 508.7127990722656 67.67790222167969 508.7127990722656 67.67790222167969 574.9999923706055 0.0 574.9999923706055
0.0 508.6841735839844 67.70710754394531 508.6841735839844 67.70710754394531 574.9999771118164 0.0 574.9999771118164
0.0 508.75726318359375 67.63249206542969 508.75726318359375 67.63249206542969 574.9999847412109 0.0 574.9999847412109
0.09947357326745987 508.6553649902344 67.83598480373621 508.6553649902344 67.83598480373621 574.9999618530273 0.09947357326745987 574.9999618530273
0.0 508.7264709472656 67.66395568847656 508.7264709472656 67.66395568847656 575.0000152587891 0.0 575.0000152587891
0.0 508.64434814453125 67.7477798461914 508.64434814453125 67.7477798461914 574.9999847412109 0.0 574.9999847412109
0.0 508.60302734375 67.79002380371094 508.60302734375 67.79002380371094 575.0000381469727 0.0 575.0000381469727
0.09643936157226562 508.79412841796875 67.69128799438477 508.79412841796875 67.69128799438477 574.9999771118164 0.09643936157226562 574.9999771118164
0.0 508.6893615722656 67.70186614990234 508.6893615722656 67.70186614990234 575.0000381469727 0.0 575.0000381469727
0.0 508.62579345703125 67.7667465209961 508.62579345703125 67.7667465209961 575.0000152587891 0.0 575.0000152587891
0.0 508.8346252441406 67.55354309082031 508.8346252441406 67.55354309082031 575.0000228881836 0.0 575.0000228881836
0.0 508.6744079589844 67.71707916259766 508.6744079589844 67.71707916259766 574.9999847412109 0.0 574.9999847412109
0.0 508.7068786621094 67.6839370727539 508.7068786621094 67.6839370727539 574.9999923706055 0.0 574.9999923706055
0.0 508.7958984375 67.5930404663086 508.7958984375 67.5930404663086 574.9999847412109 0.0 574.9999847412109
0.0 508.8294982910156 67.55876159667969 508.8294982910156 67.55876159667969 575.0000076293945 0.0 575.0000076293945
0.0 508.7357482910156 67.65452575683594 508.7357482910156 67.65452575683594 575.0000534057617 0.0 575.0000534057617
0.0 508.64697265625 67.74510192871094 508.64697265625 67.74510192871094 574.9999923706055 0.0 574.9999923706055
0.0 508.77392578125 67.61548614501953 508.77392578125 67.61548614501953 575.0 0.0 575.0
0.0 508.8783264160156 67.50889587402344 508.8783264160156 67.50889587402344 574.9999923706055 0.0 574.9999923706055
0.11893157660961151 508.8273010253906 67.67990569770336 508.8273010253906 67.67990569770336 574.9999771118164 0.11893157660961151 574.9999771118164
0.0 508.7377014160156 67.65245056152344 508.7377014160156 67.65245056152344 574.9999771118164 0.0 574.9999771118164
0.0 508.61865234375 67.77398681640625 508.61865234375 67.77398681640625 574.9999618530273 0.0 574.9999618530273
0.057425688952207565 508.7978515625 67.64850540086627 508.7978515625 67.64850540086627 575.0000152587891 0.057425688952207565 575.0000152587891
0.08044662326574326 508.83990478515625 67.62857284396887 508.83990478515625 67.62857284396887 575.0 0.08044662326574326 575.0
0.0 508.72314453125 67.66734313964844 508.72314453125 67.66734313964844 575.0 0.0 575.0
0.0 508.69976806640625 67.69122314453125 508.69976806640625 67.69122314453125 575.0000152587891 0.0 575.0000152587891
0.0 508.61566162109375 67.7770767211914 508.61566162109375 67.7770767211914 575.0 0.0 575.0
0.0 507.27197265625 69.1489486694336 507.27197265625 69.1489486694336 574.9999923706055 0.0 574.9999923706055
0.0 508.6656799316406 67.72602081298828 508.6656799316406 67.72602081298828 575.0000076293945 0.0 575.0000076293945
0.15865173935890198 508.2938537597656 68.26431885361671 508.2938537597656 68.26431885361671 575.0000305175781 0.15865173935890198 575.0000305175781
0.10960769653320312 506.39727783203125 70.15159225463867 506.39727783203125 70.15159225463867 574.9999847412109 0.10960769653320312 574.9999847412109
0.0 508.7474670410156 67.64250946044922 508.7474670410156 67.64250946044922 575.0000152587891 0.0 575.0000152587891
0.08040771633386612 508.7616271972656 67.70843658596277 508.7616271972656 67.70843658596277 574.9999923706055 0.08040771633386612 574.9999923706055
0.0 508.75531005859375 67.63446807861328 508.75531005859375 67.63446807861328 574.9999847412109 0.0 574.9999847412109
0.0 508.72784423828125 67.66252136230469 508.72784423828125 67.66252136230469 574.9999923706055 0.0 574.9999923706055
0.0 508.763916015625 67.62570190429688 508.763916015625 67.62570190429688 575.0 0.0 575.0
0.0 508.7314453125 67.65884399414062 508.7314453125 67.65884399414062 574.9999847412109 0.0 574.9999847412109
0.0 508.6019592285156 67.7910385131836 508.6019592285156 67.7910385131836 574.9999771118164 0.0 574.9999771118164
0.0 508.7013244628906 67.68961334228516 508.7013244628906 67.68961334228516 575.0 0.0 575.0
0.0 507.07586669921875 69.34915924072266 507.07586669921875 69.34915924072266 574.9999771118164 0.0 574.9999771118164
0.0 506.96856689453125 69.45875549316406 506.96856689453125 69.45875549316406 575.0000228881836 0.0 575.0000228881836
0.0 507.0057067871094 69.42082214355469 507.0057067871094 69.42082214355469 575.0000152587891 0.0 575.0000152587891
0.12403488159179688 507.20068359375 69.34572982788086 507.20068359375 69.34572982788086 574.9999542236328 0.12403488159179688 574.9999542236328
0.021697234362363815 506.83721923828125 69.61453933641315 506.83721923828125 69.61453933641315 575.0000152587891 0.021697234362363815 575.0000152587891
0.0 506.9551696777344 69.47236633300781 506.9551696777344 69.47236633300781 574.9999542236328 0.0 574.9999542236328
0.0 507.433349609375 68.98422241210938 507.433349609375 68.98422241210938 575.0000152587891 0.0 575.0000152587891
0.0 508.57574462890625 67.8178482055664 508.57574462890625 67.8178482055664 575.0000076293945 0.0 575.0000076293945
0.0 508.6993103027344 67.69171142578125 508.6993103027344 67.69171142578125 575.0000305175781 0.0 575.0000305175781
0.0 509.125 67.25703430175781 509.125 67.25703430175781 574.9999694824219 0.0 574.9999694824219
0.0 509.164794921875 67.21643829345703 509.164794921875 67.21643829345703 575.0000076293945 0.0 575.0000076293945
0.0 509.6204528808594 66.3772201538086 509.6204528808594 66.3772201538086 574.6336975097656 0.0 574.6336975097656
0.0 509.9007873535156 65.68360900878906 509.9007873535156 65.68360900878906 574.2346725463867 0.0 574.2346725463867
0.0 510.0059509277344 65.12126159667969 510.0059509277344 65.12126159667969 573.7890434265137 0.0 573.7890434265137
0.0 509.09716796875 64.363037109375 509.09716796875 64.363037109375 572.1376152038574 0.0 572.1376152038574
0.0 509.50390625 64.79780578613281 509.50390625 64.79780578613281 572.9701843261719 0.0 572.9701843261719
0.0 508.86163330078125 67.52594757080078 508.86163330078125 67.52594757080078 574.9999923706055 0.0 574.9999923706055
0.0 508.771484375 67.61802673339844 508.771484375 67.61802673339844 575.0000381469727 0.0 575.0000381469727
0.0 509.2318420410156 67.14794158935547 509.2318420410156 67.14794158935547 574.9999694824219 0.0 574.9999694824219
0.0 509.8341369628906 66.29085540771484 509.8341369628906 66.29085540771484 574.7627944946289 0.0 574.7627944946289
0.0 508.7060546875 67.68479919433594 508.7060546875 67.68479919433594 575.0000152587891 0.0 575.0000152587891
0.0 509.02642822265625 67.14372253417969 509.02642822265625 67.14372253417969 574.7904281616211 0.0 574.7904281616211
0.0 509.12255859375 67.25953674316406 509.12255859375 67.25953674316406 574.9999847412109 0.0 574.9999847412109
0.0 509.33319091796875 66.68293762207031 509.33319091796875 66.68293762207031 574.6458740234375 0.0 574.6458740234375
0.0 509.07672119140625 67.3063735961914 509.07672119140625 67.3063735961914 575.0000305175781 0.0 575.0000305175781
0.0 509.0868225097656 67.29603576660156 509.0868225097656 67.29603576660156 575.0000076293945 0.0 575.0000076293945
0.0 509.19610595703125 66.9896011352539 509.19610595703125 66.9896011352539 574.8091583251953 0.0 574.8091583251953
0.0 509.2189025878906 66.9021987915039 509.2189025878906 66.9021987915039 574.7463531494141 0.0 574.7463531494141
0.0 509.4634704589844 66.51654052734375 509.4634704589844 66.51654052734375 574.6131896972656 0.0 574.6131896972656
0.0 509.20654296875 67.1014633178711 509.20654296875 67.1014633178711 574.9291534423828 0.0 574.9291534423828
0.0 509.30157470703125 66.31729888916016 509.30157470703125 66.31729888916016 574.2561264038086 0.0 574.2561264038086
0.0 510.5912170410156 65.13397979736328 510.5912170410156 65.13397979736328 574.3867607116699 0.0 574.3867607116699
0.0 511.7183532714844 64.60932159423828 511.7183532714844 64.60932159423828 575.0000190734863 0.0 575.0000190734863
0.0 510.9913024902344 63.79669189453125 510.9913024902344 63.79669189453125 573.4770393371582 0.0 573.4770393371582
0.0 511.61529541015625 61.39542770385742 511.61529541015625 61.39542770385742 571.7491149902344 0.0 571.7491149902344
0.0 512.3001098632812 60.840431213378906 512.3001098632812 60.840431213378906 571.8903312683105 0.0 571.8903312683105
0.0 510.6693420410156 60.80030059814453 510.6693420410156 60.80030059814453 570.2202568054199 0.0 570.2202568054199
0.0 510.75958251953125 60.37678146362305 510.75958251953125 60.37678146362305 569.8956832885742 0.0 569.8956832885742
0.0 511.0030822753906 59.81623458862305 511.0030822753906 59.81623458862305 569.5901565551758 0.0 569.5901565551758
0.0 510.48260498046875 60.50966262817383 510.48260498046875 60.50966262817383 569.748851776123 0.0 569.748851776123
0.0 510.79534912109375 60.11431884765625 510.79534912109375 60.11431884765625 569.6743774414062 0.0 569.6743774414062
0.0 511.8560485839844 58.968345642089844 511.8560485839844 58.968345642089844 569.6126518249512 0.0 569.6126518249512
0.0 511.9059143066406 59.102500915527344 511.9059143066406 59.102500915527344 569.7939224243164 0.0 569.7939224243164
0.0 511.87744140625 59.12479782104492 511.87744140625 59.12479782104492 569.7872924804688 0.0 569.7872924804688
0.0 510.802734375 60.36284255981445 510.802734375 60.36284255981445 569.9251899719238 0.0 569.9251899719238
0.0 510.32421875 60.96278762817383 510.32421875 60.96278762817383 570.0342903137207 0.0 570.0342903137207
0.0 510.1878967285156 60.75187301635742 510.1878967285156 60.75187301635742 569.6913871765137 0.0 569.6913871765137
0.05238914489746094 510.8373107910156 60.06772041320801 510.8373107910156 60.06772041320801 569.6193923950195 0.05238914489746094 569.6193923950195
0.0 510.3140563964844 60.46977996826172 510.3140563964844 60.46977996826172 569.5412483215332 0.0 569.5412483215332
0.0 510.54559326171875 60.65751266479492 510.54559326171875 60.65751266479492 569.9566650390625 0.0 569.9566650390625
0.0 510.36065673828125 60.72412872314453 510.36065673828125 60.72412872314453 569.8369750976562 0.0 569.8369750976562
0.0 509.98956298828125 60.577476501464844 509.98956298828125 60.577476501464844 569.3222465515137 0.0 569.3222465515137
0.0 509.4443359375 60.49614715576172 509.4443359375 60.49614715576172 568.6973648071289 0.0 568.6973648071289
0.0 510.7051696777344 59.93077850341797 510.7051696777344 59.93077850341797 569.4044494628906 0.0 569.4044494628906
0.0 511.18072509765625 60.251983642578125 511.18072509765625 60.251983642578125 570.1946105957031 0.0 570.1946105957031
0.0 510.52032470703125 60.39777374267578 510.52032470703125 60.39777374267578 569.677001953125 0.0 569.677001953125
0.0 511.048583984375 60.706382751464844 511.048583984375 60.706382751464844 570.5075302124023 0.0 570.5075302124023
0.0 510.29022216796875 61.43308639526367 510.29022216796875 61.43308639526367 570.4609375 0.0 570.4609375
0.0 509.4684143066406 61.79658889770508 509.4684143066406 61.79658889770508 569.9951667785645 0.0 569.9951667785645
0.0 509.56427001953125 62.52836990356445 509.56427001953125 62.52836990356445 570.8077621459961 0.0 570.8077621459961
0.0 508.98101806640625 62.5545539855957 508.98101806640625 62.5545539855957 570.2501602172852 0.0 570.2501602172852
0.0 509.416259765625 63.510658264160156 509.416259765625 63.510658264160156 571.6218566894531 0.0 571.6218566894531
0.0 508.77996826171875 64.64624786376953 508.77996826171875 64.64624786376953 572.0978164672852 0.0 572.0978164672852
0.0 508.3111877441406 64.76921081542969 508.3111877441406 64.76921081542969 571.7494735717773 0.0 571.7494735717773
0.0 509.7229919433594 64.41062927246094 509.7229919433594 64.41062927246094 572.8100662231445 0.0 572.8100662231445
0.0 509.220947265625 63.99262619018555 509.220947265625 63.99262619018555 571.898609161377 0.0 571.898609161377
0.0 509.4759216308594 64.75746154785156 509.4759216308594 64.75746154785156 572.9026985168457 0.0 572.9026985168457
0.0 509.11083984375 67.27152252197266 509.11083984375 67.27152252197266 575.0000152587891 0.0 575.0000152587891
0.025124359875917435 508.7235412597656 67.69209365919232 508.7235412597656 67.69209365919232 575.0000381469727 0.025124359875917435 575.0000381469727
0.0 508.5751037597656 67.81851196289062 508.5751037597656 67.81851196289062 575.0000228881836 0.0 575.0000228881836
0.0 509.18292236328125 67.19795227050781 509.18292236328125 67.19795227050781 575.0000305175781 0.0 575.0000305175781
0.0 509.1934509277344 66.77188110351562 509.1934509277344 66.77188110351562 574.5932464599609 0.0 574.5932464599609
0.0 509.177734375 66.80332946777344 509.177734375 66.80332946777344 574.6083374023438 0.0 574.6083374023438
0.0 509.0699157714844 67.31324768066406 509.0699157714844 67.31324768066406 574.9999542236328 0.0 574.9999542236328
0.0 509.18414306640625 67.1966781616211 509.18414306640625 67.1966781616211 575.0000152587891 0.0 575.0000152587891
0.0 509.2372131347656 66.8156509399414 509.2372131347656 66.8156509399414 574.6798858642578 0.0 574.6798858642578
0.0 509.1593322753906 67.22203063964844 509.1593322753906 67.22203063964844 575.0000457763672 0.0 575.0000457763672
0.00958099402487278 509.1663513183594 67.22437133826315 509.1663513183594 67.22437133826315 574.9999694824219 0.00958099402487278 574.9999694824219
0.0 509.1900939941406 67.19058227539062 509.1900939941406 67.19058227539062 575.0 0.0 575.0
0.0 509.1205139160156 67.2616195678711 509.1205139160156 67.2616195678711 575.0 0.0 575.0
