279.0 260.0 312.0 260.0 312.0 296.0 279.0 296.0
279.5043640136719 261.17864990234375 312.3096389770508 261.17864990234375 312.3096389770508 295.44329833984375 279.5043640136719 295.44329833984375
279.8248596191406 261.5704040527344 312.4662055969238 261.5704040527344 312.4662055969238 296.4663391113281 279.8248596191406 296.4663391113281
280.31170654296875 261.4973449707031 313.1418228149414 261.4973449707031 313.1418228149414 296.64379119873047 280.31170654296875 296.64379119873047
279.89727783203125 261.22430419921875 314.1747817993164 261.22430419921875 314.1747817993164 296.84859466552734 279.89727783203125 296.84859466552734
280.043701171875 261.2522277832031 314.1388244628906 261.2522277832031 314.1388244628906 297.85222244262695 280.043701171875 297.85222244262695
279.62408447265625 262.36822509765625 314.3167610168457 262.36822509765625 314.3167610168457 297.5934753417969 279.62408447265625 297.5934753417969
280.72613525390625 262.8320007324219 315.55738067626953 262.8320007324219 315.55738067626953 297.6392135620117 280.72613525390625 297.6392135620117
280.4214782714844 262.20428466796875 314.1407165527344 262.20428466796875 314.1407165527344 298.3259048461914 280.4214782714844 298.3259048461914
281.4055480957031 262.0964050292969 314.8711395263672 262.0964050292969 314.8711395263672 298.60430908203125 281.4055480957031 298.60430908203125
281.5361328125 262.7363586425781 315.14148330688477 262.7363586425781 315.14148330688477 299.396728515625 281.5361328125 299.396728515625
282.1690673828125 262.47686767578125 315.5939178466797 262.47686767578125 315.5939178466797 298.9403305053711 282.1690673828125 298.9403305053711
282.44024658203125 263.51641845703125 315.85212326049805 263.51641845703125 315.85212326049805 299.9657287597656 282.44024658203125 299.9657287597656
282.28936767578125 262.71875 316.9577102661133 262.71875 316.9577102661133 299.5606880187988 282.28936767578125 299.5606880187988
282.28619384765625 261.0316467285156 317.5445327758789 261.0316467285156 317.5445327758789 299.49527740478516 282.28619384765625 299.49527740478516
282.77197265625 261.70758056640625 318.9130630493164 261.70758056640625 318.9130630493164 299.22835540771484 282.77197265625 299.22835540771484
284.4547119140625 261.0009765625 319.09810638427734 261.0009765625 319.09810638427734 299.43270111083984 284.4547119140625 299.43270111083984
287.0590515136719 261.4878845214844 320.4531364440918 261.4878845214844 320.4531364440918 300.60628509521484 287.0590515136719 300.60628509521484
286.1654968261719 261.7491149902344 320.32133865356445 261.7491149902344 320.32133865356445 300.1195602416992 286.1654968261719 300.1195602416992
286.23992919921875 261.8693542480469 321.0079116821289 261.8693542480469 321.0079116821289 300.8674430847168 286.23992919921875 300.8674430847168
289.8397521972656 262.1612243652344 322.32347869873047 262.1612243652344 322.32347869873047 300.6393356323242 289.8397521972656 300.6393356323242
289.4512634277344 262.01556396484375 323.5124931335449 262.01556396484375 323.5124931335449 301.05329513549805 289.4512634277344 301.05329513549805
290.4931640625 262.16180419921875 324.6528511047363 262.16180419921875 324.6528511047363 301.59688568115234 290.4931640625 301.59688568115234
291.32183837890625 262.16241455078125 326.3561248779297 262.16241455078125 326.3561248779297 301.39257049560547 291.32183837890625 301.39257049560547
292.1128845214844 260.96661376953125 327.5807647705078 260.96661376953125 327.5807647705078 301.0195999145508 292.1128845214844 301.0195999145508
294.7370300292969 262.5580139160156 330.18103790283203 262.5580139160156 330.18103790283203 302.08343505859375 294.7370300292969 302.08343505859375
295.1160583496094 262.35040283203125 331.1124954223633 262.35040283203125 331.1124954223633 302.32586669921875 295.1160583496094 302.32586669921875
297.36920166015625 262.9571228027344 331.53242111206055 262.9571228027344 331.53242111206055 302.16755294799805 297.36920166015625 302.16755294799805
297.83935546875 261.7365417480469 334.0320854187012 261.7365417480469 334.0320854187012 301.01856231689453 297.83935546875 301.01856231689453
297.0210876464844 262.7871398925781 332.85357666015625 262.7871398925781 332.85357666015625 301.2908515930176 297.0210876464844 301.2908515930176
297.7737121582031 261.32940673828125 334.2813415527344 261.32940673828125 334.2813415527344 301.36502838134766 297.7737121582031 301.36502838134766
299.8614501953125 261.9622497558594 336.3947219848633 261.9622497558594 336.3947219848633 301.3414306640625 299.8614501953125 301.3414306640625
299.2720642089844 260.6045837402344 336.1915168762207 260.6045837402344 336.1915168762207 301.59400177001953 299.2720642089844 301.59400177001953
301.3163146972656 261.42840576171875 337.06518173217773 261.42840576171875 337.06518173217773 300.9912338256836 301.3163146972656 300.9912338256836
301.28997802734375 262.08734130859375 337.5401420593262 262.08734130859375 337.5401420593262 301.4986457824707 301.28997802734375 301.4986457824707
303.39398193359375 261.3541259765625 339.6661148071289 261.3541259765625 339.6661148071289 300.43477630615234 303.39398193359375 300.43477630615234
303.0733947753906 261.41229248046875 339.4381866455078 261.41229248046875 339.4381866455078 300.9737434387207 303.0733947753906 300.9737434387207
303.3729553222656 261.9284362792969 338.2325897216797 261.9284362792969 338.2325897216797 301.0214042663574 303.3729553222656 301.0214042663574
306.11431884765625 260.6927185058594 340.9361686706543 260.6927185058594 340.9361686706543 299.5035591125488 306.11431884765625 299.5035591125488
304.83135986328125 261.10205078125 340.1851272583008 261.10205078125 340.1851272583008 300.5549011230469 304.83135986328125 300.5549011230469
305.66156005859375 261.294921875 341.9189033508301 261.294921875 341.9189033508301 300.88327407836914 305.66156005859375 300.88327407836914
305.92095947265625 261.5728759765625 341.9466323852539 261.5728759765625 341.9466323852539 300.69387435913086 305.92095947265625 300.69387435913086
307.1466064453125 261.6289367675781 342.71594619750977 261.6289367675781 342.71594619750977 300.6662178039551 307.1466064453125 300.6662178039551
306.918701171875 262.4228210449219 343.0717887878418 262.4228210449219 343.0717887878418 300.8711471557617 306.918701171875 300.8711471557617
308.867431640625 262.7128601074219 343.9899673461914 262.7128601074219 343.9899673461914 301.01233673095703 308.867431640625 301.01233673095703
309.3795166015625 262.07196044921875 344.2814521789551 262.07196044921875 344.2814521789551 300.9060173034668 309.3795166015625 300.9060173034668
309.9420166015625 261.853515625 345.17845153808594 261.853515625 345.17845153808594 301.0335922241211 309.9420166015625 301.0335922241211
311.0177001953125 261.7698669433594 345.89958572387695 261.7698669433594 345.89958572387695 300.662899017334 311.0177001953125 300.662899017334
311.2021484375 261.4307556152344 346.6599922180176 261.4307556152344 346.6599922180176 301.0620803833008 311.2021484375 301.0620803833008
311.61383056640625 262.1474304199219 347.02983474731445 262.1474304199219 347.02983474731445 301.48120498657227 311.61383056640625 301.48120498657227
313.04901123046875 262.26593017578125 347.93810272216797 262.26593017578125 347.93810272216797 301.38536834716797 313.04901123046875 301.38536834716797
312.33648681640625 263.4607849121094 348.06705474853516 263.4607849121094 348.06705474853516 302.36073303222656 312.33648681640625 302.36073303222656
312.64190673828125 262.84033203125 349.8286323547363 262.84033203125 349.8286323547363 301.36603927612305 312.64190673828125 301.36603927612305
312.9510803222656 264.22662353515625 348.2478332519531 264.22662353515625 348.2478332519531 302.64808654785156 312.9510803222656 302.64808654785156
314.09600830078125 263.5099792480469 350.3699951171875 263.5099792480469 350.3699951171875 302.41456604003906 314.09600830078125 302.41456604003906
315.0055236816406 263.3786926269531 351.82966232299805 263.3786926269531 351.82966232299805 302.1726951599121 315.0055236816406 302.1726951599121
314.729248046875 265.0072326660156 351.8043899536133 265.0072326660156 351.8043899536133 302.48104095458984 314.729248046875 302.48104095458984
314.6865539550781 265.61431884765625 352.6776924133301 265.61431884765625 352.6776924133301 302.4857711791992 314.6865539550781 302.4857711791992
315.42852783203125 265.6437072753906 353.6158752441406 265.6437072753906 353.6158752441406 302.2457466125488 315.42852783203125 302.2457466125488
316.7835388183594 265.3112487792969 354.9462471008301 265.3112487792969 354.9462471008301 301.2776527404785 316.7835388183594 301.2776527404785
316.7906799316406 265.47613525390625 355.5707473754883 265.47613525390625 355.5707473754883 301.09378814697266 316.7906799316406 301.09378814697266
317.1289367675781 265.1337890625 355.9709701538086 265.1337890625 355.9709701538086 301.466796875 317.1289367675781 301.466796875
318.61077880859375 265.60333251953125 357.0298080444336 265.60333251953125 357.0298080444336 301.88793182373047 318.61077880859375 301.88793182373047
319.40594482421875 265.33148193359375 357.3885269165039 265.33148193359375 357.3885269165039 300.8670234680176 319.40594482421875 300.8670234680176
318.5353698730469 265.48968505859375 357.8973503112793 265.48968505859375 357.8973503112793 302.0506286621094 318.5353698730469 302.0506286621094
319.7119140625 264.43389892578125 359.3790855407715 264.43389892578125 359.3790855407715 301.4465217590332 319.7119140625 301.4465217590332
321.40362548828125 264.4280090332031 359.8237495422363 264.4280090332031 359.8237495422363 301.21350860595703 321.40362548828125 301.21350860595703
321.8184509277344 263.838134765625 361.9062385559082 263.838134765625 361.9062385559082 301.9324188232422 321.8184509277344 301.9324188232422
325.7470703125 262.69403076171875 363.79034423828125 262.69403076171875 363.79034423828125 300.42683029174805 325.7470703125 300.42683029174805
326.14300537109375 262.302978515625 364.4627342224121 262.302978515625 364.4627342224121 300.1962127685547 326.14300537109375 300.1962127685547
328.4493103027344 261.1202087402344 366.47693634033203 261.1202087402344 366.47693634033203 299.71190643310547 328.4493103027344 299.71190643310547
328.72674560546875 261.59307861328125 366.7584114074707 261.59307861328125 366.7584114074707 299.1764602661133 328.72674560546875 299.1764602661133
330.7931213378906 260.82391357421875 367.80026626586914 260.82391357421875 367.80026626586914 297.75998306274414 330.7931213378906 297.75998306274414
332.00933837890625 261.17431640625 368.2974853515625 261.17431640625 368.2974853515625 296.94361114501953 332.00933837890625 296.94361114501953
332.91827392578125 260.66796875 369.0919494628906 260.66796875 369.0919494628906 296.6241149902344 332.91827392578125 296.6241149902344
333.52215576171875 260.27191162109375 369.66893005371094 260.27191162109375 369.66893005371094 296.5667724609375 333.52215576171875 296.5667724609375
335.15655517578125 260.2117004394531 370.10926055908203 260.2117004394531 370.10926055908203 296.1433334350586 335.15655517578125 296.1433334350586
334.7444763183594 260.36761474609375 370.54557037353516 260.36761474609375 370.54557037353516 296.62677001953125 334.7444763183594 296.62677001953125
335.5783996582031 260.33203125 370.8055953979492 260.33203125 370.8055953979492 296.50611114501953 335.5783996582031 296.50611114501953
336.02655029296875 260.59832763671875 370.8866271972656 260.59832763671875 370.8866271972656 296.4502410888672 336.02655029296875 296.4502410888672
336.662353515625 260.87933349609375 370.85212326049805 260.87933349609375 370.85212326049805 296.6224594116211 336.662353515625 296.6224594116211
336.4807434082031 260.707275390625 370.85111236572266 260.707275390625 370.85111236572266 297.8017692565918 336.4807434082031 297.8017692565918
336.4571838378906 261.3104553222656 371.30178451538086 261.3104553222656 371.30178451538086 298.01912689208984 336.4571838378906 298.01912689208984
337.2629089355469 260.92401123046875 371.5361862182617 260.92401123046875 371.5361862182617 297.11165618896484 337.2629089355469 297.11165618896484
337.8223876953125 260.23321533203125 372.14393615722656 260.23321533203125 372.14393615722656 297.7933158874512 337.8223876953125 297.7933158874512
339.41265869140625 261.3214416503906 374.18958282470703 261.3214416503906 374.18958282470703 297.2728500366211 339.41265869140625 297.2728500366211
339.52972412109375 261.5455322265625 373.9593505859375 261.5455322265625 373.9593505859375 297.3234443664551 339.52972412109375 297.3234443664551
338.63653564453125 262.0774841308594 374.7804832458496 262.0774841308594 374.7804832458496 297.8735580444336 338.63653564453125 297.8735580444336
338.9410095214844 261.74237060546875 375.44295501708984 261.74237060546875 375.44295501708984 298.2575378417969 338.9410095214844 298.2575378417969
340.58013916015625 261.74359130859375 376.11071395874023 261.74359130859375 376.11071395874023 298.1080551147461 340.58013916015625 298.1080551147461
339.800048828125 261.2852478027344 376.8517150878906 261.2852478027344 376.8517150878906 298.66419219970703 339.800048828125 298.66419219970703
339.549072265625 260.9559020996094 377.74998474121094 260.9559020996094 377.74998474121094 299.0151176452637 339.549072265625 299.0151176452637
339.31219482421875 261.083251953125 377.7336654663086 261.083251953125 377.7336654663086 298.95032501220703 339.31219482421875 298.95032501220703
340.4710388183594 261.33062744140625 377.78844451904297 261.33062744140625 377.78844451904297 299.2272415161133 340.4710388183594 299.2272415161133
340.32586669921875 261.50115966796875 378.67098236083984 261.50115966796875 378.67098236083984 299.43796157836914 340.32586669921875 299.43796157836914
339.79132080078125 260.42156982421875 378.8359184265137 260.42156982421875 378.8359184265137 299.5153160095215 339.79132080078125 299.5153160095215
339.90185546875 260.5410461425781 379.79361724853516 260.5410461425781 379.79361724853516 300.1990852355957 339.90185546875 300.1990852355957
340.6238708496094 261.4272155761719 379.946044921875 261.4272155761719 379.946044921875 299.96475982666016 340.6238708496094 299.96475982666016
341.0317077636719 261.98272705078125 380.33397674560547 261.98272705078125 380.33397674560547 299.7887535095215 341.0317077636719 299.7887535095215
342.77667236328125 262.2169494628906 381.7086486816406 262.2169494628906 381.7086486816406 300.49324798583984 342.77667236328125 300.49324798583984
342.32135009765625 261.63299560546875 381.7636528015137 261.63299560546875 381.7636528015137 300.90319442749023 342.32135009765625 300.90319442749023
342.31024169921875 261.8679504394531 381.7977867126465 261.8679504394531 381.7977867126465 299.99133682250977 342.31024169921875 299.99133682250977
342.94683837890625 261.2525329589844 382.71809005737305 261.2525329589844 382.71809005737305 300.4434013366699 342.94683837890625 300.4434013366699
343.35601806640625 261.20458984375 383.3480644226074 261.20458984375 383.3480644226074 300.5145378112793 343.35601806640625 300.5145378112793
343.0662536621094 260.9475402832031 384.1749458312988 260.9475402832031 384.1749458312988 300.8722267150879 343.0662536621094 300.8722267150879
344.424560546875 261.15130615234375 384.22090911865234 261.15130615234375 384.22090911865234 300.95679473876953 344.424560546875 300.95679473876953
345.29791259765625 261.6180725097656 384.5550422668457 261.6180725097656 384.5550422668457 300.5550422668457 345.29791259765625 300.5550422668457
345.2514343261719 261.65374755859375 384.8309669494629 261.65374755859375 384.8309669494629 300.7872619628906 345.2514343261719 300.7872619628906
346.6851501464844 261.2165222167969 385.8666763305664 261.2165222167969 385.8666763305664 301.48885345458984 346.6851501464844 301.48885345458984
348.2087097167969 261.02691650390625 387.39087677001953 261.02691650390625 387.39087677001953 301.8670959472656 348.2087097167969 301.8670959472656
349.83746337890625 260.8034973144531 388.56681060791016 260.8034973144531 388.56681060791016 301.6085510253906 349.83746337890625 301.6085510253906
350.65478515625 261.8585510253906 389.63769149780273 261.8585510253906 389.63769149780273 302.36156463623047 350.65478515625 302.36156463623047
350.9261779785156 261.5960693359375 390.0995674133301 261.5960693359375 390.0995674133301 302.53367614746094 350.9261779785156 302.53367614746094
352.0781555175781 262.0989074707031 390.465877532959 262.0989074707031 390.465877532959 302.9601936340332 352.0781555175781 302.9601936340332
352.36187744140625 261.5675964355469 391.13564682006836 261.5675964355469 391.13564682006836 303.2232971191406 352.36187744140625 303.2232971191406
353.15997314453125 262.3583068847656 392.10242080688477 262.3583068847656 392.10242080688477 303.75012969970703 353.15997314453125 303.75012969970703
353.50445556640625 261.9471130371094 392.75800704956055 261.9471130371094 392.75800704956055 303.62774658203125 353.50445556640625 303.62774658203125
355.9649353027344 262.60906982421875 394.5494194030762 262.60906982421875 394.5494194030762 303.6728744506836 355.9649353027344 303.6728744506836
356.0478210449219 263.0142517089844 394.68789291381836 263.0142517089844 394.68789291381836 304.0944595336914 356.0478210449219 304.0944595336914
356.23309326171875 261.2841796875 396.0236701965332 261.2841796875 396.0236701965332 303.7696723937988 356.23309326171875 303.7696723937988
357.7798156738281 262.7742614746094 397.0850601196289 262.7742614746094 397.0850601196289 305.5478630065918 357.7798156738281 305.5478630065918
357.6351013183594 263.09979248046875 397.0204048156738 263.09979248046875 397.0204048156738 306.1424560546875 357.6351013183594 306.1424560546875
357.04962158203125 262.10797119140625 396.4132270812988 262.10797119140625 396.4132270812988 305.5526657104492 357.04962158203125 305.5526657104492
357.1897888183594 259.8802185058594 396.2621078491211 259.8802185058594 396.2621078491211 303.66272354125977 357.1897888183594 303.66272354125977
358.91229248046875 260.97052001953125 397.46467208862305 260.97052001953125 397.46467208862305 304.2632598876953 358.91229248046875 304.2632598876953
358.78472900390625 262.6257629394531 397.8530807495117 262.6257629394531 397.8530807495117 306.1133728027344 358.78472900390625 306.1133728027344
361.26995849609375 262.8912658691406 398.99285888671875 262.8912658691406 398.99285888671875 307.48864364624023 361.26995849609375 307.48864364624023
361.0274353027344 262.190673828125 399.36058807373047 262.190673828125 399.36058807373047 307.6247673034668 361.0274353027344 307.6247673034668
363.24835205078125 262.82379150390625 399.9261894226074 262.82379150390625 399.9261894226074 306.750431060791 363.24835205078125 306.750431060791
363.069580078125 262.65869140625 400.20924377441406 262.65869140625 400.20924377441406 306.73653411865234 363.069580078125 306.73653411865234
364.80682373046875 263.47015380859375 400.41558837890625 263.47015380859375 400.41558837890625 306.4336471557617 364.80682373046875 306.4336471557617
364.2894287109375 263.12896728515625 400.4525375366211 263.12896728515625 400.4525375366211 306.44486236572266 364.2894287109375 306.44486236572266
364.5810546875 263.3385314941406 401.0938301086426 263.3385314941406 401.0938301086426 306.5551300048828 364.5810546875 306.5551300048828
365.244140625 262.14031982421875 401.86980056762695 262.14031982421875 401.86980056762695 306.3980140686035 365.244140625 306.3980140686035
365.8565368652344 262.27398681640625 402.1960144042969 262.27398681640625 402.1960144042969 306.61789321899414 365.8565368652344 306.61789321899414
366.0516662597656 261.93438720703125 402.3103141784668 261.93438720703125 402.3103141784668 306.1403579711914 366.0516662597656 306.1403579711914
366.22247314453125 260.85186767578125 402.49720764160156 260.85186767578125 402.49720764160156 306.56372833251953 366.22247314453125 306.56372833251953
367.2906799316406 260.7719421386719 402.69532012939453 260.7719421386719 402.69532012939453 305.1083526611328 367.2906799316406 305.1083526611328
368.303466796875 261.508056640625 403.8952865600586 261.508056640625 403.8952865600586 304.6761779785156 368.303466796875 304.6761779785156
368.40423583984375 260.4325866699219 404.49143981933594 260.4325866699219 404.49143981933594 304.91442108154297 368.40423583984375 304.91442108154297
368.43890380859375 260.1759338378906 403.9983596801758 260.1759338378906 403.9983596801758 304.03714752197266 368.43890380859375 304.03714752197266
370.78033447265625 260.04852294921875 405.94300079345703 260.04852294921875 405.94300079345703 301.61144256591797 370.78033447265625 301.61144256591797
371.4561462402344 259.7975158691406 406.91585540771484 259.7975158691406 406.91585540771484 301.70006561279297 371.4561462402344 301.70006561279297
372.70465087890625 259.7132873535156 406.79531478881836 259.7132873535156 406.79531478881836 299.98397064208984 372.70465087890625 299.98397064208984
372.44024658203125 258.50872802734375 408.1432762145996 258.50872802734375 408.1432762145996 300.38338470458984 372.44024658203125 300.38338470458984
373.9316711425781 259.12005615234375 409.24131774902344 259.12005615234375 409.24131774902344 299.0055160522461 373.9316711425781 299.0055160522461
374.9520568847656 259.1241760253906 409.16394424438477 259.1241760253906 409.16394424438477 298.8508758544922 374.9520568847656 298.8508758544922
374.92999267578125 259.25103759765625 410.3508720397949 259.25103759765625 410.3508720397949 298.97259521484375 374.92999267578125 298.97259521484375
375.1187744140625 259.42974853515625 410.48471450805664 259.42974853515625 410.48471450805664 298.39656829833984 375.1187744140625 298.39656829833984
375.76373291015625 260.0960388183594 410.39784240722656 260.0960388183594 410.39784240722656 298.0322608947754 375.76373291015625 298.0322608947754
376.23797607421875 259.9732360839844 410.9620056152344 259.9732360839844 410.9620056152344 297.5549545288086 376.23797607421875 297.5549545288086
376.90753173828125 261.0382995605469 411.97425079345703 261.0382995605469 411.97425079345703 297.2505111694336 376.90753173828125 297.2505111694336
377.20745849609375 260.8677673339844 414.3465156555176 260.8677673339844 414.3465156555176 297.04479217529297 377.20745849609375 297.04479217529297
377.32122802734375 260.30377197265625 415.0827217102051 260.30377197265625 415.0827217102051 297.2769241333008 377.32122802734375 297.2769241333008
378.2296447753906 259.94671630859375 416.3331298828125 259.94671630859375 416.3331298828125 297.8030014038086 378.2296447753906 297.8030014038086
377.9897766113281 258.8600769042969 417.6224899291992 258.8600769042969 417.6224899291992 297.77056884765625 377.9897766113281 297.77056884765625
377.91729736328125 260.3779296875 418.35397720336914 260.3779296875 418.35397720336914 297.86731719970703 377.91729736328125 297.86731719970703
378.85247802734375 260.0694274902344 417.4059371948242 260.0694274902344 417.4059371948242 297.8787612915039 378.85247802734375 297.8787612915039
378.2781982421875 259.9676208496094 418.80041885375977 259.9676208496094 418.80041885375977 298.10066986083984 378.2781982421875 298.10066986083984
379.68048095703125 260.16107177734375 420.33234786987305 260.16107177734375 420.33234786987305 298.75582122802734 379.68048095703125 298.75582122802734
382.6668395996094 257.95703125 420.26758575439453 257.95703125 420.26758575439453 298.9759864807129 382.6668395996094 298.9759864807129
384.92181396484375 258.5751953125 422.5874328613281 258.5751953125 422.5874328613281 299.66492462158203 384.92181396484375 299.66492462158203
385.9397888183594 258.1185607910156 423.07581329345703 258.1185607910156 423.07581329345703 298.6305465698242 385.9397888183594 298.6305465698242
387.67413330078125 258.32391357421875 424.9579734802246 258.32391357421875 424.9579734802246 298.99715423583984 387.67413330078125 298.99715423583984
388.64837646484375 257.18157958984375 426.445125579834 257.18157958984375 426.445125579834 298.4143600463867 388.64837646484375 298.4143600463867
387.1339416503906 259.2303771972656 426.70100021362305 259.2303771972656 426.70100021362305 299.98914337158203 387.1339416503906 299.98914337158203
389.0137634277344 257.4715881347656 427.65210723876953 257.4715881347656 427.65210723876953 299.62246322631836 389.0137634277344 299.62246322631836
388.34033203125 259.0682067871094 428.4299850463867 259.0682067871094 428.4299850463867 300.5539894104004 388.34033203125 300.5539894104004
387.74896240234375 257.16259765625 427.8178596496582 257.16259765625 427.8178596496582 299.79931640625 387.74896240234375 299.79931640625
389.08551025390625 257.4986572265625 428.4153060913086 257.4986572265625 428.4153060913086 300.40384674072266 389.08551025390625 300.40384674072266
390.2015380859375 256.73443603515625 429.57939529418945 256.73443603515625 429.57939529418945 299.6920509338379 390.2015380859375 299.6920509338379
389.092041015625 256.24395751953125 429.1028861999512 256.24395751953125 429.1028861999512 299.89209747314453 389.092041015625 299.89209747314453
389.83111572265625 257.047607421875 431.04637908935547 257.047607421875 431.04637908935547 301.4802703857422 389.83111572265625 301.4802703857422
390.0063171386719 255.96597290039062 431.90958404541016 255.96597290039062 431.90958404541016 301.6785697937012 390.0063171386719 301.6785697937012
388.337158203125 258.70025634765625 432.1151809692383 258.70025634765625 432.1151809692383 302.73546600341797 388.337158203125 302.73546600341797
389.78216552734375 258.75103759765625 432.95071029663086 258.75103759765625 432.95071029663086 303.14812088012695 389.78216552734375 303.14812088012695
390.6259765625 257.9670715332031 433.47612380981445 257.9670715332031 433.47612380981445 303.1284828186035 390.6259765625 303.1284828186035
391.2139587402344 258.2027587890625 433.3402900695801 258.2027587890625 433.3402900695801 303.7484703063965 391.2139587402344 303.7484703063965
391.3140869140625 257.8683166503906 434.44306564331055 257.8683166503906 434.44306564331055 304.71855545043945 391.3140869140625 304.71855545043945
391.8717956542969 258.0753173828125 434.8808403015137 258.0753173828125 434.8808403015137 304.3685531616211 391.8717956542969 304.3685531616211
392.19281005859375 257.780029296875 435.84311294555664 257.780029296875 435.84311294555664 305.39954376220703 392.19281005859375 305.39954376220703
394.0320739746094 257.5215759277344 436.1225357055664 257.5215759277344 436.1225357055664 305.2250633239746 394.0320739746094 305.2250633239746
394.87890625 257.2803039550781 438.1992645263672 257.2803039550781 438.1992645263672 305.21985244750977 394.87890625 305.21985244750977
396.8661193847656 257.43658447265625 441.0543785095215 257.43658447265625 441.0543785095215 305.6407241821289 396.8661193847656 305.6407241821289
396.23065185546875 257.0172424316406 439.68878173828125 257.0172424316406 439.68878173828125 306.1362533569336 396.23065185546875 306.1362533569336
396.9156188964844 257.03717041015625 438.9760055541992 257.03717041015625 438.9760055541992 305.0077476501465 396.9156188964844 305.0077476501465
398.98284912109375 257.96112060546875 441.6262893676758 257.96112060546875 441.6262893676758 304.41547775268555 398.98284912109375 304.41547775268555
399.421142578125 257.1710510253906 442.46834564208984 257.1710510253906 442.46834564208984 303.9734420776367 399.421142578125 303.9734420776367
399.01470947265625 257.82342529296875 441.6514549255371 257.82342529296875 441.6514549255371 304.9441719055176 399.01470947265625 304.9441719055176
399.4685363769531 257.8456726074219 440.93994903564453 257.8456726074219 440.93994903564453 304.54829025268555 399.4685363769531 304.54829025268555
399.1807556152344 258.386962890625 441.7778854370117 258.386962890625 441.7778854370117 305.01839447021484 399.1807556152344 305.01839447021484
400.37335205078125 258.6788330078125 442.5495300292969 258.6788330078125 442.5495300292969 305.5153999328613 400.37335205078125 305.5153999328613
399.5638122558594 258.2516174316406 443.2304573059082 258.2516174316406 443.2304573059082 305.1864929199219 399.5638122558594 305.1864929199219
400.39154052734375 258.2909240722656 442.97025299072266 258.2909240722656 442.97025299072266 303.24559783935547 400.39154052734375 303.24559783935547
398.2347106933594 258.43829345703125 443.0176010131836 258.43829345703125 443.0176010131836 305.51684188842773 398.2347106933594 305.51684188842773
399.5140075683594 258.39959716796875 444.28954315185547 258.39959716796875 444.28954315185547 305.14228439331055 399.5140075683594 305.14228439331055
399.8790283203125 257.6989440917969 444.7861862182617 257.6989440917969 444.7861862182617 304.50703048706055 399.8790283203125 304.50703048706055
400.91546630859375 258.24310302734375 444.1484146118164 258.24310302734375 444.1484146118164 304.24027252197266 400.91546630859375 304.24027252197266
399.4966125488281 258.052978515625 444.9205207824707 258.052978515625 444.9205207824707 305.0105781555176 399.4966125488281 305.0105781555176
400.3874816894531 258.2801818847656 447.0945854187012 258.2801818847656 447.0945854187012 306.22019958496094 400.3874816894531 306.22019958496094
401.4539489746094 256.2633361816406 448.96387481689453 256.2633361816406 448.96387481689453 305.39815521240234 401.4539489746094 305.39815521240234
401.0765380859375 256.4757385253906 447.87125396728516 256.4757385253906 447.87125396728516 305.9299087524414 401.0765380859375 305.9299087524414
401.92657470703125 256.80059814453125 450.5163803100586 256.80059814453125 450.5163803100586 306.2318305969238 401.92657470703125 306.2318305969238
400.28741455078125 252.00869750976562 453.66144943237305 252.00869750976562 453.66144943237305 307.5987548828125 400.28741455078125 307.5987548828125
401.4547119140625 247.34274291992188 459.00615310668945 247.34274291992188 459.00615310668945 310.12603759765625 401.4547119140625 310.12603759765625
401.0517578125 248.0068359375 458.1012191772461 248.0068359375 458.1012191772461 310.2425117492676 401.0517578125 310.2425117492676
405.93206787109375 247.8147735595703 462.57085037231445 247.8147735595703 462.57085037231445 309.60243225097656 405.93206787109375 309.60243225097656
409.87744140625 250.61080932617188 463.47696685791016 250.61080932617188 463.47696685791016 307.15174102783203 409.87744140625 307.15174102783203
412.5626525878906 251.1077423095703 464.25402069091797 251.1077423095703 464.25402069091797 303.35033416748047 412.5626525878906 303.35033416748047
416.32147216796875 256.3480529785156 464.40287017822266 256.3480529785156 464.40287017822266 300.25159454345703 416.32147216796875 300.25159454345703
415.98699951171875 258.2496032714844 464.4725799560547 258.2496032714844 464.4725799560547 298.90064239501953 415.98699951171875 298.90064239501953
418.65460205078125 259.24951171875 465.3339424133301 259.24951171875 465.3339424133301 299.20374298095703 418.65460205078125 299.20374298095703
417.36572265625 258.7900390625 465.7487106323242 258.7900390625 465.7487106323242 299.81669998168945 417.36572265625 299.81669998168945
418.91790771484375 258.906982421875 466.9592399597168 258.906982421875 466.9592399597168 299.46317291259766 418.91790771484375 299.46317291259766
419.877685546875 259.6207275390625 466.41583251953125 259.6207275390625 466.41583251953125 299.79630279541016 419.877685546875 299.79630279541016
421.4417419433594 260.20562744140625 467.56654357910156 260.20562744140625 467.56654357910156 299.21949005126953 421.4417419433594 299.21949005126953
422.37890625 260.0694580078125 469.43127822875977 260.0694580078125 469.43127822875977 299.6777572631836 422.37890625 299.6777572631836
423.8814392089844 260.1409606933594 469.0913734436035 260.1409606933594 469.0913734436035 300.0955352783203 423.8814392089844 300.0955352783203
425.0716857910156 260.6063232421875 469.8635368347168 260.6063232421875 469.8635368347168 300.98360443115234 425.0716857910156 300.98360443115234
426.5359802246094 260.3746643066406 469.7181587219238 260.3746643066406 469.7181587219238 300.5216178894043 426.5359802246094 300.5216178894043
427.539306640625 260.7137145996094 469.81275177001953 260.7137145996094 469.81275177001953 299.5423583984375 427.539306640625 299.5423583984375
427.7806091308594 260.4642028808594 470.64383697509766 260.4642028808594 470.64383697509766 299.9026298522949 427.7806091308594 299.9026298522949
429.15093994140625 261.1498718261719 471.68003845214844 261.1498718261719 471.68003845214844 300.1078414916992 429.15093994140625 300.1078414916992
429.72515869140625 260.9897155761719 471.44457244873047 260.9897155761719 471.44457244873047 298.8593940734863 429.72515869140625 298.8593940734863
431.1494140625 260.2561950683594 472.64426040649414 260.2561950683594 472.64426040649414 298.7878189086914 431.1494140625 298.7878189086914
431.44659423828125 260.9259948730469 472.8592185974121 260.9259948730469 472.8592185974121 298.4298210144043 431.44659423828125 298.4298210144043
432.9461975097656 260.73858642578125 473.89605712890625 260.73858642578125 473.89605712890625 298.75524139404297 432.9461975097656 298.75524139404297
433.50439453125 260.00244140625 474.706241607666 260.00244140625 474.706241607666 298.69165802001953 433.50439453125 298.69165802001953
435.06365966796875 259.64752197265625 476.0814971923828 259.64752197265625 476.0814971923828 298.2910919189453 435.06365966796875 298.2910919189453
435.7051696777344 259.6287841796875 477.2066841125488 259.6287841796875 477.2066841125488 298.6361846923828 435.7051696777344 298.6361846923828
436.50177001953125 259.2037353515625 477.9061470031738 259.2037353515625 477.9061470031738 298.77602767944336 436.50177001953125 298.77602767944336
437.37420654296875 258.9162292480469 479.0415153503418 258.9162292480469 479.0415153503418 298.76943588256836 437.37420654296875 298.76943588256836
437.39227294921875 258.5506286621094 480.41999435424805 258.5506286621094 480.41999435424805 299.39886474609375 437.39227294921875 299.39886474609375
437.3495178222656 259.40606689453125 480.6355094909668 259.40606689453125 480.6355094909668 299.9797058105469 437.3495178222656 299.9797058105469
437.1607360839844 259.82098388671875 481.0293273925781 259.82098388671875 481.0293273925781 299.89381408691406 437.1607360839844 299.89381408691406
436.04937744140625 260.1796875 479.8891258239746 260.1796875 479.8891258239746 300.38748931884766 436.04937744140625 300.38748931884766
439.2566833496094 260.26019287109375 483.33893966674805 260.26019287109375 483.33893966674805 299.5805473327637 439.2566833496094 299.5805473327637
438.8619079589844 260.6903076171875 484.60055923461914 260.6903076171875 484.60055923461914 300.3675346374512 438.8619079589844 300.3675346374512
439.50811767578125 260.70928955078125 485.32303619384766 260.70928955078125 485.32303619384766 299.8933410644531 439.50811767578125 299.8933410644531
440.86859130859375 260.33734130859375 486.85509490966797 260.33734130859375 486.85509490966797 299.59790802001953 440.86859130859375 299.59790802001953
443.07843017578125 259.9759826660156 487.3519630432129 259.9759826660156 487.3519630432129 299.30839920043945 443.07843017578125 299.30839920043945
444.2958984375 259.25946044921875 488.42020416259766 259.25946044921875 488.42020416259766 300.34346771240234 444.2958984375 300.34346771240234
444.4905700683594 259.2383728027344 489.4553642272949 259.2383728027344 489.4553642272949 300.1904830932617 444.4905700683594 300.1904830932617
444.7767639160156 259.375732421875 489.25070571899414 259.375732421875 489.25070571899414 300.7395668029785 444.7767639160156 300.7395668029785
446.372314453125 258.888671875 491.4515075683594 258.888671875 491.4515075683594 299.9896125793457 446.372314453125 299.9896125793457
446.646728515625 259.308837890625 492.1523208618164 259.308837890625 492.1523208618164 300.7855911254883 446.646728515625 300.7855911254883
446.8587951660156 259.2425231933594 493.133487701416 259.2425231933594 493.133487701416 300.8557815551758 446.8587951660156 300.8557815551758
448.74615478515625 259.6240234375 493.60361099243164 259.6240234375 493.60361099243164 301.3235549926758 448.74615478515625 301.3235549926758
449.55694580078125 259.5015563964844 494.1826972961426 259.5015563964844 494.1826972961426 301.1672897338867 449.55694580078125 301.1672897338867
450.61224365234375 259.85882568359375 494.9928550720215 259.85882568359375 494.9928550720215 301.81312561035156 450.61224365234375 301.81312561035156
452.05828857421875 259.39312744140625 497.0238265991211 259.39312744140625 497.0238265991211 301.24808502197266 452.05828857421875 301.24808502197266
452.6741638183594 259.37896728515625 497.4038543701172 259.37896728515625 497.4038543701172 300.6741180419922 452.6741638183594 300.6741180419922
455.0872497558594 258.2074890136719 498.79791259765625 258.2074890136719 498.79791259765625 299.9587821960449 455.0872497558594 299.9587821960449
457.5198669433594 258.6437683105469 499.03759002685547 258.6437683105469 499.03759002685547 300.1837844848633 457.5198669433594 300.1837844848633
458.6730041503906 258.8082580566406 500.85050201416016 258.8082580566406 500.85050201416016 298.54320526123047 458.6730041503906 298.54320526123047
461.1361389160156 259.86968994140625 501.80517959594727 259.86968994140625 501.80517959594727 299.08805084228516 461.1361389160156 299.08805084228516
462.717041015625 259.8392639160156 502.37922286987305 259.8392639160156 502.37922286987305 299.05469512939453 462.717041015625 299.05469512939453
463.65887451171875 260.2516784667969 502.36450958251953 260.2516784667969 502.36450958251953 298.7491226196289 463.65887451171875 298.7491226196289
460.18890380859375 255.53823852539062 505.37451171875 255.53823852539062 505.37451171875 303.91907119750977 460.18890380859375 303.91907119750977
464.195556640625 257.1826171875 505.07854080200195 257.1826171875 505.07854080200195 300.38094329833984 464.195556640625 300.38094329833984
467.18865966796875 261.2902526855469 504.97164154052734 261.2902526855469 504.97164154052734 297.31703186035156 467.18865966796875 297.31703186035156
465.3865661621094 258.7540588378906 506.5366744995117 258.7540588378906 506.5366744995117 300.42186737060547 465.3865661621094 300.42186737060547
466.779296875 259.3947448730469 506.6349563598633 259.3947448730469 506.6349563598633 298.08544540405273 466.779296875 298.08544540405273
468.5897521972656 261.28179931640625 506.45047760009766 261.28179931640625 506.45047760009766 297.2997741699219 468.5897521972656 297.2997741699219
468.62017822265625 259.86175537109375 508.7525863647461 259.86175537109375 508.7525863647461 298.4016647338867 468.62017822265625 298.4016647338867
468.8597717285156 261.73175048828125 508.6643257141113 261.73175048828125 508.6643257141113 296.8813018798828 468.8597717285156 296.8813018798828
470.26641845703125 260.84228515625 510.0028305053711 260.84228515625 510.0028305053711 296.9924011230469 470.26641845703125 296.9924011230469
469.6156311035156 260.8638610839844 510.51851654052734 260.8638610839844 510.51851654052734 297.78453063964844 469.6156311035156 297.78453063964844
471.02532958984375 260.56683349609375 512.1570739746094 260.56683349609375 512.1570739746094 297.95935440063477 471.02532958984375 297.95935440063477
470.8700256347656 261.290771484375 512.2949180603027 261.290771484375 512.2949180603027 298.64111328125 470.8700256347656 298.64111328125
471.33453369140625 260.5982360839844 512.1472091674805 260.5982360839844 512.1472091674805 299.4486618041992 471.33453369140625 299.4486618041992
473.08563232421875 260.678955078125 513.6367568969727 260.678955078125 513.6367568969727 299.4662857055664 473.08563232421875 299.4662857055664
472.9925231933594 260.81561279296875 513.911018371582 260.81561279296875 513.911018371582 299.52009201049805 472.9925231933594 299.52009201049805
471.6053161621094 260.45709228515625 514.589958190918 260.45709228515625 514.589958190918 299.6142463684082 471.6053161621094 299.6142463684082
472.8116149902344 260.64453125 514.5561103820801 260.64453125 514.5561103820801 299.8621940612793 472.8116149902344 299.8621940612793
473.1058654785156 260.3936462402344 514.8209762573242 260.3936462402344 514.8209762573242 301.0150451660156 473.1058654785156 301.0150451660156
473.39813232421875 260.44024658203125 515.1702499389648 260.44024658203125 515.1702499389648 301.77486419677734 473.39813232421875 301.77486419677734
473.64825439453125 261.0155944824219 515.6503105163574 261.0155944824219 515.6503105163574 301.76319885253906 473.64825439453125 301.76319885253906
474.3524475097656 261.3189392089844 516.3705253601074 261.3189392089844 516.3705253601074 301.59335708618164 474.3524475097656 301.59335708618164
476.14569091796875 260.8400573730469 517.548469543457 260.8400573730469 517.548469543457 301.90716552734375 476.14569091796875 301.90716552734375
475.97100830078125 260.658203125 518.0752258300781 260.658203125 518.0752258300781 302.38294219970703 475.97100830078125 302.38294219970703
476.19329833984375 261.4588928222656 517.7868270874023 261.4588928222656 517.7868270874023 302.49483489990234 476.19329833984375 302.49483489990234
475.5104064941406 262.2473449707031 517.3866653442383 262.2473449707031 517.3866653442383 302.49877548217773 475.5104064941406 302.49877548217773
476.2140197753906 262.48779296875 517.5124015808105 262.48779296875 517.5124015808105 303.54084396362305 476.2140197753906 303.54084396362305
477.0101623535156 262.3977966308594 518.2330932617188 262.3977966308594 518.2330932617188 303.65351486206055 477.0101623535156 303.65351486206055
480.0213317871094 262.9113464355469 519.6501274108887 262.9113464355469 519.6501274108887 303.1486015319824 480.0213317871094 303.1486015319824
480.34130859375 264.5047302246094 519.326976776123 264.5047302246094 519.326976776123 304.02106857299805 480.34130859375 304.02106857299805
480.935302734375 263.6737060546875 519.7895469665527 263.6737060546875 519.7895469665527 304.2957572937012 480.935302734375 304.2957572937012
483.3143005371094 264.945556640625 520.1205940246582 264.945556640625 520.1205940246582 305.8243827819824 483.3143005371094 305.8243827819824
483.974609375 265.88104248046875 521.634204864502 265.88104248046875 521.634204864502 306.9436454772949 483.974609375 306.9436454772949
485.3462829589844 265.7579650878906 521.6724014282227 265.7579650878906 521.6724014282227 308.17565155029297 485.3462829589844 308.17565155029297
487.8561096191406 265.38677978515625 524.5589370727539 265.38677978515625 524.5589370727539 308.71617889404297 487.8561096191406 308.71617889404297
487.5270080566406 264.830322265625 524.8348770141602 264.830322265625 524.8348770141602 309.42481231689453 487.5270080566406 309.42481231689453
489.82537841796875 265.6371154785156 525.3570289611816 265.6371154785156 525.3570289611816 309.658390045166 489.82537841796875 309.658390045166
490.10101318359375 266.43792724609375 526.6135330200195 266.43792724609375 526.6135330200195 310.3407974243164 490.10101318359375 310.3407974243164
490.830078125 265.341064453125 527.6071968078613 265.341064453125 527.6071968078613 308.81434631347656 490.830078125 308.81434631347656
490.84332275390625 266.4013366699219 528.0261993408203 266.4013366699219 528.0261993408203 309.0429573059082 490.84332275390625 309.0429573059082
491.43939208984375 266.4854431152344 528.4432716369629 266.4854431152344 528.4432716369629 308.7144088745117 491.43939208984375 308.7144088745117
492.05609130859375 266.3309020996094 529.1556510925293 266.3309020996094 529.1556510925293 307.55896759033203 492.05609130859375 307.55896759033203
492.65875244140625 265.90325927734375 530.3555679321289 265.90325927734375 530.3555679321289 307.3850898742676 492.65875244140625 307.3850898742676
493.4501037597656 265.2052001953125 530.6201477050781 265.2052001953125 530.6201477050781 308.1841011047363 493.4501037597656 308.1841011047363
493.41522216796875 265.007080078125 529.9482650756836 265.007080078125 529.9482650756836 308.3453559875488 493.41522216796875 308.3453559875488
494.9732971191406 263.53192138671875 532.2582740783691 263.53192138671875 532.2582740783691 307.43072509765625 494.9732971191406 307.43072509765625
495.68975830078125 263.80548095703125 532.4804840087891 263.80548095703125 532.4804840087891 306.3196792602539 495.68975830078125 306.3196792602539
496.7066955566406 263.52984619140625 533.9097137451172 263.52984619140625 533.9097137451172 305.7522888183594 496.7066955566406 305.7522888183594
496.1947326660156 263.7207336425781 533.5130271911621 263.7207336425781 533.5130271911621 305.6715888977051 496.1947326660156 305.6715888977051
496.47796630859375 263.653076171875 533.4274711608887 263.653076171875 533.4274711608887 305.36384201049805 496.47796630859375 305.36384201049805
497.8787536621094 263.9931945800781 534.4754791259766 263.9931945800781 534.4754791259766 304.36536026000977 497.8787536621094 304.36536026000977
498.32745361328125 264.93994140625 536.6807098388672 264.93994140625 536.6807098388672 303.5426559448242 498.32745361328125 303.5426559448242
498.25445556640625 264.2675476074219 535.2928009033203 264.2675476074219 535.2928009033203 304.3379936218262 498.25445556640625 304.3379936218262
500.5289611816406 264.536376953125 536.1437911987305 264.536376953125 536.1437911987305 304.3730659484863 500.5289611816406 304.3730659484863
499.86492919921875 264.12823486328125 536.914981842041 264.12823486328125 536.914981842041 305.0146484375 499.86492919921875 305.0146484375
501.07757568359375 263.9832763671875 537.1595039367676 263.9832763671875 537.1595039367676 304.46959686279297 501.07757568359375 304.46959686279297
502.3416442871094 264.1435241699219 537.7776718139648 264.1435241699219 537.7776718139648 304.2162055969238 502.3416442871094 304.2162055969238
504.638671875 263.111083984375 539.9842529296875 263.111083984375 539.9842529296875 302.86722564697266 504.638671875 302.86722564697266
505.170654296875 262.82122802734375 540.2647590637207 262.82122802734375 540.2647590637207 303.81690216064453 505.170654296875 303.81690216064453
505.8892517089844 263.4079284667969 539.9165649414062 263.4079284667969 539.9165649414062 303.9704399108887 505.8892517089844 303.9704399108887
506.12664794921875 262.94134521484375 540.4540634155273 262.94134521484375 540.4540634155273 305.0005569458008 506.12664794921875 305.0005569458008
507.1910705566406 262.0353698730469 541.1594429016113 262.0353698730469 541.1594429016113 305.38331604003906 507.1910705566406 305.38331604003906
506.95672607421875 262.50128173828125 540.7284049987793 262.50128173828125 540.7284049987793 305.6893997192383 506.95672607421875 305.6893997192383
507.01953125 262.44244384765625 541.8891372680664 262.44244384765625 541.8891372680664 305.6895980834961 507.01953125 305.6895980834961
507.8233947753906 262.5299987792969 542.5383682250977 262.5299987792969 542.5383682250977 305.7288513183594 507.8233947753906 305.7288513183594
508.77459716796875 261.76763916015625 543.8397827148438 261.76763916015625 543.8397827148438 305.57703399658203 508.77459716796875 305.57703399658203
508.37908935546875 262.2378234863281 544.6640701293945 262.2378234863281 544.6640701293945 305.7077102661133 508.37908935546875 305.7077102661133
510.04974365234375 263.1444091796875 546.2649154663086 263.1444091796875 546.2649154663086 306.0938034057617 510.04974365234375 306.0938034057617
510.4697265625 263.16357421875 546.6895217895508 263.16357421875 546.6895217895508 305.18536376953125 510.4697265625 305.18536376953125
510.55169677734375 262.15447998046875 548.0225219726562 262.15447998046875 548.0225219726562 306.2126235961914 510.55169677734375 306.2126235961914
512.2503662109375 263.4683532714844 549.0497207641602 263.4683532714844 549.0497207641602 305.18956756591797 512.2503662109375 305.18956756591797
512.3080444335938 262.8616027832031 550.9147872924805 262.8616027832031 550.9147872924805 305.3360824584961 512.3080444335938 305.3360824584961
512.5601806640625 263.22491455078125 552.0083084106445 263.22491455078125 552.0083084106445 305.7013130187988 512.5601806640625 305.7013130187988
513.0712890625 263.64190673828125 551.2577095031738 263.64190673828125 551.2577095031738 305.5771789550781 513.0712890625 305.5771789550781
513.3878173828125 263.9123840332031 552.3524551391602 263.9123840332031 552.3524551391602 306.21117401123047 513.3878173828125 306.21117401123047
513.6271362304688 264.39971923828125 552.6254692077637 264.39971923828125 552.6254692077637 305.1653861999512 513.6271362304688 305.1653861999512
513.4412231445312 264.5567932128906 553.728343963623 264.5567932128906 553.728343963623 305.88854217529297 513.4412231445312 305.88854217529297
514.00634765625 264.530029296875 554.7243156433105 264.530029296875 554.7243156433105 306.1196060180664 514.00634765625 306.1196060180664
513.3009643554688 264.0530700683594 554.6479301452637 264.0530700683594 554.6479301452637 305.82837677001953 513.3009643554688 305.82837677001953
514.3580322265625 262.89105224609375 556.1959075927734 262.89105224609375 556.1959075927734 305.6719741821289 514.3580322265625 305.6719741821289
515.8804931640625 263.9773254394531 556.9147338867188 263.9773254394531 556.9147338867188 305.0294380187988 515.8804931640625 305.0294380187988
516.635498046875 263.87982177734375 557.0590515136719 263.87982177734375 557.0590515136719 304.50037002563477 516.635498046875 304.50037002563477
517.48779296875 262.66180419921875 557.7102813720703 262.66180419921875 557.7102813720703 305.19018173217773 517.48779296875 305.19018173217773
520.3731689453125 264.24359130859375 557.8873558044434 264.24359130859375 557.8873558044434 304.51990509033203 520.3731689453125 304.51990509033203
521.3976440429688 263.44757080078125 559.233226776123 263.44757080078125 559.233226776123 304.75475311279297 521.3976440429688 304.75475311279297
523.3969116210938 262.634765625 560.4053573608398 262.634765625 560.4053573608398 303.4796371459961 523.3969116210938 303.4796371459961
523.655029296875 262.6490783691406 561.3782730102539 262.6490783691406 561.3782730102539 303.23178482055664 523.655029296875 303.23178482055664
523.4766845703125 262.0396423339844 561.0888786315918 262.0396423339844 561.0888786315918 303.02528381347656 523.4766845703125 303.02528381347656
524.6591186523438 262.0345153808594 561.4266586303711 262.0345153808594 561.4266586303711 302.89292907714844 524.6591186523438 302.89292907714844
525.2244262695312 262.9610900878906 561.3787422180176 262.9610900878906 561.3787422180176 301.6518859863281 525.2244262695312 301.6518859863281
526.0460815429688 262.00225830078125 562.6141204833984 262.00225830078125 562.6141204833984 300.58609771728516 526.0460815429688 300.58609771728516
526.2984619140625 261.76654052734375 563.711986541748 261.76654052734375 563.711986541748 301.18115997314453 526.2984619140625 301.18115997314453
527.0867919921875 261.0223083496094 565.331184387207 261.0223083496094 565.331184387207 300.06303787231445 527.0867919921875 300.06303787231445
529.1063232421875 261.03778076171875 565.6962661743164 261.03778076171875 565.6962661743164 300.4264945983887 529.1063232421875 300.4264945983887
528.5068359375 260.5926818847656 566.3704948425293 260.5926818847656 566.3704948425293 299.9704055786133 528.5068359375 299.9704055786133
528.281005859375 261.3897705078125 566.0261497497559 261.3897705078125 566.0261497497559 299.63079833984375 528.281005859375 299.63079833984375
528.7586059570312 261.3670959472656 567.3364143371582 261.3670959472656 567.3364143371582 299.97417068481445 528.7586059570312 299.97417068481445
528.6509399414062 261.2453308105469 568.4142837524414 261.2453308105469 568.4142837524414 300.1279067993164 528.6509399414062 300.1279067993164
529.4473876953125 261.8177795410156 569.6395301818848 261.8177795410156 569.6395301818848 299.77935791015625 529.4473876953125 299.77935791015625
529.0309448242188 261.89892578125 570.8195571899414 261.89892578125 570.8195571899414 299.1375389099121 529.0309448242188 299.1375389099121
530.3255004882812 261.31365966796875 572.6497459411621 261.31365966796875 572.6497459411621 299.6803779602051 530.3255004882812 299.6803779602051
531.640625 262.65789794921875 573.0683250427246 262.65789794921875 573.0683250427246 298.5355224609375 531.640625 298.5355224609375
532.5794067382812 262.0041198730469 573.5195159912109 262.0041198730469 573.5195159912109 299.16719818115234 532.5794067382812 299.16719818115234
532.0816650390625 262.9891357421875 572.037899017334 262.9891357421875 572.037899017334 300.1335678100586 532.0816650390625 300.1335678100586
532.8729248046875 263.73297119140625 572.4002456665039 263.73297119140625 572.4002456665039 301.10798263549805 532.8729248046875 301.10798263549805
534.0872802734375 263.158203125 573.6979866027832 263.158203125 573.6979866027832 300.5634460449219 534.0872802734375 300.5634460449219
534.9327392578125 263.5652160644531 575.0576248168945 263.5652160644531 575.0576248168945 300.23974227905273 534.9327392578125 300.23974227905273
535.3548583984375 262.9151611328125 577.1511306762695 262.9151611328125 577.1511306762695 300.633358001709 535.3548583984375 300.633358001709
535.8539428710938 262.1282653808594 577.2342796325684 262.1282653808594 577.2342796325684 300.93371200561523 535.8539428710938 300.93371200561523
536.279296875 262.7919616699219 577.9583320617676 262.7919616699219 577.9583320617676 300.1041259765625 536.279296875 300.1041259765625
537.406494140625 262.7045593261719 579.8070983886719 262.7045593261719 579.8070983886719 301.4698371887207 537.406494140625 301.4698371887207
538.7540893554688 262.51898193359375 579.2374496459961 262.51898193359375 579.2374496459961 300.41833877563477 538.7540893554688 300.41833877563477
539.9088134765625 263.10296630859375 580.0592727661133 263.10296630859375 580.0592727661133 301.2427558898926 539.9088134765625 301.2427558898926
540.1639404296875 262.7463684082031 580.2710037231445 262.7463684082031 580.2710037231445 300.38266372680664 540.1639404296875 300.38266372680664
540.6296997070312 263.82977294921875 580.8485565185547 263.82977294921875 580.8485565185547 300.9130096435547 540.6296997070312 300.9130096435547
542.0700073242188 263.71868896484375 582.5524673461914 263.71868896484375 582.5524673461914 302.04328536987305 542.0700073242188 302.04328536987305
543.6198120117188 264.70574951171875 583.7689437866211 264.70574951171875 583.7689437866211 302.1927947998047 543.6198120117188 302.1927947998047
544.9295654296875 264.54913330078125 584.0446090698242 264.54913330078125 584.0446090698242 302.6047668457031 544.9295654296875 302.6047668457031
546.98486328125 265.09588623046875 585.3017501831055 265.09588623046875 585.3017501831055 302.68461990356445 546.98486328125 302.68461990356445
547.1307373046875 264.3091125488281 585.7453269958496 264.3091125488281 585.7453269958496 302.6343994140625 547.1307373046875 302.6343994140625
548.8181762695312 263.70404052734375 588.2098655700684 263.70404052734375 588.2098655700684 302.86750411987305 548.8181762695312 302.86750411987305
550.1647338867188 263.2684020996094 588.9215278625488 263.2684020996094 588.9215278625488 302.86580657958984 550.1647338867188 302.86580657958984
550.9556884765625 262.9278869628906 588.9843940734863 262.9278869628906 588.9843940734863 303.8801155090332 550.9556884765625 303.8801155090332
551.9495239257812 262.8012390136719 589.3442459106445 262.8012390136719 589.3442459106445 303.9510917663574 551.9495239257812 303.9510917663574
553.0624389648438 263.07733154296875 590.3173179626465 263.07733154296875 590.3173179626465 304.5373001098633 553.0624389648438 304.5373001098633
554.3574829101562 263.20623779296875 590.244255065918 263.20623779296875 590.244255065918 305.03794860839844 554.3574829101562 305.03794860839844
554.0309448242188 263.4889221191406 589.9362716674805 263.4889221191406 589.9362716674805 305.32928466796875 554.0309448242188 305.32928466796875
555.1085205078125 263.20355224609375 592.5440864562988 263.20355224609375 592.5440864562988 304.63585662841797 555.1085205078125 304.63585662841797
556.0880126953125 263.5638122558594 594.7005882263184 263.5638122558594 594.7005882263184 303.3017044067383 556.0880126953125 303.3017044067383
555.5980224609375 264.00140380859375 596.4230995178223 264.00140380859375 596.4230995178223 302.257137298584 555.5980224609375 302.257137298584
556.1232299804688 265.0129089355469 596.9103355407715 265.0129089355469 596.9103355407715 301.6628532409668 556.1232299804688 301.6628532409668
557.3880004882812 264.1912841796875 599.0545082092285 264.1912841796875 599.0545082092285 301.2857437133789 557.3880004882812 301.2857437133789
557.5242919921875 264.43597412109375 600.1894836425781 264.43597412109375 600.1894836425781 300.6763572692871 557.5242919921875 300.6763572692871
557.8806762695312 264.0344543457031 600.4059753417969 264.0344543457031 600.4059753417969 301.2072067260742 557.8806762695312 301.2072067260742
559.778564453125 263.1012268066406 601.9989776611328 263.1012268066406 601.9989776611328 299.0069808959961 559.778564453125 299.0069808959961
560.73681640625 260.86334228515625 604.2967147827148 260.86334228515625 604.2967147827148 298.1251220703125 560.73681640625 298.1251220703125
564.6254272460938 257.7759704589844 605.1552200317383 257.7759704589844 605.1552200317383 300.02981185913086 564.6254272460938 300.02981185913086
563.4234619140625 260.4456481933594 607.0706558227539 260.4456481933594 607.0706558227539 299.3335647583008 563.4234619140625 299.3335647583008
565.1100463867188 260.4972839355469 608.3621559143066 260.4972839355469 608.3621559143066 298.77515411376953 565.1100463867188 298.77515411376953
567.0430297851562 259.2476501464844 609.8530807495117 259.2476501464844 609.8530807495117 297.88824462890625 567.0430297851562 297.88824462890625
567.8451538085938 259.03448486328125 610.3453483581543 259.03448486328125 610.3453483581543 299.0499076843262 567.8451538085938 299.0499076843262
566.3707885742188 259.31121826171875 611.7178230285645 259.31121826171875 611.7178230285645 298.2053985595703 566.3707885742188 298.2053985595703
568.2908325195312 258.08209228515625 612.9516944885254 258.08209228515625 612.9516944885254 297.7058448791504 568.2908325195312 297.7058448791504
570.4921264648438 258.6128234863281 614.6029319763184 258.6128234863281 614.6029319763184 296.81604385375977 570.4921264648438 296.81604385375977
572.2224731445312 258.32452392578125 616.0941390991211 258.32452392578125 616.0941390991211 296.3311347961426 572.2224731445312 296.3311347961426
573.8172607421875 258.5881652832031 617.7191276550293 258.5881652832031 617.7191276550293 295.6648178100586 573.8172607421875 295.6648178100586
574.7445068359375 258.62200927734375 618.2083396911621 258.62200927734375 618.2083396911621 295.35869216918945 574.7445068359375 295.35869216918945
575.5994873046875 259.13775634765625 619.5453605651855 259.13775634765625 619.5453605651855 295.09416580200195 575.5994873046875 295.09416580200195
576.1181640625 258.49969482421875 619.8282203674316 258.49969482421875 619.8282203674316 295.18701934814453 576.1181640625 295.18701934814453
577.9334716796875 259.12237548828125 621.1575050354004 259.12237548828125 621.1575050354004 294.62431716918945 577.9334716796875 294.62431716918945
579.4913330078125 258.8695373535156 621.3870086669922 258.8695373535156 621.3870086669922 294.7357177734375 579.4913330078125 294.7357177734375
582.367431640625 259.127685546875 623.1894950866699 259.127685546875 623.1894950866699 295.3178291320801 582.367431640625 295.3178291320801
584.5377197265625 259.4404602050781 623.009765625 259.4404602050781 623.009765625 295.0170593261719 584.5377197265625 295.0170593261719
585.531982421875 258.0801696777344 625.165657043457 258.0801696777344 625.165657043457 295.14488983154297 585.531982421875 295.14488983154297
587.2105712890625 258.77532958984375 626.5785865783691 258.77532958984375 626.5785865783691 295.19356536865234 587.2105712890625 295.19356536865234
586.8727416992188 259.08697509765625 625.8434028625488 259.08697509765625 625.8434028625488 295.5386734008789 586.8727416992188 295.5386734008789
589.1224365234375 258.07061767578125 627.8178482055664 258.07061767578125 627.8178482055664 295.9374122619629 589.1224365234375 295.9374122619629
588.7216796875 258.2256164550781 627.3534774780273 258.2256164550781 627.3534774780273 295.55736541748047 588.7216796875 295.55736541748047
588.885986328125 259.16119384765625 627.8390312194824 259.16119384765625 627.8390312194824 296.06612396240234 588.885986328125 296.06612396240234
590.7481689453125 259.2265625 629.6302680969238 259.2265625 629.6302680969238 296.24172592163086 590.7481689453125 296.24172592163086
590.1593627929688 258.55218505859375 629.609935760498 258.55218505859375 629.609935760498 296.694580078125 590.1593627929688 296.694580078125
590.1126098632812 259.32244873046875 630.8271255493164 259.32244873046875 630.8271255493164 296.6781692504883 590.1126098632812 296.6781692504883
591.6441650390625 258.93597412109375 632.466911315918 258.93597412109375 632.466911315918 297.39307403564453 591.6441650390625 297.39307403564453
593.1976318359375 258.7752990722656 633.3806037902832 258.7752990722656 633.3806037902832 298.0827941894531 593.1976318359375 298.0827941894531
592.1641845703125 258.8728332519531 633.6839256286621 258.8728332519531 633.6839256286621 298.6231575012207 592.1641845703125 298.6231575012207
591.6128540039062 258.09210205078125 633.4212226867676 258.09210205078125 633.4212226867676 298.9265670776367 591.6128540039062 298.9265670776367
593.3187255859375 258.4153137207031 634.1275215148926 258.4153137207031 634.1275215148926 299.5354423522949 593.3187255859375 299.5354423522949
593.0015869140625 258.3249816894531 633.5845527648926 258.3249816894531 633.5845527648926 300.20333099365234 593.0015869140625 300.20333099365234
593.2313232421875 257.7049560546875 633.3467597961426 257.7049560546875 633.3467597961426 299.7189750671387 593.2313232421875 299.7189750671387
593.9814453125 256.81317138671875 634.3922424316406 256.81317138671875 634.3922424316406 299.0120735168457 593.9814453125 299.0120735168457
594.1848754882812 257.43438720703125 635.0430526733398 257.43438720703125 635.0430526733398 299.9223175048828 594.1848754882812 299.9223175048828
593.9496459960938 258.531982421875 636.3906745910645 258.531982421875 636.3906745910645 300.00097274780273 593.9496459960938 300.00097274780273
594.4552001953125 258.1325378417969 634.8094863891602 258.1325378417969 634.8094863891602 300.0411605834961 594.4552001953125 300.0411605834961
595.1892700195312 258.627197265625 634.9309005737305 258.627197265625 634.9309005737305 300.9273681640625 595.1892700195312 300.9273681640625
596.7518920898438 257.2828369140625 636.6261711120605 257.2828369140625 636.6261711120605 299.0071144104004 596.7518920898438 299.0071144104004
594.3121337890625 260.6872253417969 637.077018737793 260.6872253417969 637.077018737793 299.98470306396484 594.3121337890625 299.98470306396484
591.7489624023438 261.21978759765625 633.1730880737305 261.21978759765625 633.1730880737305 300.7215270996094 591.7489624023438 300.7215270996094
586.5787353515625 261.77569580078125 629.8664169311523 261.77569580078125 629.8664169311523 301.4759712219238 586.5787353515625 301.4759712219238
584.96630859375 260.4924011230469 626.0881156921387 260.4924011230469 626.0881156921387 301.2970886230469 584.96630859375 301.2970886230469
583.1121215820312 259.8390808105469 625.9645538330078 259.8390808105469 625.9645538330078 300.06141662597656 583.1121215820312 300.06141662597656
585.21044921875 259.9159851074219 624.982048034668 259.9159851074219 624.982048034668 301.0664939880371 585.21044921875 301.0664939880371
585.859375 259.3726501464844 627.0061912536621 259.3726501464844 627.0061912536621 301.08736419677734 585.859375 301.08736419677734
584.5504150390625 258.5302734375 626.8066825866699 258.5302734375 626.8066825866699 301.9631767272949 584.5504150390625 301.9631767272949
588.3370361328125 257.2184143066406 629.3768348693848 257.2184143066406 629.3768348693848 298.2333755493164 588.3370361328125 298.2333755493164
589.4083251953125 257.0744934082031 631.5675277709961 257.0744934082031 631.5675277709961 296.35243225097656 589.4083251953125 296.35243225097656
590.40478515625 256.47491455078125 633.0944709777832 256.47491455078125 633.0944709777832 296.18204498291016 590.40478515625 296.18204498291016
593.2368774414062 256.2442626953125 635.7260551452637 256.2442626953125 635.7260551452637 293.9745063781738 593.2368774414062 293.9745063781738
592.86767578125 256.369873046875 636.5337219238281 256.369873046875 636.5337219238281 294.5672492980957 592.86767578125 294.5672492980957
593.6707763671875 255.9644012451172 638.454216003418 255.9644012451172 638.454216003418 294.48353576660156 593.6707763671875 294.48353576660156
593.9093017578125 256.2511291503906 639.5415115356445 256.2511291503906 639.5415115356445 294.7322006225586 593.9093017578125 294.7322006225586
596.3751220703125 255.80380249023438 641.7493896484375 255.80380249023438 641.7493896484375 293.52477264404297 596.3751220703125 293.52477264404297
598.4144287109375 255.8063201904297 642.0894660949707 255.8063201904297 642.0894660949707 293.16492462158203 598.4144287109375 293.16492462158203
600.0281982421875 255.0541534423828 643.7077560424805 255.0541534423828 643.7077560424805 293.4104881286621 600.0281982421875 293.4104881286621
603.2556762695312 255.7183074951172 644.9875106811523 255.7183074951172 644.9875106811523 292.2185859680176 603.2556762695312 292.2185859680176
604.1966552734375 254.5026397705078 645.9893379211426 254.5026397705078 645.9893379211426 291.82569122314453 604.1966552734375 291.82569122314453
604.7971801757812 255.06967163085938 647.6021118164062 255.06967163085938 647.6021118164062 291.95866775512695 604.7971801757812 291.95866775512695
606.2858276367188 254.9204559326172 648.0385971069336 254.9204559326172 648.0385971069336 292.13977432250977 606.2858276367188 292.13977432250977
605.7423095703125 254.87753295898438 649.7262763977051 254.87753295898438 649.7262763977051 291.5476608276367 605.7423095703125 291.5476608276367
606.3008422851562 254.5382537841797 651.4375381469727 254.5382537841797 651.4375381469727 291.7051582336426 606.3008422851562 291.7051582336426
606.6468505859375 255.1507110595703 652.1131286621094 255.1507110595703 652.1131286621094 292.47388458251953 606.6468505859375 292.47388458251953
606.2576904296875 254.9642333984375 652.4998779296875 254.9642333984375 652.4998779296875 292.75423431396484 606.2576904296875 292.75423431396484
606.4015502929688 255.23599243164062 653.8577270507812 255.23599243164062 653.8577270507812 293.6558303833008 606.4015502929688 293.6558303833008
606.2103271484375 256.26129150390625 653.6678276062012 256.26129150390625 653.6678276062012 293.6924629211426 606.2103271484375 293.6924629211426
607.3483276367188 256.28802490234375 655.1679077148438 256.28802490234375 655.1679077148438 293.5675354003906 607.3483276367188 293.5675354003906
607.66552734375 257.1771545410156 654.5379104614258 257.1771545410156 654.5379104614258 295.35643005371094 607.66552734375 295.35643005371094
607.5560302734375 256.9582214355469 655.7986602783203 256.9582214355469 655.7986602783203 295.7164001464844 607.5560302734375 295.7164001464844
609.0274658203125 257.06597900390625 656.090934753418 257.06597900390625 656.090934753418 296.1491584777832 609.0274658203125 296.1491584777832
609.4983520507812 257.78985595703125 656.6124000549316 257.78985595703125 656.6124000549316 297.17302322387695 609.4983520507812 297.17302322387695
610.6354370117188 257.4310302734375 657.571460723877 257.4310302734375 657.571460723877 297.35881423950195 610.6354370117188 297.35881423950195
611.18359375 257.3346862792969 658.112663269043 257.3346862792969 658.112663269043 298.44768142700195 611.18359375 298.44768142700195
613.2396240234375 257.81231689453125 659.6382751464844 257.81231689453125 659.6382751464844 298.7532730102539 613.2396240234375 298.7532730102539
613.8082275390625 257.9459533691406 659.3086090087891 257.9459533691406 659.3086090087891 298.83341217041016 613.8082275390625 298.83341217041016
614.3045043945312 257.61663818359375 659.8007698059082 257.61663818359375 659.8007698059082 298.8186225891113 614.3045043945312 298.8186225891113
614.4177856445312 257.58587646484375 659.7077522277832 257.58587646484375 659.7077522277832 298.9447593688965 614.4177856445312 298.9447593688965
616.3961181640625 257.5403747558594 660.8580093383789 257.5403747558594 660.8580093383789 299.3108596801758 616.3961181640625 299.3108596801758
617.12060546875 256.9764709472656 660.9993591308594 256.9764709472656 660.9993591308594 299.6379203796387 617.12060546875 299.6379203796387
617.0225219726562 256.61376953125 659.9899749755859 256.61376953125 659.9899749755859 299.52445220947266 617.0225219726562 299.52445220947266
617.7078247070312 256.53814697265625 659.8212394714355 256.53814697265625 659.8212394714355 299.2510681152344 617.7078247070312 299.2510681152344
620.2261962890625 257.3328552246094 659.5155868530273 257.3328552246094 659.5155868530273 299.36307525634766 620.2261962890625 299.36307525634766
619.57861328125 258.09375 659.2037315368652 258.09375 659.2037315368652 299.20338439941406 619.57861328125 299.20338439941406
621.5444946289062 257.11932373046875 660.5931243896484 257.11932373046875 660.5931243896484 299.7108688354492 621.5444946289062 299.7108688354492
622.5965576171875 256.3893127441406 661.1448249816895 256.3893127441406 661.1448249816895 300.12630462646484 622.5965576171875 300.12630462646484
622.3538818359375 256.6924133300781 661.0278778076172 256.6924133300781 661.0278778076172 299.18746185302734 622.3538818359375 299.18746185302734
622.8392944335938 256.6324157714844 661.5793113708496 256.6324157714844 661.5793113708496 299.27301025390625 622.8392944335938 299.27301025390625
623.21044921875 257.2962341308594 661.4955101013184 257.2962341308594 661.4955101013184 299.46521759033203 623.21044921875 299.46521759033203
626.71923828125 258.3489685058594 662.6530075073242 258.3489685058594 662.6530075073242 301.2408981323242 626.71923828125 301.2408981323242
625.2933959960938 257.48974609375 662.6204605102539 257.48974609375 662.6204605102539 298.9076156616211 625.2933959960938 298.9076156616211
625.377197265625 257.57196044921875 662.5924186706543 257.57196044921875 662.5924186706543 299.0286865234375 625.377197265625 299.0286865234375
626.233154296875 258.61431884765625 662.8909225463867 258.61431884765625 662.8909225463867 300.55043029785156 626.233154296875 300.55043029785156
625.3543701171875 257.3800354003906 662.5608940124512 257.3800354003906 662.5608940124512 298.5197563171387 625.3543701171875 298.5197563171387
627.2261962890625 258.3011474609375 663.7297592163086 258.3011474609375 663.7297592163086 298.81368255615234 627.2261962890625 298.81368255615234
626.9461669921875 258.05169677734375 664.4016609191895 258.05169677734375 664.4016609191895 298.9122085571289 626.9461669921875 298.9122085571289
626.6265258789062 259.0546875 663.1954574584961 259.0546875 663.1954574584961 300.3568229675293 626.6265258789062 300.3568229675293
627.5433349609375 258.20355224609375 664.5389175415039 258.20355224609375 664.5389175415039 299.3786315917969 627.5433349609375 299.3786315917969
628.3717041015625 259.1988220214844 665.5669860839844 259.1988220214844 665.5669860839844 300.6433334350586 628.3717041015625 300.6433334350586
628.357177734375 258.6235656738281 665.2242660522461 258.6235656738281 665.2242660522461 300.452392578125 628.357177734375 300.452392578125
627.8244018554688 258.2347106933594 664.888355255127 258.2347106933594 664.888355255127 301.2348289489746 627.8244018554688 301.2348289489746
627.1743774414062 257.4713134765625 665.0463638305664 257.4713134765625 665.0463638305664 298.7861862182617 627.1743774414062 298.7861862182617
630.7161865234375 260.30926513671875 665.6509437561035 260.30926513671875 665.6509437561035 302.05998611450195 630.7161865234375 302.05998611450195
630.68798828125 259.7359313964844 666.3070449829102 259.7359313964844 666.3070449829102 301.0373764038086 630.68798828125 301.0373764038086
630.9027099609375 259.7757263183594 666.1646194458008 259.7757263183594 666.1646194458008 300.07788848876953 630.9027099609375 300.07788848876953
630.2239379882812 258.8592224121094 666.4668159484863 258.8592224121094 666.4668159484863 298.3968963623047 630.2239379882812 298.3968963623047
630.3388061523438 260.01788330078125 665.9744758605957 260.01788330078125 665.9744758605957 299.7583923339844 630.3388061523438 299.7583923339844
632.4490966796875 260.32696533203125 667.9755477905273 260.32696533203125 667.9755477905273 300.7416114807129 632.4490966796875 300.7416114807129
632.2407836914062 259.808349609375 668.2828140258789 259.808349609375 668.2828140258789 299.98324966430664 632.2407836914062 299.98324966430664
632.453125 260.1678771972656 669.2519302368164 260.1678771972656 669.2519302368164 300.545711517334 632.453125 300.545711517334
633.0479125976562 260.21514892578125 669.4819412231445 260.21514892578125 669.4819412231445 301.25332260131836 633.0479125976562 301.25332260131836
635.5164184570312 261.4064636230469 671.676383972168 261.4064636230469 671.676383972168 301.9083786010742 635.5164184570312 301.9083786010742
636.2593383789062 261.6072692871094 671.6705131530762 261.6072692871094 671.6705131530762 300.9548683166504 636.2593383789062 300.9548683166504
636.6184692382812 261.26904296875 672.3419876098633 261.26904296875 672.3419876098633 301.0399513244629 636.6184692382812 301.0399513244629
638.3787231445312 260.2566223144531 673.0088729858398 260.2566223144531 673.0088729858398 301.0226593017578 638.3787231445312 301.0226593017578
638.6195068359375 260.7313537597656 674.2545700073242 260.7313537597656 674.2545700073242 301.69261932373047 638.6195068359375 301.69261932373047
638.9727783203125 261.370361328125 674.9915733337402 261.370361328125 674.9915733337402 302.24097061157227 638.9727783203125 302.24097061157227
639.3328857421875 261.68963623046875 675.32080078125 261.68963623046875 675.32080078125 301.33161544799805 639.3328857421875 301.33161544799805
640.8448486328125 261.09576416015625 676.7000885009766 261.09576416015625 676.7000885009766 300.50907135009766 640.8448486328125 300.50907135009766
641.1546020507812 261.69354248046875 677.3620834350586 261.69354248046875 677.3620834350586 300.84056854248047 641.1546020507812 300.84056854248047
641.6880493164062 261.21612548828125 677.9055557250977 261.21612548828125 677.9055557250977 302.20201873779297 641.6880493164062 302.20201873779297
639.6090698242188 261.35235595703125 677.3188285827637 261.35235595703125 677.3188285827637 304.5713005065918 639.6090698242188 304.5713005065918
638.7740478515625 262.0248107910156 677.3403396606445 262.0248107910156 677.3403396606445 306.3664855957031 638.7740478515625 306.3664855957031
640.6851806640625 261.6243591308594 678.4350509643555 261.6243591308594 678.4350509643555 305.584228515625 640.6851806640625 305.584228515625
640.1979370117188 261.4107666015625 678.4084167480469 261.4107666015625 678.4084167480469 307.2500534057617 640.1979370117188 307.2500534057617
641.8108520507812 261.19036865234375 680.2601509094238 261.19036865234375 680.2601509094238 306.2548141479492 641.8108520507812 306.2548141479492
641.9142456054688 262.82159423828125 680.7808456420898 262.82159423828125 680.7808456420898 306.5919418334961 641.9142456054688 306.5919418334961
642.2833251953125 262.2303466796875 681.7101783752441 262.2303466796875 681.7101783752441 307.0006332397461 642.2833251953125 307.0006332397461
645.3576049804688 260.952880859375 683.0762786865234 260.952880859375 683.0762786865234 304.078369140625 645.3576049804688 304.078369140625
645.0023193359375 260.7187194824219 682.6512680053711 260.7187194824219 682.6512680053711 304.04957580566406 645.0023193359375 304.04957580566406
646.8988037109375 259.92742919921875 684.0519828796387 259.92742919921875 684.0519828796387 303.68394470214844 646.8988037109375 303.68394470214844
646.4886474609375 259.7864990234375 683.8248405456543 259.7864990234375 683.8248405456543 303.7314643859863 646.4886474609375 303.7314643859863
649.1599731445312 259.6041564941406 685.4661140441895 259.6041564941406 685.4661140441895 301.1665344238281 649.1599731445312 301.1665344238281
647.9030151367188 259.8152160644531 685.0140762329102 259.8152160644531 685.0140762329102 302.0795783996582 647.9030151367188 302.0795783996582
649.1873779296875 260.1474914550781 686.1047668457031 260.1474914550781 686.1047668457031 301.9688911437988 649.1873779296875 301.9688911437988
650.0958862304688 259.34588623046875 687.2400741577148 259.34588623046875 687.2400741577148 300.64810943603516 650.0958862304688 300.64810943603516
650.8680419921875 259.3351745605469 688.5784225463867 259.3351745605469 688.5784225463867 300.0592155456543 650.8680419921875 300.0592155456543
650.3779296875 259.44537353515625 688.389030456543 259.44537353515625 688.389030456543 300.6815414428711 650.3779296875 300.6815414428711
651.95263671875 259.49298095703125 689.6281890869141 259.49298095703125 689.6281890869141 299.5797462463379 651.95263671875 299.5797462463379
652.4036254882812 259.84979248046875 690.0668563842773 259.84979248046875 690.0668563842773 299.38037109375 652.4036254882812 299.38037109375
653.7671508789062 258.5538635253906 691.4982147216797 258.5538635253906 691.4982147216797 298.1280403137207 653.7671508789062 298.1280403137207
652.616455078125 257.3901672363281 692.4980506896973 257.3901672363281 692.4980506896973 299.6369857788086 652.616455078125 299.6369857788086
655.0465698242188 259.16973876953125 693.4247703552246 259.16973876953125 693.4247703552246 297.8753204345703 655.0465698242188 297.8753204345703
656.9544677734375 257.88177490234375 695.2512588500977 257.88177490234375 695.2512588500977 296.753231048584 656.9544677734375 296.753231048584
657.5577392578125 258.85211181640625 695.9800605773926 258.85211181640625 695.9800605773926 298.178955078125 657.5577392578125 298.178955078125
660.7271728515625 258.7027893066406 698.3742523193359 258.7027893066406 698.3742523193359 297.2389602661133 660.7271728515625 297.2389602661133
659.3980712890625 258.6579284667969 698.3798446655273 258.6579284667969 698.3798446655273 297.22107315063477 659.3980712890625 297.22107315063477
660.5299682617188 258.1243591308594 700.3832015991211 258.1243591308594 700.3832015991211 297.20374298095703 660.5299682617188 297.20374298095703
661.7147216796875 258.5900573730469 701.6199378967285 258.5900573730469 701.6199378967285 297.5492858886719 661.7147216796875 297.5492858886719
662.1656494140625 257.52130126953125 702.1667137145996 257.52130126953125 702.1667137145996 296.15652084350586 662.1656494140625 296.15652084350586
663.0971069335938 257.8149719238281 702.0856399536133 257.8149719238281 702.0856399536133 294.92305755615234 663.0971069335938 294.92305755615234
665.0848388671875 257.33050537109375 703.1569023132324 257.33050537109375 703.1569023132324 295.01254653930664 665.0848388671875 295.01254653930664
666.2110595703125 257.08782958984375 704.3780899047852 257.08782958984375 704.3780899047852 295.27864837646484 666.2110595703125 295.27864837646484
665.28125 257.0558166503906 704.195873260498 257.0558166503906 704.195873260498 294.8351936340332 665.28125 294.8351936340332
666.3836059570312 257.26177978515625 703.9839248657227 257.26177978515625 703.9839248657227 295.16679763793945 666.3836059570312 295.16679763793945
665.8197021484375 257.0071105957031 703.9604187011719 257.0071105957031 703.9604187011719 294.9528274536133 665.8197021484375 294.9528274536133
665.7791748046875 257.9346618652344 703.7059555053711 257.9346618652344 703.7059555053711 295.4740676879883 665.7791748046875 295.4740676879883
667.8508911132812 257.64227294921875 705.0762710571289 257.64227294921875 705.0762710571289 295.1299247741699 667.8508911132812 295.1299247741699
668.2498168945312 257.410888671875 705.2763671875 257.410888671875 705.2763671875 295.4458122253418 668.2498168945312 295.4458122253418
667.6331787109375 257.4786682128906 704.894115447998 257.4786682128906 704.894115447998 295.5590591430664 667.6331787109375 295.5590591430664
669.0596923828125 257.211669921875 705.996826171875 257.211669921875 705.996826171875 295.6304626464844 669.0596923828125 295.6304626464844
669.4791259765625 257.7698059082031 707.1327018737793 257.7698059082031 707.1327018737793 296.39624786376953 669.4791259765625 296.39624786376953
666.8754272460938 257.43426513671875 705.7268180847168 257.43426513671875 705.7268180847168 295.6621551513672 666.8754272460938 295.6621551513672
667.8590698242188 257.42626953125 706.693302154541 257.42626953125 706.693302154541 296.59098052978516 667.8590698242188 296.59098052978516
667.1948852539062 257.6707763671875 706.1968383789062 257.6707763671875 706.1968383789062 295.76241302490234 667.1948852539062 295.76241302490234
667.20458984375 258.1146545410156 706.2942581176758 258.1146545410156 706.2942581176758 296.0437240600586 667.20458984375 296.0437240600586
666.3950805664062 258.5274963378906 706.5129203796387 258.5274963378906 706.5129203796387 297.3717956542969 666.3950805664062 297.3717956542969
663.4534912109375 258.6731872558594 705.3379325866699 258.6731872558594 705.3379325866699 297.4632987976074 663.4534912109375 297.4632987976074
662.2280883789062 257.8017578125 704.3673782348633 257.8017578125 704.3673782348633 296.3900947570801 662.2280883789062 296.3900947570801
661.6439208984375 257.753173828125 703.8876876831055 257.753173828125 703.8876876831055 297.4274101257324 661.6439208984375 297.4274101257324
662.3292846679688 257.68206787109375 703.8530082702637 257.68206787109375 703.8530082702637 298.0729293823242 662.3292846679688 298.0729293823242
662.6957397460938 257.36505126953125 703.9246406555176 257.36505126953125 703.9246406555176 297.6616668701172 662.6957397460938 297.6616668701172
663.4990234375 257.5957336425781 703.8021507263184 257.5957336425781 703.8021507263184 297.1118278503418 663.4990234375 297.1118278503418
664.0535278320312 257.35247802734375 703.8835983276367 257.35247802734375 703.8835983276367 297.02895736694336 664.0535278320312 297.02895736694336
662.1631469726562 253.79159545898438 705.0083923339844 253.79159545898438 705.0083923339844 300.53185272216797 662.1631469726562 300.53185272216797
667.3340454101562 258.1701354980469 705.960132598877 258.1701354980469 705.960132598877 299.4389839172363 667.3340454101562 299.4389839172363
668.6148071289062 257.68756103515625 707.9843215942383 257.68756103515625 707.9843215942383 300.94828033447266 668.6148071289062 300.94828033447266
670.3934936523438 259.06939697265625 708.9310836791992 259.06939697265625 708.9310836791992 302.31429290771484 670.3934936523438 302.31429290771484
670.3309936523438 259.0794982910156 709.3781509399414 259.0794982910156 709.3781509399414 302.3411178588867 670.3309936523438 302.3411178588867
671.6477661132812 261.57550048828125 709.5877990722656 261.57550048828125 709.5877990722656 303.15889739990234 671.6477661132812 303.15889739990234
672.3262939453125 260.5677185058594 710.2995414733887 260.5677185058594 710.2995414733887 302.86738204956055 672.3262939453125 302.86738204956055
671.8845825195312 260.5036926269531 710.2114181518555 260.5036926269531 710.2114181518555 302.92326736450195 671.8845825195312 302.92326736450195
672.7930297851562 262.20013427734375 711.3222503662109 262.20013427734375 711.3222503662109 303.7979202270508 672.7930297851562 303.7979202270508
670.8491821289062 261.73895263671875 711.0397033691406 261.73895263671875 711.0397033691406 303.27208709716797 670.8491821289062 303.27208709716797
669.8130493164062 262.6266784667969 711.5592460632324 262.6266784667969 711.5592460632324 304.68701171875 669.8130493164062 304.68701171875
665.7596435546875 263.3763732910156 708.8040161132812 263.3763732910156 708.8040161132812 305.10643768310547 665.7596435546875 305.10643768310547
661.1351318359375 261.2291259765625 705.2047157287598 261.2291259765625 705.2047157287598 304.15910720825195 661.1351318359375 304.15910720825195
653.3846435546875 260.96588134765625 699.1962471008301 260.96588134765625 699.1962471008301 303.65472412109375 653.3846435546875 303.65472412109375
647.2332153320312 259.41778564453125 695.4037933349609 259.41778564453125 695.4037933349609 302.20330810546875 647.2332153320312 302.20330810546875
646.8281860351562 260.055419921875 694.7501411437988 260.055419921875 694.7501411437988 303.6176452636719 646.8281860351562 303.6176452636719
642.1834106445312 258.66754150390625 690.0293960571289 258.66754150390625 690.0293960571289 302.249454498291 642.1834106445312 302.249454498291
640.740966796875 256.10345458984375 687.5325355529785 256.10345458984375 687.5325355529785 301.7619514465332 640.740966796875 301.7619514465332
641.0260620117188 258.5307312011719 687.6751899719238 258.5307312011719 687.6751899719238 302.5420722961426 641.0260620117188 302.5420722961426
638.2579956054688 258.384521484375 686.156623840332 258.384521484375 686.156623840332 302.86011505126953 638.2579956054688 302.86011505126953
636.08642578125 258.87994384765625 685.6901435852051 258.87994384765625 685.6901435852051 303.74168395996094 636.08642578125 303.74168395996094
632.907958984375 258.532958984375 682.5843391418457 258.532958984375 682.5843391418457 302.93843841552734 632.907958984375 302.93843841552734
628.8199462890625 257.7776184082031 679.2624893188477 257.7776184082031 679.2624893188477 302.9348449707031 628.8199462890625 302.9348449707031
624.2266235351562 258.5521240234375 674.8696975708008 258.5521240234375 674.8696975708008 303.9637985229492 624.2266235351562 303.9637985229492
622.2987060546875 257.1236572265625 673.9380264282227 257.1236572265625 673.9380264282227 304.3295249938965 622.2987060546875 304.3295249938965
623.0117797851562 257.44451904296875 673.6404991149902 257.44451904296875 673.6404991149902 305.05663299560547 623.0117797851562 305.05663299560547
620.9046630859375 257.2899475097656 670.8619384765625 257.2899475097656 670.8619384765625 303.785457611084 620.9046630859375 303.785457611084
623.0640869140625 258.05914306640625 672.1827621459961 258.05914306640625 672.1827621459961 304.18132400512695 623.0640869140625 304.18132400512695
623.6531982421875 258.169921875 671.7141952514648 258.169921875 671.7141952514648 304.4309196472168 623.6531982421875 304.4309196472168
622.0733642578125 256.0953369140625 671.3834533691406 256.0953369140625 671.3834533691406 303.03527069091797 622.0733642578125 303.03527069091797
622.635009765625 257.2343444824219 671.5105667114258 257.2343444824219 671.5105667114258 303.9669418334961 622.635009765625 303.9669418334961
622.0548706054688 258.70697021484375 672.8141708374023 258.70697021484375 672.8141708374023 305.8580131530762 622.0548706054688 305.8580131530762
616.8292236328125 258.14727783203125 669.6414909362793 258.14727783203125 669.6414909362793 304.4383087158203 616.8292236328125 304.4383087158203
613.3070068359375 258.59381103515625 665.7804565429688 258.59381103515625 665.7804565429688 304.97785568237305 613.3070068359375 304.97785568237305
606.385498046875 258.59100341796875 659.6313247680664 258.59100341796875 659.6313247680664 305.2694778442383 606.385498046875 305.2694778442383
603.3216552734375 257.921875 656.0245971679688 257.921875 656.0245971679688 304.7854804992676 603.3216552734375 304.7854804992676
602.6561279296875 258.3773193359375 654.9098587036133 258.3773193359375 654.9098587036133 305.00418853759766 602.6561279296875 305.00418853759766
608.0780639648438 260.30816650390625 657.5844802856445 260.30816650390625 657.5844802856445 307.57913970947266 608.0780639648438 307.57913970947266
606.1072387695312 259.31793212890625 655.4529075622559 259.31793212890625 655.4529075622559 306.5219535827637 606.1072387695312 306.5219535827637
605.3638916015625 258.181640625 655.6051063537598 258.181640625 655.6051063537598 306.63004302978516 605.3638916015625 306.63004302978516
606.5052490234375 258.9767150878906 656.2078971862793 258.9767150878906 656.2078971862793 307.8909797668457 606.5052490234375 307.8909797668457
608.211669921875 259.1929626464844 657.1446418762207 259.1929626464844 657.1446418762207 308.6018409729004 608.211669921875 308.6018409729004
609.60546875 259.37677001953125 657.7800712585449 259.37677001953125 657.7800712585449 308.8063659667969 609.60546875 308.8063659667969
609.5394287109375 259.95770263671875 657.5802383422852 259.95770263671875 657.5802383422852 308.5774040222168 609.5394287109375 308.5774040222168
608.87353515625 259.150634765625 657.3300514221191 259.150634765625 657.3300514221191 308.10497665405273 608.87353515625 308.10497665405273
607.2372436523438 257.03369140625 658.2375984191895 257.03369140625 658.2375984191895 307.2090835571289 607.2372436523438 307.2090835571289
606.0933837890625 257.0252380371094 658.8192367553711 257.0252380371094 658.8192367553711 308.4050178527832 606.0933837890625 308.4050178527832
605.48681640625 256.12249755859375 659.0544967651367 256.12249755859375 659.0544967651367 307.93608474731445 605.48681640625 307.93608474731445
605.661865234375 256.0761413574219 659.1118545532227 256.0761413574219 659.1118545532227 307.6284713745117 605.661865234375 307.6284713745117
606.7428588867188 256.23846435546875 659.2392044067383 256.23846435546875 659.2392044067383 307.7187271118164 606.7428588867188 307.7187271118164
606.6949462890625 256.18597412109375 658.938404083252 256.18597412109375 658.938404083252 306.96929931640625 606.6949462890625 306.96929931640625
605.8448486328125 255.6112823486328 658.5691947937012 255.6112823486328 658.5691947937012 307.3516387939453 605.8448486328125 307.3516387939453
609.5126342773438 256.50872802734375 661.5343742370605 256.50872802734375 661.5343742370605 308.5200309753418 609.5126342773438 308.5200309753418
607.5283203125 255.5487060546875 660.5626945495605 255.5487060546875 660.5626945495605 306.5723342895508 607.5283203125 306.5723342895508
611.3780517578125 257.05108642578125 662.7021293640137 257.05108642578125 662.7021293640137 308.75682830810547 611.3780517578125 308.75682830810547
608.6983032226562 255.53018188476562 661.7043228149414 255.53018188476562 661.7043228149414 307.2335395812988 608.6983032226562 307.2335395812988
607.3134765625 255.07131958007812 661.0586967468262 255.07131958007812 661.0586967468262 307.17377853393555 607.3134765625 307.17377853393555
608.2969360351562 254.8004913330078 662.5283088684082 254.8004913330078 662.5283088684082 306.8520851135254 608.2969360351562 306.8520851135254
605.689208984375 254.86056518554688 660.2219772338867 254.86056518554688 660.2219772338867 306.3481636047363 605.689208984375 306.3481636047363
608.0396728515625 255.4716796875 662.3235397338867 255.4716796875 662.3235397338867 307.3032760620117 608.0396728515625 307.3032760620117
607.2919921875 254.89535522460938 661.9109802246094 254.89535522460938 661.9109802246094 306.2326965332031 607.2919921875 306.2326965332031
606.157958984375 255.555908203125 661.414234161377 255.555908203125 661.414234161377 306.2099075317383 606.157958984375 306.2099075317383
605.8756713867188 255.51272583007812 660.6965408325195 255.51272583007812 660.6965408325195 306.1059341430664 605.8756713867188 306.1059341430664
610.7032470703125 256.128662109375 664.5895500183105 256.128662109375 664.5895500183105 306.9526710510254 610.7032470703125 306.9526710510254
605.9996948242188 256.1556701660156 660.2645263671875 256.1556701660156 660.2645263671875 306.85790252685547 605.9996948242188 306.85790252685547
604.7138061523438 256.5495300292969 659.3110885620117 256.5495300292969 659.3110885620117 307.1844711303711 604.7138061523438 307.1844711303711
604.6484375 255.64395141601562 660.5357475280762 255.64395141601562 660.5357475280762 307.03453826904297 604.6484375 307.03453826904297
602.5250244140625 255.5881805419922 658.9345016479492 255.5881805419922 658.9345016479492 306.31221771240234 602.5250244140625 306.31221771240234
606.8876953125 256.47259521484375 662.1999092102051 256.47259521484375 662.1999092102051 307.09766387939453 606.8876953125 307.09766387939453
601.5104370117188 256.0213317871094 657.237621307373 256.0213317871094 657.237621307373 305.59937286376953 601.5104370117188 305.59937286376953
601.38232421875 254.794921875 657.212085723877 254.794921875 657.212085723877 305.05835342407227 601.38232421875 305.05835342407227
603.7470703125 256.08465576171875 659.4639358520508 256.08465576171875 659.4639358520508 305.9623832702637 603.7470703125 305.9623832702637
602.2567138671875 256.71807861328125 657.6928596496582 256.71807861328125 657.6928596496582 306.177188873291 602.2567138671875 306.177188873291
600.43994140625 255.6385498046875 656.569221496582 255.6385498046875 656.569221496582 305.11444091796875 600.43994140625 305.11444091796875
604.073486328125 257.1162414550781 659.788013458252 257.1162414550781 659.788013458252 306.9825248718262 604.073486328125 306.9825248718262
603.1993408203125 256.2093811035156 659.3281364440918 256.2093811035156 659.3281364440918 306.0327453613281 603.1993408203125 306.0327453613281
601.6007690429688 255.47705078125 658.2436752319336 255.47705078125 658.2436752319336 305.6461524963379 601.6007690429688 305.6461524963379
602.625 255.0251007080078 658.9987373352051 255.0251007080078 658.9987373352051 305.8430061340332 602.625 305.8430061340332
601.5430908203125 255.6470184326172 658.027416229248 255.6470184326172 658.027416229248 306.1307029724121 601.5430908203125 306.1307029724121
608.517822265625 256.0445556640625 665.0093612670898 256.0445556640625 665.0093612670898 308.1605110168457 608.517822265625 308.1605110168457
606.5064086914062 254.8663787841797 664.7016677856445 254.8663787841797 664.7016677856445 307.7462730407715 606.5064086914062 307.7462730407715
605.3003540039062 254.0752716064453 665.313850402832 254.0752716064453 665.313850402832 308.1738815307617 605.3003540039062 308.1738815307617
609.2116088867188 253.9649658203125 669.2867546081543 253.9649658203125 669.2867546081543 308.50274658203125 609.2116088867188 308.50274658203125
608.31298828125 254.197265625 669.2803344726562 254.197265625 669.2803344726562 309.06151580810547 608.31298828125 309.06151580810547
612.73193359375 253.7884063720703 673.201774597168 253.7884063720703 673.201774597168 310.02687072753906 612.73193359375 310.02687072753906
611.4705810546875 254.09619140625 671.8058090209961 254.09619140625 671.8058090209961 310.32402420043945 611.4705810546875 310.32402420043945
607.2423706054688 252.9993133544922 668.3654479980469 252.9993133544922 668.3654479980469 308.68506622314453 607.2423706054688 308.68506622314453
615.826171875 252.43905639648438 674.8970146179199 252.43905639648438 674.8970146179199 310.5663070678711 615.826171875 310.5663070678711
612.5494384765625 254.75765991210938 671.4785957336426 254.75765991210938 671.4785957336426 309.9580268859863 612.5494384765625 309.9580268859863
612.4561767578125 254.08541870117188 672.1855163574219 254.08541870117188 672.1855163574219 310.1234931945801 612.4561767578125 310.1234931945801
612.7465209960938 253.2658233642578 672.0325393676758 253.2658233642578 672.0325393676758 309.9523582458496 612.7465209960938 309.9523582458496
612.697021484375 254.0535125732422 673.0609245300293 254.0535125732422 673.0609245300293 310.5680274963379 612.697021484375 310.5680274963379
608.4521484375 252.2704315185547 670.0025253295898 252.2704315185547 670.0025253295898 308.8833656311035 608.4521484375 308.8833656311035
601.82861328125 253.50350952148438 663.2590713500977 253.50350952148438 663.2590713500977 307.1698913574219 601.82861328125 307.1698913574219
609.7918090820312 253.7801055908203 671.4736862182617 253.7801055908203 671.4736862182617 309.76598358154297 609.7918090820312 309.76598358154297
609.7330932617188 254.3224639892578 671.7507095336914 254.3224639892578 671.7507095336914 310.34914779663086 609.7330932617188 310.34914779663086
608.88134765625 253.6330108642578 671.3162651062012 253.6330108642578 671.3162651062012 310.0652198791504 608.88134765625 310.0652198791504
604.5794067382812 251.6797637939453 668.1604614257812 251.6797637939453 668.1604614257812 311.07527923583984 604.5794067382812 311.07527923583984
603.6795654296875 249.76467895507812 668.9323883056641 249.76467895507812 668.9323883056641 310.0314025878906 603.6795654296875 310.0314025878906
606.5470581054688 251.40036010742188 672.0634765625 251.40036010742188 672.0634765625 309.8458366394043 606.5470581054688 309.8458366394043
603.7275390625 249.806884765625 669.4953689575195 249.806884765625 669.4953689575195 308.51531982421875 603.7275390625 308.51531982421875
603.7745361328125 250.6157684326172 669.1610870361328 250.6157684326172 669.1610870361328 308.87340927124023 603.7745361328125 308.87340927124023
603.9564208984375 250.8584442138672 668.4634857177734 250.8584442138672 668.4634857177734 309.31814193725586 603.9564208984375 309.31814193725586
605.4403076171875 250.1043701171875 669.828971862793 250.1043701171875 669.828971862793 309.00528717041016 605.4403076171875 309.00528717041016
599.9981689453125 249.9578857421875 665.563606262207 249.9578857421875 665.563606262207 310.8575325012207 599.9981689453125 310.8575325012207
599.9447021484375 249.673095703125 665.2978897094727 249.673095703125 665.2978897094727 310.35054779052734 599.9447021484375 310.35054779052734
599.369384765625 247.7831573486328 664.7649841308594 247.7831573486328 664.7649841308594 311.9536361694336 599.369384765625 311.9536361694336
602.6897583007812 249.8716583251953 667.4719161987305 249.8716583251953 667.4719161987305 309.6751022338867 602.6897583007812 309.6751022338867
594.717041015625 246.76797485351562 659.5497436523438 246.76797485351562 659.5497436523438 312.9321975708008 594.717041015625 312.9321975708008
594.2772827148438 246.6508331298828 659.4244232177734 246.6508331298828 659.4244232177734 313.4161682128906 594.2772827148438 313.4161682128906
593.3295288085938 245.44454956054688 658.7146377563477 245.44454956054688 658.7146377563477 315.24131774902344 593.3295288085938 315.24131774902344
594.1201171875 247.06991577148438 658.0567016601562 247.06991577148438 658.0567016601562 314.8501434326172 594.1201171875 314.8501434326172
591.9432373046875 247.0961151123047 655.923267364502 247.0961151123047 655.923267364502 316.89241790771484 591.9432373046875 316.89241790771484
593.1853637695312 246.76638793945312 656.8376884460449 246.76638793945312 656.8376884460449 316.20519256591797 593.1853637695312 316.20519256591797
590.9337768554688 246.1150360107422 654.14111328125 246.1150360107422 654.14111328125 315.06839752197266 590.9337768554688 315.06839752197266
591.1369018554688 247.05606079101562 653.2576065063477 247.05606079101562 653.2576065063477 314.8240051269531 591.1369018554688 314.8240051269531
590.1057739257812 247.93215942382812 652.3932113647461 247.93215942382812 652.3932113647461 315.88199615478516 590.1057739257812 315.88199615478516
593.169677734375 247.32870483398438 655.401439666748 247.32870483398438 655.401439666748 313.7518768310547 593.169677734375 313.7518768310547
591.2862548828125 248.80099487304688 652.033031463623 248.80099487304688 652.033031463623 315.0701141357422 591.2862548828125 315.0701141357422
590.3550415039062 247.262451171875 651.0831069946289 247.262451171875 651.0831069946289 311.6436004638672 590.3550415039062 311.6436004638672
592.2574462890625 247.1222381591797 652.533088684082 247.1222381591797 652.533088684082 312.1644821166992 592.2574462890625 312.1644821166992
587.6483764648438 246.94552612304688 648.1016044616699 246.94552612304688 648.1016044616699 312.89441680908203 587.6483764648438 312.89441680908203
591.5889282226562 248.5590362548828 650.5435791015625 248.5590362548828 650.5435791015625 309.57640838623047 591.5889282226562 309.57640838623047
588.78076171875 248.64620971679688 647.6703796386719 248.64620971679688 647.6703796386719 312.8893508911133 588.78076171875 312.8893508911133
589.673095703125 247.7481231689453 647.9145622253418 247.7481231689453 647.9145622253418 309.94506072998047 589.673095703125 309.94506072998047
592.8968505859375 248.50222778320312 650.6196975708008 248.50222778320312 650.6196975708008 309.1084518432617 592.8968505859375 309.1084518432617
592.048095703125 249.31088256835938 649.8061294555664 249.31088256835938 649.8061294555664 309.14848709106445 592.048095703125 309.14848709106445
594.3670654296875 250.0420684814453 650.6257743835449 250.0420684814453 650.6257743835449 306.7799606323242 594.3670654296875 306.7799606323242
589.8845825195312 249.0271759033203 646.5819931030273 249.0271759033203 646.5819931030273 309.52383041381836 589.8845825195312 309.52383041381836
590.7169189453125 247.6453094482422 647.1323547363281 247.6453094482422 647.1323547363281 306.1203079223633 590.7169189453125 306.1203079223633
590.8765869140625 247.61099243164062 646.7036323547363 247.61099243164062 646.7036323547363 305.4047546386719 590.8765869140625 305.4047546386719
595.0655517578125 249.5104217529297 650.4197158813477 249.5104217529297 650.4197158813477 305.6081008911133 595.0655517578125 305.6081008911133
587.064697265625 248.4857940673828 643.2576904296875 248.4857940673828 643.2576904296875 307.9107894897461 587.064697265625 307.9107894897461
586.67529296875 248.4197998046875 643.3617935180664 248.4197998046875 643.3617935180664 310.2595520019531 586.67529296875 310.2595520019531
584.2881469726562 247.0948944091797 640.5267753601074 247.0948944091797 640.5267753601074 308.44606018066406 584.2881469726562 308.44606018066406
585.3387451171875 247.9835968017578 641.2399406433105 247.9835968017578 641.2399406433105 308.96665954589844 585.3387451171875 308.96665954589844
586.2692260742188 248.3761749267578 642.0188064575195 248.3761749267578 642.0188064575195 309.19384002685547 586.2692260742188 309.19384002685547
586.4700927734375 248.17349243164062 642.7322158813477 248.17349243164062 642.7322158813477 309.55030059814453 586.4700927734375 309.55030059814453
584.1470947265625 246.72525024414062 641.1211433410645 246.72525024414062 641.1211433410645 308.8787040710449 584.1470947265625 308.8787040710449
585.4819946289062 246.7325897216797 642.154541015625 246.7325897216797 642.154541015625 308.55712509155273 585.4819946289062 308.55712509155273
589.8587646484375 248.39852905273438 644.7805366516113 248.39852905273438 644.7805366516113 304.6486511230469 589.8587646484375 304.6486511230469
594.2713012695312 249.8072052001953 647.4609603881836 249.8072052001953 647.4609603881836 303.33983612060547 594.2713012695312 303.33983612060547
590.2415771484375 249.7113037109375 644.3069267272949 249.7113037109375 644.3069267272949 305.1000747680664 590.2415771484375 305.1000747680664
588.7870483398438 249.0227813720703 643.0784072875977 249.0227813720703 643.0784072875977 306.60470962524414 588.7870483398438 306.60470962524414
590.45263671875 249.4770965576172 644.2043266296387 249.4770965576172 644.2043266296387 305.0885581970215 590.45263671875 305.0885581970215
596.7911376953125 249.7939453125 649.6417007446289 249.7939453125 649.6417007446289 301.97919845581055 596.7911376953125 301.97919845581055
588.0652465820312 247.3744354248047 643.0293807983398 247.3744354248047 643.0293807983398 305.6230926513672 588.0652465820312 305.6230926513672
593.6179809570312 248.8330078125 647.6776008605957 248.8330078125 647.6776008605957 303.72753143310547 593.6179809570312 303.72753143310547
597.1818237304688 249.0980987548828 650.6491394042969 249.0980987548828 650.6491394042969 302.76876068115234 597.1818237304688 302.76876068115234
598.3218994140625 249.9390106201172 651.3646659851074 249.9390106201172 651.3646659851074 301.2815818786621 598.3218994140625 301.2815818786621
598.2301025390625 250.7198486328125 650.4988174438477 250.7198486328125 650.4988174438477 300.9653434753418 598.2301025390625 300.9653434753418
599.1062622070312 250.7434844970703 650.838134765625 250.7434844970703 650.838134765625 302.2037887573242 599.1062622070312 302.2037887573242
599.3470458984375 252.3007049560547 651.0575942993164 252.3007049560547 651.0575942993164 302.77437591552734 599.3470458984375 302.77437591552734
600.0054931640625 252.2344207763672 651.0223999023438 252.2344207763672 651.0223999023438 303.04199981689453 600.0054931640625 303.04199981689453
598.7636108398438 251.84567260742188 650.6260871887207 251.84567260742188 650.6260871887207 303.1403388977051 598.7636108398438 303.1403388977051
601.0887451171875 251.5100860595703 652.2686233520508 251.5100860595703 652.2686233520508 304.8779830932617 601.0887451171875 304.8779830932617
597.9757690429688 252.38424682617188 649.5520248413086 252.38424682617188 649.5520248413086 302.9898262023926 597.9757690429688 302.9898262023926
597.6968994140625 251.4515380859375 649.469654083252 251.4515380859375 649.469654083252 302.57858657836914 597.6968994140625 302.57858657836914
597.4642944335938 251.28109741210938 649.7663764953613 251.28109741210938 649.7663764953613 301.72187423706055 597.4642944335938 301.72187423706055
597.119140625 251.7830047607422 649.8133163452148 251.7830047607422 649.8133163452148 302.68199157714844 597.119140625 302.68199157714844
596.9269409179688 250.06253051757812 649.7430229187012 250.06253051757812 649.7430229187012 301.2885971069336 596.9269409179688 301.2885971069336
598.8449096679688 249.8213348388672 652.6207275390625 249.8213348388672 652.6207275390625 303.1529312133789 598.8449096679688 303.1529312133789
595.5858764648438 249.55746459960938 649.5346565246582 249.55746459960938 649.5346565246582 300.2946662902832 595.5858764648438 300.2946662902832
595.1593017578125 250.1892547607422 648.584228515625 250.1892547607422 648.584228515625 300.3205337524414 595.1593017578125 300.3205337524414
595.4832153320312 249.8630828857422 648.660228729248 249.8630828857422 648.660228729248 299.9589195251465 595.4832153320312 299.9589195251465
591.5064697265625 250.27175903320312 643.8948135375977 250.27175903320312 643.8948135375977 303.19222259521484 591.5064697265625 303.19222259521484
592.670654296875 249.5967559814453 644.7497138977051 249.5967559814453 644.7497138977051 300.4136505126953 592.670654296875 300.4136505126953
594.6912841796875 250.1465301513672 646.7783889770508 250.1465301513672 646.7783889770508 298.9582977294922 594.6912841796875 298.9582977294922
585.2108154296875 250.44894409179688 637.3288345336914 250.44894409179688 637.3288345336914 305.8127136230469 585.2108154296875 305.8127136230469
585.4774169921875 248.89346313476562 638.0757064819336 248.89346313476562 638.0757064819336 304.682861328125 585.4774169921875 304.682861328125
582.6620483398438 247.45962524414062 636.0836181640625 247.45962524414062 636.0836181640625 304.3522720336914 582.6620483398438 304.3522720336914
582.3206787109375 247.981689453125 636.573844909668 247.981689453125 636.573844909668 307.1669006347656 582.3206787109375 307.1669006347656
580.2388916015625 246.8658447265625 635.2504806518555 246.8658447265625 635.2504806518555 306.8784294128418 580.2388916015625 306.8784294128418
581.1995849609375 248.3080291748047 636.5119132995605 248.3080291748047 636.5119132995605 308.64869689941406 581.1995849609375 308.64869689941406
579.6412353515625 247.19338989257812 635.2716979980469 247.19338989257812 635.2716979980469 307.8811149597168 579.6412353515625 307.8811149597168
580.0348510742188 246.6995086669922 635.5961608886719 246.6995086669922 635.5961608886719 307.3118019104004 580.0348510742188 307.3118019104004
577.4057006835938 245.5562744140625 633.104133605957 245.5562744140625 633.104133605957 306.31815338134766 577.4057006835938 306.31815338134766
575.9922485351562 244.78329467773438 633.0450439453125 244.78329467773438 633.0450439453125 307.02265548706055 575.9922485351562 307.02265548706055
579.67529296875 248.1449737548828 635.8781661987305 248.1449737548828 635.8781661987305 309.45714950561523 579.67529296875 309.45714950561523
578.6820678710938 245.5096435546875 635.8310127258301 245.5096435546875 635.8310127258301 307.8539009094238 578.6820678710938 307.8539009094238
575.13623046875 244.3054656982422 632.2512588500977 244.3054656982422 632.2512588500977 306.6127166748047 575.13623046875 306.6127166748047
579.40576171875 246.54782104492188 636.8488273620605 246.54782104492188 636.8488273620605 309.2129325866699 579.40576171875 309.2129325866699
577.8316650390625 246.09988403320312 635.0708427429199 246.09988403320312 635.0708427429199 308.5425796508789 577.8316650390625 308.5425796508789
577.90380859375 245.41650390625 635.5246276855469 245.41650390625 635.5246276855469 308.2755355834961 577.90380859375 308.2755355834961
579.6279296875 247.28964233398438 637.9079170227051 247.28964233398438 637.9079170227051 310.86775970458984 579.6279296875 310.86775970458984
580.986083984375 246.59414672851562 638.4318313598633 246.59414672851562 638.4318313598633 309.2621879577637 580.986083984375 309.2621879577637
578.3616943359375 246.5074920654297 636.0929870605469 246.5074920654297 636.0929870605469 309.48704528808594 578.3616943359375 309.48704528808594
579.2316284179688 246.3062286376953 637.0206718444824 246.3062286376953 637.0206718444824 309.3487892150879 579.2316284179688 309.3487892150879
578.5208129882812 246.6165008544922 636.3174018859863 246.6165008544922 636.3174018859863 309.6672897338867 578.5208129882812 309.6672897338867
577.7756958007812 245.9569549560547 634.8524284362793 245.9569549560547 634.8524284362793 308.2224464416504 577.7756958007812 308.2224464416504
578.7178955078125 247.1103515625 635.2781867980957 247.1103515625 635.2781867980957 308.81245040893555 578.7178955078125 308.81245040893555
579.5271606445312 247.44076538085938 635.5722160339355 247.44076538085938 635.5722160339355 308.5807914733887 579.5271606445312 308.5807914733887
582.0317993164062 249.50369262695312 638.1248970031738 249.50369262695312 638.1248970031738 310.6961250305176 582.0317993164062 310.6961250305176
586.4576416015625 248.04696655273438 639.7248420715332 248.04696655273438 639.7248420715332 304.8913383483887 586.4576416015625 304.8913383483887
585.5133666992188 249.30441284179688 640.2585220336914 249.30441284179688 640.2585220336914 308.18828201293945 585.5133666992188 308.18828201293945
583.48828125 248.34072875976562 638.2335433959961 248.34072875976562 638.2335433959961 307.38158416748047 583.48828125 307.38158416748047
582.4693603515625 248.71572875976562 636.0821304321289 248.71572875976562 636.0821304321289 306.8981399536133 582.4693603515625 306.8981399536133
579.5130615234375 248.10708618164062 634.4388427734375 248.10708618164062 634.4388427734375 308.0260810852051 579.5130615234375 308.0260810852051
583.4366455078125 249.62814331054688 635.9678573608398 249.62814331054688 635.9678573608398 306.1708068847656 583.4366455078125 306.1708068847656
586.8602294921875 250.7266845703125 637.9787673950195 250.7266845703125 637.9787673950195 304.9502487182617 586.8602294921875 304.9502487182617
584.2798461914062 251.001953125 636.1257934570312 251.001953125 636.1257934570312 307.18768310546875 584.2798461914062 307.18768310546875
592.6053466796875 250.9028778076172 640.143440246582 250.9028778076172 640.143440246582 301.3319854736328 592.6053466796875 301.3319854736328
588.2716674804688 250.7509765625 637.0665969848633 250.7509765625 637.0665969848633 302.70878982543945 588.2716674804688 302.70878982543945
583.6964111328125 250.2764129638672 634.6078681945801 250.2764129638672 634.6078681945801 304.4209327697754 583.6964111328125 304.4209327697754
577.6983642578125 248.87539672851562 631.4288444519043 248.87539672851562 631.4288444519043 307.4904479980469 577.6983642578125 307.4904479980469
577.7144165039062 250.3047637939453 631.2752304077148 250.3047637939453 631.2752304077148 308.73472595214844 577.7144165039062 308.73472595214844
580.4310302734375 250.43392944335938 631.4766731262207 250.43392944335938 631.4766731262207 306.03108978271484 580.4310302734375 306.03108978271484
572.6304931640625 247.6141815185547 624.73291015625 247.6141815185547 624.73291015625 304.4531593322754 572.6304931640625 304.4531593322754
572.8850708007812 247.686279296875 625.254566192627 247.686279296875 625.254566192627 304.81661224365234 572.8850708007812 304.81661224365234
571.5968017578125 246.35595703125 623.9057426452637 246.35595703125 623.9057426452637 303.42022705078125 571.5968017578125 303.42022705078125
573.1337280273438 247.50119018554688 625.2301406860352 247.50119018554688 625.2301406860352 304.33361053466797 573.1337280273438 304.33361053466797
572.5950927734375 246.6980438232422 624.9766044616699 246.6980438232422 624.9766044616699 303.8414840698242 572.5950927734375 303.8414840698242
571.8402709960938 245.38864135742188 624.2253341674805 245.38864135742188 624.2253341674805 302.5359573364258 571.8402709960938 302.5359573364258
570.8212890625 244.9041748046875 624.4302177429199 244.9041748046875 624.4302177429199 303.3866157531738 570.8212890625 303.3866157531738
570.493408203125 245.9907684326172 624.6698226928711 245.9907684326172 624.6698226928711 305.09228134155273 570.493408203125 305.09228134155273
570.3155517578125 245.35256958007812 625.5499458312988 245.35256958007812 625.5499458312988 305.6082458496094 570.3155517578125 305.6082458496094
570.444091796875 244.13369750976562 624.9621086120605 244.13369750976562 624.9621086120605 303.60787200927734 570.444091796875 303.60787200927734
570.3118896484375 246.238525390625 624.448616027832 246.238525390625 624.448616027832 305.2967414855957 570.3118896484375 305.2967414855957
570.4342651367188 246.0431365966797 623.9048461914062 246.0431365966797 623.9048461914062 304.37464904785156 570.4342651367188 304.37464904785156
571.1050415039062 245.7621612548828 624.3538703918457 245.7621612548828 624.3538703918457 303.8517608642578 571.1050415039062 303.8517608642578
569.3284912109375 245.5200653076172 623.2142143249512 245.5200653076172 623.2142143249512 304.3044662475586 569.3284912109375 304.3044662475586
570.3052978515625 245.20223999023438 623.7873420715332 245.20223999023438 623.7873420715332 303.54625701904297 570.3052978515625 303.54625701904297
568.0133666992188 245.6698760986328 621.5992660522461 245.6698760986328 621.5992660522461 304.12718963623047 568.0133666992188 304.12718963623047
568.6513671875 245.2644500732422 623.0248794555664 245.2644500732422 623.0248794555664 304.5809860229492 568.6513671875 304.5809860229492
568.9044799804688 244.522705078125 624.2402420043945 244.522705078125 624.2402420043945 304.88896560668945 568.9044799804688 304.88896560668945
566.7799072265625 245.8371124267578 621.1423034667969 245.8371124267578 621.1423034667969 305.1415252685547 566.7799072265625 305.1415252685547
568.5189208984375 246.8455047607422 622.8150749206543 246.8455047607422 622.8150749206543 306.0776596069336 568.5189208984375 306.0776596069336
565.7160034179688 245.87246704101562 620.2906379699707 245.87246704101562 620.2906379699707 305.4084167480469 565.7160034179688 305.4084167480469
566.2103881835938 248.064697265625 620.345344543457 248.064697265625 620.345344543457 307.1209907531738 566.2103881835938 307.1209907531738
564.4110717773438 246.1017303466797 618.6004257202148 246.1017303466797 618.6004257202148 305.2173614501953 564.4110717773438 305.2173614501953
564.7705688476562 245.59597778320312 619.1434936523438 245.59597778320312 619.1434936523438 304.91187286376953 564.7705688476562 304.91187286376953
562.7938232421875 245.19668579101562 618.3415908813477 245.19668579101562 618.3415908813477 305.7942314147949 562.7938232421875 305.7942314147949
562.4493408203125 244.7572479248047 618.5419540405273 244.7572479248047 618.5419540405273 305.9491653442383 562.4493408203125 305.9491653442383
559.2344970703125 245.42770385742188 615.6968002319336 245.42770385742188 615.6968002319336 306.4557304382324 559.2344970703125 306.4557304382324
559.13720703125 245.33212280273438 615.3477668762207 245.33212280273438 615.3477668762207 305.8872871398926 559.13720703125 305.8872871398926
555.8084106445312 245.025634765625 612.5449600219727 245.025634765625 612.5449600219727 306.9200248718262 555.8084106445312 306.9200248718262
558.5277099609375 245.30874633789062 614.843578338623 245.30874633789062 614.843578338623 306.14763259887695 558.5277099609375 306.14763259887695
559.2723999023438 245.2179718017578 615.9350700378418 245.2179718017578 615.9350700378418 305.99709701538086 559.2723999023438 305.99709701538086
555.6334228515625 244.72329711914062 613.1170539855957 244.72329711914062 613.1170539855957 307.4326858520508 555.6334228515625 307.4326858520508
561.2911987304688 245.4072723388672 615.9893569946289 245.4072723388672 615.9893569946289 305.2891159057617 561.2911987304688 305.2891159057617
562.9088134765625 248.04931640625 617.5379829406738 248.04931640625 617.5379829406738 306.1667709350586 562.9088134765625 306.1667709350586
564.9108276367188 249.4735107421875 618.4775314331055 249.4735107421875 618.4775314331055 308.9319763183594 564.9108276367188 308.9319763183594
561.9932861328125 247.2660675048828 617.4567375183105 247.2660675048828 617.4567375183105 306.55736541748047 561.9932861328125 306.55736541748047
566.37451171875 249.57479858398438 619.5630416870117 249.57479858398438 619.5630416870117 309.63407135009766 566.37451171875 309.63407135009766
567.8311767578125 248.0702667236328 619.7485885620117 248.0702667236328 619.7485885620117 308.88074493408203 567.8311767578125 308.88074493408203
567.98583984375 248.14010620117188 620.7994918823242 248.14010620117188 620.7994918823242 309.73933029174805 567.98583984375 309.73933029174805
563.9425659179688 246.62869262695312 618.2764472961426 246.62869262695312 618.2764472961426 308.89148712158203 563.9425659179688 308.89148712158203
563.3946533203125 246.09451293945312 617.3145942687988 246.09451293945312 617.3145942687988 307.92774200439453 563.3946533203125 307.92774200439453
565.4761962890625 247.7185516357422 618.3856925964355 247.7185516357422 618.3856925964355 309.6656036376953 565.4761962890625 309.6656036376953
569.0189208984375 248.5995635986328 619.8261108398438 248.5995635986328 619.8261108398438 310.00203704833984 569.0189208984375 310.00203704833984
569.6331787109375 247.498291015625 620.236213684082 247.498291015625 620.236213684082 309.7791213989258 569.6331787109375 309.7791213989258
566.7933349609375 249.2526397705078 618.6886596679688 249.2526397705078 618.6886596679688 311.4674835205078 566.7933349609375 311.4674835205078
568.5253295898438 248.782958984375 617.8997039794922 248.782958984375 617.8997039794922 308.81742095947266 568.5253295898438 308.81742095947266
568.6287841796875 249.9529266357422 618.040168762207 249.9529266357422 618.040168762207 309.66882705688477 568.6287841796875 309.66882705688477
569.2181396484375 250.8916015625 617.6037406921387 250.8916015625 617.6037406921387 312.0139389038086 569.2181396484375 312.0139389038086
567.2053833007812 249.11001586914062 616.8381576538086 249.11001586914062 616.8381576538086 310.3360900878906 567.2053833007812 310.3360900878906
567.8138427734375 252.20068359375 615.9976844787598 252.20068359375 615.9976844787598 313.0608329772949 567.8138427734375 313.0608329772949
565.1470947265625 249.5591583251953 614.2699661254883 249.5591583251953 614.2699661254883 310.1305274963379 565.1470947265625 310.1305274963379
565.6151123046875 248.19375610351562 614.9015007019043 248.19375610351562 614.9015007019043 309.0286674499512 565.6151123046875 309.0286674499512
567.86083984375 250.67562866210938 615.8242568969727 250.67562866210938 615.8242568969727 311.20752716064453 567.86083984375 311.20752716064453
566.086181640625 246.89596557617188 615.6851997375488 246.89596557617188 615.6851997375488 308.0431098937988 566.086181640625 308.0431098937988
568.845458984375 248.3354949951172 615.9545288085938 248.3354949951172 615.9545288085938 308.80102157592773 568.845458984375 308.80102157592773
560.3919677734375 243.1894989013672 612.337085723877 243.1894989013672 612.337085723877 301.81285858154297 560.3919677734375 301.81285858154297
559.1134033203125 243.5362548828125 611.4575271606445 243.5362548828125 611.4575271606445 302.75004959106445 559.1134033203125 302.75004959106445
562.1183471679688 245.53329467773438 613.8653030395508 245.53329467773438 613.8653030395508 304.9270324707031 562.1183471679688 304.9270324707031
560.8164672851562 245.1020050048828 613.266284942627 245.1020050048828 613.266284942627 304.33303451538086 560.8164672851562 304.33303451538086
569.0520629882812 248.4512939453125 617.7085494995117 248.4512939453125 617.7085494995117 309.0930480957031 569.0520629882812 309.0930480957031
567.1964111328125 245.10317993164062 616.2735633850098 245.10317993164062 616.2735633850098 305.8580131530762 567.1964111328125 305.8580131530762
567.7332153320312 247.8682403564453 615.4446182250977 247.8682403564453 615.4446182250977 307.38427352905273 567.7332153320312 307.38427352905273
563.5343017578125 246.4846649169922 613.2198219299316 246.4846649169922 613.2198219299316 306.07348251342773 563.5343017578125 306.07348251342773
563.7006225585938 246.2287139892578 612.9323081970215 246.2287139892578 612.9323081970215 304.34414291381836 563.7006225585938 304.34414291381836
566.2308349609375 248.04879760742188 614.3927383422852 248.04879760742188 614.3927383422852 305.6084518432617 566.2308349609375 305.6084518432617
560.3955078125 246.12158203125 610.1414604187012 246.12158203125 610.1414604187012 301.55240631103516 560.3955078125 301.55240631103516
570.0933837890625 248.54299926757812 615.9341659545898 248.54299926757812 615.9341659545898 307.22557830810547 570.0933837890625 307.22557830810547
569.6130981445312 247.3159637451172 615.5086975097656 247.3159637451172 615.5086975097656 304.5726547241211 569.6130981445312 304.5726547241211
570.1668090820312 246.8435821533203 616.3799057006836 246.8435821533203 616.3799057006836 302.7567481994629 570.1668090820312 302.7567481994629
568.3973388671875 247.1025848388672 614.8443794250488 247.1025848388672 614.8443794250488 303.1356430053711 568.3973388671875 303.1356430053711
568.2593994140625 246.0042724609375 615.4699058532715 246.0042724609375 615.4699058532715 300.26416015625 568.2593994140625 300.26416015625
569.8297119140625 246.9853973388672 616.7400779724121 246.9853973388672 616.7400779724121 301.01219940185547 569.8297119140625 301.01219940185547
569.3448486328125 247.80972290039062 616.6265296936035 247.80972290039062 616.6265296936035 300.48722076416016 569.3448486328125 300.48722076416016
571.4629516601562 247.4361114501953 618.2611618041992 247.4361114501953 618.2611618041992 299.3973922729492 571.4629516601562 299.3973922729492
569.0362548828125 245.3900909423828 617.1508712768555 245.3900909423828 617.1508712768555 296.90637969970703 569.0362548828125 296.90637969970703
571.5584716796875 246.2330322265625 619.5332145690918 246.2330322265625 619.5332145690918 299.07648849487305 571.5584716796875 299.07648849487305
566.546875 244.69277954101562 616.18798828125 244.69277954101562 616.18798828125 298.8466987609863 566.546875 298.8466987609863
574.0608520507812 247.0927734375 620.8789710998535 247.0927734375 620.8789710998535 298.54365158081055 574.0608520507812 298.54365158081055
571.9609985351562 249.42599487304688 619.3388252258301 249.42599487304688 619.3388252258301 298.5569953918457 571.9609985351562 298.5569953918457
574.883544921875 247.2646484375 622.1717567443848 247.2646484375 622.1717567443848 297.94227600097656 574.883544921875 297.94227600097656
572.3084716796875 248.97354125976562 620.2287940979004 248.97354125976562 620.2287940979004 298.39336013793945 572.3084716796875 298.39336013793945
576.3525390625 246.2279052734375 623.5639839172363 246.2279052734375 623.5639839172363 298.75667572021484 576.3525390625 298.75667572021484
575.338134765625 245.62759399414062 622.92236328125 245.62759399414062 622.92236328125 297.1913261413574 575.338134765625 297.1913261413574
573.1708984375 245.5517578125 622.2613716125488 245.5517578125 622.2613716125488 296.8160705566406 573.1708984375 296.8160705566406
568.4069213867188 244.1065673828125 618.0762214660645 244.1065673828125 618.0762214660645 298.2912483215332 568.4069213867188 298.2912483215332
572.4520263671875 240.5815887451172 619.5924263000488 240.5815887451172 619.5924263000488 292.95618438720703 572.4520263671875 292.95618438720703
569.05322265625 244.7024688720703 618.2304916381836 244.7024688720703 618.2304916381836 297.1898765563965 569.05322265625 297.1898765563965
571.515869140625 245.9935760498047 619.1379051208496 245.9935760498047 619.1379051208496 298.8048553466797 571.515869140625 298.8048553466797
567.5842895507812 245.4630584716797 618.2705307006836 245.4630584716797 618.2705307006836 298.40673446655273 567.5842895507812 298.40673446655273
566.0753173828125 247.3494873046875 617.4143486022949 247.3494873046875 617.4143486022949 299.6667594909668 566.0753173828125 299.6667594909668
565.3043212890625 248.564697265625 617.3743667602539 248.564697265625 617.3743667602539 299.83484649658203 565.3043212890625 299.83484649658203
565.8826904296875 247.451904296875 619.6415634155273 247.451904296875 619.6415634155273 299.5753059387207 565.8826904296875 299.5753059387207
562.6361083984375 249.3950653076172 618.5132827758789 249.3950653076172 618.5132827758789 301.25496673583984 562.6361083984375 301.25496673583984
561.6434326171875 250.68435668945312 618.4114799499512 250.68435668945312 618.4114799499512 304.1754455566406 561.6434326171875 304.1754455566406
562.0206298828125 250.80361938476562 617.7922592163086 250.80361938476562 617.7922592163086 303.6843681335449 562.0206298828125 303.6843681335449
560.5150146484375 251.22006225585938 616.3942031860352 251.22006225585938 616.3942031860352 305.4049491882324 560.5150146484375 305.4049491882324
559.4769287109375 251.8363800048828 615.6501350402832 251.8363800048828 615.6501350402832 306.0382614135742 559.4769287109375 306.0382614135742
559.088134765625 251.71337890625 615.1879692077637 251.71337890625 615.1879692077637 306.3098945617676 559.088134765625 306.3098945617676
560.7527465820312 250.2845001220703 616.5322494506836 250.2845001220703 616.5322494506836 306.198787689209 560.7527465820312 306.198787689209
559.2863159179688 251.7321319580078 615.168529510498 251.7321319580078 615.168529510498 307.58484649658203 559.2863159179688 307.58484649658203
557.61572265625 252.31124877929688 611.9610404968262 252.31124877929688 611.9610404968262 309.7288627624512 557.61572265625 309.7288627624512
555.8748779296875 252.24032592773438 609.535514831543 252.24032592773438 609.535514831543 310.5951232910156 555.8748779296875 310.5951232910156
557.9793701171875 252.50149536132812 609.6919174194336 252.50149536132812 609.6919174194336 310.2508544921875 557.9793701171875 310.2508544921875
554.6447143554688 251.9115447998047 606.042366027832 251.9115447998047 606.042366027832 309.3588104248047 554.6447143554688 309.3588104248047
554.0994262695312 252.6664276123047 603.979248046875 252.6664276123047 603.979248046875 309.79161834716797 554.0994262695312 309.79161834716797
554.3365478515625 252.5877227783203 603.6390380859375 252.5877227783203 603.6390380859375 309.3494110107422 554.3365478515625 309.3494110107422
554.4065551757812 253.10440063476562 603.5383720397949 253.10440063476562 603.5383720397949 309.3582954406738 554.4065551757812 309.3582954406738
553.66845703125 251.94369506835938 603.9660301208496 251.94369506835938 603.9660301208496 309.74296951293945 553.66845703125 309.74296951293945
553.36572265625 251.88760375976562 603.1166687011719 251.88760375976562 603.1166687011719 308.9640083312988 553.36572265625 308.9640083312988
554.85546875 250.1743621826172 606.1400833129883 250.1743621826172 606.1400833129883 309.7993392944336 554.85546875 309.7993392944336
553.6187744140625 251.6516876220703 604.3470039367676 251.6516876220703 604.3470039367676 309.462215423584 553.6187744140625 309.462215423584
554.5958862304688 251.375732421875 606.628044128418 251.375732421875 606.628044128418 311.32617950439453 554.5958862304688 311.32617950439453
551.4990844726562 254.29904174804688 604.9094352722168 254.29904174804688 604.9094352722168 311.9608688354492 551.4990844726562 311.9608688354492
551.0614013671875 254.09573364257812 605.7223739624023 254.09573364257812 605.7223739624023 312.62223052978516 551.0614013671875 312.62223052978516
552.1219482421875 254.01956176757812 605.804759979248 254.01956176757812 605.804759979248 312.3627014160156 552.1219482421875 312.3627014160156
548.6834106445312 254.36129760742188 602.4448623657227 254.36129760742188 602.4448623657227 313.06901931762695 548.6834106445312 313.06901931762695
548.7078857421875 255.50082397460938 602.0688781738281 255.50082397460938 602.0688781738281 313.7127990722656 548.7078857421875 313.7127990722656
546.0989990234375 252.1820831298828 600.3992919921875 252.1820831298828 600.3992919921875 311.4187545776367 546.0989990234375 311.4187545776367
550.4635009765625 250.65689086914062 605.5750198364258 250.65689086914062 605.5750198364258 311.9692802429199 550.4635009765625 311.9692802429199
550.5618896484375 247.8629608154297 606.8302192687988 247.8629608154297 606.8302192687988 309.24658584594727 550.5618896484375 309.24658584594727
548.9303588867188 250.15188598632812 606.4936332702637 250.15188598632812 606.4936332702637 312.94818115234375 548.9303588867188 312.94818115234375
552.3311767578125 248.8363800048828 609.0044555664062 248.8363800048828 609.0044555664062 313.43017578125 552.3311767578125 313.43017578125
550.199462890625 247.67251586914062 609.1422348022461 247.67251586914062 609.1422348022461 314.1639709472656 550.199462890625 314.1639709472656
550.379150390625 248.5658416748047 610.0342826843262 248.5658416748047 610.0342826843262 315.2879943847656 550.379150390625 315.2879943847656
551.143310546875 243.444580078125 610.705493927002 243.444580078125 610.705493927002 309.21390533447266 551.143310546875 309.21390533447266
557.0545043945312 245.3756866455078 616.9654655456543 245.3756866455078 616.9654655456543 309.687255859375 557.0545043945312 309.687255859375
566.3138427734375 243.45645141601562 626.1861267089844 243.45645141601562 626.1861267089844 307.77115631103516 566.3138427734375 307.77115631103516
583.0042724609375 244.58975219726562 641.946361541748 244.58975219726562 641.946361541748 310.9012908935547 583.0042724609375 310.9012908935547
604.52490234375 246.3266143798828 665.8371162414551 246.3266143798828 665.8371162414551 312.26954650878906 604.52490234375 312.26954650878906
618.509765625 246.9513397216797 680.428466796875 246.9513397216797 680.428466796875 311.8470993041992 618.509765625 311.8470993041992
633.9777221679688 247.3102264404297 694.1650276184082 247.3102264404297 694.1650276184082 310.5774154663086 633.9777221679688 310.5774154663086
634.9285888671875 241.9739227294922 694.2222785949707 241.9739227294922 694.2222785949707 308.95906829833984 634.9285888671875 308.95906829833984
637.0870361328125 241.2138214111328 696.2496566772461 241.2138214111328 696.2496566772461 309.87933349609375 637.0870361328125 309.87933349609375
639.1461181640625 241.3768768310547 697.2457695007324 241.3768768310547 697.2457695007324 311.03653717041016 639.1461181640625 311.03653717041016
634.4476318359375 244.64297485351562 694.2863159179688 244.64297485351562 694.2863159179688 311.59264373779297 634.4476318359375 311.59264373779297
635.2260131835938 243.95407104492188 694.1354751586914 243.95407104492188 694.1354751586914 312.2154235839844 635.2260131835938 312.2154235839844
634.7205200195312 245.93722534179688 691.5398788452148 245.93722534179688 691.5398788452148 311.5675964355469 634.7205200195312 311.5675964355469
634.9388427734375 243.8622283935547 691.776123046875 243.8622283935547 691.776123046875 311.12581634521484 634.9388427734375 311.12581634521484
637.4454345703125 242.5513153076172 690.9000358581543 242.5513153076172 690.9000358581543 312.61395263671875 637.4454345703125 312.61395263671875
636.1837158203125 242.12240600585938 689.9225769042969 242.12240600585938 689.9225769042969 310.51976013183594 636.1837158203125 310.51976013183594
635.57275390625 241.4857635498047 689.187183380127 241.4857635498047 689.187183380127 310.5132751464844 635.57275390625 310.5132751464844
635.0723266601562 241.8218994140625 688.4407653808594 241.8218994140625 688.4407653808594 310.0221710205078 635.0723266601562 310.0221710205078
636.0667114257812 242.5543670654297 688.803108215332 242.5543670654297 688.803108215332 312.5274353027344 636.0667114257812 312.5274353027344
631.8756103515625 242.93978881835938 685.3329582214355 242.93978881835938 685.3329582214355 311.4558792114258 631.8756103515625 311.4558792114258
634.111572265625 242.28811645507812 686.3059387207031 242.28811645507812 686.3059387207031 309.27770233154297 634.111572265625 309.27770233154297
634.7296752929688 242.7882537841797 686.0969123840332 242.7882537841797 686.0969123840332 309.77359771728516 634.7296752929688 309.77359771728516
634.610595703125 243.1632843017578 685.9163398742676 243.1632843017578 685.9163398742676 309.83406829833984 634.610595703125 309.83406829833984
631.1757202148438 242.8672637939453 684.1782302856445 242.8672637939453 684.1782302856445 309.27161407470703 631.1757202148438 309.27161407470703
635.0309448242188 243.24618530273438 686.2068367004395 243.24618530273438 686.2068367004395 309.78919982910156 635.0309448242188 309.78919982910156
634.6141967773438 244.16256713867188 685.3064994812012 244.16256713867188 685.3064994812012 309.3091278076172 634.6141967773438 309.3091278076172
627.13427734375 244.62008666992188 682.2792663574219 244.62008666992188 682.2792663574219 310.2640380859375 627.13427734375 310.2640380859375
622.9822998046875 244.77749633789062 680.185905456543 244.77749633789062 680.185905456543 311.5270462036133 622.9822998046875 311.5270462036133
629.9541625976562 244.64566040039062 682.9632987976074 244.64566040039062 682.9632987976074 309.0169143676758 629.9541625976562 309.0169143676758
632.353759765625 243.68997192382812 685.1741142272949 243.68997192382812 685.1741142272949 310.6119079589844 632.353759765625 310.6119079589844
629.2935180664062 243.2855682373047 684.2791557312012 243.2855682373047 684.2791557312012 310.1765594482422 629.2935180664062 310.1765594482422
631.5630493164062 243.61264038085938 684.211669921875 243.61264038085938 684.211669921875 308.9979248046875 631.5630493164062 308.9979248046875
630.14404296875 244.4886474609375 683.080078125 244.4886474609375 683.080078125 308.0981025695801 630.14404296875 308.0981025695801
629.837158203125 244.99594116210938 683.0223274230957 244.99594116210938 683.0223274230957 309.7505111694336 629.837158203125 309.7505111694336
631.1378173828125 244.7483673095703 683.8093147277832 244.7483673095703 683.8093147277832 309.68836212158203 631.1378173828125 309.68836212158203
631.5831298828125 244.664794921875 683.1391296386719 244.664794921875 683.1391296386719 309.8602066040039 631.5831298828125 309.8602066040039
631.2574462890625 244.55477905273438 683.4511909484863 244.55477905273438 683.4511909484863 309.8378448486328 631.2574462890625 309.8378448486328
630.3146362304688 245.7930908203125 682.0788154602051 245.7930908203125 682.0788154602051 308.42156982421875 630.3146362304688 308.42156982421875
629.8992309570312 245.5082550048828 681.3986740112305 245.5082550048828 681.3986740112305 306.68423080444336 629.8992309570312 306.68423080444336
629.2230224609375 245.9984130859375 680.3971557617188 245.9984130859375 680.3971557617188 305.6605415344238 629.2230224609375 305.6605415344238
631.1385498046875 245.8191680908203 680.651683807373 245.8191680908203 680.651683807373 306.0675277709961 631.1385498046875 306.0675277709961
631.702880859375 245.8724822998047 680.8173484802246 245.8724822998047 680.8173484802246 307.62597274780273 631.702880859375 307.62597274780273
630.3145751953125 246.3418731689453 679.3271026611328 246.3418731689453 679.3271026611328 305.64487075805664 630.3145751953125 305.64487075805664
628.1586303710938 246.1579132080078 677.7233200073242 246.1579132080078 677.7233200073242 303.86283111572266 628.1586303710938 303.86283111572266
627.7852172851562 246.43408203125 677.005500793457 246.43408203125 677.005500793457 304.4182929992676 627.7852172851562 304.4182929992676
625.9983520507812 246.727783203125 675.7745399475098 246.727783203125 675.7745399475098 303.0397262573242 625.9983520507812 303.0397262573242
628.8252563476562 246.6646270751953 676.065185546875 246.6646270751953 676.065185546875 303.5088577270508 628.8252563476562 303.5088577270508
627.7423095703125 247.0623016357422 675.0599365234375 247.0623016357422 675.0599365234375 305.2979049682617 627.7423095703125 305.2979049682617
623.2203369140625 248.18130493164062 672.0718269348145 248.18130493164062 672.0718269348145 302.6892318725586 623.2203369140625 302.6892318725586
622.0941162109375 253.2139129638672 671.519702911377 253.2139129638672 671.519702911377 307.1327133178711 622.0941162109375 307.1327133178711
623.25634765625 251.3686981201172 672.1236343383789 251.3686981201172 672.1236343383789 304.6784439086914 623.25634765625 304.6784439086914
622.3411254882812 251.89663696289062 670.702709197998 251.89663696289062 670.702709197998 304.6547050476074 622.3411254882812 304.6547050476074
625.9078369140625 249.7766571044922 673.4884262084961 249.7766571044922 673.4884262084961 304.9073944091797 625.9078369140625 304.9073944091797
621.1376953125 250.4230499267578 669.4781112670898 250.4230499267578 669.4781112670898 303.1580352783203 621.1376953125 303.1580352783203
623.7252197265625 250.34494018554688 671.0772476196289 250.34494018554688 671.0772476196289 302.0016784667969 623.7252197265625 302.0016784667969
623.9498901367188 251.05599975585938 671.0961875915527 251.05599975585938 671.0961875915527 302.4883117675781 623.9498901367188 302.4883117675781
624.1888427734375 250.59805297851562 670.9638977050781 250.59805297851562 670.9638977050781 301.62537384033203 624.1888427734375 301.62537384033203
623.0076904296875 249.8423614501953 670.3382987976074 249.8423614501953 670.3382987976074 301.47574615478516 623.0076904296875 301.47574615478516
623.2103881835938 249.23434448242188 671.1876983642578 249.23434448242188 671.1876983642578 301.5732231140137 623.2103881835938 301.5732231140137
623.2913208007812 250.1918182373047 670.4044723510742 250.1918182373047 670.4044723510742 301.5879783630371 623.2913208007812 301.5879783630371
624.9046630859375 250.7799072265625 671.8869209289551 250.7799072265625 671.8869209289551 302.0332717895508 624.9046630859375 302.0332717895508
625.0415649414062 249.2291717529297 672.7167320251465 249.2291717529297 672.7167320251465 301.2384376525879 625.0415649414062 301.2384376525879
625.3876953125 250.18270874023438 672.941520690918 250.18270874023438 672.941520690918 302.0596008300781 625.3876953125 302.0596008300781
625.3690795898438 248.7550811767578 673.528018951416 248.7550811767578 673.528018951416 301.2920913696289 625.3690795898438 301.2920913696289
625.0696411132812 250.04281616210938 673.810546875 250.04281616210938 673.810546875 303.2146987915039 625.0696411132812 303.2146987915039
625.5833740234375 248.8229217529297 673.9392318725586 248.8229217529297 673.9392318725586 302.93520736694336 625.5833740234375 302.93520736694336
624.306396484375 248.15518188476562 673.1867980957031 248.15518188476562 673.1867980957031 301.4792366027832 624.306396484375 301.4792366027832
624.5226440429688 246.59738159179688 672.6975212097168 246.59738159179688 672.6975212097168 300.9369430541992 624.5226440429688 300.9369430541992
623.6690673828125 246.0214385986328 673.0029716491699 246.0214385986328 673.0029716491699 299.84021759033203 623.6690673828125 299.84021759033203
624.3546752929688 245.32907104492188 672.9258651733398 245.32907104492188 672.9258651733398 300.8907661437988 624.3546752929688 300.8907661437988
624.9326171875 245.5652313232422 672.8244247436523 245.5652313232422 672.8244247436523 300.82264709472656 624.9326171875 300.82264709472656
623.350830078125 245.39144897460938 671.806510925293 245.39144897460938 671.806510925293 300.0553283691406 623.350830078125 300.0553283691406
622.921630859375 247.4088592529297 671.2607116699219 247.4088592529297 671.2607116699219 301.21096420288086 622.921630859375 301.21096420288086
622.87109375 246.75259399414062 670.8533935546875 246.75259399414062 670.8533935546875 299.9502639770508 622.87109375 299.9502639770508
624.9039306640625 246.626708984375 672.3028755187988 246.626708984375 672.3028755187988 300.4323196411133 624.9039306640625 300.4323196411133
622.3138427734375 246.08969116210938 671.4850997924805 246.08969116210938 671.4850997924805 299.7310371398926 622.3138427734375 299.7310371398926
623.8474731445312 246.5803680419922 672.1473159790039 246.5803680419922 672.1473159790039 300.4375686645508 623.8474731445312 300.4375686645508
624.2325439453125 246.4418487548828 671.1854667663574 246.4418487548828 671.1854667663574 300.52869033813477 624.2325439453125 300.52869033813477
623.2835693359375 248.45608520507812 670.9535293579102 248.45608520507812 670.9535293579102 300.4596481323242 623.2835693359375 300.4596481323242
625.5313110351562 250.6124725341797 672.1172065734863 250.6124725341797 672.1172065734863 303.12403869628906 625.5313110351562 303.12403869628906
623.80859375 249.50155639648438 670.063175201416 249.50155639648438 670.063175201416 301.7858467102051 623.80859375 301.7858467102051
623.205078125 249.19351196289062 670.3953323364258 249.19351196289062 670.3953323364258 300.67374420166016 623.205078125 300.67374420166016
622.7529907226562 248.2791290283203 669.9121475219727 248.2791290283203 669.9121475219727 299.7254409790039 622.7529907226562 299.7254409790039
622.1168212890625 249.5680694580078 669.4798774719238 249.5680694580078 669.4798774719238 301.23681259155273 622.1168212890625 301.23681259155273
621.5506591796875 250.4292449951172 669.0652351379395 250.4292449951172 669.0652351379395 302.26327896118164 621.5506591796875 302.26327896118164
621.15771484375 249.9123992919922 668.9073600769043 249.9123992919922 668.9073600769043 302.002872467041 621.15771484375 302.002872467041
621.716796875 248.8637237548828 669.2925720214844 248.8637237548828 669.2925720214844 300.76452255249023 621.716796875 300.76452255249023
621.5695190429688 247.83456420898438 668.965404510498 247.83456420898438 668.965404510498 299.5391159057617 621.5695190429688 299.5391159057617
621.0458374023438 247.2869415283203 669.1471748352051 247.2869415283203 669.1471748352051 299.7610740661621 621.0458374023438 299.7610740661621
622.8956298828125 246.33935546875 671.1250801086426 246.33935546875 671.1250801086426 298.9532470703125 622.8956298828125 298.9532470703125
622.2015380859375 246.8894805908203 670.704029083252 246.8894805908203 670.704029083252 299.80123138427734 622.2015380859375 299.80123138427734
620.4315795898438 247.56198120117188 667.9695854187012 247.56198120117188 667.9695854187012 299.42156982421875 620.4315795898438 299.42156982421875
621.201904296875 243.87026977539062 667.4442329406738 243.87026977539062 667.4442329406738 294.3163871765137 621.201904296875 294.3163871765137
621.9556884765625 245.971923828125 667.4760208129883 245.971923828125 667.4760208129883 295.63040924072266 621.9556884765625 295.63040924072266
620.9102783203125 248.3019561767578 666.8669662475586 248.3019561767578 666.8669662475586 298.436466217041 620.9102783203125 298.436466217041
619.0783081054688 246.15280151367188 665.4144973754883 246.15280151367188 665.4144973754883 296.7013168334961 619.0783081054688 296.7013168334961
618.8228759765625 245.8150177001953 665.2175750732422 245.8150177001953 665.2175750732422 296.42736053466797 618.8228759765625 296.42736053466797
618.0831298828125 247.4563446044922 665.1861343383789 247.4563446044922 665.1861343383789 298.8413772583008 618.0831298828125 298.8413772583008
617.4747314453125 246.79782104492188 664.9222183227539 246.79782104492188 664.9222183227539 298.5586471557617 617.4747314453125 298.5586471557617
616.4614868164062 246.8140411376953 664.4733772277832 246.8140411376953 664.4733772277832 299.19057846069336 616.4614868164062 299.19057846069336
616.3629150390625 246.8266143798828 664.3701095581055 246.8266143798828 664.3701095581055 299.19802474975586 616.3629150390625 299.19802474975586
616.460205078125 245.2556915283203 665.0030174255371 245.2556915283203 665.0030174255371 298.21141052246094 616.460205078125 298.21141052246094
617.066650390625 246.74545288085938 664.8138732910156 246.74545288085938 664.8138732910156 298.83325958251953 617.066650390625 298.83325958251953
618.364990234375 244.96572875976562 666.0077476501465 244.96572875976562 666.0077476501465 299.87983322143555 618.364990234375 299.87983322143555
618.5540771484375 245.6249542236328 665.8726425170898 245.6249542236328 665.8726425170898 300.283390045166 618.5540771484375 300.283390045166
620.0550537109375 245.2821807861328 667.16845703125 245.2821807861328 667.16845703125 301.60032653808594 620.0550537109375 301.60032653808594
619.52685546875 245.05978393554688 666.6612129211426 245.05978393554688 666.6612129211426 301.7227783203125 619.52685546875 301.7227783203125
620.5542602539062 244.25173950195312 665.9283676147461 244.25173950195312 665.9283676147461 300.87613677978516 620.5542602539062 300.87613677978516
617.9063110351562 245.0511016845703 665.0831680297852 245.0511016845703 665.0831680297852 299.11461639404297 617.9063110351562 299.11461639404297
620.9528198242188 245.10635375976562 666.483325958252 245.10635375976562 666.483325958252 300.2284622192383 620.9528198242188 300.2284622192383
619.4290161132812 243.99105834960938 665.8580665588379 243.99105834960938 665.8580665588379 297.6577339172363 619.4290161132812 297.6577339172363
628.1690673828125 243.4208221435547 669.5201950073242 243.4208221435547 669.5201950073242 304.0231170654297 628.1690673828125 304.0231170654297
624.9948120117188 243.966552734375 669.3995246887207 243.966552734375 669.3995246887207 298.59561920166016 624.9948120117188 298.59561920166016
622.8151245117188 241.4000701904297 669.3592834472656 241.4000701904297 669.3592834472656 292.17545318603516 622.8151245117188 292.17545318603516
621.6609497070312 244.0679168701172 667.6793785095215 244.0679168701172 667.6793785095215 294.26977920532227 621.6609497070312 294.26977920532227
623.1843872070312 240.7126922607422 668.9671325683594 240.7126922607422 668.9671325683594 290.65744400024414 623.1843872070312 290.65744400024414
622.4835815429688 243.9591827392578 667.8464584350586 243.9591827392578 667.8464584350586 293.44589614868164 622.4835815429688 293.44589614868164
623.1923828125 244.1951904296875 668.3975563049316 244.1951904296875 668.3975563049316 293.5098648071289 623.1923828125 293.5098648071289
622.6871337890625 243.8818359375 667.9647789001465 243.8818359375 667.9647789001465 293.2755699157715 622.6871337890625 293.2755699157715
621.2569580078125 248.245849609375 666.7965850830078 248.245849609375 666.7965850830078 297.9253845214844 621.2569580078125 297.9253845214844
619.3763427734375 247.114501953125 664.8827133178711 247.114501953125 664.8827133178711 296.7577590942383 619.3763427734375 296.7577590942383
620.5478515625 245.0342254638672 665.2490348815918 245.0342254638672 665.2490348815918 293.79909896850586 620.5478515625 293.79909896850586
620.1859130859375 248.01742553710938 663.3834762573242 248.01742553710938 663.3834762573242 297.70030975341797 620.1859130859375 297.70030975341797
618.2218017578125 246.6367950439453 661.9157867431641 246.6367950439453 661.9157867431641 294.3029098510742 618.2218017578125 294.3029098510742
621.1514282226562 246.65283203125 662.3880233764648 246.65283203125 662.3880233764648 298.29244232177734 621.1514282226562 298.29244232177734
620.0479736328125 246.96896362304688 660.8935317993164 246.96896362304688 660.8935317993164 297.06060791015625 620.0479736328125 297.06060791015625
619.91064453125 248.91085815429688 661.1537132263184 248.91085815429688 661.1537132263184 297.38782119750977 619.91064453125 297.38782119750977
618.2744140625 248.65170288085938 660.4590454101562 248.65170288085938 660.4590454101562 296.59009552001953 618.2744140625 296.59009552001953
617.4698486328125 247.88851928710938 660.3000564575195 247.88851928710938 660.3000564575195 295.8480415344238 617.4698486328125 295.8480415344238
616.8028564453125 248.25759887695312 659.9712142944336 248.25759887695312 659.9712142944336 294.95642471313477 616.8028564453125 294.95642471313477
617.4586791992188 247.14761352539062 661.5162620544434 247.14761352539062 661.5162620544434 296.05156326293945 617.4586791992188 296.05156326293945
616.9547119140625 247.0177459716797 661.3559913635254 247.0177459716797 661.3559913635254 295.9759750366211 616.9547119140625 295.9759750366211
616.5135498046875 246.74569702148438 661.4733276367188 246.74569702148438 661.4733276367188 296.2619400024414 616.5135498046875 296.2619400024414
616.7492065429688 246.2355499267578 661.6198196411133 246.2355499267578 661.6198196411133 296.7923355102539 616.7492065429688 296.7923355102539
617.3932495117188 245.9285430908203 662.4250984191895 245.9285430908203 662.4250984191895 297.2128677368164 617.3932495117188 297.2128677368164
617.211181640625 245.800537109375 662.3090324401855 245.800537109375 662.3090324401855 297.1597595214844 617.211181640625 297.1597595214844
618.0287475585938 245.54898071289062 662.9262466430664 245.54898071289062 662.9262466430664 297.5028495788574 618.0287475585938 297.5028495788574
617.0559692382812 246.2497100830078 663.6748886108398 246.2497100830078 663.6748886108398 300.1435012817383 617.0559692382812 300.1435012817383
620.8021240234375 246.4746856689453 664.8753623962402 246.4746856689453 664.8753623962402 300.11136627197266 620.8021240234375 300.11136627197266
623.0133056640625 245.3976287841797 666.8492126464844 245.3976287841797 666.8492126464844 301.68712615966797 623.0133056640625 301.68712615966797
623.2222900390625 245.23880004882812 667.4221038818359 245.23880004882812 667.4221038818359 302.0589065551758 623.2222900390625 302.0589065551758
624.8367919921875 243.8201141357422 668.7672958374023 243.8201141357422 668.7672958374023 304.45960998535156 624.8367919921875 304.45960998535156
624.8011474609375 244.05838012695312 668.4350509643555 244.05838012695312 668.4350509643555 305.51856231689453 624.8011474609375 305.51856231689453
624.70068359375 244.36001586914062 667.6996994018555 244.36001586914062 667.6996994018555 305.66008377075195 624.70068359375 305.66008377075195
624.0130615234375 243.6896514892578 667.1885299682617 243.6896514892578 667.1885299682617 305.7294044494629 624.0130615234375 305.7294044494629
620.6995849609375 245.1851043701172 665.9197311401367 245.1851043701172 665.9197311401367 304.5675735473633 620.6995849609375 304.5675735473633
622.3378295898438 244.68685913085938 665.4977035522461 244.68685913085938 665.4977035522461 305.37718963623047 622.3378295898438 305.37718963623047
620.3817138671875 245.03378295898438 664.1774063110352 245.03378295898438 664.1774063110352 305.4763603210449 620.3817138671875 305.4763603210449
618.8182373046875 247.2575225830078 663.4642486572266 247.2575225830078 663.4642486572266 305.82215118408203 618.8182373046875 305.82215118408203
616.4886474609375 248.4449920654297 661.9822425842285 248.4449920654297 661.9822425842285 305.9038772583008 616.4886474609375 305.9038772583008
616.4266357421875 245.5020751953125 660.3957595825195 245.5020751953125 660.3957595825195 306.1908073425293 616.4266357421875 306.1908073425293
616.1688232421875 246.8819580078125 659.9217910766602 246.8819580078125 659.9217910766602 307.0544013977051 616.1688232421875 307.0544013977051
615.9553833007812 245.8673553466797 659.5247116088867 245.8673553466797 659.5247116088867 308.1021499633789 615.9553833007812 308.1021499633789
613.92822265625 245.35659790039062 658.7995300292969 245.35659790039062 658.7995300292969 308.26087188720703 613.92822265625 308.26087188720703
613.6754150390625 243.9318389892578 659.5513725280762 243.9318389892578 659.5513725280762 308.95638275146484 613.6754150390625 308.95638275146484
608.759521484375 245.02359008789062 657.9980239868164 245.02359008789062 657.9980239868164 306.31734466552734 608.759521484375 306.31734466552734
609.4349365234375 245.2145233154297 657.7621841430664 245.2145233154297 657.7621841430664 306.9378890991211 609.4349365234375 306.9378890991211
609.8629150390625 245.2845001220703 657.3398551940918 245.2845001220703 657.3398551940918 307.7856979370117 609.8629150390625 307.7856979370117
609.4658203125 244.43539428710938 657.1223373413086 244.43539428710938 657.1223373413086 307.0122261047363 609.4658203125 307.0122261047363
608.5386962890625 245.4627227783203 654.8076171875 245.4627227783203 654.8076171875 306.4588165283203 608.5386962890625 306.4588165283203
608.7847900390625 244.78909301757812 655.6602897644043 244.78909301757812 655.6602897644043 304.7153739929199 608.7847900390625 304.7153739929199
607.9581909179688 245.11282348632812 654.3291244506836 245.11282348632812 654.3291244506836 305.12451171875 607.9581909179688 305.12451171875
607.4012451171875 245.80307006835938 653.4148979187012 245.80307006835938 653.4148979187012 305.51123046875 607.4012451171875 305.51123046875
607.88037109375 244.4540557861328 653.2293434143066 244.4540557861328 653.2293434143066 304.04825592041016 607.88037109375 304.04825592041016
607.9303588867188 244.94827270507812 653.488697052002 244.94827270507812 653.488697052002 305.16605377197266 607.9303588867188 305.16605377197266
606.4411010742188 247.0344696044922 652.6115188598633 247.0344696044922 652.6115188598633 307.3468475341797 606.4411010742188 307.3468475341797
606.6843872070312 245.0867462158203 654.6860771179199 245.0867462158203 654.6860771179199 307.34548568725586 606.6843872070312 307.34548568725586
604.5807495117188 245.10501098632812 656.3397636413574 245.10501098632812 656.3397636413574 307.5080986022949 604.5807495117188 307.5080986022949
602.6212158203125 244.63241577148438 656.5644645690918 244.63241577148438 656.5644645690918 308.5018844604492 602.6212158203125 308.5018844604492
598.3132934570312 246.23092651367188 654.6354598999023 246.23092651367188 654.6354598999023 308.50963592529297 598.3132934570312 308.50963592529297
598.2652587890625 244.4621124267578 655.2370185852051 244.4621124267578 655.2370185852051 306.61304092407227 598.2652587890625 306.61304092407227
600.16552734375 245.31521606445312 657.3569450378418 245.31521606445312 657.3569450378418 307.70577239990234 600.16552734375 307.70577239990234
600.0867309570312 245.5638427734375 656.883544921875 245.5638427734375 656.883544921875 307.52391815185547 600.0867309570312 307.52391815185547
602.059814453125 242.9882354736328 658.9796447753906 242.9882354736328 658.9796447753906 305.08251571655273 602.059814453125 305.08251571655273
601.0299682617188 244.49105834960938 657.3434371948242 244.49105834960938 657.3434371948242 305.9238510131836 601.0299682617188 305.9238510131836
603.9486083984375 242.33383178710938 660.4133796691895 242.33383178710938 660.4133796691895 303.93167877197266 603.9486083984375 303.93167877197266
602.4255981445312 241.5325927734375 658.9640426635742 241.5325927734375 658.9640426635742 303.21080780029297 602.4255981445312 303.21080780029297
602.9912719726562 240.7220001220703 660.4965438842773 240.7220001220703 660.4965438842773 303.4549331665039 602.9912719726562 303.4549331665039
603.7901000976562 240.44314575195312 660.9071655273438 240.44314575195312 660.9071655273438 302.7525749206543 603.7901000976562 302.7525749206543
602.6856689453125 240.860595703125 659.668384552002 240.860595703125 659.668384552002 303.0234603881836 602.6856689453125 303.0234603881836
604.6367797851562 239.149658203125 660.2890434265137 239.149658203125 660.2890434265137 299.8611259460449 604.6367797851562 299.8611259460449
604.4786376953125 242.0644989013672 659.0850944519043 242.0644989013672 659.0850944519043 301.6350784301758 604.4786376953125 301.6350784301758
604.54541015625 240.54312133789062 658.7370300292969 240.54312133789062 658.7370300292969 299.6611557006836 604.54541015625 299.6611557006836
602.52734375 243.2522430419922 656.1361618041992 243.2522430419922 656.1361618041992 301.73449325561523 602.52734375 301.73449325561523
603.1973876953125 242.60067749023438 657.9327392578125 242.60067749023438 657.9327392578125 302.3118705749512 603.1973876953125 302.3118705749512
604.1372680664062 243.0162353515625 658.1195182800293 243.0162353515625 658.1195182800293 301.9058647155762 604.1372680664062 301.9058647155762
602.7174072265625 242.32632446289062 657.5858840942383 242.32632446289062 657.5858840942383 302.18274688720703 602.7174072265625 302.18274688720703
603.2272338867188 241.699462890625 658.4301643371582 241.699462890625 658.4301643371582 301.92073822021484 603.2272338867188 301.92073822021484
604.0505981445312 242.5402374267578 658.6897354125977 242.5402374267578 658.6897354125977 302.1464614868164 604.0505981445312 302.1464614868164
603.9348754882812 242.3458251953125 658.9157791137695 242.3458251953125 658.9157791137695 302.32487869262695 603.9348754882812 302.32487869262695
603.82958984375 243.1282958984375 657.8659362792969 243.1282958984375 657.8659362792969 302.0769271850586 603.82958984375 302.0769271850586
603.5897827148438 241.621337890625 657.934700012207 241.621337890625 657.934700012207 300.9065856933594 603.5897827148438 300.9065856933594
604.1205444335938 241.7104949951172 657.4675521850586 241.7104949951172 657.4675521850586 301.5732765197754 604.1205444335938 301.5732765197754
605.6463012695312 241.5308074951172 658.5454025268555 241.5308074951172 658.5454025268555 302.9320411682129 605.6463012695312 302.9320411682129
607.9447021484375 243.17263793945312 656.2311630249023 243.17263793945312 656.2311630249023 305.79442596435547 607.9447021484375 305.79442596435547
609.3323364257812 243.40811157226562 654.9621200561523 243.40811157226562 654.9621200561523 304.8192024230957 609.3323364257812 304.8192024230957
608.9881591796875 243.27316284179688 654.699520111084 243.27316284179688 654.699520111084 306.19303131103516 608.9881591796875 306.19303131103516
608.784423828125 243.9855194091797 654.0046768188477 243.9855194091797 654.0046768188477 305.47279357910156 608.784423828125 305.47279357910156
609.1864624023438 242.8037109375 655.0635719299316 242.8037109375 655.0635719299316 306.2661819458008 609.1864624023438 306.2661819458008
609.8328857421875 242.344970703125 654.9851150512695 242.344970703125 654.9851150512695 307.00706481933594 609.8328857421875 307.00706481933594
610.2361450195312 241.75057983398438 655.0110054016113 241.75057983398438 655.0110054016113 306.5601272583008 610.2361450195312 306.5601272583008
610.320556640625 242.4151153564453 654.0616035461426 242.4151153564453 654.0616035461426 306.7557373046875 610.320556640625 306.7557373046875
611.2418823242188 241.991943359375 655.2881278991699 241.991943359375 655.2881278991699 308.1207733154297 611.2418823242188 308.1207733154297
610.7444458007812 242.05215454101562 655.0330009460449 242.05215454101562 655.0330009460449 307.91187286376953 610.7444458007812 307.91187286376953
611.8924560546875 241.5542755126953 656.1547470092773 241.5542755126953 656.1547470092773 309.47420501708984 611.8924560546875 309.47420501708984
612.805419921875 241.0399627685547 656.3760147094727 241.0399627685547 656.3760147094727 308.89808654785156 612.805419921875 308.89808654785156
612.319580078125 243.4399871826172 655.2152824401855 243.4399871826172 655.2152824401855 308.9778594970703 612.319580078125 308.9778594970703
611.341552734375 242.632080078125 654.8849792480469 242.632080078125 654.8849792480469 308.96241760253906 611.341552734375 308.96241760253906
612.2650146484375 243.1679229736328 654.5684394836426 243.1679229736328 654.5684394836426 309.08665466308594 612.2650146484375 309.08665466308594
613.2565307617188 241.96072387695312 655.8718185424805 241.96072387695312 655.8718185424805 310.61387634277344 613.2565307617188 310.61387634277344
611.6992797851562 241.4853057861328 654.8067855834961 241.4853057861328 654.8067855834961 309.5702133178711 611.6992797851562 309.5702133178711
611.5784912109375 241.4697723388672 654.8879508972168 241.4697723388672 654.8879508972168 309.9043960571289 611.5784912109375 309.9043960571289
610.229248046875 242.2799835205078 653.5105590820312 242.2799835205078 653.5105590820312 308.46629333496094 610.229248046875 308.46629333496094
610.4386596679688 242.14999389648438 652.8737831115723 242.14999389648438 652.8737831115723 309.0492935180664 610.4386596679688 309.0492935180664
609.5374755859375 242.72756958007812 652.5128555297852 242.72756958007812 652.5128555297852 309.3650131225586 609.5374755859375 309.3650131225586
609.4749755859375 241.49093627929688 652.518238067627 241.49093627929688 652.518238067627 309.2449417114258 609.4749755859375 309.2449417114258
608.5254516601562 241.64584350585938 652.1462173461914 241.64584350585938 652.1462173461914 310.11267852783203 608.5254516601562 310.11267852783203
606.9066162109375 241.98226928710938 651.4333877563477 241.98226928710938 651.4333877563477 309.82543182373047 606.9066162109375 309.82543182373047
606.7904052734375 241.7734832763672 651.8932723999023 241.7734832763672 651.8932723999023 309.77923583984375 606.7904052734375 309.77923583984375
596.6223754882812 242.7053680419922 649.7635803222656 242.7053680419922 649.7635803222656 300.67749786376953 596.6223754882812 300.67749786376953
593.5655517578125 243.1276092529297 647.9432907104492 243.1276092529297 647.9432907104492 302.4486770629883 593.5655517578125 302.4486770629883
594.647216796875 244.79702758789062 649.3810043334961 244.79702758789062 649.3810043334961 304.5065116882324 594.647216796875 304.5065116882324
595.0968017578125 243.0526123046875 648.9180297851562 243.0526123046875 648.9180297851562 301.7665786743164 595.0968017578125 301.7665786743164
597.1890869140625 243.7317657470703 648.2165145874023 243.7317657470703 648.2165145874023 306.8218765258789 597.1890869140625 306.8218765258789
594.7178955078125 241.1981658935547 648.9826049804688 241.1981658935547 648.9826049804688 304.1440658569336 594.7178955078125 304.1440658569336
595.1300048828125 240.7080535888672 647.8188705444336 240.7080535888672 647.8188705444336 305.75992584228516 595.1300048828125 305.75992584228516
593.7083740234375 239.80819702148438 647.0374069213867 239.80819702148438 647.0374069213867 304.8343811035156 593.7083740234375 304.8343811035156
595.0772094726562 239.7309112548828 646.6463623046875 239.7309112548828 646.6463623046875 306.9241027832031 595.0772094726562 306.9241027832031
590.8359375 239.77975463867188 647.0547370910645 239.77975463867188 647.0547370910645 301.10926055908203 590.8359375 301.10926055908203
588.1168212890625 240.1565399169922 644.4892959594727 240.1565399169922 644.4892959594727 301.65369415283203 588.1168212890625 301.65369415283203
586.2260131835938 239.94357299804688 644.0329093933105 239.94357299804688 644.0329093933105 303.00555419921875 586.2260131835938 303.00555419921875
582.8509521484375 239.89248657226562 641.181468963623 239.89248657226562 641.181468963623 303.52569580078125 582.8509521484375 303.52569580078125
581.0809326171875 240.6761474609375 640.6826057434082 240.6761474609375 640.6826057434082 305.6960678100586 581.0809326171875 305.6960678100586
579.4178466796875 240.0317840576172 638.9039077758789 240.0317840576172 638.9039077758789 304.92557525634766 579.4178466796875 304.92557525634766
576.9010620117188 239.28842163085938 637.5246353149414 239.28842163085938 637.5246353149414 305.4231262207031 576.9010620117188 305.4231262207031
574.906005859375 239.9993438720703 636.7768478393555 239.9993438720703 636.7768478393555 307.4946975708008 574.906005859375 307.4946975708008
572.997802734375 239.7011260986328 634.719482421875 239.7011260986328 634.719482421875 308.69205474853516 572.997802734375 308.69205474853516
570.2786865234375 238.5997314453125 632.4119071960449 238.5997314453125 632.4119071960449 306.3813247680664 570.2786865234375 306.3813247680664
569.619140625 237.4398193359375 633.0675888061523 237.4398193359375 633.0675888061523 306.6562042236328 569.619140625 306.6562042236328
570.7296752929688 237.6389617919922 635.0780792236328 237.6389617919922 635.0780792236328 307.8371047973633 570.7296752929688 307.8371047973633
567.8933715820312 238.340576171875 632.6000671386719 238.340576171875 632.6000671386719 308.92958068847656 567.8933715820312 308.92958068847656
563.9178466796875 237.4993896484375 629.2887115478516 237.4993896484375 629.2887115478516 308.8129425048828 563.9178466796875 308.8129425048828
563.61865234375 240.8533935546875 629.1963729858398 240.8533935546875 629.1963729858398 312.39261627197266 563.61865234375 312.39261627197266
562.3529052734375 241.3043212890625 629.8637847900391 241.3043212890625 629.8637847900391 314.9524383544922 562.3529052734375 314.9524383544922
562.4718627929688 239.843505859375 631.0809860229492 239.843505859375 631.0809860229492 314.68971252441406 562.4718627929688 314.68971252441406
560.1746826171875 239.54592895507812 630.1378326416016 239.54592895507812 630.1378326416016 315.86924743652344 560.1746826171875 315.86924743652344
561.2291259765625 239.8329315185547 631.9486770629883 239.8329315185547 631.9486770629883 316.1390075683594 561.2291259765625 316.1390075683594
562.6648559570312 235.22177124023438 634.318717956543 235.22177124023438 634.318717956543 313.3895034790039 562.6648559570312 313.3895034790039
565.4969482421875 236.200927734375 636.225341796875 236.200927734375 636.225341796875 312.9991455078125 565.4969482421875 312.9991455078125
564.0252685546875 236.8978271484375 635.1935424804688 236.8978271484375 635.1935424804688 314.4557800292969 564.0252685546875 314.4557800292969
566.0525512695312 238.83914184570312 636.4421844482422 238.83914184570312 636.4421844482422 315.0410614013672 566.0525512695312 315.0410614013672
566.4249267578125 236.8458251953125 636.9984359741211 236.8458251953125 636.9984359741211 312.8900146484375 566.4249267578125 312.8900146484375
570.01416015625 237.38278198242188 640.1568756103516 237.38278198242188 640.1568756103516 312.3395767211914 570.01416015625 312.3395767211914
569.6842041015625 237.81076049804688 639.9923477172852 237.81076049804688 639.9923477172852 313.65296936035156 569.6842041015625 313.65296936035156
569.6008911132812 238.6645050048828 638.2414093017578 238.6645050048828 638.2414093017578 314.49607849121094 569.6008911132812 314.49607849121094
568.16552734375 237.5509490966797 636.907112121582 237.5509490966797 636.907112121582 313.4308090209961 568.16552734375 313.4308090209961
565.7474365234375 237.87149047851562 634.7151489257812 237.87149047851562 634.7151489257812 313.10887145996094 565.7474365234375 313.10887145996094
569.12060546875 237.23062133789062 636.5635757446289 237.23062133789062 636.5635757446289 313.2027130126953 569.12060546875 313.2027130126953
569.2438354492188 239.19107055664062 636.2174835205078 239.19107055664062 636.2174835205078 315.49034118652344 569.2438354492188 315.49034118652344
572.5823364257812 237.90164184570312 636.3752250671387 237.90164184570312 636.3752250671387 313.40699768066406 572.5823364257812 313.40699768066406
572.1016235351562 237.1162872314453 635.5311279296875 237.1162872314453 635.5311279296875 314.5517044067383 572.1016235351562 314.5517044067383
569.9918212890625 238.8300323486328 634.2598724365234 238.8300323486328 634.2598724365234 314.21202087402344 569.9918212890625 314.21202087402344
568.8597412109375 241.26327514648438 632.3635635375977 241.26327514648438 632.3635635375977 312.1836853027344 568.8597412109375 312.1836853027344
568.1436767578125 241.2297821044922 630.6404647827148 241.2297821044922 630.6404647827148 310.8672103881836 568.1436767578125 310.8672103881836
564.6883544921875 243.382568359375 629.4333038330078 243.382568359375 629.4333038330078 307.8117980957031 564.6883544921875 307.8117980957031
564.9212036132812 245.101806640625 628.3792190551758 245.101806640625 628.3792190551758 308.12541580200195 564.9212036132812 308.12541580200195
562.6039428710938 245.6164093017578 626.2840690612793 245.6164093017578 626.2840690612793 305.7788429260254 562.6039428710938 305.7788429260254
563.7744750976562 246.858642578125 626.061279296875 246.858642578125 626.061279296875 305.7618942260742 563.7744750976562 305.7618942260742
563.5315551757812 247.2240447998047 626.2183151245117 247.2240447998047 626.2183151245117 305.9598045349121 563.5315551757812 305.9598045349121
561.1309814453125 249.28817749023438 621.381103515625 249.28817749023438 621.381103515625 304.8374252319336 561.1309814453125 304.8374252319336
561.37060546875 248.7577667236328 622.4411697387695 248.7577667236328 622.4411697387695 305.5428009033203 561.37060546875 305.5428009033203
561.003173828125 247.496337890625 623.4622688293457 247.496337890625 623.4622688293457 306.53925704956055 561.003173828125 306.53925704956055
560.6056518554688 247.62088012695312 622.7305793762207 247.62088012695312 622.7305793762207 307.4594497680664 560.6056518554688 307.4594497680664
559.2789306640625 247.3604278564453 622.642162322998 247.3604278564453 622.642162322998 306.70826721191406 559.2789306640625 306.70826721191406
560.0634155273438 246.39566040039062 624.4892883300781 246.39566040039062 624.4892883300781 308.8448295593262 560.0634155273438 308.8448295593262
559.6514892578125 247.11874389648438 623.5575675964355 247.11874389648438 623.5575675964355 308.62706756591797 559.6514892578125 308.62706756591797
561.0958862304688 247.8874053955078 624.9520378112793 247.8874053955078 624.9520378112793 311.5648727416992 561.0958862304688 311.5648727416992
558.4066162109375 246.6951904296875 621.990234375 246.6951904296875 621.990234375 313.20912170410156 558.4066162109375 313.20912170410156
550.803955078125 249.435302734375 616.7817001342773 249.435302734375 616.7817001342773 315.0084228515625 550.803955078125 315.0084228515625
544.9260864257812 247.41836547851562 613.2310104370117 247.41836547851562 613.2310104370117 316.18421936035156 544.9260864257812 316.18421936035156
537.7476196289062 248.99844360351562 605.6495819091797 248.99844360351562 605.6495819091797 319.110595703125 537.7476196289062 319.110595703125
532.6087646484375 249.32101440429688 598.6080322265625 249.32101440429688 598.6080322265625 321.09867095947266 532.6087646484375 321.09867095947266
530.0037231445312 249.4078826904297 595.1891555786133 249.4078826904297 595.1891555786133 319.35894775390625 530.0037231445312 319.35894775390625
526.33984375 246.3190460205078 593.8393173217773 246.3190460205078 593.8393173217773 317.95674896240234 526.33984375 317.95674896240234
527.1661987304688 247.3206024169922 593.9014053344727 247.3206024169922 593.9014053344727 321.30279541015625 527.1661987304688 321.30279541015625
516.8026123046875 246.690673828125 588.1902084350586 246.690673828125 588.1902084350586 320.81844329833984 516.8026123046875 320.81844329833984
506.71826171875 247.4013671875 579.5735855102539 247.4013671875 579.5735855102539 321.70059967041016 506.71826171875 321.70059967041016
498.58575439453125 246.65750122070312 570.8809127807617 246.65750122070312 570.8809127807617 321.1234817504883 498.58575439453125 321.1234817504883
485.730712890625 247.0594940185547 558.3267822265625 247.0594940185547 558.3267822265625 321.3558578491211 485.730712890625 321.3558578491211
468.11932373046875 249.66592407226562 539.3779754638672 249.66592407226562 539.3779754638672 321.24803924560547 468.11932373046875 321.24803924560547
450.79180908203125 250.3753662109375 520.2807846069336 250.3753662109375 520.2807846069336 319.85213470458984 450.79180908203125 319.85213470458984
439.2456970214844 250.06179809570312 508.2267303466797 250.06179809570312 508.2267303466797 319.45570373535156 439.2456970214844 319.45570373535156
427.8482360839844 242.3355255126953 497.65867614746094 242.3355255126953 497.65867614746094 315.5389404296875 427.8482360839844 315.5389404296875
419.8421936035156 241.28173828125 489.0341491699219 241.28173828125 489.0341491699219 314.34376525878906 419.8421936035156 314.34376525878906
417.4833984375 241.5854949951172 485.46793365478516 241.5854949951172 485.46793365478516 314.3875427246094 417.4833984375 314.3875427246094
415.5293884277344 243.5383758544922 483.7410430908203 243.5383758544922 483.7410430908203 315.1708679199219 415.5293884277344 315.1708679199219
406.92535400390625 242.04116821289062 474.1146697998047 242.04116821289062 474.1146697998047 314.8219223022461 406.92535400390625 314.8219223022461
407.5526123046875 240.90316772460938 473.6478271484375 240.90316772460938 473.6478271484375 312.3943176269531 407.5526123046875 312.3943176269531
403.37640380859375 238.06729125976562 469.9459991455078 238.06729125976562 469.9459991455078 310.68860626220703 403.37640380859375 310.68860626220703
405.22271728515625 235.6230010986328 470.7482604980469 235.6230010986328 470.7482604980469 307.1053466796875 405.22271728515625 307.1053466796875
405.9046325683594 226.6820831298828 471.93959045410156 226.6820831298828 471.93959045410156 298.72015380859375 405.9046325683594 298.72015380859375
404.21990966796875 208.37301635742188 469.7696304321289 208.37301635742188 469.7696304321289 281.0093078613281 404.21990966796875 281.0093078613281
401.2517395019531 202.23252868652344 467.3490447998047 202.23252868652344 467.3490447998047 274.338623046875 401.2517395019531 274.338623046875
393.8189392089844 207.0726776123047 460.21997833251953 207.0726776123047 460.21997833251953 279.51012420654297 393.8189392089844 279.51012420654297
391.57861328125 200.85462951660156 457.7258987426758 200.85462951660156 457.7258987426758 273.01525115966797 391.57861328125 273.01525115966797
386.8990173339844 202.5976104736328 452.91539001464844 202.5976104736328 452.91539001464844 274.61541748046875 386.8990173339844 274.61541748046875
381.8099670410156 205.04629516601562 448.9346466064453 205.04629516601562 448.9346466064453 278.2731628417969 381.8099670410156 278.2731628417969
380.4996643066406 206.4819793701172 448.68123626708984 206.4819793701172 448.68123626708984 280.86181640625 380.4996643066406 280.86181640625
380.5508728027344 209.74661254882812 448.67030334472656 209.74661254882812 448.67030334472656 284.0586624145508 380.5508728027344 284.0586624145508
378.1958312988281 211.6939697265625 446.72863006591797 211.6939697265625 446.72863006591797 286.4569625854492 378.1958312988281 286.4569625854492
374.1324462890625 217.1742706298828 441.93753814697266 217.1742706298828 441.93753814697266 291.1434020996094 374.1324462890625 291.1434020996094
372.6811828613281 218.5896453857422 440.5599594116211 218.5896453857422 440.5599594116211 292.63916778564453 372.6811828613281 292.63916778564453
367.36553955078125 223.0269775390625 435.1410827636719 223.0269775390625 435.1410827636719 296.96388244628906 367.36553955078125 296.96388244628906
367.44879150390625 222.0762176513672 433.56117248535156 222.0762176513672 433.56117248535156 294.1987533569336 367.44879150390625 294.1987533569336
367.45233154296875 223.4588623046875 433.87020111083984 223.4588623046875 433.87020111083984 295.91465759277344 367.45233154296875 295.91465759277344
369.99554443359375 224.2976837158203 436.94203186035156 224.2976837158203 436.94203186035156 297.33013916015625 369.99554443359375 297.33013916015625
371.99267578125 221.87319946289062 437.7573699951172 221.87319946289062 437.7573699951172 293.6164245605469 371.99267578125 293.6164245605469
373.6969909667969 221.2118377685547 439.34204864501953 221.2118377685547 439.34204864501953 292.8245544433594 373.6969909667969 292.8245544433594
373.7071228027344 218.62338256835938 440.14471435546875 218.62338256835938 440.14471435546875 291.1006851196289 373.7071228027344 291.1006851196289
375.0650939941406 223.65811157226562 441.6877670288086 223.65811157226562 441.6877670288086 295.2516784667969 375.0650939941406 295.2516784667969
373.2364807128906 223.6740264892578 439.9373321533203 223.6740264892578 439.9373321533203 296.6828918457031 373.2364807128906 296.6828918457031
373.55120849609375 229.47293090820312 438.6461639404297 229.47293090820312 438.6461639404297 303.614990234375 373.55120849609375 303.614990234375
372.7087097167969 228.359619140625 439.50196075439453 228.359619140625 439.50196075439453 301.2248992919922 372.7087097167969 301.2248992919922
373.01739501953125 233.173095703125 440.5708770751953 233.173095703125 440.5708770751953 307.52027893066406 373.01739501953125 307.52027893066406
374.58660888671875 237.5096435546875 441.7771530151367 237.5096435546875 441.7771530151367 311.9348602294922 374.58660888671875 311.9348602294922
376.089111328125 244.84814453125 442.62516021728516 244.84814453125 442.62516021728516 318.8777542114258 376.089111328125 318.8777542114258
382.1389465332031 248.49755859375 448.7330017089844 248.49755859375 448.7330017089844 321.9972229003906 382.1389465332031 321.9972229003906
385.49200439453125 251.7313995361328 452.32542419433594 251.7313995361328 452.32542419433594 323.3117141723633 385.49200439453125 323.3117141723633
390.8223571777344 245.3673095703125 455.2917785644531 245.3673095703125 455.2917785644531 320.04432678222656 390.8223571777344 320.04432678222656
394.4646301269531 243.01943969726562 456.2483024597168 243.01943969726562 456.2483024597168 318.3334503173828 394.4646301269531 318.3334503173828
396.5618591308594 242.05789184570312 457.0471496582031 242.05789184570312 457.0471496582031 318.4497528076172 396.5618591308594 318.4497528076172
397.26702880859375 242.06826782226562 457.2939758300781 242.06826782226562 457.2939758300781 318.48047637939453 397.26702880859375 318.48047637939453
396.3185119628906 242.83340454101562 457.4826469421387 242.83340454101562 457.4826469421387 318.82769775390625 396.3185119628906 318.82769775390625
395.605224609375 243.16787719726562 455.45025634765625 243.16787719726562 455.45025634765625 317.74562072753906 395.605224609375 317.74562072753906
393.05987548828125 243.0715789794922 453.4963684082031 243.0715789794922 453.4963684082031 314.73826599121094 393.05987548828125 314.73826599121094
392.7950744628906 242.1136932373047 454.5803642272949 242.1136932373047 454.5803642272949 314.53992462158203 392.7950744628906 314.53992462158203
388.2310485839844 242.97750854492188 452.13837814331055 242.97750854492188 452.13837814331055 312.6945037841797 388.2310485839844 312.6945037841797
386.96856689453125 243.3494873046875 451.00270080566406 243.3494873046875 451.00270080566406 313.2048034667969 386.96856689453125 313.2048034667969
388.07763671875 241.3008270263672 452.9476776123047 241.3008270263672 452.9476776123047 312.0680465698242 388.07763671875 312.0680465698242
386.4969787597656 242.6854705810547 450.77538299560547 242.6854705810547 450.77538299560547 312.80725860595703 386.4969787597656 312.80725860595703
386.6759948730469 242.51522827148438 450.72151947021484 242.51522827148438 450.72151947021484 312.38297271728516 386.6759948730469 312.38297271728516
387.005126953125 242.41061401367188 450.96842193603516 242.41061401367188 450.96842193603516 312.1886520385742 387.005126953125 312.1886520385742
385.01434326171875 242.328857421875 448.4015579223633 242.328857421875 448.4015579223633 311.4784393310547 385.01434326171875 311.4784393310547
384.15374755859375 241.2574462890625 447.0251770019531 241.2574462890625 447.0251770019531 309.84435272216797 384.15374755859375 309.84435272216797
383.0599060058594 239.81289672851562 446.9547653198242 239.81289672851562 446.9547653198242 309.5162811279297 383.0599060058594 309.5162811279297
381.016357421875 242.48202514648438 445.94606018066406 242.48202514648438 445.94606018066406 313.3143310546875 381.016357421875 313.3143310546875
381.1858215332031 241.0255126953125 445.94969177246094 241.0255126953125 445.94969177246094 311.6769104003906 381.1858215332031 311.6769104003906
379.9381103515625 240.841064453125 444.47900390625 240.841064453125 444.47900390625 311.2492218017578 379.9381103515625 311.2492218017578
376.25262451171875 242.9276580810547 441.40521240234375 242.9276580810547 441.40521240234375 314.00311279296875 376.25262451171875 314.00311279296875
377.833984375 240.32327270507812 444.27196502685547 240.32327270507812 444.27196502685547 312.8009719848633 377.833984375 312.8009719848633
379.3403625488281 242.13150024414062 445.6637954711914 242.13150024414062 445.6637954711914 314.48423767089844 379.3403625488281 314.48423767089844
375.12860107421875 241.29443359375 441.8543014526367 241.29443359375 441.8543014526367 314.0860137939453 375.12860107421875 314.0860137939453
373.62518310546875 241.7550811767578 440.48783111572266 241.7550811767578 440.48783111572266 314.69606018066406 373.62518310546875 314.69606018066406
372.5224609375 240.82925415039062 439.80921936035156 240.82925415039062 439.80921936035156 314.23290252685547 372.5224609375 314.23290252685547
375.3451232910156 239.54788208007812 442.9759826660156 239.54788208007812 442.9759826660156 313.32691955566406 375.3451232910156 313.32691955566406
375.9206237792969 240.29171752929688 443.49217224121094 240.29171752929688 443.49217224121094 314.0060501098633 375.9206237792969 314.0060501098633
375.5638427734375 239.0353240966797 442.48997497558594 239.0353240966797 442.48997497558594 312.0455627441406 375.5638427734375 312.0455627441406
373.61407470703125 239.58349609375 441.4118423461914 239.58349609375 441.4118423461914 313.5446090698242 373.61407470703125 313.5446090698242
374.9014587402344 240.5950164794922 442.3334197998047 240.5950164794922 442.3334197998047 314.15706634521484 374.9014587402344 314.15706634521484
376.54534912109375 238.07180786132812 443.46240997314453 238.07180786132812 443.46240997314453 311.07215118408203 376.54534912109375 311.07215118408203
376.84912109375 240.41299438476562 443.3637466430664 240.41299438476562 443.3637466430664 312.9743118286133 376.84912109375 312.9743118286133
375.8876037597656 240.8515625 442.0262985229492 240.8515625 442.0262985229492 313.0027770996094 375.8876037597656 313.0027770996094
374.1846923828125 242.51809692382812 440.56971740722656 242.51809692382812 440.56971740722656 314.93802642822266 374.1846923828125 314.93802642822266
383.92620849609375 243.7063446044922 445.73735427856445 243.7063446044922 445.73735427856445 319.81150817871094 383.92620849609375 319.81150817871094
382.105712890625 243.12832641601562 443.16368865966797 243.12832641601562 443.16368865966797 316.96543884277344 382.105712890625 316.96543884277344
383.6004333496094 241.7291717529297 443.63923263549805 241.7291717529297 443.63923263549805 315.59364318847656 383.6004333496094 315.59364318847656
384.4305114746094 238.6014404296875 442.8220901489258 238.6014404296875 442.8220901489258 313.20343017578125 384.4305114746094 313.20343017578125
389.0699157714844 240.2595672607422 443.69804763793945 240.2595672607422 443.69804763793945 316.90589141845703 389.0699157714844 316.90589141845703
387.62359619140625 239.1785125732422 442.9326286315918 239.1785125732422 442.9326286315918 313.83050537109375 387.62359619140625 313.83050537109375
384.5314025878906 241.4129638671875 441.4228286743164 241.4129638671875 441.4228286743164 311.0847854614258 384.5314025878906 311.0847854614258
381.28076171875 241.38784790039062 438.93968963623047 241.38784790039062 438.93968963623047 308.2476272583008 381.28076171875 308.2476272583008
379.60797119140625 241.96450805664062 437.6601371765137 241.96450805664062 437.6601371765137 305.2940788269043 379.60797119140625 305.2940788269043
378.81317138671875 243.0505828857422 436.2387809753418 243.0505828857422 436.2387809753418 305.69664764404297 378.81317138671875 305.69664764404297
380.6877136230469 242.2043914794922 437.6393356323242 242.2043914794922 437.6393356323242 304.33337783813477 380.6877136230469 304.33337783813477
380.16998291015625 243.6714630126953 437.62830352783203 243.6714630126953 437.62830352783203 306.3532066345215 380.16998291015625 306.3532066345215
379.03497314453125 243.4680938720703 436.8386764526367 243.4680938720703 436.8386764526367 306.52661895751953 379.03497314453125 306.52661895751953
379.55450439453125 241.23281860351562 435.94694900512695 241.23281860351562 435.94694900512695 307.15877532958984 379.55450439453125 307.15877532958984
377.0838623046875 241.14321899414062 435.9439811706543 241.14321899414062 435.9439811706543 305.3542022705078 377.0838623046875 305.3542022705078
377.52569580078125 241.0283203125 435.9251174926758 241.0283203125 435.9251174926758 304.7367172241211 377.52569580078125 304.7367172241211
377.5555725097656 239.5597381591797 435.7706069946289 239.5597381591797 435.7706069946289 303.0669822692871 377.5555725097656 303.0669822692871
377.75567626953125 242.7295684814453 436.2724914550781 242.7295684814453 436.2724914550781 306.56602478027344 377.75567626953125 306.56602478027344
377.2459411621094 242.4925079345703 436.1949462890625 242.4925079345703 436.1949462890625 306.8004455566406 377.2459411621094 306.8004455566406
376.1657409667969 240.82540893554688 435.02513885498047 240.82540893554688 435.02513885498047 305.0355987548828 376.1657409667969 305.0355987548828
376.87115478515625 241.38845825195312 435.30230712890625 241.38845825195312 435.30230712890625 305.1314697265625 376.87115478515625 305.1314697265625
376.3799743652344 241.94589233398438 435.05416107177734 241.94589233398438 435.05416107177734 305.9540252685547 376.3799743652344 305.9540252685547
375.5889587402344 243.196044921875 434.7477226257324 243.196044921875 434.7477226257324 307.7328109741211 375.5889587402344 307.7328109741211
375.479736328125 241.84805297851562 434.9420852661133 241.84805297851562 434.9420852661133 306.7159957885742 375.479736328125 306.7159957885742
375.03411865234375 243.1972198486328 434.56695556640625 243.1972198486328 434.56695556640625 308.14205169677734 375.03411865234375 308.14205169677734
376.0225830078125 242.3988037109375 435.7145004272461 242.3988037109375 435.7145004272461 307.51717376708984 376.0225830078125 307.51717376708984
378.7696838378906 239.2724151611328 439.4295234680176 239.2724151611328 439.4295234680176 305.44669342041016 378.7696838378906 305.44669342041016
384.3375549316406 240.9333953857422 444.5834541320801 240.9333953857422 444.5834541320801 306.6561050415039 384.3375549316406 306.6561050415039
388.6195068359375 240.93399047851562 449.08911895751953 240.93399047851562 449.08911895751953 306.90074920654297 388.6195068359375 306.90074920654297
394.0415344238281 240.27969360351562 453.4037094116211 240.27969360351562 453.4037094116211 305.03833770751953 394.0415344238281 305.03833770751953
395.5585632324219 242.3262939453125 454.0847854614258 242.3262939453125 454.0847854614258 306.1729850769043 395.5585632324219 306.1729850769043
397.3934020996094 241.8859405517578 455.7480049133301 241.8859405517578 455.7480049133301 305.54540634155273 397.3934020996094 305.54540634155273
398.60455322265625 241.882568359375 457.6263427734375 241.882568359375 457.6263427734375 306.2698745727539 398.60455322265625 306.2698745727539
402.10845947265625 242.16455078125 460.5919189453125 242.16455078125 460.5919189453125 305.9645881652832 402.10845947265625 305.9645881652832
406.5109558105469 240.1443634033203 464.6906051635742 240.1443634033203 464.6906051635742 303.612979888916 406.5109558105469 303.612979888916
414.28521728515625 242.981689453125 471.5749816894531 242.981689453125 471.5749816894531 305.4795227050781 414.28521728515625 305.4795227050781
419.62811279296875 241.2216033935547 475.480224609375 241.2216033935547 475.480224609375 302.15108489990234 419.62811279296875 302.15108489990234
426.3065490722656 243.3333740234375 481.88480377197266 243.3333740234375 481.88480377197266 303.9640998840332 426.3065490722656 303.9640998840332
431.8504943847656 244.3765411376953 486.61080169677734 244.3765411376953 486.61080169677734 304.11496353149414 431.8504943847656 304.11496353149414
436.6895446777344 242.1551513671875 491.9129104614258 242.1551513671875 491.9129104614258 302.3987236022949 436.6895446777344 302.3987236022949
440.83251953125 241.77853393554688 497.8916435241699 241.77853393554688 497.8916435241699 304.0247497558594 440.83251953125 304.0247497558594
447.4839782714844 239.22817993164062 502.86700439453125 239.22817993164062 502.86700439453125 304.9957962036133 447.4839782714844 304.9957962036133
450.28717041015625 240.01449584960938 506.5471992492676 240.01449584960938 506.5471992492676 305.11739349365234 450.28717041015625 305.11739349365234
449.448486328125 241.1809539794922 506.7580795288086 241.1809539794922 506.7580795288086 303.70040130615234 449.448486328125 303.70040130615234
452.52490234375 239.33236694335938 508.00177001953125 239.33236694335938 508.00177001953125 304.0609436035156 452.52490234375 304.0609436035156
460.04400634765625 237.85189819335938 509.55362701416016 237.85189819335938 509.55362701416016 308.6109619140625 460.04400634765625 308.6109619140625
464.12677001953125 238.6604766845703 510.8861770629883 238.6604766845703 510.8861770629883 310.21927642822266 464.12677001953125 310.21927642822266
460.09228515625 238.8792724609375 509.23839569091797 238.8792724609375 509.23839569091797 308.0757827758789 460.09228515625 308.0757827758789
461.0608825683594 238.9025115966797 509.48294830322266 238.9025115966797 509.48294830322266 308.3191833496094 461.0608825683594 308.3191833496094
461.3575744628906 238.81369018554688 509.99583435058594 238.81369018554688 509.99583435058594 309.47251892089844 461.3575744628906 309.47251892089844
463.5597229003906 238.2289276123047 511.1353530883789 238.2289276123047 511.1353530883789 310.31204986572266 463.5597229003906 310.31204986572266
455.947509765625 242.02603149414062 507.7007751464844 242.02603149414062 507.7007751464844 306.5126495361328 455.947509765625 306.5126495361328
453.482177734375 242.88833618164062 506.7378921508789 242.88833618164062 506.7378921508789 305.6699523925781 453.482177734375 305.6699523925781
451.9996643066406 245.74960327148438 506.96320724487305 245.74960327148438 506.96320724487305 305.7097358703613 451.9996643066406 305.7097358703613
451.236572265625 245.01333618164062 505.779052734375 245.01333618164062 505.779052734375 304.5141296386719 451.236572265625 304.5141296386719
451.8445739746094 246.08935546875 506.3143997192383 246.08935546875 506.3143997192383 305.5108871459961 451.8445739746094 305.5108871459961
451.8846740722656 246.0303192138672 505.2376937866211 246.0303192138672 505.2376937866211 304.23351669311523 451.8846740722656 304.23351669311523
449.2428283691406 244.8961944580078 503.5651054382324 244.8961944580078 503.5651054382324 304.1567611694336 449.2428283691406 304.1567611694336
449.067626953125 243.6333770751953 504.3499984741211 243.6333770751953 504.3499984741211 303.9413185119629 449.067626953125 303.9413185119629
448.1021423339844 243.528564453125 503.5373840332031 243.528564453125 503.5373840332031 304.0032730102539 448.1021423339844 304.0032730102539
446.05450439453125 242.6414337158203 501.3772964477539 242.6414337158203 501.3772964477539 302.9934730529785 446.05450439453125 302.9934730529785
444.85919189453125 243.2517852783203 500.3886604309082 243.2517852783203 500.3886604309082 303.829288482666 444.85919189453125 303.829288482666
443.2051696777344 242.91439819335938 498.51587677001953 242.91439819335938 498.51587677001953 303.2532539367676 443.2051696777344 303.2532539367676
440.9793395996094 242.17904663085938 496.5950241088867 242.17904663085938 496.5950241088867 302.8506050109863 440.9793395996094 302.8506050109863
441.9339904785156 242.61099243164062 498.5122871398926 242.61099243164062 498.5122871398926 304.3326721191406 441.9339904785156 304.3326721191406
440.95025634765625 243.03662109375 497.8687934875488 243.03662109375 497.8687934875488 305.12946701049805 440.95025634765625 305.12946701049805
437.75054931640625 245.1317138671875 495.5954704284668 245.1317138671875 495.5954704284668 308.23515701293945 437.75054931640625 308.23515701293945
437.010986328125 245.30307006835938 495.9195137023926 245.30307006835938 495.9195137023926 309.56681060791016 437.010986328125 309.56681060791016
435.6283264160156 246.47366333007812 495.41324615478516 246.47366333007812 495.41324615478516 311.69346618652344 435.6283264160156 311.69346618652344
432.9740295410156 245.7892303466797 493.8924331665039 245.7892303466797 493.8924331665039 312.2455520629883 432.9740295410156 312.2455520629883
432.126220703125 243.28884887695312 493.81597900390625 243.28884887695312 493.81597900390625 310.5866470336914 432.126220703125 310.5866470336914
429.7462463378906 243.68856811523438 493.6005859375 243.68856811523438 493.6005859375 313.3477249145508 429.7462463378906 313.3477249145508
432.10784912109375 237.70053100585938 497.5130844116211 237.70053100585938 497.5130844116211 309.05157470703125 432.10784912109375 309.05157470703125
433.86273193359375 236.4473419189453 500.0458450317383 236.4473419189453 500.0458450317383 308.64696502685547 433.86273193359375 308.64696502685547
433.065185546875 235.3574676513672 500.2883758544922 235.3574676513672 500.2883758544922 308.6917190551758 433.065185546875 308.6917190551758
433.464599609375 233.5288848876953 501.07091522216797 233.5288848876953 501.07091522216797 307.2810974121094 433.464599609375 307.2810974121094
437.6732482910156 232.6006317138672 505.6650924682617 232.6006317138672 505.6650924682617 306.7734146118164 437.6732482910156 306.7734146118164
438.9419860839844 231.54342651367188 508.03211975097656 231.54342651367188 508.03211975097656 306.9143524169922 438.9419860839844 306.9143524169922
445.24981689453125 229.8726806640625 515.4382705688477 229.8726806640625 515.4382705688477 306.44176483154297 445.24981689453125 306.44176483154297
451.8666076660156 231.00552368164062 521.6220397949219 231.00552368164062 521.6220397949219 307.1022262573242 451.8666076660156 307.1022262573242
459.200927734375 230.69448852539062 529.3475570678711 230.69448852539062 529.3475570678711 307.2179489135742 459.200927734375 307.2179489135742
462.12127685546875 233.87277221679688 533.0228118896484 233.87277221679688 533.0228118896484 311.2197723388672 462.12127685546875 311.2197723388672
465.52349853515625 233.3885498046875 535.0223083496094 233.3885498046875 535.0223083496094 309.20531463623047 465.52349853515625 309.20531463623047
463.67510986328125 233.842529296875 534.7222747802734 233.842529296875 534.7222747802734 311.34840393066406 463.67510986328125 311.34840393066406
464.95892333984375 233.9834442138672 536.7408065795898 233.9834442138672 536.7408065795898 312.29083251953125 464.95892333984375 312.29083251953125
463.3561096191406 233.0552978515625 535.0713958740234 233.0552978515625 535.0713958740234 311.2900390625 463.3561096191406 311.2900390625
465.697998046875 232.9167022705078 538.4495010375977 232.9167022705078 538.4495010375977 312.2818603515625 465.697998046875 312.2818603515625
462.3310546875 233.5678253173828 535.0771636962891 233.5678253173828 535.0771636962891 312.9271011352539 462.3310546875 312.9271011352539
461.83294677734375 235.3150177001953 535.3060836791992 235.3150177001953 535.3060836791992 315.46742248535156 461.83294677734375 315.46742248535156
462.7547912597656 232.8555908203125 535.6063079833984 232.8555908203125 535.6063079833984 312.3298645019531 462.7547912597656 312.3298645019531
464.6199645996094 232.4393310546875 536.982063293457 232.4393310546875 536.982063293457 311.3796844482422 464.6199645996094 311.3796844482422
462.5533752441406 233.2438201904297 534.1991424560547 233.2438201904297 534.1991424560547 311.40271759033203 462.5533752441406 311.40271759033203
472.2479553222656 229.74264526367188 543.6944427490234 229.74264526367188 543.6944427490234 307.6841506958008 472.2479553222656 307.6841506958008
492.1689453125 231.64724731445312 564.4323501586914 231.64724731445312 564.4323501586914 310.4799270629883 492.1689453125 310.4799270629883
499.05596923828125 234.84765625 570.5859375 234.84765625 570.5859375 312.8802261352539 499.05596923828125 312.8802261352539
504.552490234375 233.4189910888672 577.6295013427734 233.4189910888672 577.6295013427734 313.1392364501953 504.552490234375 313.1392364501953
510.1466369628906 233.39169311523438 581.6555862426758 233.39169311523438 581.6555862426758 312.3147735595703 510.1466369628906 312.3147735595703
508.14471435546875 232.0779266357422 579.9692611694336 232.0779266357422 579.9692611694336 310.4318542480469 508.14471435546875 310.4318542480469
512.3876342773438 233.937744140625 582.2780609130859 233.937744140625 582.2780609130859 314.97972106933594 512.3876342773438 314.97972106933594
511.2237243652344 232.15652465820312 583.0217819213867 232.15652465820312 583.0217819213867 310.48155212402344 511.2237243652344 310.48155212402344
513.908935546875 233.2262725830078 582.8761444091797 233.2262725830078 582.8761444091797 310.8639678955078 513.908935546875 310.8639678955078
514.1182861328125 231.69482421875 582.5428924560547 231.69482421875 582.5428924560547 308.9891052246094 514.1182861328125 308.9891052246094
513.4837036132812 230.4276885986328 582.8234786987305 230.4276885986328 582.8234786987305 306.07098388671875 513.4837036132812 306.07098388671875
511.90960693359375 232.3302459716797 581.0706558227539 232.3302459716797 581.0706558227539 307.778564453125 511.90960693359375 307.778564453125
513.7998046875 232.39291381835938 582.1759185791016 232.39291381835938 582.1759185791016 306.98494720458984 513.7998046875 306.98494720458984
514.19140625 232.941650390625 582.1844253540039 232.941650390625 582.1844253540039 307.11576080322266 514.19140625 307.11576080322266
512.9275512695312 233.8329620361328 580.7780609130859 233.8329620361328 580.7780609130859 307.8516159057617 512.9275512695312 307.8516159057617
511.59368896484375 238.89944458007812 579.0216598510742 238.89944458007812 579.0216598510742 312.45714569091797 511.59368896484375 312.45714569091797
508.3233947753906 239.46011352539062 575.9007873535156 239.46011352539062 575.9007873535156 313.1808319091797 508.3233947753906 313.1808319091797
500.84405517578125 241.4293975830078 568.6759414672852 241.4293975830078 568.6759414672852 315.427734375 500.84405517578125 315.427734375
495.67559814453125 240.683349609375 563.1790084838867 240.683349609375 563.1790084838867 314.32334899902344 495.67559814453125 314.32334899902344
491.6001892089844 238.1368408203125 560.1037063598633 238.1368408203125 560.1037063598633 312.86785888671875 491.6001892089844 312.86785888671875
490.1658630371094 236.83224487304688 558.1179809570312 236.83224487304688 558.1179809570312 310.9617462158203 490.1658630371094 310.9617462158203
489.06378173828125 239.5304718017578 556.1310653686523 239.5304718017578 556.1310653686523 312.6947021484375 489.06378173828125 312.6947021484375
490.08148193359375 237.10986328125 557.7353973388672 237.10986328125 557.7353973388672 310.91404724121094 490.08148193359375 310.91404724121094
485.55615234375 236.9801788330078 553.8008575439453 236.9801788330078 553.8008575439453 311.4288635253906 485.55615234375 311.4288635253906
482.03778076171875 238.0189971923828 550.2181854248047 238.0189971923828 550.2181854248047 312.3975372314453 482.03778076171875 312.3975372314453
477.2185974121094 236.1446990966797 546.3717422485352 236.1446990966797 546.3717422485352 311.5844039916992 477.2185974121094 311.5844039916992
475.857421875 233.8422088623047 545.596923828125 233.8422088623047 545.596923828125 309.92156982421875 475.857421875 309.92156982421875
473.02801513671875 234.4744415283203 544.2840423583984 234.4744415283203 544.2840423583984 312.20819091796875 473.02801513671875 312.20819091796875
471.8968200683594 231.37826538085938 542.9849472045898 231.37826538085938 542.9849472045898 308.92884826660156 471.8968200683594 308.92884826660156
469.32098388671875 232.6001434326172 540.3302764892578 232.6001434326172 540.3302764892578 310.0647277832031 469.32098388671875 310.0647277832031
464.1944274902344 231.37179565429688 536.2780685424805 231.37179565429688 536.2780685424805 310.00840759277344 464.1944274902344 310.00840759277344
463.46295166015625 231.5532684326172 535.3831634521484 231.5532684326172 535.3831634521484 310.0115966796875 463.46295166015625 310.0115966796875
455.86346435546875 231.793212890625 528.6032943725586 231.793212890625 528.6032943725586 311.14566802978516 455.86346435546875 311.14566802978516
450.359130859375 231.05618286132812 524.6616363525391 231.05618286132812 524.6616363525391 312.1133728027344 450.359130859375 312.1133728027344
450.5909118652344 224.88961791992188 526.4723968505859 224.88961791992188 526.4723968505859 307.66932678222656 450.5909118652344 307.66932678222656
447.94091796875 225.02114868164062 525.902458190918 225.02114868164062 525.902458190918 310.0699996948242 447.94091796875 310.0699996948242
447.02197265625 226.0338134765625 526.1939315795898 226.0338134765625 526.1939315795898 312.4031219482422 447.02197265625 312.4031219482422
443.48480224609375 225.41860961914062 524.640754699707 225.41860961914062 524.640754699707 313.9522705078125 443.48480224609375 313.9522705078125
441.8560485839844 224.1709442138672 524.2203521728516 224.1709442138672 524.2203521728516 314.02281188964844 441.8560485839844 314.02281188964844
437.29937744140625 223.6707763671875 521.9909362792969 223.6707763671875 521.9909362792969 316.0614700317383 437.29937744140625 316.0614700317383
436.41815185546875 222.48544311523438 521.2704620361328 222.48544311523438 521.2704620361328 315.05149841308594 436.41815185546875 315.05149841308594
435.16204833984375 220.64306640625 519.0103759765625 220.64306640625 519.0103759765625 312.1138687133789 435.16204833984375 312.1138687133789
436.0674743652344 224.68728637695312 519.8947906494141 224.68728637695312 519.8947906494141 314.74192810058594 436.0674743652344 314.74192810058594
433.8807067871094 226.55361938476562 517.6311492919922 226.55361938476562 517.6311492919922 316.5757293701172 433.8807067871094 316.5757293701172
437.9761657714844 220.6002655029297 520.3596496582031 220.6002655029297 520.3596496582031 310.4730529785156 437.9761657714844 310.4730529785156
437.55352783203125 227.87210083007812 517.3550033569336 227.87210083007812 517.3550033569336 316.59996032714844 437.55352783203125 316.59996032714844
441.2857971191406 232.4915771484375 517.2583694458008 232.4915771484375 517.2583694458008 320.87093353271484 441.2857971191406 320.87093353271484
446.0950622558594 231.24740600585938 517.3029708862305 231.24740600585938 517.3029708862305 323.47054290771484 446.0950622558594 323.47054290771484
447.22802734375 228.8206787109375 517.9482574462891 228.8206787109375 517.9482574462891 322.7216262817383 447.22802734375 322.7216262817383
447.83819580078125 228.75772094726562 517.9764709472656 228.75772094726562 517.9764709472656 323.0971984863281 447.83819580078125 323.0971984863281
447.9383239746094 229.45278930664062 517.2046966552734 229.45278930664062 517.2046966552734 322.03089904785156 447.9383239746094 322.03089904785156
447.94195556640625 229.37301635742188 514.5953826904297 229.37301635742188 514.5953826904297 323.9571838378906 447.94195556640625 323.9571838378906
442.25860595703125 228.44625854492188 512.1826934814453 228.44625854492188 512.1826934814453 316.4832229614258 442.25860595703125 316.4832229614258
445.34906005859375 231.1416473388672 512.1428833007812 231.1416473388672 512.1428833007812 320.83567810058594 445.34906005859375 320.83567810058594
444.3099060058594 229.2042999267578 511.5893783569336 229.2042999267578 511.5893783569336 317.2360305786133 444.3099060058594 317.2360305786133
441.44427490234375 228.3590850830078 509.66284942626953 228.3590850830078 509.66284942626953 314.11976623535156 441.44427490234375 314.11976623535156
443.185302734375 229.23001098632812 509.26590728759766 229.23001098632812 509.26590728759766 316.2038269042969 443.185302734375 316.2038269042969
442.79180908203125 230.1084747314453 506.3647766113281 230.1084747314453 506.3647766113281 315.5963592529297 442.79180908203125 315.5963592529297
440.3816833496094 231.0276641845703 505.90543365478516 231.0276641845703 505.90543365478516 314.5596618652344 440.3816833496094 314.5596618652344
435.37774658203125 231.9720458984375 503.35562896728516 231.9720458984375 503.35562896728516 310.5695037841797 435.37774658203125 310.5695037841797
434.0957946777344 230.0819091796875 504.0636978149414 230.0819091796875 504.0636978149414 306.4104461669922 434.0957946777344 306.4104461669922
433.08221435546875 233.187255859375 503.1497573852539 233.187255859375 503.1497573852539 309.6244888305664 433.08221435546875 309.6244888305664
430.36651611328125 231.2345428466797 500.6835708618164 231.2345428466797 500.6835708618164 307.9439697265625 430.36651611328125 307.9439697265625
428.09539794921875 232.46554565429688 498.76429748535156 232.46554565429688 498.76429748535156 309.5588073730469 428.09539794921875 309.5588073730469
427.31658935546875 232.1341552734375 498.3371124267578 232.1341552734375 498.3371124267578 309.6110076904297 427.31658935546875 309.6110076904297
426.6673278808594 229.0001983642578 497.5762023925781 229.0001983642578 497.5762023925781 306.3552551269531 426.6673278808594 306.3552551269531
425.28057861328125 227.0190887451172 497.10496520996094 227.0190887451172 497.10496520996094 305.37288665771484 425.28057861328125 305.37288665771484
423.022216796875 226.9622802734375 495.0524444580078 226.9622802734375 495.0524444580078 305.54063415527344 423.022216796875 305.54063415527344
421.311279296875 227.2450714111328 493.9698715209961 227.2450714111328 493.9698715209961 306.5089111328125 421.311279296875 306.5089111328125
415.01690673828125 227.9378204345703 489.3885955810547 227.9378204345703 489.3885955810547 309.07049560546875 415.01690673828125 309.07049560546875
413.74774169921875 223.9234619140625 488.8212432861328 223.9234619140625 488.8212432861328 305.82173919677734 413.74774169921875 305.82173919677734
415.61737060546875 223.2906951904297 492.1003875732422 223.2906951904297 492.1003875732422 306.72662353515625 415.61737060546875 306.72662353515625
414.7818298339844 219.72134399414062 491.1554641723633 219.72134399414062 491.1554641723633 303.03794860839844 414.7818298339844 303.03794860839844
413.64166259765625 217.6363525390625 491.6764907836914 217.6363525390625 491.6764907836914 302.7651596069336 413.64166259765625 302.7651596069336
411.19671630859375 218.4478302001953 490.9371566772461 218.4478302001953 490.9371566772461 305.4373016357422 411.19671630859375 305.4373016357422
410.18719482421875 222.63192749023438 490.35680389404297 222.63192749023438 490.35680389404297 310.08958435058594 410.18719482421875 310.08958435058594
406.3497619628906 221.6438751220703 487.5791244506836 221.6438751220703 487.5791244506836 310.2576217651367 406.3497619628906 310.2576217651367
405.5688781738281 220.27743530273438 488.12683868408203 220.27743530273438 488.12683868408203 310.3405532836914 405.5688781738281 310.3405532836914
406.076171875 217.48291015625 490.06407165527344 217.48291015625 490.06407165527344 309.10596466064453 406.076171875 309.10596466064453
406.57818603515625 216.6244354248047 490.5179443359375 216.6244354248047 490.5179443359375 308.1949768066406 406.57818603515625 308.1949768066406
405.79669189453125 221.6197509765625 488.6891098022461 221.6197509765625 488.6891098022461 312.04774475097656 405.79669189453125 312.04774475097656
405.451416015625 222.4673614501953 488.68274688720703 222.4673614501953 488.68274688720703 313.2054138183594 405.451416015625 313.2054138183594
405.79510498046875 220.6267547607422 489.2248764038086 220.6267547607422 489.2248764038086 312.55406188964844 405.79510498046875 312.55406188964844
407.86212158203125 223.92257690429688 488.42237091064453 223.92257690429688 488.42237091064453 314.2313003540039 407.86212158203125 314.2313003540039
410.14263916015625 221.3138885498047 490.55973052978516 221.3138885498047 490.55973052978516 313.11767578125 410.14263916015625 313.11767578125
409.66357421875 226.63601684570312 488.2181854248047 226.63601684570312 488.2181854248047 317.65599060058594 409.66357421875 317.65599060058594
411.11767578125 230.5348358154297 486.48655700683594 230.5348358154297 486.48655700683594 321.1161346435547 411.11767578125 321.1161346435547
411.9596252441406 229.1696319580078 487.7361297607422 229.1696319580078 487.7361297607422 317.7062530517578 411.9596252441406 317.7062530517578
411.54034423828125 228.38662719726562 488.4129180908203 228.38662719726562 488.4129180908203 312.2475128173828 411.54034423828125 312.2475128173828
414.48236083984375 229.4692840576172 490.18090057373047 229.4692840576172 490.18090057373047 312.0494079589844 414.48236083984375 312.0494079589844
415.2008361816406 230.66506958007812 487.96593475341797 230.66506958007812 487.96593475341797 310.0450897216797 415.2008361816406 310.0450897216797
414.16583251953125 232.1567840576172 486.34783935546875 232.1567840576172 486.34783935546875 310.9007034301758 414.16583251953125 310.9007034301758
414.203857421875 233.5262451171875 486.54539489746094 233.5262451171875 486.54539489746094 312.44419860839844 414.203857421875 312.44419860839844
411.951171875 232.033203125 484.9714584350586 232.033203125 484.9714584350586 311.69161224365234 411.951171875 311.69161224365234
413.186767578125 228.7015838623047 485.07421875 228.7015838623047 485.07421875 307.1241760253906 413.186767578125 307.1241760253906
415.16143798828125 228.877197265625 487.07820892333984 228.877197265625 487.07820892333984 307.33177185058594 415.16143798828125 307.33177185058594
413.9503479003906 228.1678009033203 487.0151672363281 228.1678009033203 487.0151672363281 307.8747863769531 413.9503479003906 307.8747863769531
412.81024169921875 229.8052520751953 485.85704803466797 229.8052520751953 485.85704803466797 309.4925842285156 412.81024169921875 309.4925842285156
414.36016845703125 228.996826171875 486.3899154663086 228.996826171875 486.3899154663086 307.57464599609375 414.36016845703125 307.57464599609375
415.0111389160156 231.4387969970703 486.02235412597656 231.4387969970703 486.02235412597656 308.90550231933594 415.0111389160156 308.90550231933594
413.7186584472656 231.7752227783203 485.2710723876953 231.7752227783203 485.2710723876953 309.8323211669922 413.7186584472656 309.8323211669922
413.080810546875 234.17343139648438 484.202392578125 234.17343139648438 484.202392578125 311.7605285644531 413.080810546875 311.7605285644531
410.17547607421875 232.787353515625 481.5052261352539 232.787353515625 481.5052261352539 310.60154724121094 410.17547607421875 310.60154724121094
409.1427917480469 233.193603515625 480.6736526489258 233.193603515625 480.6736526489258 311.22718811035156 409.1427917480469 311.22718811035156
407.2519226074219 231.9024658203125 479.4906692504883 231.9024658203125 479.4906692504883 310.70829010009766 407.2519226074219 310.70829010009766
403.7027587890625 230.02993774414062 477.3616180419922 230.02993774414062 477.3616180419922 310.38497161865234 403.7027587890625 310.38497161865234
402.76531982421875 224.7400360107422 476.49134826660156 224.7400360107422 476.49134826660156 305.1683349609375 402.76531982421875 305.1683349609375
401.910400390625 224.4687042236328 474.0061798095703 224.4687042236328 474.0061798095703 304.2072448730469 401.910400390625 304.2072448730469
404.6355895996094 227.745361328125 471.15028381347656 227.745361328125 471.15028381347656 308.2712173461914 404.6355895996094 308.2712173461914
409.010498046875 229.4423065185547 470.4638900756836 229.4423065185547 470.4638900756836 312.244384765625 409.010498046875 312.244384765625
413.3456115722656 229.64450073242188 473.05034255981445 229.64450073242188 473.05034255981445 314.8573760986328 413.3456115722656 314.8573760986328
414.1695251464844 228.1549835205078 474.2444763183594 228.1549835205078 474.2444763183594 314.7335510253906 414.1695251464844 314.7335510253906
409.5289611816406 233.040771484375 474.6744842529297 233.040771484375 474.6744842529297 313.76373291015625 409.5289611816406 313.76373291015625
405.406494140625 231.6245880126953 473.08905029296875 231.6245880126953 473.08905029296875 309.226806640625 405.406494140625 309.226806640625
406.91864013671875 235.1739044189453 471.88914489746094 235.1739044189453 471.88914489746094 312.2749328613281 406.91864013671875 312.2749328613281
401.86346435546875 229.75302124023438 469.7266082763672 229.75302124023438 469.7266082763672 303.78546142578125 401.86346435546875 303.78546142578125
403.0151062011719 230.709716796875 469.815673828125 230.709716796875 469.815673828125 303.98429107666016 403.0151062011719 303.98429107666016
403.0208435058594 234.7445068359375 468.9444046020508 234.7445068359375 468.9444046020508 305.62354278564453 403.0208435058594 305.62354278564453
399.47161865234375 235.42843627929688 466.16287994384766 235.42843627929688 466.16287994384766 304.67948150634766 399.47161865234375 304.67948150634766
402.8822326660156 231.926025390625 468.2814407348633 231.926025390625 468.2814407348633 302.05645751953125 402.8822326660156 302.05645751953125
398.67767333984375 237.4796600341797 465.856201171875 237.4796600341797 465.856201171875 304.478271484375 398.67767333984375 304.478271484375
400.487548828125 233.39132690429688 465.23465728759766 233.39132690429688 465.23465728759766 302.1239776611328 400.487548828125 302.1239776611328
399.7366943359375 236.03402709960938 464.7824935913086 236.03402709960938 464.7824935913086 303.8052215576172 399.7366943359375 303.8052215576172
400.12164306640625 236.4302520751953 464.6444396972656 236.4302520751953 464.6444396972656 303.1859664916992 400.12164306640625 303.1859664916992
401.367431640625 236.87948608398438 464.3866882324219 236.87948608398438 464.3866882324219 302.1075897216797 401.367431640625 302.1075897216797
402.7970886230469 238.1397705078125 464.20013427734375 238.1397705078125 464.20013427734375 302.7528381347656 402.7970886230469 302.7528381347656
403.9002990722656 236.95608520507812 463.3245429992676 236.95608520507812 463.3245429992676 302.9546203613281 403.9002990722656 302.9546203613281
405.96844482421875 237.679931640625 459.86746978759766 237.679931640625 459.86746978759766 305.2721252441406 405.96844482421875 305.2721252441406
409.7374572753906 237.027099609375 462.8347969055176 237.027099609375 462.8347969055176 304.1790313720703 409.7374572753906 304.1790313720703
409.60125732421875 240.0931854248047 460.8648910522461 240.0931854248047 460.8648910522461 309.7801208496094 409.60125732421875 309.7801208496094
402.5585632324219 237.67721557617188 457.88680267333984 237.67721557617188 457.88680267333984 306.91624450683594 402.5585632324219 306.91624450683594
396.87127685546875 237.63571166992188 456.9275016784668 237.63571166992188 456.9275016784668 303.1515350341797 396.87127685546875 303.1515350341797
392.4900207519531 235.99899291992188 450.7616958618164 235.99899291992188 450.7616958618164 299.5680351257324 392.4900207519531 299.5680351257324
394.517578125 238.20333862304688 451.66397857666016 238.20333862304688 451.66397857666016 302.3711471557617 394.517578125 302.3711471557617
388.0799865722656 234.2094268798828 447.2785110473633 234.2094268798828 447.2785110473633 298.7895812988281 388.0799865722656 298.7895812988281
386.106689453125 235.4807891845703 444.75639724731445 235.4807891845703 444.75639724731445 299.4622344970703 386.106689453125 299.4622344970703
381.8072509765625 234.19424438476562 439.8035354614258 234.19424438476562 439.8035354614258 297.4628677368164 381.8072509765625 297.4628677368164
380.76873779296875 233.1981658935547 438.4629211425781 233.1981658935547 438.4629211425781 296.13722229003906 380.76873779296875 296.13722229003906
376.58349609375 233.73471069335938 434.6997871398926 233.73471069335938 434.6997871398926 297.1342468261719 376.58349609375 297.1342468261719
380.67193603515625 233.97348022460938 436.68171310424805 233.97348022460938 436.68171310424805 301.2220458984375 380.67193603515625 301.2220458984375
380.65313720703125 236.31430053710938 435.99019622802734 236.31430053710938 435.99019622802734 301.8525695800781 380.65313720703125 301.8525695800781
376.2094421386719 233.7710418701172 432.4452934265137 233.7710418701172 432.4452934265137 299.00342559814453 376.2094421386719 299.00342559814453
375.03167724609375 231.6925811767578 430.7072868347168 231.6925811767578 430.7072868347168 299.1041259765625 375.03167724609375 299.1041259765625
377.6077575683594 238.89639282226562 429.1653938293457 238.89639282226562 429.1653938293457 304.02342987060547 377.6077575683594 304.02342987060547
375.65789794921875 236.03427124023438 427.24503326416016 236.03427124023438 427.24503326416016 302.8002243041992 375.65789794921875 302.8002243041992
371.26458740234375 234.34835815429688 425.720947265625 234.34835815429688 425.720947265625 298.48091888427734 371.26458740234375 298.48091888427734
371.2717590332031 240.79434204101562 424.0129089355469 240.79434204101562 424.0129089355469 301.6448059082031 371.2717590332031 301.6448059082031
370.2475891113281 243.3573760986328 421.91312408447266 243.3573760986328 421.91312408447266 303.77062606811523 370.2475891113281 303.77062606811523
371.0539245605469 239.6377410888672 422.09718322753906 239.6377410888672 422.09718322753906 302.2973289489746 371.0539245605469 302.2973289489746
366.0506591796875 243.58544921875 417.2938423156738 243.58544921875 417.2938423156738 303.6759033203125 366.0506591796875 303.6759033203125
365.2839050292969 244.0101776123047 415.87830352783203 244.0101776123047 415.87830352783203 303.85964584350586 365.2839050292969 303.85964584350586
364.61505126953125 243.0267791748047 414.8374252319336 243.0267791748047 414.8374252319336 304.2259178161621 364.61505126953125 304.2259178161621
364.29351806640625 240.4547119140625 414.1554298400879 240.4547119140625 414.1554298400879 305.21553802490234 364.29351806640625 305.21553802490234
362.45166015625 241.194580078125 412.85311126708984 241.194580078125 412.85311126708984 305.7797546386719 362.45166015625 305.7797546386719
359.4896545410156 239.1461181640625 412.1092529296875 239.1461181640625 412.1092529296875 306.1753692626953 359.4896545410156 306.1753692626953
359.8843688964844 240.0653533935547 411.49752044677734 240.0653533935547 411.49752044677734 308.18115997314453 359.8843688964844 308.18115997314453
352.1056213378906 240.42471313476562 407.6736869812012 240.42471313476562 407.6736869812012 303.7674026489258 352.1056213378906 303.7674026489258
351.65142822265625 238.64395141601562 406.4747314453125 238.64395141601562 406.4747314453125 305.4131774902344 351.65142822265625 305.4131774902344
351.0063781738281 238.75650024414062 406.78441619873047 238.75650024414062 406.78441619873047 305.7056198120117 351.0063781738281 305.7056198120117
348.51324462890625 239.73147583007812 406.2146186828613 239.73147583007812 406.2146186828613 305.4231643676758 348.51324462890625 305.4231643676758
352.3670959472656 237.0954132080078 406.5051383972168 237.0954132080078 406.5051383972168 308.6019287109375 352.3670959472656 308.6019287109375
350.8052673339844 237.74588012695312 405.80443572998047 237.74588012695312 405.80443572998047 308.9838333129883 350.8052673339844 308.9838333129883
350.9678649902344 238.215576171875 404.0855407714844 238.215576171875 404.0855407714844 307.9820861816406 350.9678649902344 307.9820861816406
352.3082580566406 239.26834106445312 404.37446212768555 239.26834106445312 404.37446212768555 307.9210205078125 352.3082580566406 307.9210205078125
353.7315673828125 239.8291473388672 406.26622772216797 239.8291473388672 406.26622772216797 309.23453521728516 353.7315673828125 309.23453521728516
352.0450439453125 242.8575439453125 404.3643798828125 242.8575439453125 404.3643798828125 308.4426727294922 352.0450439453125 308.4426727294922
349.47198486328125 241.89761352539062 403.2808151245117 241.89761352539062 403.2808151245117 307.18658447265625 349.47198486328125 307.18658447265625
346.0637512207031 243.9955596923828 400.12622833251953 243.9955596923828 400.12622833251953 308.0989303588867 346.0637512207031 308.0989303588867
344.07501220703125 243.8972930908203 399.2723388671875 243.8972930908203 399.2723388671875 306.3132095336914 344.07501220703125 306.3132095336914
340.6623840332031 244.3036651611328 394.1578063964844 244.3036651611328 394.1578063964844 305.6379928588867 340.6623840332031 305.6379928588867
337.7890319824219 242.375 393.42853927612305 242.375 393.42853927612305 303.5292282104492 337.7890319824219 303.5292282104492
334.7466735839844 242.34292602539062 390.61773681640625 242.34292602539062 390.61773681640625 301.4938659667969 334.7466735839844 301.4938659667969
333.1653747558594 241.0513916015625 391.4219436645508 241.0513916015625 391.4219436645508 300.5399971008301 333.1653747558594 300.5399971008301
332.8844299316406 239.36721801757812 390.5228805541992 239.36721801757812 390.5228805541992 300.3958930969238 332.8844299316406 300.3958930969238
332.57427978515625 239.1336212158203 389.95917892456055 239.1336212158203 389.95917892456055 300.85633087158203 332.57427978515625 300.85633087158203
332.20916748046875 237.15664672851562 392.1847152709961 237.15664672851562 392.1847152709961 301.95045471191406 332.20916748046875 301.95045471191406
331.9795227050781 239.5396728515625 389.0261917114258 239.5396728515625 389.0261917114258 301.55889892578125 331.9795227050781 301.55889892578125
331.7646484375 239.85693359375 388.6589546203613 239.85693359375 388.6589546203613 301.6567573547363 331.7646484375 301.6567573547363
331.3757629394531 240.68569946289062 387.6899604797363 240.68569946289062 387.6899604797363 302.6713066101074 331.3757629394531 302.6713066101074
332.27069091796875 241.7012176513672 387.74528884887695 241.7012176513672 387.74528884887695 304.089054107666 332.27069091796875 304.089054107666
332.7779541015625 243.8306427001953 386.6680793762207 243.8306427001953 386.6680793762207 305.7598533630371 332.7779541015625 305.7598533630371
335.0244445800781 241.1029052734375 389.3687324523926 241.1029052734375 389.3687324523926 307.2269058227539 335.0244445800781 307.2269058227539
335.52838134765625 241.2613525390625 388.4635696411133 241.2613525390625 388.4635696411133 306.7452163696289 335.52838134765625 306.7452163696289
336.2538146972656 237.6600341796875 387.8648796081543 237.6600341796875 387.8648796081543 306.81275939941406 336.2538146972656 306.81275939941406
334.5958557128906 234.5189208984375 385.55001068115234 234.5189208984375 385.55001068115234 306.94297790527344 334.5958557128906 306.94297790527344
333.986328125 233.1687469482422 383.5387954711914 233.1687469482422 383.5387954711914 307.8837890625 333.986328125 307.8837890625
331.5989685058594 232.99002075195312 381.5677680969238 232.99002075195312 381.5677680969238 307.5916442871094 331.5989685058594 307.5916442871094
328.41546630859375 232.0677032470703 379.49906158447266 232.0677032470703 379.49906158447266 308.0866012573242 328.41546630859375 308.0866012573242
308.95989990234375 232.4933624267578 370.1569709777832 232.4933624267578 370.1569709777832 299.2537155151367 308.95989990234375 299.2537155151367
306.30328369140625 232.9490203857422 367.0190620422363 232.9490203857422 367.0190620422363 299.184326171875 306.30328369140625 299.184326171875
306.49151611328125 232.22439575195312 367.3723564147949 232.22439575195312 367.3723564147949 298.63976287841797 306.49151611328125 298.63976287841797
301.5301208496094 232.3683624267578 362.9879264831543 232.3683624267578 362.9879264831543 299.41314697265625 301.5301208496094 299.41314697265625
300.9744567871094 234.1822052001953 363.3712272644043 234.1822052001953 363.3712272644043 302.2513122558594 300.9744567871094 302.2513122558594
294.98553466796875 230.614013671875 357.3310317993164 230.614013671875 357.3310317993164 298.62718200683594 294.98553466796875 298.62718200683594
295.89605712890625 233.4995574951172 358.28350830078125 233.4995574951172 358.28350830078125 301.5584945678711 295.89605712890625 301.5584945678711
295.22564697265625 235.55801391601562 357.6763381958008 235.55801391601562 357.6763381958008 303.6859359741211 295.22564697265625 303.6859359741211
291.47784423828125 232.96603393554688 354.59820556640625 232.96603393554688 354.59820556640625 301.8244934082031 291.47784423828125 301.8244934082031
302.5727844238281 229.49063110351562 356.3226623535156 229.49063110351562 356.3226623535156 309.77296447753906 302.5727844238281 309.77296447753906
293.736572265625 226.88565063476562 351.62569427490234 226.88565063476562 351.62569427490234 304.4943084716797 293.736572265625 304.4943084716797
299.30120849609375 227.4217987060547 351.9323921203613 227.4217987060547 351.9323921203613 308.77874755859375 299.30120849609375 308.77874755859375
293.41192626953125 228.28512573242188 347.3902473449707 228.28512573242188 347.3902473449707 307.43463134765625 293.41192626953125 307.43463134765625
290.4422302246094 227.1492919921875 344.44840240478516 227.1492919921875 344.44840240478516 306.1003189086914 290.4422302246094 306.1003189086914
286.9588928222656 227.87313842773438 342.5403633117676 227.87313842773438 342.5403633117676 307.32725524902344 286.9588928222656 307.32725524902344
280.4696350097656 230.5166778564453 339.1486930847168 230.5166778564453 339.1486930847168 305.4928207397461 280.4696350097656 305.4928207397461
270.0406188964844 229.80966186523438 331.8343315124512 229.80966186523438 331.8343315124512 301.1919708251953 270.0406188964844 301.1919708251953
266.0063781738281 232.53506469726562 329.6812324523926 232.53506469726562 329.6812324523926 301.9984436035156 266.0063781738281 301.9984436035156
262.9262390136719 230.3632049560547 327.6625442504883 230.3632049560547 327.6625442504883 300.9845275878906 262.9262390136719 300.9845275878906
257.645263671875 231.67605590820312 323.37034606933594 231.67605590820312 323.37034606933594 303.3760452270508 257.645263671875 303.3760452270508
253.858642578125 231.6885528564453 321.071533203125 231.6885528564453 321.071533203125 305.0115966796875 253.858642578125 305.0115966796875
245.31802368164062 229.00906372070312 314.6508026123047 229.00906372070312 314.6508026123047 304.6447219848633 245.31802368164062 304.6447219848633
245.56619262695312 228.6917266845703 313.49659729003906 228.6917266845703 313.49659729003906 306.38866424560547 245.56619262695312 306.38866424560547
245.2639617919922 229.880859375 313.7498474121094 229.880859375 313.7498474121094 306.02303314208984 245.2639617919922 306.02303314208984
244.908935546875 228.80148315429688 313.2654800415039 228.80148315429688 313.2654800415039 307.0789566040039 244.908935546875 307.0789566040039
246.52584838867188 228.2472686767578 314.38824462890625 228.2472686767578 314.38824462890625 308.9113464355469 246.52584838867188 308.9113464355469
248.4906768798828 227.48233032226562 314.6107711791992 227.48233032226562 314.6107711791992 308.3020477294922 248.4906768798828 308.3020477294922
247.1603546142578 229.3466796875 313.9310989379883 229.3466796875 313.9310989379883 308.3726043701172 247.1603546142578 308.3726043701172
249.1584930419922 227.988037109375 313.01159286499023 227.988037109375 313.01159286499023 308.9530258178711 249.1584930419922 308.9530258178711
247.1288299560547 228.98818969726562 311.8750534057617 228.98818969726562 311.8750534057617 307.6277618408203 247.1288299560547 307.6277618408203
251.3579559326172 230.9281768798828 313.15038681030273 230.9281768798828 313.15038681030273 309.50875091552734 251.3579559326172 309.50875091552734
249.24942016601562 231.6788330078125 310.128173828125 231.6788330078125 310.128173828125 308.29673767089844 249.24942016601562 308.29673767089844
246.9557647705078 232.5540771484375 310.18237686157227 232.5540771484375 310.18237686157227 307.8395080566406 246.9557647705078 307.8395080566406
249.672119140625 229.4189910888672 310.1842346191406 229.4189910888672 310.1842346191406 308.6958923339844 249.672119140625 308.6958923339844
250.28536987304688 232.2787628173828 309.6424865722656 232.2787628173828 309.6424865722656 308.9117660522461 250.28536987304688 308.9117660522461
248.65890502929688 232.85110473632812 307.94405364990234 232.85110473632812 307.94405364990234 307.88846588134766 248.65890502929688 307.88846588134766
244.6566619873047 232.3330535888672 306.8071746826172 232.3330535888672 306.8071746826172 306.1939163208008 244.6566619873047 306.1939163208008
246.11453247070312 232.15914916992188 304.8912124633789 232.15914916992188 304.8912124633789 306.8891143798828 246.11453247070312 306.8891143798828
246.6463165283203 232.96835327148438 306.2720260620117 232.96835327148438 306.2720260620117 307.5945510864258 246.6463165283203 307.5945510864258
247.8896484375 233.19625854492188 304.81237030029297 233.19625854492188 304.81237030029297 308.1560974121094 247.8896484375 308.1560974121094
246.166748046875 234.33090209960938 304.02611541748047 234.33090209960938 304.02611541748047 307.26039123535156 246.166748046875 307.26039123535156
245.90420532226562 234.024658203125 301.7837219238281 234.024658203125 301.7837219238281 306.9389419555664 245.90420532226562 306.9389419555664
244.95016479492188 233.67349243164062 299.8073959350586 233.67349243164062 299.8073959350586 306.59190368652344 244.95016479492188 306.59190368652344
244.605224609375 233.4404296875 298.50428009033203 233.4404296875 298.50428009033203 306.59362030029297 244.605224609375 306.59362030029297
243.91629028320312 233.0111083984375 297.6485290527344 233.0111083984375 297.6485290527344 306.0375442504883 243.91629028320312 306.0375442504883
243.3849639892578 235.4180908203125 295.66153717041016 235.4180908203125 295.66153717041016 305.2816619873047 243.3849639892578 305.2816619873047
242.9180450439453 232.2551727294922 294.9073944091797 232.2551727294922 294.9073944091797 304.8626403808594 242.9180450439453 304.8626403808594
238.42135620117188 233.1065216064453 291.10884857177734 233.1065216064453 291.10884857177734 303.6360092163086 238.42135620117188 303.6360092163086
237.2087860107422 232.5963897705078 288.75667572021484 232.5963897705078 288.75667572021484 302.9205322265625 237.2087860107422 302.9205322265625
233.96554565429688 234.8187713623047 285.3551025390625 234.8187713623047 285.3551025390625 302.0120544433594 233.96554565429688 302.0120544433594
232.80984497070312 238.1046142578125 284.8910446166992 238.1046142578125 284.8910446166992 305.0040054321289 232.80984497070312 305.0040054321289
231.9552459716797 237.3197784423828 283.1100387573242 237.3197784423828 283.1100387573242 305.61024475097656 231.9552459716797 305.61024475097656
228.9355926513672 237.30224609375 281.6104507446289 237.30224609375 281.6104507446289 307.96121978759766 228.9355926513672 307.96121978759766
222.8384552001953 236.2388153076172 276.8789596557617 236.2388153076172 276.8789596557617 306.5662307739258 222.8384552001953 306.5662307739258
216.7355499267578 232.97335815429688 273.54447174072266 232.97335815429688 273.54447174072266 304.0814514160156 216.7355499267578 304.0814514160156
214.16629028320312 233.2242889404297 271.6940612792969 233.2242889404297 271.6940612792969 305.15816497802734 214.16629028320312 305.15816497802734
213.07711791992188 234.55410766601562 271.0252685546875 234.55410766601562 271.0252685546875 305.9812240600586 213.07711791992188 305.9812240600586
212.0697021484375 233.4322052001953 269.0649223327637 233.4322052001953 269.0649223327637 306.4862747192383 212.0697021484375 306.4862747192383
210.3264923095703 234.5045928955078 267.43270111083984 234.5045928955078 267.43270111083984 306.25628662109375 210.3264923095703 306.25628662109375
212.010009765625 233.8866729736328 269.17334747314453 233.8866729736328 269.17334747314453 306.31573486328125 212.010009765625 306.31573486328125
209.16452026367188 234.72622680664062 265.18500900268555 234.72622680664062 265.18500900268555 306.82852935791016 209.16452026367188 306.82852935791016
206.55239868164062 234.306640625 261.4269332885742 234.306640625 261.4269332885742 305.89754486083984 206.55239868164062 305.89754486083984
206.43795776367188 235.9482879638672 259.6466865539551 235.9482879638672 259.6466865539551 306.28289794921875 206.43795776367188 306.28289794921875
202.66177368164062 236.96078491210938 255.45186233520508 236.96078491210938 255.45186233520508 305.14200592041016 202.66177368164062 305.14200592041016
203.01824951171875 236.57247924804688 255.2579460144043 236.57247924804688 255.2579460144043 305.6504669189453 203.01824951171875 305.6504669189453
203.32769775390625 236.0560760498047 254.54944610595703 236.0560760498047 254.54944610595703 305.3887939453125 203.32769775390625 305.3887939453125
197.0128173828125 238.0840301513672 250.0405158996582 238.0840301513672 250.0405158996582 304.84300994873047 197.0128173828125 304.84300994873047
193.22296142578125 236.70822143554688 247.37968063354492 236.70822143554688 247.37968063354492 305.18907165527344 193.22296142578125 305.18907165527344
193.0213165283203 241.52365112304688 246.89797592163086 241.52365112304688 246.89797592163086 306.94571685791016 193.0213165283203 306.94571685791016
182.3487548828125 234.1330108642578 240.56605911254883 234.1330108642578 240.56605911254883 303.8746566772461 182.3487548828125 303.8746566772461
187.10308837890625 241.37191772460938 241.38705444335938 241.37191772460938 241.38705444335938 306.9956970214844 187.10308837890625 306.9956970214844
183.40579223632812 240.76388549804688 239.11366653442383 240.76388549804688 239.11366653442383 307.83130645751953 183.40579223632812 307.83130645751953
179.6943359375 237.2285614013672 235.5943603515625 237.2285614013672 235.5943603515625 307.76793670654297 179.6943359375 307.76793670654297
178.231201171875 236.69046020507812 233.7128677368164 236.69046020507812 233.7128677368164 307.93894958496094 178.231201171875 307.93894958496094
177.58966064453125 237.331298828125 232.04343795776367 237.331298828125 232.04343795776367 308.446044921875 177.58966064453125 308.446044921875
172.67361450195312 235.7471466064453 227.29117965698242 235.7471466064453 227.29117965698242 305.77239990234375 172.67361450195312 305.77239990234375
165.77798461914062 233.0355224609375 221.43744659423828 233.0355224609375 221.43744659423828 303.89036560058594 165.77798461914062 303.89036560058594
165.9506378173828 234.0297393798828 221.5183448791504 234.0297393798828 221.5183448791504 303.46053314208984 165.9506378173828 303.46053314208984
157.2244110107422 236.04458618164062 215.2978744506836 236.04458618164062 215.2978744506836 302.9906921386719 157.2244110107422 302.9906921386719
156.80972290039062 237.0417022705078 214.20302200317383 237.0417022705078 214.20302200317383 303.07852935791016 156.80972290039062 303.07852935791016
151.80670166015625 236.38418579101562 211.29317474365234 236.38418579101562 211.29317474365234 304.52159118652344 151.80670166015625 304.52159118652344
145.9018096923828 235.5177459716797 205.17823791503906 235.5177459716797 205.17823791503906 304.37186431884766 145.9018096923828 304.37186431884766
140.40658569335938 234.7542266845703 200.26152420043945 234.7542266845703 200.26152420043945 303.79569244384766 140.40658569335938 303.79569244384766
135.47227478027344 234.2541961669922 195.06070709228516 234.2541961669922 195.06070709228516 302.98731994628906 135.47227478027344 302.98731994628906
131.86122131347656 236.569580078125 190.02944564819336 236.569580078125 190.02944564819336 302.80057525634766 131.86122131347656 302.80057525634766
124.6881332397461 233.8643798828125 183.9134635925293 233.8643798828125 183.9134635925293 300.9150619506836 124.6881332397461 300.9150619506836
119.45753479003906 235.5430145263672 179.19464874267578 235.5430145263672 179.19464874267578 301.1114959716797 119.45753479003906 301.1114959716797
119.29133605957031 237.508544921875 178.31750869750977 237.508544921875 178.31750869750977 301.4006462097168 119.29133605957031 301.4006462097168
118.51322174072266 236.42483520507812 179.44976806640625 236.42483520507812 179.44976806640625 301.16663360595703 118.51322174072266 301.16663360595703
118.43174743652344 239.68759155273438 179.19510650634766 239.68759155273438 179.19510650634766 302.7370185852051 118.43174743652344 302.7370185852051
105.1948013305664 237.91494750976562 167.79312896728516 237.91494750976562 167.79312896728516 306.20396423339844 105.1948013305664 306.20396423339844
112.59388732910156 241.0081024169922 174.69094467163086 241.0081024169922 174.69094467163086 307.03653717041016 112.59388732910156 307.03653717041016
118.0238037109375 241.41470336914062 180.05233764648438 241.41470336914062 180.05233764648438 307.87662506103516 118.0238037109375 307.87662506103516
123.1043930053711 241.218017578125 185.72454833984375 241.218017578125 185.72454833984375 307.9475555419922 123.1043930053711 307.9475555419922
138.27420043945312 246.0460205078125 201.237548828125 246.0460205078125 201.237548828125 311.037109375 138.27420043945312 311.037109375
133.80712890625 241.2415008544922 197.50772857666016 241.2415008544922 197.50772857666016 308.4590759277344 133.80712890625 308.4590759277344
134.29666137695312 242.4089813232422 197.59108352661133 242.4089813232422 197.59108352661133 308.92185974121094 134.29666137695312 308.92185974121094
139.52975463867188 245.47946166992188 202.0294303894043 245.47946166992188 202.0294303894043 309.5665588378906 139.52975463867188 309.5665588378906
145.9110107421875 247.359619140625 207.04193115234375 247.359619140625 207.04193115234375 311.1387939453125 145.9110107421875 311.1387939453125
149.03927612304688 250.36709594726562 210.50645065307617 250.36709594726562 210.50645065307617 313.07421112060547 149.03927612304688 313.07421112060547
142.73240661621094 247.4437713623047 205.1451072692871 247.4437713623047 205.1451072692871 310.15660095214844 142.73240661621094 310.15660095214844
138.65927124023438 244.4026641845703 200.2347640991211 244.4026641845703 200.2347640991211 308.74072265625 138.65927124023438 308.74072265625
139.8383331298828 243.584716796875 202.44501495361328 243.584716796875 202.44501495361328 308.24705505371094 139.8383331298828 308.24705505371094
135.00473022460938 244.45089721679688 200.2151641845703 244.45089721679688 200.2151641845703 307.2125549316406 135.00473022460938 307.2125549316406
133.4269256591797 245.60836791992188 196.38260650634766 245.60836791992188 196.38260650634766 306.7856140136719 133.4269256591797 306.7856140136719
128.4866180419922 245.38235473632812 191.57868194580078 245.38235473632812 191.57868194580078 305.3200874328613 128.4866180419922 305.3200874328613
126.28804779052734 245.6156463623047 189.78190231323242 245.6156463623047 189.78190231323242 305.5684585571289 126.28804779052734 305.5684585571289
123.15582275390625 246.1164093017578 185.8882942199707 246.1164093017578 185.8882942199707 304.995906829834 123.15582275390625 304.995906829834
120.2651138305664 245.6217803955078 182.0248908996582 245.6217803955078 182.0248908996582 304.2415199279785 120.2651138305664 304.2415199279785
118.11234283447266 245.46206665039062 179.14333724975586 245.46206665039062 179.14333724975586 303.21424102783203 118.11234283447266 303.21424102783203
116.90230560302734 246.2374725341797 179.04331970214844 246.2374725341797 179.04331970214844 304.41946029663086 116.90230560302734 304.41946029663086
116.70817565917969 246.23788452148438 177.61086654663086 246.23788452148438 177.61086654663086 303.5248222351074 116.70817565917969 303.5248222351074
115.3998794555664 247.2324676513672 175.17866897583008 247.2324676513672 175.17866897583008 303.23194122314453 115.3998794555664 303.23194122314453
113.25340270996094 247.720703125 172.8242416381836 247.720703125 172.8242416381836 302.5108451843262 113.25340270996094 302.5108451843262
114.614990234375 248.7690887451172 174.11030960083008 248.7690887451172 174.11030960083008 302.4334182739258 114.614990234375 302.4334182739258
109.12910461425781 247.42147827148438 169.9755630493164 247.42147827148438 169.9755630493164 306.6565971374512 109.12910461425781 306.6565971374512
111.539794921875 248.7900390625 171.62807083129883 248.7900390625 171.62807083129883 304.5569076538086 111.539794921875 304.5569076538086
113.1639404296875 249.42138671875 172.67937469482422 249.42138671875 172.67937469482422 305.39850997924805 113.1639404296875 305.39850997924805
110.5721206665039 249.18881225585938 170.55181884765625 249.18881225585938 170.55181884765625 308.09624099731445 110.5721206665039 308.09624099731445
114.2396469116211 251.0266876220703 171.81418991088867 251.0266876220703 171.81418991088867 302.80994415283203 114.2396469116211 302.80994415283203
111.6540756225586 251.5378875732422 168.63650512695312 251.5378875732422 168.63650512695312 302.3489227294922 111.6540756225586 302.3489227294922
109.0748291015625 251.6352081298828 166.13436126708984 251.6352081298828 166.13436126708984 302.54528427124023 109.0748291015625 302.54528427124023
109.43791198730469 251.2410888671875 167.43680572509766 251.2410888671875 167.43680572509766 305.79886627197266 109.43791198730469 305.79886627197266
107.84223937988281 252.05361938476562 164.8465919494629 252.05361938476562 164.8465919494629 303.7260322570801 107.84223937988281 303.7260322570801
107.7240982055664 252.31381225585938 163.39688110351562 252.31381225585938 163.39688110351562 303.2293701171875 107.7240982055664 303.2293701171875
105.40373229980469 253.9766387939453 159.44366073608398 253.9766387939453 159.44366073608398 303.37389373779297 105.40373229980469 303.37389373779297
101.87449645996094 255.4436798095703 155.85633087158203 255.4436798095703 155.85633087158203 302.98856353759766 101.87449645996094 302.98856353759766
99.6270751953125 255.2880096435547 153.7499008178711 255.2880096435547 153.7499008178711 303.2545928955078 99.6270751953125 303.2545928955078
100.5261001586914 255.9659881591797 154.30917358398438 255.9659881591797 154.30917358398438 305.20149993896484 100.5261001586914 305.20149993896484
92.33087921142578 255.97305297851562 147.61868286132812 255.97305297851562 147.61868286132812 304.5947456359863 92.33087921142578 304.5947456359863
92.47636413574219 257.13275146484375 146.49243545532227 257.13275146484375 146.49243545532227 307.5465393066406 92.47636413574219 307.5465393066406
89.23583984375 259.50372314453125 143.69438934326172 259.50372314453125 143.69438934326172 309.18737030029297 89.23583984375 309.18737030029297
84.29681396484375 260.98321533203125 137.83942794799805 260.98321533203125 137.83942794799805 310.7223815917969 84.29681396484375 310.7223815917969
80.57826232910156 262.8377990722656 135.5971221923828 262.8377990722656 135.5971221923828 312.3442497253418 80.57826232910156 312.3442497253418
70.73543548583984 262.1736145019531 127.61278533935547 262.1736145019531 127.61278533935547 313.7501907348633 70.73543548583984 313.7501907348633
68.94217681884766 262.17169189453125 125.748779296875 262.17169189453125 125.748779296875 314.8854293823242 68.94217681884766 314.8854293823242
63.24055862426758 263.18353271484375 121.37609481811523 263.18353271484375 121.37609481811523 315.59200286865234 63.24055862426758 315.59200286865234
51.71992111206055 261.65399169921875 111.99819946289062 261.65399169921875 111.99819946289062 314.6432876586914 51.71992111206055 314.6432876586914
49.895233154296875 262.34100341796875 109.7903823852539 262.34100341796875 109.7903823852539 315.7730522155762 49.895233154296875 315.7730522155762
39.7939453125 265.702392578125 99.4362907409668 265.702392578125 99.4362907409668 325.3505668640137 39.7939453125 325.3505668640137
37.823211669921875 264.9532775878906 99.35834503173828 264.9532775878906 99.35834503173828 320.7518730163574 37.823211669921875 320.7518730163574
33.85620880126953 264.590576171875 96.70409774780273 264.590576171875 96.70409774780273 318.3987007141113 33.85620880126953 318.3987007141113
33.87956237792969 266.5127868652344 95.92175674438477 266.5127868652344 95.92175674438477 318.20626068115234 33.87956237792969 318.20626068115234
25.79085922241211 265.5543212890625 80.99535751342773 265.5543212890625 80.99535751342773 325.7773246765137 25.79085922241211 325.7773246765137
29.589797973632812 272.394775390625 87.79013442993164 272.394775390625 87.79013442993164 323.0365180969238 29.589797973632812 323.0365180969238
28.6107120513916 273.2681579589844 85.99090766906738 273.2681579589844 85.99090766906738 320.14385986328125 28.6107120513916 320.14385986328125
26.11746597290039 272.5599670410156 82.75346374511719 272.5599670410156 82.75346374511719 318.8965034484863 26.11746597290039 318.8965034484863
18.69451904296875 272.4205627441406 74.8484878540039 272.4205627441406 74.8484878540039 318.3557586669922 18.69451904296875 318.3557586669922
9.426223754882812 272.24359130859375 62.84734344482422 272.24359130859375 62.84734344482422 330.5210952758789 9.426223754882812 330.5210952758789
11.444402694702148 273.620849609375 71.58276176452637 273.620849609375 71.58276176452637 324.77611541748047 11.444402694702148 324.77611541748047
2.3594748973846436 273.4805603027344 58.26762843132019 273.4805603027344 58.26762843132019 331.9879035949707 2.3594748973846436 331.9879035949707
2.5722546577453613 272.6050720214844 58.32244920730591 272.6050720214844 58.32244920730591 328.2691955566406 2.5722546577453613 328.2691955566406
0.0 275.03399658203125 54.03044509887695 275.03399658203125 54.03044509887695 333.9762153625488 0.0 333.9762153625488
3.2471251487731934 275.67254638671875 58.98947286605835 275.67254638671875 58.98947286605835 329.91541290283203 3.2471251487731934 329.91541290283203
0.0 281.24285888671875 53.048919677734375 281.24285888671875 53.048919677734375 339.1143264770508 0.0 339.1143264770508
0.0 282.564697265625 51.89754104614258 282.564697265625 51.89754104614258 339.18011474609375 0.0 339.18011474609375
1.3437607288360596 285.35198974609375 57.85851979255676 285.35198974609375 57.85851979255676 335.85432052612305 1.3437607288360596 335.85432052612305
1.0296471118927002 286.76702880859375 54.633261919021606 286.76702880859375 54.633261919021606 337.48368072509766 1.0296471118927002 337.48368072509766
0.0 288.8763732910156 49.57763671875 288.8763732910156 49.57763671875 342.96097564697266 0.0 342.96097564697266
1.0581527948379517 290.78338623046875 54.58937990665436 290.78338623046875 54.58937990665436 337.5680351257324 1.0581527948379517 337.5680351257324
2.161104679107666 293.3479309082031 52.70081567764282 293.3479309082031 52.70081567764282 336.3123779296875 2.161104679107666 336.3123779296875
1.9096107482910156 295.88226318359375 51.6524772644043 295.88226318359375 51.6524772644043 337.5985298156738 1.9096107482910156 337.5985298156738
2.252196788787842 297.4875183105469 51.81561994552612 297.4875183105469 51.81561994552612 338.92420196533203 2.252196788787842 338.92420196533203
1.3335129022598267 298.426513671875 52.453405022621155 298.426513671875 52.453405022621155 339.9754295349121 1.3335129022598267 339.9754295349121
1.1330559253692627 300.9051513671875 52.078925371170044 300.9051513671875 52.078925371170044 341.9601860046387 1.1330559253692627 341.9601860046387
0.0 299.2693786621094 45.7539176940918 299.2693786621094 45.7539176940918 349.1826705932617 0.0 349.1826705932617
0.5697132349014282 301.4273986816406 48.78101694583893 301.4273986816406 48.78101694583893 341.95629501342773 0.5697132349014282 341.95629501342773
0.0 299.64227294921875 44.3584098815918 299.64227294921875 44.3584098815918 348.033203125 0.0 348.033203125
0.051129914820194244 300.0174255371094 47.66948852688074 300.0174255371094 47.66948852688074 342.8726501464844 0.051129914820194244 342.8726501464844
0.5327404141426086 300.3040771484375 46.97431832551956 300.3040771484375 46.97431832551956 344.85698318481445 0.5327404141426086 344.85698318481445
0.44209402799606323 300.027587890625 46.02021139860153 300.027587890625 46.02021139860153 345.4657669067383 0.44209402799606323 345.4657669067383
0.3662647306919098 299.21356201171875 45.22510948777199 299.21356201171875 45.22510948777199 345.7339401245117 0.3662647306919098 345.7339401245117
0.0926513671875 300.2197570800781 44.23360061645508 300.2197570800781 44.23360061645508 347.9515380859375 0.0926513671875 347.9515380859375
0.8101566433906555 298.52899169921875 45.37544518709183 298.52899169921875 45.37544518709183 346.6382751464844 0.8101566433906555 346.6382751464844
0.0 299.2923583984375 44.259361267089844 299.2923583984375 44.259361267089844 347.5752258300781 0.0 347.5752258300781
0.7095493078231812 294.6590576171875 45.51368749141693 294.6590576171875 45.51368749141693 341.04369354248047 0.7095493078231812 341.04369354248047
1.0675055980682373 291.5214538574219 46.22229838371277 291.5214538574219 46.22229838371277 339.1923027038574 1.0675055980682373 339.1923027038574
0.0 291.5225830078125 45.43114471435547 291.5225830078125 45.43114471435547 341.08375549316406 0.0 341.08375549316406
0.0 288.04986572265625 45.53022384643555 288.04986572265625 45.53022384643555 337.71912384033203 0.0 337.71912384033203
0.0 282.75567626953125 44.712440490722656 282.75567626953125 44.712440490722656 331.53281021118164 0.0 331.53281021118164
0.0 279.9696044921875 44.40131759643555 279.9696044921875 44.40131759643555 328.40733337402344 0.0 328.40733337402344
0.8304092288017273 278.71051025390625 47.52786558866501 278.71051025390625 47.52786558866501 324.0454750061035 0.8304092288017273 324.0454750061035
0.091425321996212 278.18426513671875 45.694231413304806 278.18426513671875 45.694231413304806 325.00719833374023 0.091425321996212 325.00719833374023
0.0 277.48089599609375 47.294044494628906 277.48089599609375 47.294044494628906 321.7310104370117 0.0 321.7310104370117
0.3438442349433899 276.15802001953125 45.86983376741409 276.15802001953125 45.86983376741409 320.53422927856445 0.3438442349433899 320.53422927856445
0.0 273.11785888671875 44.760292053222656 273.11785888671875 44.760292053222656 321.9471969604492 0.0 321.9471969604492
1.088371992111206 274.41937255859375 49.907753705978394 274.41937255859375 49.907753705978394 319.3134002685547 1.088371992111206 319.3134002685547
2.8400559425354004 274.6080627441406 50.855764865875244 274.6080627441406 50.855764865875244 320.6314811706543 2.8400559425354004 320.6314811706543
0.40468406677246094 271.6354064941406 46.839242935180664 271.6354064941406 46.839242935180664 321.0869026184082 0.40468406677246094 321.0869026184082
1.2783539295196533 272.08148193359375 49.250678300857544 272.08148193359375 49.250678300857544 318.38123321533203 1.2783539295196533 318.38123321533203
0.0 268.10858154296875 45.21046829223633 268.10858154296875 45.21046829223633 317.4290199279785 0.0 317.4290199279785
0.0 268.9972839355469 44.8042106628418 268.9972839355469 44.8042106628418 317.8745307922363 0.0 317.8745307922363
0.0 272.624755859375 45.63056182861328 272.624755859375 45.63056182861328 322.4034729003906 0.0 322.4034729003906
0.0 281.8221435546875 45.8218879699707 281.8221435546875 45.8218879699707 331.8095817565918 0.0 331.8095817565918
0.0 282.04840087890625 47.17336654663086 282.04840087890625 47.17336654663086 333.5101737976074 0.0 333.5101737976074
0.0 283.7384948730469 46.70378875732422 283.7384948730469 46.70378875732422 334.6879997253418 0.0 334.6879997253418
0.0 286.9844665527344 45.73268508911133 286.9844665527344 45.73268508911133 336.87458419799805 0.0 336.87458419799805
0.0 289.5099182128906 45.899436950683594 289.5099182128906 45.899436950683594 339.58194732666016 0.0 339.58194732666016
0.0 289.08441162109375 45.384056091308594 289.08441162109375 45.384056091308594 338.5942077636719 0.0 338.5942077636719
0.0 290.9319763183594 44.39452362060547 290.9319763183594 44.39452362060547 339.3622856140137 0.0 339.3622856140137
0.0 291.9878845214844 44.426780700683594 291.9878845214844 44.426780700683594 340.45338439941406 0.0 340.45338439941406
0.0 293.73956298828125 44.952537536621094 293.73956298828125 44.952537536621094 342.77861404418945 0.0 342.77861404418945
0.0 295.8258361816406 45.78984069824219 295.8258361816406 45.78984069824219 345.7783088684082 0.0 345.7783088684082
0.0 300.8348693847656 46.488128662109375 300.8348693847656 46.488128662109375 351.54911041259766 0.0 351.54911041259766
0.0 301.95654296875 46.23252487182617 301.95654296875 46.23252487182617 352.3919448852539 0.0 352.3919448852539
0.0 304.09002685546875 45.99665069580078 304.09002685546875 45.99665069580078 354.2681083679199 0.0 354.2681083679199
0.0 305.0047302246094 45.2009162902832 305.0047302246094 45.2009162902832 354.3147430419922 0.0 354.3147430419922
0.0 305.63446044921875 44.70627975463867 305.63446044921875 44.70627975463867 354.4048728942871 0.0 354.4048728942871
0.0 305.90240478515625 44.23070526123047 305.90240478515625 44.23070526123047 354.15401458740234 0.0 354.15401458740234
0.0 307.37896728515625 44.890769958496094 307.37896728515625 44.890769958496094 356.3506393432617 0.0 356.3506393432617
0.0 308.6698303222656 46.194129943847656 308.6698303222656 46.194129943847656 359.06334686279297 0.0 359.06334686279297
0.0 313.0562438964844 45.481666564941406 313.0562438964844 45.481666564941406 362.6725273132324 0.0 362.6725273132324
0.0 313.0671081542969 44.246482849121094 313.0671081542969 44.246482849121094 361.3359184265137 0.0 361.3359184265137
0.0 320.8919372558594 44.73756790161133 320.8919372558594 44.73756790161133 369.696475982666 0.0 369.696475982666
0.0 322.5814514160156 44.17537307739258 322.5814514160156 44.17537307739258 370.77268981933594 0.0 370.77268981933594
0.0 332.84234619140625 45.077552795410156 332.84234619140625 45.077552795410156 382.0177764892578 0.0 382.0177764892578
0.0 338.9451599121094 45.12811279296875 338.9451599121094 45.12811279296875 388.17574310302734 0.0 388.17574310302734
0.0 343.8564453125 45.937042236328125 343.8564453125 45.937042236328125 393.9694938659668 0.0 393.9694938659668
0.0 348.1241455078125 44.43705368041992 348.1241455078125 44.43705368041992 396.60084533691406 0.0 396.60084533691406
0.0 348.0812683105469 45.11940002441406 348.0812683105469 45.11940002441406 397.3023452758789 0.0 397.3023452758789
0.0 351.08819580078125 46.23151779174805 351.08819580078125 46.23151779174805 401.5224914550781 0.0 401.5224914550781
0.0 353.2886657714844 47.232173919677734 353.2886657714844 47.232173919677734 404.8145866394043 0.0 404.8145866394043
0.0 355.5487365722656 47.21178436279297 355.5487365722656 47.21178436279297 407.0524101257324 0.0 407.0524101257324
0.0 360.1573486328125 46.97681427001953 360.1573486328125 46.97681427001953 411.4046859741211 0.0 411.4046859741211
0.008133316412568092 363.3679504394531 46.497043991461396 363.3679504394531 46.497043991461396 414.0830307006836 0.008133316412568092 414.0830307006836
0.0 365.60400390625 46.46912384033203 365.60400390625 46.46912384033203 416.2974967956543 0.0 416.2974967956543
0.0 369.1156921386719 46.22886276245117 369.1156921386719 46.22886276245117 419.5470886230469 0.0 419.5470886230469
0.0 364.29473876953125 46.77008056640625 364.29473876953125 46.77008056640625 415.3165512084961 0.0 415.3165512084961
0.0 355.1433410644531 45.907676696777344 355.1433410644531 45.907676696777344 405.2243537902832 0.0 405.2243537902832
0.053359221667051315 358.5621643066406 46.375411223620176 358.5621643066406 46.375411223620176 409.09521484375 0.053359221667051315 409.09521484375
0.0 359.8739013671875 47.046443939208984 359.8739013671875 47.046443939208984 411.19719314575195 0.0 411.19719314575195
0.0 357.35931396484375 47.171958923339844 357.35931396484375 47.171958923339844 408.81953048706055 0.0 408.81953048706055
0.007537841796875 356.4073181152344 47.21403884887695 356.4073181152344 47.21403884887695 407.90522384643555 0.007537841796875 407.90522384643555
0.0 356.50665283203125 47.14978790283203 356.50665283203125 47.14978790283203 407.94268798828125 0.0 407.94268798828125
0.0 355.77642822265625 47.053924560546875 355.77642822265625 47.053924560546875 407.1078872680664 0.0 407.1078872680664
0.0 352.96612548828125 46.99419403076172 352.96612548828125 46.99419403076172 404.232421875 0.0 404.232421875
0.0 346.1710510253906 46.303104400634766 346.1710510253906 46.303104400634766 396.68343353271484 0.0 396.68343353271484
0.0 344.951416015625 46.66922378540039 344.951416015625 46.66922378540039 395.8632011413574 0.0 395.8632011413574
0.0 343.58245849609375 46.44390106201172 343.58245849609375 46.44390106201172 394.2484359741211 0.0 394.2484359741211
0.0 342.4784851074219 46.692169189453125 342.4784851074219 46.692169189453125 393.41529846191406 0.0 393.41529846191406
0.0 339.94390869140625 47.69757843017578 339.94390869140625 47.69757843017578 391.9775276184082 0.0 391.9775276184082
0.0 340.8760681152344 48.76160430908203 340.8760681152344 48.76160430908203 394.0704345703125 0.0 394.0704345703125
0.0 336.85736083984375 48.48334503173828 336.85736083984375 48.48334503173828 389.74817657470703 0.0 389.74817657470703
0.0 336.76416015625 47.90689468383789 336.76416015625 47.90689468383789 389.02611541748047 0.0 389.02611541748047
0.0 346.7303466796875 48.31763458251953 346.7303466796875 48.31763458251953 399.4403762817383 0.0 399.4403762817383
0.0 354.62347412109375 48.881065368652344 354.62347412109375 48.881065368652344 407.94815826416016 0.0 407.94815826416016
0.02884368970990181 353.7077941894531 49.948380280286074 353.7077941894531 49.948380280286074 408.16535568237305 0.02884368970990181 408.16535568237305
0.03592719882726669 358.8577880859375 50.644379042088985 358.8577880859375 50.644379042088985 414.06688690185547 0.03592719882726669 414.06688690185547
0.0 365.45794677734375 51.55522537231445 365.45794677734375 51.55522537231445 421.69989013671875 0.0 421.69989013671875
0.0 372.0764465332031 52.8489875793457 372.0764465332031 52.8489875793457 429.7297554016113 0.0 429.7297554016113
0.0 373.6329040527344 52.52156448364258 373.6329040527344 52.52156448364258 430.9290351867676 0.0 430.9290351867676
0.0 374.8990478515625 53.9174919128418 374.8990478515625 53.9174919128418 433.7180061340332 0.0 433.7180061340332
0.0 374.50885009765625 54.91251754760742 374.50885009765625 54.91251754760742 434.41329193115234 0.0 434.41329193115234
0.0 372.669189453125 54.458168029785156 372.669189453125 54.458168029785156 432.0779800415039 0.0 432.0779800415039
0.0 381.2701110839844 53.6171875 381.2701110839844 53.6171875 439.7614631652832 0.0 439.7614631652832
0.0 377.88140869140625 52.31355667114258 377.88140869140625 52.31355667114258 434.9506149291992 0.0 434.9506149291992
0.0 378.36865234375 52.330650329589844 378.36865234375 52.330650329589844 435.4565124511719 0.0 435.4565124511719
0.0 378.34661865234375 53.69652557373047 378.34661865234375 53.69652557373047 436.9245300292969 0.0 436.9245300292969
0.0 376.0077209472656 54.08905792236328 376.0077209472656 54.08905792236328 435.0138473510742 0.0 435.0138473510742
0.0 378.3143005371094 53.937469482421875 378.3143005371094 53.937469482421875 437.1550521850586 0.0 437.1550521850586
0.0 377.6247253417969 54.36130905151367 377.6247253417969 54.36130905151367 436.9278450012207 0.0 436.9278450012207
0.0 354.20245361328125 54.911094665527344 354.20245361328125 54.911094665527344 414.10533905029297 0.0 414.10533905029297
0.0 340.25506591796875 55.977088928222656 340.25506591796875 55.977088928222656 401.3208541870117 0.0 401.3208541870117
0.0 322.0071716308594 57.46403121948242 322.0071716308594 57.46403121948242 384.6950798034668 0.0 384.6950798034668
0.031014632433652878 313.9596252441406 59.0481769554317 313.9596252441406 59.0481769554317 378.34185791015625 0.031014632433652878 378.34185791015625
0.9221580624580383 307.4994812011719 63.88230973482132 307.4994812011719 63.88230973482132 370.8283882141113 0.9221580624580383 370.8283882141113
1.175492525100708 302.8146057128906 64.16130948066711 302.8146057128906 64.16130948066711 364.6611633300781 1.175492525100708 364.6611633300781
2.4385712146759033 303.79058837890625 64.67035222053528 303.79058837890625 64.67035222053528 368.084228515625 2.4385712146759033 368.084228515625
2.3640053272247314 305.1976623535156 64.74967885017395 305.1976623535156 64.74967885017395 369.26839447021484 2.3640053272247314 369.26839447021484
0.7307971715927124 306.748291015625 64.82303655147552 306.748291015625 64.82303655147552 370.1391487121582 0.7307971715927124 370.1391487121582
2.220465898513794 309.48211669921875 67.39150929450989 309.48211669921875 67.39150929450989 376.3034896850586 2.220465898513794 376.3034896850586
1.5332015752792358 312.05487060546875 66.10774075984955 312.05487060546875 66.10774075984955 378.25816345214844 1.5332015752792358 378.25816345214844
1.7465851306915283 315.1597595214844 69.66922307014465 315.1597595214844 69.66922307014465 388.25072479248047 1.7465851306915283 388.25072479248047
1.2732322216033936 314.4758605957031 68.05693125724792 314.4758605957031 68.05693125724792 385.47289276123047 1.2732322216033936 385.47289276123047
0.11265945434570312 319.32696533203125 67.9889030456543 319.32696533203125 67.9889030456543 392.5049285888672 0.11265945434570312 392.5049285888672
0.0 323.5465087890625 69.4601058959961 323.5465087890625 69.4601058959961 399.0778045654297 0.0 399.0778045654297
0.0 331.607177734375 68.95088195800781 331.607177734375 68.95088195800781 406.8522033691406 0.0 406.8522033691406
0.0 336.88934326171875 67.37074279785156 336.88934326171875 67.37074279785156 410.3845672607422 0.0 410.3845672607422
0.0 340.0412292480469 67.60079193115234 340.0412292480469 67.60079193115234 413.78741455078125 0.0 413.78741455078125
0.0 350.44976806640625 68.51426696777344 350.44976806640625 68.51426696777344 425.19246673583984 0.0 425.19246673583984
0.0 349.4521789550781 66.07678985595703 349.4521789550781 66.07678985595703 421.5358200073242 0.0 421.5358200073242
0.0 364.23876953125 64.1773681640625 364.23876953125 64.1773681640625 434.2503204345703 0.0 434.2503204345703
0.1352798491716385 368.40386962890625 62.52089996635914 368.40386962890625 62.52089996635914 436.4607925415039 0.1352798491716385 436.4607925415039
0.0 376.9676818847656 60.7645149230957 376.9676818847656 60.7645149230957 443.25611877441406 0.0 443.25611877441406
0.0 383.02618408203125 61.382041931152344 383.02618408203125 61.382041931152344 449.98828887939453 0.0 449.98828887939453
0.0 386.1979675292969 61.41008758544922 386.1979675292969 61.41008758544922 453.19066619873047 0.0 453.19066619873047
0.0 387.9012145996094 60.55568313598633 387.9012145996094 60.55568313598633 453.9618377685547 0.0 453.9618377685547
0.0 389.0394287109375 60.915802001953125 389.0394287109375 60.915802001953125 455.49290466308594 0.0 455.49290466308594
0.0 392.6184997558594 60.8674201965332 392.6184997558594 60.8674201965332 459.0191955566406 0.0 459.0191955566406
0.0 405.4979553222656 62.096641540527344 405.4979553222656 62.096641540527344 473.23961639404297 0.0 473.23961639404297
0.0 420.22503662109375 63.74848175048828 420.22503662109375 63.74848175048828 489.7687072753906 0.0 489.7687072753906
0.0 460.8818359375 62.5217170715332 460.8818359375 62.5217170715332 529.0872192382812 0.0 529.0872192382812
0.0 476.8480529785156 62.112770080566406 476.8480529785156 62.112770080566406 544.607307434082 0.0 544.607307434082
0.3051559329032898 465.032958984375 64.21877974271774 465.032958984375 64.21877974271774 534.7567749023438 0.3051559329032898 534.7567749023438
0.14252853393554688 489.31292724609375 65.8852424621582 489.31292724609375 65.8852424621582 561.032096862793 0.14252853393554688 561.032096862793
0.0 505.91168212890625 63.06746292114258 505.91168212890625 63.06746292114258 574.71240234375 0.0 574.71240234375
0.0 509.37030029296875 60.16065216064453 509.37030029296875 60.16065216064453 574.9999542236328 0.0 574.9999542236328
65.27677917480469 453.58056640625 124.90319442749023 453.58056640625 124.90319442749023 518.6274185180664 65.27677917480469 518.6274185180664
51.76074981689453 508.5347595214844 111.58101272583008 508.5347595214844 111.58101272583008 573.7930755615234 51.76074981689453 573.7930755615234
49.370182037353516 492.2381896972656 108.4192008972168 492.2381896972656 108.4192008972168 556.655143737793 49.370182037353516 556.655143737793
41.96196365356445 493.61932373046875 99.7939338684082 493.61932373046875 99.7939338684082 556.7085952758789 41.96196365356445 556.7085952758789
27.160350799560547 512.05712890625 83.39155197143555 512.05712890625 83.39155197143555 573.4001083374023 27.160350799560547 573.4001083374023
36.82255554199219 497.4120178222656 91.2247085571289 497.4120178222656 91.2247085571289 556.7596817016602 36.82255554199219 556.7596817016602
0.0 414.47833251953125 54.283905029296875 414.47833251953125 54.283905029296875 473.6970024108887 0.0 473.6970024108887
0.0 412.7394104003906 52.669410705566406 412.7394104003906 52.669410705566406 470.19681549072266 0.0 470.19681549072266
0.0 414.22454833984375 50.940467834472656 414.22454833984375 50.940467834472656 469.79583740234375 0.0 469.79583740234375
0.0 416.44366455078125 49.351741790771484 416.44366455078125 49.351741790771484 470.2818069458008 0.0 470.2818069458008
0.0 417.9503479003906 48.77910614013672 417.9503479003906 48.77910614013672 471.1638069152832 0.0 471.1638069152832
0.0 417.50799560546875 49.077781677246094 417.50799560546875 49.077781677246094 471.04727935791016 0.0 471.04727935791016
0.0 419.04620361328125 50.119415283203125 419.04620361328125 50.119415283203125 473.7218132019043 0.0 473.7218132019043
0.0 417.8275451660156 49.8679084777832 417.8275451660156 49.8679084777832 472.2287826538086 0.0 472.2287826538086
0.0 419.3387756347656 49.60133361816406 419.3387756347656 49.60133361816406 473.4492073059082 0.0 473.4492073059082
0.0 418.87835693359375 49.111541748046875 418.87835693359375 49.111541748046875 472.4544677734375 0.0 472.4544677734375
0.0 418.8001403808594 49.33967208862305 418.8001403808594 49.33967208862305 472.6251220703125 0.0 472.6251220703125
0.0 419.6866149902344 49.16747283935547 419.6866149902344 49.16747283935547 473.3237419128418 0.0 473.3237419128418
0.0 415.3116149902344 48.42533493041992 415.3116149902344 48.42533493041992 468.1391410827637 0.0 468.1391410827637
0.0 414.8846130371094 48.48963165283203 414.8846130371094 48.48963165283203 467.7822799682617 0.0 467.7822799682617
0.0 415.21282958984375 48.26360321044922 415.21282958984375 48.26360321044922 467.8639144897461 0.0 467.8639144897461
0.0 416.703125 48.78672790527344 416.703125 48.78672790527344 469.92488861083984 0.0 469.92488861083984
0.0 412.5087890625 48.17654037475586 412.5087890625 48.17654037475586 465.06489181518555 0.0 465.06489181518555
0.05042304843664169 416.1923828125 48.641693495213985 416.1923828125 48.641693495213985 469.2009162902832 0.05042304843664169 469.2009162902832
0.0 417.28143310546875 49.798789978027344 417.28143310546875 49.798789978027344 471.6072578430176 0.0 471.6072578430176
0.0 417.3408203125 49.835121154785156 417.3408203125 49.835121154785156 471.7062759399414 0.0 471.7062759399414
0.0 416.46612548828125 50.081443786621094 416.46612548828125 50.081443786621094 471.10029220581055 0.0 471.10029220581055
0.0 415.447998046875 50.26164245605469 415.447998046875 50.26164245605469 470.27874755859375 0.0 470.27874755859375
0.22979584336280823 415.2679138183594 50.90688171982765 415.2679138183594 50.90688171982765 470.5518684387207 0.22979584336280823 470.5518684387207
0.0 408.77374267578125 51.183433532714844 408.77374267578125 51.183433532714844 464.61006927490234 0.0 464.61006927490234
0.0 407.99798583984375 51.37433624267578 407.99798583984375 51.37433624267578 464.04256439208984 0.0 464.04256439208984
0.0 407.0117492675781 51.572044372558594 407.0117492675781 51.572044372558594 463.27201080322266 0.0 463.27201080322266
0.0 407.1183776855469 52.522193908691406 407.1183776855469 52.522193908691406 464.41516876220703 0.0 464.41516876220703
0.0 405.6282653808594 54.30829620361328 405.6282653808594 54.30829620361328 464.8735237121582 0.0 464.8735237121582
0.0 406.4276428222656 55.68634796142578 406.4276428222656 55.68634796142578 467.17621994018555 0.0 467.17621994018555
0.0 405.3545837402344 56.67070770263672 405.3545837402344 56.67070770263672 467.1770133972168 0.0 467.1770133972168
0.17593879997730255 404.8603515625 57.38103599846363 404.8603515625 57.38103599846363 467.2657470703125 0.17593879997730255 467.2657470703125
0.12286949157714844 405.162353515625 57.00489616394043 405.162353515625 57.00489616394043 467.2153129577637 0.12286949157714844 467.2153129577637
0.09124565124511719 403.72247314453125 57.81015586853027 403.72247314453125 57.81015586853027 466.68839263916016 0.09124565124511719 466.68839263916016
0.0 405.0396728515625 58.3643798828125 405.0396728515625 58.3643798828125 468.7097396850586 0.0 468.7097396850586
0.0 404.9381408691406 60.24578857421875 404.9381408691406 60.24578857421875 470.66064453125 0.0 470.66064453125
0.0 404.96490478515625 62.446876525878906 404.96490478515625 62.446876525878906 473.08858489990234 0.0 473.08858489990234
0.19525757431983948 404.06561279296875 64.22878113389015 404.06561279296875 64.22878113389015 473.92017364501953 0.19525757431983948 473.92017364501953
0.0 403.5690612792969 64.81727600097656 403.5690612792969 64.81727600097656 474.27862548828125 0.0 474.27862548828125
0.0 401.3856506347656 64.86124420166016 401.3856506347656 64.86124420166016 472.14317321777344 0.0 472.14317321777344
0.11490783840417862 400.6686096191406 65.78985748440027 400.6686096191406 65.78985748440027 472.3138122558594 0.11490783840417862 472.3138122558594
0.0 403.04937744140625 64.68406677246094 403.04937744140625 64.68406677246094 473.6136245727539 0.0 473.6136245727539
0.0 402.5406799316406 66.3504867553711 402.5406799316406 66.3504867553711 474.92283630371094 0.0 474.92283630371094
0.0 401.81671142578125 66.3119125366211 401.81671142578125 66.3119125366211 474.1567840576172 0.0 474.1567840576172
0.0 400.187744140625 67.63827514648438 400.187744140625 67.63827514648438 473.9747543334961 0.0 473.9747543334961
0.0 399.9607849121094 69.12237548828125 399.9607849121094 69.12237548828125 475.36681365966797 0.0 475.36681365966797
0.0 399.63580322265625 69.38227081298828 399.63580322265625 69.38227081298828 475.3253479003906 0.0 475.3253479003906
0.13508911430835724 400.7376403808594 69.99891205132008 400.7376403808594 69.99891205132008 476.9525146484375 0.13508911430835724 476.9525146484375
0.12708663940429688 392.50054931640625 70.30846786499023 392.50054931640625 70.30846786499023 469.06185150146484 0.12708663940429688 469.06185150146484
0.048247527331113815 389.1021423339844 70.16303176805377 389.1021423339844 70.16303176805377 465.5907974243164 0.048247527331113815 465.5907974243164
0.17091675102710724 387.3235168457031 70.27662201225758 387.3235168457031 70.27662201225758 463.80226135253906 0.17091675102710724 463.80226135253906
0.3757430911064148 386.8113708496094 70.59823149442673 386.8113708496094 70.59823149442673 463.4175262451172 0.3757430911064148 463.4175262451172
0.0 387.41314697265625 69.81488800048828 387.41314697265625 69.81488800048828 463.5746536254883 0.0 463.5746536254883
0.0 387.02880859375 69.47157287597656 387.02880859375 69.47157287597656 462.81578826904297 0.0 462.81578826904297
0.0 387.72698974609375 69.21049499511719 387.72698974609375 69.21049499511719 463.2291564941406 0.0 463.2291564941406
0.06711425632238388 387.4157409667969 69.8529571518302 387.4157409667969 69.8529571518302 463.5455551147461 0.06711425632238388 463.5455551147461
0.22916412353515625 380.97796630859375 70.4767074584961 380.97796630859375 70.4767074584961 457.6114501953125 0.22916412353515625 457.6114501953125
0.0 382.0256042480469 70.08436584472656 382.0256042480469 70.08436584472656 458.48107147216797 0.0 458.48107147216797
0.0 380.19573974609375 69.1490249633789 380.19573974609375 69.1490249633789 455.6308364868164 0.0 455.6308364868164
0.153727725148201 377.241943359375 70.46700592339039 377.241943359375 70.46700592339039 453.94712829589844 0.153727725148201 453.94712829589844
0.0 375.2112121582031 71.53571319580078 375.2112121582031 71.53571319580078 453.2499542236328 0.0 453.2499542236328
0.008525848388671875 376.1136169433594 72.0616569519043 376.1136169433594 72.0616569519043 454.71681213378906 0.008525848388671875 454.71681213378906
0.3082481324672699 374.8400573730469 72.66361770033836 374.8400573730469 72.66361770033836 453.77296447753906 0.3082481324672699 453.77296447753906
0.0 373.5400695800781 75.22451782226562 373.5400695800781 75.22451782226562 455.6029510498047 0.0 455.6029510498047
0.0 372.57550048828125 76.1781997680664 372.57550048828125 76.1781997680664 455.6787567138672 0.0 455.6787567138672
0.0 373.84649658203125 76.11981964111328 373.84649658203125 76.11981964111328 456.8860626220703 0.0 456.8860626220703
0.0 373.90142822265625 77.00887298583984 373.90142822265625 77.00887298583984 457.91087341308594 0.0 457.91087341308594
0.2765754759311676 372.4421081542969 79.08811417222023 372.4421081542969 79.08811417222023 458.41809844970703 0.2765754759311676 458.41809844970703
0.10315170139074326 372.1802673339844 79.1673759445548 372.1802673339844 79.1673759445548 458.4319152832031 0.10315170139074326 458.4319152832031
0.0 370.3493347167969 78.60282897949219 370.3493347167969 78.60282897949219 456.09764099121094 0.0 456.09764099121094
0.0 364.7471618652344 80.84532165527344 364.7471618652344 80.84532165527344 452.9418182373047 0.0 452.9418182373047
0.0 364.0154113769531 81.35475158691406 364.0154113769531 81.35475158691406 452.76580810546875 0.0 452.76580810546875
0.0 364.7176818847656 82.69388580322266 364.7176818847656 82.69388580322266 454.92893981933594 0.0 454.92893981933594
