484.0 330.0 505.0 330.0 505.0 372.0 484.0 372.0
486.60772705078125 324.83062744140625 506.97568702697754 324.83062744140625 506.97568702697754 366.63788986206055 486.60772705078125 366.63788986206055
489.1436462402344 321.0570068359375 509.26362800598145 321.0570068359375 509.26362800598145 363.3955764770508 489.1436462402344 363.3955764770508
490.806640625 319.1755676269531 510.2995357513428 319.1755676269531 510.2995357513428 360.72298431396484 490.806640625 360.72298431396484
491.5628967285156 317.30401611328125 511.2237071990967 317.30401611328125 511.2237071990967 359.6631851196289 491.5628967285156 359.6631851196289
492.1221618652344 316.2230224609375 512.5511150360107 316.2230224609375 512.5511150360107 358.38469314575195 492.1221618652344 358.38469314575195
493.76031494140625 313.2208557128906 514.7769470214844 313.2208557128906 514.7769470214844 355.15568923950195 493.76031494140625 355.15568923950195
496.6546936035156 310.48406982421875 517.6544761657715 310.48406982421875 517.6544761657715 352.69114685058594 496.6546936035156 352.69114685058594
498.73223876953125 307.8171081542969 520.5033645629883 307.8171081542969 520.5033645629883 351.1319160461426 498.73223876953125 351.1319160461426
500.973876953125 306.6806640625 523.5677947998047 306.6806640625 523.5677947998047 349.2985420227051 500.973876953125 349.2985420227051
503.68475341796875 306.01123046875 526.6561679840088 306.01123046875 526.6561679840088 347.80680084228516 503.68475341796875 347.80680084228516
510.3077087402344 306.2799987792969 533.0529232025146 306.2799987792969 533.0529232025146 347.51611328125 510.3077087402344 347.51611328125
512.9684448242188 305.61724853515625 536.0098152160645 305.61724853515625 536.0098152160645 348.89306259155273 512.9684448242188 348.89306259155273
516.4664916992188 306.17559814453125 540.3516502380371 306.17559814453125 540.3516502380371 348.0503349304199 516.4664916992188 348.0503349304199
519.8566284179688 305.98419189453125 543.657096862793 305.98419189453125 543.657096862793 349.65512466430664 519.8566284179688 349.65512466430664
522.4703369140625 307.397705078125 546.1811256408691 307.397705078125 546.1811256408691 351.6242980957031 522.4703369140625 351.6242980957031
523.4745483398438 308.38726806640625 546.613639831543 308.38726806640625 546.613639831543 353.37931060791016 523.4745483398438 353.37931060791016
522.0140991210938 308.3406677246094 545.0233764648438 308.3406677246094 545.0233764648438 354.18268966674805 522.0140991210938 354.18268966674805
522.5799560546875 308.85662841796875 545.161865234375 308.85662841796875 545.161865234375 354.89452362060547 522.5799560546875 354.89452362060547
524.3312377929688 309.62078857421875 546.8365211486816 309.62078857421875 546.8365211486816 355.4782180786133 524.3312377929688 355.4782180786133
526.53173828125 310.54473876953125 548.7229747772217 310.54473876953125 548.7229747772217 355.1761360168457 526.53173828125 355.1761360168457
531.8347778320312 309.8875732421875 553.8911056518555 309.8875732421875 553.8911056518555 354.14777755737305 531.8347778320312 354.14777755737305
536.8156127929688 309.0960388183594 557.8999977111816 309.0960388183594 557.8999977111816 354.01512145996094 536.8156127929688 354.01512145996094
542.7052001953125 307.8826904296875 564.5649814605713 307.8826904296875 564.5649814605713 353.65889739990234 542.7052001953125 353.65889739990234
549.490966796875 308.01708984375 572.2511386871338 308.01708984375 572.2511386871338 352.3342971801758 549.490966796875 352.3342971801758
554.0985107421875 305.3700256347656 577.8083724975586 305.3700256347656 577.8083724975586 352.7897491455078 554.0985107421875 352.7897491455078
567.6854248046875 300.3717346191406 591.2043342590332 300.3717346191406 591.2043342590332 346.9727363586426 567.6854248046875 346.9727363586426
573.9871826171875 296.88897705078125 597.2099647521973 296.88897705078125 597.2099647521973 343.6176223754883 573.9871826171875 343.6176223754883
579.3367919921875 292.4075927734375 603.311580657959 292.4075927734375 603.311580657959 339.7190628051758 579.3367919921875 339.7190628051758
587.031005859375 290.67584228515625 611.9927253723145 290.67584228515625 611.9927253723145 337.34322357177734 587.031005859375 337.34322357177734
596.8651733398438 287.5738220214844 621.4459438323975 287.5738220214844 621.4459438323975 333.58838272094727 596.8651733398438 333.58838272094727
615.3536987304688 280.39105224609375 639.5025901794434 280.39105224609375 639.5025901794434 327.5670356750488 615.3536987304688 327.5670356750488
630.87939453125 278.33087158203125 656.500452041626 278.33087158203125 656.500452041626 323.4249801635742 630.87939453125 323.4249801635742
644.583984375 278.35552978515625 670.9525566101074 278.35552978515625 670.9525566101074 321.0728416442871 644.583984375 321.0728416442871
656.6864013671875 277.89996337890625 682.5413856506348 277.89996337890625 682.5413856506348 318.67713165283203 656.6864013671875 318.67713165283203
672.4550170898438 278.0058288574219 698.4427032470703 278.0058288574219 698.4427032470703 317.5109062194824 672.4550170898438 317.5109062194824
692.4837646484375 277.23577880859375 717.7189064025879 277.23577880859375 717.7189064025879 327.70606231689453 692.4837646484375 327.70606231689453
734.74609375 283.80535888671875 761.6316719055176 283.80535888671875 761.6316719055176 330.57884979248047 734.74609375 330.57884979248047
757.5247802734375 283.68914794921875 784.3491325378418 283.68914794921875 784.3491325378418 326.07378005981445 757.5247802734375 326.07378005981445
771.4155883789062 282.9714660644531 796.8889865875244 282.9714660644531 796.8889865875244 324.7116508483887 771.4155883789062 324.7116508483887
773.0433349609375 282.7613220214844 796.3275871276855 282.7613220214844 796.3275871276855 325.48948669433594 773.0433349609375 325.48948669433594
768.1790771484375 286.81951904296875 791.1280403137207 286.81951904296875 791.1280403137207 327.3623352050781 768.1790771484375 327.3623352050781
752.5728759765625 292.20880126953125 775.0909061431885 292.20880126953125 775.0909061431885 335.60935974121094 752.5728759765625 335.60935974121094
740.8297729492188 292.93670654296875 765.9568023681641 292.93670654296875 765.9568023681641 337.0342826843262 740.8297729492188 337.0342826843262
725.0529174804688 287.0570068359375 750.9093265533447 287.0570068359375 750.9093265533447 334.7138023376465 725.0529174804688 334.7138023376465
710.5511474609375 281.435546875 736.1864356994629 281.435546875 736.1864356994629 330.8539733886719 710.5511474609375 330.8539733886719
691.2280883789062 282.3261413574219 715.4051322937012 282.3261413574219 715.4051322937012 324.4913673400879 691.2280883789062 324.4913673400879
683.3196411132812 281.8370056152344 706.1151733398438 281.8370056152344 706.1151733398438 326.12331771850586 683.3196411132812 326.12331771850586
678.03271484375 281.0121154785156 699.5996761322021 281.0121154785156 699.5996761322021 326.54964447021484 678.03271484375 326.54964447021484
674.1776733398438 279.16046142578125 696.0742931365967 279.16046142578125 696.0742931365967 325.2117500305176 674.1776733398438 325.2117500305176
671.8050537109375 278.04718017578125 693.465274810791 278.04718017578125 693.465274810791 323.13733291625977 671.8050537109375 323.13733291625977
665.6862182617188 278.3013610839844 687.0285224914551 278.3013610839844 687.0285224914551 323.01287841796875 665.6862182617188 323.01287841796875
662.5618896484375 278.24310302734375 684.1467475891113 278.24310302734375 684.1467475891113 322.6265449523926 662.5618896484375 322.6265449523926
658.6626586914062 278.2525329589844 680.6821975708008 278.2525329589844 680.6821975708008 323.95031356811523 658.6626586914062 323.95031356811523
652.7136840820312 278.6240539550781 676.2214088439941 278.6240539550781 676.2214088439941 325.2898139953613 652.7136840820312 325.2898139953613
646.0018920898438 279.5988464355469 669.4087543487549 279.5988464355469 669.4087543487549 325.8077621459961 646.0018920898438 325.8077621459961
641.763671875 280.7151184082031 663.6640605926514 280.7151184082031 663.6640605926514 326.0839500427246 641.763671875 326.0839500427246
639.8267822265625 282.84051513671875 661.277587890625 282.84051513671875 661.277587890625 329.7836151123047 639.8267822265625 329.7836151123047
640.4863891601562 282.22314453125 661.8544425964355 282.22314453125 661.8544425964355 330.31314849853516 640.4863891601562 330.31314849853516
643.037353515625 283.90521240234375 663.7745151519775 283.90521240234375 663.7745151519775 329.4002914428711 643.037353515625 329.4002914428711
646.2546997070312 284.86260986328125 667.5082664489746 284.86260986328125 667.5082664489746 329.6834831237793 646.2546997070312 329.6834831237793
653.2735595703125 284.6808166503906 675.8676681518555 284.6808166503906 675.8676681518555 331.38923263549805 653.2735595703125 331.38923263549805
657.6275634765625 284.88250732421875 680.3438892364502 284.88250732421875 680.3438892364502 331.04810333251953 657.6275634765625 331.04810333251953
662.5114135742188 284.74078369140625 685.2344398498535 284.74078369140625 685.2344398498535 330.59899520874023 662.5114135742188 330.59899520874023
666.6658325195312 284.1778259277344 689.0310440063477 284.1778259277344 689.0310440063477 329.85428619384766 666.6658325195312 329.85428619384766
671.0143432617188 283.69732666015625 693.888729095459 283.69732666015625 693.888729095459 329.1800117492676 671.0143432617188 329.1800117492676
677.5569458007812 281.54071044921875 699.9132404327393 281.54071044921875 699.9132404327393 328.69278717041016 677.5569458007812 328.69278717041016
680.1129150390625 280.324951171875 702.1278038024902 280.324951171875 702.1278038024902 327.36298751831055 680.1129150390625 327.36298751831055
682.6207885742188 278.42999267578125 705.011344909668 278.42999267578125 705.011344909668 325.93643951416016 682.6207885742188 325.93643951416016
685.1033935546875 277.3436279296875 707.2261619567871 277.3436279296875 707.2261619567871 325.1452522277832 685.1033935546875 325.1452522277832
689.2828369140625 276.1802062988281 713.0452060699463 276.1802062988281 713.0452060699463 326.0485534667969 689.2828369140625 326.0485534667969
694.8435668945312 275.6397705078125 719.8951225280762 275.6397705078125 719.8951225280762 325.7897071838379 694.8435668945312 325.7897071838379
702.2752685546875 276.5147705078125 725.4168148040771 276.5147705078125 725.4168148040771 326.7332458496094 702.2752685546875 326.7332458496094
701.16748046875 275.7730407714844 724.6397094726562 275.7730407714844 724.6397094726562 326.2056999206543 701.16748046875 326.2056999206543
700.6287841796875 274.9087829589844 724.1443672180176 274.9087829589844 724.1443672180176 326.3113784790039 700.6287841796875 326.3113784790039
698.1441650390625 272.43109130859375 722.1621723175049 272.43109130859375 722.1621723175049 324.8993453979492 698.1441650390625 324.8993453979492
696.048583984375 270.1391296386719 720.4463748931885 270.1391296386719 720.4463748931885 323.74272537231445 696.048583984375 323.74272537231445
701.7596435546875 267.7572021484375 728.4584846496582 267.7572021484375 728.4584846496582 319.5134391784668 701.7596435546875 319.5134391784668
709.6151123046875 266.67498779296875 736.5787563323975 266.67498779296875 736.5787563323975 319.8507308959961 709.6151123046875 319.8507308959961
723.0418701171875 266.81573486328125 749.924768447876 266.81573486328125 749.924768447876 318.9106216430664 723.0418701171875 318.9106216430664
735.9859008789062 266.7608337402344 762.6355171203613 266.7608337402344 762.6355171203613 320.06006622314453 735.9859008789062 320.06006622314453
752.0994873046875 262.8014221191406 777.7631587982178 262.8014221191406 777.7631587982178 315.9550590515137 752.0994873046875 315.9550590515137
763.5565185546875 248.02194213867188 790.4058227539062 248.02194213867188 790.4058227539062 301.7205505371094 763.5565185546875 301.7205505371094
768.2513427734375 234.9949951171875 795.7080383300781 234.9949951171875 795.7080383300781 289.90838623046875 768.2513427734375 289.90838623046875
765.6280517578125 246.26248168945312 792.818115234375 246.26248168945312 792.818115234375 300.6426086425781 765.6280517578125 300.6426086425781
773.8270874023438 225.01419067382812 800.9973907470703 225.01419067382812 800.9973907470703 279.35479736328125 773.8270874023438 279.35479736328125
779.8668212890625 230.0187225341797 806.3914241790771 230.0187225341797 806.3914241790771 283.067928314209 779.8668212890625 283.067928314209
788.4805908203125 210.6116943359375 814.6872253417969 210.6116943359375 814.6872253417969 263.02496337890625 788.4805908203125 263.02496337890625
793.3638305664062 196.49606323242188 819.2497310638428 196.49606323242188 819.2497310638428 248.26786422729492 793.3638305664062 248.26786422729492
802.6377563476562 202.6016845703125 828.461935043335 202.6016845703125 828.461935043335 254.25004196166992 802.6377563476562 254.25004196166992
813.1175537109375 210.6866455078125 839.564868927002 210.6866455078125 839.564868927002 263.5812759399414 813.1175537109375 263.5812759399414
820.1632690429688 217.4438934326172 846.5559902191162 217.4438934326172 846.5559902191162 270.2293357849121 820.1632690429688 270.2293357849121
816.4166870117188 214.0729522705078 842.6830654144287 214.0729522705078 842.6830654144287 266.60570907592773 816.4166870117188 266.60570907592773
809.4901123046875 220.1547088623047 835.9385795593262 220.1547088623047 835.9385795593262 273.05164337158203 809.4901123046875 273.05164337158203
793.7001953125 214.97531127929688 820.1449127197266 214.97531127929688 820.1449127197266 267.86474609375 793.7001953125 267.86474609375
781.0179443359375 217.0760498046875 807.553150177002 217.0760498046875 807.553150177002 270.1464614868164 781.0179443359375 270.1464614868164
774.2423706054688 218.6033477783203 800.4987850189209 218.6033477783203 800.4987850189209 271.1161766052246 774.2423706054688 271.1161766052246
770.0726318359375 222.1732177734375 796.4699287414551 222.1732177734375 796.4699287414551 274.96781158447266 770.0726318359375 274.96781158447266
771.45166015625 228.31649780273438 797.8103275299072 228.31649780273438 797.8103275299072 281.0338325500488 771.45166015625 281.0338325500488
755.7744140625 256.8013610839844 782.5094261169434 256.8013610839844 782.5094261169434 310.2713851928711 755.7744140625 310.2713851928711
760.2510986328125 293.096923828125 786.8307857513428 293.096923828125 786.8307857513428 346.25629806518555 760.2510986328125 346.25629806518555
765.3792724609375 290.24774169921875 792.1408939361572 290.24774169921875 792.1408939361572 344.7043151855469 765.3792724609375 344.7043151855469
768.6404418945312 289.1275939941406 794.7476959228516 289.1275939941406 794.7476959228516 341.34210205078125 768.6404418945312 341.34210205078125
758.0489501953125 286.9599914550781 784.4617156982422 286.9599914550781 784.4617156982422 339.7855224609375 758.0489501953125 339.7855224609375
765.9445190429688 271.1856994628906 792.1573276519775 271.1856994628906 792.1573276519775 323.6113166809082 765.9445190429688 323.6113166809082
772.36962890625 257.88201904296875 798.7397918701172 257.88201904296875 798.7397918701172 310.6223449707031 772.36962890625 310.6223449707031
781.035888671875 244.9176483154297 804.7429714202881 244.9176483154297 804.7429714202881 301.53112030029297 781.035888671875 301.53112030029297
785.9276123046875 235.56051635742188 812.6914157867432 235.56051635742188 812.6914157867432 289.0881233215332 785.9276123046875 289.0881233215332
795.2872314453125 228.7726287841797 821.9834442138672 228.7726287841797 821.9834442138672 282.16505432128906 795.2872314453125 282.16505432128906
810.2969360351562 227.55813598632812 837.0717258453369 227.55813598632812 837.0717258453369 281.10771560668945 810.2969360351562 281.10771560668945
829.7556762695312 227.5485076904297 856.3893165588379 227.5485076904297 856.3893165588379 280.81578826904297 829.7556762695312 280.81578826904297
855.4056396484375 219.0167999267578 882.2552795410156 219.0167999267578 882.2552795410156 272.71607971191406 855.4056396484375 272.71607971191406
861.7049560546875 194.42393493652344 888.4591178894043 194.42393493652344 888.4591178894043 247.93225860595703 861.7049560546875 247.93225860595703
873.1455078125 190.00579833984375 900.305103302002 190.00579833984375 900.305103302002 244.32498931884766 873.1455078125 244.32498931884766
890.4332885742188 192.79884338378906 918.1323184967041 192.79884338378906 918.1323184967041 248.19690322875977 890.4332885742188 248.19690322875977
919.2308349609375 208.41036987304688 946.476806640625 208.41036987304688 946.476806640625 262.9023132324219 919.2308349609375 262.9023132324219
904.39990234375 186.63275146484375 931.4124660491943 186.63275146484375 931.4124660491943 240.65787887573242 904.39990234375 240.65787887573242
907.1064453125 225.6582489013672 934.1346168518066 225.6582489013672 934.1346168518066 279.71459197998047 907.1064453125 279.71459197998047
921.7644653320312 214.466796875 946.899715423584 214.466796875 946.899715423584 266.7651481628418 921.7644653320312 266.7651481628418
927.3682861328125 211.04788208007812 952.4611549377441 211.04788208007812 952.4611549377441 263.26494216918945 927.3682861328125 263.26494216918945
928.1966552734375 206.84988403320312 953.3989505767822 206.84988403320312 953.3989505767822 261.84733963012695 928.1966552734375 261.84733963012695
923.15234375 204.19229125976562 950.303991317749 204.19229125976562 950.303991317749 258.4955863952637 923.15234375 258.4955863952637
918.8079223632812 200.807373046875 945.8831443786621 200.807373046875 945.8831443786621 255.56827926635742 918.8079223632812 255.56827926635742
908.0797729492188 202.0440216064453 935.9991359710693 202.0440216064453 935.9991359710693 254.8453598022461 908.0797729492188 254.8453598022461
892.0379638671875 200.87820434570312 919.940710067749 200.87820434570312 919.940710067749 256.6836967468262 892.0379638671875 256.6836967468262
878.5617065429688 201.8246307373047 906.735179901123 201.8246307373047 906.735179901123 258.1715774536133 878.5617065429688 258.1715774536133
867.8533325195312 201.05972290039062 895.824161529541 201.05972290039062 895.824161529541 257.00138092041016 867.8533325195312 257.00138092041016
858.18896484375 200.15487670898438 886.3433036804199 200.15487670898438 886.3433036804199 256.4635543823242 858.18896484375 256.4635543823242
852.7014770507812 198.38677978515625 880.907735824585 198.38677978515625 880.907735824585 254.79929733276367 852.7014770507812 254.79929733276367
842.7003784179688 197.68971252441406 870.9156684875488 197.68971252441406 870.9156684875488 254.22096252441406 842.7003784179688 254.22096252441406
834.2064208984375 199.00289916992188 862.7623844146729 199.00289916992188 862.7623844146729 256.67144775390625 834.2064208984375 256.67144775390625
826.7943115234375 201.2403564453125 854.3844108581543 201.2403564453125 854.3844108581543 259.5614013671875 826.7943115234375 259.5614013671875
822.9788818359375 202.26287841796875 851.2916870117188 202.26287841796875 851.2916870117188 258.88848876953125 822.9788818359375 258.88848876953125
831.0504150390625 141.6923065185547 859.1542301177979 141.6923065185547 859.1542301177979 197.8999366760254 831.0504150390625 197.8999366760254
834.8771362304688 140.3981475830078 863.6154289245605 140.3981475830078 863.6154289245605 197.8747329711914 834.8771362304688 197.8747329711914
863.8328247070312 135.09974670410156 892.4447994232178 135.09974670410156 892.4447994232178 192.3236961364746 863.8328247070312 192.3236961364746
880.4486083984375 134.39303588867188 909.3908805847168 134.39303588867188 909.3908805847168 192.27758026123047 880.4486083984375 192.27758026123047
867.5178833007812 150.5017547607422 896.1534233093262 150.5017547607422 896.1534233093262 207.77283477783203 867.5178833007812 207.77283477783203
864.1090087890625 174.5532684326172 892.9922332763672 174.5532684326172 892.9922332763672 232.31971740722656 864.1090087890625 232.31971740722656
859.3782348632812 175.57656860351562 888.0616970062256 175.57656860351562 888.0616970062256 232.9434928894043 859.3782348632812 232.9434928894043
820.9832153320312 226.93319702148438 848.2560939788818 226.93319702148438 848.2560939788818 284.3679313659668 820.9832153320312 284.3679313659668
827.0018310546875 224.9062042236328 855.6653842926025 224.9062042236328 855.6653842926025 282.143856048584 827.0018310546875 282.143856048584
830.5821533203125 225.0269012451172 858.2538547515869 225.0269012451172 858.2538547515869 278.6821517944336 830.5821533203125 278.6821517944336
832.4544067382812 223.86447143554688 859.4348754882812 223.86447143554688 859.4348754882812 277.2775573730469 832.4544067382812 277.2775573730469
832.77392578125 225.0145263671875 859.949764251709 225.0145263671875 859.949764251709 277.5233039855957 832.77392578125 277.5233039855957
835.3408203125 224.0854949951172 861.971435546875 224.0854949951172 861.971435546875 276.5979766845703 835.3408203125 276.5979766845703
837.4559326171875 222.69418334960938 864.5838432312012 222.69418334960938 864.5838432312012 275.3884162902832 837.4559326171875 275.3884162902832
842.7115478515625 218.57662963867188 869.2784824371338 218.57662963867188 869.2784824371338 271.7140922546387 842.7115478515625 271.7140922546387
845.3763427734375 216.6164093017578 872.5476264953613 216.6164093017578 872.5476264953613 270.3528366088867 845.3763427734375 270.3528366088867
851.0067138671875 217.01806640625 879.4816856384277 217.01806640625 879.4816856384277 270.6304016113281 851.0067138671875 270.6304016113281
860.7840576171875 216.05776977539062 890.1905155181885 216.05776977539062 890.1905155181885 269.5912170410156 860.7840576171875 269.5912170410156
870.8497314453125 214.4152069091797 902.0035705566406 214.4152069091797 902.0035705566406 269.8688201904297 870.8497314453125 269.8688201904297
887.8230590820312 213.96875 917.8241634368896 213.96875 917.8241634368896 269.4550476074219 887.8230590820312 269.4550476074219
900.1376953125 214.96755981445312 931.6531276702881 214.96755981445312 931.6531276702881 268.66431427001953 900.1376953125 268.66431427001953
910.8834228515625 216.4408721923828 943.6159057617188 216.4408721923828 943.6159057617188 270.79919815063477 910.8834228515625 270.79919815063477
919.4714965820312 219.43881225585938 951.0068855285645 219.43881225585938 951.0068855285645 271.44933319091797 919.4714965820312 271.44933319091797
928.0645751953125 221.8263702392578 957.0758857727051 221.8263702392578 957.0758857727051 273.71156311035156 928.0645751953125 273.71156311035156
931.2587890625 223.5713653564453 958.8753395080566 223.5713653564453 958.8753395080566 273.520809173584 931.2587890625 273.520809173584
932.9273681640625 222.9508056640625 959.4824562072754 222.9508056640625 959.4824562072754 271.8603401184082 932.9273681640625 271.8603401184082
928.7732543945312 245.02310180664062 958.9999580383301 245.02310180664062 958.9999580383301 305.4765090942383 928.7732543945312 305.4765090942383
884.6143798828125 248.53939819335938 915.2413024902344 248.53939819335938 915.2413024902344 309.7932434082031 884.6143798828125 309.7932434082031
843.1852416992188 237.9804229736328 874.1151885986328 237.9804229736328 874.1151885986328 299.84031677246094 843.1852416992188 299.84031677246094
838.3218994140625 222.62716674804688 869.8067111968994 222.62716674804688 869.8067111968994 285.5967903137207 838.3218994140625 285.5967903137207
830.5728759765625 205.06008911132812 862.2572574615479 205.06008911132812 862.2572574615479 268.4288520812988 830.5728759765625 268.4288520812988
813.276611328125 156.80584716796875 845.3724708557129 156.80584716796875 845.3724708557129 220.99756622314453 813.276611328125 220.99756622314453
800.3836669921875 131.95458984375 832.3673706054688 131.95458984375 832.3673706054688 194.4532699584961 800.3836669921875 194.4532699584961
784.6793823242188 106.07936096191406 817.1216926574707 106.07936096191406 817.1216926574707 165.48895645141602 784.6793823242188 165.48895645141602
780.830078125 103.8892593383789 813.2108421325684 103.8892593383789 813.2108421325684 161.21889877319336 780.830078125 161.21889877319336
779.7493896484375 103.2726058959961 811.5177879333496 103.2726058959961 811.5177879333496 160.3268280029297 779.7493896484375 160.3268280029297
778.02587890625 103.90638732910156 809.7940406799316 103.90638732910156 809.7940406799316 160.7245750427246 778.02587890625 160.7245750427246
779.2119140625 105.6761703491211 810.1679420471191 105.6761703491211 810.1679420471191 161.0436019897461 779.2119140625 161.0436019897461
783.9281005859375 107.5711898803711 812.0891151428223 107.5711898803711 812.0891151428223 160.45891571044922 783.9281005859375 160.45891571044922
784.0042724609375 109.98343658447266 812.4151973724365 109.98343658447266 812.4151973724365 164.76367950439453 784.0042724609375 164.76367950439453
785.5694580078125 110.1234130859375 813.3095188140869 110.1234130859375 813.3095188140869 163.0882682800293 785.5694580078125 163.0882682800293
783.4104614257812 110.50662994384766 810.9037837982178 110.50662994384766 810.9037837982178 165.42802810668945 783.4104614257812 165.42802810668945
780.3790283203125 111.52037048339844 808.1073303222656 111.52037048339844 808.1073303222656 166.3626251220703 780.3790283203125 166.3626251220703
777.1558227539062 112.57664489746094 804.4561882019043 112.57664489746094 804.4561882019043 166.6360321044922 777.1558227539062 166.6360321044922
772.0608520507812 112.06642150878906 799.2155952453613 112.06642150878906 799.2155952453613 165.48362731933594 772.0608520507812 165.48362731933594
765.7274169921875 111.79545593261719 794.3123264312744 111.79545593261719 794.3123264312744 165.18398666381836 765.7274169921875 165.18398666381836
762.3106689453125 108.77366638183594 789.2018890380859 108.77366638183594 789.2018890380859 162.32049942016602 762.3106689453125 162.32049942016602
759.1339721679688 108.28071594238281 787.0635585784912 108.28071594238281 787.0635585784912 162.2096824645996 759.1339721679688 162.2096824645996
758.86328125 107.0685043334961 785.0003623962402 107.0685043334961 785.0003623962402 157.6973114013672 758.86328125 157.6973114013672
759.130859375 107.09257507324219 784.8738956451416 107.09257507324219 784.8738956451416 157.26478576660156 759.130859375 157.26478576660156
760.4738159179688 106.87364196777344 786.143123626709 106.87364196777344 786.143123626709 157.3899040222168 760.4738159179688 157.3899040222168
762.7283935546875 106.08988952636719 788.5848026275635 106.08988952636719 788.5848026275635 156.58691787719727 762.7283935546875 156.58691787719727
765.1005249023438 105.6586685180664 790.9151515960693 105.6586685180664 790.9151515960693 154.80006408691406 765.1005249023438 154.80006408691406
768.2071533203125 104.74052429199219 793.8216609954834 104.74052429199219 793.8216609954834 153.69520568847656 768.2071533203125 153.69520568847656
770.7926025390625 103.2963638305664 796.6040439605713 103.2963638305664 796.6040439605713 152.1504898071289 770.7926025390625 152.1504898071289
772.5008544921875 102.01637268066406 799.0074920654297 102.01637268066406 799.0074920654297 151.25354766845703 772.5008544921875 151.25354766845703
775.38916015625 101.5942611694336 801.0552215576172 101.5942611694336 801.0552215576172 150.60587692260742 775.38916015625 150.60587692260742
776.6152954101562 100.19374084472656 803.329870223999 100.19374084472656 803.329870223999 149.29196548461914 776.6152954101562 149.29196548461914
778.7199096679688 99.35135650634766 805.546594619751 99.35135650634766 805.546594619751 149.1268081665039 778.7199096679688 149.1268081665039
780.857177734375 100.32771301269531 807.6771755218506 100.32771301269531 807.6771755218506 150.96702575683594 780.857177734375 150.96702575683594
783.93115234375 98.58280944824219 810.4672183990479 98.58280944824219 810.4672183990479 149.0366973876953 783.93115234375 149.0366973876953
787.0969848632812 98.28205871582031 813.0525875091553 98.28205871582031 813.0525875091553 148.0067481994629 787.0969848632812 148.0067481994629
790.8572998046875 97.87053680419922 816.837854385376 97.87053680419922 816.837854385376 146.20324325561523 790.8572998046875 146.20324325561523
794.3538818359375 98.39199829101562 820.7908115386963 98.39199829101562 820.7908115386963 146.12377166748047 794.3538818359375 146.12377166748047
798.8497314453125 96.62743377685547 824.6414642333984 96.62743377685547 824.6414642333984 145.3254737854004 798.8497314453125 145.3254737854004
803.86767578125 95.82930755615234 829.6507873535156 95.82930755615234 829.6507873535156 144.34060668945312 803.86767578125 144.34060668945312
810.221923828125 95.06437683105469 836.1588077545166 95.06437683105469 836.1588077545166 141.87745666503906 810.221923828125 141.87745666503906
819.8466796875 92.74871063232422 844.8563041687012 92.74871063232422 844.8563041687012 142.76795959472656 819.8466796875 142.76795959472656
827.888671875 92.37489318847656 853.5137481689453 92.37489318847656 853.5137481689453 143.6250457763672 827.888671875 143.6250457763672
839.8275146484375 90.93773651123047 865.288143157959 90.93773651123047 865.288143157959 141.85899353027344 839.8275146484375 141.85899353027344
850.8358154296875 88.91963195800781 876.9493312835693 88.91963195800781 876.9493312835693 139.59438705444336 850.8358154296875 139.59438705444336
863.4622802734375 86.90419006347656 889.1378173828125 86.90419006347656 889.1378173828125 138.25526428222656 863.4622802734375 138.25526428222656
877.01708984375 86.63629913330078 903.0463066101074 86.63629913330078 903.0463066101074 138.69473266601562 877.01708984375 138.69473266601562
889.58349609375 85.80973815917969 915.9890174865723 85.80973815917969 915.9890174865723 138.62078094482422 889.58349609375 138.62078094482422
901.8060302734375 83.68086242675781 928.1484336853027 83.68086242675781 928.1484336853027 136.36566925048828 901.8060302734375 136.36566925048828
913.5027465820312 80.11721801757812 940.124792098999 80.11721801757812 940.124792098999 133.36130905151367 913.5027465820312 133.36130905151367
926.41552734375 77.614990234375 953.1153373718262 77.614990234375 953.1153373718262 131.01461029052734 926.41552734375 131.01461029052734
933.005859375 74.7994155883789 959.0000762939453 74.7994155883789 959.0000762939453 126.78784942626953 933.005859375 126.78784942626953
932.6229248046875 70.33222961425781 959.0 70.33222961425781 959.0 123.08638000488281 932.6229248046875 123.08638000488281
932.3430786132812 121.7151107788086 959.000020980835 121.7151107788086 959.000020980835 175.02899551391602 932.3430786132812 175.02899551391602
932.525390625 123.59465026855469 959.000036239624 123.59465026855469 959.000036239624 176.54394149780273 932.525390625 176.54394149780273
932.9144287109375 122.30094909667969 959.0000648498535 122.30094909667969 959.0000648498535 174.47222137451172 932.9144287109375 174.47222137451172
933.4265747070312 123.9254379272461 959.0000343322754 123.9254379272461 959.0000343322754 175.07235717773438 933.4265747070312 175.07235717773438
933.82763671875 122.86375427246094 958.8701095581055 122.86375427246094 958.8701095581055 172.94869995117188 933.82763671875 172.94869995117188
917.3446044921875 109.89595794677734 941.971508026123 109.89595794677734 941.971508026123 159.14976501464844 917.3446044921875 159.14976501464844
896.5285034179688 120.7345962524414 921.0831470489502 120.7345962524414 921.0831470489502 169.8438835144043 896.5285034179688 169.8438835144043
861.42431640625 149.775634765625 885.8326683044434 149.775634765625 885.8326683044434 198.59233856201172 861.42431640625 198.59233856201172
869.1279296875 178.7183837890625 893.7552375793457 178.7183837890625 893.7552375793457 227.9729995727539 869.1279296875 227.9729995727539
882.5159301757812 197.4980926513672 907.6861839294434 197.4980926513672 907.6861839294434 247.8386001586914 882.5159301757812 247.8386001586914
857.9953002929688 228.8729248046875 882.8980293273926 228.8729248046875 882.8980293273926 278.67838287353516 857.9953002929688 278.67838287353516
831.5802612304688 248.30764770507812 856.5813102722168 248.30764770507812 856.5813102722168 299.3294906616211 831.5802612304688 299.3294906616211
828.8370971679688 250.12863159179688 854.0910396575928 250.12863159179688 854.0910396575928 300.6365165710449 828.8370971679688 300.6365165710449
829.6181640625 253.16958618164062 853.3323783874512 253.16958618164062 853.3323783874512 307.8232612609863 829.6181640625 307.8232612609863
809.9525756835938 258.56011962890625 831.8898220062256 258.56011962890625 831.8898220062256 304.15743255615234 809.9525756835938 304.15743255615234
814.1002197265625 262.3544921875 832.9404048919678 262.3544921875 832.9404048919678 312.35414123535156 814.1002197265625 312.35414123535156
813.1524658203125 264.78570556640625 832.542179107666 264.78570556640625 832.542179107666 316.22119140625 813.1524658203125 316.22119140625
811.0300903320312 267.1004333496094 831.9270839691162 267.1004333496094 831.9270839691162 315.7095146179199 811.0300903320312 315.7095146179199
807.5441284179688 272.1011962890625 828.6557312011719 272.1011962890625 828.6557312011719 318.16368103027344 807.5441284179688 318.16368103027344
801.6857299804688 275.9701232910156 823.7379264831543 275.9701232910156 823.7379264831543 321.0441093444824 801.6857299804688 321.0441093444824
790.0433959960938 273.77789306640625 813.7165603637695 273.77789306640625 813.7165603637695 318.6281280517578 790.0433959960938 318.6281280517578
777.3988037109375 263.4580993652344 802.398027420044 263.4580993652344 802.398027420044 312.9952583312988 777.3988037109375 312.9952583312988
774.984375 266.5905456542969 801.0226783752441 266.5905456542969 801.0226783752441 317.15576553344727 774.984375 317.15576553344727
773.4661865234375 267.5703125 800.177906036377 267.5703125 800.177906036377 321.1188545227051 773.4661865234375 321.1188545227051
766.4478759765625 269.04156494140625 793.3468132019043 269.04156494140625 793.3468132019043 322.78594970703125 766.4478759765625 322.78594970703125
762.5855102539062 269.4266662597656 789.6224327087402 269.4266662597656 789.6224327087402 323.4755325317383 762.5855102539062 323.4755325317383
757.1280517578125 270.72088623046875 785.6690883636475 270.72088623046875 785.6690883636475 325.1619186401367 757.1280517578125 325.1619186401367
751.7369384765625 274.2516174316406 780.2322692871094 274.2516174316406 780.2322692871094 327.50623321533203 751.7369384765625 327.50623321533203
744.2117919921875 275.1541748046875 773.680362701416 275.1541748046875 773.680362701416 326.3222236633301 744.2117919921875 326.3222236633301
736.1971435546875 274.26385498046875 765.9769248962402 274.26385498046875 765.9769248962402 323.8962287902832 736.1971435546875 323.8962287902832
721.83740234375 281.34033203125 750.9776554107666 281.34033203125 750.9776554107666 330.8238754272461 721.83740234375 330.8238754272461
718.1273803710938 281.5690002441406 745.7335090637207 281.5690002441406 745.7335090637207 330.85748291015625 718.1273803710938 330.85748291015625
714.4366455078125 283.38555908203125 740.1559295654297 283.38555908203125 740.1559295654297 333.14630126953125 714.4366455078125 333.14630126953125
712.0404052734375 283.6231384277344 736.9957942962646 283.6231384277344 736.9957942962646 331.33386993408203 712.0404052734375 331.33386993408203
693.4470825195312 271.98504638671875 722.0934410095215 271.98504638671875 722.0934410095215 329.2777633666992 693.4470825195312 329.2777633666992
694.0437622070312 290.8793640136719 720.9270782470703 290.8793640136719 720.9270782470703 339.96462631225586 694.0437622070312 339.96462631225586
690.8997192382812 301.85748291015625 715.4658851623535 301.85748291015625 715.4658851623535 348.9524841308594 690.8997192382812 348.9524841308594
669.3952026367188 308.4320373535156 697.2935066223145 308.4320373535156 697.2935066223145 364.22864532470703 669.3952026367188 364.22864532470703
676.4154052734375 300.71527099609375 700.1441287994385 300.71527099609375 700.1441287994385 342.9394302368164 676.4154052734375 342.9394302368164
673.9635620117188 304.6128845214844 697.2772731781006 304.6128845214844 697.2772731781006 347.9782524108887 673.9635620117188 347.9782524108887
671.2566528320312 305.8598937988281 694.3763675689697 305.8598937988281 694.3763675689697 351.42716217041016 671.2566528320312 351.42716217041016
663.7703247070312 296.3232116699219 692.244421005249 296.3232116699219 692.244421005249 353.2714042663574 663.7703247070312 353.2714042663574
642.9351806640625 305.9862060546875 671.5199947357178 305.9862060546875 671.5199947357178 363.15583419799805 642.9351806640625 363.15583419799805
628.3757934570312 306.81292724609375 657.0167236328125 306.81292724609375 657.0167236328125 364.09478759765625 628.3757934570312 364.09478759765625
635.2810668945312 296.77288818359375 656.2199745178223 296.77288818359375 656.2199745178223 351.75262451171875 635.2810668945312 351.75262451171875
635.794677734375 290.9886169433594 656.9466934204102 290.9886169433594 656.9466934204102 350.47429275512695 635.794677734375 350.47429275512695
637.968505859375 288.30059814453125 660.2578468322754 288.30059814453125 660.2578468322754 350.13658905029297 637.968505859375 350.13658905029297
637.2552490234375 288.7401123046875 661.9717559814453 288.7401123046875 661.9717559814453 350.90367889404297 637.2552490234375 350.90367889404297
635.4216918945312 291.7623596191406 661.5121650695801 291.7623596191406 661.5121650695801 353.8089294433594 635.4216918945312 353.8089294433594
632.6469116210938 294.3500061035156 660.7215938568115 294.3500061035156 660.7215938568115 359.3418273925781 632.6469116210938 359.3418273925781
631.18017578125 295.58782958984375 660.9070625305176 295.58782958984375 660.9070625305176 358.08916091918945 631.18017578125 358.08916091918945
629.9322509765625 296.8148498535156 661.345874786377 296.8148498535156 661.345874786377 358.2356643676758 629.9322509765625 358.2356643676758
631.2476806640625 297.5055847167969 661.9190063476562 297.5055847167969 661.9190063476562 357.5928726196289 631.2476806640625 357.5928726196289
633.2782592773438 297.0204162597656 663.1779232025146 297.0204162597656 663.1779232025146 357.3341293334961 633.2782592773438 357.3341293334961
633.8802490234375 276.34210205078125 666.0526161193848 276.34210205078125 666.0526161193848 340.6868362426758 633.8802490234375 340.6868362426758
585.4577026367188 275.80242919921875 617.4225158691406 275.80242919921875 617.4225158691406 339.7320556640625 585.4577026367188 339.7320556640625
602.645751953125 268.6545715332031 635.0910720825195 268.6545715332031 635.0910720825195 333.5452117919922 602.645751953125 333.5452117919922
609.0933837890625 301.80596923828125 640.8912086486816 301.80596923828125 640.8912086486816 367.88282775878906 609.0933837890625 367.88282775878906
612.9734497070312 296.2993469238281 646.323184967041 296.2993469238281 646.323184967041 362.99881744384766 612.9734497070312 362.99881744384766
617.470703125 292.7835998535156 651.0451545715332 292.7835998535156 651.0451545715332 359.93250274658203 617.470703125 359.93250274658203
615.9387817382812 301.08245849609375 650.4109916687012 301.08245849609375 650.4109916687012 370.0268783569336 615.9387817382812 370.0268783569336
627.6287231445312 298.097412109375 662.4715118408203 298.097412109375 662.4715118408203 367.7829895019531 627.6287231445312 367.7829895019531
637.8719482421875 300.0031433105469 672.873420715332 300.0031433105469 672.873420715332 370.00608825683594 637.8719482421875 370.00608825683594
648.3082275390625 295.979736328125 683.064136505127 295.979736328125 683.064136505127 365.4915542602539 648.3082275390625 365.4915542602539
636.408447265625 284.2640686035156 671.757495880127 284.2640686035156 671.757495880127 354.96216583251953 636.408447265625 354.96216583251953
654.5319213867188 275.3368225097656 690.6883010864258 275.3368225097656 690.6883010864258 347.6495819091797 654.5319213867188 347.6495819091797
656.119140625 253.5260772705078 692.1087799072266 253.5260772705078 692.1087799072266 325.50535583496094 656.119140625 325.50535583496094
642.9157104492188 275.7759094238281 678.6137504577637 275.7759094238281 678.6137504577637 347.17198944091797 642.9157104492188 347.17198944091797
645.4796752929688 272.1490783691406 681.4165000915527 272.1490783691406 681.4165000915527 344.0227279663086 645.4796752929688 344.0227279663086
661.2037353515625 253.4961395263672 696.5016670227051 253.4961395263672 696.5016670227051 324.09200286865234 661.2037353515625 324.09200286865234
661.0299682617188 263.9714660644531 696.4208488464355 263.9714660644531 696.4208488464355 334.7532272338867 661.0299682617188 334.7532272338867
699.120361328125 225.1622314453125 734.9429244995117 225.1622314453125 734.9429244995117 296.80735778808594 699.120361328125 296.80735778808594
699.0662231445312 209.90414428710938 735.9297294616699 209.90414428710938 735.9297294616699 283.6311569213867 699.0662231445312 283.6311569213867
742.2694091796875 187.98141479492188 779.1818733215332 187.98141479492188 779.1818733215332 261.8063430786133 742.2694091796875 261.8063430786133
768.4503173828125 171.70628356933594 805.0563888549805 171.70628356933594 805.0563888549805 244.91842651367188 768.4503173828125 244.91842651367188
765.6806640625 126.60225677490234 802.1203308105469 126.60225677490234 802.1203308105469 199.4815902709961 765.6806640625 199.4815902709961
793.8875732421875 103.9022445678711 830.1791152954102 103.9022445678711 830.1791152954102 173.9683609008789 793.8875732421875 173.9683609008789
810.0128173828125 88.05439758300781 846.6923446655273 88.05439758300781 846.6923446655273 161.4134521484375 810.0128173828125 161.4134521484375
821.1842651367188 80.61866760253906 858.747631072998 80.61866760253906 858.747631072998 155.74539947509766 821.1842651367188 155.74539947509766
833.9755859375 96.60055541992188 871.1970748901367 96.60055541992188 871.1970748901367 171.0435333251953 833.9755859375 171.0435333251953
840.6837768554688 89.9798812866211 878.401969909668 89.9798812866211 878.401969909668 165.41626739501953 840.6837768554688 165.41626739501953
852.4775390625 86.40502166748047 890.0277290344238 86.40502166748047 890.0277290344238 161.50540161132812 852.4775390625 161.50540161132812
859.3152465820312 85.3809585571289 897.8004112243652 85.3809585571289 897.8004112243652 162.35128784179688 859.3152465820312 162.35128784179688
871.4669799804688 79.2874984741211 909.6723098754883 79.2874984741211 909.6723098754883 155.69815826416016 871.4669799804688 155.69815826416016
880.1466064453125 80.1592025756836 918.4528007507324 80.1592025756836 918.4528007507324 156.77159118652344 880.1466064453125 156.77159118652344
904.4451293945312 87.61595153808594 942.7143249511719 87.61595153808594 942.7143249511719 164.1543426513672 904.4451293945312 164.1543426513672
908.2892456054688 75.53271484375 946.4170951843262 75.53271484375 946.4170951843262 151.78841400146484 908.2892456054688 151.78841400146484
916.0872802734375 75.709716796875 954.146354675293 75.709716796875 954.146354675293 151.82786560058594 916.0872802734375 151.82786560058594
916.5291137695312 91.31678771972656 954.0816764831543 91.31678771972656 954.0816764831543 166.42191314697266 916.5291137695312 166.42191314697266
905.0654296875 142.378662109375 942.8106575012207 142.378662109375 942.8106575012207 217.8691177368164 905.0654296875 217.8691177368164
920.6931762695312 163.40614318847656 958.9999732971191 163.40614318847656 958.9999732971191 240.01973724365234 920.6931762695312 240.01973724365234
887.5947265625 170.9340057373047 925.4609107971191 170.9340057373047 925.4609107971191 246.66637420654297 887.5947265625 246.66637420654297
876.1571044921875 170.9449920654297 913.8027038574219 170.9449920654297 913.8027038574219 246.23619079589844 876.1571044921875 246.23619079589844
799.8663330078125 175.25680541992188 835.3858299255371 175.25680541992188 835.3858299255371 253.5647735595703 799.8663330078125 253.5647735595703
802.7313232421875 149.19931030273438 836.4538192749023 149.19931030273438 836.4538192749023 228.40846252441406 802.7313232421875 228.40846252441406
811.3185424804688 148.26585388183594 845.762565612793 148.26585388183594 845.762565612793 228.19931030273438 811.3185424804688 228.19931030273438
820.3435668945312 147.87503051757812 853.8930244445801 147.87503051757812 853.8930244445801 226.6364974975586 820.3435668945312 226.6364974975586
829.3575439453125 146.362060546875 864.887809753418 146.362060546875 864.887809753418 222.8792266845703 829.3575439453125 222.8792266845703
841.4627685546875 144.29446411132812 876.4176292419434 144.29446411132812 876.4176292419434 224.1509246826172 841.4627685546875 224.1509246826172
852.0191650390625 145.75418090820312 889.0804138183594 145.75418090820312 889.0804138183594 222.52605438232422 852.0191650390625 222.52605438232422
865.9837036132812 143.7704315185547 903.6843338012695 143.7704315185547 903.6843338012695 221.0019989013672 865.9837036132812 221.0019989013672
882.0198974609375 144.8910675048828 920.8210525512695 144.8910675048828 920.8210525512695 223.80071258544922 882.0198974609375 223.80071258544922
898.1887817382812 143.28976440429688 936.5826148986816 143.28976440429688 936.5826148986816 220.07743072509766 898.1887817382812 220.07743072509766
914.5806884765625 141.58995056152344 953.5591659545898 141.58995056152344 953.5591659545898 219.54690551757812 914.5806884765625 219.54690551757812
923.1199340820312 137.0610809326172 960.7958297729492 137.0610809326172 960.7958297729492 208.138671875 923.1199340820312 208.138671875
924.4666137695312 164.88302612304688 957.704216003418 164.88302612304688 957.704216003418 231.45024871826172 924.4666137695312 231.45024871826172
923.9241943359375 162.2681121826172 958.999927520752 162.2681121826172 958.999927520752 232.4195785522461 923.9241943359375 232.4195785522461
924.6428833007812 211.17636108398438 959.0000534057617 211.17636108398438 959.0000534057617 279.8907012939453 924.6428833007812 279.8907012939453
925.4847412109375 288.7179260253906 958.999942779541 288.7179260253906 958.999942779541 355.74832916259766 925.4847412109375 355.74832916259766
925.6025390625 223.68411254882812 958.9999580383301 223.68411254882812 958.9999580383301 290.4789505004883 925.6025390625 290.4789505004883
926.3724365234375 180.9575653076172 959.0000114440918 180.9575653076172 959.0000114440918 246.21271514892578 926.3724365234375 246.21271514892578
926.81005859375 176.19288635253906 959.0000076293945 176.19288635253906 959.0000076293945 240.57278442382812 926.81005859375 240.57278442382812
925.9548950195312 174.41827392578125 958.6845779418945 174.41827392578125 958.6845779418945 239.8776397705078 925.9548950195312 239.8776397705078
926.5779418945312 175.14279174804688 958.5363922119141 175.14279174804688 958.5363922119141 239.0596923828125 926.5779418945312 239.0596923828125
927.1892700195312 174.2384490966797 958.9999389648438 174.2384490966797 958.9999389648438 237.8597869873047 927.1892700195312 237.8597869873047
926.40869140625 175.63177490234375 958.4935531616211 175.63177490234375 958.4935531616211 239.80149841308594 926.40869140625 239.80149841308594
926.7706909179688 175.7408905029297 958.6826992034912 175.7408905029297 958.6826992034912 239.5649070739746 926.7706909179688 239.5649070739746
926.8668823242188 174.23765563964844 958.9999694824219 174.23765563964844 958.9999694824219 238.5038299560547 926.8668823242188 238.5038299560547
926.7864379882812 173.3206787109375 959.0000839233398 173.3206787109375 959.0000839233398 237.7479705810547 926.7864379882812 237.7479705810547
926.7860107421875 173.39071655273438 958.9999961853027 173.39071655273438 958.9999961853027 237.81868743896484 926.7860107421875 237.81868743896484
927.2183837890625 172.90176391601562 959.0000705718994 172.90176391601562 959.0000705718994 236.46513748168945 927.2183837890625 236.46513748168945
927.7264404296875 174.38528442382812 958.9999961853027 174.38528442382812 958.9999961853027 236.9323959350586 927.7264404296875 236.9323959350586
927.7868041992188 175.29251098632812 959.0000057220459 175.29251098632812 959.0000057220459 237.71891403198242 927.7868041992188 237.71891403198242
927.712890625 175.22463989257812 958.9999885559082 175.22463989257812 958.9999885559082 237.79883575439453 927.712890625 237.79883575439453
927.5348510742188 173.9863739013672 959.0000038146973 173.9863739013672 959.0000038146973 236.91667938232422 927.5348510742188 236.91667938232422
927.4080200195312 174.4853515625 959.0000400543213 174.4853515625 959.0000400543213 237.66939163208008 927.4080200195312 237.66939163208008
927.6895751953125 174.5784454345703 958.9999885559082 174.5784454345703 958.9999885559082 237.19927215576172 927.6895751953125 237.19927215576172
927.6650390625 173.34829711914062 959.0000972747803 173.34829711914062 959.0000972747803 236.01841354370117 927.6650390625 236.01841354370117
926.8561401367188 172.44215393066406 959.0000228881836 172.44215393066406 959.0000228881836 236.72991943359375 926.8561401367188 236.72991943359375
927.0361328125 190.5702362060547 958.9999885559082 190.5702362060547 958.9999885559082 254.4979476928711 927.0361328125 254.4979476928711
927.51904296875 179.53909301757812 958.9999446868896 179.53909301757812 958.9999446868896 242.50089645385742 927.51904296875 242.50089645385742
928.0402221679688 174.96749877929688 959.0000495910645 174.96749877929688 959.0000495910645 236.88715362548828 928.0402221679688 236.88715362548828
928.3392333984375 175.51394653320312 958.9999084472656 175.51394653320312 958.9999084472656 236.83529663085938 928.3392333984375 236.83529663085938
919.2972412109375 181.29183959960938 949.6308555603027 181.29183959960938 949.6308555603027 241.95906829833984 919.2972412109375 241.95906829833984
929.1843872070312 174.73519897460938 959.0000267028809 174.73519897460938 959.0000267028809 234.3664779663086 929.1843872070312 234.3664779663086
928.9015502929688 187.32382202148438 958.999942779541 187.32382202148438 958.999942779541 247.5206069946289 928.9015502929688 247.5206069946289
928.1842041015625 185.76626586914062 959.0000247955322 185.76626586914062 959.0000247955322 247.39790725708008 928.1842041015625 247.39790725708008
928.1910400390625 162.75698852539062 959.0000400543213 162.75698852539062 959.0000400543213 224.3749885559082 928.1910400390625 224.3749885559082
927.9964599609375 166.00003051757812 958.9999694824219 166.00003051757812 958.9999694824219 228.00704956054688 927.9964599609375 228.00704956054688
928.8839721679688 154.31983947753906 958.9999961853027 154.31983947753906 958.9999961853027 214.55188751220703 928.8839721679688 214.55188751220703
928.8557739257812 93.2724609375 959.0000667572021 93.2724609375 959.0000667572021 153.5610466003418 928.8557739257812 153.5610466003418
928.6521606445312 91.23216247558594 959.0000057220459 91.23216247558594 959.0000057220459 151.92785263061523 928.6521606445312 151.92785263061523
870.7243041992188 102.08492279052734 900.7333488464355 102.08492279052734 900.7333488464355 162.10301208496094 870.7243041992188 162.10301208496094
874.0647583007812 106.99898529052734 904.4132194519043 106.99898529052734 904.4132194519043 167.69590759277344 874.0647583007812 167.69590759277344
880.5029296875 105.16349792480469 910.8774528503418 105.16349792480469 910.8774528503418 165.91254425048828 880.5029296875 165.91254425048828
829.34033203125 124.31111145019531 860.093297958374 124.31111145019531 860.093297958374 185.81704330444336 829.34033203125 185.81704330444336
819.8406372070312 136.3559112548828 850.3598518371582 136.3559112548828 850.3598518371582 197.39434051513672 819.8406372070312 197.39434051513672
831.1359252929688 130.3866729736328 861.1190757751465 130.3866729736328 861.1190757751465 190.35297393798828 831.1359252929688 190.35297393798828
826.63330078125 164.99583435058594 856.7246341705322 164.99583435058594 856.7246341705322 225.1785011291504 826.63330078125 225.1785011291504
844.955078125 151.675048828125 875.1170711517334 151.675048828125 875.1170711517334 211.9990348815918 844.955078125 211.9990348815918
859.5149536132812 124.46112060546875 890.0567169189453 124.46112060546875 890.0567169189453 185.54464721679688 859.5149536132812 185.54464721679688
860.1728515625 155.89710998535156 890.8908882141113 155.89710998535156 890.8908882141113 217.33318328857422 860.1728515625 217.33318328857422
895.1082153320312 190.90797424316406 925.3151950836182 190.90797424316406 925.3151950836182 251.3219337463379 895.1082153320312 251.3219337463379
928.1111450195312 204.63174438476562 958.9999294281006 204.63174438476562 958.9999294281006 266.4093132019043 928.1111450195312 266.4093132019043
927.62109375 207.61865234375 959.0000247955322 207.61865234375 959.0000247955322 270.37651443481445 927.62109375 270.37651443481445
899.6334228515625 183.24472045898438 931.1459197998047 183.24472045898438 931.1459197998047 246.26971435546875 899.6334228515625 246.26971435546875
922.5753784179688 200.6288604736328 954.0193939208984 200.6288604736328 954.0193939208984 263.5168914794922 922.5753784179688 263.5168914794922
928.1654052734375 212.492919921875 958.9999656677246 212.492919921875 958.9999656677246 274.1620407104492 928.1654052734375 274.1620407104492
927.8507080078125 206.86404418945312 959.0000190734863 206.86404418945312 959.0000190734863 269.1626663208008 927.8507080078125 269.1626663208008
910.6364135742188 185.96664428710938 941.8236274719238 185.96664428710938 941.8236274719238 248.34107208251953 910.6364135742188 248.34107208251953
927.7268676757812 200.35450744628906 958.9999694824219 200.35450744628906 958.9999694824219 262.9007110595703 927.7268676757812 262.9007110595703
928.0882568359375 195.37033081054688 959.000020980835 195.37033081054688 959.000020980835 257.1938591003418 928.0882568359375 257.1938591003418
928.0535888671875 195.14695739746094 958.9533176422119 195.14695739746094 958.9533176422119 256.94641494750977 928.0535888671875 256.94641494750977
928.1126708984375 197.719970703125 958.9999752044678 197.719970703125 958.9999752044678 259.49457931518555 928.1126708984375 259.49457931518555
915.3357543945312 206.41317749023438 946.1928596496582 206.41317749023438 946.1928596496582 268.1273880004883 915.3357543945312 268.1273880004883
849.3837890625 236.39712524414062 880.1216335296631 236.39712524414062 880.1216335296631 297.8728141784668 849.3837890625 297.8728141784668
860.66796875 230.5286102294922 891.0901584625244 230.5286102294922 891.0901584625244 291.372989654541 860.66796875 291.372989654541
868.2424926757812 223.6565704345703 898.4382991790771 223.6565704345703 898.4382991790771 284.0481834411621 868.2424926757812 284.0481834411621
873.9981689453125 223.5069122314453 904.5059471130371 223.5069122314453 904.5059471130371 284.52246856689453 873.9981689453125 284.52246856689453
886.71875 224.93252563476562 916.37717628479 224.93252563476562 916.37717628479 284.2493782043457 886.71875 284.2493782043457
894.5626831054688 221.14035034179688 924.8759956359863 221.14035034179688 924.8759956359863 281.76697540283203 894.5626831054688 281.76697540283203
910.0142822265625 220.5542449951172 940.6416721343994 220.5542449951172 940.6416721343994 281.809024810791 910.0142822265625 281.809024810791
916.2693481445312 218.32443237304688 946.8210391998291 218.32443237304688 946.8210391998291 279.4278144836426 916.2693481445312 279.4278144836426
927.6092529296875 220.3145294189453 958.2459621429443 220.3145294189453 958.2459621429443 281.587947845459 927.6092529296875 281.587947845459
928.8712158203125 218.84671020507812 959.0000801086426 218.84671020507812 959.0000801086426 279.1044387817383 928.8712158203125 279.1044387817383
929.2135009765625 212.99948120117188 959.0 212.99948120117188 959.0 272.5724792480469 929.2135009765625 272.5724792480469
928.9588623046875 210.26943969726562 958.9999599456787 210.26943969726562 958.9999599456787 270.35163497924805 928.9588623046875 270.35163497924805
901.740234375 204.28732299804688 931.7158660888672 204.28732299804688 931.7158660888672 264.23858642578125 901.740234375 264.23858642578125
862.6072387695312 168.82249450683594 893.1599731445312 168.82249450683594 893.1599731445312 229.92796325683594 862.6072387695312 229.92796325683594
836.2150268554688 190.62486267089844 867.4565830230713 190.62486267089844 867.4565830230713 253.10797500610352 836.2150268554688 253.10797500610352
815.3565673828125 220.16592407226562 846.9622440338135 220.16592407226562 846.9622440338135 283.3772773742676 815.3565673828125 283.3772773742676
836.080078125 218.5054473876953 867.7011451721191 218.5054473876953 867.7011451721191 281.7475814819336 836.080078125 281.7475814819336
840.1453247070312 220.6538848876953 872.1997528076172 220.6538848876953 872.1997528076172 284.7627410888672 840.1453247070312 284.7627410888672
854.0946044921875 219.1287384033203 886.6370735168457 219.1287384033203 886.6370735168457 284.2136764526367 854.0946044921875 284.2136764526367
870.8743896484375 214.7076873779297 903.80078125 214.7076873779297 903.80078125 280.5604705810547 870.8743896484375 280.5604705810547
881.8865966796875 214.34689331054688 914.8764686584473 214.34689331054688 914.8764686584473 280.3266372680664 881.8865966796875 280.3266372680664
895.2203369140625 208.6344451904297 929.0860710144043 208.6344451904297 929.0860710144043 276.3659133911133 895.2203369140625 276.3659133911133
899.7103271484375 206.71212768554688 934.1248092651367 206.71212768554688 934.1248092651367 275.5410919189453 899.7103271484375 275.5410919189453
897.5343017578125 208.0781707763672 932.2638778686523 208.0781707763672 932.2638778686523 277.5373229980469 897.5343017578125 277.5373229980469
900.56201171875 209.8058319091797 935.1104393005371 209.8058319091797 935.1104393005371 278.9026870727539 900.56201171875 278.9026870727539
911.8394775390625 208.98501586914062 946.0421676635742 208.98501586914062 946.0421676635742 277.39039611816406 911.8394775390625 277.39039611816406
925.2430419921875 213.49490356445312 958.9999961853027 213.49490356445312 958.9999961853027 281.0088119506836 925.2430419921875 281.0088119506836
926.0498046875 213.7988739013672 959.0000381469727 213.7988739013672 959.0000381469727 279.6993408203125 926.0498046875 279.6993408203125
904.6403198242188 217.0556182861328 938.0040168762207 217.0556182861328 938.0040168762207 283.7830123901367 904.6403198242188 283.7830123901367
920.3787841796875 217.7162322998047 953.9069862365723 217.7162322998047 953.9069862365723 284.7726364135742 920.3787841796875 284.7726364135742
923.2527465820312 209.00338745117188 956.743537902832 209.00338745117188 956.743537902832 275.98497009277344 923.2527465820312 275.98497009277344
925.9681396484375 242.6734619140625 958.9999351501465 242.6734619140625 958.9999351501465 308.73705291748047 925.9681396484375 308.73705291748047
926.5514526367188 244.36453247070312 959.0000267028809 244.36453247070312 959.0000267028809 309.26168060302734 926.5514526367188 309.26168060302734
889.5748291015625 209.1548614501953 921.5603790283203 209.1548614501953 921.5603790283203 273.12596130371094 889.5748291015625 273.12596130371094
896.5514526367188 172.90333557128906 928.7384300231934 172.90333557128906 928.7384300231934 237.27729034423828 896.5514526367188 237.27729034423828
885.5562744140625 159.79348754882812 917.9735069274902 159.79348754882812 917.9735069274902 224.6279525756836 885.5562744140625 224.6279525756836
911.3307495117188 160.31907653808594 943.8003082275391 160.31907653808594 943.8003082275391 225.25819396972656 911.3307495117188 225.25819396972656
915.2783203125 171.6329803466797 947.9770736694336 171.6329803466797 947.9770736694336 237.03048706054688 915.2783203125 237.03048706054688
919.67041015625 169.2256317138672 952.5269393920898 169.2256317138672 952.5269393920898 234.93869018554688 919.67041015625 234.93869018554688
914.9666137695312 198.34527587890625 947.2874069213867 198.34527587890625 947.2874069213867 262.9868621826172 914.9666137695312 262.9868621826172
855.5872192382812 212.0663604736328 887.5636253356934 212.0663604736328 887.5636253356934 276.01917266845703 855.5872192382812 276.01917266845703
837.2344970703125 209.84207153320312 869.3839378356934 209.84207153320312 869.3839378356934 274.14095306396484 837.2344970703125 274.14095306396484
836.7262573242188 186.49493408203125 868.4908657073975 186.49493408203125 868.4908657073975 250.02415084838867 836.7262573242188 250.02415084838867
810.8129272460938 136.19711303710938 842.4700222015381 136.19711303710938 842.4700222015381 199.51130294799805 810.8129272460938 199.51130294799805
820.6470947265625 136.5550079345703 852.2666416168213 136.5550079345703 852.2666416168213 199.7941017150879 820.6470947265625 199.7941017150879
827.6340942382812 131.57603454589844 859.5632991790771 131.57603454589844 859.5632991790771 195.43444442749023 827.6340942382812 195.43444442749023
838.0538330078125 136.23098754882812 870.0422668457031 136.23098754882812 870.0422668457031 200.20785522460938 838.0538330078125 200.20785522460938
845.8836669921875 132.0601043701172 877.5035495758057 132.0601043701172 877.5035495758057 195.29986953735352 845.8836669921875 195.29986953735352
854.3717651367188 135.04910278320312 886.1031646728516 135.04910278320312 886.1031646728516 198.51190185546875 854.3717651367188 198.51190185546875
867.3704833984375 137.48751831054688 899.7639770507812 137.48751831054688 899.7639770507812 202.27450561523438 867.3704833984375 202.27450561523438
880.34716796875 134.2212677001953 913.1567153930664 134.2212677001953 913.1567153930664 199.84036254882812 880.34716796875 199.84036254882812
896.453125 138.68551635742188 929.1814575195312 138.68551635742188 929.1814575195312 204.14218139648438 896.453125 204.14218139648438
912.6397705078125 138.06668090820312 945.1364212036133 138.06668090820312 945.1364212036133 203.0599822998047 912.6397705078125 203.0599822998047
925.71240234375 136.24874877929688 958.2000427246094 136.24874877929688 958.2000427246094 201.22402954101562 925.71240234375 201.22402954101562
899.5174560546875 106.38677978515625 932.2689247131348 106.38677978515625 932.2689247131348 171.88971710205078 899.5174560546875 171.88971710205078
888.3040771484375 92.07521057128906 921.2722396850586 92.07521057128906 921.2722396850586 158.01153564453125 888.3040771484375 158.01153564453125
893.064453125 91.25175476074219 925.9103317260742 91.25175476074219 925.9103317260742 156.94351196289062 893.064453125 156.94351196289062
891.9677734375 142.6068115234375 924.6826248168945 142.6068115234375 924.6826248168945 208.03651428222656 891.9677734375 208.03651428222656
890.7550659179688 138.934814453125 923.7904357910156 138.934814453125 923.7904357910156 205.00555419921875 890.7550659179688 205.00555419921875
924.2281494140625 141.41488647460938 958.1058387756348 141.41488647460938 958.1058387756348 209.1702651977539 924.2281494140625 209.1702651977539
924.8078002929688 142.05813598632812 958.9058265686035 142.05813598632812 958.9058265686035 210.25418853759766 924.8078002929688 210.25418853759766
875.9265747070312 131.3353271484375 910.467456817627 131.3353271484375 910.467456817627 200.4170913696289 875.9265747070312 200.4170913696289
876.13818359375 120.54478454589844 910.8291397094727 120.54478454589844 910.8291397094727 189.92669677734375 876.13818359375 189.92669677734375
880.9176635742188 127.76904296875 915.847469329834 127.76904296875 915.847469329834 197.62865447998047 880.9176635742188 197.62865447998047
887.9423828125 123.59916687011719 923.0625305175781 123.59916687011719 923.0625305175781 193.83946228027344 887.9423828125 193.83946228027344
895.4534912109375 123.9522476196289 930.4416542053223 123.9522476196289 930.4416542053223 193.92857360839844 895.4534912109375 193.92857360839844
915.0032958984375 96.02973937988281 950.2869720458984 96.02973937988281 950.2869720458984 166.5970916748047 915.0032958984375 166.5970916748047
913.49462890625 121.09588623046875 948.6831398010254 121.09588623046875 948.6831398010254 191.47290802001953 913.49462890625 191.47290802001953
920.3673706054688 123.36219787597656 955.2446365356445 123.36219787597656 955.2446365356445 193.11672973632812 920.3673706054688 193.11672973632812
921.7513427734375 120.49870300292969 956.9995956420898 120.49870300292969 956.9995956420898 190.99520874023438 921.7513427734375 190.99520874023438
923.8400268554688 119.5021743774414 959.0000534057617 119.5021743774414 959.0000534057617 189.82222747802734 923.8400268554688 189.82222747802734
916.8244018554688 108.35551452636719 951.4090957641602 108.35551452636719 951.4090957641602 177.52490234375 916.8244018554688 177.52490234375
878.6807861328125 102.73112487792969 913.2657508850098 102.73112487792969 913.2657508850098 171.90105438232422 878.6807861328125 171.90105438232422
868.6947021484375 104.82606506347656 902.8829040527344 104.82606506347656 902.8829040527344 173.2024688720703 868.6947021484375 173.2024688720703
838.00830078125 93.59915924072266 872.4234580993652 93.59915924072266 872.4234580993652 162.42947387695312 838.00830078125 162.42947387695312
842.9105224609375 94.5759506225586 876.5631942749023 94.5759506225586 876.5631942749023 161.88129425048828 842.9105224609375 161.88129425048828
831.2713012695312 81.42051696777344 865.2155876159668 81.42051696777344 865.2155876159668 149.30908966064453 831.2713012695312 149.30908966064453
796.7613525390625 13.580940246582031 831.9369697570801 13.580940246582031 831.9369697570801 83.93217468261719 796.7613525390625 83.93217468261719
803.7838134765625 15.531377792358398 839.2488784790039 15.531377792358398 839.2488784790039 86.46150779724121 803.7838134765625 86.46150779724121
807.7060546875 13.285802841186523 843.8096351623535 13.285802841186523 843.8096351623535 85.49296379089355 807.7060546875 85.49296379089355
827.9679565429688 12.804464340209961 864.4257965087891 12.804464340209961 864.4257965087891 85.72014427185059 827.9679565429688 85.72014427185059
820.6896362304688 11.749783515930176 857.4812393188477 11.749783515930176 857.4812393188477 85.33298969268799 820.6896362304688 85.33298969268799
831.337890625 10.36292839050293 867.2086334228516 10.36292839050293 867.2086334228516 82.10441398620605 831.337890625 82.10441398620605
842.6163330078125 8.835393905639648 878.7992782592773 8.835393905639648 878.7992782592773 81.20128440856934 842.6163330078125 81.20128440856934
848.244140625 9.453702926635742 884.4519653320312 9.453702926635742 884.4519653320312 81.86935234069824 848.244140625 81.86935234069824
856.4773559570312 6.409441947937012 892.7725296020508 6.409441947937012 892.7725296020508 78.99978923797607 856.4773559570312 78.99978923797607
862.1912841796875 3.6353516578674316 899.4273452758789 3.6353516578674316 899.4273452758789 78.10747385025024 862.1912841796875 78.10747385025024
873.6590576171875 0.25229722261428833 910.9399185180664 0.25229722261428833 910.9399185180664 74.8140190243721 873.6590576171875 74.8140190243721
883.3353271484375 0.0 919.3556022644043 0.0 919.3556022644043 72.0405502319336 883.3353271484375 72.0405502319336
861.0281372070312 0.5434295535087585 897.4907150268555 0.5434295535087585 897.4907150268555 73.4685851931572 861.0281372070312 73.4685851931572
871.29345703125 0.0 907.5306396484375 0.0 907.5306396484375 72.474365234375 871.29345703125 72.474365234375
881.4103393554688 0.0 918.1061477661133 0.0 918.1061477661133 73.39161682128906 881.4103393554688 73.39161682128906
860.3001098632812 71.49803161621094 897.2532615661621 71.49803161621094 897.2532615661621 145.40433502197266 860.3001098632812 145.40433502197266
855.4054565429688 98.40315246582031 891.9318351745605 98.40315246582031 891.9318351745605 171.4559097290039 855.4054565429688 171.4559097290039
831.5753784179688 85.43119812011719 868.0090789794922 85.43119812011719 868.0090789794922 158.29859924316406 831.5753784179688 158.29859924316406
874.37451171875 87.2174301147461 910.4367980957031 87.2174301147461 910.4367980957031 159.34200286865234 874.37451171875 159.34200286865234
874.4027099609375 95.86044311523438 910.5615768432617 95.86044311523438 910.5615768432617 168.1781768798828 874.4027099609375 168.1781768798828
868.4814453125 99.83181762695312 904.1378860473633 99.83181762695312 904.1378860473633 171.1446990966797 868.4814453125 171.1446990966797
884.5968627929688 100.28931427001953 920.3261795043945 100.28931427001953 920.3261795043945 171.7479476928711 884.5968627929688 171.7479476928711
901.1682739257812 100.0526351928711 937.2973709106445 100.0526351928711 937.2973709106445 172.31082916259766 901.1682739257812 172.31082916259766
916.3865966796875 98.93855285644531 952.1831169128418 98.93855285644531 952.1831169128418 170.5315933227539 916.3865966796875 170.5315933227539
921.8624877929688 100.17655181884766 956.8628768920898 100.17655181884766 956.8628768920898 170.17733001708984 921.8624877929688 170.17733001708984
921.6068115234375 108.5962905883789 957.3923416137695 108.5962905883789 957.3923416137695 180.16735076904297 921.6068115234375 180.16735076904297
847.7149658203125 91.31535339355469 883.4155616760254 91.31535339355469 883.4155616760254 162.71654510498047 847.7149658203125 162.71654510498047
857.5242309570312 94.25187683105469 892.8909111022949 94.25187683105469 892.8909111022949 164.98523712158203 857.5242309570312 164.98523712158203
876.1990356445312 97.7904281616211 912.2506980895996 97.7904281616211 912.2506980895996 169.8937530517578 876.1990356445312 169.8937530517578
896.85009765625 97.25188446044922 933.3559455871582 97.25188446044922 933.3559455871582 170.26358032226562 896.85009765625 170.26358032226562
902.431640625 99.70084381103516 939.397518157959 99.70084381103516 939.397518157959 173.63259887695312 902.431640625 173.63259887695312
856.7718505859375 143.93301391601562 893.1868133544922 143.93301391601562 893.1868133544922 216.762939453125 856.7718505859375 216.762939453125
852.7156372070312 129.3356475830078 889.0531387329102 129.3356475830078 889.0531387329102 202.01065063476562 852.7156372070312 202.01065063476562
843.7078857421875 106.3722915649414 880.0892868041992 106.3722915649414 880.0892868041992 179.13509368896484 843.7078857421875 179.13509368896484
855.9529418945312 79.71958923339844 891.5210342407227 79.71958923339844 891.5210342407227 150.85577392578125 855.9529418945312 150.85577392578125
889.2288818359375 94.18415832519531 925.2190818786621 94.18415832519531 925.2190818786621 166.16455841064453 889.2288818359375 166.16455841064453
863.47265625 129.95999145507812 900.2883911132812 129.95999145507812 900.2883911132812 203.59146118164062 863.47265625 203.59146118164062
863.1077880859375 131.65084838867188 899.7226066589355 131.65084838867188 899.7226066589355 204.88048553466797 863.1077880859375 204.88048553466797
865.3932495117188 137.64041137695312 902.363697052002 137.64041137695312 902.363697052002 211.58130645751953 865.3932495117188 211.58130645751953
881.3232421875 136.80715942382812 918.6061897277832 136.80715942382812 918.6061897277832 211.37305450439453 881.3232421875 211.37305450439453
899.6776123046875 149.0867156982422 936.6601371765137 149.0867156982422 936.6601371765137 223.05176544189453 899.6776123046875 223.05176544189453
907.8099365234375 158.66903686523438 944.7388229370117 158.66903686523438 944.7388229370117 232.5268096923828 907.8099365234375 232.5268096923828
911.962890625 154.5467529296875 949.8610610961914 154.5467529296875 949.8610610961914 230.3430938720703 911.962890625 230.3430938720703
911.0016479492188 152.08486938476562 949.2137908935547 152.08486938476562 949.2137908935547 228.5091552734375 911.0016479492188 228.5091552734375
901.8411865234375 154.49954223632812 940.1869087219238 154.49954223632812 940.1869087219238 231.19098663330078 901.8411865234375 231.19098663330078
867.7120971679688 154.7382354736328 906.6881217956543 154.7382354736328 906.6881217956543 232.6902847290039 867.7120971679688 232.6902847290039
859.1828002929688 153.30276489257812 897.5547370910645 153.30276489257812 897.5547370910645 230.04663848876953 859.1828002929688 230.04663848876953
854.7947387695312 155.39498901367188 893.2741622924805 155.39498901367188 893.2741622924805 232.3538360595703 854.7947387695312 232.3538360595703
861.3927612304688 158.9034423828125 900.4906997680664 158.9034423828125 900.4906997680664 237.0993194580078 861.3927612304688 237.0993194580078
879.2996826171875 159.0564727783203 918.1043128967285 159.0564727783203 918.1043128967285 236.66573333740234 879.2996826171875 236.66573333740234
898.0823364257812 155.8317108154297 937.1147346496582 155.8317108154297 937.1147346496582 233.8965072631836 898.0823364257812 233.8965072631836
899.8262939453125 151.39547729492188 939.7628860473633 151.39547729492188 939.7628860473633 231.26866149902344 899.8262939453125 231.26866149902344
897.8140869140625 142.85000610351562 937.784538269043 142.85000610351562 937.784538269043 222.79090881347656 897.8140869140625 222.79090881347656
895.8654174804688 131.82772827148438 935.5470733642578 131.82772827148438 935.5470733642578 211.1910400390625 895.8654174804688 211.1910400390625
903.7219848632812 123.12754821777344 943.3745079040527 123.12754821777344 943.3745079040527 202.4325942993164 903.7219848632812 202.4325942993164
877.1004638671875 105.07232666015625 916.235481262207 105.07232666015625 916.235481262207 183.3423614501953 877.1004638671875 183.3423614501953
827.8346557617188 36.453956604003906 866.8375663757324 36.453956604003906 866.8375663757324 114.45977783203125 827.8346557617188 114.45977783203125
841.0010986328125 35.04606628417969 880.4630126953125 35.04606628417969 880.4630126953125 113.96989440917969 841.0010986328125 113.96989440917969
849.9056396484375 35.393760681152344 889.0796699523926 35.393760681152344 889.0796699523926 113.7418212890625 849.9056396484375 113.7418212890625
850.9100341796875 41.701026916503906 890.1064262390137 41.701026916503906 890.1064262390137 120.09381103515625 850.9100341796875 120.09381103515625
831.5479736328125 52.66919708251953 870.2515602111816 52.66919708251953 870.2515602111816 130.0763702392578 831.5479736328125 130.0763702392578
807.5086059570312 61.04118728637695 846.0411796569824 61.04118728637695 846.0411796569824 138.1063346862793 807.5086059570312 138.1063346862793
801.3935546875 71.78041076660156 839.7260093688965 71.78041076660156 839.7260093688965 148.44532012939453 801.3935546875 148.44532012939453
834.77099609375 85.52882385253906 873.2117881774902 85.52882385253906 873.2117881774902 162.41040802001953 834.77099609375 162.41040802001953
846.6448974609375 90.47172546386719 885.1682357788086 90.47172546386719 885.1682357788086 167.51840209960938 846.6448974609375 167.51840209960938
875.1082763671875 87.08537292480469 914.0728225708008 87.08537292480469 914.0728225708008 165.01446533203125 875.1082763671875 165.01446533203125
889.94287109375 75.99852752685547 928.3160285949707 75.99852752685547 928.3160285949707 152.74484252929688 889.94287109375 152.74484252929688
902.0458984375 71.00249481201172 940.0940170288086 71.00249481201172 940.0940170288086 147.0987319946289 902.0458984375 147.0987319946289
915.8411254882812 73.25448608398438 953.6520042419434 73.25448608398438 953.6520042419434 148.8762435913086 915.8411254882812 148.8762435913086
913.3487548828125 78.43958282470703 951.4381217956543 78.43958282470703 951.4381217956543 154.61831665039062 913.3487548828125 154.61831665039062
921.0155029296875 107.2986831665039 958.9999885559082 107.2986831665039 958.9999885559082 183.2676544189453 921.0155029296875 183.2676544189453
916.80126953125 111.58543395996094 953.7369346618652 111.58543395996094 953.7369346618652 185.4567642211914 916.80126953125 185.4567642211914
922.9896240234375 109.77244567871094 958.9999656677246 109.77244567871094 958.9999656677246 181.79312896728516 922.9896240234375 181.79312896728516
922.0692138671875 134.5349578857422 958.3127975463867 134.5349578857422 958.3127975463867 207.02212524414062 922.0692138671875 207.02212524414062
923.0540161132812 105.02522277832031 959.4645729064941 105.02522277832031 959.4645729064941 174.55632781982422 923.0540161132812 174.55632781982422
922.7277221679688 104.69801330566406 958.8555793762207 104.69801330566406 958.8555793762207 176.30573272705078 922.7277221679688 176.30573272705078
902.1565551757812 114.49053955078125 938.1781311035156 114.49053955078125 938.1781311035156 186.53369140625 902.1565551757812 186.53369140625
866.4942626953125 120.954345703125 901.5918960571289 120.954345703125 901.5918960571289 191.1496124267578 866.4942626953125 191.1496124267578
868.0863037109375 126.54811096191406 903.836067199707 126.54811096191406 903.836067199707 198.04763793945312 868.0863037109375 198.04763793945312
872.4576416015625 122.56129455566406 908.3487663269043 122.56129455566406 908.3487663269043 193.40557861328125 872.4576416015625 193.40557861328125
879.1246337890625 112.36590576171875 915.2912826538086 112.36590576171875 915.2912826538086 181.0908966064453 879.1246337890625 181.0908966064453
866.0515747070312 108.34095764160156 902.0668106079102 108.34095764160156 902.0668106079102 180.37142944335938 866.0515747070312 180.37142944335938
868.80615234375 137.64620971679688 905.1193618774414 137.64620971679688 905.1193618774414 210.2726287841797 868.80615234375 210.2726287841797
857.7825927734375 134.00924682617188 893.9805297851562 134.00924682617188 893.9805297851562 206.40512084960938 857.7825927734375 206.40512084960938
838.6007690429688 140.132568359375 874.4812393188477 140.132568359375 874.4812393188477 211.8935089111328 838.6007690429688 211.8935089111328
804.5216064453125 131.58181762695312 840.4811172485352 131.58181762695312 840.4811172485352 203.50083923339844 804.5216064453125 203.50083923339844
813.0880126953125 137.88681030273438 849.1208724975586 137.88681030273438 849.1208724975586 209.95252990722656 813.0880126953125 209.95252990722656
824.462890625 143.9804229736328 860.1060829162598 143.9804229736328 860.1060829162598 215.26680755615234 824.462890625 215.26680755615234
835.2990112304688 146.443359375 870.5594253540039 146.443359375 870.5594253540039 216.9641876220703 835.2990112304688 216.9641876220703
840.4542846679688 149.51449584960938 875.8534622192383 149.51449584960938 875.8534622192383 220.31285095214844 840.4542846679688 220.31285095214844
856.6226806640625 151.6600341796875 892.0037879943848 151.6600341796875 892.0037879943848 222.42224884033203 856.6226806640625 222.42224884033203
875.0900268554688 150.6580047607422 909.7407760620117 150.6580047607422 909.7407760620117 219.95950317382812 875.0900268554688 219.95950317382812
892.6402587890625 148.0827178955078 927.636173248291 148.0827178955078 927.636173248291 218.07454681396484 892.6402587890625 218.07454681396484
907.0465698242188 145.685791015625 942.1174468994141 145.685791015625 942.1174468994141 215.82754516601562 907.0465698242188 215.82754516601562
923.6653442382812 140.8618927001953 958.916389465332 140.8618927001953 958.916389465332 211.36398315429688 923.6653442382812 211.36398315429688
924.71728515625 138.5535430908203 959.0000457763672 138.5535430908203 959.0000457763672 207.1190643310547 924.71728515625 207.1190643310547
925.4189453125 138.5992889404297 959.0000495910645 138.5992889404297 959.0000495910645 205.7614974975586 925.4189453125 205.7614974975586
923.0241088867188 178.78855895996094 957.427417755127 178.78855895996094 957.427417755127 247.59517669677734 923.0241088867188 247.59517669677734
925.1701049804688 185.99932861328125 958.9369735717773 185.99932861328125 958.9369735717773 253.53306579589844 925.1701049804688 253.53306579589844
925.2301025390625 145.9560546875 959.0000419616699 145.9560546875 959.0000419616699 213.49593353271484 925.2301025390625 213.49593353271484
925.8756103515625 149.06875610351562 959.0000381469727 149.06875610351562 959.0000381469727 215.31761169433594 925.8756103515625 215.31761169433594
925.4894409179688 150.03494262695312 958.9999542236328 150.03494262695312 958.9999542236328 217.05596923828125 925.4894409179688 217.05596923828125
925.9684448242188 148.68899536132812 959.0000305175781 148.68899536132812 959.0000305175781 214.75216674804688 925.9684448242188 214.75216674804688
926.49560546875 150.9177703857422 958.9999809265137 150.9177703857422 958.9999809265137 215.92652130126953 926.49560546875 215.92652130126953
918.6585693359375 150.879638671875 950.9433441162109 150.879638671875 950.9433441162109 215.44918823242188 918.6585693359375 215.44918823242188
881.2236328125 190.95652770996094 913.7653579711914 190.95652770996094 913.7653579711914 256.03997802734375 881.2236328125 256.03997802734375
863.7005615234375 168.13540649414062 896.1534538269043 168.13540649414062 896.1534538269043 233.04119110107422 863.7005615234375 233.04119110107422
823.45361328125 121.53730773925781 855.8860244750977 121.53730773925781 855.8860244750977 186.40213012695312 823.45361328125 186.40213012695312
807.7808227539062 135.4899444580078 840.3913497924805 135.4899444580078 840.3913497924805 200.71099853515625 807.7808227539062 200.71099853515625
808.5194091796875 139.08901977539062 841.532341003418 139.08901977539062 841.532341003418 205.11488342285156 808.5194091796875 205.11488342285156
834.21630859375 125.19755554199219 866.9675064086914 125.19755554199219 866.9675064086914 190.699951171875 834.21630859375 190.699951171875
829.8199462890625 132.3897247314453 862.8027153015137 132.3897247314453 862.8027153015137 198.35526275634766 829.8199462890625 198.35526275634766
833.1515502929688 137.7789764404297 865.6980400085449 137.7789764404297 865.6980400085449 202.87195587158203 833.1515502929688 202.87195587158203
839.3400268554688 139.93585205078125 871.6477088928223 139.93585205078125 871.6477088928223 204.55121612548828 839.3400268554688 204.55121612548828
848.2966918945312 142.51510620117188 880.771053314209 142.51510620117188 880.771053314209 207.46382904052734 848.2966918945312 207.46382904052734
864.70556640625 140.8677520751953 896.8139953613281 140.8677520751953 896.8139953613281 205.08460998535156 864.70556640625 205.08460998535156
880.16357421875 137.81008911132812 912.4709091186523 137.81008911132812 912.4709091186523 202.4247589111328 880.16357421875 202.4247589111328
890.3677978515625 136.81185913085938 922.5080413818359 136.81185913085938 922.5080413818359 201.09234619140625 890.3677978515625 201.09234619140625
897.7581787109375 134.7906951904297 930.0181045532227 134.7906951904297 930.0181045532227 199.310546875 897.7581787109375 199.310546875
910.3956909179688 133.58831787109375 943.0619277954102 133.58831787109375 943.0619277954102 198.92079162597656 910.3956909179688 198.92079162597656
922.0291748046875 133.98873901367188 955.1286544799805 133.98873901367188 955.1286544799805 200.1876983642578 922.0291748046875 200.1876983642578
926.8746948242188 139.62646484375 959.0000343322754 139.62646484375 959.0000343322754 203.87714385986328 926.8746948242188 203.87714385986328
891.6536254882812 179.00135803222656 924.2919692993164 179.00135803222656 924.2919692993164 244.27804565429688 891.6536254882812 244.27804565429688
870.5379638671875 185.89450073242188 902.7397384643555 185.89450073242188 902.7397384643555 250.2980499267578 870.5379638671875 250.2980499267578
900.8929443359375 176.20407104492188 932.7456607818604 176.20407104492188 932.7456607818604 239.90950393676758 900.8929443359375 239.90950393676758
887.3023681640625 182.0005340576172 919.35791015625 182.0005340576172 919.35791015625 246.1116180419922 887.3023681640625 246.1116180419922
896.8108520507812 182.5971221923828 928.5508155822754 182.5971221923828 928.5508155822754 246.0770492553711 896.8108520507812 246.0770492553711
906.9788818359375 185.19619750976562 938.6053810119629 185.19619750976562 938.6053810119629 248.4491958618164 906.9788818359375 248.4491958618164
920.6609497070312 182.9469757080078 952.472354888916 182.9469757080078 952.472354888916 246.56978607177734 920.6609497070312 246.56978607177734
926.5931396484375 185.20742797851562 959.0000114440918 185.20742797851562 959.0000114440918 250.02117156982422 926.5931396484375 250.02117156982422
926.8082885742188 180.54940795898438 958.9999542236328 180.54940795898438 958.9999542236328 244.9327392578125 926.8082885742188 244.9327392578125
875.2548828125 170.9972381591797 907.3905487060547 170.9972381591797 907.3905487060547 235.26856994628906 875.2548828125 235.26856994628906
881.0671997070312 180.80221557617188 913.4589462280273 180.80221557617188 913.4589462280273 245.58570861816406 881.0671997070312 245.58570861816406
859.42333984375 140.638916015625 892.1800918579102 140.638916015625 892.1800918579102 206.1524200439453 859.42333984375 206.1524200439453
870.5003662109375 138.21644592285156 903.4250450134277 138.21644592285156 903.4250450134277 204.06580352783203 870.5003662109375 204.06580352783203
855.7261962890625 123.5567855834961 888.8035163879395 123.5567855834961 888.8035163879395 189.71142578125 855.7261962890625 189.71142578125
838.9495849609375 136.90243530273438 871.5859451293945 136.90243530273438 871.5859451293945 202.17515563964844 838.9495849609375 202.17515563964844
846.1145629882812 136.56307983398438 878.679931640625 136.56307983398438 878.679931640625 201.69381713867188 846.1145629882812 201.69381713867188
914.3114013671875 136.73394775390625 946.6891098022461 136.73394775390625 946.6891098022461 201.48936462402344 914.3114013671875 201.48936462402344
920.1085205078125 134.541259765625 953.0799789428711 134.541259765625 953.0799789428711 200.4841766357422 920.1085205078125 200.4841766357422
925.0948486328125 133.4161376953125 958.3549346923828 133.4161376953125 958.3549346923828 199.93630981445312 925.0948486328125 199.93630981445312
926.32373046875 133.7546844482422 959.0000228881836 133.7546844482422 959.0000228881836 199.10726928710938 926.32373046875 199.10726928710938
899.4512939453125 110.43095397949219 931.8235130310059 110.43095397949219 931.8235130310059 175.1753921508789 899.4512939453125 175.1753921508789
903.07861328125 109.940185546875 934.8594245910645 109.940185546875 934.8594245910645 173.5018081665039 903.07861328125 173.5018081665039
906.0601806640625 111.78690338134766 937.6406917572021 111.78690338134766 937.6406917572021 174.94792556762695 906.0601806640625 174.94792556762695
905.8873901367188 113.36564636230469 937.0156135559082 113.36564636230469 937.0156135559082 175.6220932006836 905.8873901367188 175.6220932006836
905.3790893554688 117.8109359741211 936.2117824554443 117.8109359741211 936.2117824554443 179.47632217407227 905.3790893554688 179.47632217407227
905.9039306640625 117.37962341308594 936.5082492828369 117.37962341308594 936.5082492828369 178.58826065063477 905.9039306640625 178.58826065063477
904.77685546875 117.5097885131836 936.0344791412354 117.5097885131836 936.0344791412354 180.0250358581543 904.77685546875 180.0250358581543
903.9962768554688 116.49037170410156 935.2731132507324 116.49037170410156 935.2731132507324 179.0440444946289 903.9962768554688 179.0440444946289
900.3167114257812 116.375244140625 931.2517185211182 116.375244140625 931.2517185211182 178.24525833129883 900.3167114257812 178.24525833129883
902.6998901367188 114.84432220458984 934.1003360748291 114.84432220458984 934.1003360748291 177.64521408081055 902.6998901367188 177.64521408081055
902.0479736328125 113.86552429199219 933.6787071228027 113.86552429199219 933.6787071228027 177.12699127197266 902.0479736328125 177.12699127197266
861.5589599609375 123.0888442993164 893.0028266906738 123.0888442993164 893.0028266906738 185.97657775878906 861.5589599609375 185.97657775878906
901.2763671875 130.07467651367188 932.8203067779541 130.07467651367188 932.8203067779541 193.16255569458008 901.2763671875 193.16255569458008
878.7843627929688 127.20051574707031 911.0583877563477 127.20051574707031 911.0583877563477 191.74856567382812 878.7843627929688 191.74856567382812
905.9754638671875 122.6724853515625 938.9978408813477 122.6724853515625 938.9978408813477 188.7172393798828 905.9754638671875 188.7172393798828
889.4421997070312 111.69596862792969 922.6790428161621 111.69596862792969 922.6790428161621 178.1696548461914 889.4421997070312 178.1696548461914
885.6325073242188 106.0445327758789 919.0177764892578 106.0445327758789 919.0177764892578 172.81507110595703 885.6325073242188 172.81507110595703
915.8453979492188 113.01167297363281 948.9044151306152 113.01167297363281 948.9044151306152 179.12970733642578 915.8453979492188 179.12970733642578
926.890625 114.6523208618164 959.0000228881836 114.6523208618164 959.0000228881836 178.8711166381836 926.890625 178.8711166381836
925.7008056640625 115.89404296875 957.6088161468506 115.89404296875 957.6088161468506 179.71006393432617 925.7008056640625 179.71006393432617
919.5247802734375 115.79422760009766 951.7668952941895 115.79422760009766 951.7668952941895 180.27845764160156 919.5247802734375 180.27845764160156
899.8970947265625 114.22412109375 931.8927154541016 114.22412109375 931.8927154541016 178.21536254882812 899.8970947265625 178.21536254882812
913.4937744140625 117.7325439453125 944.9010276794434 117.7325439453125 944.9010276794434 180.54705047607422 913.4937744140625 180.54705047607422
913.2374267578125 121.04682922363281 944.3865242004395 121.04682922363281 944.3865242004395 183.34502410888672 913.2374267578125 183.34502410888672
909.6687622070312 120.11299133300781 940.5587558746338 120.11299133300781 940.5587558746338 181.8929786682129 909.6687622070312 181.8929786682129
906.9024658203125 117.97984313964844 937.8126678466797 117.97984313964844 937.8126678466797 179.8002471923828 906.9024658203125 179.8002471923828
914.7682495117188 110.06132507324219 945.907299041748 110.06132507324219 945.907299041748 172.33942413330078 914.7682495117188 172.33942413330078
915.8189697265625 111.81495666503906 947.1882877349854 111.81495666503906 947.1882877349854 174.55359268188477 915.8189697265625 174.55359268188477
908.2822265625 119.53118896484375 939.3949775695801 119.53118896484375 939.3949775695801 181.7566909790039 908.2822265625 181.7566909790039
910.8914184570312 119.756103515625 941.660665512085 119.756103515625 941.660665512085 181.29459762573242 910.8914184570312 181.29459762573242
911.6988525390625 120.79951477050781 941.9686183929443 120.79951477050781 941.9686183929443 181.33904647827148 911.6988525390625 181.33904647827148
912.3497314453125 118.7071304321289 942.1674556732178 118.7071304321289 942.1674556732178 178.34257888793945 912.3497314453125 178.34257888793945
912.5936279296875 119.61263275146484 942.4369316101074 119.61263275146484 942.4369316101074 179.2992401123047 912.5936279296875 179.2992401123047
909.9074096679688 117.63417053222656 939.7781524658203 117.63417053222656 939.7781524658203 177.3756561279297 909.9074096679688 177.3756561279297
905.4514770507812 116.61800384521484 935.9336891174316 116.61800384521484 935.9336891174316 177.58242797851562 905.4514770507812 177.58242797851562
900.4754638671875 116.06217956542969 930.8842163085938 116.06217956542969 930.8842163085938 176.8796844482422 900.4754638671875 176.8796844482422
900.984375 115.44710540771484 930.9992370605469 115.44710540771484 930.9992370605469 175.4768295288086 900.984375 175.4768295288086
899.82080078125 114.56134033203125 929.5996513366699 114.56134033203125 929.5996513366699 174.1190414428711 899.82080078125 174.1190414428711
897.9124145507812 114.52193450927734 927.4695224761963 114.52193450927734 927.4695224761963 173.63615036010742 897.9124145507812 173.63615036010742
893.0481567382812 116.29815673828125 922.7094612121582 116.29815673828125 922.7094612121582 175.62076568603516 893.0481567382812 175.62076568603516
891.9295043945312 118.16363525390625 921.2989559173584 118.16363525390625 921.2989559173584 176.90253829956055 891.9295043945312 176.90253829956055
893.1452026367188 118.9513931274414 921.9249725341797 118.9513931274414 921.9249725341797 176.51093292236328 893.1452026367188 176.51093292236328
892.44140625 119.0329818725586 920.5842685699463 119.0329818725586 920.5842685699463 175.31870651245117 892.44140625 175.31870651245117
892.318359375 119.65201568603516 920.6230812072754 119.65201568603516 920.6230812072754 176.26145935058594 892.318359375 176.26145935058594
893.85595703125 119.29695129394531 921.9928894042969 119.29695129394531 921.9928894042969 175.57081604003906 893.85595703125 175.57081604003906
895.1790771484375 117.76872253417969 923.7754611968994 117.76872253417969 923.7754611968994 174.96149063110352 895.1790771484375 174.96149063110352
896.5134887695312 116.84130859375 924.8948307037354 116.84130859375 924.8948307037354 173.6039924621582 896.5134887695312 173.6039924621582
895.9727783203125 116.88348388671875 924.0245933532715 116.88348388671875 924.0245933532715 172.98711395263672 895.9727783203125 172.98711395263672
893.5244140625 115.59869384765625 921.6304359436035 115.59869384765625 921.6304359436035 171.81073760986328 893.5244140625 171.81073760986328
890.8892822265625 115.55149841308594 918.919361114502 115.55149841308594 918.919361114502 171.61165618896484 890.8892822265625 171.61165618896484
888.8070068359375 115.39115142822266 916.7829475402832 115.39115142822266 916.7829475402832 171.34303283691406 888.8070068359375 171.34303283691406
891.0255737304688 113.8468017578125 918.9982604980469 113.8468017578125 918.9982604980469 169.79217529296875 891.0255737304688 169.79217529296875
891.6755981445312 111.3392333984375 919.4864540100098 111.3392333984375 919.4864540100098 166.96094512939453 891.6755981445312 166.96094512939453
891.5645751953125 111.7058334350586 919.9997367858887 111.7058334350586 919.9997367858887 168.57615661621094 891.5645751953125 168.57615661621094
893.3728637695312 111.4578628540039 921.2062797546387 111.4578628540039 921.2062797546387 167.12469482421875 893.3728637695312 167.12469482421875
895.3480224609375 112.71897888183594 923.5716342926025 112.71897888183594 923.5716342926025 169.16620254516602 895.3480224609375 169.16620254516602
895.2976684570312 113.50032043457031 924.0482139587402 113.50032043457031 924.0482139587402 171.00141143798828 895.2976684570312 171.00141143798828
899.0969848632812 114.8420181274414 927.2464752197266 114.8420181274414 927.2464752197266 171.14099884033203 899.0969848632812 171.14099884033203
902.9864501953125 116.05714416503906 931.3221282958984 116.05714416503906 931.3221282958984 172.72850036621094 902.9864501953125 172.72850036621094
907.34716796875 117.6190414428711 935.6267890930176 117.6190414428711 935.6267890930176 174.17828369140625 907.34716796875 174.17828369140625
907.6618041992188 117.51116943359375 936.5085105895996 117.51116943359375 936.5085105895996 175.20458221435547 907.6618041992188 175.20458221435547
909.5618896484375 118.46952819824219 938.1321048736572 118.46952819824219 938.1321048736572 175.60995864868164 909.5618896484375 175.60995864868164
911.04833984375 117.64715576171875 939.3699951171875 117.64715576171875 939.3699951171875 174.29046630859375 911.04833984375 174.29046630859375
912.2987060546875 119.1411361694336 940.3050537109375 119.1411361694336 940.3050537109375 175.1538314819336 912.2987060546875 175.1538314819336
914.4805908203125 119.33460998535156 942.9448547363281 119.33460998535156 942.9448547363281 176.2631378173828 914.4805908203125 176.2631378173828
917.1212768554688 118.2883071899414 945.7034206390381 118.2883071899414 945.7034206390381 175.45259475708008 917.1212768554688 175.45259475708008
930.1361083984375 102.9312515258789 958.5041847229004 102.9312515258789 958.5041847229004 159.6674041748047 930.1361083984375 159.6674041748047
931.3680419921875 101.86193084716797 958.9999580383301 101.86193084716797 958.9999580383301 157.12576293945312 931.3680419921875 157.12576293945312
931.7611083984375 103.28138732910156 958.9999885559082 103.28138732910156 958.9999885559082 157.75914764404297 931.7611083984375 157.75914764404297
930.9599609375 103.82176208496094 958.9999847412109 103.82176208496094 958.9999847412109 159.9018096923828 930.9599609375 159.9018096923828
930.1179809570312 110.47724914550781 958.9140281677246 110.47724914550781 958.9140281677246 168.06934356689453 930.1179809570312 168.06934356689453
929.4429931640625 109.35552978515625 958.9999847412109 109.35552978515625 958.9999847412109 168.46951293945312 929.4429931640625 168.46951293945312
929.4929809570312 116.0164566040039 958.9999580383301 116.0164566040039 958.9999580383301 175.03041076660156 929.4929809570312 175.03041076660156
929.60595703125 117.83013916015625 958.9999580383301 117.83013916015625 958.9999580383301 176.6181411743164 929.60595703125 176.6181411743164
930.4544677734375 115.6364974975586 959.0000114440918 115.6364974975586 959.0000114440918 172.7275848388672 930.4544677734375 172.7275848388672
931.1051635742188 116.18827056884766 959.000020980835 116.18827056884766 959.000020980835 171.97798538208008 931.1051635742188 171.97798538208008
930.6287231445312 116.16717529296875 959.0000305175781 116.16717529296875 959.0000305175781 172.9097900390625 930.6287231445312 172.9097900390625
930.4049682617188 112.46324157714844 958.9999732971191 112.46324157714844 958.9999732971191 169.65325164794922 930.4049682617188 169.65325164794922
929.3499755859375 115.0909423828125 959.0000190734863 115.0909423828125 959.0000190734863 174.39102935791016 929.3499755859375 174.39102935791016
929.5338134765625 113.6676025390625 958.9999942779541 113.6676025390625 958.9999942779541 172.5999641418457 929.5338134765625 172.5999641418457
929.0055541992188 115.71297454833984 958.9999542236328 115.71297454833984 958.9999542236328 175.70177459716797 929.0055541992188 175.70177459716797
929.0531005859375 109.40196228027344 958.9999942779541 109.40196228027344 958.9999942779541 169.29574966430664 929.0531005859375 169.29574966430664
929.2296142578125 109.53285217285156 959.0000247955322 109.53285217285156 959.0000247955322 169.07367324829102 929.2296142578125 169.07367324829102
929.72119140625 111.03895568847656 959.0 111.03895568847656 959.0 169.59657287597656 929.72119140625 169.59657287597656
930.0350341796875 112.8547134399414 959.0000114440918 112.8547134399414 959.0000114440918 170.78466796875 930.0350341796875 170.78466796875
930.2234497070312 107.8776626586914 959.0000095367432 107.8776626586914 959.0000095367432 165.43078231811523 930.2234497070312 165.43078231811523
930.4515380859375 109.29039001464844 958.9999046325684 109.29039001464844 958.9999046325684 166.38712310791016 930.4515380859375 166.38712310791016
930.13232421875 109.33326721191406 959.0000190734863 109.33326721191406 959.0000190734863 167.06865692138672 930.13232421875 167.06865692138672
925.4638671875 106.96406555175781 954.8606109619141 106.96406555175781 954.8606109619141 165.75755310058594 925.4638671875 165.75755310058594
888.0306396484375 123.7044677734375 917.2196407318115 123.7044677734375 917.2196407318115 182.08246994018555 888.0306396484375 182.08246994018555
929.3600463867188 79.59783172607422 959.0000095367432 79.59783172607422 959.0000095367432 138.87775802612305 929.3600463867188 138.87775802612305
930.1062622070312 77.37834930419922 958.9999504089355 77.37834930419922 958.9999504089355 135.1657257080078 930.1062622070312 135.1657257080078
930.5431518554688 77.46578216552734 958.9999694824219 77.46578216552734 958.9999694824219 134.3794174194336 930.5431518554688 134.3794174194336
930.9530029296875 77.92292785644531 958.9999942779541 77.92292785644531 958.9999942779541 134.01691055297852 930.9530029296875 134.01691055297852
931.0048828125 103.34230041503906 958.863697052002 103.34230041503906 958.863697052002 159.05992889404297 931.0048828125 159.05992889404297
905.4729614257812 104.7420654296875 933.5589656829834 104.7420654296875 933.5589656829834 160.9140739440918 905.4729614257812 160.9140739440918
902.0718994140625 110.22270202636719 930.1117858886719 110.22270202636719 930.1117858886719 166.30247497558594 902.0718994140625 166.30247497558594
904.3787841796875 134.69134521484375 932.5762634277344 134.69134521484375 932.5762634277344 191.0863037109375 904.3787841796875 191.0863037109375
911.025390625 131.914306640625 939.4231147766113 131.914306640625 939.4231147766113 188.70975494384766 911.025390625 188.70975494384766
915.3743286132812 134.37100219726562 943.6140232086182 134.37100219726562 943.6140232086182 190.85039138793945 915.3743286132812 190.85039138793945
918.9495849609375 135.2303466796875 946.9125862121582 135.2303466796875 946.9125862121582 191.1563491821289 918.9495849609375 191.1563491821289
929.9846801757812 130.72634887695312 958.5997924804688 130.72634887695312 958.5997924804688 187.95657348632812 929.9846801757812 187.95657348632812
929.7203979492188 132.87625122070312 958.6411094665527 132.87625122070312 958.6411094665527 190.7176742553711 929.7203979492188 190.7176742553711
930.1505126953125 137.50587463378906 958.9283084869385 137.50587463378906 958.9283084869385 195.06146621704102 930.1505126953125 195.06146621704102
929.3985595703125 138.91134643554688 958.896032333374 138.91134643554688 958.896032333374 197.90629196166992 929.3985595703125 197.90629196166992
929.4058837890625 138.20306396484375 958.999979019165 138.20306396484375 958.999979019165 197.39125442504883 929.4058837890625 197.39125442504883
929.02294921875 137.5936279296875 958.9999580383301 137.5936279296875 958.9999580383301 197.54764556884766 929.02294921875 197.54764556884766
929.5642700195312 135.60269165039062 958.9999809265137 135.60269165039062 958.9999809265137 194.47411346435547 929.5642700195312 194.47411346435547
929.4056396484375 135.43931579589844 958.9999179840088 135.43931579589844 958.9999179840088 194.62787246704102 929.4056396484375 194.62787246704102
928.88232421875 137.57864379882812 958.999927520752 137.57864379882812 958.999927520752 197.81385040283203 928.88232421875 197.81385040283203
928.18359375 135.66946411132812 959.0000057220459 135.66946411132812 959.0000057220459 197.30228805541992 928.18359375 197.30228805541992
927.2052001953125 136.2239227294922 959.0000495910645 136.2239227294922 959.0000495910645 199.8136215209961 927.2052001953125 199.8136215209961
926.4786376953125 133.91050720214844 958.9999656677246 133.91050720214844 958.9999656677246 198.95316314697266 926.4786376953125 198.95316314697266
914.4010009765625 135.9358367919922 947.1836204528809 135.9358367919922 947.1836204528809 201.5010757446289 914.4010009765625 201.5010757446289
860.8779296875 150.5985870361328 894.3071022033691 150.5985870361328 894.3071022033691 212.2534523010254 860.8779296875 212.2534523010254
871.9556884765625 131.84764099121094 903.3762321472168 131.84764099121094 903.3762321472168 194.68872833251953 871.9556884765625 194.68872833251953
858.8804931640625 151.6475830078125 890.7628211975098 151.6475830078125 890.7628211975098 209.74279022216797 858.8804931640625 209.74279022216797
857.9307861328125 155.00579833984375 889.3033962249756 155.00579833984375 889.3033962249756 217.75101852416992 857.9307861328125 217.75101852416992
851.712890625 157.77389526367188 883.6119041442871 157.77389526367188 883.6119041442871 221.5719223022461 851.712890625 221.5719223022461
839.2222900390625 155.05531311035156 871.9014282226562 155.05531311035156 871.9014282226562 220.41358947753906 839.2222900390625 220.41358947753906
828.9324951171875 157.89950561523438 861.8441505432129 157.89950561523438 861.8441505432129 223.72281646728516 828.9324951171875 223.72281646728516
813.5780029296875 159.62130737304688 847.3383483886719 159.62130737304688 847.3383483886719 227.14199829101562 813.5780029296875 227.14199829101562
797.0706787109375 159.05137634277344 830.735652923584 159.05137634277344 830.735652923584 226.3813247680664 797.0706787109375 226.3813247680664
788.543701171875 159.81565856933594 822.3627967834473 159.81565856933594 822.3627967834473 227.45384979248047 788.543701171875 227.45384979248047
788.4658203125 159.2162322998047 822.5234794616699 159.2162322998047 822.5234794616699 227.33155059814453 788.4658203125 227.33155059814453
787.7748413085938 162.7909393310547 821.5328903198242 162.7909393310547 821.5328903198242 230.30703735351562 787.7748413085938 230.30703735351562
798.0317993164062 164.2200927734375 831.8789176940918 164.2200927734375 831.8789176940918 231.9143295288086 798.0317993164062 231.9143295288086
815.2315063476562 159.57638549804688 848.4733200073242 159.57638549804688 848.4733200073242 226.0600128173828 815.2315063476562 226.0600128173828
828.3370971679688 153.506103515625 861.6572189331055 153.506103515625 861.6572189331055 220.14634704589844 828.3370971679688 220.14634704589844
840.2786254882812 143.90121459960938 873.0743522644043 143.90121459960938 873.0743522644043 209.49266815185547 840.2786254882812 209.49266815185547
848.3186645507812 137.33889770507812 881.4733467102051 137.33889770507812 881.4733467102051 203.64826202392578 848.3186645507812 203.64826202392578
850.4622802734375 135.304931640625 883.0090827941895 135.304931640625 883.0090827941895 200.3985366821289 850.4622802734375 200.3985366821289
852.5895385742188 133.52499389648438 885.0440521240234 133.52499389648438 885.0440521240234 195.4820785522461 852.5895385742188 195.4820785522461
863.0134887695312 129.50787353515625 894.5454368591309 129.50787353515625 894.5454368591309 188.62984085083008 863.0134887695312 188.62984085083008
874.7301635742188 125.81343078613281 906.1347103118896 125.81343078613281 906.1347103118896 185.90210342407227 874.7301635742188 185.90210342407227
887.4484252929688 122.09870910644531 918.391918182373 122.09870910644531 918.391918182373 183.9856948852539 887.4484252929688 183.9856948852539
894.4569091796875 119.23802185058594 925.8589363098145 119.23802185058594 925.8589363098145 182.04207611083984 894.4569091796875 182.04207611083984
901.7091674804688 121.1373291015625 933.5583305358887 121.1373291015625 933.5583305358887 184.83565521240234 901.7091674804688 184.83565521240234
908.2060546875 126.7482681274414 940.8222885131836 126.7482681274414 940.8222885131836 188.3023567199707 908.2060546875 188.3023567199707
917.7625732421875 132.35308837890625 949.7956352233887 132.35308837890625 949.7956352233887 193.55939865112305 917.7625732421875 193.55939865112305
926.2604370117188 134.233642578125 958.2482643127441 134.233642578125 958.2482643127441 198.20929718017578 926.2604370117188 198.20929718017578
927.2789306640625 151.61541748046875 959.0000305175781 151.61541748046875 959.0000305175781 215.0576171875 927.2789306640625 215.0576171875
927.36328125 150.4363555908203 959.0000057220459 150.4363555908203 959.0000057220459 213.7098045349121 927.36328125 213.7098045349121
927.9713134765625 152.17617797851562 959.000057220459 152.17617797851562 959.000057220459 214.2336654663086 927.9713134765625 214.2336654663086
928.0311279296875 136.84483337402344 958.999942779541 136.84483337402344 958.999942779541 198.78246307373047 928.0311279296875 198.78246307373047
928.0916137695312 159.6906280517578 958.9999198913574 159.6906280517578 958.9999198913574 221.50724029541016 928.0916137695312 221.50724029541016
928.4039916992188 158.72927856445312 958.9999732971191 158.72927856445312 958.9999732971191 219.9212417602539 928.4039916992188 219.9212417602539
928.271484375 156.36642456054688 958.9999504089355 156.36642456054688 958.9999504089355 217.82335662841797 928.271484375 217.82335662841797
928.1189575195312 175.84481811523438 959.0000190734863 175.84481811523438 959.0000190734863 237.60694122314453 928.1189575195312 237.60694122314453
928.5621337890625 178.95651245117188 958.9999446868896 178.95651245117188 958.9999446868896 239.83213424682617 928.5621337890625 239.83213424682617
928.0441284179688 181.3853302001953 958.9999961853027 181.3853302001953 958.9999961853027 243.29706573486328 928.0441284179688 243.29706573486328
928.5187377929688 209.72030639648438 958.9999084472656 209.72030639648438 958.9999084472656 270.6826477050781 928.5187377929688 270.6826477050781
907.6707153320312 222.4491729736328 938.2340965270996 222.4491729736328 938.2340965270996 283.57593536376953 907.6707153320312 283.57593536376953
895.9888916015625 206.78359985351562 926.6202754974365 206.78359985351562 926.6202754974365 268.0463676452637 895.9888916015625 268.0463676452637
928.08203125 227.2085723876953 958.7534847259521 227.2085723876953 958.7534847259521 289.4572067260742 928.08203125 289.4572067260742
928.4892578125 229.15866088867188 958.9999580383301 229.15866088867188 958.9999580383301 290.18006134033203 928.4892578125 290.18006134033203
928.8343505859375 228.5468292236328 958.9999294281006 228.5468292236328 958.9999294281006 288.877986907959 928.8343505859375 288.877986907959
865.7294921875 211.99526977539062 895.789119720459 211.99526977539062 895.789119720459 272.1145248413086 865.7294921875 272.1145248413086
851.8714599609375 206.8758087158203 881.1685848236084 206.8758087158203 881.1685848236084 265.4700584411621 851.8714599609375 265.4700584411621
867.6656494140625 207.6294708251953 896.5693759918213 207.6294708251953 896.5693759918213 265.4369239807129 867.6656494140625 265.4369239807129
862.11962890625 210.7349395751953 890.5914001464844 210.7349395751953 890.5914001464844 267.67848205566406 862.11962890625 267.67848205566406
863.4254760742188 211.77603149414062 891.6376838684082 211.77603149414062 891.6376838684082 268.20044708251953 863.4254760742188 268.20044708251953
861.9512939453125 210.0317840576172 889.9905300140381 210.0317840576172 889.9905300140381 266.11025619506836 861.9512939453125 266.11025619506836
862.31103515625 209.14389038085938 890.2519416809082 209.14389038085938 890.2519416809082 265.0257034301758 862.31103515625 265.0257034301758
864.0853271484375 209.9171142578125 891.8830604553223 209.9171142578125 891.8830604553223 265.51258087158203 864.0853271484375 265.51258087158203
869.54638671875 202.68954467773438 897.3738212585449 202.68954467773438 897.3738212585449 258.3444137573242 869.54638671875 258.3444137573242
870.0617065429688 203.1206512451172 897.2233943939209 203.1206512451172 897.2233943939209 257.4440269470215 870.0617065429688 257.4440269470215
869.7498779296875 201.19918823242188 896.8929252624512 201.19918823242188 896.8929252624512 255.48528289794922 869.7498779296875 255.48528289794922
868.0543212890625 198.4775390625 895.2004508972168 198.4775390625 895.2004508972168 252.7697982788086 868.0543212890625 252.7697982788086
870.5783081054688 195.33224487304688 897.6154747009277 195.33224487304688 897.6154747009277 249.40657806396484 870.5783081054688 249.40657806396484
868.5056762695312 201.46566772460938 895.3794193267822 201.46566772460938 895.3794193267822 255.21315383911133 868.5056762695312 255.21315383911133
868.9197998046875 196.07720947265625 895.955623626709 196.07720947265625 895.955623626709 250.14885711669922 868.9197998046875 250.14885711669922
868.6458740234375 192.9716339111328 895.5076847076416 192.9716339111328 895.5076847076416 246.69525527954102 868.6458740234375 246.69525527954102
867.1193237304688 194.23110961914062 893.6579399108887 194.23110961914062 893.6579399108887 247.30834197998047 867.1193237304688 247.30834197998047
866.2692260742188 196.37673950195312 892.6240653991699 196.37673950195312 892.6240653991699 249.08641815185547 866.2692260742188 249.08641815185547
871.6251220703125 186.6204071044922 897.9241390228271 186.6204071044922 897.9241390228271 239.21844100952148 871.6251220703125 239.21844100952148
866.7706298828125 183.49102783203125 893.5139617919922 183.49102783203125 893.5139617919922 236.97769165039062 866.7706298828125 236.97769165039062
871.8673706054688 187.6051483154297 898.5837669372559 187.6051483154297 898.5837669372559 241.0379409790039 871.8673706054688 241.0379409790039
864.7578125 195.299560546875 891.6049251556396 195.299560546875 891.6049251556396 248.9937858581543 864.7578125 248.9937858581543
877.4051513671875 207.74508666992188 904.6653900146484 207.74508666992188 904.6653900146484 262.26556396484375 877.4051513671875 262.26556396484375
870.0452880859375 216.3647918701172 896.6983680725098 216.3647918701172 896.6983680725098 269.6709518432617 870.0452880859375 269.6709518432617
887.6942138671875 204.24862670898438 914.4865303039551 204.24862670898438 914.4865303039551 257.83325958251953 887.6942138671875 257.83325958251953
889.7981567382812 204.889404296875 916.530553817749 204.889404296875 916.530553817749 258.35419845581055 889.7981567382812 258.35419845581055
893.4230346679688 208.704345703125 920.3747673034668 208.704345703125 920.3747673034668 262.6078109741211 893.4230346679688 262.6078109741211
896.4684448242188 209.3508758544922 922.8056526184082 209.3508758544922 922.8056526184082 262.0252914428711 896.4684448242188 262.0252914428711
905.1495361328125 207.6694793701172 931.5844612121582 207.6694793701172 931.5844612121582 260.5393295288086 905.1495361328125 260.5393295288086
925.8089599609375 213.7196807861328 951.6837253570557 213.7196807861328 951.6837253570557 264.01049423217773 925.8089599609375 264.01049423217773
933.7877197265625 206.09323120117188 959.0000190734863 206.09323120117188 959.0000190734863 256.51782989501953 933.7877197265625 256.51782989501953
929.7415771484375 202.53140258789062 954.2111206054688 202.53140258789062 954.2111206054688 251.47048950195312 929.7415771484375 251.47048950195312
934.9885864257812 205.51925659179688 958.9999885559082 205.51925659179688 958.9999885559082 253.54206085205078 934.9885864257812 253.54206085205078
935.2271728515625 214.7955780029297 959.0000343322754 214.7955780029297 959.0000343322754 262.34130096435547 935.2271728515625 262.34130096435547
935.3272705078125 204.85888671875 959.0000457763672 204.85888671875 959.0000457763672 252.20443725585938 935.3272705078125 252.20443725585938
935.0250244140625 204.7527618408203 959.0000095367432 204.7527618408203 959.0000095367432 252.70273208618164 935.0250244140625 252.70273208618164
935.3255615234375 213.40353393554688 958.9999351501465 213.40353393554688 958.9999351501465 260.75228118896484 935.3255615234375 260.75228118896484
935.39697265625 211.63693237304688 958.9999885559082 211.63693237304688 958.9999885559082 258.8429641723633 935.39697265625 258.8429641723633
935.4124755859375 213.09616088867188 958.9998664855957 213.09616088867188 958.9998664855957 260.2709426879883 935.4124755859375 260.2709426879883
935.3138427734375 214.53469848632812 958.9999046325684 214.53469848632812 958.9999046325684 261.90682220458984 935.3138427734375 261.90682220458984
935.396484375 212.2218780517578 959.0000648498535 212.2218780517578 959.0000648498535 259.42903900146484 935.396484375 259.42903900146484
935.2849731445312 210.3750457763672 958.9999465942383 210.3750457763672 958.9999465942383 257.80499267578125 935.2849731445312 257.80499267578125
935.1969604492188 208.2074737548828 959.0000495910645 208.2074737548828 959.0000495910645 255.81365203857422 935.1969604492188 255.81365203857422
935.1779174804688 206.6721649169922 958.9999656677246 206.6721649169922 958.9999656677246 254.3162612915039 935.1779174804688 254.3162612915039
935.1941528320312 254.8789520263672 959.000072479248 254.8789520263672 959.000072479248 302.4907913208008 935.1941528320312 302.4907913208008
935.5467529296875 203.3853759765625 958.9999351501465 203.3853759765625 958.9999351501465 250.29174041748047 935.5467529296875 250.29174041748047
927.1455078125 206.2978057861328 949.9538764953613 206.2978057861328 949.9538764953613 251.91454315185547 927.1455078125 251.91454315185547
905.2732543945312 234.8870849609375 928.0907707214355 234.8870849609375 928.0907707214355 280.5221176147461 905.2732543945312 280.5221176147461
907.6844482421875 236.1862030029297 930.1691474914551 236.1862030029297 930.1691474914551 281.15560150146484 907.6844482421875 281.15560150146484
909.7537231445312 233.639404296875 932.2322750091553 233.639404296875 932.2322750091553 278.59650802612305 909.7537231445312 278.59650802612305
914.7560424804688 231.0178680419922 937.3486938476562 231.0178680419922 937.3486938476562 276.2031707763672 914.7560424804688 276.2031707763672
909.4412841796875 230.1775665283203 931.8283061981201 230.1775665283203 931.8283061981201 274.95161056518555 909.4412841796875 274.95161056518555
910.97265625 232.0200958251953 933.2060203552246 232.0200958251953 933.2060203552246 276.48682403564453 910.97265625 276.48682403564453
913.1803588867188 231.91799926757812 935.4853324890137 231.91799926757812 935.4853324890137 276.52794647216797 913.1803588867188 276.52794647216797
914.0789184570312 229.84805297851562 936.4559955596924 229.84805297851562 936.4559955596924 274.6022071838379 914.0789184570312 274.6022071838379
916.9500122070312 228.4547882080078 939.1284332275391 228.4547882080078 939.1284332275391 272.81163024902344 916.9500122070312 272.81163024902344
919.8214721679688 228.4132843017578 941.8818607330322 228.4132843017578 941.8818607330322 272.53406143188477 919.8214721679688 272.53406143188477
926.8658447265625 229.7293701171875 948.7495498657227 229.7293701171875 948.7495498657227 273.4967803955078 926.8658447265625 273.4967803955078
937.3347778320312 227.36611938476562 959.0000267028809 227.36611938476562 959.0000267028809 270.69661712646484 937.3347778320312 270.69661712646484
937.3370971679688 227.84487915039062 959.0000057220459 227.84487915039062 959.0000057220459 271.1706962585449 937.3370971679688 271.1706962585449
937.2361450195312 228.80001831054688 959.0000343322754 228.80001831054688 959.0000343322754 272.32779693603516 937.2361450195312 272.32779693603516
937.6220703125 230.78860473632812 959.0000038146973 230.78860473632812 959.0000038146973 273.54447174072266 937.6220703125 273.54447174072266
937.8771362304688 230.92147827148438 958.9999446868896 230.92147827148438 958.9999446868896 273.1670951843262 937.8771362304688 273.1670951843262
938.1126708984375 228.86181640625 958.9999580383301 228.86181640625 958.9999580383301 270.63639068603516 938.1126708984375 270.63639068603516
902.6940307617188 221.322998046875 923.7333889007568 221.322998046875 923.7333889007568 263.4017143249512 902.6940307617188 263.4017143249512
855.5482177734375 238.2516632080078 876.2021408081055 238.2516632080078 876.2021408081055 279.55950927734375 855.5482177734375 279.55950927734375
835.701171875 231.9397735595703 856.3641719818115 231.9397735595703 856.3641719818115 273.26577377319336 835.701171875 273.26577377319336
823.39501953125 233.4818878173828 843.9918746948242 233.4818878173828 843.9918746948242 274.67559814453125 823.39501953125 274.67559814453125
828.93896484375 233.4952850341797 849.2156410217285 233.4952850341797 849.2156410217285 274.0486373901367 828.93896484375 274.0486373901367
848.3201293945312 233.9296875 868.3118858337402 233.9296875 868.3118858337402 273.91320037841797 848.3201293945312 273.91320037841797
845.3484497070312 233.4999237060547 865.1242618560791 233.4999237060547 865.1242618560791 273.0515480041504 845.3484497070312 273.0515480041504
835.94384765625 235.3809051513672 855.3658866882324 235.3809051513672 855.3658866882324 274.22498321533203 835.94384765625 274.22498321533203
848.1423950195312 232.64346313476562 867.5869274139404 232.64346313476562 867.5869274139404 271.532527923584 848.1423950195312 271.532527923584
848.2097778320312 233.8089141845703 867.7069339752197 233.8089141845703 867.7069339752197 272.80322647094727 848.2097778320312 272.80322647094727
850.6710205078125 233.0531463623047 870.0946655273438 233.0531463623047 870.0946655273438 271.9004364013672 850.6710205078125 271.9004364013672
861.6627197265625 232.035888671875 881.3141708374023 232.035888671875 881.3141708374023 271.3387908935547 861.6627197265625 271.3387908935547
861.0187377929688 232.09689331054688 881.046459197998 232.09689331054688 881.046459197998 272.15233612060547 861.0187377929688 272.15233612060547
861.1611328125 231.05044555664062 881.4168186187744 231.05044555664062 881.4168186187744 271.56181716918945 861.1611328125 271.56181716918945
865.1302490234375 230.6900634765625 885.5617218017578 230.6900634765625 885.5617218017578 271.5530090332031 865.1302490234375 271.5530090332031
